x,y,z,stamp_sec,stamp_nanosec,raw_range,ox,oy,oz,j7
0.1392636608887018,-0.2009448377307748,0.23697811991437967,1790750984,368094403,0.16099999845027924,0.13928881279445815,-0.2184916870780169,0.3970190738804091,-2.7923471927642822
0.139263817112037,-0.20105382459459994,0.23797216513076966,1790750984,417094121,0.1599999964237213,0.13928881279445815,-0.2184916870780169,0.3970190738804091,-2.7923471927642822
0.1392636608887018,-0.2009448377307748,0.23697811991437967,1790750984,467792814,0.16099999845027924,0.13928881279445815,-0.2184916870780169,0.3970190738804091,-2.7923471927642822
0.1392638171120369,-0.2010538245945999,0.23797216513076966,1790750984,516315038,0.1599999964237213,0.13928881279445807,-0.2184916870780168,0.39701907388040913,-2.7923471927642822
0.13926412955637954,-0.20127179669822276,0.23996024075115158,1790750984,568506500,0.15800000727176666,0.1392888127944582,-0.21849168707801697,0.3970190738804091,-2.7923471927642822
0.13926397333537222,-0.20116281145842485,0.23896621034715962,1790750984,615406999,0.1589999943971634,0.13928881279445818,-0.2184916870780167,0.3970190738804091,-2.7923471927642822
0.13926397333537222,-0.20116281145842485,0.23896621034715962,1790750984,665490789,0.1589999943971634,0.13928881279445818,-0.2184916870780167,0.3970190738804091,-2.7923471927642822
0.1392641295563794,-0.20127179669822262,0.23996024075115163,1790750984,716070130,0.15800000727176666,0.13928881279445807,-0.2184916870780168,0.39701907388040913,-2.7923471927642822
0.1376010723652285,-0.20116134418441495,0.23898585624405125,1790750984,768393945,0.1589999943971634,0.13875151899972296,-0.21848926726047307,0.3970346391330991,-2.7994258045871496
0.13590836236824486,-0.2015971422345491,0.24299502233968015,1790750984,815509918,0.1550000011920929,0.1381856056974394,-0.21848720000821084,0.39705520694547247,-2.8068819016258737
0.12932001398772097,-0.20150137572928742,0.24224506310627128,1790750984,865315308,0.15600000321865082,0.1360341106707082,-0.21848387742661735,0.3971725188591195,-2.8352390829930543
0.121688612175364,-0.20143462201871884,0.24176536371785176,1790750984,915970982,0.15700000524520874,0.1335612160072912,-0.21848889572922098,0.397384111539099,-2.8678775379883397
0.11002326707565036,-0.2012266150573909,0.24003331818460924,1790750984,965594843,0.1599999964237213,0.12988122430695498,-0.21851394836586738,0.39785222863982733,-2.9166119087781808
0.09809202848704407,-0.20153006380258334,0.24294595815371087,1790750985,15406585,0.1589999943971634,0.12598660326232866,-0.21856368921947716,0.39855041349339904,-2.9685239287307845
0.08426776179176729,-0.2010638754103473,0.23878903983550506,1790750985,65158502,0.16599999368190765,0.12203555375439144,-0.21863911519428378,0.3994772557668498,-3.0216954281400565
0.07157530600325465,-0.20143287554723338,0.24222423571041984,1790750985,115690712,0.16599999368190765,0.11805504121303768,-0.21874134113718807,0.40064156158149744,-3.0759557938052997
0.059061688535739065,-0.2017665147721746,0.24529397242027512,1790750985,165086998,0.16699999570846558,0.11423510476092057,-0.21886523494373478,0.401986430685391,-3.1288636820223377
0.04911160740813308,-0.20289015347592204,0.25557049982928526,1790750985,215451086,0.16099999845027924,0.11041590887462256,-0.21901567673456154,0.40356627552011626,-3.182783721937109
0.03792881997051427,-0.20356779167950656,0.2617248243304557,1790750985,265441524,0.1599999964237213,0.1067003177289074,-0.21918912523060155,0.4053439521990777,-3.2364428993570704
0.026114688127183983,-0.2041254938577133,0.2667368380989899,1790750985,315706973,0.16099999845027924,0.10305924253756904,-0.2193869239106548,0.40733422001030567,-3.2904233854845124
0.017831661558311507,-0.20529897895854657,0.27739334210547695,1790750985,365602484,0.15600000321865082,0.09957376642175138,-0.21960427476185515,0.40949023006538804,-3.3436635160902357
0.007530863588489395,-0.20606117553097195,0.284225890602389,1790750985,415430661,0.15600000321865082,0.09621153957508916,-0.219842425009835,0.41182610954256216,-3.3967718176481387
-0.00551201536188331,-0.20646708377338516,0.28770946363550476,1790750985,465365922,0.16099999845027924,0.09295446958166134,-0.22010274540965385,0.4143562937403037,-3.450199605136252
-0.012709113525067123,-0.20770186165471627,0.29885180500167674,1790750985,515398221,0.15700000524520874,0.08982463069883997,-0.22038380293676615,0.4170677147081989,-3.503767958981992
-0.020478521640252254,-0.2088038609678742,0.3087402431414557,1790750985,565281713,0.1550000011920929,0.08685610770736571,-0.22068233673313156,0.4199300786744417,-3.5570402821136216
-0.02774599447047177,-0.20995626319064428,0.31907290346041545,1790750985,615841433,0.15299999713897705,0.08400408123749893,-0.22100315552514319,0.422990591432867,-3.611009210969879
-0.03430764767327403,-0.2111332811553599,0.3296221934896481,1790750985,665617980,0.1509999930858612,0.08133949322115991,-0.2213384256379857,0.4261757627709637,-3.664509293615327
-0.043492799739278415,-0.2120978837168569,0.3381234033244828,1790750985,715777669,0.15299999713897705,0.07882333299949844,-0.22169299715665683,0.42953290280038126,-3.718486483624143
-0.051321447544942916,-0.21316526917597825,0.3475709986354912,1790750985,765427900,0.15399999916553497,0.07652638585665791,-0.22205631540788115,0.4329635072905451,-3.7715323407484402
-0.05440064769678278,-0.21455121867154625,0.36005955716817906,1790750985,815344069,0.15000000596046448,0.07440214969790508,-0.22243480765946305,0.436529748720914,-3.8247962273255345
-0.06022683657750616,-0.21573886926810876,0.3706210907114307,1790750985,865193431,0.15000000596046448,0.07247314232006971,-0.22282443619131925,0.44019487981407346,-3.8778727948010117
-0.06824261912171048,-0.21684226181694527,0.38030098283108027,1790750985,915381111,0.15299999713897705,0.07072682428683402,-0.22322788277812056,0.4439854924718597,-3.9312876936337964
-0.07092830097030453,-0.21812638377923155,0.39181685339310385,1790750985,965321521,0.1509999930858612,0.06925319922314516,-0.22362069768844073,0.4476734325052465,-3.982052888604589
-0.07392459470871585,-0.21937721804855326,0.403000692280491,1790750986,15523506,0.15000000596046448,0.06796931417796753,-0.22402005435370098,0.4514213952910895,-4.032633983483597
-0.0722921627408044,-0.22026295370208576,0.4110837170595809,1790750986,65634621,0.1459999978542328,0.06725642654769216,-0.2242752788185213,0.45381651299182113,-4.064506254719242
-0.07209576007179619,-0.22099525901897565,0.41771144488110834,1790750986,115413510,0.14399999380111694,0.06668560779310742,-0.2245043148076086,0.4559660743491907,-4.092852569902433
-0.07645749263442571,-0.2211128885161563,0.4185674072153097,1790750986,165538967,0.14800000190734863,0.06652065047258242,-0.2245757511119847,0.4566365514254115,-4.101648866665034
-0.07770990601799647,-0.22121453531381544,0.41942551885087537,1790750986,215563062,0.14900000393390656,0.06642798918176111,-0.22461709676405875,0.45702460015966784,-4.1067306041999805
-0.07872076031873769,-0.22121091995901854,0.41934460457222844,1790750986,265794418,0.15000000596046448,0.06641399052105877,-0.22462342373331445,0.45708398327405675,-4.107507705688477
-0.07678562646278266,-0.22125642009974297,0.41984779728800486,1790750986,315340000,0.14800000190734863,0.06641399052105877,-0.22462342373331445,0.45708398327405675,-4.107507705688477
-0.07678562646278266,-0.22125642009974297,0.41984779728800486,1790750986,365441180,0.14800000190734863,0.06641399052105877,-0.22462342373331445,0.45708398327405675,-4.107507705688477
-0.07485049260682762,-0.22130192024046738,0.42035099000378134,1790750986,415348690,0.1459999978542328,0.06641399052105877,-0.22462342373331445,0.45708398327405675,-4.107507705688477
-0.07581805953480512,-0.22127917017010518,0.4200993936458931,1790750986,465598972,0.1469999998807907,0.06641399052105877,-0.22462342373331445,0.45708398327405675,-4.107507705688477
-0.07775319339076016,-0.22123367002938074,0.4195962009301166,1790750986,516490342,0.14900000393390656,0.06641399052105877,-0.22462342373331445,0.45708398327405675,-4.107507705688477
-0.07775319339076021,-0.22123367002938069,0.4195962009301165,1790750986,565303854,0.14900000393390656,0.06641399052105872,-0.2246234237333144,0.45708398327405664,-4.107507705688477
-0.07678562646278266,-0.22125642009974297,0.41984779728800486,1790750986,616248697,0.14800000190734863,0.06641399052105877,-0.22462342373331445,0.45708398327405675,-4.107507705688477
-0.07485049260682762,-0.22130192024046738,0.42035099000378134,1790750986,668511299,0.1459999978542328,0.06641399052105877,-0.22462342373331445,0.45708398327405675,-4.107507705688477
-0.07678562646278266,-0.22125642009974297,0.41984779728800486,1790750986,715326537,0.14800000190734863,0.06641399052105877,-0.22462342373331445,0.45708398327405675,-4.107507705688477
-0.07630350318270947,-0.22114665139002662,0.4180390466911251,1790750986,765425948,0.14800000190734863,0.06658068008353553,-0.22464652511261324,0.4564559911406678,-4.09920812395532
-0.07475024890351556,-0.22104184423964227,0.41617088326458196,1790750986,815460237,0.1469999998807907,0.06678474280849958,-0.22467406349933508,0.45571393662774284,-4.089377835198446
-0.07651160229741479,-0.22051650722724148,0.4081016172822364,1790750986,865420952,0.1509999930858612,0.0674970706431152,-0.22476549810469218,0.4533171688807841,-4.057442484693234
-0.07105213688792665,-0.22013809446361812,0.40127223359525965,1790750986,915505742,0.14800000190734863,0.06839354895795934,-0.22487187122968855,0.45063307456332563,-4.021303955908019
-0.06774834542724652,-0.21945011190115488,0.38993853368386544,1790750986,965356262,0.14900000393390656,0.06985054024045158,-0.22502957600939535,0.44682805306640877,-3.969274780015905
-0.06083622081242321,-0.21886760881740294,0.37941408618971195,1790750987,15336505,0.1469999998807907,0.07160240081327823,-0.22520527340455215,0.44288727324076177,-3.914210219911695
-0.05675806598812777,-0.21812805916984276,0.3671867074968109,1790750987,65515036,0.14900000393390656,0.0736172361485544,-0.22539701537701914,0.43895330168053376,-3.857775191502918
-0.052799239881786406,-0.21734907216707136,0.35460130296679315,1790750987,115404769,0.15199999511241913,0.07584237677526427,-0.22560092630373488,0.4351447066777308,-3.8014543531867577
-0.04398036404101138,-0.21687685733874448,0.3450201090006946,1790750987,165339753,0.15000000596046448,0.07827262789504974,-0.2258185675583986,0.431473874500923,-3.7452303414300014
-0.03934859456081083,-0.21607780917004277,0.3322547066265698,1790750987,215565090,0.15399999916553497,0.08091644315059697,-0.22605258777393344,0.427925100370203,-3.688706231361095
-0.02864782198909238,-0.21577516258740664,0.32425310237156796,1790750987,265461332,0.1509999930858612,0.08375385605989155,-0.22630329369549038,0.42453280689383754,-3.6322040099096715
-0.02030422858512651,-0.21524854742015004,0.31401996819229205,1790750987,316100959,0.15199999511241913,0.0868246306416228,-0.22657619738235182,0.4212537799369307,-3.574795894252433
-0.012314906610507353,-0.21470237425768815,0.30377109986923945,1790750987,365359428,0.15399999916553497,0.08997382058812634,-0.22685961234196056,0.41824912218457555,-3.519159361314582
-0.002284455839410199,-0.21435775679818136,0.29534227843234695,1790750987,415405236,0.15399999916553497,0.09333362068995445,-0.22716725240600438,0.41538018913593466,-3.4626682762642274
0.007066261664366219,-0.21390078273662164,0.2858574355889638,1790750987,465409284,0.15600000321865082,0.09685201988100682,-0.22749663627565025,0.4127025040474077,-3.406115729383226
0.017641149795269692,-0.2135837243417468,0.2776440980767101,1790750987,515752891,0.15700000524520874,0.10053897338904509,-0.227850716947767,0.41020881967484357,-3.349158301710237
0.028495108714584785,-0.21333186217107403,0.2701366141495479,1790750987,565203491,0.15800000727176666,0.10428731853517124,-0.22822121288296587,0.40796930426248446,-3.293264498340309
0.04043586862689581,-0.21323995078014019,0.2640169464343548,1790750987,615517181,0.15800000727176666,0.10821874037746057,-0.22862202818645838,0.4059073135837524,-3.236404898204539
0.05181463344880847,-0.21302252833364346,0.2567972994108805,1790750987,665366691,0.1599999964237213,0.11221453523567745,-0.22904334870734722,0.40409015067760334,-3.180159494732568
0.06434554359374153,-0.21307580463847875,0.2520618338300318,1790750987,715271933,0.1599999964237213,0.11630546962251147,-0.2294900889607862,0.40249699000325495,-3.123868050080277
0.07687226429272971,-0.2131027187567806,0.24707306859624126,1790750987,765151731,0.16099999845027924,0.12048426517497443,-0.22996370659864324,0.4011337708179096,-3.067479839253417
0.08918499726030457,-0.21288837879848582,0.2398411537835379,1790750987,815459707,0.16500000655651093,0.12476745375991673,-0.23046824603702862,0.3999968256187154,-3.0105835059910553
0.1034926004977017,-0.2137161571413972,0.24211649151394085,1790750987,865254430,0.1599999964237213,0.12908714244319566,-0.23099808864964336,0.3991077432496203,-2.953928209888078
0.11711254971340843,-0.21420852888144226,0.24125756148962024,1790750987,915610241,0.1589999943971634,0.1334997896500162,-0.23156234735566325,0.39845584891642977,-2.8965716813835694
0.13050338286276345,-0.2145649627071315,0.239200870352555,1790750987,966008162,0.1599999964237213,0.13790583800233486,-0.23215075798021417,0.39805911633969504,-2.839651116932558
0.14374973145969241,-0.21543554979060955,0.24187731280761338,1790750988,15533068,0.15700000524520874,0.14223959880677842,-0.23275541497427077,0.39791174303500254,-2.7837986823323
0.15704805634816543,-0.21618185767878606,0.2433115647557893,1790750988,65575496,0.15600000321865082,0.14665937316222066,-0.23340070706397756,0.39800994060935546,-2.726816495101245
0.17003899899508823,-0.21712112931005462,0.24647429831877646,1790750988,115453359,0.15399999916553497,0.15105488344455087,-0.23407322788410556,0.39835658646879174,-2.669918656098813
0.18371644427421474,-0.21748079871023163,0.24447091809229762,1790750988,165566491,0.15800000727176666,0.15539645413227174,-0.23477037681741333,0.3989476184231703,-2.613331938752554
0.1964197094120828,-0.2184643209126588,0.24809020942808513,1790750988,215342260,0.15700000524520874,0.15965586874130827,-0.23548879405681575,0.3997727363726655,-2.5572308098194743
0.20929301787226723,-0.21943242343494831,0.25149424577173524,1790750988,265261558,0.15700000524520874,0.16391313957313988,-0.23624448334640372,0.40084960367390626,-2.5003999642033294
0.2209459398375264,-0.22080072836355857,0.25842947497012647,1790750988,315200800,0.15399999916553497,0.16810637737146786,-0.23702923148003377,0.4021674868806118,-2.44343987399195
0.23367669037253802,-0.22183167006416657,0.26233103305580807,1790750988,365500193,0.1550000011920929,0.17223836855046512,-0.2378463982485469,0.403730684619794,-2.3861390903685002
0.24531357314384328,-0.2231483319981606,0.26875138151355893,1790750988,415814966,0.15399999916553497,0.17626865390729093,-0.238690362953235,0.4055258094757853,-2.3288338446222006
0.25541872502160823,-0.22472355128853788,0.2774674150512132,1790750988,465476262,0.1509999930858612,0.18015500256807745,-0.23955397041479393,0.4075305868674794,-2.2719846027135358
0.2666148580045169,-0.22608348288133964,0.28422941584613576,1790750988,515618265,0.1509999930858612,0.18395428552746002,-0.24045208928962078,0.4097753071352547,-2.2145357460412347
0.2766419479549207,-0.2275856472454489,0.29230019173946103,1790750988,565223606,0.15000000596046448,0.18755932732427413,-0.24136122246358285,0.4121939864793274,-2.15796720217946
0.28626823335992163,-0.2291668911030917,0.3009875249482768,1790750988,615491787,0.14900000393390656,0.1910581430304756,-0.24230533580685906,0.414844545559783,-2.1006906761989996
0.2953287567286663,-0.23080676042094467,0.31016746284021124,1790750988,665560743,0.14800000190734863,0.194394450072817,-0.2432726092859242,0.41768894402678,-2.0434297337721357
0.30316536390222204,-0.23259727657853965,0.32058447853687044,1790750988,716093119,0.1459999978542328,0.19758666716504994,-0.24427159602043944,0.42074858605191157,-1.985600453763091
0.3085030472910733,-0.2345255732940556,0.33231611074942735,1790750988,765259680,0.1420000046491623,0.20049526606759335,-0.24525800513540463,0.42387557460933534,-1.929700292739945
0.3187338512769292,-0.23600395456644205,0.34011851620125666,1790750988,815369497,0.14499999582767487,0.20326586183103965,-0.24628140582708877,0.427219125837095,-1.872789926059962
0.3252887181051639,-0.23782955500303565,0.35085586388057455,1790750988,865175748,0.14399999380111694,0.205840730060184,-0.24732496980935215,0.43071832981034686,-1.8158051842738285
0.33296222293136657,-0.23958813847578606,0.36098531091688774,1790750988,915374983,0.14499999582767487,0.2082264995627028,-0.24839541407981147,0.43439123712286004,-1.7582909833036136
0.3338936480142334,-0.2418072200177236,0.37487365507799386,1790750988,965737737,0.13899999856948853,0.21040990619588948,-0.24949255582868854,0.4382274294117389,-1.7002786335347504
0.34020769999662237,-0.24363648455583337,0.3855568079389642,1790750989,15623701,0.14000000059604645,0.21234451718459368,-0.25059508843878353,0.4421481896156022,-1.6427579763576792
0.34246749729824827,-0.24536772580683094,0.3960502679106705,1790750989,65392961,0.1379999965429306,0.21381431669093415,-0.2515486260094881,0.44558969299973933,-1.5934837886472837
0.3459730748615457,-0.24697726061046354,0.4056525405337796,1790750989,115275193,0.1379999965429306,0.2150743189001902,-0.25248412238292933,0.44900215653020237,-1.5455515586976947
0.34482082511686396,-0.24797721337968684,0.41183616531544165,1790750989,165576114,0.13500000536441803,0.21569112906889415,-0.25299871671154855,0.45089135128657654,-1.5193535436195735
0.3451533606037869,-0.24874456365055173,0.4164732618005647,1790750989,215511097,0.1340000033378601,0.21616263401260655,-0.2534260481853279,0.45246599788128705,-1.4976788089608322
0.3483020743784656,-0.2487941640449587,0.4165922360596288,1790750989,266721024,0.13699999451637268,0.2162567044542248,-0.2535155008937401,0.4527962103914185,-1.493150596297984
0.3474076555059722,-0.24887021918440058,0.4171052065793202,1790750989,315915594,0.13600000739097595,0.2162818626116356,-0.2535396732624846,0.45288543361590744,-1.4919279489874397
0.34548933174967755,-0.24894491676658073,0.41766732148526536,1790750989,365298962,0.1340000033378601,0.21628552195665007,-0.25354319860811275,0.45289844740567176,-1.49174964427948
0.3474177506812244,-0.24887628555694377,0.4171414827324186,1790750989,415324797,0.13600000739097595,0.21628552195665007,-0.25354319860811275,0.45289844740567176,-1.49174964427948
0.3445251222839042,-0.24897923237139918,0.4179302408616888,1790750989,465501088,0.13300000131130219,0.21628552195665007,-0.25354319860811275,0.45289844740567176,-1.49174964427948
0.34645354121545097,-0.24891060116176225,0.41740440210884194,1790750989,515782332,0.13500000536441803,0.21628552195665007,-0.25354319860811275,0.45289844740567176,-1.49174964427948
0.3435609128181307,-0.24901354797621766,0.41819316023811215,1790750989,565293599,0.13199999928474426,0.21628552195665007,-0.25354319860811275,0.45289844740567176,-1.49174964427948
0.3445251222839042,-0.24897923237139918,0.4179302408616888,1790750989,615963809,0.13300000131130219,0.21628552195665007,-0.25354319860811275,0.45289844740567176,-1.49174964427948
0.34645354121545097,-0.24891060116176225,0.41740440210884194,1790750989,667197959,0.13500000536441803,0.21628552195665007,-0.25354319860811275,0.45289844740567176,-1.49174964427948
0.34645354121545097,-0.24891060116176225,0.41740440210884194,1790750989,719852544,0.13500000536441803,0.21628552195665007,-0.25354319860811275,0.45289844740567176,-1.49174964427948
0.3498793999462968,-0.24868805346856293,0.4148031725721796,1790750989,765411727,0.13899999856948853,0.21613212677111596,-0.2535659858626121,0.45233812023539666,-1.4991807813030082
0.3464678857675741,-0.24869434652333158,0.4137839568051296,1790750989,815564490,0.13600000739097595,0.21594260904798254,-0.25359352722774037,0.451667359187243,-1.5080966537903824
0.34254398912266376,-0.2484230365476687,0.40785949891856654,1790750989,865430333,0.1340000033378601,0.21521161019429796,-0.2536956206609663,0.4492680249459174,-1.5401790635188626
0.33811527679929604,-0.2481262369941964,0.4012005101567674,1790750989,915778513,0.13199999928474426,0.21427985089481946,-0.25381662450952636,0.44654812963292906,-1.5769534601422646
0.33931347071238377,-0.24728918105369915,0.38806536574457384,1790750989,965668246,0.1379999965429306,0.21269079865565732,-0.25400447329798215,0.44252271435004153,-1.6323136730025851
0.33566734545396365,-0.24659474364194198,0.3755740242190376,1790750990,16215677,0.14000000059604645,0.2107411340688733,-0.2542187826430989,0.4383061205108847,-1.691736250303042
0.32951583519368716,-0.24604203294064778,0.36424155638245564,1790750990,65200598,0.14000000059604645,0.20855222224039702,-0.25444891298491784,0.43422104534958716,-1.751022236709918
0.3240953293473883,-0.2453858389254779,0.35178097869040065,1790750990,115797132,0.1420000046491623,0.20603013370584983,-0.2547054658475491,0.43012480711690004,-1.8125543694334088
0.31804500021800275,-0.24477483160517696,0.3398334874039525,1790750990,165284093,0.14399999380111694,0.2033342137451157,-0.2549757398862218,0.4262821724820678,-1.87261864686985
0.30654864081786093,-0.2446501718781872,0.331926914295978,1790750990,215433178,0.14000000059604645,0.20037507762689014,-0.25527010606136424,0.42256019540270456,-1.9334653146824086
0.3003525515954516,-0.2439768320321215,0.3192206432574023,1790750990,266399002,0.14399999380111694,0.19714869145351216,-0.25559235630184673,0.41897053580102434,-1.9952569876819928
0.2880813125907131,-0.2438181426194162,0.310173108762467,1790750990,322895022,0.1420000046491623,0.19332414660782937,-0.2559778638151532,0.41523129262120445,-2.063744516779623
0.27869758269855893,-0.24362275381788917,0.3021974738319691,1790750990,369569824,0.1420000046491623,0.19001381529719252,-0.25631755694257885,0.4123702140787644,-2.119802016382879
0.26983628165948015,-0.2431026984079357,0.29055032072561127,1790750990,422491948,0.1459999978542328,0.18607672935893238,-0.2567292138653172,0.40935543361364113,-2.183343023015972
0.2589044782697617,-0.24293014691795062,0.28215225927412746,1790750990,473071269,0.1469999998807907,0.1821079623240126,-0.2571553027969697,0.4066871541581092,-2.2446694552928204
0.24755114602273096,-0.24273418942880484,0.27334376619633616,1790750990,525043136,0.14900000393390656,0.17786755248463662,-0.2576230736661667,0.4042006310911068,-2.307719552577386
0.2371079842023326,-0.24250425961810873,0.2648256436004917,1790750990,571984376,0.15199999511241913,0.173870240614057,-0.2580781928826503,0.4021662381190482,-2.3652998841650428
0.22407114175459614,-0.24286382071792648,0.2614228482272238,1790750990,619490035,0.15000000596046448,0.16971431864178044,-0.25856586333424236,0.4003429095103115,-2.4235776521996737
0.21229473976652696,-0.24268518412577753,0.2529755574026406,1790750990,670859723,0.15399999916553497,0.1652896760129592,-0.2591036035266428,0.39870461843332555,-2.484224161114582
0.19754584863470395,-0.24365890861100375,0.2548725972761472,1790750990,721624961,0.14800000190734863,0.16085203496104544,-0.2596624450125294,0.39735575917713495,-2.5438687856154583
0.185473738196768,-0.2438389813253524,0.25004530684615756,1790750990,765509531,0.15000000596046448,0.1565734029306848,-0.2602218327706433,0.3963203033020416,-2.6005357722341245
0.17102987845773937,-0.24386230530932135,0.24259884480979405,1790750990,816490808,0.1550000011920929,0.15143986025688316,-0.260920543555143,0.39540672439847135,-2.6677014117796083
0.1575602768781184,-0.24466455234098655,0.2431996340153102,1790750990,865587498,0.15299999713897705,0.14699885426359394,-0.2615517094936616,0.39489762147785124,-2.7253464334340087
0.14412735501236307,-0.2447915368293997,0.23761442454631612,1790750990,916470756,0.15800000727176666,0.1424666402455104,-0.2622226255849913,0.3946411785379088,-2.7839277053458296
0.129399083731149,-0.24572903258418366,0.2388262596307839,1790750990,965502491,0.15700000524520874,0.13760566843433436,-0.26297541829292453,0.394660196225129,-2.8467355171040443
0.11378040633955792,-0.24648850411749898,0.23806599073400606,1790750991,15614244,0.1589999943971634,0.13252389656120867,-0.2638015132512195,0.39500527678866026,-2.912607240365434
0.09894125457456457,-0.24741778349967836,0.23919598879331438,1790750991,65403317,0.1599999964237213,0.12772322856359516,-0.2646229119481556,0.3956427221691091,-2.97532194099247
0.08529761214570955,-0.2489845538299935,0.24609710214108263,1790750991,115793063,0.15600000321865082,0.12295801385144349,-0.26548092687759034,0.396581535966832,-3.038278734866879
0.07062744936396338,-0.2500058988996935,0.24806231062664985,1790750991,166111613,0.15800000727176666,0.11829227443295663,-0.266367502757997,0.39780998061922285,-3.1009071692229186
0.05610925201836255,-0.25112192012671875,0.2509339733482969,1790750991,216055410,0.1599999964237213,0.11375361725965008,-0.26727846535628225,0.39931217948978165,-3.1630283810666313
0.043823923154227715,-0.25282702278905295,0.2592410131186894,1790750991,265627724,0.15700000524520874,0.10933935727827931,-0.26821700005970933,0.4010855693700356,-3.224929997402184
0.030309117000174454,-0.2543808185722897,0.26585244564045196,1790750991,317195930,0.15700000524520874,0.10487488664960606,-0.26922536590405416,0.40321542121283277,-3.2893658188206527
0.01851009533640538,-0.25602245315434013,0.2737166821454028,1790750991,365669542,0.15600000321865082,0.10080419490203124,-0.2702052444051639,0.40548363784081787,-3.350152809165255
0.0075263880654852094,-0.2578688834963172,0.28327955841383057,1790750991,415471199,0.15399999916553497,0.09677595258281381,-0.27124012052011676,0.4080662764446584,-3.412639052247922
-0.005270535202453117,-0.25945131298203306,0.2903599888272245,1790750991,465511071,0.15600000321865082,0.09291641771663003,-0.2723041864844971,0.4109009649449517,-3.47525552147962
-0.01502101245044725,-0.26144612724686334,0.30126858457464656,1790750991,515772575,0.15399999916553497,0.08923281015868112,-0.2733981072123451,0.41398189518734163,-3.538117095706163
-0.02387908423439225,-0.26347557902082475,0.3125888481546954,1790750991,565201378,0.15199999511241913,0.08578743930956635,-0.2745064759371264,0.4172577138272522,-3.600425286274648
-0.035203215407803135,-0.2653292410042058,0.32203727896259304,1790750991,615769068,0.15399999916553497,0.08248153839285932,-0.2756650996815787,0.42082730118783407,-3.664257748735394
-0.042631918112275236,-0.2674848959122393,0.33448849712619977,1790750991,665428169,0.15199999511241913,0.07945997185085675,-0.2768286373983606,0.42454549804476494,-3.7271850360797467
-0.050118150153454236,-0.2696446857424314,0.34688230388222824,1790750991,715670895,0.1509999930858612,0.07665045061093305,-0.2780263722907351,0.42849398872438493,-3.7908944817978965
-0.053274793568661744,-0.27204524699158006,0.36163271607381886,1790750991,765765628,0.1459999978542328,0.07410341094241077,-0.27924490393964346,0.4326183296078412,-3.8546822767364373
-0.0607006324896837,-0.2741577290300089,0.37361203183358205,1790750991,815515248,0.1469999998807907,0.07184300105568055,-0.2804720638844613,0.4368679750080421,-3.918076501379634
-0.0632266297750197,-0.27628589068398196,0.3865302933129318,1790750991,865154303,0.14399999380111694,0.07001368964443286,-0.28160863737174413,0.4408872971249696,-3.9762762981194526
-0.0668168397040195,-0.2783427971931348,0.3987544132195283,1790750991,915580854,0.14300000667572021,0.0684263005289405,-0.2827541388703182,0.44500195362754447,-4.0344399516312555
-0.06625316572255206,-0.2796116999532581,0.4066352931870607,1790750991,965263214,0.14000000059604645,0.067615347430401,-0.28342519418160417,0.4474357664058974,-4.068288432693821
-0.06711649155087597,-0.28069124534338963,0.4131237561642278,1790750992,16058915,0.13899999856948853,0.0669628882787781,-0.2840261464859674,0.44962852217063304,-4.09848541320371
-0.06752826684612503,-0.28094672546081967,0.41463096614266937,1790750992,65342051,0.13899999856948853,0.066815153023079,-0.28417194029254794,0.45016184186300257,-4.105791409962139
-0.0706312709306429,-0.28100558462254793,0.4146255186784741,1790750992,115375099,0.1420000046491623,0.06674312399941441,-0.28424459455936874,0.4504275542713273,-4.109426211061545
-0.06775967344566908,-0.28109363465139686,0.41549767648900204,1790750992,165334831,0.13899999856948853,0.06673211228297665,-0.28425579209747015,0.4504685205469326,-4.109986305236816
-0.0735650716753464,-0.2809571387075001,0.4139881443262434,1790750992,215600325,0.14499999582767487,0.06673211228297665,-0.28425579209747015,0.4504685205469326,-4.109986305236816
-0.07162994854403334,-0.2810026371294714,0.41449131921451937,1790750992,265635512,0.14300000667572021,0.06673211228297665,-0.28425579209747015,0.4504685205469326,-4.109986305236816
-0.06969481099485123,-0.2810481358904341,0.4149944978517607,1790750992,315490114,0.14100000262260437,0.06673211228297665,-0.28425579209747015,0.4504685205469326,-4.109986305236816
-0.07259750290075534,-0.28097988808798147,0.4142397336448641,1790750992,365246475,0.14399999380111694,0.06673211228297665,-0.28425579209747015,0.4504685205469326,-4.109986305236816
-0.06872724222026017,-0.2810708852709155,0.41524608717038136,1790750992,416761718,0.14000000059604645,0.06673211228297665,-0.28425579209747015,0.4504685205469326,-4.109986305236816
-0.07162994854403329,-0.28100263712947143,0.41449131921451937,1790750992,468166072,0.14300000667572021,0.06673211228297671,-0.2842557920974702,0.4504685205469326,-4.109986305236816
-0.06872724222026017,-0.2810708852709155,0.41524608717038136,1790750992,516689406,0.14000000059604645,0.06673211228297665,-0.28425579209747015,0.4504685205469326,-4.109986305236816
-0.07011046454569805,-0.2809045671597201,0.41267795925239803,1790750992,565724011,0.1420000046491623,0.06692819478922224,-0.2842845471288417,0.44973174318141296,-4.100240783885658
-0.06848305210024871,-0.2807900841575505,0.41056100937630263,1790750992,615216777,0.14100000262260437,0.06716448360508565,-0.2843181394875657,0.448879407336458,-4.088935462833927
-0.06514217433995374,-0.2803663065665679,0.40303157410882245,1790750992,665617597,0.14000000059604645,0.06801623261469868,-0.2844323271270539,0.44607000229798727,-4.051413775537796
-0.06213698383933358,-0.27987526395230644,0.3944150115271346,1790750992,715587690,0.14000000059604645,0.06909099773893909,-0.28456409577329606,0.4429663438872256,-4.009437964060778
-0.05805562539461008,-0.2791449861793111,0.3817482039189364,1790750992,765142985,0.14100000262260437,0.07087560265243685,-0.2847619940692845,0.43854774965848253,-3.9485329014144606
-0.05274008368017369,-0.278388133026297,0.36843858529777496,1790750992,815404164,0.1420000046491623,0.07307847344949314,-0.2849871798406508,0.4339377805852962,-3.8832321267803223
-0.046413687505955856,-0.27765222054066047,0.3552468977250817,1790750992,865229590,0.14300000667572021,0.07561686833131227,-0.28523291858296873,0.4294094109544401,-3.8168765275746797
-0.038279237586645906,-0.27700840393147,0.3428830040017383,1790750992,915385815,0.14300000667572021,0.07847792135979288,-0.2855004427744802,0.4250088404985489,-3.7497746614405156
-0.03022614424737788,-0.27636503159484505,0.3306073270552055,1790750992,965161481,0.14399999380111694,0.08158450622968359,-0.2857853315341405,0.4208604965489791,-3.6835091815734184
-0.02124575851908625,-0.2757698854992612,0.31874033395414386,1790750993,15426864,0.14499999582767487,0.0849850077235105,-0.2860957859873346,0.41689021359058,-3.616651796223643
-0.0121946026961426,-0.2751600547790137,0.30678703483280934,1790750993,65261920,0.1469999998807907,0.08861867021748915,-0.28642914555526755,0.41317637434796295,-3.550185295751075
0.0016805650750399415,-0.2750925127939888,0.2998610473141601,1790750993,115668331,0.14300000667572021,0.09253330504215998,-0.2867936454154591,0.40966935776968827,-3.4829224650193793
0.011659985005632395,-0.2745408990137258,0.28841104894387254,1790750993,165417951,0.1459999978542328,0.0966579372684095,-0.28718572516373875,0.4064426373268414,-3.415884515204999
0.023752216368438786,-0.27422936821196786,0.27913704233008263,1790750993,215652583,0.1469999998807907,0.10103536560433388,-0.28761346563518114,0.40346395311491945,-3.3480665822940634
0.038319194484045374,-0.27438381246511084,0.2742107146315004,1790750993,265551834,0.14399999380111694,0.10558365168015531,-0.28807200780207826,0.40079714487286333,-3.2805112186296554
0.05063170129775473,-0.27406602733873975,0.26487764953334936,1790750993,315678002,0.1469999998807907,0.11031990012066577,-0.28856710820354164,0.39842927827662444,-3.212614858459
0.06469882117494236,-0.2741348108554488,0.2591478392383845,1790750993,365448520,0.1469999998807907,0.1151793784208225,-0.28909504785760437,0.3963954425469204,-3.1450382388451863
0.07944993104369706,-0.27441376546794144,0.25531286179913415,1790750993,415379355,0.1459999978542328,0.12017738503267993,-0.2896614624998571,0.39468567693979983,-3.077214336813249
0.09407304406282457,-0.2744929415219271,0.24950563957652713,1790750993,465515190,0.14800000190734863,0.1253982593908709,-0.2902800214093957,0.3932884603787823,-3.0077821861415575
0.1095744324802022,-0.275004249309151,0.24765432926412365,1790750993,515288449,0.1469999998807907,0.13067856212192555,-0.2909364021935574,0.39225648063638263,-2.938588303066967
0.12456683428646885,-0.2749745432857333,0.24093979567172985,1790750993,565256811,0.15199999511241913,0.13598720171166365,-0.2916295507734749,0.3915923245175221,-2.8697363156752727
0.14048745642522265,-0.2761619526138425,0.24518968658092316,1790750993,615621157,0.1469999998807907,0.14135557495146583,-0.29236793614653883,0.3912910638260225,-2.8004522643135057
0.1560243908715874,-0.2770331471330102,0.24655005888577336,1790750993,665980976,0.1459999978542328,0.14674451219501422,-0.29314988776862766,0.39136074183585234,-2.7309515731015606
0.17115035345430793,-0.27801114518868736,0.24894610567612818,1790750993,715644076,0.14499999582767487,0.15203729161608293,-0.2939621641587966,0.39179306802048164,-2.662373533334068
0.18693875272128035,-0.27879889714576594,0.24950053489678364,1790750993,765947904,0.1469999998807907,0.15740013307895537,-0.29483407387106786,0.39260659005157733,-2.592263354907741
0.20249292812769343,-0.27968973032679123,0.25110752334975106,1790750993,815229678,0.14900000393390656,0.16258675629550373,-0.2957301954012031,0.39376516283043395,-2.523467491511131
0.21700780857307328,-0.28115323220590016,0.25767122074477844,1790750993,865227355,0.1469999998807907,0.1677858793640294,-0.29668649996307855,0.3953117643454056,-2.453179669605439
0.23174217365853017,-0.28252423015648354,0.26338278428082273,1790750993,915350107,0.1469999998807907,0.1728744692251441,-0.2976872673766787,0.3972247643990014,-2.3826226685113587
0.24474648725530201,-0.2843228928781708,0.2728083829565157,1790750993,965635379,0.14399999380111694,0.17784840441290659,-0.2987361120645102,0.39950843757142207,-2.3115100111435587
0.2577612818706893,-0.2860029972448852,0.2812462141137237,1790750994,15336452,0.14300000667572021,0.18258815001747772,-0.2998123127262685,0.40210689821972784,-2.2411640133442785
0.2702432824847921,-0.2878030347083179,0.2906458981695999,1790750994,65244035,0.1420000046491623,0.18718436919793857,-0.30093986923559657,0.405068980729772,-2.1699220717553933
0.2833138223601071,-0.2895329466551457,0.2993979621457141,1790750994,115378028,0.14300000667572021,0.1915748531159614,-0.30211106875279525,0.4083693082683272,-2.0982436928347004
0.2923271612222279,-0.29179259227404547,0.3127077339665617,1790750994,165283149,0.13899999856948853,0.19572344257718666,-0.3033207462008958,0.4119842307485613,-2.0263534916387873
0.30244075527620523,-0.2938818893821845,0.3244962073526506,1790750994,215391086,0.1379999965429306,0.19961264107748278,-0.3045705981706181,0.41590807463813717,-1.9540629268134886
0.31170184378028537,-0.2960656202373437,0.33702808565031606,1790750994,265629413,0.13699999451637268,0.20323152103231426,-0.30586295551130377,0.42013765069530196,-1.8811467501634564
0.3207390100458489,-0.29823653671667244,0.3494947904548025,1790750994,315436218,0.13699999451637268,0.20649878659036494,-0.30717468651319696,0.4245832670710058,-1.808776877072328
0.328915121948951,-0.3005020607820624,0.36270897752348785,1790750994,365773064,0.13699999451637268,0.20945614327097362,-0.3085248258200089,0.429298662549373,-1.7356939390877402
0.3341881934103007,-0.30290475358201885,0.37713310873017736,1790750994,415421109,0.13500000536441803,0.21201699818164305,-0.30987968467571303,0.43414671097588997,-1.6636211214238432
0.3364011303789796,-0.30495636454267955,0.3895974699447392,1790750994,465197006,0.13199999928474426,0.21384032220544988,-0.3110052813529138,0.4382416753185203,-1.6046467681191068
0.3377230972315906,-0.30696541879140027,0.40176644214434637,1790750994,516025180,0.1289999932050705,0.21538099744864542,-0.3121194662609561,0.4423477760589638,-1.5469071290600613
0.33943829382227564,-0.3078597538018294,0.40707792393400677,1790750994,565376074,0.1289999932050705,0.216023839735756,-0.3126495172877641,0.4443194187372954,-1.5195965142832057
0.34174948763094043,-0.30859324612472233,0.4113843790862793,1790750994,616661983,0.12999999523162842,0.21652874644050066,-0.31310374946414515,0.446017024026644,-1.4962676038315363
0.3419290232588909,-0.3087009877302769,0.4120250097498605,1790750994,665447660,0.12999999523162842,0.21659566983258838,-0.31316736420535146,0.4462536638327171,-1.4930273794962392
0.34291331627650784,-0.3086792149244653,0.4118340611954381,1790750994,715476819,0.13099999725818634,0.21660318245377197,-0.31317495734984835,0.4462802173724631,-1.4926630414789412
0.33905956831007666,-0.30881840161192176,0.4128967649463811,1790750994,766019963,0.12700000405311584,0.21660433717199593,-0.31317612537520717,0.44628430214237036,-1.4926069974899292
0.34098798662551094,-0.3087497764152632,0.4123709798277087,1790750994,815682044,0.1289999932050705,0.21660433717199593,-0.31317612537520717,0.44628430214237036,-1.4926069974899292
0.341952202967185,-0.3087154635612836,0.4121080853096597,1790750994,865371775,0.12999999523162842,0.2166043371719958,-0.313176125375207,0.44628430214237036,-1.4926069974899292
0.3400237846517508,-0.30878408875794233,0.4126338704283321,1790750994,915417693,0.12800000607967377,0.21660433717199593,-0.31317612537520717,0.44628430214237036,-1.4926069974899292
0.3409879866255109,-0.3087497764152633,0.4123709798277088,1790750994,965229035,0.1289999932050705,0.21660433717199587,-0.3131761253752073,0.4462843021423704,-1.4926069974899292
0.341952202967185,-0.30871546356128365,0.4121080853096597,1790750995,15537399,0.12999999523162842,0.21660433717199576,-0.31317612537520706,0.44628430214237036,-1.4926069974899292
0.3371311356267283,-0.3088870273198807,0.4134225539824792,1790750995,67694637,0.125,0.21660433717199593,-0.31317612537520717,0.44628430214237036,-1.4926069974899292
0.3400237846517507,-0.3087840887579421,0.4126338704283321,1790750995,115645753,0.12800000607967377,0.21660433717199581,-0.31317612537520695,0.44628430214237036,-1.4926069974899292
0.34048055312387604,-0.30865794097871085,0.41055030462861786,1790750995,165213122,0.1289999932050705,0.21641502435749801,-0.3132077345528986,0.44559373764051813,-1.5017598243651518
0.3408043829224645,-0.3085114389349184,0.4080763283926299,1790750995,215678496,0.12999999523162842,0.21617808617527862,-0.3132461942305838,0.4447623885735207,-1.5128100083467044
0.33645799753291833,-0.3082074591355218,0.4009793580846643,1790750995,265274596,0.12800000607967377,0.21526630087351453,-0.31338647929041435,0.4418419567226216,-1.5519215815589102
0.3342592187007147,-0.3077484736263914,0.39201418660060455,1790750995,315409367,0.1289999932050705,0.21408990253839635,-0.3135521114484363,0.4385614903680576,-1.5964789869130882
0.3279020219434788,-0.30720121320562094,0.37971111345816017,1790750995,365348756,0.12800000607967377,0.21204852584604983,-0.31381059138349054,0.4337322678192198,-1.6635332566494347
0.32384360344665203,-0.30644821955876156,0.36523963823588523,1790750995,415317544,0.13099999725818634,0.20953387170632565,-0.3141040490689817,0.4287665835867353,-1.734730557523419
0.3192873800754403,-0.3056396222696975,0.35005156648453095,1790750995,465304202,0.13500000536441803,0.20660300732322773,-0.31442914304941566,0.42387553217519414,-1.8076887230180907
0.3102034817942941,-0.30513339150277174,0.3373004291568402,1790750995,515562954,0.13500000536441803,0.20329214606882975,-0.31478460350466814,0.41916508483121784,-1.8813712936600702
0.30189351508162876,-0.3045613490574201,0.32413892528358734,1790750995,565318842,0.13699999451637268,0.1997210408627702,-0.31516207493754417,0.41478884872700394,-1.95369488325437
0.29036303223393195,-0.3042985997948299,0.31354384728784107,1790750995,615626762,0.13600000739097595,0.1958083379851151,-0.31557461846856405,0.4106430914081115,-2.026705447679711
0.2801518229242087,-0.3038770850345334,0.30163888030103264,1790750995,665461706,0.1379999965429306,0.19163964610379963,-0.3160172377538828,0.4068159229116346,-2.0992355526209985
0.27006661906358737,-0.3033493258300218,0.2887317735456019,1790750995,715634977,0.1420000046491623,0.1871751162866849,-0.31649895261593447,0.4032747235824335,-2.172295766641424
0.25596560813869096,-0.30347421951077597,0.2816802917552578,1790750995,765310707,0.14000000059604645,0.18257018266610547,-0.31700672047920947,0.4001285213922199,-2.2438611703799607
0.24233072792604474,-0.3035218955534824,0.27389455410307634,1790750995,815509570,0.14000000059604645,0.17771388059471585,-0.3175573278041431,0.39729499919704614,-2.3160423214743147
0.2303167981894431,-0.30316281960221303,0.26261301341461857,1790750995,865423904,0.14499999582767487,0.17272901410966937,-0.31814046998433176,0.39484128536822954,-2.3874435041344424
0.21424766817659313,-0.3038443294381252,0.26053106984834884,1790750995,915300358,0.14100000262260437,0.1675949935165283,-0.31876293743962564,0.3927504474823936,-2.4587239893470656
0.20011074800079182,-0.3040075266525022,0.25397271709971725,1790750995,965267867,0.14300000667572021,0.16239714189009108,-0.3194173696501654,0.39104650220164805,-2.529143936443348
0.18581159528928312,-0.30406274424029645,0.24643814689918267,1790750996,15346637,0.1469999998807907,0.1570988502710509,-0.32011255025691177,0.38971055165773855,-2.5995372296845587
0.17022714360137664,-0.3045644128546492,0.24281424866454793,1790750996,65712409,0.14800000190734863,0.15167919765209156,-0.3208548688960817,0.3887409265120195,-2.670561219354296
0.15432532875477128,-0.30551430900882415,0.2432761030526814,1790750996,115637724,0.1459999978542328,0.1462541270875687,-0.32163322591264504,0.38815893707704413,-2.7410052824202595
0.13889642508455263,-0.3063479878045686,0.24286093854516488,1790750996,165041711,0.1459999978542328,0.14090749875164632,-0.32243725592165134,0.3879577696876751,-2.8101839495995833
0.1230747144468527,-0.30709600372702023,0.24154287446742453,1790750996,215284880,0.14800000190734863,0.13548144514924096,-0.3232952643346326,0.3881295640187623,-2.8804427683696017
0.1075871151809761,-0.3082877406461534,0.24428503332982746,1790750996,265227973,0.1469999998807907,0.1301095103476687,-0.32418987880833483,0.38867638931341364,-2.9504352744445193
0.09195381056873132,-0.3095075636477709,0.24716374643419833,1790750996,315900747,0.1469999998807907,0.12471488255030559,-0.3251395146943061,0.3896114710002626,-3.0214810442006295
0.07732160893962867,-0.3109073592698288,0.25195309476999195,1790750996,365489745,0.1459999978542328,0.11956719895253362,-0.3260984272079622,0.3908794815825645,-3.0903861875712066
0.06227756708070694,-0.3122238771679872,0.255901473237352,1790750996,415640978,0.1469999998807907,0.1144757614878286,-0.3271051198244981,0.3925136874884461,-3.1599631434071953
0.04806408366463268,-0.3137344437581233,0.26173786604949356,1790750996,465358801,0.1469999998807907,0.10957248161149705,-0.32813615650321776,0.39447183915724926,-3.228775269884719
0.03418398636214115,-0.3153623692722671,0.2685885815322942,1790750996,515501839,0.1469999998807907,0.10478296213078028,-0.32921153092501065,0.39677978757579685,-3.2981463276236873
0.022080853610577808,-0.3172449479164416,0.27793947027949406,1790750996,565546887,0.14499999582767487,0.10023604495058898,-0.33030445581492307,0.3993734610320073,-3.366559010392668
0.01018920030575797,-0.3191154236992154,0.2871998484518065,1790750996,615628240,0.14399999380111694,0.09588876318654665,-0.3314279545890682,0.40226498096313634,-3.4348710891759113
-0.001015323533185522,-0.3210680823059899,0.2972333729289205,1790750996,665631704,0.14300000667572021,0.09174480930741542,-0.3325840294676221,0.4054551019190849,-3.503399743722298
-0.012813689622397803,-0.3229373369400031,0.3065053032550766,1790750996,715445268,0.14399999380111694,0.08784568121542818,-0.3337654694738591,0.4089086275325823,-3.571727319561727
-0.01872273944271763,-0.325370295577554,0.32119276085781245,1790750996,765251350,0.1379999965429306,0.08421550869002868,-0.3349666564379834,0.41260187405472754,-3.639756940970836
-0.028952889116646424,-0.3273756503645615,0.3317578320098181,1790750996,815526288,0.13899999856948853,0.08082245128704926,-0.336203021533956,0.4165661556567827,-3.7083736664762115
-0.03917420327572978,-0.3293673557465136,0.34231951661547827,1790750996,865401010,0.14100000262260437,0.07776051574843137,-0.33744271388126423,0.4206908175955592,-3.7760062846288736
-0.04528982447017221,-0.3316532419867319,0.35569932774516033,1790750996,915528364,0.13899999856948853,0.07497956424549468,-0.33870729919175513,0.4250283549792554,-3.843901632864299
-0.050334717128502224,-0.3339333885311628,0.3691922652120809,1790750996,965455586,0.13699999451637268,0.07253397380339137,-0.3399714674910165,0.4294900669020557,-3.9110068355476377
-0.056222010709422995,-0.3361430941036888,0.38204408749211777,1790750997,15204178,0.13699999451637268,0.07040790593645448,-0.3412439646395166,0.4340810342465249,-3.977779690867953
-0.05914067514198017,-0.3378673346918435,0.39231148202037247,1790750997,65264401,0.13600000739097595,0.06901264275317766,-0.3422138377675037,0.4376307608520289,-4.028143707033331
-0.060374377605925664,-0.33952177934954647,0.4023368792913103,1790750997,115573459,0.1340000033378601,0.06786886141435981,-0.3431307104213837,0.44102341644121784,-4.075440053357868
-0.06062493543631339,-0.3402406631618556,0.40670892881682913,1790750997,165239254,0.13300000131130219,0.06742348172702717,-0.34352999914207694,0.4425109326654788,-4.095956164548354
-0.06343290558252175,-0.34073017695062335,0.40936831838293747,1790750997,215448283,0.13500000536441803,0.06710093397155507,-0.34383873225368894,0.443664893482956,-4.111789624359598
-0.05970140497503848,-0.3409090080281993,0.4108963562356156,1790750997,266454189,0.13099999725818634,0.0670501914776711,-0.3438890210845152,0.44385317040990235,-4.11436653137207
-0.06260411923400938,-0.34084076331466057,0.4101416184878378,1790750997,316226179,0.1340000033378601,0.0670501914776711,-0.3438890210845152,0.44385317040990235,-4.11436653137207
-0.061636547814352405,-0.3408635115525068,0.4103931977370971,1790750997,365461248,0.13300000131130219,0.0670501914776711,-0.3438890210845152,0.44385317040990235,-4.11436653137207
-0.06647439049472875,-0.3407497707022501,0.40913530523961616,1790750997,415363748,0.1379999965429306,0.0670501914776711,-0.3438890210845152,0.44385317040990235,-4.11436653137207
-0.06357169065366633,-0.34081801507681425,0.4098900392385785,1790750997,465326971,0.13500000536441803,0.06705019147767113,-0.34388902108451513,0.44385317040990224,-4.11436653137207
-0.061636547814352405,-0.3408635115525068,0.4103931977370971,1790750997,515800261,0.13300000131130219,0.0670501914776711,-0.3438890210845152,0.44385317040990235,-4.11436653137207
-0.06163654781435243,-0.34086351155250677,0.41039319773709715,1790750997,570239867,0.13300000131130219,0.0670501914776711,-0.3438890210845152,0.44385317040990235,-4.11436653137207
-0.06357169065366633,-0.34081801507681436,0.4098900392385786,1790750997,615325370,0.13500000536441803,0.0670501914776711,-0.3438890210845152,0.44385317040990235,-4.11436653137207
-0.05824075187902483,-0.340833870208431,0.4093001272395628,1790750997,665406529,0.12999999523162842,0.06723551793463836,-0.3439206802014346,0.44315534955369473,-4.105173400383685
-0.059560799327819075,-0.3406689030655955,0.40658061919082983,1790750997,715335927,0.13199999928474426,0.06746264353226328,-0.34395829420964763,0.4423328873852439,-4.094309248497563
-0.05835790980638929,-0.340262432421965,0.39915601313179794,1790750997,765929182,0.13300000131130219,0.06826388547437075,-0.34408322600108276,0.4396692559680541,-4.058893151950144
-0.056618931733271066,-0.3398180223424145,0.39102224273386516,1790750997,815555328,0.1340000033378601,0.06925384148698466,-0.34422422180779616,0.43676752951468945,-4.019854487152155
-0.05299144554073196,-0.33918137191935166,0.37922860575072825,1790750997,865410984,0.13500000536441803,0.07092391472496912,-0.3444386322165631,0.43254226397056694,-3.9619920121754824
-0.04812806410540725,-0.33850677462887424,0.3665531201046734,1790750997,916884357,0.13600000739097595,0.07302578998897914,-0.3446849594282603,0.42803137382911066,-3.898600022659995
-0.04198432654617863,-0.33794357437502476,0.35534932629552196,1790750997,965272975,0.13600000739097595,0.07525910668604079,-0.344929228065706,0.4239144779163089,-3.838935767318272
-0.03490692159678131,-0.3374004852598795,0.3441185985699299,1790750998,15525172,0.13600000739097595,0.07783007113318412,-0.34519793476205496,0.41978610984002684,-3.776962682290292
-0.028010132872859764,-0.33684330755326736,0.332835186644555,1790750998,65261291,0.13699999451637268,0.08062444320764177,-0.3454790602405376,0.41585898535805754,-3.7155438060048063
-0.017992036611346338,-0.33652497876629733,0.32374576826659107,1790750998,115794416,0.13500000536441803,0.08370160925571725,-0.3457833246006369,0.4120502804450122,-3.6531254175191497
-0.011988658862345986,-0.33584814011727276,0.311408094888555,1790750998,165387829,0.13899999856948853,0.0869322727284039,-0.3460986723029578,0.408519245048803,-3.5921123792985052
-0.0029601776491977455,-0.3354233799270426,0.3014189674237096,1790750998,215531498,0.14000000059604645,0.0904048410708126,-0.34643858163956914,0.40515728617593094,-3.5304657952323537
0.005920840596597338,-0.3349729146807927,0.2913228191707767,1790750998,265282709,0.1420000046491623,0.09401444567389307,-0.3467935022665819,0.4020648246338089,-3.469834842258285
0.017829670041476647,-0.33492144211375113,0.2849391619982621,1790750998,315333608,0.14000000059604645,0.09781762794809562,-0.34717352890365116,0.39918369414800964,-3.408938246465022
0.02800260774889421,-0.3345881721380868,0.2759105090083697,1790750998,365512156,0.1420000046491623,0.10181589700766884,-0.34757963119113056,0.396520714384348,-3.347613094529318
0.04022638295471269,-0.3346008358174473,0.27009260888625397,1790750998,415690973,0.14100000262260437,0.10596907437776468,-0.34801244946605125,0.39410481749237625,-3.2862354000493563
0.05169833378262288,-0.33449918550525953,0.2633422000814244,1790750998,465258192,0.1420000046491623,0.11018710773425443,-0.3484629923122109,0.39198152821032595,-3.2258950242916997
0.06304309127578592,-0.3342691874110192,0.25535736715164925,1790750998,515432036,0.14499999582767487,0.11457094491995892,-0.34894657181531835,0.3900958303902467,-3.164868313500487
0.07582901162767608,-0.3344146578474062,0.2508942134221087,1790750998,565230480,0.14499999582767487,0.11902747962935192,-0.34945361010577064,0.38849043817883866,-3.1042724233605723
0.08868029592388735,-0.3345405952362088,0.24623098477229513,1790750998,615249665,0.1459999978542328,0.12358900165913864,-0.34999231443229867,0.3871516220516191,-3.043403092425827
0.10247364905117895,-0.3351760360797893,0.2462723569576188,1790750998,665181286,0.14300000667572021,0.1281878144794591,-0.3505552906833533,0.3860981848057736,-2.982966753156554
0.11523525190438157,-0.3351460740152773,0.24026122856193022,1790750998,715234666,0.1469999998807907,0.13284345495211902,-0.3511492170209581,0.385322769172534,-2.9224455374631626
0.1290249819676732,-0.33617927888003757,0.24394465402617554,1790750998,765319186,0.1420000046491623,0.13750369436582294,-0.3517678335478533,0.38483152254059777,-2.8623230547891545
0.14230029453625404,-0.33664692544465746,0.24249274772351356,1790750998,815607197,0.14300000667572021,0.14219247335532462,-0.35241863591042466,0.38462030815017034,-2.802038438094606
0.1553694715195369,-0.33752394951224224,0.2448107948585937,1790750998,865303779,0.14100000262260437,0.1468313885136341,-0.35309093159858534,0.38468849482139056,-2.7424101232175326
0.16920428902978396,-0.33761105966137883,0.24000826423087845,1790750998,915329094,0.1469999998807907,0.15148376567974492,-0.3537981582223785,0.3850357128650238,-2.682378257563247
0.18212328865626842,-0.33866040880793374,0.2438998143390457,1790750998,965202853,0.14499999582767487,0.1560705119608194,-0.3545287625271203,0.3856546977354408,-2.6227785197107503
0.19469976593665067,-0.33979560796219027,0.24853587234367927,1790750999,15253928,0.14300000667572021,0.16061900410572333,-0.3552912421190929,0.3865481504364456,-2.563014293191788
0.20688888158033727,-0.3410121671695968,0.2538904520099143,1790750999,65242205,0.14100000262260437,0.16511426858739864,-0.3560839562025528,0.38771393135569543,-2.5030888041477244
0.2186389482273203,-0.342308359489776,0.2599343153002633,1790750999,115293178,0.13899999856948853,0.1695343419790151,-0.35690767987829586,0.38914962821521953,-2.443042551843893
0.23147868909541391,-0.34326104415104725,0.2629777395416767,1790750999,165335475,0.14100000262260437,0.1738406652536325,-0.3577556230022681,0.3908400331669453,-2.3832153882434515
0.24381079889905616,-0.34441045343532195,0.2677451094718646,1790750999,215659811,0.1420000046491623,0.17805230587960053,-0.3586360391481019,0.39279491805748645,-2.323091515471574
0.254631640294615,-0.34581136489310993,0.2748453666680286,1790750999,265248808,0.14100000262260437,0.18205741055413374,-0.35952483352318826,0.39495332933196753,-2.2641241189630925
0.2634888060929218,-0.34759205206529165,0.28515064670946727,1790750999,315946841,0.13699999451637268,0.1860032622821356,-0.36045931970920514,0.3973977955428019,-2.203888488142652
0.27434228648259695,-0.3489306773671537,0.2917272590093352,1790750999,365824618,0.1379999965429306,0.18970582987297951,-0.36139611849469755,0.4000106004608851,-2.1450239435117315
0.28343721839809144,-0.3505054194787946,0.3004000392624997,1790750999,415381310,0.13699999451637268,0.19321523445781608,-0.3623493033309205,0.40281446464615445,-2.086606350523823
0.2927275340699313,-0.3520633179101479,0.308904028570145,1790750999,465248596,0.13699999451637268,0.19657456860731928,-0.3633308266800716,0.40584034259307233,-2.0277522572515485
0.2987551772667709,-0.35403896226152404,0.32085646122811495,1790750999,516505975,0.13300000131130219,0.19982912780866124,-0.3643623777998969,0.4091517848814099,-1.9672441328176205
0.30506923742671666,-0.35580668275032007,0.33126077525833514,1790750999,565101651,0.13099999725818634,0.20273165948848404,-0.3653630802885241,0.41248081397707004,-1.9096332334631434
0.3142612174472908,-0.3574066640728545,0.3400479135029807,1790750999,615762332,0.13300000131130219,0.20554242349385551,-0.36642642722843105,0.4161259527964205,-1.8495329820514472
0.3176614781399725,-0.3593973863261304,0.3522799874967337,1790750999,665370820,0.1289999932050705,0.20804832391401148,-0.36747365809861526,0.4198131534361511,-1.7912736949286214
0.3248061548176705,-0.3611640743282456,0.3624815687159115,1790750999,716758589,0.12999999523162842,0.21040123701632593,-0.36857322572341067,0.423772824362166,-1.7310320502868801
0.3283293393350957,-0.36303345654741526,0.37378882684475556,1790750999,765616406,0.12800000607967377,0.21239502788604497,-0.36962510025129086,0.42763849925334296,-1.6741050594243914
0.3331622344646459,-0.36488853114122705,0.38483219421414844,1790750999,816307448,0.12800000607967377,0.21421788741960723,-0.37072835817511957,0.43175916175563944,-1.615097762218391
0.33612780420290295,-0.36619859368277935,0.39267200394455704,1790750999,865542303,0.12800000607967377,0.21533567664911588,-0.3715034513464134,0.43468535851896284,-1.5740634405499885
0.33674891350334774,-0.36754274961749583,0.40087935946305686,1790750999,916059279,0.12600000202655792,0.2162898192048751,-0.3722515988836847,0.4375322427067062,-1.5347217846624557
0.33957995047004264,-0.36797432132336283,0.4033464801662542,1790750999,965440368,0.12800000607967377,0.21663576479473562,-0.3725492586914444,0.43867067461015186,-1.5191306585608193
0.33638860283192734,-0.3684968759804343,0.4067231840823153,1790751000,15413331,0.12399999797344208,0.21688549011174313,-0.3727750687727011,0.43953633105167467,-1.5073242881234612
0.33552090445531074,-0.36858897245544053,0.4073322435052468,1790751000,66120308,0.12300000339746475,0.21692252442162446,-0.3728094249545943,0.439668181250487,-1.505529522895813
0.33744933006979694,-0.3685203473300233,0.40680645680732874,1790751000,116130993,0.125,0.21692252442162446,-0.3728094249545943,0.439668181250487,-1.505529522895813
0.34034197926746235,-0.36841740925842403,0.4060177738223844,1790751000,165422711,0.12800000607967377,0.21692252442162446,-0.3728094249545943,0.439668181250487,-1.505529522895813
0.3384135464690187,-0.3684860346394902,0.40654356247901396,1790751000,215583768,0.12600000202655792,0.21692252442162446,-0.3728094249545943,0.439668181250487,-1.505529522895813
0.3393777628682405,-0.36845172194895714,0.4062806681506992,1790751000,265270395,0.12700000405311584,0.21692252442162446,-0.3728094249545943,0.439668181250487,-1.505529522895813
0.3384135464690187,-0.3684860346394902,0.40654356247901396,1790751000,317043435,0.12600000202655792,0.21692252442162446,-0.3728094249545943,0.439668181250487,-1.505529522895813
0.33552090445531074,-0.36858897245544053,0.4073322435052468,1790751000,370919139,0.12300000339746475,0.21692252442162446,-0.3728094249545943,0.439668181250487,-1.505529522895813
0.33744933006979694,-0.3685203473300233,0.40680645680732874,1790751000,416776730,0.125,0.21692252442162446,-0.3728094249545943,0.439668181250487,-1.505529522895813
0.33700287833433085,-0.368444763499982,0.4052001308861531,1790751000,467816617,0.125,0.2167527167710901,-0.3728414296008937,0.4390463710202003,-1.5137912491142849
0.3365162460435814,-0.36836531200563605,0.4035051037840172,1790751000,515226358,0.125,0.21656756015005496,-0.37287546758101375,0.4383902187917397,-1.5225302937314866
0.3328337222567097,-0.3681758010151077,0.39833964102172453,1790751000,565361090,0.12300000339746475,0.21588943267236668,-0.3729943022285947,0.43615254907499756,-1.5525064357011789
0.33628093987675806,-0.3676332258683101,0.3899208386173745,1790751000,615438480,0.1289999932050705,0.21504573834922966,-0.373131302654424,0.4336563540383891,-1.5862957107154556
0.3279762479755196,-0.3674374410151268,0.3823792187058528,1790751000,665472748,0.12399999797344208,0.21366311151543835,-0.37333637246713486,0.43006264284671103,-1.635692302908078
0.3272518199268897,-0.36681651351461636,0.37104126989618924,1790751000,715739501,0.12800000607967377,0.21200254291517956,-0.3735634186669207,0.42632313831197666,-1.6882009318236786
0.320641421836608,-0.3665347948468816,0.36255069380634247,1790751000,765189802,0.12600000202655792,0.21017357751721594,-0.37379832919777867,0.4227179353157594,-1.7400946720343
0.3178105230301377,-0.3659849938852182,0.35173477866955605,1790751000,815455841,0.1289999932050705,0.2081256995835261,-0.37404904830065183,0.41915294223679367,-1.792887106586764
0.3126819042818363,-0.365574160141274,0.3420737329182082,1790751000,865326905,0.12999999523162842,0.20589512274813138,-0.3743112592878281,0.4156960471198106,-1.845726643206868
0.30621864587221703,-0.3652630276045264,0.3332451577037065,1790751000,915210682,0.12999999523162842,0.20348280433945368,-0.37458761966407045,0.4123551925140985,-1.898668837212328
0.30079156451182926,-0.36483806347632153,0.32344027078787274,1790751000,965415304,0.13199999928474426,0.20089297795823702,-0.3748781860528915,0.40913430882094937,-1.9517842051174
0.2933785845104692,-0.36460134446543996,0.3152732515872806,1790751001,15403591,0.13199999928474426,0.1981523587044252,-0.3751828705169686,0.40606971096940425,-2.0046390026032292
0.28560543103362745,-0.36440997461466623,0.3075570647584055,1790751001,65555129,0.13199999928474426,0.19527936835734452,-0.37550018745323044,0.40317196627364027,-2.0571199594655445
0.27816116923468037,-0.3641793349217039,0.29956037490794507,1790751001,115355748,0.13300000131130219,0.19228837547427796,-0.37583144881670155,0.4004518605862112,-2.109134939261313
0.269616414026725,-0.36407943278008403,0.29267416273708957,1790751001,165425202,0.13300000131130219,0.189144931118231,-0.3761809199407846,0.3978734726008607,-2.161467987430272
0.26016652021385633,-0.36412493083794656,0.28706380203439125,1790751001,215472258,0.13199999928474426,0.1858746290994885,-0.37654865337419313,0.3954629064779509,-2.2137843112773057
0.2519364779378129,-0.3639368821684727,0.27936511859416163,1790751001,265662148,0.1340000033378601,0.18244888839873957,-0.3769383607556454,0.39320025090902777,-2.2666821381379787
0.24423945703549352,-0.36359408883175015,0.2703439917735015,1790751001,315418905,0.1379999965429306,0.1789365060751192,-0.37734517226901454,0.391134849647834,-2.319204906503063
0.23379094727693253,-0.3637972850271419,0.26614649775676885,1790751001,365379099,0.13699999451637268,0.17533481379661336,-0.3777696654249301,0.38925885108508745,-2.3715868669857816
0.22432150314026775,-0.36375162084392376,0.25975747397128146,1790751001,415420377,0.13899999856948853,0.17164121809523275,-0.3782150680978562,0.38757216742795875,-2.423988287444901
0.21418426771281104,-0.36386104098540534,0.2547953006008046,1790751001,465235589,0.14000000059604645,0.16789655824055358,-0.3786766468368475,0.38608865893228916,-2.4760085249548767
0.20258434179090928,-0.36445892110326117,0.25414634798480307,1790751001,515297191,0.13699999451637268,0.16406552744731237,-0.3791616741055868,0.3847952228104297,-2.528259671873438
0.1927487211141521,-0.3643646644677265,0.24737087718404574,1790751001,565512702,0.14100000262260437,0.1601804719246561,-0.37966646603740833,0.38370196224181025,-2.5804571114519614
0.18103315348299773,-0.3650945109473719,0.24789791138742465,1790751001,616128289,0.1379999965429306,0.15621807095357998,-0.38019709774001315,0.38280574139398055,-2.6330290300322603
0.17067048097027962,-0.36510955229562714,0.24219132392134346,1790751001,665364265,0.1420000046491623,0.15230771948234853,-0.38073616354292916,0.38212923633904805,-2.6844316247941347
0.15933966544216957,-0.36563364236460694,0.24094642194232582,1790751001,715326700,0.1420000046491623,0.1483087243083648,-0.3813058363473958,0.3816471752943619,-2.736638306459888
0.1480459811294404,-0.3663250075002717,0.2412843379051834,1790751001,765196949,0.14100000262260437,0.1443328994721268,-0.38189055689046797,0.38137333617543273,-2.7883440163444164
0.13675479641520327,-0.3670846437356056,0.2422011724203489,1790751001,815519655,0.14000000059604645,0.14032061814449842,-0.38250195653246427,0.38130398169612056,-2.8404436134750073
0.12537594767423996,-0.36757487190771526,0.24072043255440556,1790751001,865277209,0.1420000046491623,0.13632346756004488,-0.3831325690317522,0.3814404069322769,-2.8924264127321173
0.1141296583677652,-0.3685825719253713,0.24380724642210846,1790751001,915936963,0.14000000059604645,0.13226292553386335,-0.38379837677997863,0.38179153564157875,-2.9454392155438716
0.1032571228943326,-0.36952072048442325,0.24643774993574966,1790751001,965831582,0.13899999856948853,0.1283269474011384,-0.3844686440975223,0.3823386810627023,-2.9971858365862833
0.09200707491890889,-0.370189981078336,0.24668386553617055,1790751002,15299394,0.14100000262260437,0.12446622301403726,-0.3851533092582574,0.383078525454706,-3.0484125713431833
0.08176063530051204,-0.37134526279963115,0.25135583264842754,1790751002,65339495,0.13899999856948853,0.12063582993964249,-0.3858603542282626,0.38401717202394414,-3.0998644082113738
0.07014034446968777,-0.3720482544295151,0.2518467789045854,1790751002,115856416,0.1420000046491623,0.11683083291570015,-0.38659400095755,0.38516002230889634,-3.151737359699567
0.060033965300452886,-0.3732108954721543,0.2566278724399005,1790751002,165486079,0.14100000262260437,0.11313189728645513,-0.38733885073480373,0.3864816796173602,-3.203084699064406
0.04968647378331075,-0.3743422200744195,0.2610529518842294,1790751002,215671340,0.14100000262260437,0.10946334265279564,-0.3881130584322714,0.3880099946138738,-3.2550767239615683
0.04017472384202468,-0.37560857226844135,0.26681986483443554,1790751002,265356763,0.14000000059604645,0.10592536961963164,-0.3888957630241071,0.3897031562476428,-3.3064509827628843
0.030294420101798128,-0.37685847742251805,0.27230904561562036,1790751002,316161278,0.14000000059604645,0.1024064304359823,-0.38971502375154016,0.3916177517059356,-3.3589637216315444
0.02046794100198482,-0.3780285461631698,0.2772760027650284,1790751002,365528264,0.14100000262260437,0.09910611260325636,-0.39052398501397784,0.39364138728598086,-3.40977064973626
0.010703186782520024,-0.3792793219735546,0.28288088412148715,1790751002,415851553,0.1420000046491623,0.09585699399761742,-0.3913654397959255,0.39587095533626204,-3.4615244114377335
0.005161150577864024,-0.38105375486027476,0.29349885439532597,1790751002,465106992,0.13699999451637268,0.09277353619647669,-0.3922104547456175,0.39822992156915954,-3.512569245415782
-0.0011915891026695324,-0.38271525863381645,0.30293482011458106,1790751002,515531680,0.1340000033378601,0.08974424118960049,-0.39309299815459586,0.40080707453860487,-3.5648994051401024
-0.010374228965085483,-0.38400266392547905,0.3089744661606473,1790751002,565424836,0.13600000739097595,0.0869058864799039,-0.39397430717794224,0.4034897955003933,-3.6163410093191324
-0.01782685579919474,-0.3854910679062107,0.3168925520309064,1790751002,615560494,0.13600000739097595,0.08420214772701988,-0.3948731816467888,0.40632442773276145,-3.667971576267728
-0.02323523028714887,-0.387132271713262,0.3263491951508884,1790751002,665428928,0.1340000033378601,0.08167277088228825,-0.39577650441225565,0.40926836920746923,-3.7191774780318294
-0.03058498401924832,-0.3886245894571876,0.3343290324824204,1790751002,715770235,0.13500000536441803,0.0792793426131817,-0.39670042532795924,0.4123649989144701,-3.7708415440680594
-0.03659551257805793,-0.3901854775350627,0.3430988481799126,1790751002,765603475,0.13500000536441803,0.07708951029579574,-0.39761857602908685,0.4155244380590596,-3.821630952471465
-0.03951224232705758,-0.3919162810736238,0.3535827180235072,1790751002,815182222,0.13199999928474426,0.07507751314363786,-0.3985411285574465,0.41876936656563424,-3.8721001513815456
-0.04546743996313435,-0.39348851358969034,0.3624207689693244,1790751002,865348352,0.13300000131130219,0.073206376713667,-0.3994878110168157,0.422166346333245,-3.923398433929537
-0.050057608637307446,-0.39513198532154903,0.37197835352250314,1790751002,915368843,0.13300000131130219,0.07151743375427201,-0.40044115348643383,0.42564698635108394,-3.9745915659986024
-0.05112376416505168,-0.39680139307380263,0.38224757565880657,1790751002,965154526,0.12999999523162842,0.07009509062442705,-0.40134382119152895,0.4289953494084299,-4.0227417661287665
-0.055435420395870946,-0.3983358735461298,0.3911526939668524,1790751003,15440981,0.13099999725818634,0.06883827272614997,-0.4022512627171374,0.43240458128244275,-4.070844835542568
-0.05247046110448385,-0.39942465573698543,0.3982571027522945,1790751003,65235378,0.12600000202655792,0.06816017906278264,-0.4028018975685497,0.43449028369379084,-4.099883966258171
-0.05680928343119329,-0.4001917193505317,0.4024263577031074,1790751003,115353758,0.1289999932050705,0.06760871014523384,-0.4032930130870226,0.43636075173754363,-4.125707061211672
-0.05430922551343277,-0.40050675002300407,0.404653786263768,1790751003,165471194,0.12600000202655792,0.06745854567593622,-0.4034350450918316,0.43690336762936044,-4.133162519384462
-0.052579399056639706,-0.4006817904578685,0.4059248367222555,1790751003,216020382,0.12399999797344208,0.06738026390689508,-0.40351069999075634,0.4371926481254145,-4.137130991527117
-0.05357541158523997,-0.400677216347902,0.405780593297988,1790751003,265561119,0.125,0.06736929100043525,-0.4035213969217534,0.43723356697816473,-4.137691974639893
-0.055510530748233866,-0.40063170936649795,0.40527734469924476,1790751003,315882139,0.12700000405311584,0.06736929100043525,-0.4035213969217534,0.43723356697816473,-4.137691974639893
-0.05357541158523996,-0.40067721634790177,0.405780593297988,1790751003,365535266,0.125,0.06736929100043526,-0.4035213969217532,0.43723356697816473,-4.137691974639893
-0.057445635493495725,-0.40058620272414674,0.40477409984998824,1790751003,415357468,0.1289999932050705,0.06736929100043525,-0.4035213969217534,0.43723356697816473,-4.137691974639893
-0.055510530748233866,-0.40063170936649795,0.40527734469924476,1790751003,465619498,0.12700000405311584,0.06736929100043525,-0.4035213969217534,0.43723356697816473,-4.137691974639893
-0.057445635493495725,-0.40058620272414674,0.40477409984998824,1790751003,515983536,0.1289999932050705,0.06736929100043525,-0.4035213969217534,0.43723356697816473,-4.137691974639893
-0.056478090329730835,-0.400608955875796,0.40502572039987317,1790751003,567501380,0.12800000607967377,0.06736929100043525,-0.4035213969217534,0.43723356697816473,-4.137691974639893
-0.056478090329730835,-0.400608955875796,0.40502572039987317,1790751003,615711339,0.12800000607967377,0.06736929100043525,-0.4035213969217534,0.43723356697816473,-4.137691974639893
-0.05514281562767882,-0.4005614119669209,0.4038930351424622,1790751003,667742048,0.12700000405311584,0.06750957437454382,-0.4035472327560448,0.43670274605934417,-4.130733818441532
-0.05666568018212273,-0.4004377011962967,0.4018815034483451,1790751003,715452892,0.1289999932050705,0.0676639216509412,-0.40357500559161974,0.436135053280021,-4.123277892615531
-0.05332048312972268,-0.40024050889046514,0.3975364630073844,1790751003,765285659,0.12700000405311584,0.06820420511345061,-0.4036681305083025,0.43426523356856594,-4.098610810359644
-0.05536033832914951,-0.3998457326793571,0.3907855574808558,1790751003,815338613,0.13099999725818634,0.06887184289486116,-0.40377523466820986,0.43216095408426025,-4.07062815901824
-0.04775572897166103,-0.39960074528216405,0.38437413036058427,1790751003,865632189,0.12600000202655792,0.0699660522695655,-0.4039355187729445,0.4290819872860625,-4.029197723735989
-0.04805857047032626,-0.3990420480956485,0.374519783230105,1790751003,915534845,0.12999999523162842,0.07125205339561777,-0.40410869251953335,0.4258939295220343,-3.9855994458519537
-0.044218783302998596,-0.39863278430314447,0.3661600303051287,1790751003,965286750,0.12999999523162842,0.07268878843819367,-0.4042895587034682,0.42273404671889625,-3.9415653759584774
-0.04083739342120482,-0.39818842774355423,0.35740096619874034,1790751004,15542233,0.13099999725818634,0.07428167249723751,-0.4044791785189849,0.4196024645600466,-3.8969801510712268
-0.03537859150433932,-0.3978620205021213,0.34986881398963665,1790751004,65323342,0.12999999523162842,0.07599437752172669,-0.4046726839131617,0.41657470124439006,-3.8528320586652103
-0.03126406535455267,-0.39745087183605265,0.34149522494995477,1790751004,115275554,0.13099999725818634,0.07784363036038683,-0.4048743406138903,0.413615971817451,-3.808535118755992
-0.026717968261383604,-0.3970504628765911,0.3332258453117395,1790751004,165552435,0.13199999928474426,0.07983556795505153,-0.4050842472482559,0.41072295519085,-3.763939464526335
-0.021040888901119395,-0.39673415348390917,0.3258067133876711,1790751004,215469082,0.13199999928474426,0.08193715072480794,-0.4053014445876898,0.40794150923642514,-3.7196610863028945
-0.017319296758243924,-0.3962374723703216,0.31670748552650146,1790751004,265149477,0.13500000536441803,0.084150097355407,-0.40552580629763496,0.40526645096454283,-3.6755617086742327
-0.007263866332532773,-0.396324026405447,0.31311716411149226,1790751004,315378312,0.12999999523162842,0.08650358199878784,-0.4057627430217798,0.4026636605381705,-3.6309696148803625
-0.002169054343063248,-0.395946286936609,0.305213527023044,1790751004,365123374,0.13199999928474426,0.08892403536176889,-0.40600448384412524,0.40021290330609927,-3.587193181528666
0.006054697467215292,-0.39590125400741677,0.3003984985430832,1790751004,415608590,0.12999999523162842,0.09148156049163715,-0.40626051990669954,0.39784045790381256,-3.542837512350351
0.011165754277092738,-0.39548863505192783,0.29222851535350813,1790751004,465052233,0.13300000131130219,0.09409116858090519,-0.40652202446109925,0.39562406810841644,-3.4992974868171283
0.016346210428837563,-0.3950003944988327,0.28325920864357,1790751004,515783738,0.13699999451637268,0.09686548845533619,-0.4068027183867479,0.39346968688598716,-3.454605072215462
0.025210838997414983,-0.39505966312497837,0.27951844272693754,1790751004,565491707,0.13500000536441803,0.09967180452387261,-0.40708886602252575,0.3914821169204465,-3.4108408590811266
0.03117117502372206,-0.3946146057174902,0.27103858302967665,1790751004,615822496,0.13899999856948853,0.10259662654361097,-0.4073916516148029,0.38959722495693466,-3.3665331542652233
0.039992817449151744,-0.3946581539153669,0.26714014292505045,1790751004,665724735,0.1379999965429306,0.10558641416221559,-0.4077052087985973,0.38785159008300135,-3.3224377171666464
0.04766921064011778,-0.39445560548781783,0.2609510954859917,1790751004,715817680,0.14000000059604645,0.10866188122900446,-0.40803413141416,0.38623284968426363,-3.2781438908742135
0.05756835164855332,-0.39477906380667366,0.25968139794714273,1790751004,765444214,0.13699999451637268,0.11176831377058187,-0.4083721338402684,0.3847677323347113,-3.234358252798531
0.06532070914750601,-0.39454931139913074,0.25329565487298644,1790751004,815424120,0.14000000059604645,0.1149550224307514,-0.4087269184557535,0.3834318549479143,-3.190278011051288
0.07499598052168435,-0.39486411586913805,0.2519482956499144,1790751004,865394286,0.1379999965429306,0.11818160922731086,-0.40909365671168685,0.3822422735865745,-3.1463933322740885
0.08386950486850972,-0.3949154405200699,0.24816805860284089,1790751004,915659223,0.13899999856948853,0.12147158298684628,-0.4094773816280083,0.3811907378521676,-3.1022851602621078
0.09302675178966394,-0.39510927513774524,0.24577379922903386,1790751004,965270016,0.13899999856948853,0.12475158076203048,-0.4098691687792827,0.38029770182140743,-3.058854577633369
0.10252976053523255,-0.3954558977718077,0.24474346326301066,1790751005,15257765,0.1379999965429306,0.12808848037049975,-0.4102790872863374,0.37954340368898976,-3.015113227045323
0.11189067624136359,-0.3957395697130446,0.24315095334577524,1790751005,65156190,0.1379999965429306,0.13145692469543938,-0.4107038766770122,0.3789347170451601,-2.971326353785618
0.12125807752137399,-0.3958549668833109,0.2399767167308957,1790751005,115778703,0.14000000059604645,0.13489721577214983,-0.4111511704233895,0.37846859458634874,-2.9268797319788935
0.1308030653578988,-0.3963342952230966,0.24020389588252994,1790751005,165397949,0.13899999856948853,0.13828112579444518,-0.41160388500253375,0.3781601130037343,-2.8833537307412027
0.14033690106382887,-0.3965329538878715,0.23786475193463394,1790751005,215461865,0.14100000262260437,0.14170227967051535,-0.41207657881038334,0.37799873141535484,-2.839444560353835
0.14984939059520588,-0.39721391751707746,0.23991793020934335,1790751005,265274817,0.13899999856948853,0.14510251303834817,-0.4125609266871637,0.3779865220950843,-2.7958255617539907
0.15956716348167477,-0.39761859211705325,0.23941821962424453,1790751005,315945978,0.14000000059604645,0.14855445931555925,-0.4130698005620373,0.3781264770260023,-2.7514681103376173
0.16882360782356934,-0.3982731749639134,0.24129420728432766,1790751005,365249704,0.13899999856948853,0.1518981437548912,-0.4135790067619309,0.3784082466141807,-2.7083564798017403
0.1784218755150254,-0.39876189095005277,0.24162456864702722,1790751005,415348398,0.14000000059604645,0.15527631311617276,-0.41411220884291033,0.3788420997745112,-2.664558294936987
0.1875586621435508,-0.3995098513349329,0.244313125141053,1790751005,465284416,0.13899999856948853,0.15860812759441958,-0.41465671023924694,0.3794184130352364,-2.621044549003184
0.19631870632475734,-0.4004126224776992,0.2483601479550622,1790751005,515505435,0.13699999451637268,0.16192509179139408,-0.4152197000864186,0.38014341028190674,-2.5773104194163596
0.20531602959220172,-0.40113433134301346,0.25083861339273794,1790751005,565199701,0.13699999451637268,0.16517779965321588,-0.4157924759971055,0.38100412261138983,-2.5339364198296686
0.21400053382550968,-0.40201757501731894,0.25469039280580896,1790751005,615671583,0.13600000739097595,0.16843800009287385,-0.4163900593397993,0.38202259307191605,-2.489864564844197
0.22306520642077704,-0.40271802758531083,0.2570035268880238,1790751005,665255644,0.13699999451637268,0.17159398464815312,-0.4169917076850427,0.38316205368320333,-2.4465333966675553
0.23099871673942624,-0.4037904515155905,0.2625199026520203,1790751005,715940547,0.13500000536441803,0.17476281333517607,-0.41762208218149033,0.3844674758538798,-2.4022336817476773
0.23933196953538463,-0.4046765438640792,0.26648508018231076,1790751005,765475598,0.13500000536441803,0.17780392245996007,-0.41825299231092405,0.3858793049967774,-2.358856934104652
0.24803700809969564,-0.40551154880257406,0.2699786019053182,1790751005,815372328,0.13600000739097595,0.1807997820279755,-0.41890316175049547,0.38743421966444874,-2.3151491418576446
0.25552202791326034,-0.40657857927732965,0.2755343632203813,1790751005,865296252,0.13500000536441803,0.18371187561918018,-0.41956411016767925,0.38911111904387574,-2.2715958744019966
0.2615810371952616,-0.4078671769364068,0.28302250367683984,1790751005,915267196,0.13199999928474426,0.1865450181778476,-0.42023891907691474,0.39091381777394196,-2.2280338916749005
0.2690650172374883,-0.4089115816773861,0.2883562101079782,1790751005,965737060,0.13199999928474426,0.18931545654450982,-0.4209316937347507,0.3928527377372627,-2.184126972695041
0.2761928174270007,-0.40997565085747706,0.2939235249143222,1790751006,15446085,0.13199999928474426,0.19195357262831753,-0.4216266587810728,0.3948789777699473,-2.1408981847605
0.2823877993423999,-0.41115679889035706,0.30051944304178924,1790751006,65436889,0.13099999725818634,0.19449531951078883,-0.42233211019869116,0.39701308888366055,-2.0977282321626625
0.28966961366336824,-0.41220210313433675,0.3059421470693618,1790751006,115563658,0.13199999928474426,0.19694220445999322,-0.4230505127853621,0.39925848755507665,-2.0544958613940674
0.2938333601580264,-0.4136058707752702,0.3144371642684903,1790751006,165597092,0.1289999932050705,0.1992976334509111,-0.4237829771308022,0.40161755844684915,-2.0110590987045405
0.2982862162250507,-0.4149431004133127,0.32235679932643535,1790751006,215513563,0.12700000405311584,0.20154189962208569,-0.42452568468606516,0.40407406991945205,-1.9676721268044457
0.30465525157693796,-0.4160688823783484,0.3285083051906981,1790751006,265150596,0.12800000607967377,0.20365838267409467,-0.4252721753417533,0.40660397361634226,-1.924622608107575
0.3117712412510092,-0.41720460336192183,0.3346401585137993,1790751006,316549531,0.12999999523162842,0.20572813174593282,-0.4260552553710441,0.4093162835185906,-1.8800630109714482
0.31508488012031566,-0.4185853995312193,0.342991637654593,1790751006,365429439,0.12800000607967377,0.20759491733339921,-0.4268148146966689,0.4120002326446267,-1.837326349311645
0.32071415406810544,-0.41983352454923456,0.35013160191145803,1790751006,415765830,0.1289999932050705,0.20939382642990087,-0.4276071436939451,0.4148490937264535,-1.793256853758878
0.3223939556913296,-0.4213034559063286,0.3592008720063168,1790751006,465306270,0.12600000202655792,0.21102098567761055,-0.4283870721860932,0.41769774749054145,-1.7503141954901815
0.32455581911180587,-0.42272958905869834,0.36786481642418045,1790751006,515389742,0.12399999797344208,0.21253336540425313,-0.42918191350198676,0.4206411072376829,-1.7069775341568725
0.32628761770156023,-0.42415334333430577,0.37651181996783367,1790751006,565515714,0.12200000137090683,0.21390828535557926,-0.4299807772107454,0.42363853224854076,-1.6637762595387475
0.32853652075539996,-0.4255309400905724,0.38478357681931136,1790751006,615572214,0.12099999934434891,0.21514553617627882,-0.43078436512699864,0.42668687004188044,-1.620666829937154
0.3325712544005524,-0.4264542679018941,0.390123036171871,1790751006,665300905,0.12300000339746475,0.21597986715362077,-0.4313887230004076,0.42899591114264113,-1.588490116927967
0.33348486521538223,-0.4274598732124715,0.3962107010619714,1790751006,715602277,0.12200000137090683,0.21670191156082055,-0.4319666100324249,0.43121686328312103,-1.557880429934504
0.33422647995606247,-0.42787517382442003,0.3986982147976009,1790751006,765116365,0.12200000137090683,0.2169894282321507,-0.4322147033030001,0.43217421398344513,-1.5447788908435944
0.33286684908918596,-0.42827638378455085,0.4012190258123466,1790751006,816562532,0.11999999731779099,0.2172095685178726,-0.4324129968019248,0.43294096206886845,-1.53432316163933
0.33487214977371216,-0.4282539256862263,0.40096915906232117,1790751006,865283512,0.12200000137090683,0.21723966871177633,-0.4324407257894642,0.43304828683428687,-1.5328621864318848
0.33294374455848036,-0.4283225618918162,0.40149504746267695,1790751006,915788534,0.11999999731779099,0.21723966871177633,-0.4324407257894642,0.43304828683428687,-1.5328621864318848
0.33294374455848036,-0.4283225618918162,0.40149504746267695,1790751006,965753699,0.11999999731779099,0.21723966871177633,-0.4324407257894642,0.43304828683428687,-1.5328621864318848
0.33487214977371216,-0.42825392568622644,0.40096915906232117,1790751007,15313269,0.12200000137090683,0.21723966871177633,-0.4324407257894643,0.43304828683428687,-1.5328621864318848
0.33294374455848036,-0.42832256189181633,0.40149504746267695,1790751007,65254147,0.11999999731779099,0.21723966871177633,-0.4324407257894643,0.43304828683428687,-1.5328621864318848
0.3368005478050893,-0.4281852897363257,0.40044327262104834,1790751007,116092726,0.12399999797344208,0.21723966871177633,-0.4324407257894642,0.43304828683428687,-1.5328621864318848
0.3358363523813281,-0.42821960758343136,0.40070621486214325,1790751007,168872967,0.12300000339746475,0.21723966871177633,-0.4324407257894642,0.43304828683428687,-1.5328621864318848
0.33487214977371216,-0.42825392568622633,0.40096915906232117,1790751007,216354179,0.12200000137090683,0.21723966871177633,-0.4324407257894642,0.43304828683428687,-1.5328621864318848
0.33750513541163474,-0.42810584390831574,0.3992400502920583,1790751007,265338329,0.125,0.2171409513160241,-0.43245860636945266,0.4326842821707376,-1.5376843879235695
0.3352661330772386,-0.42812294563313286,0.3986637384562538,1790751007,315572709,0.12300000339746475,0.2170206456366768,-0.43248005760890285,0.43224976398698417,-1.5434493486587804
0.3331291581500518,-0.42797383750474066,0.39496692151183516,1790751007,365423124,0.12200000137090683,0.21656652945933166,-0.43255882204059853,0.43068990912508676,-1.5642240711116617
0.33264611337028366,-0.4277285314145943,0.3901848537087197,1790751007,415436317,0.12300000339746475,0.21601320863726672,-0.43264949748521997,0.42893469838256437,-1.587762815035756
0.3293070818767645,-0.4274608090462666,0.3837384054857034,1790751007,465478131,0.12200000137090683,0.21508804753842833,-0.4327891493210854,0.4262780495748938,-1.6237566640811436
0.32555154409051035,-0.4271900789573006,0.3769698891391289,1790751007,515988550,0.12099999934434891,0.21399050651871154,-0.4329432730761765,0.4234675825729613,-1.6623743492057363
0.3242828324244912,-0.4267882157185559,0.3691505138516311,1790751007,565412573,0.12300000339746475,0.2127899078409991,-0.433102716194649,0.420710728041775,-1.7008729473243407
0.3190723145650327,-0.42660253741646975,0.3630345161021711,1790751007,615388748,0.12099999934434891,0.21146529367535788,-0.43327024814990034,0.4179642032499859,-1.7399250341907646
0.31876745110152893,-0.42608627364993035,0.354047390258987,1790751007,666847831,0.125,0.20998909612407204,-0.4334492965060154,0.4151870286519244,-1.780208205793633
0.3157198504429507,-0.4257624884755729,0.3469184868177888,1790751007,715301300,0.12600000202655792,0.20849827703234547,-0.43362434477936923,0.4126278919399268,-1.8181510328962147
0.3097826524706727,-0.42564034381582483,0.3413707909547808,1790751007,765451346,0.12399999797344208,0.20687104305117526,-0.4338101204150297,0.4100618012430385,-1.8570750305783288
0.30854177577835085,-0.425136720683737,0.3326295020671173,1790751007,815511550,0.12800000607967377,0.20515237167718017,-0.4340024892740228,0.4075696837009034,-1.8958629275703365
0.3029530178927159,-0.424989664018033,0.32690506807457653,1790751007,865321779,0.12700000405311584,0.2033422170859531,-0.43420170923014023,0.40514717703859254,-1.9346080674956116
0.2985875195805804,-0.4247157050875911,0.32001672405390824,1790751007,916099163,0.12800000607967377,0.20140134179640054,-0.43441320579830134,0.402750072131114,-1.9741331237966242
0.29402403186329146,-0.4244614694994061,0.31337816125330703,1790751007,965813493,0.1289999932050705,0.19940546282335853,-0.43462890729567577,0.4004697673264681,-2.0129668453720755
0.2884768195764199,-0.42430719149826607,0.3075997140765001,1790751008,15468119,0.1289999932050705,0.19732485715528383,-0.4348532745103336,0.39826998553736326,-2.051776104470729
0.28338497903520316,-0.4240925379808246,0.3013043625323184,1790751008,65340358,0.12999999523162842,0.1951609382672349,-0.43508633280554854,0.39614978343468543,-2.0906078263520422
0.2766862974768311,-0.4240723494638351,0.29666224833318255,1790751008,115563738,0.1289999932050705,0.19290291162075712,-0.43533043761746076,0.39410247592182096,-2.129685022812177
0.272374450284653,-0.42372505484160145,0.28923016421498776,1790751008,165438226,0.13199999928474426,0.19058881888300758,-0.4355816757346417,0.39215990164982917,-2.1684248363859187
0.2652946679888941,-0.42375943516936765,0.28508589402385737,1790751008,215604171,0.13099999725818634,0.18818885318198236,-0.43584445712679043,0.39029827375597664,-2.207378856926406
0.2592952468555237,-0.4236378442091468,0.2796498560952661,1790751008,265304102,0.13199999928474426,0.18575348125702346,-0.43611348539755485,0.3885533312499453,-2.2458085997383597
0.2519774892787259,-0.42373412452529213,0.2760977744640478,1790751008,315279731,0.13099999725818634,0.18324180219120234,-0.436394349324644,0.3868954428072072,-2.284421854806316
0.2459452096556884,-0.4235682431787756,0.27019957702482594,1790751008,365666186,0.13300000131130219,0.18063627046969916,-0.43668933732529036,0.38531508292913685,-2.3235292009378807
0.23834140445638088,-0.42372663269056454,0.26720364911262384,1790751008,415368729,0.13199999928474426,0.17800630741294649,-0.43699170562738304,0.38385575460546406,-2.362138132877084
0.231457565126476,-0.42371529621158793,0.2626924314694487,1790751008,465491201,0.13300000131130219,0.17530533641828688,-0.4373069977511257,0.3824888972318815,-2.4010071076469335
0.223945036144026,-0.4238373431184623,0.25933580920321864,1790751008,515876341,0.13300000131130219,0.1725407289342743,-0.4376355763137439,0.3812218474101457,-2.440067524539155
0.2171991098202995,-0.42377730980935424,0.2544831729942715,1790751008,565089575,0.13500000536441803,0.16980025678204205,-0.43796704768023326,0.38008970753052207,-2.478162998961741
0.20908472858728214,-0.42406769648734916,0.25263586621530504,1790751008,615421150,0.1340000033378601,0.16695684146770826,-0.43831789581227604,0.3790406677087088,-2.5171142994427558
0.20097262573873956,-0.4243926262178692,0.2511234008793273,1790751008,665443149,0.13300000131130219,0.16408771508689546,-0.43867898729953475,0.3781053035350055,-2.5559128891192717
0.19349957662523365,-0.42443059649752346,0.24702414944486883,1790751008,715861864,0.13500000536441803,0.16116128921442946,-0.43905549289517737,0.3772752493292345,-2.5950354305653196
0.18526771329407332,-0.42492545050077335,0.2471532135890308,1790751008,765056311,0.13300000131130219,0.15830863859084782,-0.4394305072828472,0.3765820046971189,-2.6328082017190813
0.17734651376356111,-0.4251379213828171,0.24461814046771166,1790751008,816047085,0.1340000033378601,0.15533308301719512,-0.4398309468959893,0.3759784265613052,-2.671888459066115
0.1699387405145814,-0.42504194295802195,0.2394644467635126,1790751008,865200235,0.1379999965429306,0.15243441446308467,-0.4402302435087653,0.37550456269154336,-2.709711600335407
0.1613534875111419,-0.4257598126599061,0.24148586435173144,1790751008,915627941,0.13500000536441803,0.1494433571558248,-0.44065264658921266,0.375132240063407,-2.7485419241170126
0.15327979296228833,-0.42606584649547663,0.2398806555797245,1790751008,965283169,0.13600000739097595,0.14648231833651126,-0.44108135981370594,0.3748781767008455,-2.7868479744190853
0.14494634340580137,-0.42663528783450927,0.24056842036050663,1790751009,15797921,0.13500000536441803,0.14346257636384976,-0.44153031938564447,0.3747359943821338,-2.825830740858637
0.1367638755397624,-0.4268991605407263,0.23859432697179372,1790751009,65236980,0.13699999451637268,0.14049997658225347,-0.44198256332980745,0.3747102004281573,-2.8640553234908066
0.1285454440922102,-0.4277617224027692,0.24190852423061968,1790751009,115997984,0.1340000033378601,0.1374597853634571,-0.4424598351844907,0.37480134154932226,-2.903315072094878
0.1202986125649587,-0.4280936963258205,0.24056510040937376,1790751009,165372831,0.13600000739097595,0.13451621625901578,-0.4429350389263913,0.37500317650895476,-2.941422242449129
0.11197055165661654,-0.4285781596116348,0.2405430101010055,1790751009,215400135,0.13699999451637268,0.1315462993862285,-0.4434286843862144,0.37532153402908663,-2.9800183389886983
0.10435923013435558,-0.4295263166467556,0.2447530683056572,1790751009,265397235,0.1340000033378601,0.12860192280767827,-0.4439326755348643,0.3757521124627821,-3.0184933428746707
0.09595928983214969,-0.42996821413271646,0.24437449930046903,1790751009,315286705,0.13600000739097595,0.12568538072937901,-0.44444747039484905,0.3762938408255489,-3.0568677696751005
0.08776315252905084,-0.4305502534329114,0.2452888183506777,1790751009,365358315,0.13699999451637268,0.12280475648854522,-0.4449719243691185,0.3769440495298445,-3.095093738835896
0.08042872145486102,-0.43148169350849536,0.24938332217336712,1790751009,415641575,0.13500000536441803,0.11994454337235222,-0.4455097101793857,0.37770602482125887,-3.133428579175959
0.07233953872748254,-0.4321327378277256,0.2509172461214268,1790751009,465641778,0.13600000739097595,0.11711613117419213,-0.44605921141804455,0.37857738912833766,-3.1717818864190925
0.06460569177981704,-0.43292419223445555,0.25371354849191846,1790751009,515854926,0.13600000739097595,0.1143099946957274,-0.4466233015182069,0.37956194413850897,-3.2103402517702566
0.057520429639010814,-0.43383148700630114,0.2576596789858453,1790751009,565429051,0.13500000536441803,0.1115943492836002,-0.4471883645437977,0.3806336863415126,-3.2482183922918773
0.04966266586785223,-0.4345823050912188,0.2601091099946087,1790751009,615686422,0.13600000739097595,0.1088886549135094,-0.4477718428857437,0.38182320254216867,-3.286585716314061
0.042826181522215984,-0.43555529761431755,0.2646230253068886,1790751009,665499318,0.13500000536441803,0.10623822000711118,-0.44836476604789005,0.3831128237792988,-3.3248725948662807
0.03618030115859554,-0.4365567043685553,0.2693897322453366,1790751009,715419890,0.1340000033378601,0.10363209723409927,-0.44897044593713475,0.3845077374443657,-3.363289285434253
0.030326220346561447,-0.4376679040705824,0.27520771126287813,1790751009,765295434,0.13199999928474426,0.10109576688426665,-0.44958340285726367,0.3859944071369074,-3.4015224825500074
0.0246596640528096,-0.4388127537535675,0.2812750765777279,1790751009,816020771,0.12999999523162842,0.0985801192431739,-0.45021673632080705,0.38760340886164385,-3.4403786193636416
0.01826420928135554,-0.4397786376119441,0.2858009573310605,1790751009,865472904,0.12999999523162842,0.09619311009817415,-0.45084342996038496,0.38926426265227926,-3.4782400472565773
0.010695459322814765,-0.4406204379136198,0.28909432651604927,1790751009,915677090,0.13199999928474426,0.09383795904460908,-0.4514892067432154,0.39104134420324177,-3.516674066687043
0.005963240993309235,-0.4417953398088477,0.2956101230697875,1790751009,965177631,0.12999999523162842,0.09160163857278374,-0.45213062792764747,0.39286877533139697,-3.554316038484468
0.0007806414757713098,-0.4429188493487622,0.30159273201849496,1790751010,15366807,0.1289999932050705,0.0894105863109424,-0.45278904710518797,0.39480383823267856,-3.592435897609882
-0.0034651000464115123,-0.44414041206739757,0.3084791802212875,1790751010,65604872,0.12700000405311584,0.08728246194776722,-0.4534607626583795,0.3968364780888961,-3.630831214314816
-0.011829813122740673,-0.4449500793296458,0.31145783403959104,1790751010,115761954,0.13099999725818634,0.08523689187752721,-0.4541405179293875,0.3989483472417673,-3.6692091477398243
-0.017021955321737392,-0.4460559552106223,0.31732700746398235,1790751010,165281209,0.13099999725818634,0.08330860196091718,-0.45481659164775856,0.4011006895259111,-3.706947013016261
-0.02123948666415633,-0.44725563057389917,0.32405364547890536,1790751010,215286272,0.12999999523162842,0.08144854206340592,-0.455506279275435,0.40334484494186346,-3.7450286283412395
-0.025216782464448972,-0.4484789829553964,0.3309702030780648,1790751010,265414633,0.1289999932050705,0.0796610622283338,-0.45620987494032134,0.4056821114235367,-3.7834870895227724
-0.028078551530181614,-0.4497738044177227,0.3385718436462505,1790751010,315640133,0.12700000405311584,0.07796153774533465,-0.45692267598152086,0.4080944596161368,-3.822072742824825
-0.030495389179769267,-0.45104063246088044,0.34604616282837475,1790751010,365153285,0.125,0.07639907742364832,-0.45762339500792276,0.41050731583404243,-3.859673581695778
-0.03614459260520504,-0.4521313789783746,0.3517164233469946,1790751010,415574889,0.12700000405311584,0.0749075615924124,-0.4583413804631898,0.4130177769953328,-3.897884679444368
-0.03798956662401698,-0.45341646913478856,0.35937334389437736,1790751010,465138366,0.125,0.07353349814800225,-0.4590553697611721,0.4155499299741827,-3.935595932063431
-0.041361688444757114,-0.45463092917027953,0.36627554263122564,1790751010,515241939,0.125,0.07224382766763461,-0.45978273175855533,0.4181623968327336,-3.9737461256747966
-0.045397945300729256,-0.45582358630652153,0.37294430418923274,1790751010,565288965,0.12600000202655792,0.07105308860810891,-0.46051627426826,0.42083100267585816,-4.012022998232863
-0.046411237702198266,-0.45715342648494994,0.3809378373872268,1790751010,616038478,0.12399999797344208,0.06995208463370489,-0.4612648843077532,0.42358373551278694,-4.050870112708822
-0.045697566717874574,-0.4582815041988716,0.38789245258384625,1790751010,665432898,0.12099999934434891,0.06913082308733788,-0.46188319221811647,0.4258722969685542,-4.082739378874797
-0.0494921580185239,-0.4592457474034312,0.39320705398414163,1790751010,715566009,0.12300000339746475,0.06839656062055527,-0.4624933804919084,0.42814562482977014,-4.114059900340695
-0.049451794440611124,-0.45981158254398585,0.39662785630120007,1790751010,765495405,0.12200000137090683,0.06803914400314882,-0.46281543432473404,0.4293518015490637,-4.130555531054894
-0.04921517768029074,-0.4602885434062834,0.3995272651206277,1790751010,815277189,0.12099999934434891,0.06775479907822603,-0.46308614456261044,0.4303687599970859,-4.14440333511037
-0.05032176124073394,-0.4603553154278262,0.3997961591168325,1790751010,866582298,0.12200000137090683,0.06770029773742077,-0.4631397822356565,0.4305701850746808,-4.147139914654502
-0.05035424928202094,-0.4603764138479891,0.3999186119070537,1790751010,915701911,0.12200000137090683,0.0676876348822508,-0.4631524067967261,0.4306172727996478,-4.1477794062548785
-0.04939189289369403,-0.46040255700667126,0.4001898768824102,1790751010,965304935,0.12099999934434891,0.06768559708521911,-0.46315444135995015,0.4306248619173352,-4.147882461547852
-0.04939189289369403,-0.46040255700667126,0.4001898768824102,1790751011,15463239,0.12099999934434891,0.06768559708521911,-0.46315444135995015,0.4306248619173352,-4.147882461547852
-0.05132706194952255,-0.46035707122245567,0.3996868182563259,1790751011,65399469,0.12300000339746475,0.06768559708521911,-0.46315444135995015,0.4306248619173352,-4.147882461547852
-0.04939189289369403,-0.46040255700667126,0.4001898768824102,1790751011,115437004,0.12099999934434891,0.06768559708521911,-0.46315444135995015,0.4306248619173352,-4.147882461547852
-0.04842430836577977,-0.46042529989877906,0.4004414061954523,1790751011,165519661,0.11999999731779099,0.06768559708521911,-0.46315444135995015,0.4306248619173352,-4.147882461547852
-0.05035947742160829,-0.46037981411456347,0.399938347569368,1790751011,215601641,0.12200000137090683,0.06768559708521911,-0.46315444135995015,0.4306248619173352,-4.147882461547852
-0.05035947742160829,-0.46037981411456347,0.399938347569368,1790751011,266212653,0.12200000137090683,0.06768559708521911,-0.46315444135995015,0.4306248619173352,-4.147882461547852
-0.04939189289369403,-0.46040255700667126,0.4001898768824102,1790751011,318642566,0.12099999934434891,0.06768559708521911,-0.46315444135995015,0.4306248619173352,-4.147882461547852
-0.04432451588438645,-0.46047182389553243,0.40057993387070945,1790751011,365232680,0.11599999666213989,0.06777810050233551,-0.4631680896886951,0.43027391938361326,-4.143210835807406
-0.04789620478116331,-0.4603218005489255,0.39846745311103327,1790751011,415391957,0.11999999731779099,0.06789417202205136,-0.4631849462006365,0.42984244941408467,-4.137459527591091
-0.04680533683567184,-0.46012165294029805,0.3946250752916643,1790751011,465836495,0.11999999731779099,0.06832474495833439,-0.4632458166850195,0.4283193362758651,-4.117086442155094
-0.048358979721718764,-0.45981609627691,0.38946850701543506,1790751011,515391463,0.12300000339746475,0.06883936353626975,-0.4633145812105379,0.4266344830759157,-4.09441167607796
-0.04616174414272191,-0.45947433805382376,0.38297160146089515,1790751011,565298886,0.12300000339746475,0.06969218679503018,-0.46341949819037526,0.42409705870508735,-4.059955727987547
-0.04450274215389463,-0.4590817925310816,0.37575482873214183,1790751011,615390617,0.12399999797344208,0.07069572924585728,-0.4635344921968352,0.42142194108075415,-4.023179617164472
-0.039810382015140186,-0.4588094558707416,0.3697444369186937,1790751011,665150197,0.12200000137090683,0.0717993818133343,-0.46365431050761646,0.4187728810730921,-3.9862404978763823
-0.03754628262893743,-0.45842391198821597,0.3624958078870027,1790751011,716112322,0.12300000339746475,0.0730302071944782,-0.46378169580667244,0.4160974392676155,-3.948330886622161
-0.03507809411246497,-0.4580509585966508,0.3554601937980391,1790751011,765375501,0.12399999797344208,0.07432701787166489,-0.4639107911019171,0.4135306969141984,-3.9113066221117236
-0.03485130383625572,-0.4575242564875131,0.3468527494391193,1790751011,815555444,0.12800000607967377,0.07574474632379474,-0.4640476418985644,0.4109617245375484,-3.8735246045795115
-0.030025824253395533,-0.4572577248365717,0.34083635716964045,1790751011,865462044,0.12700000405311584,0.07724766256229272,-0.4641890321737959,0.408462957220898,-3.835963529074559
-0.02579512948597293,-0.45695369862214463,0.33442663790417493,1790751011,915718359,0.12700000405311584,0.07885219153958707,-0.4643373140047497,0.4060047173387797,-3.7981420703040634
-0.018984739889549407,-0.45685504363502244,0.33004835518981196,1790751011,965211705,0.12399999797344208,0.08052241173307505,-0.4644896024501262,0.40364210346413476,-3.760850202141817
-0.014371987488433546,-0.4565961086928742,0.3240757445134135,1790751012,15263759,0.12399999797344208,0.08229773943214994,-0.46465027177844387,0.4013162381129789,-3.7231292995883716
-0.011808085861488918,-0.4561508134542721,0.31632760594911985,1790751012,65272258,0.12700000405311584,0.0841573473141889,-0.4648178414747308,0.3990592159309674,-3.6854147024078876
-0.006612606289774475,-0.45591663099797947,0.3105515480068317,1790751012,116013678,0.12700000405311584,0.08612750357500976,-0.4649954420876251,0.3968408766689422,-3.6471421353630538
-0.0020769117351647076,-0.4556351883197715,0.3044398293606805,1790751012,165440755,0.12800000607967377,0.08811504927613714,-0.4651750935384853,0.3947637018072839,-3.6100433055822827
0.003409752218467871,-0.4554451162908535,0.29917987256315576,1790751012,215137158,0.12800000607967377,0.09018541633401657,-0.4653634281931526,0.39275130390152263,-3.5727739089887085
0.009219701538906042,-0.4552730928324147,0.29401138156196055,1790751012,265801634,0.12800000607967377,0.0923781628331704,-0.46556451794567444,0.39077272942723695,-3.534636034819757
0.014469790227571583,-0.455044389448662,0.2883875071243114,1790751012,315360008,0.1289999932050705,0.09459354137317806,-0.4657699642996942,0.3889168301767425,-3.4973047496373195
0.020053730651000384,-0.45483196469089376,0.28286496861357,1790751012,366262309,0.12999999523162842,0.09691274058046989,-0.4659877624335808,0.3871158176729872,-3.459359200954344
0.025663740388300924,-0.4546424705253309,0.2776741246404084,1790751012,415631127,0.13099999725818634,0.09921892848371212,-0.46620755735747316,0.3854557666415327,-3.4226255124303453
0.0316789684651855,-0.45447067875082964,0.27255119814430634,1790751012,465318678,0.13199999928474426,0.10165349722146655,-0.46644335346659677,0.3838356094365413,-3.3848034028413365
0.03860824264834821,-0.45441258826739384,0.2683848776200997,1790751012,516214609,0.13199999928474426,0.10421807896063362,-0.46669630611748214,0.3822640217423973,-3.3458846220526106
0.04577783496514564,-0.454479578273716,0.2655676581929479,1790751012,565212979,0.13099999725818634,0.10669991629510447,-0.46694579188539337,0.38086767036232605,-3.309020763103244
0.05192118969891578,-0.45428595046371045,0.2602392040679174,1790751012,615810547,0.13300000131130219,0.1093053952994853,-0.4672130273982055,0.3795243413580576,-3.2710549190122746
0.05899087092624291,-0.4543109812047486,0.2569958674494688,1790751012,665149670,0.13300000131130219,0.11190989146428679,-0.46748584571406254,0.3783012694695837,-3.2337704005393175
0.0656081912128043,-0.45416423861288574,0.2520979904098384,1790751012,715517180,0.13500000536441803,0.11461472119934851,-0.4677755348222248,0.37715035577160383,-3.195660272935767
0.07364688995127852,-0.4544492578054926,0.25123193427590584,1790751012,765516891,0.13300000131130219,0.11730868672696891,-0.4680707370979013,0.3761202970364576,-3.158248663130266
0.08129705698142142,-0.45466513091497446,0.2497495732741869,1790751012,815283267,0.13199999928474426,0.12001846362233543,-0.4683747521958488,0.37519557266538495,-3.121087607578481
0.08881382636040999,-0.4548105034672727,0.24756726567845722,1790751012,865423581,0.13199999928474426,0.12280078854723721,-0.4686945607008912,0.37435890249736287,-3.083358750626456
0.09605118045415598,-0.45477597583226603,0.24370557006773702,1790751012,916067130,0.1340000033378601,0.12564270055515384,-0.4690296278902466,0.3736177567003574,-3.045195649052265
0.10374858315298459,-0.45498064343718236,0.242080647910375,1790751012,965563902,0.1340000033378601,0.12846490687380663,-0.4693711547202647,0.3729928987553037,-3.0076133450161078
0.11153172528775,-0.4552176840976176,0.2407356780616064,1790751013,15202944,0.1340000033378601,0.13131807156924372,-0.469725715574168,0.37247032960800386,-2.969874065134498
0.11961462955786274,-0.45570623972317603,0.24165224712012,1790751013,65392730,0.13199999928474426,0.13420058219029446,-0.4700938657316321,0.37205257693112065,-2.931955818747388
0.12734714629763003,-0.45590017693977397,0.2399028013379848,1790751013,115554646,0.13300000131130219,0.13708937405171231,-0.4704732633760343,0.3717425316885709,-2.894103871917483
0.13516387377618697,-0.45623361163167775,0.23943556262041096,1790751013,165445829,0.13300000131130219,0.13996892255614168,-0.4708623808045844,0.3715412436773377,-2.8564725248703535
0.1429915531472749,-0.45670938700551555,0.24025094634283714,1790751013,215354641,0.13199999928474426,0.14285244159431945,-0.4712634547892748,0.3714460665649478,-2.8188312934938415
0.1508692700025937,-0.4567748584312496,0.23738085270884896,1790751013,265087507,0.13500000536441803,0.14572600707693623,-0.4716750926382685,0.3714574402081079,-2.7813154448032233
0.15891364796952837,-0.4573282166528204,0.23879095437758935,1790751013,316451608,0.1340000033378601,0.1486889262860109,-0.4721126439479226,0.37157979679515457,-2.7425676400758
0.16676543989309625,-0.4576759260625685,0.23849281727682356,1790751013,365742915,0.13500000536441803,0.15152638115414938,-0.4725448267324583,0.3718033132252401,-2.7053516806182767
0.17426926438292545,-0.4583890714086182,0.24144265358347597,1790751013,415413818,0.13300000131130219,0.15437341085389533,-0.4729921203301968,0.37213276921335725,-2.6678439716393165
0.18181239755743847,-0.45902630349316453,0.24368548359085654,1790751013,465417057,0.13199999928474426,0.15722082524296926,-0.47345396237835696,0.3725695285357885,-2.6301161622441422
0.1895354007028242,-0.4595918801392268,0.24524781686408925,1790751013,515986902,0.13199999928474426,0.16007898684032465,-0.4739329883221891,0.3731174853145009,-2.5919664166990977
0.1972939678023049,-0.4600696398817816,0.24609709987542358,1790751013,565134412,0.13300000131130219,0.16285496077748973,-0.47441402841671326,0.37375756228062573,-2.55459487608242
0.20461858763981572,-0.4608073497772901,0.24918679629930268,1790751013,615266124,0.13199999928474426,0.1656615480689039,-0.4749172050474031,0.3745154078103992,-2.5164220936191226
0.2120532807742163,-0.461463936153849,0.25157807117516195,1790751013,665199168,0.13199999928474426,0.1684135148329641,-0.47542824310931364,0.3753705134768581,-2.478553770587374
0.21943065736364373,-0.46215529913469827,0.25425850932070826,1790751013,715444918,0.13199999928474426,0.1711438286755339,-0.47595372723574336,0.3763321975928249,-2.440477716535313
0.22664268862928602,-0.462872185771157,0.2571877746943649,1790751013,765293767,0.13199999928474426,0.1738134396854052,-0.4764867125670318,0.3773864224709616,-2.4026956125012107
0.23378119392665858,-0.4636237685206504,0.2604020397926028,1790751013,815449312,0.13199999928474426,0.1764553984512241,-0.47703430494127536,0.37854564096165566,-2.3646796603110083
0.2398522523338385,-0.4646050601663386,0.26563398421438655,1790751013,865725145,0.12999999523162842,0.179048998890208,-0.4775930012370448,0.37980174024750174,-2.3266782731710074
0.24710882594946637,-0.4653084810713897,0.2684445106954667,1790751013,915679309,0.13099999725818634,0.1815736549277382,-0.4781587104180378,0.3811432784195914,-2.2889391742262237
0.25373205916378605,-0.46613783502532924,0.27236817820999965,1790751013,965273332,0.13099999725818634,0.18403720569116708,-0.4787334409930433,0.3825724312648663,-2.251314260201473
0.2602691376953227,-0.4670038787221151,0.27657749668413084,1790751014,15349942,0.13099999725818634,0.186468273531512,-0.4793247289466408,0.3841071594756805,-2.2132946411395253
0.26662487718695227,-0.4678954935402583,0.2810147572786162,1790751014,65249883,0.13099999725818634,0.18883239757090423,-0.47992503377443546,0.38572683661326546,-2.175366781351007
0.2728661554033499,-0.4688228825771963,0.2857306429785658,1790751014,115623310,0.13099999725818634,0.19115351456733135,-0.4805413763546883,0.387449473648386,-2.1370708704294668
0.2762519523709044,-0.47011547912636215,0.29363665015038604,1790751014,165284222,0.12700000405311584,0.1933838475273837,-0.48116164772758135,0.3892392672085406,-2.099155888387334
0.2820689463493073,-0.4710964497981677,0.29876344961549856,1790751014,215997836,0.12700000405311584,0.19558952748426592,-0.4818054088318465,0.3911519193434422,-2.0604078197999502
0.28681917803879686,-0.4721558315883913,0.30465400982375,1790751014,265580497,0.12600000202655792,0.19765956271008553,-0.4824405000547145,0.39308923526964706,-2.022752987302818
0.2935351909683384,-0.4729994367439983,0.3086802478906457,1790751014,315374142,0.12800000607967377,0.19965982961920298,-0.4830865516060832,0.3951074901336149,-1.9849761984267595
0.29640360471102534,-0.47426746149866045,0.31630264566248306,1790751014,365472539,0.125,0.20160135477464158,-0.48374829843936185,0.3972201786074713,-1.9468039795863985
0.3004521976686534,-0.47538907038327793,0.32267755789446617,1790751014,415316674,0.12399999797344208,0.2034514103483278,-0.48441564104703916,0.39939370859757906,-1.908794931922979
0.3066168763694441,-0.47630892538570935,0.3273581462212696,1790751014,465156995,0.12600000202655792,0.20520498435136272,-0.48508654173777693,0.4016183786420041,-1.8710476639541782
0.3102179826617426,-0.47747435133768484,0.3340784016364903,1790751014,515697682,0.125,0.206892442016559,-0.4857737671546869,0.40393505735000845,-1.8328199982579232
0.3126564266398733,-0.47870552411565476,0.3413665279015078,1790751014,565343659,0.12300000339746475,0.20847567200376202,-0.48646238763578076,0.40629111698420317,-1.7949339514191596
0.31480891639554687,-0.4799498937497199,0.34872666996903406,1790751014,615309953,0.12099999934434891,0.20997864472842762,-0.48716364136710133,0.40872313510526637,-1.7567422211193677
0.3184147356652305,-0.481085891656606,0.35517303995166316,1790751014,665363469,0.12099999934434891,0.21138794437107314,-0.4878722388027426,0.41121062804234965,-1.7185238504947484
0.3226785278377229,-0.48218718704981667,0.3613299389151483,1790751014,715508764,0.12200000137090683,0.21270167638719914,-0.4885883695653315,0.41375242781002786,-1.6802426919272349
0.3276296215411739,-0.48326017782277386,0.36726437309507437,1790751014,765405539,0.12399999797344208,0.21391294180895998,-0.48930968553515614,0.41633493152406054,-1.6420455200960913
0.326796153134074,-0.48463488264406723,0.37562930536091216,1790751014,815380018,0.11999999731779099,0.21502507877213956,-0.49003820393199543,0.41896555359848087,-1.6037694888906984
0.3300301191222815,-0.485646630822075,0.3813865602834114,1790751014,865381461,0.12099999934434891,0.21592322870047198,-0.4906859813140538,0.42132679496244885,-1.569893490277659
0.33208759463007165,-0.4866928873494857,0.387463546623048,1790751014,915659572,0.12099999934434891,0.21672517920425508,-0.4913252784206951,0.4236720249315483,-1.5366384075317954
0.33120499983265783,-0.48733893506617587,0.39136314674457917,1790751014,965416966,0.11900000274181366,0.21712819025631747,-0.4916748157410004,0.42495901417211734,-1.5185364875714351
0.33108321312200195,-0.4878704279853624,0.39451280827215207,1790751015,15837263,0.11800000071525574,0.21745899056021772,-0.491979288091683,0.42608262747748127,-1.5028104688200024
0.33318374429894415,-0.4879075110012481,0.3945983127097124,1790751015,65494138,0.11999999731779099,0.21752732194750576,-0.49204446953647557,0.42632333279187073,-1.49945051085297
0.33035745675252964,-0.48805133044575283,0.39562484673022236,1790751015,115571682,0.11699999868869781,0.21755318166024645,-0.49206939055871945,0.4264152739274598,-1.498167947456564
0.33036731250362794,-0.4880574612468124,0.39566027259533326,1790751015,165621736,0.11699999868869781,0.21755709525420416,-0.4920731726086466,0.4264292283714324,-1.4979733228683472
0.3342240727431084,-0.48792017194544257,0.39460834229911534,1790751015,215292981,0.12099999934434891,0.21755709525420416,-0.4920731726086466,0.4264292283714324,-1.4979733228683472
0.3332598808872945,-0.4879544943347151,0.394871325363013,1790751015,265596879,0.11999999731779099,0.21755709525420402,-0.49207317260864636,0.4264292283714324,-1.4979733228683472
0.32940312064781413,-0.48809178363608513,0.39592325565923087,1790751015,315881935,0.11599999666213989,0.21755709525420416,-0.4920731726086466,0.4264292283714324,-1.4979733228683472
0.33036731250362794,-0.4880574612468124,0.3956602725953333,1790751015,365549661,0.11699999868869781,0.21755709525420416,-0.4920731726086466,0.4264292283714324,-1.4979733228683472
0.33036731250362794,-0.4880574612468124,0.39566027259533326,1790751015,416433350,0.11699999868869781,0.21755709525420416,-0.4920731726086466,0.4264292283714324,-1.4979733228683472
0.33229569621525545,-0.48798881646826686,0.3951343064675381,1790751015,472568918,0.11900000274181366,0.21755709525420416,-0.4920731726086466,0.4264292283714324,-1.4979733228683472
0.33036731250362794,-0.4880574612468124,0.39566027259533326,1790751015,515813924,0.11699999868869781,0.21755709525420416,-0.4920731726086466,0.4264292283714324,-1.4979733228683472
0.3319923594323063,-0.4879329583653346,0.39403927398209276,1790751015,565317650,0.11900000274181366,0.21743823097924056,-0.49208942132265837,0.4259935557389178,-1.5036557998302968
0.3306636047994616,-0.4879026644099206,0.39301792009926423,1790751015,615371324,0.11800000071525574,0.21729399095271235,-0.4921088190921241,0.42547772736654,-1.510395332496647
0.3284510857934556,-0.4877303470950275,0.3891168982121254,1790751015,665143228,0.11699999868869781,0.21679799641421743,-0.49217365068311547,0.4237989451305417,-1.5324193065979037
0.3297394955207417,-0.48737475569218947,0.3834018666731398,1790751015,715698822,0.11999999731779099,0.21618310622588338,-0.49224996555590983,0.4218879438357853,-1.5576727656420961
0.3263021651128428,-0.4870771562140606,0.3768327632720762,1790751015,765486800,0.11900000274181366,0.2152043680339238,-0.49236336823281246,0.41914512670471593,-1.594304879054925
0.3252194237978933,-0.48663522288355654,0.36885058473894544,1790751015,815423815,0.12099999934434891,0.21405594591007576,-0.4924889447007761,0.41627858244181865,-1.6331400822606013
0.32099356241005933,-0.4863416116158767,0.3619444843607099,1790751015,866016947,0.11999999731779099,0.21276088101471768,-0.49262465111601544,0.41338580480336584,-1.672987692819182
0.3174773468623237,-0.4860240644077085,0.354945829447062,1790751015,915351810,0.11999999731779099,0.211383018359825,-0.4927640549858501,0.4106105879831438,-1.711932091738442
0.31361103924412387,-0.48571881097993774,0.3479605016383349,1790751015,965295863,0.11999999731779099,0.20986765374960004,-0.49291366326432656,0.4078399089751673,-1.7516227683326637
0.31113100825158146,-0.48530436614421485,0.3400352714864425,1790751016,15421389,0.12200000137090683,0.20823373174327275,-0.49307192687793167,0.40511841693841,-1.7915093270986366
0.30668309343332767,-0.4850337682079268,0.3333383041146215,1790751016,65283534,0.12200000137090683,0.2065075337529589,-0.49323767769451704,0.40248708173477893,-1.8310606709932542
0.3018740853602875,-0.48478050894746444,0.3266985562252228,1790751016,116149926,0.12200000137090683,0.20464057401968688,-0.4934157011394057,0.39987695510553994,-1.8713853986176403
0.29778391661973463,-0.4844867730960131,0.3198903203515997,1790751016,165308733,0.12300000339746475,0.20275322404303056,-0.4935958520242125,0.3974479955697761,-1.9100464959435122
0.29330315448081756,-0.48420619125026204,0.31310451305873177,1790751016,215464009,0.12399999797344208,0.20073392987029284,-0.4937888728599973,0.3950502900431885,-1.9494396706606134
0.2892468576191627,-0.4838648817420338,0.305783683093927,1790751016,265249802,0.12600000202655792,0.19862228761060324,-0.49399232043263397,0.39273552497795183,-1.9888238279497739
0.2827127946553969,-0.48378657967386984,0.3006728394339073,1790751016,315458402,0.125,0.19639810122505866,-0.4942082609810463,0.3904846552309303,-2.028594335244825
0.27801201117081903,-0.4834844772382821,0.29363852142433927,1790751016,365303408,0.12700000405311584,0.19409502127471887,-0.49443479729662687,0.3883329263640667,-2.068218120976979
0.2704028391519061,-0.4835552615169969,0.2897941404120447,1790751016,415480518,0.125,0.19168988519417526,-0.49467432612060225,0.38625987153760555,-2.108132139477957
0.2663718261031518,-0.48311893203284617,0.2815883400240642,1790751016,465241079,0.1289999932050705,0.18923346765078297,-0.4949231387803146,0.38430801976093404,-2.14758353993044
0.25841132318344945,-0.48325658012624784,0.2783185576746325,1790751016,515618866,0.12700000405311584,0.1866711087171835,-0.495186865575676,0.3824339309243153,-2.187499292254653
0.2531229117917869,-0.48295541613575743,0.2712548933556199,1790751016,565201657,0.12999999523162842,0.18406473577989935,-0.4954605810596427,0.3806833537137964,-2.2269929817593854
0.2472756172797318,-0.48267425270914915,0.2642451988931911,1790751016,615912918,0.13300000131130219,0.18132645874103592,-0.4957536575791154,0.37899988509419924,-2.267426331059643
0.23895665059524102,-0.48291679043235364,0.26194860129505787,1790751016,665475820,0.13099999725818634,0.17860467714223138,-0.49605167943222456,0.3774739806406074,-2.306695392397929
0.230584211442525,-0.4832008996187,0.2600000326201473,1790751016,715363872,0.1289999932050705,0.17580951983956938,-0.4963642062441084,0.3760494133397135,-2.346179265834226
0.22367022823180543,-0.48311412559449357,0.25471623244453884,1790751016,765719123,0.13099999725818634,0.17292573783729437,-0.4966946602200004,0.374722753332079,-2.386150194292965
0.21552533257192877,-0.48337035837526254,0.2525180854652856,1790751016,815395211,0.12999999523162842,0.1700295943766775,-0.4970342397324448,0.37352814666909384,-2.425602976982986
0.2072946370540454,-0.48366688404389935,0.25064637875948714,1790751016,865245466,0.1289999932050705,0.16707375528225146,-0.49738995364525324,0.3724452140458888,-2.4652684452431775
0.19893808151809492,-0.4840048391766189,0.24909020837135842,1790751016,915680291,0.12800000607967377,0.1640411253642196,-0.49776403427006677,0.37147030707197015,-2.505413076465698
0.19120243429680692,-0.4841602809740786,0.2459950271866787,1790751016,965034385,0.1289999932050705,0.16103742027827256,-0.4981448934194297,0.3706365162299471,-2.544721575707192
0.18348578502618015,-0.4841400596875655,0.2412081108182107,1790751017,15664601,0.13199999928474426,0.1579246120765446,-0.49855000875814565,0.36990535094555216,-2.585050471940962
0.17480050992468987,-0.48469979453514256,0.24164765037296718,1790751017,65615903,0.12999999523162842,0.15482714778964402,-0.4989649864353911,0.36930957839105255,-2.624858381369036
0.16646751854052375,-0.4849732210438407,0.23947377438425146,1790751017,116126996,0.13099999725818634,0.1516738582031289,-0.49939924255899604,0.3688338795121884,-2.6651161437719124
0.15793888529697775,-0.4856097482258817,0.24062388648479316,1790751017,165575064,0.1289999932050705,0.14855961414613142,-0.499841364124927,0.36849291568455356,-2.7046945688115027
0.14965684767641008,-0.4857351274534025,0.23715011634831654,1790751017,215285652,0.13199999928474426,0.14541643087633774,-0.5003005682459376,0.3682755014232642,-2.744512153494442
0.1412090321055168,-0.4866699149083986,0.24096997472362133,1790751017,265241723,0.12800000607967377,0.14228079127981327,-0.5007732871942866,0.3681861206282764,-2.7841844655145787
0.13273345406646528,-0.4868718271305367,0.23817276213902008,1790751017,315349545,0.13099999725818634,0.13914101401173004,-0.5012610459199163,0.36822234053058595,-2.8239124338395727
0.12433528295874821,-0.48755642590428305,0.23969290170356605,1790751017,365378052,0.12999999523162842,0.13598794425878194,-0.5017671881226382,0.3683873789822103,-2.863890972886765
0.11593305398014232,-0.4881679803186432,0.24055986986732258,1790751017,415246762,0.12999999523162842,0.13285105010688467,-0.5022868718372496,0.36867870950289205,-2.903800000956028
0.10734583129386732,-0.48871535291230145,0.24079763267786944,1790751017,465498335,0.13099999725818634,0.1297094132980993,-0.5028254912233355,0.3691010756497099,-2.943986924178776
0.09898722469187204,-0.48940590927472233,0.24235580142214697,1790751017,515520314,0.13099999725818634,0.12660378901598546,-0.5033758896357124,0.36964745199393617,-2.9839850004498394
0.09070002336712464,-0.4901350833388172,0.24425340935795858,1790751017,565315819,0.13099999725818634,0.12352527103204695,-0.5039413178744443,0.37032041648245806,-3.023988113813246
0.0827394922819687,-0.4910097974268092,0.24745107386027368,1790751017,615373604,0.12999999523162842,0.12045973763640268,-0.504524320134448,0.37112216800360787,-3.0642361618920804
0.07401509422362501,-0.49160794269759006,0.24812911099734747,1790751017,665304666,0.13199999928474426,0.11744886248745391,-0.5051189053326426,0.3720442491938193,-3.1042656112128224
0.06624063635004805,-0.49256273426233244,0.2520056956679568,1790751017,715971399,0.13099999725818634,0.11443804870597714,-0.5057358383688153,0.37310267354947585,-3.1448621310042144
0.0584683841414538,-0.4934299195316325,0.2551899552871262,1790751017,765545653,0.13099999725818634,0.11155095790604597,-0.5063513380025338,0.37425412533366587,-3.184431465657574
0.05255052795219592,-0.49472322767651966,0.26227482455516776,1790751017,815489011,0.12700000405311584,0.10869526929542647,-0.5069839943432068,0.3755287103593124,-3.22426920513988
0.04455778832490555,-0.49557821264053437,0.2652217276741272,1790751017,866070780,0.12800000607967377,0.10584962173027182,-0.5076414375826898,0.3769436651716497,-3.2647854842978146
0.036817821952047775,-0.4964497340618309,0.26842180692643736,1790751017,915529274,0.1289999932050705,0.10312578721199052,-0.5082972464160095,0.37843948023855595,-3.30443105010775
0.029647213188011903,-0.49746026057064535,0.27283928044607997,1790751017,965425567,0.1289999932050705,0.10043655377116603,-0.5089740328454918,0.3800647464264777,-3.344548785400176
0.023838837515790634,-0.498673835721473,0.2791555055930489,1790751018,15240721,0.12700000405311584,0.09782071338942815,-0.5096620888143144,0.3817953680524111,-3.384623418029711
0.017068663505324558,-0.49975059687286416,0.2841375179350916,1790751018,65327422,0.12700000405311584,0.09525690669520359,-0.5103694917761303,0.38365052576525,-3.425084941231617
0.011777036210065275,-0.5010234275868033,0.29093422785373063,1790751018,115621912,0.125,0.0927617627678529,-0.5110919650754914,0.3856184325406754,-3.4657468418164807
0.004206561420126501,-0.501988608179001,0.29489439243616833,1790751018,165303610,0.12700000405311584,0.09038567410771024,-0.51181659842352,0.38766061567300075,-3.505862169969483
0.00024227219110536935,-0.503373238479318,0.30277238157512987,1790751018,215394840,0.12399999797344208,0.08807921822749878,-0.5125576496602566,0.38981442313938086,-3.546298649443479
-0.0048460832347072685,-0.5046382266838665,0.3094497836162577,1790751018,266150444,0.12300000339746475,0.08584050051239289,-0.5133192447342766,0.39209108255126346,-3.587235254419647
-0.011735553955156935,-0.5056798395253579,0.3141700069781744,1790751018,315253204,0.125,0.08376938629266939,-0.5140654580379495,0.3943790325951235,-3.62683257354641
-0.015407689218104495,-0.507035355604514,0.32178453343339486,1790751018,365456637,0.12300000339746475,0.08176123683072034,-0.5148352752167918,0.39679361221947484,-3.667146956496122
-0.01950432959823721,-0.5083328535085123,0.3288711183191293,1790751018,415484617,0.12200000137090683,0.07986421032600691,-0.5156105298110275,0.39927658000684907,-3.7072885564541513
-0.02077447265092859,-0.5098141015498431,0.33773018459689064,1790751018,465266955,0.11800000071525574,0.07807107704051841,-0.5163963918879739,0.4018412673275745,-3.7475054474685963
-0.024209971792601565,-0.5111406591787385,0.3450396908536835,1790751018,515513741,0.11699999868869781,0.07636969540771046,-0.5171984302456724,0.404504248774603,-3.7881475239893696
-0.031693817990917875,-0.5122327716230727,0.3500521620229082,1790751018,565257856,0.12099999934434891,0.07479223447815021,-0.5180044498942603,0.40722215590799804,-3.828575875541864
-0.03459134563119817,-0.5136102063753233,0.35779256690489536,1790751018,615644810,0.11999999731779099,0.07331117017910786,-0.5188284909322001,0.410040207467508,-3.869562141007224
-0.033390800035760906,-0.5151180078403432,0.3670115525039449,1790751018,665075942,0.11500000208616257,0.07198525397274888,-0.519638271450474,0.41284227296858467,-3.9094961648093376
-0.038315644293023546,-0.5163782134680253,0.3736076211008154,1790751018,715583017,0.11699999868869781,0.07075312989100446,-0.5204703581765497,0.41575327974833565,-3.95024914833209
-0.03796419885837671,-0.5176696956053507,0.38125226897562087,1790751018,765976063,0.11400000005960464,0.06976277816769078,-0.5212126414431516,0.4183783510366921,-3.9864492664906193
-0.041977420807724264,-0.5187540399550503,0.38700476341362566,1790751018,815108388,0.11599999666213989,0.06891093762273015,-0.5219235514069752,0.42091236414519684,-4.020967190660204
-0.04116252783768179,-0.5194616215924768,0.3912352061541477,1790751018,865260719,0.11400000005960464,0.06846589426663943,-0.5223305488122392,0.4223700473632231,-4.040656430889922
-0.04204550691292522,-0.5200242295647041,0.39438383095050633,1790751018,916211122,0.11400000005960464,0.0681074395410099,-0.5226809521709206,0.4236288343887003,-4.057570952646388
-0.0431889022860448,-0.520118218287325,0.39478553894822777,1790751018,965451919,0.11500000208616257,0.06803587022035114,-0.5227537504140888,0.42389059746262797,-4.061078607236649
-0.042289129983306126,-0.520186327177418,0.39529158226066247,1790751019,15254017,0.11400000005960464,0.06800849208327947,-0.522781904408154,0.42399171394826635,-4.06243276239253
-0.04326740553182658,-0.5201707760777592,0.39508030659227417,1790751019,65543765,0.11500000208616257,0.06800414773978723,-0.522786385712755,0.42400781078079897,-4.062648296356201
-0.042299824864423796,-0.5201935205550481,0.39533185061216136,1790751019,115720014,0.11400000005960464,0.06800414773978718,-0.5227863857127549,0.42400781078079897,-4.062648296356201
-0.0432674055318267,-0.5201707760777593,0.3950803065922742,1790751019,165141729,0.11500000208616257,0.06800414773978715,-0.5227863857127552,0.42400781078079897,-4.062648296356201
-0.042299824864423824,-0.5201935205550482,0.39533185061216136,1790751019,215382756,0.11400000005960464,0.06800414773978715,-0.522786385712755,0.42400781078079897,-4.062648296356201
-0.0432674055318267,-0.5201707760777592,0.39508030659227406,1790751019,265281900,0.11500000208616257,0.06800414773978715,-0.522786385712755,0.42400781078079885,-4.062648296356201
-0.04326740553182659,-0.5201707760777593,0.39508030659227417,1790751019,316037227,0.11500000208616257,0.06800414773978726,-0.5227863857127552,0.42400781078079897,-4.062648296356201
-0.04326740553182658,-0.5201707760777592,0.39508030659227417,1790751019,372082071,0.11500000208616257,0.06800414773978723,-0.522786385712755,0.42400781078079897,-4.062648296356201
-0.04229982486442374,-0.5201935205550482,0.3953318506121614,1790751019,418894537,0.11400000005960464,0.06800414773978723,-0.522786385712755,0.424007810780799,-4.062648296356201
-0.0419549218325143,-0.5201251456223878,0.39403573645661333,1790751019,466632314,0.11400000005960464,0.0681446623193996,-0.5228041246984465,0.42347898108548415,-4.055489859261887
-0.04251698217193288,-0.5200236140678522,0.3923044643488132,1790751019,515979233,0.11500000208616257,0.06830823625342482,-0.5228243399322438,0.4228810464897538,-4.047380654591988
-0.03921699712743597,-0.519827810960718,0.3881380809051833,1790751019,565161993,0.11299999803304672,0.06886976647869825,-0.5228911893722086,0.42095372963148825,-4.021123588372584
-0.03746092834335167,-0.5195465548318288,0.38269282968694046,1790751019,616566444,0.11299999803304672,0.06958747195994076,-0.5229712718938034,0.4187193596477907,-3.9904363881668554
-0.03658254748700869,-0.519089267670854,0.37440909100291525,1790751019,665294784,0.11500000208616257,0.07070788689009455,-0.5230865357369113,0.41561327791393166,-3.947273754358091
-0.035951281437586566,-0.5185530079433088,0.3650316453500685,1790751019,715548533,0.11800000071525574,0.07207115678200927,-0.523217519774173,0.4122904576423138,-3.900341613643767
-0.03215661124602438,-0.518139263912335,0.35691646459978876,1790751019,765410288,0.11800000071525574,0.0735780734942952,-0.523355412203939,0.4090410116833423,-3.853549706134421
-0.02799438298252528,-0.5177436844733384,0.34897800553053426,1790751019,815242349,0.11800000071525574,0.07522977796330975,-0.5235009078590414,0.40586057882601567,-3.8067445861382274
-0.024295080944674266,-0.5173137408431149,0.340668944471495,1790751019,865207299,0.11900000274181366,0.07703580581528029,-0.5236564088130164,0.4027400537254508,-3.7596453714552807
-0.0201792630449356,-0.5168964247562008,0.33247834648700625,1790751019,915268204,0.11999999731779099,0.07898629988153517,-0.5238215392628744,0.39969615123259034,-3.712422694436921
-0.01485947780604148,-0.5165581553402384,0.32504340951686805,1790751019,965387471,0.11999999731779099,0.08107576891082739,-0.5239976662467721,0.39674474472838916,-3.665171325577935
-0.009913110978637604,-0.51617702851037,0.3171525213388598,1790751020,16030981,0.12099999934434891,0.08332041968245135,-0.5241865004479844,0.3938620837224427,-3.6174311353457695
-0.00398346450675037,-0.515894899508964,0.3103019271654143,1790751020,65206676,0.12099999934434891,0.08563752298672156,-0.5243829392721717,0.3911538388497128,-3.5708423258424546
0.0023776673469127763,-0.5156371655203743,0.30359800673523346,1790751020,115315757,0.12099999934434891,0.0881224351823644,-0.5245953276751889,0.38850139866385425,-3.5233295655030354
0.008364903359976472,-0.5153352243233448,0.2964664676682666,1790751020,165506107,0.12200000137090683,0.0907256366002187,-0.5248213986007749,0.3859691070271657,-3.4758388685284483
0.013361610016527997,-0.5148988290381936,0.28811688811707803,1790751020,215237075,0.125,0.09341441802201217,-0.5250585478088303,0.3835806406357103,-3.4288006154091617
0.02074551446685384,-0.5147304594461517,0.28223138822771754,1790751020,265185747,0.125,0.09624240261070897,-0.5253134174768191,0.38129309061524647,-3.381211484892026
0.02904299705282251,-0.5146860781910322,0.2774547222090884,1790751020,315601293,0.12399999797344208,0.09920278625260467,-0.5255858847801729,0.3791149292380685,-3.3331115568432366
0.03683343832023833,-0.5145993677433259,0.2723502256968241,1790751020,365215843,0.12399999797344208,0.10220113465955055,-0.5258691600705492,0.37711689765697737,-3.2859415736756312
0.04447612842774788,-0.5144576625619671,0.26667473105575146,1790751020,415555981,0.125,0.10532920927238047,-0.5261721133536603,0.3752319703093619,-3.238111187373782
0.05282930800536767,-0.5144501585277769,0.262247356661624,1790751020,465593127,0.125,0.10852818650227969,-0.5264911679525109,0.3735022398183633,-3.1904657837202923
0.06138195754716952,-0.514485145507173,0.2582082720841969,1790751020,515635244,0.125,0.1118027862576742,-0.526827000580679,0.3719202707716288,-3.1427967314014555
0.06967614982122183,-0.5144636317499776,0.2536736456319028,1790751020,565430184,0.12600000202655792,0.1151172100038405,-0.5271778221514258,0.3705045487466522,-3.095536653561237
0.07756480479055876,-0.5142760177123055,0.2476268969994896,1790751020,615184216,0.1289999932050705,0.11848528240369638,-0.5275451792546606,0.36924285857848554,-3.0483475535231177
0.08704005477840794,-0.5145446062066249,0.2457079041796653,1790751020,665222778,0.12800000607967377,0.12194117112308529,-0.5279349099988582,0.36812772854910114,-3.000683253865448
0.09684908394221133,-0.5149713421264404,0.24519015083752305,1790751020,715625018,0.12600000202655792,0.12547052085524152,-0.5283460333271238,0.36716527737983246,-2.952632552336925
0.10524619099181937,-0.5146992298729529,0.23832009810441712,1790751020,765273328,0.13099999725818634,0.12901603344780774,-0.5287738921364873,0.36637437469614115,-2.904895757635839
0.11540495704205722,-0.5153371083851891,0.23966828863486145,1790751020,815561123,0.12800000607967377,0.13264328291547225,-0.5292269079894789,0.36573936043339556,-2.856465661161388
0.12491879383846984,-0.515592191302566,0.23755627808422036,1790751020,865473443,0.1289999932050705,0.1362665380388734,-0.5296965682272754,0.3652797821859955,-2.808409752260717
0.13466534214319542,-0.5160083561343616,0.23687674880080992,1790751020,915690173,0.1289999932050705,0.13992583098549277,-0.5301883436413729,0.3649870663335883,-2.760063242113054
0.14434127799824403,-0.5164726272598189,0.23665693760396028,1790751020,965487418,0.1289999932050705,0.14355940961927774,-0.5306959028409886,0.3648680344734915,-2.7121605892807605
0.15389510685097724,-0.5173202473277893,0.23986556670808018,1790751021,15501721,0.12600000202655792,0.1472061723813175,-0.5312248551385654,0.3649172382202263,-2.664055822073578
0.1636860451923302,-0.5175544890195002,0.23756866882704455,1790751021,65073196,0.1289999932050705,0.15082315281569633,-0.5317709130994587,0.3651360531107797,-2.616236862899307
0.1732819058660549,-0.5182899455727185,0.23969967249940977,1790751021,115431168,0.12800000607967377,0.1544810752830596,-0.5323454736467312,0.36552881243268065,-2.56763251699117
0.18256758908211795,-0.5190662174467218,0.2422459166480831,1790751021,165239274,0.12700000405311584,0.15805793667876586,-0.5329313464295952,0.36608466731541894,-2.5197835464240574
0.1920071397487722,-0.5197891352259068,0.2442668767316426,1790751021,215594912,0.12700000405311584,0.16163669037239561,-0.533542356010469,0.36681272836367246,-2.471449491128667
0.20100582002122755,-0.5206663535790428,0.2476684820065101,1790751021,265525381,0.12600000202655792,0.16515693963214417,-0.5341702925827113,0.36770390143314013,-2.4233628184805944
0.21045182641814958,-0.5213784823787492,0.24959685206120452,1790751021,315469238,0.12700000405311584,0.16863027434164418,-0.5348175407997998,0.3687578797512978,-2.3752350523360595
0.21951709891606883,-0.5222527580348625,0.25292446772353705,1790751021,365256020,0.12700000405311584,0.17206795936659833,-0.5354884249667669,0.369981707168067,-2.3268247388224466
0.22760936219418865,-0.5233832888661795,0.2584942872230345,1790751021,415148869,0.125,0.1754523775872557,-0.5361804902590914,0.3713697964941843,-2.27822967791215
0.23720117458289935,-0.5241559473490455,0.260881356553729,1790751021,465316987,0.12700000405311584,0.1787733917043367,-0.5368938449068078,0.37292126543978144,-2.2295074058774396
0.24522756035631738,-0.5252762488941303,0.2663336776834422,1790751021,515424790,0.12600000202655792,0.18200677485137132,-0.5376239819050862,0.3746234107162665,-2.1808704605730367
0.2545586242388707,-0.5261508241844747,0.26962446559475445,1790751021,565432564,0.12800000607967377,0.1851495829072791,-0.5383718732979368,0.3764749803169226,-2.1322906255470415
0.26089238432068274,-0.5275445357399651,0.27744678765365827,1790751021,615452524,0.125,0.1881976379362958,-0.5391372075663355,0.3784719518853275,-2.083691719077092
0.2698358222883268,-0.5285176419939568,0.2815823585022512,1790751021,665278918,0.12700000405311584,0.19114842007168414,-0.5399211312093047,0.38061394031130436,-2.0350346561038224
0.2780688686413752,-0.5296453436609674,0.2870165336950823,1790751021,715625658,0.12800000607967377,0.1940211360262487,-0.5407304721495916,0.38291804632675774,-1.9858228772581812
0.28111116056557506,-0.5313855957380303,0.2977887141227911,1790751021,765537682,0.12200000137090683,0.19673563822133572,-0.5415439845874728,0.38531915853855747,-1.9373681334350181
0.28918770755725465,-0.5324755340789931,0.3029708087829093,1790751021,815169324,0.12399999797344208,0.1993113806151137,-0.542366727554719,0.3878260363439074,-1.8892450927829905
0.29491200772067605,-0.5338684991462178,0.3106686374331796,1790751021,865176265,0.12300000339746475,0.2018064208238504,-0.5432195918536724,0.39049913028867045,-1.8402656534896085
0.29955875944916355,-0.5353893361625498,0.3193568371167525,1790751021,916121055,0.12099999934434891,0.2042131616376565,-0.5441045591108694,0.3933450909700491,-1.7902716994147458
0.30432355684551554,-0.5368094000265321,0.3273227579348974,1790751021,965252917,0.11999999731779099,0.20639433983637762,-0.5449708518249076,0.39619407647019056,-1.7421261246788176
0.30797447339203476,-0.5383546273660812,0.3362150162030607,1790751022,15794324,0.11800000071525574,0.20849008632109958,-0.5458744517859966,0.3992254053354438,-1.6926104232773342
0.3128315920279869,-0.5397820178706259,0.3441344387369365,1790751022,65717561,0.11800000071525574,0.21041780513147623,-0.5467831390489227,0.4023272280201738,-1.6435239197449982
0.3164041535244735,-0.5412906722622707,0.35272212078874343,1790751022,115587094,0.11699999868869781,0.2121885563252917,-0.5477025073611393,0.40551414068037195,-1.5944600827735849
0.321362579364958,-0.5427165979434732,0.36062212121551673,1790751022,165448543,0.11800000071525574,0.213802025525302,-0.5486330651918002,0.4087856223528541,-1.5453254481335503
0.3259594370181826,-0.5441800162308904,0.3688211731969539,1790751022,215463012,0.11900000274181366,0.21525541192364356,-0.5495760960042441,0.4121397812482167,-1.496025819791836
0.3266592932156567,-0.5454631543358504,0.3763299568952288,1790751022,265406249,0.11699999868869781,0.21627471329480777,-0.5503209173202327,0.4148091246050504,-1.4574465229348923
0.3298218026623072,-0.5465794150270997,0.3826179158689873,1790751022,315844647,0.11800000071525574,0.21715279941960425,-0.5510394578847169,0.4174001512026223,-1.420475465482899
0.32982418904765753,-0.5471652140114552,0.3860450602362439,1790751022,365298649,0.11699999868869781,0.21753320799834938,-0.5513798827550227,0.41863296958190777,-1.4030307053291315
0.3276760630750704,-0.5477188362506993,0.3894151527733581,1790751022,415783408,0.11400000005960464,0.21782816845124858,-0.5516590428005892,0.41964617711339325,-1.3887574754656644
0.3287503033469188,-0.5477536590392662,0.3895456797046337,1790751022,465316420,0.11500000208616257,0.21787257612209365,-0.551702349403158,0.4198035370260762,-1.3865457819473526
0.3277926603149689,-0.5477920873970923,0.3898321265866704,1790751022,515246990,0.11400000005960464,0.2178752139921225,-0.5517049119998076,0.4198128672560139,-1.3864147290124313
0.3277936890419074,-0.5477927338839457,0.38983581331620326,1790751022,565813907,0.11400000005960464,0.21787563063895526,-0.5517053168719338,0.41981434138008866,-1.3863940238952637
0.32875788449015997,-0.5477584129110069,0.3895728432389977,1790751022,615206011,0.11500000208616257,0.21787563063895526,-0.5517053168719338,0.41981434138008866,-1.3863940238952637
0.3287578844901601,-0.547758412911007,0.38957284323899777,1790751022,665279637,0.11500000208616257,0.21787563063895535,-0.5517053168719339,0.4198143413800887,-1.3863940238952637
0.32972207275461124,-0.5477240921937788,0.3893098751210679,1790751022,716611301,0.11599999666213989,0.21787563063895526,-0.5517053168719338,0.41981434138008866,-1.3863940238952637
0.3287578844901601,-0.5477584129110068,0.3895728432389977,1790751022,768048308,0.11500000208616257,0.21787563063895538,-0.5517053168719337,0.41981434138008866,-1.3863940238952637
0.32972207275461124,-0.5477240921937788,0.3893098751210679,1790751022,817707487,0.11599999666213989,0.21787563063895526,-0.5517053168719338,0.41981434138008866,-1.3863940238952637
0.3284263336878254,-0.5476994110889678,0.38837738941659283,1790751022,865160364,0.11500000208616257,0.2177430088620134,-0.5517240172711105,0.4193290392983009,-1.392704850555179
0.3280195989968662,-0.5476292197216586,0.38695026091734536,1790751022,915435251,0.11500000208616257,0.21758026307149606,-0.5517465445812195,0.41874965078855947,-1.4002534570984682
0.32740481233809515,-0.5473406529074637,0.3814998571974766,1790751022,965458730,0.11599999666213989,0.21695284415916857,-0.5518307089104459,0.4166595123167741,-1.4276190401410254
0.32639823044618643,-0.5470211155957896,0.3753899000231355,1790751023,15292383,0.11699999868869781,0.21617584367885315,-0.5519286159416039,0.4143249945886237,-1.4584645420135505
0.32388508209774264,-0.5465481004204509,0.36603872985764707,1790751023,66154024,0.11800000071525574,0.21481067615533608,-0.5520862432458157,0.4107164996224565,-1.5068251764129301
0.31895076616080875,-0.5461787098234127,0.3573430400759079,1790751023,115496942,0.11699999868869781,0.21321642397794544,-0.5522583310086772,0.4070651355924501,-1.5567451087968223
0.3152271191847332,-0.5457222158389557,0.34775866152728935,1790751023,165333502,0.11800000071525574,0.2113848566044118,-0.5524477225582459,0.4033963486680101,-1.6081037352450407
0.31094390172768294,-0.5452845409612336,0.3382775127089035,1790751023,215328109,0.11900000274181366,0.2093501129182838,-0.5526511252200945,0.3998034110303418,-1.659795457241504
0.3053438676316346,-0.5449409999540249,0.3295954742429943,1790751023,265052372,0.11900000274181366,0.20714378558243213,-0.5528682430493227,0.39634053664456537,-1.7112237062049154
0.29839559848856057,-0.5447003197295279,0.3216815702384669,1790751023,315612956,0.11800000071525574,0.20471794218082653,-0.5531041443619417,0.392940763393021,-1.763519769200406
0.2927526962691316,-0.5443645795160813,0.3130892331306049,1790751023,365215885,0.11900000274181366,0.20218158469569342,-0.5533509938613291,0.3897516017224961,-1.8145765254589743
0.2872690847694047,-0.5439787704698027,0.30398121878988216,1790751023,415500837,0.12099999934434891,0.19944780221086506,-0.553617686147997,0.38665838296267074,-1.8662905475049254
0.28183423642282773,-0.5435368002736474,0.2942905285853056,1790751023,465800752,0.12399999797344208,0.19652243709262004,-0.5539065969760695,0.3836793629484767,-1.9186322386643693
0.2726666009236832,-0.5435590270733504,0.2886947749011954,1790751023,515134299,0.12200000137090683,0.19349708618691652,-0.5542090581579541,0.3809052141623936,-1.9700823012778088
0.2655873244034592,-0.5432808991465465,0.28038386319124275,1790751023,565363556,0.12399999797344208,0.19027752418061583,-0.5545374379867993,0.3782497092313549,-2.022434632039034
0.25744203829993906,-0.5431359054722535,0.27323042459979086,1790751023,615493850,0.125,0.18692926262280152,-0.5548855929097006,0.37577257842653655,-2.074677656451789
0.2478065054744023,-0.5432346468465241,0.26816514865987007,1790751023,665348198,0.12399999797344208,0.1834426819747082,-0.5552575795031589,0.3734682673802949,-2.1271462260458587
0.23883963879634268,-0.5431965757344487,0.2618578542266562,1790751023,715458908,0.125,0.1798137696138931,-0.5556543421666675,0.37133730811082855,-2.1799807558892663
0.23001061133783104,-0.5431106056785848,0.2551583496653506,1790751023,765334236,0.12700000405311584,0.17611235213876364,-0.5560713641108983,0.3694211932570485,-2.2323600289227112
0.21961630992132067,-0.5433878250039443,0.2516581993226179,1790751023,815226982,0.12600000202655792,0.17231696677450753,-0.5565111989061792,0.3677036632839239,-2.2847194925849728
0.2093195455800987,-0.5436282310667704,0.2477572384259275,1790751023,865656889,0.12600000202655792,0.16839809842954195,-0.5569806664708371,0.36617661244292277,-2.3376372747013163
0.19865768038156964,-0.5440358600139555,0.2453988828412221,1790751023,915598894,0.125,0.16444345535547542,-0.5574695444749551,0.3648724068022491,-2.3900422019090954
0.18845447520294517,-0.5442903727561074,0.24170348997314334,1790751023,965359444,0.12600000202655792,0.160455958769081,-0.5579802947660684,0.36378817215545656,-2.442103924764434
0.17770361513714036,-0.5447210250620349,0.23949383458832502,1790751024,15824157,0.12600000202655792,0.15636319806931206,-0.5585225852084584,0.3629041422922944,-2.4948751026659464
0.16715174682251374,-0.544994858622275,0.2358981930471603,1790751024,65438132,0.12800000607967377,0.15225853682151327,-0.5590875299259223,0.36224529617101503,-2.5473307606467506
0.15605024037751014,-0.5456671700805327,0.23582832210339733,1790751024,115311748,0.12700000405311584,0.14809697340800498,-0.5596815382019337,0.3618019068748131,-2.6001629571864364
0.1450462218495309,-0.5459666233930703,0.23238146071021612,1790751024,165267105,0.12999999523162842,0.14391941703921488,-0.5603024361102773,0.36158368029207943,-2.6530377314462434
0.13407569143147866,-0.5472130705623586,0.23747437503759375,1790751024,215225972,0.125,0.13973894629934414,-0.5609484565896117,0.36158830139150433,-2.705908255204819
0.12310684412903258,-0.5479799098134396,0.23819183216879086,1790751024,265361885,0.125,0.13554353079126716,-0.5616251511371023,0.3618208587526979,-2.7591182959416494
0.11235034063199076,-0.5489199744608277,0.2404809219771229,1790751024,315468734,0.12399999797344208,0.1313697029523664,-0.5623270479138608,0.3622779405603579,-2.8123265410772027
0.10120928844612077,-0.5496003867308631,0.240414195533177,1790751024,365311488,0.12600000202655792,0.12724617361406354,-0.5630526710320436,0.36295854329562655,-2.8653574759556575
0.09070888559317374,-0.5506701483094486,0.2438628441703215,1790751024,415361180,0.125,0.1231499724513775,-0.5638062198357505,0.36386292545493715,-2.9186280757438112
0.08051936859948933,-0.5517960065690214,0.2478443921789184,1790751024,465287277,0.12399999797344208,0.11913363546193717,-0.5645815619191719,0.36498305986161633,-2.9716477428984738
0.07025157220758732,-0.5528776709434657,0.251422441773363,1790751024,515242403,0.12399999797344208,0.11518601918500102,-0.5653806648534508,0.3663161757867308,-3.024676821996427
0.05963017703848274,-0.5539408832188659,0.25471297650443686,1790751024,565665884,0.125,0.11126232249309424,-0.566217206246371,0.36788723792759875,-3.078538959327765
0.05068995319154726,-0.5553373680038138,0.26117299585100595,1790751024,615299970,0.12300000339746475,0.10748884393209349,-0.5670643251986688,0.3696412645814041,-3.13161957131281
0.04154273840915642,-0.5567100446179404,0.26729359354264937,1790751024,665675969,0.12200000137090683,0.10375862098004306,-0.5679500196999258,0.3716336493725332,-3.1856328221152004
0.03071090508424612,-0.5577566622878389,0.27047971954748184,1790751024,715274972,0.125,0.1002001882966341,-0.5688438970546207,0.37379144561889543,-3.2388386093545543
0.024034863017624114,-0.5594918705185467,0.279988200625015,1790751024,765199292,0.12099999934434891,0.09672808539156262,-0.5697710836295163,0.37617049130289826,-3.2927154983583824
0.013495796679526828,-0.5606919525291135,0.2844389641238444,1790751024,815465484,0.12399999797344208,0.09336937727706726,-0.5707259949023167,0.3787550741665863,-3.3470217423491166
0.0079380248341194,-0.5624983321687809,0.2946091855111041,1790751024,865479276,0.11999999731779099,0.09018000818009823,-0.5716970438264092,0.3815093537239988,-3.401079744802226
-0.0012928389484335168,-0.5638946577904176,0.30085961480887735,1790751024,915874711,0.12200000137090683,0.08712811600800892,-0.5726940535002043,0.38445570140528823,-3.4555553303624214
-0.003963676980078462,-0.56585618179614,0.31265182544361164,1790751024,965279805,0.11599999666213989,0.08431926565668153,-0.5736848694505347,0.38749053811707324,-3.5087099090102907
-0.01143612999542827,-0.5673829892200634,0.3202111858692579,1790751025,15421506,0.11699999868869781,0.08164660855619552,-0.5747055299550792,0.3907163904577801,-3.5626141492850945
-0.015169271317918481,-0.5691811936126346,0.33041007432948194,1790751025,65243112,0.11400000005960464,0.07917244366990904,-0.5757377070131098,0.3940705248366435,-3.616288718833215
-0.02090298337101619,-0.5708516549227087,0.33926430692509485,1790751025,115856982,0.11400000005960464,0.0768535808319982,-0.5768006087989737,0.3976103789144744,-3.6708390465167646
-0.024304551041567035,-0.5726307781683492,0.3492527186613682,1790751025,165504171,0.1120000034570694,0.07476339560205639,-0.577866789739105,0.40123470501270586,-3.724808172129181
-0.027118875684981655,-0.5744237177016244,0.35936008295818644,1790751025,215332879,0.10999999940395355,0.07287019707153664,-0.5789499572537905,0.4049857155968456,-3.77905800710986
-0.03189418974610621,-0.5760103080078754,0.3678670817110397,1790751025,265536015,0.11100000143051147,0.07128082727128339,-0.5799785261390492,0.408612258430479,-3.8302272291814243
-0.03427895698788676,-0.577655404331693,0.3771230014312823,1790751025,315428094,0.10999999940395355,0.06990994234050135,-0.5809949289865595,0.41224451479116386,-3.8804454896164002
-0.03416397341028654,-0.5787015718413919,0.3832154272926801,1790751025,365431858,0.1080000028014183,0.06916531664546799,-0.5816201259663552,0.4144970586999415,-3.911153758109673
-0.036560885754692976,-0.5795554240926084,0.38783066779003084,1790751025,415703236,0.10899999737739563,0.06856536012155971,-0.5821762854711061,0.41651172324258723,-3.9383773969795217
-0.03692434392590224,-0.5797927980162101,0.38915501392363183,1790751025,465448795,0.10899999737739563,0.0684138526517678,-0.5823260640213074,0.41705566505194447,-3.9456918775184566
-0.036148801393153046,-0.5799437867166233,0.39012246316931837,1790751025,515628598,0.1080000028014183,0.06833384520536787,-0.5824069452008538,0.4173494720971553,-3.9496367135080748
-0.03617702090345626,-0.5799628469108096,0.39022864826885223,1790751025,566691102,0.1080000028014183,0.06832201457058065,-0.5824190115868816,0.41739332101096993,-3.9502251148223877
-0.037144599291959096,-0.579940104769235,0.3899771248920404,1790751025,615492497,0.10899999737739563,0.06832201457058065,-0.5824190115868817,0.41739332101097004,-3.9502251148223877
-0.037144599291959096,-0.579940104769235,0.3899771248920404,1790751025,665459076,0.10899999737739563,0.06832201457058065,-0.5824190115868817,0.41739332101097004,-3.9502251148223877
-0.034241849708330885,-0.580008331532845,0.39073169877048697,1790751025,715708796,0.10599999874830246,0.06832201457058062,-0.5824190115868815,0.41739332101097,-3.9502251148223877
-0.03811218488952181,-0.5799173624582172,0.389725599641223,1790751025,765505569,0.10999999940395355,0.06832201457058065,-0.5824190115868817,0.41739332101097004,-3.9502251148223877
-0.0361770209034563,-0.5799628469108096,0.39022864826885234,1790751025,815913484,0.1080000028014183,0.06832201457058065,-0.5824190115868816,0.41739332101097004,-3.9502251148223877
-0.03617702090345633,-0.5799628469108095,0.3902286482688523,1790751025,865384403,0.1080000028014183,0.06832201457058062,-0.5824190115868815,0.41739332101097,-3.9502251148223877
-0.03424184970833083,-0.5800083315328451,0.3907316987704869,1790751025,916126117,0.10599999874830246,0.06832201457058065,-0.5824190115868816,0.41739332101096993,-3.9502251148223877
-0.035209435305893585,-0.5799855892218273,0.3904801735196697,1790751025,965858509,0.10700000077486038,0.06832201457058065,-0.5824190115868816,0.41739332101097004,-3.9502251148223877
-0.03424184970833086,-0.5800083315328453,0.390731698770487,1790751026,15567614,0.10599999874830246,0.06832201457058065,-0.5824190115868817,0.41739332101097004,-3.9502251148223877
-0.035209435305893544,-0.5799855892218275,0.3904801735196697,1790751026,65878483,0.10700000077486038,0.06832201457058065,-0.5824190115868817,0.41739332101097004,-3.9502251148223877
-0.03617702090345626,-0.5799628469108096,0.39022864826885223,1790751026,115797034,0.1080000028014183,0.06832201457058065,-0.5824190115868816,0.41739332101096993,-3.9502251148223877
-0.035209435305893544,-0.5799855892218275,0.3904801735196697,1790751026,166530989,0.10700000077486038,0.06832201457058065,-0.5824190115868817,0.41739332101097004,-3.9502251148223877
-0.037144599291959096,-0.579940104769235,0.3899771248920404,1790751026,215648543,0.10899999737739563,0.06832201457058065,-0.5824190115868817,0.41739332101097004,-3.9502251148223877
-0.03907977048708455,-0.5798946201471994,0.3894740743904057,1790751026,265203731,0.11100000143051147,0.06832201457058065,-0.5824190115868817,0.41739332101097004,-3.9502251148223877
-0.0352094353058936,-0.5799855892218273,0.3904801735196696,1790751026,315519099,0.10700000077486038,0.06832201457058062,-0.5824190115868815,0.41739332101097,-3.9502251148223877
-0.033274264110768115,-0.5800310738438631,0.39098322402130437,1790751026,370472028,0.10499999672174454,0.06832201457058065,-0.5824190115868817,0.41739332101097004,-3.9502251148223877
-0.03520943530589361,-0.5799855892218272,0.3904801735196696,1790751026,417280585,0.10700000077486038,0.06832201457058062,-0.5824190115868815,0.41739332101097,-3.9502251148223877
-0.03617702090345626,-0.5799628469108096,0.39022864826885223,1790751026,467339683,0.1080000028014183,0.06832201457058065,-0.5824190115868816,0.41739332101096993,-3.9502251148223877
-0.037144599291959096,-0.579940104769235,0.38997712489204034,1790751026,519482963,0.10899999737739563,0.06832201457058065,-0.5824190115868817,0.41739332101097004,-3.9502251148223877
-0.036177020903456286,-0.5799628469108097,0.39022864826885234,1790751026,565925610,0.1080000028014183,0.06832201457058065,-0.5824190115868817,0.41739332101097004,-3.9502251148223877
-0.03811218488952181,-0.5799173624582172,0.389725599641223,1790751026,615912568,0.10999999940395355,0.06832201457058065,-0.5824190115868817,0.41739332101097004,-3.9502251148223877
-0.03617702090345633,-0.5799628469108095,0.3902286482688523,1790751026,665738073,0.1080000028014183,0.06832201457058062,-0.5824190115868815,0.41739332101097,-3.9502251148223877
-0.03424184970833086,-0.5800083315328453,0.390731698770487,1790751026,716324832,0.10599999874830246,0.06832201457058065,-0.5824190115868817,0.41739332101097004,-3.9502251148223877
-0.03811218488952181,-0.5799173624582171,0.3897255996412229,1790751026,765516387,0.10999999940395355,0.06832201457058065,-0.5824190115868816,0.41739332101096993,-3.9502251148223877
-0.035209435305893544,-0.5799855892218275,0.3904801735196697,1790751026,815660940,0.10700000077486038,0.06832201457058065,-0.5824190115868817,0.41739332101097004,-3.9502251148223877
-0.035209435305893544,-0.5799855892218275,0.3904801735196697,1790751026,866067466,0.10700000077486038,0.06832201457058065,-0.5824190115868817,0.41739332101097004,-3.9502251148223877
-0.036177020903456314,-0.5799628469108095,0.3902286482688523,1790751026,915421976,0.1080000028014183,0.06832201457058062,-0.5824190115868815,0.41739332101097,-3.9502251148223877
-0.03617702090345623,-0.5799628469108098,0.39022864826885245,1790751026,966694573,0.1080000028014183,0.06832201457058068,-0.5824190115868818,0.41739332101097015,-3.9502251148223877
-0.03617702090345623,-0.5799628469108098,0.39022864826885245,1790751027,15967083,0.1080000028014183,0.06832201457058068,-0.5824190115868818,0.41739332101097015,-3.9502251148223877
-0.037144599291959096,-0.579940104769235,0.3899771248920404,1790751027,66362285,0.10899999737739563,0.06832201457058065,-0.5824190115868817,0.41739332101097004,-3.9502251148223877
-0.03424184970833083,-0.5800083315328453,0.390731698770487,1790751027,116879618,0.10599999874830246,0.06832201457058065,-0.5824190115868817,0.41739332101097004,-3.9502251148223877
-0.035209435305893585,-0.5799855892218273,0.3904801735196697,1790751027,167319543,0.10700000077486038,0.06832201457058065,-0.5824190115868816,0.41739332101097004,-3.9502251148223877
-0.038112184889521894,-0.5799173624582169,0.38972559964122294,1790751027,217796940,0.10999999940395355,0.06832201457058062,-0.5824190115868815,0.41739332101097,-3.9502251148223877
-0.035209435305893544,-0.5799855892218275,0.3904801735196697,1790751027,265861821,0.10700000077486038,0.06832201457058065,-0.5824190115868817,0.41739332101097004,-3.9502251148223877
-0.03811218488952181,-0.5799173624582171,0.3897255996412229,1790751027,316495126,0.10999999940395355,0.06832201457058065,-0.5824190115868816,0.41739332101096993,-3.9502251148223877
-0.03907977048708458,-0.5798946201471993,0.38947407439040566,1790751027,365489912,0.11100000143051147,0.06832201457058065,-0.5824190115868816,0.41739332101097004,-3.9502251148223877
-0.036177020903456286,-0.5799628469108096,0.39022864826885234,1790751027,416838824,0.1080000028014183,0.06832201457058065,-0.5824190115868816,0.41739332101097004,-3.9502251148223877
-0.035209435305893544,-0.5799855892218275,0.3904801735196697,1790751027,465387986,0.10700000077486038,0.06832201457058065,-0.5824190115868817,0.41739332101097004,-3.9502251148223877
-0.035209435305893544,-0.5799855892218274,0.39048017351966957,1790751027,516148339,0.10700000077486038,0.06832201457058065,-0.5824190115868816,0.41739332101096993,-3.9502251148223877
-0.036177020903456314,-0.5799628469108095,0.3902286482688523,1790751027,565672387,0.1080000028014183,0.06832201457058062,-0.5824190115868815,0.41739332101097,-3.9502251148223877
-0.037144599291959096,-0.579940104769235,0.38997712489204034,1790751027,615715763,0.10899999737739563,0.06832201457058065,-0.5824190115868817,0.41739332101097004,-3.9502251148223877
-0.03617702090345623,-0.5799628469108098,0.39022864826885245,1790751027,667024268,0.1080000028014183,0.06832201457058068,-0.5824190115868818,0.41739332101097015,-3.9502251148223877
-0.038112184889521894,-0.5799173624582169,0.38972559964122294,1790751027,716700437,0.10999999940395355,0.06832201457058062,-0.5824190115868815,0.41739332101097,-3.9502251148223877
-0.03714459929195915,-0.5799401047692349,0.38997712489204034,1790751027,765501026,0.10899999737739563,0.06832201457058065,-0.5824190115868816,0.41739332101097004,-3.9502251148223877
-0.03617702090345626,-0.5799628469108097,0.39022864826885234,1790751027,817109292,0.1080000028014183,0.06832201457058065,-0.5824190115868817,0.41739332101097004,-3.9502251148223877
-0.037144599291959096,-0.579940104769235,0.3899771248920404,1790751027,865414592,0.10899999737739563,0.06832201457058065,-0.5824190115868817,0.41739332101097004,-3.9502251148223877
-0.03424184970833083,-0.5800083315328453,0.390731698770487,1790751027,916781772,0.10599999874830246,0.06832201457058065,-0.5824190115868817,0.41739332101097004,-3.9502251148223877
-0.03617702090345626,-0.5799628469108097,0.39022864826885234,1790751027,966718888,0.1080000028014183,0.06832201457058065,-0.5824190115868817,0.41739332101097004,-3.9502251148223877
-0.03714459929195915,-0.5799401047692349,0.38997712489204034,1790751028,16112611,0.10899999737739563,0.06832201457058065,-0.5824190115868816,0.41739332101097004,-3.9502251148223877
-0.03617702090345626,-0.5799628469108097,0.39022864826885234,1790751028,65450880,0.1080000028014183,0.06832201457058065,-0.5824190115868817,0.41739332101097004,-3.9502251148223877
-0.037144599291959096,-0.579940104769235,0.3899771248920404,1790751028,117430066,0.10899999737739563,0.06832201457058065,-0.5824190115868817,0.41739332101097004,-3.9502251148223877
-0.03714459929195915,-0.5799401047692349,0.38997712489204034,1790751028,165554724,0.10899999737739563,0.06832201457058065,-0.5824190115868816,0.41739332101097004,-3.9502251148223877
-0.035209435305893544,-0.5799855892218275,0.3904801735196697,1790751028,215519099,0.10700000077486038,0.06832201457058065,-0.5824190115868817,0.41739332101097004,-3.9502251148223877
-0.03617702090345626,-0.5799628469108097,0.39022864826885234,1790751028,265776134,0.1080000028014183,0.06832201457058065,-0.5824190115868817,0.41739332101097004,-3.9502251148223877
-0.035209435305893585,-0.5799855892218273,0.3904801735196697,1790751028,315901130,0.10700000077486038,0.06832201457058065,-0.5824190115868816,0.41739332101097004,-3.9502251148223877
-0.037144599291959096,-0.579940104769235,0.3899771248920404,1790751028,365769199,0.10899999737739563,0.06832201457058065,-0.5824190115868817,0.41739332101097004,-3.9502251148223877
-0.03617702090345626,-0.5799628469108097,0.39022864826885234,1790751028,415881288,0.1080000028014183,0.06832201457058065,-0.5824190115868817,0.41739332101097004,-3.9502251148223877
-0.035209435305893544,-0.5799855892218274,0.39048017351966957,1790751028,466288453,0.10700000077486038,0.06832201457058065,-0.5824190115868816,0.41739332101096993,-3.9502251148223877
-0.036177020903456314,-0.5799628469108095,0.3902286482688523,1790751028,516246301,0.1080000028014183,0.06832201457058062,-0.5824190115868815,0.41739332101097,-3.9502251148223877
-0.04004735608464724,-0.5798718778361817,0.3892225491395883,1790751028,567290794,0.1120000034570694,0.06832201457058065,-0.5824190115868817,0.41739332101097004,-3.9502251148223877
-0.035209435305893544,-0.5799855892218274,0.39048017351966957,1790751028,615390591,0.10700000077486038,0.06832201457058065,-0.5824190115868816,0.41739332101096993,-3.9502251148223877
-0.03617702090345626,-0.5799628469108097,0.39022864826885234,1790751028,665695997,0.1080000028014183,0.06832201457058065,-0.5824190115868817,0.41739332101097004,-3.9502251148223877
-0.03714459929195915,-0.5799401047692349,0.38997712489204034,1790751028,715615362,0.10899999737739563,0.06832201457058065,-0.5824190115868816,0.41739332101097004,-3.9502251148223877
-0.037144599291959124,-0.579940104769235,0.3899771248920404,1790751028,765546691,0.10899999737739563,0.06832201457058065,-0.5824190115868817,0.41739332101097004,-3.9502251148223877
-0.03617702090345626,-0.5799628469108097,0.39022864826885234,1790751028,817964768,0.1080000028014183,0.06832201457058065,-0.5824190115868817,0.41739332101097004,-3.9502251148223877
-0.03617702090345626,-0.5799628469108097,0.39022864826885234,1790751028,865650599,0.1080000028014183,0.06832201457058065,-0.5824190115868817,0.41739332101097004,-3.9502251148223877
-0.03811218488952181,-0.5799173624582172,0.389725599641223,1790751028,916610694,0.10999999940395355,0.06832201457058065,-0.5824190115868817,0.41739332101097004,-3.9502251148223877
-0.03617702090345623,-0.5799628469108096,0.39022864826885234,1790751028,965572470,0.1080000028014183,0.06832201457058071,-0.5824190115868816,0.41739332101097004,-3.9502251148223877
-0.03714459929195915,-0.5799401047692347,0.3899771248920403,1790751029,16710695,0.10899999737739563,0.06832201457058062,-0.5824190115868815,0.41739332101097,-3.9502251148223877
-0.03714459929195915,-0.5799401047692349,0.38997712489204034,1790751029,65592868,0.10899999737739563,0.06832201457058065,-0.5824190115868816,0.41739332101097004,-3.9502251148223877
-0.03617702090345626,-0.5799628469108097,0.39022864826885234,1790751029,115838504,0.1080000028014183,0.06832201457058065,-0.5824190115868817,0.41739332101097004,-3.9502251148223877
-0.037144599291959096,-0.579940104769235,0.3899771248920404,1790751029,165954732,0.10899999737739563,0.06832201457058065,-0.5824190115868817,0.41739332101097004,-3.9502251148223877
-0.037144599291959096,-0.579940104769235,0.3899771248920404,1790751029,216036645,0.10899999737739563,0.06832201457058065,-0.5824190115868817,0.41739332101097004,-3.9502251148223877
-0.03714459929195915,-0.5799401047692347,0.3899771248920403,1790751029,266128428,0.10899999737739563,0.06832201457058062,-0.5824190115868815,0.41739332101097,-3.9502251148223877
-0.03714459929195915,-0.5799401047692349,0.38997712489204034,1790751029,315883718,0.10899999737739563,0.06832201457058065,-0.5824190115868816,0.41739332101097004,-3.9502251148223877
-0.035209435305893544,-0.5799855892218275,0.3904801735196697,1790751029,366660729,0.10700000077486038,0.06832201457058065,-0.5824190115868817,0.41739332101097004,-3.9502251148223877
-0.034241849708330885,-0.580008331532845,0.39073169877048697,1790751029,416425750,0.10599999874830246,0.06832201457058062,-0.5824190115868815,0.41739332101097,-3.9502251148223877
-0.035209435305893544,-0.5799855892218275,0.3904801735196697,1790751029,465287914,0.10700000077486038,0.06832201457058065,-0.5824190115868817,0.41739332101097004,-3.9502251148223877
-0.0361770209034563,-0.5799628469108096,0.39022864826885234,1790751029,517512490,0.1080000028014183,0.06832201457058065,-0.5824190115868816,0.41739332101097004,-3.9502251148223877
-0.03423629219630993,-0.5800058085203189,0.3907090417304199,1790751029,566619182,0.10599999874830246,0.06832416520124145,-0.5824179824801385,0.41738363132112866,-3.9500977758003866
-0.03810004690247122,-0.579911857983699,0.38967620477626363,1790751029,615865330,0.10999999940395355,0.06832660561851325,-0.582416815448682,0.4173726429975593,-3.9499533643234574
-0.03321817235774077,-0.5800056876534682,0.3907551680539247,1790751029,665194710,0.10499999672174454,0.06834386043318677,-0.5824085936004638,0.4172953046389314,-3.948935829925888
-0.03703326683993147,-0.579889891373144,0.38952635728668233,1790751029,716103925,0.10899999737739563,0.06836440056082274,-0.5823988563828959,0.41720371679462825,-3.947730445850246
-0.034978055542476655,-0.579881796438996,0.38954810336466933,1790751029,765550287,0.10700000077486038,0.06841115994100692,-0.582376889621286,0.4169970522979457,-3.9450095044412685
-0.03580765702455206,-0.5797982446574685,0.3887508031224232,1790751029,815433495,0.1080000028014183,0.06846358535974476,-0.582352582299014,0.4167683686118545,-3.941996434432857
-0.036530121965079126,-0.5796693490503437,0.38754666852512387,1790751029,865100932,0.10899999737739563,0.06855643003174874,-0.5823103443146499,0.4163709839845439,-3.9367547600128887
-0.03433024185583601,-0.5796027299088571,0.3870422915916374,1790751029,915977711,0.10700000077486038,0.06866161805484639,-0.5822636488971106,0.41593167490275096,-3.9309514238294416
-0.03584686505932151,-0.5793848732257182,0.3849935698187632,1790751029,965379147,0.10899999737739563,0.06881830167444472,-0.5821961835123404,0.4152970157504969,-3.9225509813055877
-0.03252316249400107,-0.5792858886763538,0.38424429554609396,1790751030,15315068,0.10599999874830246,0.0689916132130494,-0.5821242308920389,0.41462017185039207,-3.9135699405697872
-0.03477342176101346,-0.5789673652536883,0.38124758212066945,1790751030,65338490,0.10899999737739563,0.06923183983421291,-0.5820286617025013,0.41372116296469197,-3.901604009433191
-0.03409474104616468,-0.5787191219251037,0.3790207746674237,1790751030,115362994,0.10899999737739563,0.06949443506660263,-0.5819290714440164,0.41278433852902396,-3.8890876640670333
-0.033195541089862016,-0.578406124920964,0.3762138164983594,1790751030,165568028,0.10899999737739563,0.06984346629244766,-0.5818035195690773,0.41160336432742267,-3.873237482931612
-0.03316479625062917,-0.5780530910130768,0.3730037749699807,1790751030,215271170,0.10999999940395355,0.07022147939747425,-0.5816751376147368,0.4103957347327367,-3.8569412745101683
-0.03286168447168632,-0.577633314776093,0.36919709219809116,1790751030,265324314,0.11100000143051147,0.0707018457685253,-0.5815217073202493,0.40895229217470896,-3.8373376307589573
-0.03058638610804415,-0.5772753059227803,0.3660330477151941,1790751030,315332902,0.10999999940395355,0.07122520801235077,-0.5813650081015285,0.4074778725745526,-3.81716229153472
-0.029857175851562848,-0.5767835889209936,0.3615845243888104,1790751030,365444796,0.11100000143051147,0.07186891525560266,-0.5811848272566252,0.40578216919872284,-3.793755261139834
-0.028069014931217537,-0.5763238823509282,0.35746714594229745,1790751030,415341245,0.11100000143051147,0.07256666876347673,-0.5810026600233021,0.40406723740537814,-3.7698423356674993
-0.024124252452755,-0.5758963979897921,0.3537218216368281,1790751030,465794021,0.10899999737739563,0.07341010105644175,-0.5807977078744998,0.4021369688041079,-3.7426107403317164
-0.02358833595107629,-0.5752860900271899,0.3481736737063172,1790751030,516185889,0.11100000143051147,0.07432276297715837,-0.5805916823009614,0.4001954740871526,-3.714850706639596
-0.020958028705183276,-0.5747376405193733,0.34326252993029516,1790751030,565393638,0.11100000143051147,0.07535767665274347,-0.5803746625622478,0.3981488597535465,-3.6851443804072175
-0.021466943675561012,-0.5739597029372254,0.3361411468926711,1790751030,616019721,0.11500000208616257,0.07650089144430908,-0.5801522067077862,0.39604904836480526,-3.654143152497893
-0.016499285589404958,-0.5734784156390906,0.33191010330199827,1790751030,665737428,0.11299999803304672,0.07777706222836957,-0.5799219737583717,0.39387340176466895,-3.621401636898829
-0.013828562830559943,-0.5728334054140991,0.32609763997288044,1790751030,715582431,0.11400000005960464,0.07914293942261767,-0.5796935561435254,0.3917119533072956,-3.588174468332441
-0.009121246080364326,-0.5722872069798587,0.32124153239416964,1790751030,765436731,0.11299999803304672,0.08067051089180899,-0.5794569581784581,0.38946934639307274,-3.552870732272299
-0.0057621422106240855,-0.5716232484758847,0.3152572291959427,1790751030,815375171,0.11400000005960464,0.08229493404823718,-0.5792241698728751,0.3872584606315766,-3.5171329725958698
-0.0012224777651996532,-0.5710147943828097,0.30980230879028825,1790751030,865406240,0.11400000005960464,0.0840730293084637,-0.578988605169102,0.3850159699708272,-3.4798073353553294
0.00360256603389697,-0.5704161109476209,0.3044308488714348,1790751030,915951795,0.11400000005960464,0.08596556226397438,-0.5787571688997286,0.3828066335107843,-3.44181809360464
0.008658000307555105,-0.5698356964867741,0.29921829136069306,1790751030,965356833,0.11400000005960464,0.08795096164008516,-0.5785331759977476,0.38066140124031367,-3.403599510771222
0.013990646799690504,-0.5692696721861995,0.29412904564975384,1790751031,15277540,0.11400000005960464,0.09004760444458579,-0.5783151598389912,0.3785655209463676,-3.3647881687671326
0.019581799897203198,-0.5687218907334568,0.2891968244850178,1790751031,65489453,0.11400000005960464,0.09224815653092686,-0.5781046413173057,0.3765327541969733,-3.3255193385719832
0.022897457906043694,-0.5678627329374933,0.28135763726578,1790751031,115340124,0.11800000071525574,0.09451063108453467,-0.5779058015513563,0.37460296084248845,-3.2864909567865928
0.028966004619730923,-0.5673580008674557,0.27680133566838844,1790751031,165693390,0.11800000071525574,0.09685338523434982,-0.5777169798428797,0.3727596353442004,-3.2473179583470886
0.03294591476653273,-0.5665265928730446,0.26920803452414055,1790751031,215404975,0.12200000137090683,0.0992305511355918,-0.5775416516785553,0.3710363989194996,-3.2086885505772615
0.04090036587366995,-0.566354195929846,0.2676922054111696,1790751031,265333693,0.11900000274181366,0.10166287018288676,-0.5773779053317893,0.3694143591125417,-3.170178478695012
0.04784973289147941,-0.5660345289266504,0.2647952146664049,1790751031,315323567,0.11800000071525574,0.10415345451085822,-0.5772254812484072,0.36789057676742287,-3.131673677135725
0.05285226781823356,-0.5653743967064819,0.258747033397126,1790751031,365279062,0.12099999934434891,0.10660525463893272,-0.5770895434099906,0.3665170273049919,-3.0945701713064167
0.06023908458673519,-0.5652236643088568,0.2573709612451356,1790751031,415653254,0.11900000274181366,0.10910829886416647,-0.5769643686590583,0.3652364163724345,-3.0574090017235602
0.06725433470905758,-0.5651241528138349,0.2564468011492582,1790751031,465117505,0.11699999868869781,0.11151992932295023,-0.5768560925570605,0.36411257294556837,-3.0222072261671413
0.07217912198092973,-0.5644450117109001,0.2501913251304154,1790751031,515083917,0.12099999934434891,0.11397622675560132,-0.5767576879194347,0.36307356411587915,-2.9868854908994376
0.07800633760355606,-0.5641045248317879,0.24703375123811616,1790751031,565373127,0.12200000137090683,0.11631994836201572,-0.5766745295412807,0.36217741170951967,-2.9536220765554826
0.0841791807451826,-0.5638920905568127,0.2450380934809515,1790751031,615775366,0.12200000137090683,0.11866433805191798,-0.5766014687094465,0.36137057375625703,-2.9207245883492767
0.09035426974879918,-0.5639297451419872,0.24532443490855832,1790751031,665279607,0.11999999731779099,0.1208172310323122,-0.5765430281715315,0.3607060297897422,-2.8908042207297893
0.09580297997952085,-0.5636722683802949,0.24290019029202758,1790751031,715663985,0.12099999934434891,0.12299495232709325,-0.5764921281687866,0.360106195582647,-2.8607844290967335
0.10052116700967631,-0.5633401356769643,0.23979395686755947,1790751031,765382404,0.12300000339746475,0.1249487099544104,-0.5764533464539757,0.35962859161301686,-2.834034470411754
0.10598373084846321,-0.5634518758480912,0.24073735285218179,1790751031,815306538,0.12099999934434891,0.12688359307582117,-0.5764212447698345,0.3592109409213443,-2.8076902639023698
0.11051638342127841,-0.56337459727313,0.23995530136402898,1790751031,865487932,0.12099999934434891,0.12861514971155533,-0.5763977693339474,0.35888314288810913,-2.7842212498544567
0.11468967387617787,-0.5630952988415234,0.23732513149609127,1790751031,915500326,0.12300000339746475,0.13030655964162904,-0.5763795699486519,0.35860432120280683,-2.7613794444753452
0.11852615658800972,-0.5630499545304937,0.23683845686956267,1790751031,965156615,0.12300000339746475,0.13175755160514216,-0.5763676408298645,0.35839737366840757,-2.741839877571664
0.12239118847344031,-0.563122413056965,0.2374240766478037,1790751032,15419325,0.12200000137090683,0.13318594321502267,-0.5763592040858478,0.35822250779584486,-2.7226464459455886
0.12533955553509335,-0.5628819747337954,0.2351646531322864,1790751032,65219624,0.12399999797344208,0.13436212842804238,-0.5763547171024,0.3580999120650851,-2.706867795099364
0.12855445022098272,-0.5631910060789129,0.23791806704890253,1790751032,115526381,0.12099999934434891,0.13550717622709157,-0.5763524705668078,0.357999020138684,-2.691524899833444
0.13090434305857568,-0.5631814747696695,0.23777736161806295,1790751032,165300365,0.12099999934434891,0.1364051125738294,-0.5763521634467729,0.3579325709759735,-2.679502938032418
0.133125721780912,-0.5630665122520849,0.23667563636124106,1790751032,215397740,0.12200000137090683,0.13726692006754662,-0.576353072370601,0.3578792589616778,-2.667971142829151
0.13479841442220736,-0.5630639625984852,0.23661233707261586,1790751032,265190437,0.12200000137090683,0.13790284270873163,-0.5763545045527186,0.35784650863359885,-2.659464784816213
0.13638937156287556,-0.5631720400073073,0.23755977226906133,1790751032,315308618,0.12099999934434891,0.13850105724114462,-0.5763564389415565,0.3578207894345219,-2.651464586232605
0.13742785873448682,-0.5631722666108953,0.23753600453024554,1790751032,365378864,0.12099999934434891,0.13889789775691935,-0.5763580329833409,0.35780642646255706,-2.6461583118466256
0.13834324476910323,-0.5628460779454317,0.2345372588543364,1790751032,415317285,0.12399999797344208,0.13925614084745822,-0.5763596858109987,0.35779531546979443,-2.641368520686656
0.1389007304328563,-0.5630647041523222,0.23651770283431395,1790751032,465411549,0.12200000137090683,0.13946248115411203,-0.5763607289205662,0.35778971319115876,-2.638609469086618
0.13936609003152656,-0.5629564299777062,0.23551833230455274,1790751032,515429692,0.12300000339746475,0.13964023812510423,-0.5763616813019037,0.3577853553137609,-2.6362325494293626
0.139567437329576,-0.5632837277538046,0.23849856658560914,1790751032,565329946,0.11999999731779099,0.13971501882461784,-0.576362095651386,0.35778366150156116,-2.635233061022262
0.13971063650439722,-0.5628480488104284,0.234521112743088,1790751032,615373876,0.12399999797344208,0.13977078408156504,-0.576362409826676,0.35778245269201575,-2.6344879348312724
0.13974418178071954,-0.5629571015190373,0.23551488287141875,1790751032,665422502,0.12300000339746475,0.1397832933454048,-0.5763624843957148,0.3577821925498096,-2.634320722865853
0.13975641468002842,-0.5629571329742322,0.2355147923639886,1790751032,717108101,0.12300000339746475,0.13978791824998352,-0.5763625161538204,0.3577821042061561,-2.6342588216148126
0.13975809149956184,-0.5630661235370742,0.23650882681516994,1790751032,765487223,0.12200000137090683,0.13978845834853262,-0.5763625197751153,0.3577820936938879,-2.634251594543457
0.13975759368321697,-0.5628481502009821,0.2345207438724624,1790751032,815361560,0.12399999797344208,0.13978845834853276,-0.5763625197751152,0.35778209369388786,-2.634251594543457
0.13975734477411722,-0.5627391631269284,0.23352669869800935,1790751032,865686586,0.125,0.13978845834853276,-0.5763625197751152,0.35778209369388786,-2.634251594543457
0.13975809149956198,-0.5630661235370741,0.23650882681516988,1790751032,915936953,0.12200000137090683,0.13978845834853276,-0.5763625197751152,0.35778209369388786,-2.634251594543457
0.13975759368321697,-0.5628481502009821,0.2345207438724624,1790751032,965444917,0.12399999797344208,0.13978845834853276,-0.5763625197751152,0.35778209369388786,-2.634251594543457
0.13975809149956198,-0.5630661235370741,0.23650882681516988,1790751033,16584133,0.12200000137090683,0.13978845834853276,-0.5763625197751152,0.35778209369388786,-2.634251594543457
0.1397578425904622,-0.5629571364630204,0.23551478164071682,1790751033,65836770,0.12300000339746475,0.13978845834853276,-0.5763625197751152,0.35778209369388786,-2.634251594543457
0.1397578425904622,-0.5629571364630204,0.23551478164071682,1790751033,116450251,0.12300000339746475,0.13978845834853276,-0.5763625197751152,0.35778209369388786,-2.634251594543457
0.13976981300286237,-0.5640593273702356,0.23654051803283693,1790751033,165352997,0.12200000137090683,0.13978701095716872,-0.5767674336014806,0.3578768443112727,-2.63370835385659
0.13978303278149437,-0.5654491529499397,0.23857553938369763,1790751033,216025858,0.11999999731779099,0.1397868572888426,-0.577249986788735,0.3579938782699513,-2.6330538783918884
0.13980197108786704,-0.570680855081895,0.23688550269092498,1790751033,265494146,0.12200000137090683,0.13976415112065782,-0.5794470991611835,0.3585701437467858,-2.6304358199987217
0.1398021360722395,-0.5769487575236079,0.2413924872456745,1790751033,315468409,0.11800000071525574,0.13978416398878815,-0.5818143381207471,0.3592921308891449,-2.627457175506128
0.13981584792171678,-0.5841387327367457,0.2462872077414164,1790751033,365312458,0.11400000005960464,0.13975837476312142,-0.5847210030176417,0.3602857062918179,-2.6245147377882247
0.1398205785892711,-0.591359867767081,0.2444200504306255,1790751033,415418343,0.11699999868869781,0.13978802531863244,-0.58754988676474,0.3613579941366855,-2.6215621618030034
0.13982347311507282,-0.594701812109766,0.24402760339210294,1790751033,465584052,0.11800000071525574,0.13980177777967523,-0.588829774660622,0.36188140636132676,-2.6203489429872135
0.13982573709894697,-0.5971901444064331,0.2455287302378513,1790751033,515510361,0.11699999868869781,0.13981245868416772,-0.5898132399855667,0.36229593795476295,-2.6194661537018487
0.13969271741393113,-0.5977896852887041,0.24261799548719085,1790751033,565356012,0.11999999731779099,0.1397648399912913,-0.5899682601588037,0.36236280524335956,-2.619631250978907
0.13953530487642105,-0.5976777990799635,0.244618423715772,1790751033,615913965,0.11800000071525574,0.13970469486470594,-0.5899755513196652,0.36236665875677465,-2.6199923475095894
0.1385883966652532,-0.5976855206499619,0.24462802047319984,1790751033,666375083,0.11800000071525574,0.13934488989882288,-0.5899799394278515,0.3623737291203407,-2.6221836039047157
0.13750991449683816,-0.5978220198782467,0.24264735310277757,1790751033,715601999,0.11999999731779099,0.1389440499689797,-0.589983566571155,0.3623824827075428,-2.624624828244667
0.1349871365590404,-0.5976407525825197,0.24569822899291557,1790751033,765646447,0.11699999868869781,0.13796597325549995,-0.5899916025929239,0.36240991105400056,-2.6305790266916147
0.13211661538651492,-0.5977231910371912,0.24479965786897395,1790751033,815793897,0.11800000071525574,0.13688332267431166,-0.5899991911931558,0.36245006584464634,-2.6371656237504055
0.12753296665926947,-0.5976270513435344,0.24704413090378025,1790751033,865606919,0.11599999666213989,0.13508865244814086,-0.5900129207483402,0.3625470999268995,-2.6480814989532218
0.12228442785897406,-0.5977994151495681,0.24544322857772444,1790751033,916261779,0.11800000071525574,0.13313720159561768,-0.5900239878018113,0.3626855426140029,-2.659946841857757
0.11537191976471861,-0.597903352138151,0.24623149756952029,1790751033,965397212,0.11800000071525574,0.13050771120376836,-0.5900674403854272,0.36299410491158624,-2.6759956030475913
0.1080685656408905,-0.5980233174743311,0.24731451297429302,1790751034,15232114,0.11800000071525574,0.1277237525679037,-0.5901084842656903,0.36339650645710636,-2.693015411634471
0.09852198018050004,-0.598390780263614,0.24718805926225898,1790751034,65308581,0.11999999731779099,0.12425929978387566,-0.5902056180395651,0.36410936978890995,-2.7143809428568706
0.0900575191555675,-0.5983739672492069,0.25338888795689074,1790751034,115607504,0.11599999666213989,0.12066838586196305,-0.5902992780574177,0.364985363974531,-2.7366594722296376
0.0790819279378227,-0.598852665538916,0.25578531692114825,1790751034,165309330,0.11699999868869781,0.11658003551734278,-0.5904684749201013,0.3662959361791065,-2.7624482397720507
0.06780616220953539,-0.5993726228616131,0.2589422933800804,1790751034,215438779,0.11800000071525574,0.11240141298971433,-0.5906308121694448,0.36784061532525825,-2.789152104741599
0.05601364213455695,-0.6000105451373396,0.26435122076853057,1790751034,265261560,0.11800000071525574,0.10792598938662433,-0.590887221497445,0.369925239055905,-2.818580686481735
0.04580668732286224,-0.6004450561176906,0.2732200996558759,1790751034,315348500,0.11500000208616257,0.10345291240124764,-0.591131493059643,0.37229164328568565,-2.8486942590503896
0.033616545458667046,-0.6013965774354771,0.27988992964684833,1790751034,365430541,0.11599999666213989,0.09897128143527206,-0.5914796960307923,0.375212608869844,-2.880261914253971
0.024223664108560874,-0.6020245283675296,0.29060606544892814,1790751034,415518685,0.11299999803304672,0.0946176492170654,-0.5918086784723706,0.37840881498976986,-2.9120989611281853
0.013003857171836844,-0.6031970078245096,0.2992171823864863,1790751034,465527726,0.11400000005960464,0.09051890699444932,-0.5922466603455656,0.38208760506356787,-2.9441786102195557
0.003764026618519281,-0.6041952709813715,0.31005806901386723,1790751034,515687694,0.11299999803304672,0.0866230986338693,-0.5926615389962798,0.3860208675847446,-2.9764073446084875
-0.004211157427990941,-0.6052923690360029,0.3212388661262993,1790751034,565119398,0.1120000034570694,0.0832211827667824,-0.5931483785037112,0.39017441687045884,-3.007255831520132
-0.010637077921947971,-0.6062767888410696,0.333587101375126,1790751034,615456265,0.10999999940395355,0.08002899609133685,-0.5936128990218112,0.39457307342225356,-3.0385003923196314
-0.014742384516984008,-0.607160261371751,0.34616205045409076,1790751034,665195434,0.10700000077486038,0.0773856800330715,-0.5941196819780252,0.3989954033399039,-3.067720078198337
-0.021473416942334414,-0.6085046739833714,0.35704636555401864,1790751034,715384792,0.1080000028014183,0.07500565343990015,-0.5945962038155723,0.40354737673525687,-3.0968956533741148
-0.023232053581689657,-0.6092957729770458,0.36881658663592365,1790751034,765495667,0.10499999672174454,0.0732055969245448,-0.5950873060970483,0.4078409168072893,-3.12293982463956
-0.0269402419130977,-0.6104305650385047,0.379280754590222,1790751034,815416568,0.10499999672174454,0.07167914869780061,-0.5955433422689829,0.4121073551652443,-3.1483235565755865
-0.026723723827802373,-0.6110197719665199,0.38936081726306215,1790751034,865208154,0.10199999809265137,0.07060322474065216,-0.5959690844974728,0.4159115517154903,-3.170243683060108
-0.029790980596441946,-0.612160038860383,0.39831132133896485,1790751034,915917792,0.10300000011920929,0.06971709976515035,-0.5963702477539288,0.4197081543785187,-3.1919087091620133
-0.02814692702070308,-0.6124987030517896,0.4061429296241251,1790751034,965264255,0.10000000149011612,0.06919347533340194,-0.5967091307505555,0.4227421999125527,-3.2088428777585505
-0.030066530556375176,-0.6134347289735552,0.41313341956009336,1790751035,15805337,0.10100000351667404,0.06879311908950554,-0.5970307958787983,0.42573029858962375,-3.225449146016968
-0.028578851132537747,-0.6136714952420406,0.4184521297565235,1790751035,65355763,0.0989999994635582,0.06859727321274622,-0.5972709275065713,0.4278766790279062,-3.2372404064964924
-0.02790450790788944,-0.6140324004345851,0.4233493592332821,1790751035,115788974,0.09799999743700027,0.06846636540652344,-0.5974948944009398,0.4299193796637373,-3.2484477481526994
-0.0280254768210339,-0.6143523160042142,0.4262841270500092,1790751035,165371040,0.09799999743700027,0.06841374187345298,-0.59763004663024,0.4311669850484808,-3.2552856823397587
-0.028092171719933806,-0.614636106000147,0.4289091853329523,1790751035,215228756,0.09799999743700027,0.06838290987107887,-0.5977487395268909,0.4322818672416789,-3.261400809620869
-0.02614143642260361,-0.6144238527361766,0.4302126874699395,1790751035,265470678,0.09600000083446503,0.06837327857696762,-0.5978042082866728,0.43281196181851916,-3.2643125359429663
-0.027134203408593446,-0.6147002755945803,0.4311533400318534,1790751035,315314783,0.09700000286102295,0.06836802676148197,-0.5978469738919486,0.4332247669073349,-3.2665819771132187
-0.02910461143953391,-0.6150752971257776,0.4313690662772991,1790751035,365385157,0.0989999994635582,0.06836698248704677,-0.5978581967815585,0.43333368505288317,-3.267181094348512
-0.02910507848648887,-0.6150881754782934,0.4314899992149401,1790751035,415490144,0.0989999994635582,0.06836655181397615,-0.5978634405049367,0.4333846457391286,-3.267461469886471
-0.02910484200105902,-0.615080873089115,0.4314215026564957,1790751035,465619352,0.0989999994635582,0.0683667745156168,-0.5978604659589491,0.43335578435313327,-3.2673026885204846
-0.02910443358034566,-0.615069931774669,0.4313188824646153,1790751035,515885413,0.0989999994635582,0.06836713164579321,-0.5978560075623772,0.43331254225619475,-3.2670648055258864
-0.02713306512969821,-0.6146804422587148,0.4309674528030944,1790751035,565414673,0.09700000286102295,0.06836884587496579,-0.5978387772372782,0.43314549522724854,-3.2661460404037244
-0.02811392836933095,-0.6148054108800202,0.43048916880159277,1790751035,616073404,0.09799999743700027,0.06837123513787349,-0.5978187638361604,0.4329522040931423,-3.265083276368625
-0.028102885930112093,-0.614706531695806,0.42956520953494304,1790751035,665196726,0.09799999743700027,0.06837743241697583,-0.5977779371501174,0.4325602647939182,-3.262929604399412
-0.025131711066414625,-0.6140791336723069,0.42864057353465906,1790751035,715509898,0.0949999988079071,0.06838646640107582,-0.5977317953131172,0.43212120353962646,-3.2605187408797365
-0.027058293635150513,-0.6142404827902772,0.42687557860288755,1790751035,765204140,0.09700000286102295,0.06840616421126891,-0.5976549160792024,0.4313985002250427,-3.2565545243193332
-0.026010326723490976,-0.6138698074308985,0.42508816974093994,1790751035,815654851,0.09600000083446503,0.06843446474445311,-0.5975696602670336,0.43060964845865635,-3.252232537234553
-0.028838190844085357,-0.6140869704163721,0.42226783887435954,1790751035,865484447,0.0989999994635582,0.06848552348006873,-0.597445145967293,0.4294889331779268,-3.246106703042855
-0.02768392313211475,-0.6136080064455499,0.4195584482383588,1790751035,915470867,0.09799999743700027,0.06855493263017876,-0.5973101076670303,0.4283026254221569,-3.2396324031726693
-0.02541282706467972,-0.6128860855704684,0.4161380192956976,1790751035,965225101,0.09600000083446503,0.06869073529498189,-0.5971452214003515,0.4267561597457244,-3.2310941909635695
-0.027941349714556155,-0.612956419136418,0.4119481803772668,1790751036,15249512,0.0989999994635582,0.06886631381853052,-0.5969678201458457,0.4251254667962485,-3.222084471657916
-0.026337925341308105,-0.6122776998350238,0.4073660360403114,1790751036,65442934,0.09799999743700027,0.06913274063318334,-0.59674802352598,0.42311978447601606,-3.210963655230097
-0.026524686313838697,-0.6118846712358708,0.40227854515860334,1790751036,115985284,0.0989999994635582,0.06945947666533313,-0.5965099629998518,0.4210311102532669,-3.199378908489335
-0.02636405787047741,-0.6114185857122237,0.39636673143594986,1790751036,165655757,0.10000000149011612,0.06993955880196899,-0.5962521768592073,0.4186286665794381,-3.1858216832114263
-0.02691372956887908,-0.6110630674874826,0.38997604819568676,1790751036,215651521,0.10199999809265137,0.07050831799804351,-0.5959759583321491,0.4161547302882638,-3.171806176658974
-0.024105664910086408,-0.6101879631002305,0.3835214068466188,1790751036,265748794,0.10100000351667404,0.07129034047895651,-0.595676956767812,0.41335483711205045,-3.155617380315627
-0.024700586868596858,-0.6098350506688456,0.37559111802204004,1790751036,316799462,0.10400000214576721,0.0722049437337542,-0.5953508526852909,0.4104555209822166,-3.138731374774669
-0.020107630001775484,-0.6087602207161404,0.36892113471516114,1790751036,365323029,0.10199999809265137,0.07334754713437484,-0.5950253200180758,0.4074111591392369,-3.120494937335569
-0.017789230639683046,-0.6080337232374614,0.3608634109120795,1790751036,415731851,0.10300000011920929,0.07467516004852952,-0.5946628858925506,0.4042288025038851,-3.101209069724521
-0.017312144060151427,-0.6076537025461972,0.35086035050886866,1790751036,465297472,0.10700000077486038,0.07633116982789168,-0.5943078636005851,0.4008785323303158,-3.0800471033396315
-0.010160505842795736,-0.6063590854213569,0.34404404085883294,1790751036,515416087,0.10400000214576721,0.07818275100278038,-0.5939238407342333,0.397493401059003,-3.058237320265344
-0.00969877990840999,-0.6061321547867856,0.33219850620971714,1790751036,565288646,0.10999999940395355,0.08040761731811234,-0.593559432385699,0.39402700852985395,-3.0346716381279077
-0.0004231817050849296,-0.6047277780370376,0.32601366194462594,1790751036,615432780,0.10599999874830246,0.08283624242179058,-0.5931681399518953,0.3905910790193411,-3.0106311142053648
0.0050432242453982284,-0.604007514804771,0.3161652035599709,1790751036,665405876,0.1080000028014183,0.08567512416741481,-0.592799101404557,0.3871361045625802,-2.9848113171145356
0.012707381926173794,-0.6030484483168056,0.30778705833559716,1790751036,715726355,0.1080000028014183,0.08873671828255858,-0.592400272703587,0.3837486076511826,-2.958469261166627
0.017994713806925952,-0.6026485829042486,0.29596261472112684,1790751036,765269836,0.11299999803304672,0.09219867011179192,-0.5920655518297107,0.3805248514314307,-2.9308210132561596
0.026926892931226604,-0.6018338300210031,0.28721195741238476,1790751036,815593546,0.11400000005960464,0.09591726369741399,-0.5917041017336422,0.37739908154858337,-2.9024231228383104
0.03630757828093334,-0.6011909809655097,0.27805687987359784,1790751036,865631374,0.11599999666213989,0.10000611214438908,-0.5914002643358995,0.37450706326969785,-2.872874394294378
0.047389111021175545,-0.6003852621310101,0.2711421688315998,1790751036,915493016,0.11599999666213989,0.10425253453847699,-0.5910751230325403,0.3718192347477042,-2.8432012731033787
0.05852028965054312,-0.5998679665688526,0.2631222546062211,1790751036,965296861,0.11800000071525574,0.10887784760037067,-0.5908310194531873,0.3694540471847288,-2.8122561134423587
0.07116239814796656,-0.5992149261217546,0.2575844945820301,1790751037,15356106,0.11800000071525574,0.11367728494737715,-0.5905686960301821,0.3673192988805627,-2.780913847951135
0.08579806678965911,-0.5984401500094279,0.2567789414018061,1790751037,65692889,0.11400000005960464,0.1188223202087542,-0.5903979066318179,0.36559401857935786,-2.748318343266804
0.09808407092132657,-0.5984044153314683,0.24728930198051066,1790751037,116225564,0.11999999731779099,0.12409500856552787,-0.5902116624726577,0.3641495145412183,-2.7154005803578447
0.11223025158037317,-0.5980707159493871,0.24573919505255892,1790751037,165054383,0.11900000274181366,0.1293805772328196,-0.5901269673605741,0.36322861517592336,-2.6829601937116165
0.12668285934791557,-0.5979078031683658,0.2431210176444803,1790751037,215363833,0.11999999731779099,0.13487005120750895,-0.5900252359457486,0.3625816152476439,-2.6494303850807874
0.1412707200616326,-0.5978024451441823,0.24371770382686891,1790751037,265219641,0.11900000274181366,0.1403739871138047,-0.5900227900824829,0.3624597498328769,-2.6160375917321876
0.1557999767643788,-0.597815114513431,0.24432340022688587,1790751037,315145505,0.11900000274181366,0.14586928327807672,-0.590010773957894,0.3626512255594169,-2.582566203527411
0.1708058694893405,-0.5982868359165324,0.24220334275711247,1790751037,365226620,0.12300000339746475,0.15131469403000206,-0.5901020196553144,0.3633730737040768,-2.549172650156776
0.1851825979808157,-0.5984235357346678,0.24709164322569666,1790751037,416609097,0.12099999934434891,0.15681940591335697,-0.5901881986373875,0.3644317829902761,-2.514948098025682
0.1984300658153117,-0.598793236093307,0.2519402563766332,1790751037,465227266,0.11999999731779099,0.16189771158301813,-0.5903692333932533,0.36593333787294835,-2.4826929121883903
0.21292179044202336,-0.5994423464082411,0.25507431818390114,1790751037,515999405,0.12200000137090683,0.16707495694635605,-0.5905470141400473,0.3677816438409331,-2.4490303604113373
0.2261312024201461,-0.6001668950513092,0.2600282582908649,1790751037,565330015,0.12300000339746475,0.17183119342492262,-0.5908017013261603,0.36999553981307687,-2.4170146887251693
0.23822653453732318,-0.6007901633706041,0.26770525468974593,1790751037,615676929,0.12200000137090683,0.1765098863731428,-0.5910490869945663,0.37249154723278916,-2.3844573539049843
0.2496313303691848,-0.6016013473788525,0.27509279344420334,1790751037,665425023,0.12200000137090683,0.18075663627223815,-0.5913603849464969,0.3752696347600103,-2.353444922342796
0.2593579404414794,-0.6022750395115875,0.284804118003573,1790751037,715895067,0.11999999731779099,0.18485490944379226,-0.5916634617087426,0.3782743921283539,-2.3221921438380813
0.2689518167240722,-0.60320030769578,0.29315757015122146,1790751037,765434354,0.11999999731779099,0.18845853390016407,-0.5920235921553402,0.3814520309413994,-2.292851105080679
0.27517501459417026,-0.6037620478423926,0.30486914985237046,1790751037,815621869,0.11599999666213989,0.19189125092219006,-0.5923759218593082,0.38480768917692626,-2.2633560662428316
0.2868040683138354,-0.6052523349923239,0.3105350054879551,1790751037,865785327,0.12099999934434891,0.19489672900040042,-0.5927566886050011,0.38823892844568325,-2.2354511997246465
0.29103723600568665,-0.6058229107447045,0.322371459188295,1790751037,916054443,0.11699999868869781,0.19769242980237417,-0.5931220401501093,0.3917575870105094,-2.207765728525772
0.29624460992392704,-0.6066871865509014,0.33178518292113074,1790751037,965393831,0.11599999666213989,0.1999919220036821,-0.5935036066766877,0.39516982234934417,-2.1825972641129767
0.30437306821455823,-0.6080300752711469,0.33945240138730287,1790751038,15685207,0.11900000274181366,0.20213495326477637,-0.5938778912823396,0.39868148370683404,-2.157283353437564
0.30635398833857125,-0.6086273218667057,0.34960551595934514,1790751038,65314106,0.11599999666213989,0.20387853347086665,-0.5942507451147863,0.4020277861903231,-2.134169043187114
0.3140901601430605,-0.6100970726818475,0.35681755705907947,1790751038,115564028,0.11999999731779099,0.205469245202952,-0.5946132208542324,0.4054153607792479,-2.111107207132138
0.31651694693007876,-0.6108797622005062,0.36551987475350733,1790751038,165340937,0.11900000274181366,0.2067234080164285,-0.5949622507807881,0.4085665040706974,-2.0902704471676183
0.32227725777040456,-0.6122019988007477,0.3729486918213752,1790751038,215818398,0.12200000137090683,0.20784704367432566,-0.5953014024721273,0.4117313719784226,-2.0695217920177833
0.3235640108883295,-0.6128816086855956,0.38071786156250986,1790751038,265410445,0.12099999934434891,0.20867504807951728,-0.5956106254250613,0.41452968202905893,-2.0515331041230174
0.3235635075679857,-0.6133949633620337,0.38864056055333335,1790751038,315689293,0.11900000274181366,0.2094002717738543,-0.5959101076432743,0.41731173189423587,-2.033723496164162
0.32879063457358204,-0.6146886153570952,0.39412313404588634,1790751038,365417146,0.12300000339746475,0.20991362455173063,-0.5961728148009671,0.41970481604310206,-2.0185720223474246
0.32800041747147257,-0.6150660163428019,0.40079304084554446,1790751038,415383612,0.12099999934434891,0.21034867148552885,-0.5964240380781906,0.4220425856447434,-2.0037876849201846
0.32683830835025174,-0.6153360973537811,0.4064226965381614,1790751038,465868517,0.11900000274181366,0.2106439738724773,-0.5966434660078194,0.42404265173625155,-1.991227226672193
0.3294057805289137,-0.6161996839203723,0.4111729243940878,1790751038,515315711,0.12099999934434891,0.21087857924204256,-0.5968476665803365,0.4259310347509361,-1.9793667225497809
0.329788918675983,-0.6166465708080684,0.4152359922947887,1790751038,565264408,0.12099999934434891,0.21101885618419314,-0.5970165353484019,0.4274562134417651,-1.969818447409444
0.3271280069116426,-0.6165804985821585,0.4193759385709399,1790751038,615578016,0.11800000071525574,0.21112600734782705,-0.5971770509203648,0.42891755713557156,-1.960661713617423
0.3272874001068757,-0.6168976905593677,0.4222628199803338,1790751038,665719983,0.11800000071525574,0.21118515065640148,-0.5972983939906767,0.43001752276978444,-1.9537701872548279
0.32936835178817403,-0.6175312261497371,0.4248832471186791,1790751038,715954600,0.11999999731779099,0.21122805732780786,-0.5974117748747019,0.4310539732898281,-1.947267435055624
0.3264698193777854,-0.6172255209106378,0.4268483938314036,1790751038,765572897,0.11699999868869781,0.21125095220068704,-0.5974865452158984,0.4317458603299044,-1.9429194522231963
0.32847651429563995,-0.6177464518843947,0.42845513223477566,1790751038,815454631,0.11900000274181366,0.21126787695268961,-0.5975549259596646,0.43238428807176543,-1.9389017594417688
0.3275069855031669,-0.6176832495116866,0.4294718627290365,1790751038,865423791,0.11800000071525574,0.21127595759954676,-0.5975946131043315,0.43275743856308946,-1.9365507617331135
0.3265316736610808,-0.6176057833275773,0.4303585474227641,1790751038,915880289,0.11699999868869781,0.2112819186755644,-0.5976292604594141,0.43308475413383263,-1.9344868369626795
0.324564776692988,-0.6173048282228287,0.43078094412677914,1790751038,965345760,0.11500000208616257,0.21128425053666589,-0.5976445182634554,0.4332294305706007,-1.9335738291376574
0.32555190059073147,-0.6175085682814643,0.4310639025015742,1790751039,16194445,0.11599999666213989,0.21128599110028415,-0.5976567771848005,0.4333459069257132,-1.9328384696767598
0.3255523947172319,-0.6175173339021436,0.4311453207940011,1790751039,65303165,0.11599999666213989,0.2112864466941855,-0.597660052162809,0.4333770712136526,-1.932641663289595
0.32456762865638167,-0.6173512036963965,0.4312115180281928,1790751039,115586513,0.11500000208616257,0.21128671440448196,-0.5976619492140982,0.43339513979087024,-1.932527540051037
0.32653532180439826,-0.6176528614937478,0.4307952040087484,1790751039,165583785,0.11699999868869781,0.21128461432462875,-0.5976467912249767,0.43325106861594403,-1.9334371475267194
0.32456142369871094,-0.6172622483257395,0.43038612633666595,1790751039,215762252,0.11500000208616257,0.21128180200417596,-0.597628483845507,0.43307742358802903,-1.9345330388470665
0.32749476643526776,-0.6175959494308891,0.4286654644982537,1790751039,265463513,0.11800000071525574,0.21126951256731002,-0.5975620791222142,0.43245156705686427,-1.9384780857238557
0.3274542548167747,-0.6173928164023138,0.4267935426099574,1790751039,315259061,0.11800000071525574,0.21125080074143612,-0.5974860158650503,0.43174093809957026,-1.9429505760985675
0.3243670276051086,-0.6164710077491254,0.42311652746327916,1790751039,365657696,0.11500000208616257,0.21119778689569896,-0.5973258618731863,0.4302710244031133,-1.9521778949368604
0.3261111603876138,-0.6163477120951595,0.4188528802634307,1790751039,415268039,0.11699999868869781,0.21111646619731123,-0.597149485334024,0.42868385633206707,-1.9621121555660244
0.328503086930357,-0.6161447884847685,0.4121955283497096,1790751039,465727388,0.11999999731779099,0.2108978317880525,-0.5968912525480957,0.4262775975555666,-1.9772342097255085
0.32672393589909493,-0.6152495733820724,0.40561626489070485,1790751039,515776605,0.11900000274181366,0.2105981706210501,-0.596611738310062,0.42373913428185356,-1.9931435505048634
0.3243288903186947,-0.6141604343111149,0.39716444797472306,1790751039,565468782,0.11800000071525574,0.2100471200844725,-0.5962615672592287,0.4204734101822453,-2.0137662667437475
0.3234128423296458,-0.613322105847861,0.3879880535630816,1790751039,615312201,0.11900000274181366,0.2093448369955974,-0.5958816665137948,0.41706247337668967,-2.0352879155801644
0.32144134566357585,-0.6123081602367448,0.37699809016109537,1790751039,665295538,0.11999999731779099,0.2082268567734924,-0.5954516103164889,0.4130305142595783,-2.061235631065185
0.3177706358898168,-0.6110902532239899,0.36596887459899796,1790751039,715656451,0.11999999731779099,0.2068599249034738,-0.5949849790770583,0.40885749417839123,-2.088224855278926
0.3119165056274553,-0.6096812551240894,0.35444000301912,1790751039,765313433,0.11900000274181366,0.20497418233537334,-0.5945132611286934,0.40438269116862907,-2.1182564186588917
0.30689244041214314,-0.6084795845084591,0.3419719590852351,1790751039,815592957,0.11999999731779099,0.20275817532320217,-0.5940035328150736,0.399820884036581,-2.1493163795505312
0.29794999492914165,-0.6069498240014763,0.33083957438287503,1790751039,865394153,0.11800000071525574,0.1999960903028183,-0.5935270365552182,0.39525123104865323,-2.182285918407731
0.29046803763545226,-0.6057417248982936,0.31831913161645714,1790751039,915897484,0.11900000274181366,0.19686378984565142,-0.5930155184803472,0.39068824877609265,-2.2161242994899966
0.2772910288988602,-0.6040248400116409,0.3102103882904974,1790751039,965888552,0.11400000005960464,0.19325643423077557,-0.5925694839376628,0.38638756157606213,-2.2507185048879266
0.26996057355131425,-0.6032390521024021,0.2968095045750673,1790751040,15645600,0.11800000071525574,0.18935764623754747,-0.5921038572308883,0.38226812445875946,-2.285355436502725
0.2595147512899629,-0.6023009675471624,0.28630885414852975,1790751040,65693724,0.11900000274181366,0.1851358441073038,-0.5917248743949898,0.3785960421677863,-2.3197758859170907
0.2459559742416835,-0.6010474408971754,0.2797641741213121,1790751040,116028349,0.11599999666213989,0.18065169825110156,-0.5913294766079976,0.37514190702075056,-2.3543157728301316
0.23604652996715494,-0.6005315067029711,0.2699324326870419,1790751040,165291348,0.11900000274181366,0.1762548972749738,-0.591051058879612,0.3723828227381467,-2.386209480340221
0.22430511378824314,-0.5998720588452935,0.2623908188766785,1790751040,215434722,0.11999999731779099,0.17164646245104334,-0.5907602290968623,0.3698340148187793,-2.4183504132957236
0.21297943994132318,-0.5994068541814622,0.25620841254826077,1790751040,265632078,0.12099999934434891,0.16723612648532113,-0.5905686820088295,0.3678795181577481,-2.447937329681523
0.20009374171804922,-0.5987002362715055,0.25453710650992106,1790751040,316008186,0.11800000071525574,0.16276346579287734,-0.5903742002596359,0.3661665282251657,-2.477156132780787
0.1904403968089042,-0.5985276758706968,0.24952515891171706,1790751040,365264101,0.11999999731779099,0.15888902532745963,-0.5902630912934187,0.36500765522901507,-2.501888255929398
0.1798761956458392,-0.5981780475546095,0.2479292147951921,1790751040,415385197,0.11900000274181366,0.15498717996359007,-0.5901491229805914,0.3640200151245254,-2.5264038872169072
0.17145428263927204,-0.5980206239035296,0.246321617797288,1790751040,465139115,0.11900000274181366,0.15179846941942532,-0.5900930073300241,0.3634190240652393,-2.5461888614234636
0.16338049969889168,-0.5979555551218522,0.2441116699030451,1790751040,515316509,0.11999999731779099,0.14869305695288573,-0.5900387907580248,0.3629460219392315,-2.565289387100026
0.15735858771739397,-0.598025549610649,0.24145996696496905,1790751040,565240178,0.12200000137090683,0.14635690176746735,-0.5900171031826567,0.36269869026149026,-2.5795781613721775
0.15137705611417362,-0.5979788086488813,0.24099840549885396,1790751040,615913056,0.12200000137090683,0.14412570404336836,-0.5899973285912556,0.36252088985354536,-2.5931690087172203
0.1473958070280858,-0.5977009200187704,0.2447939267491429,1790751040,665451037,0.11800000071525574,0.14270027396571874,-0.5899907215016493,0.3624481020974371,-2.6018310200022343
0.14394578417066864,-0.5976902297693031,0.24468125187115197,1790751040,715697283,0.11800000071525574,0.1413859952156221,-0.5899849771898017,0.3624015845753712,-2.6098043186026025
0.14218553760399735,-0.5977504159395847,0.24364642782425106,1790751040,765469979,0.11900000274181366,0.14071029935889642,-0.5899812328680584,0.3623833812931394,-2.6138987293618943
0.14070118574515414,-0.5978116412252886,0.24262844101133285,1790751040,815335805,0.11999999731779099,0.14014546468865022,-0.5899776933349543,0.36237116434276845,-2.617319179058226
0.14019989078913642,-0.597745042589502,0.2436217938844285,1790751040,865555541,0.11900000274181366,0.13995700822482152,-0.5899764244133472,0.3623677000548929,-2.6184599566078215
0.13988886414335908,-0.597744225131609,0.24361954026503424,1790751040,915434136,0.11900000274181366,0.13983897669594098,-0.5899756055073422,0.3623656842568612,-2.6191742997685763
0.1398362863979887,-0.5984935868949284,0.24479721651052982,1790751040,965365546,0.11800000071525574,0.13981459306167862,-0.5903006621057145,0.36251244781726344,-2.6190772709312813
0.13983075498188346,-0.5996878195394627,0.24202296518598398,1790751041,15984044,0.12099999934434891,0.13980815133955093,-0.5906859028643278,0.36268764446945,-2.618831004558924
0.13983587150625096,-0.6042384653413737,0.24514769407311093,1790751041,65519960,0.11900000274181366,0.13978856380443058,-0.5925374951129229,0.36357102669910113,-2.617691547490585
0.1398431354162327,-0.6099469985891088,0.2435376162539971,1790751041,116030458,0.12200000137090683,0.13980385721032992,-0.5945666773282138,0.36456424352930156,-2.6163745576939603
0.1398538994723681,-0.6194991352819849,0.2392334253517825,1790751041,165463207,0.1289999932050705,0.13976160383546235,-0.5977804450870474,0.3663919414827911,-2.6153451975679824
0.13986884534662458,-0.6295478045873378,0.23731552664560668,1790751041,215418089,0.1340000033378601,0.13980340577528932,-0.6009399663596465,0.3682261381488277,-2.6143484772419114
0.13987744533427512,-0.6387283747396861,0.2355944835753567,1790751041,265198396,0.13899999856948853,0.1397912052796609,-0.6037035508350933,0.3701093670471237,-2.614559954131105
0.1398932772970787,-0.6478854444102388,0.2340230384827065,1790751041,315344622,0.14399999380111694,0.1398186390917964,-0.6062389861488088,0.37186920331197915,-2.6150032060289097
0.13990178320380303,-0.6526289718550329,0.2317895904817103,1790751041,365399422,0.14800000190734863,0.13983033901744996,-0.607360883634964,0.3726966366121416,-2.6154141555222887
0.13990867021622835,-0.6563404267939459,0.2302206031376954,1790751041,415567315,0.1509999930858612,0.13983863366939728,-0.6082194145335167,0.37334768368447335,-2.6158201048050445
0.13986986301270712,-0.6571503910330713,0.22950096153471658,1790751041,465385113,0.15199999511241913,0.13982895305470325,-0.6083681069145994,0.37346028077711735,-2.6159454956003723
0.1398217976701029,-0.6565820388965938,0.23142992963242376,1790751041,515573756,0.15000000596046448,0.1398151125388883,-0.6083906313474596,0.3734777736212772,-2.6160204503358533
0.13943213133875082,-0.6578824694467181,0.22765405365680016,1790751041,566192125,0.15399999916553497,0.13970102557090325,-0.6083962419591248,0.373486288529351,-2.616536763701964
0.13899944624913346,-0.6575654902075625,0.22860919194616672,1790751041,615218343,0.15299999713897705,0.13957320159963874,-0.6083986432714734,0.3734929077036249,-2.6171129159989044
0.1378932385276514,-0.655969659586722,0.23336823194890102,1790751041,666198445,0.14800000190734863,0.13923421312921852,-0.6084045668162121,0.3735101753542425,-2.618639926938311
0.13662701930209642,-0.6572663536592683,0.22961145099369548,1790751041,715193145,0.15199999511241913,0.13887007885588987,-0.6084102392249383,0.3735282577967691,-2.6202787195058583
0.1343374766876256,-0.6579277494168363,0.2277866529193753,1790751041,765096953,0.15399999916553497,0.13820603107883256,-0.608418758364148,0.37356008614659914,-2.6232624539783362
0.1318654677479436,-0.6579452243340378,0.227880156346497,1790751041,815399264,0.15399999916553497,0.13747810770942287,-0.6084253824388675,0.37359317317864177,-2.626527301378667
0.12841953476402185,-0.6569978274495769,0.23088181152603493,1790751041,865633000,0.1509999930858612,0.13641296367617767,-0.6084283471907427,0.3736337242751927,-2.6312872234230795
0.12458581049003639,-0.6573307111305144,0.23015256125087957,1790751041,915970422,0.15199999511241913,0.13528111301370166,-0.6084246816251051,0.3736719303134516,-2.6363304270404155
0.11943755191416401,-0.658054341905948,0.22876114240622458,1790751041,965447041,0.15399999916553497,0.13381192056581195,-0.6084559101453043,0.3738451623248085,-2.643112484480997
0.11417231786877373,-0.6581358736847926,0.2293886931788102,1790751042,15460054,0.15399999916553497,0.13226128642210444,-0.6084822101094144,0.3740375875859384,-2.650278845942882
0.10798981150772788,-0.6576223430764703,0.2322468543016898,1790751042,65381380,0.15199999511241913,0.13035850813137081,-0.6085275606746766,0.3743501345821091,-2.6592154661750755
0.10219079377745334,-0.6561286708910139,0.238074359358105,1790751042,115859201,0.1469999998807907,0.12836119816072547,-0.6085586914761475,0.37468038762127376,-2.6685847090749184
0.09404553246314268,-0.6573185349851693,0.2370105508418138,1790751042,165297339,0.15000000596046448,0.12608520213396582,-0.6086327900147867,0.37522473098337084,-2.6795918705904165
0.086386079576274,-0.6572085356263334,0.23996218683554704,1790751042,215697631,0.14900000393390656,0.12369889843272236,-0.6086896027742895,0.3758101455106368,-2.691144835201906
0.07918726071989535,-0.6559152879738925,0.24722151284565191,1790751042,265463818,0.14399999380111694,0.12110319541294914,-0.6088048045355787,0.3766805989838513,-2.70419635907442
0.06997974778598752,-0.6568992300837228,0.24851448343377458,1790751042,315372857,0.1459999978542328,0.11844996193744822,-0.608896588191828,0.37759734087404834,-2.717584692679505
0.06147682724560685,-0.6567182662018135,0.2542331430193378,1790751042,365386943,0.14399999380111694,0.11563699422270576,-0.609057238697397,0.3788569809676121,-2.7324185619848516
0.05276058705341936,-0.6568486125961521,0.25945052441894845,1790751042,415381511,0.14300000667572021,0.11279441402146369,-0.609188137813156,0.38017094801117385,-2.747512612575155
0.04296319013218479,-0.6577988264922277,0.2638917729435274,1790751042,465545700,0.14399999380111694,0.10991341201534313,-0.6093894032015656,0.3818332573380487,-2.7636082331284957
0.034835112687737646,-0.6577127804252219,0.2711573205435337,1790751042,515325757,0.1420000046491623,0.10705542238076451,-0.6095534893180233,0.38353574760254494,-2.7797526203671197
0.024143890022977718,-0.6595235980708034,0.275494861306989,1790751042,565176416,0.14499999582767487,0.1042688699267251,-0.6098165489583482,0.38565018643465493,-2.7966775170021303
0.018108702866620474,-0.6585754091599305,0.28639660260500477,1790751042,615714645,0.14000000059604645,0.10147728190063662,-0.6100470151592418,0.38785928132213665,-2.813978608370008
0.010370637054048698,-0.6591342378506326,0.29492881691407113,1790751042,665949992,0.13899999856948853,0.09886743226526612,-0.610349814847537,0.39037197754864306,-2.831454505795968
0.003171076985360205,-0.6596406483979342,0.3036885429289293,1790751042,715696780,0.1379999965429306,0.09634318278223244,-0.610606138638665,0.39289938643964517,-2.848808960697394
-0.0018557994416074364,-0.659540503874294,0.31406742695414525,1790751042,765342123,0.13500000536441803,0.09408894842359206,-0.6109310511134401,0.39565620012647895,-2.8658959089246867
-0.007007874143939025,-0.6597438299018443,0.3239613373499237,1790751042,815288542,0.13300000131130219,0.09191301937825867,-0.6112163242343633,0.39845119147294517,-2.883043844213883
-0.01744106620374307,-0.6629896935990495,0.329841986809207,1790751042,865393833,0.13899999856948853,0.09004994311859589,-0.6115656890274193,0.40141191255319264,-2.8996874128327317
-0.018933864140563403,-0.6621375275992833,0.34167920497250914,1790751042,915845718,0.1340000033378601,0.08828947394022645,-0.6118789980926125,0.40439472838726076,-2.916337385596156
-0.024121819270605402,-0.6635152008617676,0.3501096735083348,1790751042,965296347,0.13500000536441803,0.08688913938465345,-0.6122119509155594,0.40728960925322855,-2.9315778306674374
-0.025568805668845743,-0.6633295674815831,0.3603160723581413,1790751043,15502555,0.13199999928474426,0.08557999547647231,-0.6125119667543336,0.41019106881384915,-2.9468581506607174
-0.02864855756657797,-0.6642673084319247,0.36872130588376906,1790751043,65256815,0.13199999928474426,0.0845796069412532,-0.6128249381375843,0.41296003452576296,-2.9607803404814894
-0.029606357557618854,-0.664385910833323,0.3777829602841559,1790751043,115752386,0.12999999523162842,0.08367192600815296,-0.6131113188091172,0.4157163946839998,-2.9746810225468305
-0.02888097603732484,-0.6640169132992481,0.38596067999588435,1790751043,165348664,0.12700000405311584,0.08304542330755564,-0.6133904754990751,0.41818560753415823,-2.9867039692293273
-0.032243762725273586,-0.6656057418747028,0.3927724781909229,1790751043,215510482,0.1289999932050705,0.08250132923852618,-0.6136481623032295,0.42061079786365807,-2.998575969274237
-0.03241459416840685,-0.6658960832957669,0.39919475246803093,1790751043,265409345,0.12800000607967377,0.08215582333701021,-0.6138857609474987,0.422701078388093,-3.008573337774728
-0.03234763596691048,-0.6661464104747654,0.40538141126212834,1790751043,315535414,0.12700000405311584,0.08187503865999572,-0.6141057150291156,0.424719137294433,-3.018284882045386
-0.033739343552593226,-0.6670774455922596,0.40995081346376194,1790751043,365428999,0.12800000607967377,0.08171285608247528,-0.6142820396185235,0.4263042921117194,-3.025857303810424
-0.03319589299994159,-0.6671516387902906,0.4145575191034345,1790751043,415543234,0.12700000405311584,0.08158785267577434,-0.6144436369547559,0.42780739837266846,-3.0330890710270055
-0.032467922354730644,-0.6670867983700427,0.4178473459486294,1790751043,465609126,0.12600000202655792,0.08152921980737947,-0.6145625803433571,0.4288863046970559,-3.0382511172441915
-0.033486365732985926,-0.667826644506224,0.4207195917600555,1790751043,515476396,0.12700000405311584,0.08148968145167278,-0.6146704179193566,0.4298806603837584,-3.0430298385412313
-0.029912189022187757,-0.666341336791825,0.42276167548082255,1790751043,565664706,0.12300000339746475,0.08147036149621711,-0.6147335668160429,0.4304795996783056,-3.0459284845294663
-0.029940577375466154,-0.666504305000482,0.4242875899364378,1790751043,615329929,0.12300000339746475,0.0814564721932578,-0.6147872548071768,0.4309991398664285,-3.048455454248954
-0.032667293961487334,-0.6678454242947132,0.4248747137110466,1790751043,665383978,0.12600000202655792,0.08145062298568707,-0.6148128401196755,0.43125017903116025,-3.049680726240879
-0.03086158899034734,-0.6670656623368626,0.4255621937738581,1790751043,715237081,0.12399999797344208,0.08144641928431727,-0.6148328420614411,0.4314480463770942,-3.050648461784786
-0.034485718550806496,-0.6687677891272922,0.4255350859237621,1790751043,765440428,0.12800000607967377,0.08144531927685032,-0.6148382561646262,0.4315017850973124,-3.0509116800291487
-0.03086347083665579,-0.6670907671156471,0.4258000176463812,1790751043,815923915,0.12399999797344208,0.08144476881521867,-0.6148409223857865,0.43152823983273425,-3.051041370817484
-0.029957733782931456,-0.666669053585689,0.4258429763488461,1790751043,865220441,0.12300000339746475,0.08144479651221488,-0.6148408062183166,0.43152715214150095,-3.05103596646156
-0.02995759768104085,-0.6666672562682808,0.4258259901128637,1790751043,915356676,0.12300000339746475,0.08144492171662976,-0.6148402194594894,0.43152140609838685,-3.0510077105679145
-0.030862115023824854,-0.6670727505408923,0.42562927727931343,1790751043,965487198,0.12399999797344208,0.08144597812827212,-0.6148351235711856,0.43147068451792714,-3.050759289538978
-0.031766301497938326,-0.667475495227349,0.42540663136737483,1790751044,15317727,0.125,0.0814472370119271,-0.6148291957394529,0.4314117831811072,-3.0504709694219274
-0.029046003394897227,-0.6661773012312499,0.4252227807329831,1790751044,65246331,0.12200000137090683,0.08144960623250427,-0.6148178883870454,0.4312998935235065,-3.0499237581061496
-0.02904190070708902,-0.6661391960285513,0.4248631124033152,1790751044,115290140,0.12200000137090683,0.08145234237440215,-0.6148054254093704,0.4311771106902113,-3.0493239144957736
-0.03175072990606938,-0.6673370358317366,0.42410125967062706,1790751044,165189808,0.125,0.0814571278279451,-0.6147846049826925,0.4309731559978115,-3.0483289603872095
-0.03355096136921852,-0.6681070711973266,0.4233273015033607,1790751044,215501526,0.12700000405311584,0.08146278932079393,-0.6147618523178325,0.4307519768771384,-3.0472520303197395
-0.0335306950446559,-0.6680024851541919,0.42235061759125614,1790751044,265344842,0.12700000405311584,0.0814719825503442,-0.6147279958240458,0.4304261338028716,-3.045669367557251
-0.028976607473083463,-0.6657952000969362,0.421647420775826,1790751044,315836709,0.12200000137090683,0.08148307071524098,-0.6146911368198986,0.4300756202045063,-3.0439719341734772
-0.03255374491923099,-0.6673189675119574,0.4199701058760706,1790751044,365230328,0.12600000202655792,0.08149976543821763,-0.6146407973823385,0.42960378002620103,-3.0416949825077
-0.03159018256082506,-0.6667374415903586,0.41854905689676375,1790751044,415871381,0.125,0.08152022768183444,-0.6145856376604216,0.4290953567972353,-3.0392517703068442
-0.03150209505509059,-0.6665295617159209,0.4166671668232693,1790751044,465451261,0.125,0.08154867216989332,-0.6145141274448072,0.4284535414749572,-3.0361877955303975
-0.02958436778020676,-0.6654810496468933,0.4149186147282747,1790751044,515033529,0.12300000339746475,0.08158256055070057,-0.6144377769951527,0.4277832638975031,-3.0330059261051985
-0.033025336001026334,-0.6668713509524306,0.4120585260715812,1790751044,565283505,0.12700000405311584,0.08163967187501195,-0.6143460070783882,0.42695903778068434,-3.0290729627208326
-0.029204419180439325,-0.6649393791896329,0.4100390894817341,1790751044,615710362,0.12300000339746475,0.08170775976768312,-0.6142481436740477,0.4260979823034539,-3.024984280311268
-0.03069999886083688,-0.6654581805837538,0.40692478942058063,1790751044,665323048,0.125,0.08181951036839927,-0.614148083628953,0.42513561019562507,-3.020315892417763
-0.031229509444274953,-0.665545450149411,0.4037858847094695,1790751044,715838591,0.12600000202655792,0.08194957630240883,-0.6140413473679343,0.42412851130763735,-3.0154460752445313
-0.02985346266930619,-0.6647551914865271,0.40050045115846916,1790751044,765391053,0.125,0.08210929229222733,-0.613910030874955,0.4229528707119838,-3.009820927104137
-0.031975282236913635,-0.6655648235207452,0.3963317421205632,1790751044,815347148,0.12800000607967377,0.08228821059526578,-0.6137667002838076,0.42172485518922886,-3.0039971570242785
-0.03032392942973791,-0.6647322692692146,0.392534132776669,1790751044,865596337,0.12700000405311584,0.08255363492836094,-0.6136279502480984,0.42039100035833854,-2.9974710260884514
-0.029471302961970258,-0.6642960180556448,0.38851344816017636,1790751044,915322134,0.12700000405311584,0.08284539023263926,-0.613483706200157,0.41904327657797225,-2.9908930005654146
-0.02927865149736386,-0.6642001691665567,0.3837370487355883,1790751044,965157821,0.12800000607967377,0.08320835984480367,-0.6133188681432983,0.417527092267436,-2.9834795126217957
-0.026314935201013273,-0.6628849387353911,0.379640543216751,1790751045,15545085,0.12600000202655792,0.0836067011318184,-0.6131375889066565,0.4159508112083645,-2.9758314232377128
-0.02484760412130406,-0.6623510679460837,0.37473531233758794,1790751045,65260956,0.12600000202655792,0.08410822861241712,-0.6129595071647064,0.41429666655573216,-2.9676012364867694
-0.027478126703003244,-0.6637325251917279,0.3679880456459297,1790751045,115870426,0.13099999725818634,0.08465905899481098,-0.6127648731428469,0.4125811988204133,-2.959097665034578
-0.02465288354968294,-0.6627764132783684,0.3630356974721486,1790751045,165137154,0.12999999523162842,0.08532543511179505,-0.6125839418922632,0.4108424334072951,-2.9501786089761404
-0.02163521042935751,-0.6617957354887255,0.35801799670918255,1790751045,215281750,0.1289999932050705,0.08604777838958524,-0.612385324300339,0.4090472376610354,-2.9409889181152535
-0.01910003072275429,-0.6611875678448579,0.35237979316331025,1790751045,265097372,0.1289999932050705,0.08690367631069812,-0.6121885306799955,0.40718222649423685,-2.931164000355063
-0.02038442614212871,-0.6624342322203395,0.3444284463429726,1790751045,315101782,0.1340000033378601,0.08781262298738823,-0.6119724169194231,0.4052807647108674,-2.921164609744724
-0.016303154607314935,-0.6614028281219673,0.33882849093749406,1790751045,365376832,0.13300000131130219,0.08889238025571208,-0.6117644880340818,0.4033182962326527,-2.9104206105010486
-0.014347718868131132,-0.6614634450336755,0.33177696529867184,1790751045,415486206,0.13500000536441803,0.09002358472346991,-0.6115368940836324,0.4013396848057145,-2.8995795381906877
-0.011049300633079656,-0.661155713732194,0.3249867917506225,1790751045,465544292,0.13600000739097595,0.09134588992313969,-0.6113259446823581,0.3993387996437592,-2.8880337881442997
-0.007470651588441873,-0.6608179936044385,0.3182216097797923,1790751045,515304107,0.13699999451637268,0.0927181898477537,-0.6110937573793263,0.3973335234274108,-2.8764250268563734
-0.0018629922867371973,-0.6597787778419142,0.31252412843135313,1790751045,565842372,0.13600000739097595,0.09430096150176384,-0.6108843330165469,0.3953361400439669,-2.864107740135634
0.001125466357731919,-0.6601603133632837,0.3045669760441103,1790751045,615341844,0.13899999856948853,0.09590498279836175,-0.6106560075140609,0.3933766971785942,-2.8519492892257388
0.008852263945272151,-0.6584364076041324,0.300383025554404,1790751045,665895387,0.13600000739097595,0.09774840641072119,-0.6104546064007861,0.391439187445792,-2.8389796940232017
0.014662945514626685,-0.6577721227400057,0.29456879502273636,1790751045,715249690,0.13600000739097595,0.09960142492821804,-0.6102330892879978,0.3895503565160141,-2.826219062861121
0.018661275375776304,-0.6585484146883115,0.28597662522330297,1790751045,765016997,0.14000000059604645,0.1016665925232672,-0.6100471408478761,0.38774962718351125,-2.8129018356576667
0.026068258288217253,-0.6575525462498122,0.28105612301317373,1790751045,815419919,0.13899999856948853,0.10380845076324395,-0.6098325390749009,0.3859382615854303,-2.799328224869097
0.03385405633337442,-0.6566428216015165,0.2765166982342879,1790751045,865133160,0.1379999965429306,0.10612641425379434,-0.6096628499302631,0.3842830547108794,-2.785484342998654
0.04158601290795162,-0.6560335502393803,0.2712880423586074,1790751045,916512542,0.1379999965429306,0.10856853509503082,-0.6094579413145453,0.38258967496382634,-2.7710906184833486
0.04714250637196116,-0.6572189839598948,0.2625528426109174,1790751045,965090664,0.14300000667572021,0.11106525667438581,-0.609312829612346,0.38116095480674794,-2.757148791289123
0.055637231603029656,-0.6566756155126933,0.2579673112157694,1790751046,15400771,0.14300000667572021,0.11368336998509625,-0.6091315567906688,0.3797014896884674,-2.742655720786095
0.06452609477594642,-0.6562332162431418,0.2538701198614761,1790751046,65282013,0.14300000667572021,0.11645661188656091,-0.6090025383920282,0.3784553773023328,-2.7280161815897217
0.07277566220675963,-0.6567491808988963,0.24738750486306832,1790751046,115764842,0.1459999978542328,0.11929199996182327,-0.6088408034561449,0.3772220806358404,-2.7131497235963957
0.08228413372144233,-0.6564205293798056,0.2441999201155376,1790751046,165405389,0.1459999978542328,0.12222270537757103,-0.6087548765347026,0.3762941872369929,-2.6985412268176616
0.09197174303693245,-0.6560762670512035,0.24137320633328513,1790751046,215193732,0.1459999978542328,0.12517650274663442,-0.608640546828792,0.37540042652768457,-2.683890984497283
0.10203676691852023,-0.6558551193205957,0.23915152859770475,1790751046,265428134,0.1459999978542328,0.12827532447388512,-0.6085879662505771,0.37477362750310145,-2.66914820452019
0.11169555610259035,-0.6569070963572361,0.23357567303239246,1790751046,315662712,0.15000000596046448,0.1313806071998519,-0.6085045561615028,0.374180419232647,-2.6544127982442807
0.12212395544556214,-0.6564765585097492,0.23336741494410923,1790751046,365431972,0.14900000393390656,0.134500212146582,-0.6084845727872034,0.3738828900661811,-2.64017206879472
0.1323518367663417,-0.6576344426710622,0.2288333541766124,1790751046,415326594,0.15299999713897705,0.1376156658720331,-0.6084328338205063,0.3736107450710126,-2.6259591495668504
0.14303096009336813,-0.6573160163362485,0.2297191045871862,1790751046,465431346,0.15199999511241913,0.14078980195787053,-0.6084426349832359,0.37363007817679866,-2.6120479562779946
0.15362111865052155,-0.6572961147249093,0.23006942200736183,1790751046,515203375,0.15199999511241913,0.1439296165867899,-0.6084202052833871,0.3736703230427949,-2.598297089287679
0.1646428358439989,-0.6587279071313689,0.22741893259619325,1790751046,565384369,0.15600000321865082,0.14708048419850506,-0.6084748895481746,0.37405521402982156,-2.585096573433129
0.17471773821431,-0.6575584728880027,0.23269715916964556,1790751046,615584234,0.15199999511241913,0.15020762693520526,-0.6084987315030417,0.37445891259595615,-2.5720150233854566
0.18448937826135636,-0.6571854613746733,0.23675822314526423,1790751046,665737543,0.15000000596046448,0.15323983451168335,-0.6085943677722733,0.3751864479626744,-2.559900643830622
0.19565988868879275,-0.6590489828618351,0.23473734186842457,1790751046,715463487,0.1550000011920929,0.15621150240184203,-0.6086573271538842,0.375909244965024,-2.5480578920770713
0.2050439350272633,-0.6590995882153791,0.23881550341793908,1790751046,765306378,0.15399999916553497,0.15904797540862964,-0.6087788235988867,0.37690312809936144,-2.537305097323537
0.21559655706161973,-0.660420761054773,0.23966965065897256,1790751046,815367640,0.15700000524520874,0.16185898518877684,-0.6088679605632761,0.37788536531432765,-2.5267080714443795
0.22511856621100707,-0.6612217350499967,0.242866236966345,1790751046,865276382,0.15800000727176666,0.16450631944470961,-0.6090127687131236,0.37911740824151247,-2.5173520496791695
0.2324528021964848,-0.660319565565214,0.25060639176177174,1790751046,915330505,0.15399999916553497,0.16712811144405543,-0.6091266135755548,0.3803290427818179,-2.508205591142003
0.24076875180425192,-0.6608643155867463,0.2553335642128158,1790751046,965663546,0.15399999916553497,0.16956528573784221,-0.6092936435791619,0.38177142227676975,-2.5004662856479154
0.2508064785711581,-0.6626958942166986,0.25703163453366845,1790751047,15471677,0.15800000727176666,0.17194910780025222,-0.6094269883295161,0.3831583209983524,-2.4930766006778082
0.25881198905489156,-0.6636417099948522,0.26150194569363566,1790751047,65297696,0.1589999943971634,0.1740930208646431,-0.6096078580601937,0.384725472230499,-2.487372658398599
0.26501875482093556,-0.6635023808705425,0.26844711604661065,1790751047,115332272,0.15700000524520874,0.17622489917679168,-0.6097578093561701,0.3862442886764281,-2.481950160748081
0.27210888990924303,-0.6644876039865151,0.27322221321155243,1790751047,165313923,0.15800000727176666,0.17808815654395624,-0.6099484377259768,0.3878938458803923,-2.478411073234343
0.2785266414856838,-0.665065491770767,0.27891203262117953,1790751047,215964587,0.15800000727176666,0.17996455654420715,-0.610110545142894,0.3894989737625054,-2.475172374438519
0.2808155545584953,-0.6639651050852466,0.28785185565479043,1790751047,265470419,0.15299999713897705,0.1815341380104931,-0.6103027820663885,0.3911599121700922,-2.4739905570278573
0.28945893615506113,-0.6662997184792965,0.29010776270044786,1790751047,315254753,0.15800000727176666,0.18311298121899278,-0.6104674325475068,0.39275909495797345,-2.4731748520954677
0.2920561366346759,-0.6658790001026553,0.2974836960519006,1790751047,365366191,0.1550000011920929,0.1844314384714751,-0.6106561207197988,0.3943978761675845,-2.474400817575792
0.2979646551063154,-0.6671554270529544,0.30169256211793427,1790751047,415508508,0.15700000524520874,0.18576246878097338,-0.6108170076617585,0.39595630663994297,-2.47600440471965
0.3025805713159305,-0.6681137999573507,0.30633138034179463,1790751047,465727882,0.15800000727176666,0.1868678668332153,-0.6109895856356272,0.39749824086303853,-2.47944391930246
0.3041282434841116,-0.6675366705850744,0.31317442158514347,1790751047,515892784,0.1550000011920929,0.18799952521753854,-0.6111359483118218,0.39895367135084814,-2.4832071627110603
0.3049421497426806,-0.6669821672820688,0.3195372197437232,1790751047,565306467,0.15199999511241913,0.18888935590865064,-0.6112950392496554,0.40037465741336475,-2.488871126212812
0.3103061242695831,-0.6685556659868217,0.3227013244574959,1790751047,615343007,0.1550000011920929,0.1898239951446654,-0.6114343196117552,0.40173428416023715,-2.4949469471025423
0.31197183828410174,-0.6687321129897978,0.32764025687724124,1790751047,665245925,0.15399999916553497,0.19049178257747879,-0.6115912172864337,0.40309563340348903,-2.503532617712099
0.3143545325404616,-0.6692177644287027,0.33200245539829454,1790751047,715454475,0.15399999916553497,0.1911830326111176,-0.6117323281872976,0.4043917223394353,-2.5126576703048547
0.316527967113904,-0.669637780030919,0.33606865182783235,1790751047,765264809,0.15399999916553497,0.19184122095965075,-0.6118565639773934,0.4055707823550714,-2.5220104144204836
0.318747857516436,-0.669985783863092,0.3401291067557557,1790751047,816011621,0.15399999916553497,0.1925753897542238,-0.611964028365769,0.4066872318103812,-2.531596238720418
0.3244418278434503,-0.6723553270910199,0.3417724678021326,1790751047,865401008,0.1589999943971634,0.19297412897215396,-0.6120990578291843,0.4078513932355059,-2.54392674552859
0.3226614871041281,-0.6712924128504693,0.3471624039670202,1790751047,915775559,0.1550000011920929,0.1933792134636235,-0.612228345303458,0.4089890164950617,-2.5570263348054323
0.3232523466902092,-0.6712806903676538,0.3509696233153103,1790751047,965249983,0.15399999916553497,0.19379944529797075,-0.6123369933444185,0.4099915399679335,-2.5694044832749965
0.3230166794109641,-0.6708249306769096,0.35506993691043837,1790751048,15216911,0.15199999511241913,0.19427805346720572,-0.6124330339211234,0.41093362008251444,-2.5818153957098917
0.3242585306430776,-0.6712165895486031,0.35847204676837785,1790751048,65507443,0.15199999511241913,0.1946323893420221,-0.6125566123238969,0.41195166043163456,-2.595294375283413
0.32546206220263507,-0.6715821634109762,0.3618326320673276,1790751048,115408769,0.15199999511241913,0.19499451538961068,-0.61267230011174,0.412938852323105,-2.6088622517606668
0.3256412832468336,-0.6715670213909127,0.3654002879789625,1790751048,165141491,0.1509999930858612,0.19528704394805138,-0.6127865078290596,0.41391442441537407,-2.622368754603141
0.3310135115540157,-0.6738666072031158,0.3671128023296928,1790751048,215579681,0.15600000321865082,0.19560212510338554,-0.6128888433379597,0.4148775355304804,-2.6360639677475324
0.33025947763049834,-0.6733937120791084,0.37083263431119906,1790751048,265879611,0.15399999916553497,0.19591993973952002,-0.6129802055484691,0.41576699233371434,-2.6488625075657652
0.32597228329060124,-0.6713020512602531,0.3755416545235966,1790751048,315768482,0.14800000190734863,0.19626455087749559,-0.6130571376159184,0.4166200521480096,-2.6614072055734534
0.32940713432795143,-0.672897840911893,0.37802061582094226,1790751048,365320139,0.1509999930858612,0.19647162320280803,-0.6132039677729527,0.4175906714627924,-2.673162312985247
0.32752808838087666,-0.6721208755186986,0.3821930836590337,1790751048,415413169,0.14800000190734863,0.19667462483958245,-0.6133411286198315,0.41861166405870737,-2.684922312930774
0.33176381964257995,-0.6740497940065591,0.3843637738047029,1790751048,465141271,0.15199999511241913,0.1968850272585552,-0.6134403597272756,0.4195519302717273,-2.6956392831666367
0.3315563840831751,-0.6739530255610097,0.3877238082620941,1790751048,515218820,0.1509999930858612,0.19711557008053826,-0.6135160583354644,0.42049633387146534,-2.706246440505375
0.3303439891119875,-0.6734967167185645,0.3912013002648748,1790751048,565284812,0.14900000393390656,0.19728338087344077,-0.6136283719928973,0.42139495866031995,-2.715280657413485
0.33267115644902234,-0.6746343513122696,0.3938938059902958,1790751048,615489890,0.1509999930858612,0.19745198872906097,-0.6137298865312437,0.42230895622371656,-2.724037474462788
0.33220964120581165,-0.6745817798368763,0.397048149020756,1790751048,665328669,0.15000000596046448,0.1975674999451872,-0.6138478379097093,0.42318019606803026,-2.7314081237802026
0.3335132148416106,-0.6753256349552151,0.3998973255643629,1790751048,715673886,0.1509999930858612,0.19768394533006053,-0.6139526000097574,0.42407909633228735,-2.738609454826693
0.3311529879126953,-0.6743740123792318,0.4030176801017558,1790751048,765576489,0.14800000190734863,0.19779902093836058,-0.614023803456354,0.42489397640044935,-2.744957863620491
0.33417803416668235,-0.6758418835319843,0.4052134381856851,1790751048,815468036,0.1509999930858612,0.19792160905034747,-0.6140765363060271,0.4257128627752612,-2.751161958529126
0.33621155452543083,-0.6769271838108674,0.4073620516036313,1790751048,865469585,0.15299999713897705,0.19798858411214088,-0.6141573614517953,0.4264240288270017,-2.7559854461441615
0.3346031101526748,-0.6763629608144421,0.40997805907222706,1790751048,915380957,0.1509999930858612,0.1980501586855239,-0.6142332399575875,0.42712994362726603,-2.7605497774862395
0.3338236920032738,-0.6762083756604776,0.4121900664885632,1790751048,965635155,0.15000000596046448,0.19807211501218516,-0.6143231963370922,0.4277379188381434,-2.764042864106748
0.33301955135152134,-0.6760412196306065,0.41432755301039137,1790751049,15441220,0.14900000393390656,0.19808943242888802,-0.614407733299196,0.4283338923774077,-2.7673050412249567
0.3367214866423578,-0.6778906810950369,0.41567470736531303,1790751049,65309286,0.15299999713897705,0.198109527817401,-0.6144682218348765,0.42883964779923633,-2.770036760558454
0.3331677038323289,-0.6764120283918496,0.41768449302485033,1790751049,116074246,0.14900000393390656,0.19813247337123324,-0.614520842259752,0.4293450584393148,-2.772718079512442
0.334123237733224,-0.6769605693892893,0.41889391531013015,1790751049,165118798,0.15000000596046448,0.1981519280912318,-0.6145570615582066,0.4297385892451481,-2.7747694495025472
0.3332608900010475,-0.6766701958440768,0.4202263931877277,1790751049,215295347,0.14900000393390656,0.19817250440969622,-0.6145891148799938,0.4301293542074187,-2.7767765619916
0.33510543515463204,-0.6775980347688708,0.42107151265423237,1790751049,265319469,0.1509999930858612,0.19818919553326836,-0.6146114068633067,0.43043238574179565,-2.778313860255613
0.33513293723915666,-0.677685419121937,0.4220010603427036,1790751049,315651288,0.1509999930858612,0.19820580851291675,-0.6146307071295182,0.430722449353118,-2.779769912322357
0.3333374552951093,-0.6769099859533033,0.42276822606638936,1790751049,365210648,0.14900000393390656,0.19821803325773774,-0.6146432470845232,0.4309288750135015,-2.780797029140045
0.33516731812565337,-0.6778015692798228,0.42327856024864535,1790751049,415495828,0.1509999930858612,0.19822990490305123,-0.6146542328955426,0.43112436673383225,-2.7817629543495883
0.33154975854697866,-0.6761636130185132,0.4238806823743637,1790751049,465204337,0.1469999998807907,0.19823775786453993,-0.6146609147839895,0.43125147262175456,-2.7823875935625484
0.33518600259477616,-0.6778690770575702,0.4240446889493778,1790751049,515204153,0.1509999930858612,0.19824500432216832,-0.6146666889016308,0.4313671909410286,-2.7829539555756386
0.33156309499780523,-0.6762119366261938,0.4244363864228452,1790751049,565325489,0.1469999998807907,0.19824905987107597,-0.614669754289046,0.4314312271188816,-2.7832663848043295
0.33247386412346897,-0.6766450206096111,0.4245565581736025,1790751049,615336973,0.14800000190734863,0.19825251361960597,-0.6146722758603557,0.43148537782329727,-2.7835300445293996
0.331568669360047,-0.6762326903923455,0.42467817295588317,1790751049,665386002,0.1469999998807907,0.19825406849648117,-0.6146733861507768,0.43150966055629564,-2.783648003471009
0.3361044881252526,-0.6783316196264427,0.42450490978344596,1790751049,715483662,0.15199999511241913,0.19825527278315067,-0.6146742356126541,0.4315284277241427,-2.7837390545768153
0.33429089142892965,-0.6774947908528108,0.42460624284050463,1790751049,765246931,0.15000000596046448,0.19825545643200027,-0.6146743643408624,0.43153128624776693,-2.783752918243408
0.3306632726215951,-0.6758195761508131,0.42479091103160027,1790751049,815527592,0.1459999978542328,0.19825545643200027,-0.6146743643408624,0.43153128624776693,-2.783752918243408
0.3333815217303733,-0.6770665787863744,0.4245425594020226,1790751049,865479056,0.14900000393390656,0.19825320009884367,-0.6146727610442565,0.43149593073637693,-2.7835812142625453
0.3324716650839149,-0.6766367072594701,0.42445976231484406,1790751049,915696902,0.14800000190734863,0.19825054249357074,-0.6146708300335515,0.4314541082303236,-2.783377840022207
0.3324627736769047,-0.6766040062442102,0.42408207665512154,1790751049,965280985,0.14800000190734863,0.19824283896751452,-0.6146649766311907,0.4313323388420865,-2.782783810244126
0.3324522560276433,-0.6765663680062123,0.4236529837695865,1790751050,15871564,0.14800000190734863,0.19823423889883238,-0.6146579562756247,0.43119440270646303,-2.78210793286351
0.336058857879454,-0.6781666164658016,0.4226363057122798,1790751050,65288942,0.15199999511241913,0.198218663669668,-0.6146438254941095,0.4309389800736304,-2.780847502935391
0.3305934883460795,-0.6755800426987868,0.42210138623753224,1790751050,115201961,0.1459999978542328,0.19820232116656006,-0.6146268411317689,0.43066207809105583,-2.7794683354926177
0.3341777044082141,-0.6771172231319155,0.4204710573451421,1790751050,165347501,0.15000000596046448,0.19817770786628794,-0.6145964613278498,0.43022590599464683,-2.77726857150196
0.3332202513929193,-0.6765541670674666,0.4190612088163873,1790751050,215274808,0.14900000393390656,0.19815344952086905,-0.6145595968365908,0.42976791074786463,-2.7749209590441306
0.3367651678932112,-0.6780009662849503,0.41668942855405555,1790751050,265459255,0.15299999713897705,0.19812305123680127,-0.6145004302139082,0.4291411164817094,-2.771642203454936
0.33214012444155416,-0.6756919546417937,0.4149779754121348,1790751050,315448044,0.14800000190734863,0.19809540453917038,-0.6144288334228711,0.4284999430715508,-2.7682041380324405
0.3347198270483909,-0.6765986030087147,0.41191039674615687,1790751050,365715945,0.1509999930858612,0.19807122336656435,-0.6143151101530335,0.427687707715823,-2.7637685970852686
0.3345561911844184,-0.6762297210235707,0.409045950711747,1790751050,415711641,0.1509999930858612,0.19805423972101405,-0.6141787908404422,0.42687562322755723,-2.759178736903439
0.33422083247167444,-0.6759194166222032,0.4057743242100451,1790751050,465503623,0.1509999930858612,0.1979250753482258,-0.6141074128031817,0.4258676237388256,-2.7521211874217015
0.33203465611142574,-0.6747764986297549,0.4027538460924226,1790751050,515402356,0.14900000393390656,0.19778881381961308,-0.6140256889203394,0.4248534867980158,-2.744607322754238
0.33154671829909055,-0.6743742996152046,0.3989495541722284,1790751050,565232263,0.14900000393390656,0.19763326129273276,-0.6139111013040642,0.4236960459417351,-2.7355721134361883
0.3292114377287857,-0.6731051781408016,0.3954066970390156,1790751050,615886779,0.1469999998807907,0.19748939068201898,-0.613756682330464,0.4225370920197783,-2.72609872336725
0.3311849563650897,-0.6739088634929229,0.3908522355403521,1790751050,665726149,0.15000000596046448,0.1972505668339803,-0.6136421757822632,0.42134006001921975,-2.7144424788177304
0.32864122048767425,-0.6726662844967114,0.38730179960018685,1790751050,715718966,0.14800000190734863,0.1970208256598624,-0.6135022403519869,0.4201604074585123,-2.7023536734446627
0.33128940925532246,-0.6738229514145829,0.3822198545974582,1790751050,765537365,0.15199999511241913,0.19673907697985368,-0.6133757248504041,0.41891235246058034,-2.6883572543228893
0.32945599592994645,-0.6729349439726553,0.378273108900384,1790751050,815562589,0.1509999930858612,0.19647875081590171,-0.6132175036721816,0.41766698555359977,-2.673961941686554
0.32832352094539985,-0.6725253282314267,0.37424049034529133,1790751050,865281431,0.1509999930858612,0.19610465890694379,-0.6130883292947219,0.4165064765586048,-2.6583846769375885
0.3280251780137918,-0.6724708977964385,0.3699063957387686,1790751050,915260636,0.15199999511241913,0.19575073532735557,-0.6129412550349003,0.41533427218981767,-2.642486981363717
0.3284606624252725,-0.6728156365175326,0.36516242841735025,1790751050,965382185,0.15399999916553497,0.1953530857674958,-0.6128104194523871,0.4141292202690087,-2.6253853204895896
0.32886604772236033,-0.6730968031413256,0.36030304610974573,1790751051,15538576,0.15600000321865082,0.19500011445964774,-0.6126621148891164,0.4128726321056458,-2.608049165427257
0.3238344065510781,-0.6711433839735195,0.35751664936357297,1790751051,65313178,0.15199999511241913,0.1944771809795767,-0.612532288136052,0.41169640712743105,-2.591656907602642
0.32137060478715984,-0.6703016096780804,0.35369441070067953,1790751051,115226466,0.1509999930858612,0.19399320867698758,-0.6123889034798151,0.41045809039919645,-2.575364439351769
0.32126896842380315,-0.6706038602686968,0.3486186642137598,1790751051,165530053,0.15299999713897705,0.1934588308451519,-0.6122498887999235,0.40918583246913404,-2.5593852494261573
0.32035314532849146,-0.6704431385795,0.34385664639545777,1790751051,215252414,0.15399999916553497,0.19300323731089605,-0.6120951688656795,0.40783723017811674,-2.5436709293355855
0.3155534905216045,-0.6688710171828984,0.3404881073033993,1790751051,265698881,0.1509999930858612,0.19225300394492198,-0.611961547834753,0.4065131042393777,-2.5307064477391
0.3148350981410607,-0.6691170352257666,0.3349275557729702,1790751051,315433261,0.15299999713897705,0.1915566032616413,-0.6118121260975741,0.4051241312920192,-2.5184606538165064
0.3121335275699878,-0.6685957535688917,0.3299695939246089,1790751051,365258909,0.15299999713897705,0.19074415590508337,-0.6116588890224333,0.40367042856672763,-2.507671257697241
0.31097223940186536,-0.6687021406363345,0.32388512467027375,1790751051,415316457,0.1550000011920929,0.19000502274214967,-0.6114763324374082,0.4020972703966883,-2.4971038616688013
0.3068374031523422,-0.667772542724566,0.3190348408873111,1790751051,465342940,0.15399999916553497,0.18900028361272433,-0.6113119085161882,0.40053704813581664,-2.48954414241184
0.30484897963350344,-0.6678325490280443,0.3124168664687936,1790751051,516136864,0.15600000321865082,0.18802486097579904,-0.6111153928947086,0.39885349356759053,-2.4824378880771696
0.3006978278513492,-0.6672893842026603,0.30681973550759484,1790751051,565092664,0.15600000321865082,0.1867669928420061,-0.610959724303175,0.39727820804555686,-2.4786251095700997
0.2934698035700579,-0.6652064640991784,0.3034613881899487,1790751051,615359325,0.15199999511241913,0.18550243397221733,-0.6107699121639347,0.3955684315129229,-2.4752241295173425
0.2871832512905124,-0.6639187479078061,0.29896740460593596,1790751051,665315900,0.15000000596046448,0.18401195751583282,-0.6106028862704899,0.39390477778883315,-2.4740511959713625
0.28531668910270325,-0.6649920997020552,0.2897595544724752,1790751051,717057765,0.1550000011920929,0.1824886182362441,-0.610394625124975,0.3920850350784139,-2.473275922323509
0.2784422598767368,-0.6637271040333089,0.28551814075568355,1790751051,765983547,0.15299999713897705,0.1808238253275732,-0.6102342729860488,0.39048555182810607,-2.4747128231313416
0.2739513437792863,-0.6637767950550364,0.27856430648839603,1790751051,815247534,0.1550000011920929,0.17915974800487153,-0.6100403776442354,0.388800195308421,-2.476480893161662
0.26580068535714213,-0.662185930911723,0.2752964112604612,1790751051,865806864,0.15199999511241913,0.17726676315673834,-0.609882464919092,0.3872342984084059,-2.480097604545769
0.26223193716043114,-0.6632932836840885,0.2663270289474029,1790751051,915348880,0.15700000524520874,0.17540457535593895,-0.6096995502510161,0.3856489574675713,-2.483974148501994
0.2543334502853528,-0.6621124827914039,0.2629529875357638,1790751051,965349067,0.1550000011920929,0.17340185567500763,-0.6095596798857176,0.38425129861275953,-2.489246447538765
0.2469018218318817,-0.6612286372182354,0.2590174091637707,1790751052,15550561,0.15399999916553497,0.17138151846919858,-0.6093936616763487,0.38281490038861377,-2.4947909742709324
0.23941681216037058,-0.6604668689407996,0.2556201069525825,1790751052,65384811,0.15299999713897705,0.1693038618573411,-0.6092741697919984,0.3816061414095502,-2.5012672665583278
0.2331347841856118,-0.6606675963038949,0.24990126331177429,1790751052,115560285,0.1550000011920929,0.16720238704002816,-0.6091309104029943,0.3803692263622402,-2.5079607414589646
0.22522352720297512,-0.6596499656902194,0.2480891250001105,1790751052,165164127,0.15299999713897705,0.16510859483864868,-0.6090323710004123,0.37936384891594227,-2.5151813467540913
0.21942962390186516,-0.6605818297245745,0.24125094747062042,1790751052,215596038,0.15700000524520874,0.16297368668702414,-0.6089124586457023,0.37833488122109066,-2.5226330097474423
0.2117125453199198,-0.6596390605502549,0.2401840199836459,1790751052,265718420,0.1550000011920929,0.16091943954703616,-0.6088334296014005,0.3775297466713819,-2.530195184305346
0.204616495999979,-0.6593325209145123,0.2375411854901931,1790751052,316579289,0.1550000011920929,0.15884056413489395,-0.6087367679486901,0.37671601875128735,-2.537896532487295
0.1979848749460849,-0.6587942136116333,0.23639681658977865,1790751052,365360050,0.15399999916553497,0.15697232773916328,-0.6086754775199018,0.37611826450366254,-2.545073551601393
0.19124177834169578,-0.6582369838912315,0.23537746014579794,1790751052,415778267,0.15299999713897705,0.15505436762544192,-0.6085981659429742,0.3755040392907978,-2.5524581832256574
0.18577641358627606,-0.6587546348181086,0.23209592512003224,1790751052,465227080,0.1550000011920929,0.15331201244621429,-0.6085659498763681,0.3751069699102325,-2.5594506055566355
0.17909530559984463,-0.657328658518505,0.2345065641049564,1790751052,515366184,0.1509999930858612,0.151564489086408,-0.6085272635617437,0.374725949014133,-2.566494698192126
0.1743755795759711,-0.6582094423847559,0.23074654334461184,1790751052,565272333,0.15399999916553497,0.15001312416500132,-0.6085049462143336,0.37445434956883117,-2.5728650141005573
0.16932794770188508,-0.6584379830820412,0.22895216118128967,1790751052,615414882,0.1550000011920929,0.148484838677109,-0.6084752500816337,0.3741908973602447,-2.5791449227740606
0.16495111285434502,-0.6586964660147554,0.22739211350993463,1790751052,665506957,0.15600000321865082,0.1471662971043758,-0.608456045620751,0.37400589693970776,-2.584632369121539
0.16036228891899318,-0.6579859893427698,0.2287397156318209,1790751052,715790007,0.15399999916553497,0.1458777276874304,-0.608431580196232,0.37382781908297025,-2.589995325252574
0.15643830849935314,-0.6566750491694895,0.23218903996734838,1790751052,765386515,0.15000000596046448,0.1448134575650735,-0.6084268377607323,0.37374106123427,-2.5945273982012593
0.15318032633759326,-0.6576180131509713,0.22909677346346363,1790751052,815174793,0.15299999713897705,0.14377985795731157,-0.6084211044003426,0.373666114916417,-2.5989413768302927
0.15054879538534366,-0.6585745278119918,0.2261048481157539,1790751052,865388749,0.15600000321865082,0.1429582835377847,-0.6084206562204865,0.3736276405869308,-2.6024863016862594
0.14774505949539693,-0.657280624841679,0.22976961888480946,1790751052,915262342,0.15199999511241913,0.14218208862007436,-0.6084188196733743,0.3735944285141303,-2.6058389117068868
0.14574080893734428,-0.6566294689365688,0.2315880781551195,1790751052,965379122,0.15000000596046448,0.14160127636538536,-0.6084153091583444,0.37356786846030665,-2.60834314142418
0.14396376988593715,-0.6569413704394369,0.23058272064564717,1790751053,15267141,0.1509999930858612,0.1410602029727369,-0.6084103981405861,0.37354184745761004,-2.6106725322310265
0.14275588581597604,-0.6572553168010719,0.22960169036041475,1790751053,65602960,0.15199999511241913,0.14069345661838667,-0.6084061696225151,0.3735235640277211,-2.6122490267941516
0.14164507580401872,-0.6569265832033677,0.23052171161615867,1790751053,115362793,0.1509999930858612,0.14036366045857374,-0.608401748124498,0.37350666280757283,-2.6136652117223838
0.14102137894528827,-0.657886023214852,0.2276668852560084,1790751053,165061754,0.15399999916553497,0.1401710283781734,-0.6083988909544864,0.37349658177747436,-2.6144914960417527
0.14044285106336785,-0.656917768009444,0.2304964755685058,1790751053,215262470,0.1509999930858612,0.14000184980332173,-0.608396215975761,0.3734876026291083,-2.6152167299818925
0.1401972772733108,-0.6572371682746128,0.22954482313544597,1790751053,265142230,0.15199999511241913,0.13992735584737845,-0.6083949749639436,0.37348358028306927,-2.615535837966311
0.14000796495643061,-0.6572356629395202,0.22954136044783302,1790751053,315439539,0.15199999511241913,0.1398705912753659,-0.608394002928884,0.373480486087989,-2.615778898219003
0.1399506652836494,-0.6576182953250528,0.22862417426505094,1790751053,365271937,0.15299999713897705,0.13985296213785847,-0.6084131285701345,0.37349598361125524,-2.6158677142618996
0.13991550697952868,-0.6570477290327891,0.2305538202367858,1790751053,415350818,0.1509999930858612,0.13984246150178092,-0.6084360805035689,0.37351500449167324,-2.6159286216546542
0.1399120640987697,-0.659683203003981,0.23076817748387823,1790751053,465253356,0.15199999511241913,0.13983532483919825,-0.609161118046721,0.37412616141512944,-2.6164811345595522
0.13991642314785266,-0.6631058010748696,0.23027657923776004,1790751053,515543498,0.15399999916553497,0.13983477478372933,-0.6100038853998716,0.37483168854965815,-2.6171334163349322
0.13991698739157715,-0.6693058872418328,0.23595391636422341,1790751053,565522166,0.15199999511241913,0.13981728802956708,-0.6121441157268803,0.37679609914866136,-2.6193830157199587
0.1399365867702762,-0.6791289713570359,0.23466632684206915,1790751053,615462342,0.15800000727176666,0.13983757153355422,-0.6143307460518123,0.378767619310786,-2.6219198192081166
0.13994364303358828,-0.6906038988672601,0.23500576639440784,1790751053,665322435,0.164000004529953,0.13982736647959182,-0.6169067944396135,0.3815142124463954,-2.6263207008407656
0.13996600749563373,-0.7004318974490005,0.23923550215009676,1790751053,715289131,0.16599999368190765,0.13984765520756393,-0.6193135329834473,0.3840657298015196,-2.6310711112334366
0.13997403221455898,-0.7067056964789147,0.2439492044546853,1790751053,765117056,0.16599999368190765,0.13985214419548864,-0.6210083239595288,0.3861179189771771,-2.6353190283076837
0.13998100914014283,-0.7091619955913117,0.25346655279351227,1790751053,815638441,0.1599999964237213,0.13985857179726194,-0.6225076092285683,0.38796934528788507,-2.6395335060916914
0.13997784994813783,-0.7054225187673666,0.2632452982425717,1790751053,865750554,0.15000000596046448,0.1398612436687691,-0.6229734953996204,0.3885535052236782,-2.640944823411713
0.13998064869394938,-0.7064815426399897,0.26412808008699695,1790751053,916081502,0.15000000596046448,0.13986268706596658,-0.623267220177403,0.38892937980092757,-2.6418686609771407
0.13991114994649856,-0.7082952474395172,0.26175805023279175,1790751053,965138645,0.15299999713897705,0.1398442805397594,-0.6233080951769098,0.3889829636864931,-2.642014581371089
0.13982489414273358,-0.7055201215843584,0.2659194349362227,1790751054,15346944,0.14800000190734863,0.13982207930926785,-0.6233089869239735,0.38898579871814315,-2.6420365618060195
0.13944967649308476,-0.7060830237882831,0.2651025319858874,1790751054,65256018,0.14900000393390656,0.13972356532898844,-0.6233122162471963,0.3889973243550831,-2.6421322299427468
0.13903908535484563,-0.7033133772369446,0.26927677057215876,1790751054,115237269,0.14399999380111694,0.13961048514957705,-0.6233157104915514,0.38900999500167666,-2.6422419096582943
0.1380728052123944,-0.7061074616659424,0.2651568344585477,1790751054,165286354,0.14900000393390656,0.1393616608588172,-0.6233227134082369,0.3890359104937489,-2.642483187617335
0.1370584702153367,-0.7044565531546966,0.26769329425944927,1790751054,215787395,0.1459999978542328,0.13908352953293962,-0.6233294035873265,0.3890616761027849,-2.6427525172075153
0.13535088947061066,-0.7044777229208623,0.2677643920038267,1790751054,265524163,0.1459999978542328,0.13862575722804168,-0.6233378038906473,0.38909694391953253,-2.6431950183705584
0.13354125346384849,-0.7039377803991307,0.26867391515287414,1790751054,315690601,0.14499999582767487,0.13813024011501807,-0.6233432381420568,0.38912498301826853,-2.6436725919990813
0.13106886250790772,-0.7028330851936575,0.2704411015182716,1790751054,365258089,0.14300000667572021,0.13743301268896188,-0.6233431049699335,0.38914174408502855,-2.6443301119682117
0.12813228592920237,-0.7050480096982148,0.26724011410594467,1790751054,415484046,0.1469999998807907,0.13668433401647284,-0.6233344979028013,0.3891366457568752,-2.645030703226725
0.12441059636368101,-0.7056775378912092,0.2668022794654712,1790751054,465702845,0.14800000190734863,0.1357142526561649,-0.6233610264253047,0.3892776641722775,-2.646359197772535
0.12072283523403456,-0.7051836594426714,0.2680759514729482,1790751054,515439575,0.1469999998807907,0.1347066952258024,-0.6233800560135782,0.389408643236952,-2.6477895466810994
0.11638343379183838,-0.704163677403904,0.2703976594646496,1790751054,565416882,0.14499999582767487,0.13348348681973704,-0.623409048752672,0.3896087198905615,-2.6497261252435473
0.11157151770612461,-0.7047809211215803,0.2703099585274636,1790751054,615533356,0.1459999978542328,0.13220666229767997,-0.6234183349926922,0.3897684021785544,-2.651758578853346
0.10587389689779157,-0.7054912967701593,0.2706796117178797,1790751054,665966101,0.1469999998807907,0.13072092923323528,-0.6234638450212351,0.39010792539873085,-2.6546127848767105
0.10007288937721553,-0.7061622209095613,0.27115436900754897,1790751054,715784499,0.14800000190734863,0.1292000527520203,-0.6234839767882383,0.39040166192159187,-2.6575741957151178
0.09408041351899407,-0.7058491417265731,0.2738268098365927,1790751054,765182496,0.1469999998807907,0.12755259045203232,-0.6235594414445134,0.3909464860818958,-2.661431868296414
0.08824605264296792,-0.7049298199761338,0.2774422289033095,1790751054,815363813,0.14499999582767487,0.12583164699930535,-0.6236049838116275,0.3914536007471866,-2.665512151707278
0.08115142926584312,-0.7058528348912562,0.2794260869898007,1790751054,865206822,0.1459999978542328,0.12401122629048017,-0.6237175149411617,0.39226591324426857,-2.6705898913807986
0.07293963041621318,-0.7084182153744163,0.27937415363326323,1790751054,915279222,0.15000000596046448,0.12213481851063913,-0.6237926163302264,0.39303304348753487,-2.675886667974956
0.06698748112700889,-0.7066472380018455,0.28623269763245535,1790751054,965373455,0.1459999978542328,0.1202041512570719,-0.6239409784536318,0.3941384899943464,-2.6822006126683178
0.059345483420693276,-0.7076354240774904,0.28957538614425005,1790751055,15604976,0.1469999998807907,0.11823026800879724,-0.6240433616533287,0.3951876449433124,-2.6887278842309885
0.05251112346589969,-0.7076575029134534,0.29514907684302455,1790751055,65745358,0.1459999978542328,0.1163048780952203,-0.6242179848142025,0.3965601367087749,-2.696062916571531
0.04405234383849953,-0.7098879793941228,0.29816254587078334,1790751055,115601219,0.14900000393390656,0.11437412628359722,-0.6243390015253718,0.3978481540178998,-2.7034982996961103
0.03708136711914843,-0.7105834217681413,0.30406082184868666,1790751055,165333468,0.14900000393390656,0.1125427022361338,-0.6245362210305111,0.399467673384015,-2.7116764642938094
0.032462197073703694,-0.7088796791464076,0.31262067014435735,1790751055,215321645,0.14499999582767487,0.11070357575532755,-0.6246816181054574,0.40101734411441625,-2.7200380623715694
0.02560584148861282,-0.7102748911310894,0.3188531530537108,1790751055,265644009,0.1459999978542328,0.10903090771989331,-0.6249191462790882,0.4029403370861333,-2.72912549101673
0.01787308412892448,-0.7127738549102635,0.32415217766444154,1790751055,315388499,0.14900000393390656,0.10741085492700973,-0.6251068437502095,0.40476535231397825,-2.7382375983822294
0.013017414877395508,-0.7130490776634778,0.332174209157725,1790751055,365399925,0.14800000190734863,0.10597501312529115,-0.6253494188798221,0.40681773092477713,-2.747746641806258
0.010519566652885795,-0.7114479074959902,0.34161696654629575,1790751055,415651021,0.14399999380111694,0.10457635587948592,-0.6255424119395865,0.4087702572200471,-2.75736518378802
0.0055646124652964785,-0.7129149875383749,0.34878519126359103,1790751055,465638799,0.14499999582767487,0.10342697641444551,-0.625788004921623,0.4108886969006341,-2.7670438404010773
0.00023504329964327275,-0.7149307305561307,0.35567659652947325,1790751055,516004303,0.1469999998807907,0.10233102853231629,-0.6259931112392244,0.4129086647654139,-2.7768149827319037
-0.002233934017467118,-0.7151832351983745,0.36357386192101676,1790751055,565301910,0.1459999978542328,0.10149801021564285,-0.626235387863772,0.41499334824279155,-2.7862674488648085
-0.004346718881931888,-0.7153802296922138,0.37142004836148323,1790751055,615345254,0.14499999582767487,0.10071960854964294,-0.6264476468402038,0.4169948367574505,-2.7958438889777275
-0.005757374535369647,-0.7155432556943301,0.37866351719138003,1790751055,665239856,0.14399999380111694,0.10014897459295158,-0.6266650640742851,0.41891908181768256,-2.804770957050378
-0.00832058202135115,-0.7168905815233004,0.3851866557895749,1790751055,715293487,0.14499999582767487,0.09964002883642983,-0.6268566793971106,0.42073101907226973,-2.81360775176033
-0.011103794693922461,-0.7188034240659991,0.39075690366054405,1790751055,765255358,0.1469999998807907,0.09929778154663794,-0.6270394870962839,0.42237765318313336,-2.821460330471622
-0.010647410274029254,-0.7181818318146393,0.3970083533792399,1790751055,815604648,0.14499999582767487,0.09900383784372185,-0.6272046844524829,0.42392974327815824,-2.829188468043034
-0.012828494441156107,-0.7199610291994535,0.4014386565199165,1790751055,865364462,0.1469999998807907,0.09882226455657826,-0.6273445457862783,0.42521458931674605,-2.8355625745742477
-0.013349827031292297,-0.7204573554323381,0.40606937147128674,1790751055,915809198,0.1469999998807907,0.0986702335596855,-0.6274723716809789,0.4264237023840334,-2.841793567067241
-0.015143833723393646,-0.7221238890958863,0.40940342395698215,1790751055,965547753,0.14900000393390656,0.09860482958032643,-0.6275820549745692,0.4274057674127224,-2.8466320375713687
-0.01226835319640214,-0.71995833617599,0.41325125022752146,1790751056,15679634,0.14499999582767487,0.09856123073262377,-0.6276851424807154,0.4283330220537707,-2.8512761010641716
-0.014646333689560476,-0.722106543815348,0.4151308029225721,1790751056,65374753,0.14800000190734863,0.09853739069985624,-0.6277484878337524,0.4289149376175687,-2.8542863520499173
-0.012406643412863919,-0.7204057466787592,0.417371366568522,1790751056,115463162,0.14499999582767487,0.098518700302489,-0.6278042378341632,0.42943484332113124,-2.8570423204905446
-0.012427246024238905,-0.7205185172635797,0.4184219352444967,1790751056,165190679,0.14499999582767487,0.09850991837794695,-0.6278334334378455,0.4297099634445298,-2.8585275211594885
-0.012439968797687245,-0.7206139307411149,0.4193143766376147,1790751056,215319412,0.14499999582767487,0.09850312377479362,-0.6278578701098279,0.42994180420239625,-2.8597941402461142
-0.012443633667878928,-0.7206502443313678,0.41965480227874746,1790751056,265339941,0.14499999582767487,0.09850071284901334,-0.627867105869825,0.43002977134817705,-2.8602785213334894
-0.011680648343927597,-0.7200354402503315,0.41996171194759413,1790751056,316119678,0.14399999380111694,0.09849910051364617,-0.6278734966759758,0.4300907451196675,-2.8606155230310577
-0.010915792547519634,-0.7193988710082524,0.42006431348679707,1790751056,365510509,0.14300000667572021,0.098498881661998,-0.627874375401409,0.43009913689301826,-2.8606619834899902
-0.010915792547519634,-0.7193988710082524,0.42006431348679707,1790751056,415539704,0.14300000667572021,0.098498881661998,-0.627874375401409,0.43009913689301826,-2.8606619834899902
-0.010915261567974233,-0.7193923050542075,0.42000262350206835,1790751056,465264435,0.14300000667572021,0.0984993077092741,-0.6278726995113683,0.4300830868055773,-2.8605731359203834
-0.014740275266745428,-0.7225842480879588,0.41957465430135116,1790751056,515308037,0.14800000190734863,0.09849981985008413,-0.6278706978858997,0.43006392647002906,-2.8604671622581135
-0.01167756531922394,-0.7200007780554581,0.41963643514716814,1790751056,565321372,0.14399999380111694,0.09850136689162306,-0.6278646618911574,0.43000645008244043,-2.860149805039671
-0.010909663705725367,-0.7193342108909129,0.4194578862324761,1790751056,615802107,0.14300000667572021,0.098503168885395,-0.6278577785763388,0.42994103006630147,-2.8597896566107353
-0.010903881232794468,-0.7192870785415137,0.4190165667766239,1790751056,665424716,0.14300000667572021,0.09850648998539532,-0.6278456124726859,0.4298253993841412,-2.85915631477824
-0.012426486339792889,-0.7205139198836493,0.41837893229128875,1790751056,715608691,0.14499999582767487,0.09851028775544979,-0.627832245692562,0.42969874732970537,-2.8584666283777826
-0.011647062544464279,-0.7197939793306734,0.41770442574324945,1790751056,765584136,0.14399999380111694,0.09851654283255738,-0.6278112476121058,0.42950083751325807,-2.857396863603864
-0.01162841555507263,-0.719707854249751,0.41690452314368454,1790751056,815336524,0.14399999380111694,0.09852366693374681,-0.6277886615488778,0.42928914874633284,-2.8562633381023304
-0.013125125164895363,-0.7208591999190008,0.4155733693710988,1790751056,865461359,0.1459999978542328,0.09853479477000662,-0.6277558038850212,0.42898304127264797,-2.8546435258819676
-0.013847100649117969,-0.7213638455957081,0.41425738949442725,1790751056,915195107,0.1469999998807907,0.0985475907790967,-0.6277206643945523,0.42865835884500914,-2.8529490707679748
-0.010721658590567687,-0.7186424522933803,0.413065810204395,1790751056,965379341,0.14300000667572021,0.09856609068733231,-0.627673286601063,0.42822498763163713,-2.8507244628314816
-0.012928176646972628,-0.7203642665108553,0.4110561641962683,1790751057,15708622,0.1459999978542328,0.09858767991309311,-0.6276222189571402,0.4277632203299886,-2.8483973972928034
-0.01050883137588482,-0.7182267287901944,0.4093138725154734,1790751057,65450167,0.14300000667572021,0.09861872631148805,-0.6275568949474811,0.42717890241692835,-2.8455031076259942
-0.01339754573139501,-0.7205091777268475,0.4065572789444389,1790751057,116014033,0.1469999998807907,0.09865557102202786,-0.6274854646599877,0.4265494723721438,-2.842455171583645
-0.012377212520361613,-0.7196084112905126,0.40418578976338304,1790751057,165576641,0.1459999978542328,0.09873276304838169,-0.6274165604608072,0.4258937455202615,-2.8390496409898343
-0.01207001775796529,-0.71932964518433,0.4015937133543404,1790751057,215431317,0.1459999978542328,0.09882126595562675,-0.6273439602499387,0.4252105788732556,-2.8355546406325227
-0.010906969918880488,-0.7183609813235463,0.39868121446191196,1790751057,265239261,0.14499999582767487,0.09892925199932173,-0.6272514869407829,0.4243729091915005,-2.8314283420149757
-0.011185241303838772,-0.7186212574619827,0.39523532031576347,1790751057,315926220,0.1459999978542328,0.09904976748789844,-0.6271479903530718,0.42346444737529976,-2.827104675096557
-0.009779688773130235,-0.7176175274811889,0.39190092317733993,1790751057,366232954,0.14499999582767487,0.09923545446339602,-0.6270498729940862,0.4225309296391444,-2.8224215920390976
-0.011298859048454221,-0.7191009422149888,0.3876744687791742,1790751057,415552357,0.14800000190734863,0.09943567432153474,-0.6269471518192086,0.4215793740230563,-2.817763789831346
-0.011853116612103712,-0.7198955174561589,0.38310744281611087,1790751057,465372792,0.15000000596046448,0.09968530570009446,-0.6268280290786666,0.4204922625074034,-2.812529870086884
-0.009316615444090057,-0.7181786108303042,0.3794037804702769,1790751057,515416552,0.14800000190734863,0.09995443656413693,-0.626695235932362,0.41933659748677454,-2.807175796115104
-0.008012216012291948,-0.7177045297007996,0.37499435852710333,1790751057,565398599,0.14800000190734863,0.10031159237210344,-0.6265725557800778,0.41817903672422396,-2.801563715281019
-0.005847211110335843,-0.7165946669028757,0.37082403663557106,1790751057,615397757,0.1469999998807907,0.1006940118092226,-0.6264386162444675,0.41697438130856324,-2.795901555341467
-0.0033911270604601723,-0.7154804283142513,0.36643066015658027,1790751057,665406721,0.1459999978542328,0.10117387853443127,-0.626309524022585,0.4157328792362808,-2.789904174006367
-0.002205672146528545,-0.715556569489162,0.3612740384042076,1790751057,715461111,0.1469999998807907,0.1016814751388635,-0.6261644425636685,0.41442954834995255,-2.7838392213593184
3.2836465592017694e-05,-0.7150204142544316,0.3562599575318376,1790751057,765340027,0.1469999998807907,0.10229400354355477,-0.6260259572581944,0.413107475478977,-2.7775214065342375
0.0031396116612723984,-0.7138431961272772,0.35157532451008033,1790751057,815367944,0.1459999978542328,0.10293611943613187,-0.6258671345366971,0.41171573518700233,-2.77113578287543
0.004592386724815656,-0.7144878700333261,0.34551562185188345,1790751057,865633382,0.14800000190734863,0.10370126288110272,-0.625722958841752,0.4103401679186699,-2.7645723211789153
0.008259796635797331,-0.7132908023454939,0.34070695386481314,1790751057,915889505,0.1469999998807907,0.10449465376884667,-0.6255564061250234,0.40890173341107716,-2.757983255248292
0.012238595451293438,-0.7121463787364907,0.33603177496278747,1790751057,965445919,0.1459999978542328,0.10540516745707973,-0.6254151581959628,0.4075418065505091,-2.7514248059192448
0.016391721600727993,-0.7109622833733065,0.33137191728458265,1790751058,15256465,0.14499999582767487,0.1063455809620373,-0.6252482610784096,0.4061141968729217,-2.744822162209129
0.018526580983256782,-0.7121864157848043,0.3246491303938309,1790751058,65422170,0.14800000190734863,0.10742862064067167,-0.6251090166083244,0.40476126718961614,-2.7381736940113757
0.02099871522661728,-0.7133458194169543,0.31777439958218,1790751058,115747414,0.1509999930858612,0.108539445794618,-0.6249417914923768,0.40334510864936823,-2.7315043206603
0.02511795647654949,-0.7133971030542763,0.3121205807815255,1790751058,165706294,0.15199999511241913,0.10978948726791266,-0.6248111900934293,0.40204981080444924,-2.724920462275337
0.03269524144749243,-0.7099103017586648,0.310146728824921,1790751058,215763720,0.1469999998807907,0.11106117366502798,-0.6246492008030531,0.4006913327307645,-2.71833014081067
0.03737884541381929,-0.7100015459310387,0.30482584625965603,1790751058,265526127,0.14800000190734863,0.11247625449800358,-0.6245293151909632,0.3994771932428509,-2.711872329184339
0.043323610470231616,-0.7088772324428041,0.3008010656215357,1790751058,315809268,0.1469999998807907,0.11392006812651699,-0.6243736394360586,0.3981883486737242,-2.7053634870182663
0.049011947246172846,-0.7084404678130258,0.2965599388363953,1790751058,365399414,0.1469999998807907,0.11546926329303213,-0.6242675164309268,0.39709520311926827,-2.6992009339143177
0.05490419086609541,-0.7079451094823256,0.2923841894433696,1790751058,415388414,0.1469999998807907,0.11703476631405942,-0.6241252191670885,0.3959361935137831,-2.693033766133899
0.06230496483887032,-0.7058529791765434,0.29076453958847254,1790751058,465374387,0.14399999380111694,0.118727518037582,-0.6240323696473978,0.3949656987064947,-2.687151348561275
0.06748987499223269,-0.707114442907225,0.28492799195885754,1790751058,515249933,0.1469999998807907,0.12041745217328655,-0.6239033011664267,0.3939398143860091,-2.6813354007781895
0.07347133903734436,-0.707917790108037,0.2801933152086794,1790751058,565375425,0.14900000393390656,0.1222192068363181,-0.6238268634511758,0.3931241020267492,-2.6759058814009
0.08087412257219961,-0.7064059018231509,0.2786279363840908,1790751058,615470028,0.1469999998807907,0.12401236143972859,-0.6237129345588729,0.3922499653986684,-2.6705575665515906
0.08734275951493761,-0.7072714783373713,0.2744636854518384,1790751058,665518269,0.14900000393390656,0.1259066191755905,-0.6236546366480561,0.39160485535500117,-2.665693680467339
0.09563643328733287,-0.704149724501303,0.27597065215899064,1790751058,715693419,0.14399999380111694,0.1277946451786646,-0.6235563926660337,0.3908904610970676,-2.660904811333187
0.10214610383515807,-0.7056458740090603,0.2716762342514599,1790751058,765608798,0.1469999998807907,0.12973789360740556,-0.6235169565790171,0.3904303248078938,-2.656792449765596
0.10872644023640665,-0.7076313782158563,0.26666630768739585,1790751058,815151944,0.1509999930858612,0.1316487189535086,-0.623438709006853,0.38990250976214735,-2.652824070296369
0.11620653548638968,-0.7075152356379903,0.2654228292076424,1790751058,865132824,0.1509999930858612,0.13362902066829685,-0.6234158482436315,0.3896192380200952,-2.649563630809973
0.12395029384521426,-0.7062209160007539,0.26597759489068434,1790751058,915503179,0.14900000393390656,0.13560795601763986,-0.6233543055009814,0.38925867595853014,-2.646426190143331
0.13142446196276167,-0.7050803458832317,0.2671471929119433,1790751058,965367845,0.1469999998807907,0.1375831474894334,-0.6233550191524051,0.3891801455447288,-2.6442833981905993
0.13880349572043707,-0.7038750785975151,0.268458552696891,1790751059,15497523,0.14499999582767487,0.13954908281563025,-0.6233184941576512,0.38902007057590693,-2.64230951927089
0.1459610221747017,-0.7050438937216446,0.2670236360191508,1790751059,65285114,0.1469999998807907,0.14148252729853403,-0.6233430648360611,0.38914618761387154,-2.641348379169412
0.15306614426373816,-0.7044791965698669,0.2681980476866369,1790751059,115186558,0.1459999978542328,0.1434008033883322,-0.6233322802211253,0.38918465242570927,-2.640567037952568
0.15996744231657645,-0.7040551174729922,0.2699077673829983,1790751059,165493329,0.14499999582767487,0.14529438272768602,-0.6233761628963577,0.3894929102760347,-2.6409802892071257
0.1668772963435668,-0.7041167764198966,0.27088031874595647,1790751059,215555052,0.14499999582767487,0.14716443502350038,-0.6233856971245796,0.3897032741224947,-2.641619822576807
0.1732647158244458,-0.7037486153074749,0.2731295826206771,1790751059,265456552,0.14399999380111694,0.14894105737883143,-0.6234431224752324,0.3901568686505319,-2.6435323832621087
0.17936142309823394,-0.7027488327859438,0.2762353484723612,1790751059,315530932,0.1420000046491623,0.1507126164178228,-0.6234683399139973,0.3905063012387217,-2.645682240241281
0.18660300671754165,-0.7057824899377696,0.2741517936212847,1790751059,365017976,0.1469999998807907,0.15238013422813507,-0.6235375220320518,0.3910857930299842,-2.6491908632143244
0.19294003054884423,-0.7059535125653453,0.27618146994017667,1790751059,415613137,0.1469999998807907,0.15408637229964475,-0.6235775913988227,0.39156604784196447,-2.6530381192033037
0.19857255913086308,-0.705681317834392,0.2793592368857351,1790751059,465833185,0.1459999978542328,0.15566851562678113,-0.6236580221810096,0.39226371595806264,-2.6583433505991523
0.20441097544992198,-0.7058897096884522,0.2817613883088396,1790751059,515880538,0.1459999978542328,0.15725531475927687,-0.623709642704542,0.39284144785502795,-2.6638902234910717
0.20867781736227034,-0.7045231273780173,0.2867038285292782,1790751059,565287025,0.14300000667572021,0.15867602730572677,-0.6237998958172755,0.3936270850583807,-2.6708839901679755
0.21433341266039252,-0.705340775825263,0.2886689302942404,1790751059,615532268,0.14399999380111694,0.1601356073598082,-0.6238665518441895,0.39431242011734086,-2.678260515429476
0.21911316128870756,-0.7057118721213951,0.2916346730286029,1790751059,665093932,0.14399999380111694,0.1614138302230382,-0.6239691645493625,0.39519583934150787,-2.6870852960800553
0.2226317151310063,-0.7043102995767324,0.2967380242715162,1790751059,715317869,0.14100000262260437,0.16272588163308507,-0.6240517333707385,0.395989494804964,-2.6963193005326898
0.2260753072686817,-0.703552945874622,0.3012568173275041,1790751059,765392721,0.13899999856948853,0.16389913880797063,-0.6241585993968906,0.39692113369069676,-2.706789378060767
0.2326742514859859,-0.7067275824386833,0.30097305917897677,1790751059,815385194,0.14399999380111694,0.16509711471442012,-0.6242445458314747,0.39775052283933887,-2.7174887913082038
0.2362022005887764,-0.7065487751584318,0.30495375420106385,1790751059,865317657,0.14300000667572021,0.16616752687213207,-0.6243529720224591,0.39869806780723205,-2.7292462870183782
0.2406996301435291,-0.7074498326172945,0.3076059165434361,1790751059,915451297,0.14399999380111694,0.16727651608461866,-0.6244417080520765,0.3995553362957064,-2.7412527180198847
0.24279429413278747,-0.7061017276173885,0.31288981799530474,1790751059,965291796,0.14100000262260437,0.16826680884127104,-0.6245482294791913,0.40050078544299533,-2.7539884006365787
0.2475541933135986,-0.7075803752727884,0.31507965169207985,1790751060,15998441,0.14300000667572021,0.16931351003103287,-0.6246363116939586,0.40137959204990575,-2.7671025260421107
0.25085443298306687,-0.7079837049540432,0.3186013254542149,1790751060,65683883,0.14300000667572021,0.17020187372617948,-0.6247481303372134,0.4023629259211141,-2.780657099332342
0.25296637190425,-0.7071555775993806,0.3232395090771661,1790751060,115323825,0.14100000262260437,0.17112565726675527,-0.6248394209370508,0.4032841748553513,-2.7943177452720187
0.2558985509260065,-0.7076011630581663,0.3268763354916776,1790751060,165207510,0.14100000262260437,0.17190294974076611,-0.624968998841456,0.40432092960880817,-2.808297491523543
0.258207845042147,-0.7074092614871982,0.33108576369096954,1790751060,215597827,0.14000000059604645,0.17271301036454875,-0.6250794494673049,0.40533154110027536,-2.822466286285029
0.2596159438802227,-0.7066559370000781,0.33576898414448153,1790751060,265648680,0.1379999965429306,0.17343320521743413,-0.6252048871636393,0.4063541177277816,-2.836216677836002
0.26348578826986063,-0.7082004032458878,0.33839036468369293,1790751060,315518808,0.14000000059604645,0.17418653320863559,-0.6253048531746076,0.4073394110207029,-2.8498604754478714
0.2633032808271687,-0.7062221670932123,0.3439861066277632,1790751060,365685375,0.13600000739097595,0.17486219655716512,-0.625415878981368,0.4083640564636911,-2.8632079620887865
0.2702628308273456,-0.7107239396383446,0.34442006285810123,1790751060,415502346,0.14300000667572021,0.17556634429764487,-0.625499035599545,0.4093684506730705,-2.876396219750947
0.2697079872826722,-0.7088086140288177,0.3500555911901948,1790751060,465592328,0.13899999856948853,0.17611971629852322,-0.6256436023498428,0.4104361838417354,-2.888892192711732
0.2703634251087275,-0.7080378592268419,0.3547384885923806,1790751060,515472726,0.13699999451637268,0.17667799752564667,-0.6257664655783409,0.4115139845672715,-2.9011935473120785
0.27356921898445663,-0.7096823071142462,0.35770593332165546,1790751060,565381670,0.13899999856948853,0.17717514812055266,-0.6258998948805897,0.4125665759073208,-2.91260180820525
0.2711471327801638,-0.7064445360891078,0.3637783611764069,1790751060,615354355,0.13300000131130219,0.17769500125837276,-0.6260046227801997,0.4136293371918833,-2.9238580252721267
0.2733928792400342,-0.7074360245711593,0.36702083835526755,1790751060,665257466,0.1340000033378601,0.17814294031276817,-0.6261139194733015,0.41466708953362985,-2.9341295785905523
0.2749087778328505,-0.7077809564738625,0.3707141236403142,1790751060,715963425,0.1340000033378601,0.1786134986720542,-0.6261966238370524,0.41573874772644237,-2.9443830665203348
0.2761273581517435,-0.7082097664221721,0.37421992984994146,1790751060,765346069,0.1340000033378601,0.17893827836246923,-0.626335008902315,0.416726491053186,-2.952944768364609
0.27875358614199375,-0.7098429359294033,0.3771928509748915,1790751060,815266355,0.13600000739097595,0.17926243418520596,-0.626457473113211,0.41774377308014443,-2.961357251183813
0.27832431784508516,-0.7089842302382837,0.38118722313980735,1790751060,865719738,0.1340000033378601,0.17956178171369752,-0.6265623127732098,0.4187184084771162,-2.969040456329902
0.27781501222829563,-0.7080698839469758,0.3850602367842344,1790751060,915484663,0.13199999928474426,0.17986876387388312,-0.6266397328787457,0.41969638468600706,-2.976468972773888
0.2800587012747964,-0.7096751741604564,0.3876684067447888,1790751060,965202615,0.1340000033378601,0.18007193686995843,-0.6267565553019903,0.4205796583922478,-2.982579454583127
0.2830200100184092,-0.7118976643609141,0.39017538044645805,1790751061,15987750,0.13699999451637268,0.18026983283613132,-0.6268637971524921,0.4214905686796,-2.9885745388985927
0.2828703828969999,-0.7115834785161693,0.3932992932237665,1790751061,65655590,0.13600000739097595,0.18044612211781152,-0.6269476312880956,0.4223173251723412,-2.993791362510305
0.28194014596196315,-0.710618707990491,0.39665987388968127,1790751061,116818441,0.1340000033378601,0.18063400791305068,-0.6270143193726027,0.42318106338016814,-2.9990544605729914
0.28308126720558285,-0.7115479159807806,0.398990112409854,1790751061,165150587,0.13500000536441803,0.1807297502198709,-0.6271118360664786,0.42388422472224646,-3.0029239610785914
0.2841960614497871,-0.7124797483642614,0.4014217655514382,1790751061,215252134,0.13600000739097595,0.1808206955816884,-0.6272059467649124,0.42461474946418876,-3.00676553618318
0.28144960119232953,-0.7102095733355926,0.4043687652363503,1790751061,265282551,0.13199999928474426,0.180910922036272,-0.6272713741467042,0.4252787848449514,-3.010179004642492
0.28172316324621444,-0.7104244504924286,0.40660636870410377,1790751061,315655128,0.13199999928474426,0.18100549246810252,-0.6273230644877092,0.42594829850179927,-3.0135327903617846
0.2826645834841373,-0.7112673346147428,0.4083685224036583,1790751061,365283551,0.13300000131130219,0.18105534582736885,-0.6273864460275141,0.42649473826449547,-3.016054061365727
0.2820528586426908,-0.7108425337681754,0.4103751302104755,1790751061,415368154,0.13199999928474426,0.181099476031619,-0.6274468000876176,0.42703544096497537,-3.018456012699058
0.2829145946945888,-0.7116668448556052,0.4118624925874024,1790751061,465435719,0.13300000131130219,0.18112002772021468,-0.627508181879149,0.4274889422584348,-3.020335590582185
0.28529048293554077,-0.7137516123376237,0.41309878707304026,1790751061,515341450,0.13600000739097595,0.18113677454805202,-0.6275656644383781,0.42793082753239653,-3.0221079941633917
0.28228526337502935,-0.7113591263698313,0.4148131359567355,1790751061,565483858,0.13199999928474426,0.1811525281986458,-0.6276078482380764,0.4282999108941839,-3.0235673661640092
0.28233514049450126,-0.7114896900158993,0.4160347432600465,1790751061,615283440,0.13199999928474426,0.1811686000238206,-0.6276445347154923,0.42865697891848875,-3.0249581806741723
0.28313736476771745,-0.7122260978597345,0.41691977911051026,1790751061,665428867,0.13300000131130219,0.18118193062485347,-0.6276714733667363,0.4289449724309766,-3.026064291563247
0.2816346529620841,-0.7110470106573912,0.4180250147463236,1790751061,715525396,0.13099999725818634,0.18119507570606058,-0.6276951998017277,0.4292217209297422,-3.0271145043530208
0.2816548649803746,-0.7111128224496651,0.41870137783450784,1790751061,765161662,0.13099999725818634,0.1812049406333004,-0.6277113665124558,0.4294256087097562,-3.0278808599710705
0.2824393704947948,-0.7118110369152869,0.41926649788097203,1790751061,815529609,0.13199999928474426,0.18121454346286478,-0.627725818922814,0.4296207394604723,-3.028608358872441
0.28168375558327846,-0.7112151545982355,0.4197858858131893,1790751061,865661388,0.13099999725818634,0.1812212717771715,-0.6277351976632521,0.42975510941815764,-3.02910572863292
0.286294973181624,-0.7150772686397211,0.4197479760854451,1790751061,915790630,0.13699999451637268,0.18122756117097702,-0.6277434553363881,0.42987923882854284,-3.029562725298601
0.2809321038650062,-0.7106370771700068,0.42050925599377953,1790751061,965001995,0.12999999523162842,0.18123137510299075,-0.6277482733593484,0.42995434187928655,-3.0298383412082317
0.2832377601153063,-0.71257017917922,0.4205160255834893,1790751062,15129949,0.13300000131130219,0.1812348589528383,-0.6277525376757045,0.4300226650016683,-3.0300884191040227
0.28017231580623225,-0.7100291149654133,0.42091199533580914,1790751062,65655860,0.1289999932050705,0.18123658643650714,-0.6277546293218473,0.43005686893118455,-3.030213433183077
0.2832418954856717,-0.7125881919330179,0.42071703290560014,1790751062,115264802,0.13300000131130219,0.18123794315562355,-0.6277562586976801,0.43008384460493826,-3.030311936922658
0.28170864586067473,-0.7113154036502765,0.4208901645681073,1790751062,165405691,0.13099999725818634,0.18123843786067256,-0.6277568609764926,0.4300937797444704,-3.030348205900308
0.28247602577079356,-0.7119552027773225,0.42084167188162797,1790751062,215660397,0.13199999928474426,0.18123876695996297,-0.6277572671323707,0.4301004446280524,-3.030372537152522
0.2832426333603355,-0.7125915792146855,0.4207547997685398,1790751062,265608591,0.13300000131130219,0.18123850319865029,-0.6277569629387525,0.43009533830116986,-3.0303540129988433
0.28324215200164177,-0.7125894804798266,0.42073124444043836,1790751062,315490257,0.13300000131130219,0.18123813487376872,-0.6277565321851627,0.43008815216777185,-3.030327910593453
0.28247127133462946,-0.7119346429511805,0.4206116735433276,1790751062,365893556,0.13199999928474426,0.18123518362360633,-0.6277529990622135,0.4300300167251019,-3.0301155378469598
0.2840004911960431,-0.7131903522543184,0.42024994362327117,1790751062,415335903,0.1340000033378601,0.18123183987049885,-0.6277488729877957,0.42996379044230293,-3.0298729831339695
0.2824554135141937,-0.7118705767519113,0.4199065885690736,1790751062,465572859,0.13199999928474426,0.18122428443459102,-0.6277392310032864,0.4298149173366639,-3.029326243361829
0.28474275807689087,-0.7137322392143437,0.4191393536655797,1790751062,515456237,0.13500000536441803,0.18121616422576822,-0.6277281128319551,0.4296529667067615,-3.0287277867276092
0.2854839569413223,-0.7142797083727305,0.41812251932956007,1790751062,565237495,0.13600000739097595,0.18120249575392255,-0.6277075134637058,0.42937569361951955,-3.0276939155577205
0.2846852757486974,-0.7135417186228787,0.4171760956381914,1790751062,616316734,0.13500000536441803,0.1811879469361511,-0.6276826947727516,0.4290728347108902,-3.0265509501078105
0.28156646048950157,-0.7108483583684608,0.4160718068357142,1790751062,665661137,0.13099999725818634,0.18116780461128953,-0.6276428470923591,0.4286397053384749,-3.024891224331929
0.2822681735064499,-0.7113162694316761,0.4144224873922526,1790751062,715561543,0.13199999928474426,0.181147627158903,-0.6275953908725749,0.4281865496864423,-3.0231212788965167
0.2837024767687263,-0.7123437019491704,0.41213220365428294,1790751062,765236273,0.1340000033378601,0.18112578803800036,-0.62752146530508,0.4275986833533034,-3.0207875060471125
0.28434650023485386,-0.7127071500743944,0.40983033537248065,1790751062,815238347,0.13500000536441803,0.18110546780244893,-0.6274335006735485,0.4269970295372178,-3.018334490336909
0.28179599849654763,-0.7105450670476758,0.40752573555704696,1790751062,865304292,0.13199999928474426,0.1810170214156367,-0.6273653709090872,0.4262002031529325,-3.0146447793910633
0.2837763494128055,-0.7121407996806859,0.404280028408891,1790751062,915598034,0.13500000536441803,0.1809210468753663,-0.627286076266283,0.42538604893834986,-3.0106979591632217
0.28411675770570616,-0.7124080050489391,0.4008069596644517,1790751062,965138105,0.13600000739097595,0.18080058489537285,-0.6271840338647584,0.42444263570235674,-3.005879705569073
0.27984653182068453,-0.7088711302399948,0.3983263275853719,1790751063,15654840,0.13099999725818634,0.1806817740413999,-0.6270531184942306,0.4234890589591842,-3.000793196114697
0.28290169433334283,-0.7116164827873803,0.3935089076607766,1790751063,65407116,0.13600000739097595,0.18044986994718792,-0.6269605672789966,0.4223706757932282,-2.9940873951190796
0.28059011448145815,-0.7099562567626113,0.3900647962923844,1790751063,115407143,0.1340000033378601,0.18021423104420864,-0.6268437069485672,0.4212575355460353,-2.9870436383011456
0.2780598722705581,-0.7082780790248063,0.3862927204193707,1790751063,165698775,0.13199999928474426,0.17989938412239756,-0.6267243645881689,0.420019713159233,-2.9785348394462945
0.2776888564124958,-0.7083944203936147,0.3817857703042558,1790751063,215765794,0.13300000131130219,0.17959658930929148,-0.6265665246471682,0.41881417779186864,-2.969801436825976
0.2784908510029192,-0.7097497394126473,0.37636099529669254,1790751063,265442096,0.13600000739097595,0.1791894259066091,-0.6264302930063408,0.41750827752449043,-2.9594496727961936
0.27481922977702866,-0.7073569637345778,0.37274569834933946,1790751063,315362188,0.13300000131130219,0.17879662701127452,-0.6262507734780856,0.4162249578758568,-2.9487542957297475
0.27510202124180716,-0.7087247161336211,0.3670142168074093,1790751063,365269669,0.13600000739097595,0.1782258484413438,-0.6261347502750151,0.4148671863427952,-2.9360484798569324
0.27241391409143056,-0.7075891461077464,0.36264279308615327,1790751063,415487976,0.13500000536441803,0.1776701125010258,-0.625980121491504,0.413520888665454,-2.9228872060434417
0.27289259220004924,-0.7095418208633253,0.35633289700662196,1790751063,465521827,0.13899999856948853,0.1769797275162949,-0.6258622829814073,0.41218499571689693,-2.9084158277877346
0.26913129626521315,-0.7077950732743771,0.3524054118900372,1790751063,515806681,0.13699999451637268,0.17632362727852757,-0.6257008493670398,0.4108543081652957,-2.8936269500318157
0.26580790883066274,-0.7067472869879329,0.348274011083607,1790751063,565194362,0.13600000739097595,0.1755365766692916,-0.62557949783272,0.40958370529106347,-2.8780147760276473
0.26500847338925715,-0.707989541644153,0.3422337825441709,1790751063,615529743,0.13899999856948853,0.17478016652297523,-0.6254160930665251,0.40827526823581584,-2.8619024200998227
0.2607091926830166,-0.7063613186962795,0.33879176151060264,1790751063,665218658,0.13699999451637268,0.17390310470977344,-0.625293147774709,0.40706806231621717,-2.845588219275184
0.25826590302391417,-0.7064245382904815,0.3338540064833375,1790751063,715445039,0.1379999965429306,0.17306928301029512,-0.625135295374667,0.40580950641404184,-2.8290221698578875
0.25611505525731804,-0.7071686667002912,0.3285454297876196,1790751063,765325029,0.14000000059604645,0.17210544473238248,-0.6250141281131565,0.4046573033414656,-2.81254904906217
0.2532614811579478,-0.7072309931292285,0.32367394638866925,1790751063,815635679,0.14100000262260437,0.17118800666703773,-0.6248626909194481,0.40342611448234966,-2.7959296056842033
0.25011512468286534,-0.7073919368271506,0.3190263992882744,1790751063,865927171,0.1420000046491623,0.17014833568519078,-0.624745751057193,0.4023265910974243,-2.7800206009079926
0.24643249509622073,-0.70689006542345,0.31498265422567573,1790751063,915576576,0.1420000046491623,0.1691786912382069,-0.6246048149462488,0.40115102814403325,-2.764436375001059
0.24131798697369863,-0.7053766638476622,0.31249632590781196,1790751063,965334565,0.14000000059604645,0.1680276445606283,-0.6245060444681421,0.4001802400371476,-2.7501255661819792
0.23776207285215611,-0.7055242353842838,0.3081259136915803,1790751064,15240971,0.14100000262260437,0.1669163522162197,-0.6243868827739609,0.39911280625604495,-2.736020923447177
0.23294497582291687,-0.7046339491649914,0.3053831661414945,1790751064,65356064,0.14000000059604645,0.16568628585883827,-0.6242996846014136,0.3982415245603146,-2.7236444431540665
0.23000495492750567,-0.7059604378856643,0.2999433775507222,1790751064,115497509,0.14300000667572021,0.16450131453316302,-0.6241913699231791,0.39726806367346884,-2.7115917306040513
0.225886608350653,-0.7062398398920696,0.29615404700010667,1790751064,165101145,0.14399999380111694,0.16323485522340644,-0.6241131742277061,0.39648333899231664,-2.701344462607898
0.21917841387014475,-0.7030259343971882,0.2965497955043316,1790751064,215503647,0.13899999856948853,0.16198578135497768,-0.6240117573791062,0.3955788933415737,-2.6912407225191517
0.21612079351198477,-0.7050343327082861,0.29094739130104386,1790751064,265248321,0.14300000667572021,0.16068831922802998,-0.6239414944474739,0.39487137451387344,-2.682981898900131
0.2113302256258255,-0.7046980388610594,0.28815203899755876,1790751064,315967937,0.14300000667572021,0.15939455972438618,-0.623848676036207,0.39405326206625363,-2.6748875342164657
0.20728084318326215,-0.7055953228247928,0.2842918953751843,1790751064,365222108,0.14499999582767487,0.1580956962967942,-0.6237879255087752,0.39344027997230757,-2.66859006923518
0.20203057182481052,-0.7047287618437952,0.28261062853407953,1790751064,416233892,0.14399999380111694,0.15677278283313575,-0.6237032818386554,0.3927133185114069,-2.662340194569793
0.19729513943496035,-0.7045236954267928,0.2806143762218929,1790751064,465429090,0.14399999380111694,0.15548174061628367,-0.6236486515855184,0.39217989588466307,-2.657667398187839
0.1927607501514712,-0.7048224954754679,0.27782500893720385,1790751064,515467821,0.14499999582767487,0.15418412060854683,-0.6235726775938154,0.391558511201629,-2.653139392799053
0.18826753769896726,-0.7052558104056036,0.27548967178864847,1790751064,565438460,0.1459999978542328,0.15289569073140907,-0.6235435541397613,0.3911959334665928,-2.6501377743458487
0.18330827249709217,-0.7045406356368931,0.27480601583431563,1790751064,615483515,0.14499999582767487,0.1516167843631882,-0.6235014816655526,0.3907943941034066,-2.6474073065382084
0.17808595270850233,-0.7022101784341057,0.27686420551023905,1790751064,665354069,0.14100000262260437,0.15041398927174277,-0.623479698477717,0.39051619495594014,-2.6455117935300163
0.17427323616440746,-0.7037549848058476,0.27332083511310445,1790751064,715690034,0.14399999380111694,0.14921684738560093,-0.62344292126775,0.390188914785612,-2.6437492769410973
0.17047770660272313,-0.7042121447333003,0.2716218306565611,1790751064,765362726,0.14499999582767487,0.14814092979898122,-0.6234145034979549,0.3899341645987582,-2.6425384780513212
0.16614225820075845,-0.7024131593635047,0.2732212188096942,1790751064,815533754,0.1420000046491623,0.147073288873815,-0.6233727154573271,0.38963850256208465,-2.6414121554379295
0.16306409928551638,-0.7046139205608164,0.26942229822532504,1790751064,865533838,0.1459999978542328,0.1461001609295015,-0.6233711155877073,0.3895382039538782,-2.641053924512682
0.15932361559685043,-0.7034706805369305,0.27061677086909225,1790751064,915392522,0.14399999380111694,0.1451452998384911,-0.6233656998046024,0.38943665825690005,-2.6408335223024952
0.15681895093135867,-0.706756295957327,0.2652662992588829,1790751064,965722218,0.15000000596046448,0.1443251620639379,-0.6233495409788229,0.3893115339590981,-2.6406405566547932
0.15343891030757562,-0.7033502677615983,0.26985409075770656,1790751065,15627263,0.14399999380111694,0.14353580418086848,-0.623323990565902,0.3891592526827569,-2.640454542681447
0.15093254440736606,-0.7028017540377465,0.2705396114985484,1790751065,65335186,0.14300000667572021,0.14287155896075573,-0.6233304553535174,0.3891496241801412,-2.640673230366713
0.14856239053225115,-0.7033687914093484,0.26960646814553246,1790751065,116144238,0.14399999380111694,0.14221365433476624,-0.6233378592398247,0.38915035824240674,-2.6409699813642327
0.14671715815998843,-0.7028117681738678,0.270358650385373,1790751065,165184045,0.14300000667572021,0.14172113503791664,-0.6233386246344372,0.38913600983649405,-2.641187208171739
0.1450609377444894,-0.7050259953876293,0.2669589262061141,1790751065,215555835,0.1469999998807907,0.14123827800899205,-0.6233356686368404,0.38911078969107454,-2.641398696840951
0.14372130929933866,-0.7039037069403203,0.2685657626285334,1790751065,265192489,0.14499999582767487,0.14088777068418232,-0.6233312743187116,0.38908569023545847,-2.641551879792897
0.14256428922741746,-0.7061125132541457,0.26518899481614205,1790751065,315268868,0.14900000393390656,0.14055735084720358,-0.6233254037625502,0.38905694011543557,-2.641695987191816
0.14171954506379938,-0.7038793331051656,0.2684810305945891,1790751065,365157710,0.14499999582767487,0.14034098644062457,-0.6233206602393896,0.38903557672310757,-2.641790119768443
0.14098850888765072,-0.702757300541565,0.2701138684279329,1790751065,415622037,0.14300000667572021,0.14014386193926387,-0.6233157175217127,0.38901434516410294,-2.641875741910403
0.14060431546338065,-0.7044172628595122,0.2676027316226176,1790751065,465368562,0.1459999978542328,0.14003410851270617,-0.6233127084012963,0.389001765735759,-2.641923192659964
0.14026070551628494,-0.7055221944582232,0.2659252302632502,1790751065,515578332,0.14800000190734863,0.13993900447178095,-0.6233099522679902,0.3889904337411938,-2.6419642237040772
0.14011875116408073,-0.705519653526792,0.26591934930034616,1790751065,565510099,0.14800000190734863,0.13990057257655833,-0.6233088015696202,0.38898570856702447,-2.6419807957635766
0.14001341443146958,-0.7055177381453803,0.26591497366186606,1790751065,615616627,0.14800000190734863,0.13987204907716755,-0.6233079339433717,0.3889821450500117,-2.641993091843518
0.13998902930892052,-0.7049706718800026,0.2667534079220224,1790751065,665487607,0.1469999998807907,0.13986568996588347,-0.6233103080607006,0.38898503121672534,-2.6420045379266655
0.13997771956460736,-0.7033142447732539,0.26925675663626336,1790751065,715391467,0.14399999380111694,0.13986328198816034,-0.6233132656649618,0.3889890766692329,-2.6420158492989914
0.1399803301733733,-0.7062263769770201,0.26521883340882546,1790751065,765130363,0.14900000393390656,0.13986290095366627,-0.6233519686014491,0.3890445973639961,-2.642146728149483
0.13998037754170817,-0.7063851445939787,0.26536015777853067,1790751065,815441198,0.14900000393390656,0.13986289418945194,-0.6233976710245606,0.38911017434633255,-2.642301397846269
0.1399790779974708,-0.7057197542144814,0.26742193415150556,1790751065,865727070,0.1469999998807907,0.13986299390143409,-0.6235277247828879,0.3892966927660406,-2.6427438918588138
0.1399778700689902,-0.7050924667296753,0.26952051790848086,1790751065,915697838,0.14499999582767487,0.13986313386209556,-0.6236709356474518,0.3895018493807356,-2.64323497001812
0.13998032745523023,-0.7071545374184256,0.2687081233556115,1790751065,965111426,0.1469999998807907,0.1398634331187219,-0.6239406519098138,0.38988747621419967,-2.644170800445438
0.13998152788388418,-0.7081794747194127,0.2696310595945951,1790751066,15246445,0.1469999998807907,0.13986382010787782,-0.6242326895166529,0.39030385422517305,-2.6452010447804533
0.1399807372394123,-0.7074252392937415,0.27430063253652526,1790751066,65144119,0.14300000667572021,0.13986447532622878,-0.6246716230169023,0.39092321776567046,-2.646780604080075
0.13997973130949085,-0.706130069057997,0.2798418222333845,1790751066,115964485,0.1379999965429306,0.13986514464716043,-0.6251352671185779,0.39157287420435605,-2.6484975454995463
0.1399798124967674,-0.7065168349802569,0.2843682487056965,1790751066,165486546,0.13500000536441803,0.13986707988279348,-0.6257784044806418,0.392563879764485,-2.6510612222949836
0.139978659167526,-0.705684433155467,0.29052756048470396,1790751066,215203886,0.12999999523162842,0.13986837406530198,-0.626431389234159,0.3935758095073189,-2.653788291440657
0.13997893697518968,-0.7053196207661385,0.2973048030957126,1790751066,265318803,0.125,0.13987209554920155,-0.6272630595047537,0.39493759384225113,-2.657509916493862
0.13997988793258037,-0.7054736178249801,0.30326933499390196,1790751066,315423627,0.12099999934434891,0.13987300134282857,-0.6280831785464224,0.3962838947405419,-2.661417628354421
0.13998013178554505,-0.7040606656788058,0.3121961002493859,1790751066,365385311,0.11400000005960464,0.13987915846719984,-0.6290710817234657,0.3980596671225589,-2.66656854395267
0.13997977160688663,-0.7043917005178533,0.3187344062982143,1790751066,415292042,0.10999999940395355,0.13987748881958473,-0.6300194281625776,0.3997822595197149,-2.671945120466565
0.13998437491697044,-0.7043633783216632,0.32678094198926433,1790751066,465523542,0.10499999672174454,0.13988674747218763,-0.6311236878156661,0.4020201439722343,-2.67889885455055
0.13997491178021673,-0.7011336732728953,0.33737916674493684,1790751066,515361022,0.09600000083446503,0.1398786562424525,-0.6321464969909899,0.4041381392036112,-2.6860901533580925
0.14079634659323956,-0.699075627626425,0.3449637820402814,1790751066,565569273,0.09000000357627869,0.14015147365941774,-0.6329347983473314,0.40599635928312117,-2.694125782787614
0.14162630176283747,-0.6988448276773324,0.3501206389073054,1790751066,615426503,0.08699999749660492,0.14038993304107092,-0.6336174037341055,0.40767803741109154,-2.702247645218206
0.14391339378764811,-0.6976690122686815,0.35208622996038436,1790751066,665905755,0.08500000089406967,0.14109205825420015,-0.633729649073913,0.40802188989255145,-2.709586133020068
0.14643335184730144,-0.6969012242157411,0.3528209568998463,1790751066,715782069,0.08399999886751175,0.14187551126363138,-0.6337205220506835,0.4079882005584352,-2.7166773784887837
0.14877809373244277,-0.6939393414517553,0.35580305629102843,1790751066,765203601,0.07999999821186066,0.1426922534434103,-0.6337371682398925,0.40813527010281897,-2.7251279078129347
0.15141573308232714,-0.693945986278657,0.35608312331527986,1790751066,815389676,0.07999999821186066,0.14353308546426535,-0.6337356515100887,0.40816554998190235,-2.733969150360786
0.15445411185960228,-0.6962864517281664,0.35475906663434675,1790751066,865343175,0.08299999684095383,0.14438325591143744,-0.6337636666616132,0.40841052219327134,-2.7443576222005555
0.15724073479306697,-0.6963251951679427,0.35531052898328186,1790751066,915484259,0.08299999684095383,0.1452526920369685,-0.6337732133256576,0.40853210237301496,-2.7550923688867472
0.15964675817342622,-0.6949306239433022,0.3574660884445963,1790751066,965454443,0.08100000023841858,0.14609790709617604,-0.6338111814051376,0.4088649446277285,-2.767274617662962
0.16237399119790968,-0.6949955521749575,0.3582494717753427,1790751067,15529174,0.08100000023841858,0.14696620266346774,-0.6338295994685389,0.4090660667086703,-2.7797552798291245
0.1650383660284479,-0.695136966407863,0.35936640991680985,1790751067,65400552,0.08100000023841858,0.14779669702253162,-0.6338766491980325,0.40947527563800923,-2.7937602154384424
0.16727693366072646,-0.6937124249991459,0.36161263532110455,1790751067,115471709,0.07900000363588333,0.1486628136634835,-0.6339028766459703,0.40975132077248533,-2.808111677703575
0.17006605872416855,-0.6946359950016087,0.36233311036108423,1790751067,165540552,0.07999999821186066,0.14946124036787273,-0.6339588007121473,0.4102258996676251,-2.8236990515797284
0.1734632616061225,-0.6970257713565378,0.3618008219296101,1790751067,215193428,0.08299999684095383,0.1502898153164265,-0.6339921340992118,0.4105732673959672,-2.8393756078019745
0.17505577137896397,-0.6949377528768234,0.36509007016180367,1790751067,265313160,0.07999999821186066,0.15104633630641204,-0.6340568627334201,0.4111016334556268,-2.856206158758273
0.17783141197513416,-0.695835587448044,0.36598529615731046,1790751067,315438780,0.08100000023841858,0.15184358043992385,-0.6340975002917357,0.4115269391338372,-2.873234173259657
0.1801098077678035,-0.6960495786585953,0.36768954444333607,1790751067,365360242,0.08100000023841858,0.15254356546957956,-0.6341712109664489,0.4120986644068633,-2.8907555344228264
0.18205210969795077,-0.6954407400632838,0.3698774272160532,1790751067,415397019,0.07999999821186066,0.15328681926590546,-0.6342173357184736,0.4125886966971827,-2.9084208842938004
0.18449519946550627,-0.696435516024194,0.37116783426229844,1790751067,465516250,0.08100000023841858,0.15392671401522642,-0.634298085687079,0.41318577670359397,-2.9260357856161416
0.18658922024744765,-0.6966071948829474,0.3729619633138432,1790751067,515794215,0.08100000023841858,0.15460456738805659,-0.6343482850184177,0.4137272691825401,-2.9436919301573288
0.18760389734760372,-0.6953021511780655,0.37580477401109413,1790751067,565464952,0.07900000363588333,0.1551693869188936,-0.6344329834844441,0.41432681357295104,-2.960516238875047
0.19110904970921633,-0.6985673909908259,0.3757391668117054,1790751067,615269349,0.08299999684095383,0.1557628898633702,-0.6344855315640383,0.4148948018104597,-2.9772787577860185
0.19188627499542,-0.6972599241067867,0.37858231621842475,1790751067,665281070,0.08100000023841858,0.15626853449698166,-0.6345709347005247,0.4154939296704441,-2.9932343345527754
0.19394806115099356,-0.6982194192774273,0.3800391400628026,1790751067,715319449,0.0820000022649765,0.15679135223950483,-0.6346238060958435,0.41608046826226563,-3.00903275243595
0.19488464210925072,-0.6976631489227457,0.3823243852718495,1790751067,765322272,0.08100000023841858,0.1572291530598087,-0.6347005462490761,0.41665767593308356,-3.0234763992058182
0.1962443305651486,-0.6978347406119696,0.38417113966239635,1790751067,815474199,0.08100000023841858,0.1576743505584951,-0.6347463755293592,0.4172349396877023,-3.0377076839421746
0.1969043964394257,-0.6972443333322529,0.38630231774021884,1790751067,865433003,0.07999999821186066,0.1580375934268789,-0.6348072087412674,0.41778210189277215,-3.0503842672580803
0.19801465199731214,-0.6973922142381541,0.38803969341308636,1790751067,915951543,0.07999999821186066,0.15840295805032795,-0.6348401348091068,0.4183406962950097,-3.0629260718005575
0.1993952935850093,-0.6983813184043076,0.3892240512234756,1790751067,965452520,0.08100000023841858,0.1586824345563083,-0.6349201141771469,0.41882369153162,-3.0734598091710055
0.19972547531731372,-0.6977801174597685,0.39114039986430726,1790751068,15325685,0.07999999821186066,0.1589475156149536,-0.6349834655336435,0.41931376003450166,-3.083759383891621
0.20041029653480014,-0.6979116212677239,0.39246653095427886,1790751068,65602278,0.07999999821186066,0.15916807735574853,-0.6350207193268945,0.4197394758659265,-3.0924116272862525
0.20053125098393193,-0.6972222784109985,0.39407538854469315,1790751068,115202460,0.07900000363588333,0.15937826595458127,-0.6350364835355677,0.4201590867747079,-3.1006382916651716
0.2020640135897305,-0.6989414983064584,0.39448342944723364,1790751068,165146940,0.08100000023841858,0.15953847733563892,-0.6350941242504644,0.42048519152367275,-3.1071856470178205
0.2014601079043737,-0.6975031870755621,0.3961544110454339,1790751068,215706711,0.07900000363588333,0.15968382381871193,-0.6351489921669815,0.42080592296187436,-3.1134810583373818
0.20231827430031385,-0.6983812655985204,0.39662831761664225,1790751068,265441755,0.07999999821186066,0.15978899830707644,-0.635178526105892,0.42105523142120815,-3.1182005315550727
0.20155773001333177,-0.6968735490380662,0.39798332740632064,1790751068,315794442,0.07800000160932541,0.1598863836142155,-0.6351984226915877,0.4213002296552375,-3.122705491015994
0.20175548273764823,-0.6969160906957343,0.3984821476508973,1790751068,365166863,0.07800000160932541,0.15994944011562875,-0.6352074460458609,0.42146688664911736,-3.125701301461879
0.20301656605440477,-0.6985355087786548,0.39837908771056063,1790751068,416376842,0.07999999821186066,0.16000835018063878,-0.6352128841907881,0.4216285672005913,-3.1285551442740953
0.20419915469966457,-0.7001381677556822,0.39807791606681836,1790751068,465625827,0.0820000022649765,0.16004106827716155,-0.6352146056950592,0.42172098829356874,-3.1301642480567224
0.20321602701534036,-0.698570713592988,0.39890213564634136,1790751068,515431704,0.07999999821186066,0.16007008588894708,-0.6352153164720484,0.4218045620213689,-3.1316054132066573
0.20325925808135217,-0.698577795201198,0.39901691487237223,1790751068,565289008,0.07999999821186066,0.16008341587218275,-0.6352153929790396,0.4218434859697585,-3.1322719715185507
0.20221316723101232,-0.6969990146091807,0.3996764236612021,1790751068,615426859,0.07800000160932541,0.16009385286206687,-0.6352153405217014,0.42187419887397637,-3.132795860273502
0.20276109819111826,-0.6977923648365671,0.39941297181868846,1790751068,666267485,0.07900000363588333,0.16009632276493904,-0.6352153229037547,0.4218814238179318,-3.132919658139218
0.20276421838173878,-0.6977928585654676,0.3994212240345628,1790751068,715407793,0.07900000363588333,0.16009729718362498,-0.6352153219400267,0.42188422294021066,-3.1329682081393075
0.20221982563043273,-0.6970000637868858,0.39969411137989136,1790751068,765550256,0.07800000160932541,0.16009593970064917,-0.6352153313421585,0.4218802629606141,-3.132900672153582
0.20383423139926504,-0.6993754861840926,0.3988255481003057,1790751068,815124428,0.08100000023841858,0.16009417485253644,-0.6352153398682044,0.4218751276330567,-3.13281289816242
0.2027277091310951,-0.69778707278271,0.3993239034984791,1790751068,865953840,0.07900000363588333,0.16008595134355985,-0.635215388222662,0.4218508952767127,-3.132398808355787
0.20323761628490516,-0.6985742582353919,0.39895932819743474,1790751068,915201899,0.07999999821186066,0.16007676952823355,-0.6352153670289198,0.42182397178160747,-3.131937466760881
0.2026383888738189,-0.6977723453197902,0.399087033729317,1790751068,965202231,0.07900000363588333,0.1600581724723006,-0.6352151082104871,0.42177001922329205,-3.1310105742575027
0.20311089677561958,-0.6985526605235931,0.39862511482663077,1790751069,15433445,0.07999999821186066,0.16003760881090584,-0.63521444922542,0.42171109687969777,-3.1299921602148317
0.2030019000901478,-0.6985327445907239,0.3983410527731317,1790751069,65339267,0.07999999821186066,0.16000380392835703,-0.6352125573198169,0.42161587445529214,-3.1283322733528225
0.20180990187912395,-0.6969270763747495,0.39862118951677544,1790751069,115848094,0.07800000160932541,0.1599667437238051,-0.6352093244619662,0.4215137530577134,-3.126532496275418
0.20164154895090766,-0.6968920982589092,0.3981936516558105,1790751069,165151254,0.07800000160932541,0.15991312096021507,-0.6352026756737001,0.421370227968628,-3.1239710956788915
0.20145665781256714,-0.6968504432508755,0.3977324630724461,1790751069,215906703,0.07800000160932541,0.15985389659321483,-0.6351926532197771,0.42121708439068994,-3.1211923343547054
0.20174603922619297,-0.6975808817010912,0.3968354732142998,1790751069,265099807,0.07900000363588333,0.15977597235298785,-0.6351753464360722,0.421023553531157,-3.117607698725248
0.20042275983355257,-0.6959308794301969,0.3968266723970568,1790751069,315490652,0.07699999958276749,0.15969052857794624,-0.6351514564090348,0.42082140119111977,-3.11377666331272
0.20166463124003361,-0.6981924775344629,0.39508879495050186,1790751069,366026719,0.07999999821186066,0.15957939759620735,-0.6351099661658266,0.4205727032549229,-3.1089190124162234
0.2007814299570419,-0.697283437717801,0.39460396677871395,1790751069,415567224,0.07900000363588333,0.15946172138070408,-0.6350579461399144,0.42032692258722215,-3.1039715142318856
0.20031550033839368,-0.6972010119597134,0.39364693465232664,1790751069,465361176,0.07900000363588333,0.1593066001444933,-0.6350392658366377,0.420013352654903,-3.097855028578686
0.19982601761460003,-0.6971107461713861,0.3926709491806592,1790751069,515164608,0.07900000363588333,0.1591454031770698,-0.635015979280233,0.4196955325851806,-3.091527875293506
0.19974520972744148,-0.6977825490770106,0.3911752106990775,1790751069,565451563,0.07999999821186066,0.15895406893350467,-0.6349838051714642,0.41932481656687837,-3.083998320944126
0.19862475466100152,-0.6968596578979371,0.3903730352287123,1790751069,615371145,0.07900000363588333,0.15875925261969004,-0.6349348314484182,0.4189572649832594,-3.0763133023791784
0.19837972906898582,-0.6975144936491556,0.388716855999355,1790751069,665546071,0.07999999821186066,0.15851329757521399,-0.6348972032275714,0.41854540430645637,-3.06743179523654
0.198097683117952,-0.6981421032683346,0.38703149511827684,1790751069,715502014,0.08100000023841858,0.15826417131027906,-0.634842902340191,0.4181361979387557,-3.058373964348013
0.19767494958626278,-0.6987732642763892,0.3852014613837268,1790751069,765435790,0.0820000022649765,0.15797474069133335,-0.6347980039115801,0.4176831461677709,-3.0481423620488495
0.19625966415330973,-0.69781060432877,0.38414806842265464,1790751069,815439317,0.08100000023841858,0.15768745160848052,-0.6347316966139327,0.41722730450094664,-3.037684421335262
0.194218103973178,-0.6961199099938403,0.38348848957913334,1790751069,865489695,0.07900000363588333,0.15732212288477468,-0.6346967337066388,0.4167583042582855,-3.0261175261095685
0.19446820351737948,-0.6982831359989329,0.3806854218662924,1790751069,916090958,0.0820000022649765,0.15695917547759283,-0.6346422896902869,0.41627918351192283,-3.0142183265768603
0.19275383082242054,-0.6973509787463684,0.379573125952865,1790751069,965082329,0.08100000023841858,0.1565529967821938,-0.6345956001332684,0.41579828445551675,-3.001627435499483
0.19144465475453426,-0.6971446351478612,0.3779565230906088,1790751070,15664934,0.08100000023841858,0.15615006247388888,-0.6345201647254302,0.41528570066897075,-2.9884419388354915
0.18993659558283052,-0.6969725867849175,0.37629892546706895,1790751070,66622106,0.08100000023841858,0.15566829190829726,-0.6344674742675888,0.4147670201832081,-2.974077723286886
0.18848600956174738,-0.6967645044520993,0.37468524407122866,1790751070,115369634,0.08100000023841858,0.15522837503432674,-0.6343926810260533,0.41424134886902786,-2.9601552398517765
0.18717183910654728,-0.6973960606128821,0.3726311782707923,1790751070,165482133,0.0820000022649765,0.15466431821738036,-0.6343554687430919,0.41377902431166147,-2.9453086890827396
0.18506663927412095,-0.6964527452846662,0.37155849808403496,1790751070,215505669,0.08100000023841858,0.15412695333768958,-0.6342990606998449,0.41327966016407947,-2.9303903613408933
0.18353551035084872,-0.6970814304144062,0.3695324101431454,1790751070,265449695,0.0820000022649765,0.15350725845975602,-0.6342591777915525,0.41284140499654276,-2.9150422238120104
0.1809233403684012,-0.6953651498930056,0.3690470415220208,1790751070,315552741,0.07999999821186066,0.15291904278714774,-0.6341961631231151,0.412338080876872,-2.899558945852874
0.1798631692884286,-0.697522828716137,0.36598418102309677,1790751070,365290368,0.08299999684095383,0.15224722952874728,-0.6341555113923445,0.4119291746782686,-2.8840792447017076
0.17743274042594817,-0.6965751051730242,0.36503256837144055,1790751070,415446108,0.0820000022649765,0.1516051338114243,-0.6340934153334211,0.4114327143066549,-2.8684495014887474
0.17426516273457007,-0.6941667950290304,0.3654447496645026,1790751070,465357273,0.07900000363588333,0.15087858720705344,-0.634055179779684,0.4110590278203594,-2.853131178899243
0.17316189061515785,-0.6970356622074749,0.361723907771653,1790751070,515331244,0.08299999684095383,0.15018442635502033,-0.6339975008899585,0.4105831528484982,-2.8378373648411475
0.17015067621578805,-0.6954079795066891,0.36172913351033686,1790751070,565323363,0.08100000023841858,0.14939757684991353,-0.63396445753157,0.4102575016327764,-2.8229861824754376
0.1683836314456379,-0.697519843414362,0.3586200446039293,1790751070,615857106,0.08399999886751175,0.14863175747991647,-0.6339113474647806,0.4098042465378886,-2.8080569006910125
0.16462293771640424,-0.6936487522688591,0.36069571931813704,1790751070,665463176,0.07900000363588333,0.14779261549917563,-0.6338859661540243,0.4095439559733771,-2.794155131762323
0.1623711467424224,-0.6950203511317871,0.3583367135832559,1790751070,716204023,0.08100000023841858,0.14695881402859048,-0.6338391341765413,0.40913355138657886,-2.7800666848603384
0.1597701472870108,-0.695715263087828,0.35693273571819084,1790751070,765212506,0.0820000022649765,0.14607843180618016,-0.6338229285607098,0.4089507732189599,-2.7674712526907523
0.15648652842145336,-0.6933373915222943,0.3579444008269302,1790751070,815484182,0.07900000363588333,0.14519164034752943,-0.6337843089611161,0.408608554183407,-2.7547202290888677
0.15382536015655096,-0.694809549053257,0.35610805166956266,1790751070,865124604,0.08100000023841858,0.14425888400170092,-0.6337766884117116,0.408495764871345,-2.743288322896542
0.1508318691860534,-0.694720752286681,0.3554380141991477,1790751070,915547791,0.08100000023841858,0.143316475603715,-0.6337461231637924,0.40822639834994884,-2.7318981517607193
0.1477501471719747,-0.6947149931363873,0.35514233930214284,1790751070,965476901,0.08100000023841858,0.14234548525307889,-0.6337489717289262,0.40819828997604224,-2.721865859075023
0.14468728236587208,-0.6954071910485353,0.35408080064560504,1790751071,15718373,0.0820000022649765,0.14136452338626024,-0.6337267388588882,0.4080111396200656,-2.7120039451204097
0.14253665508572416,-0.6949387943104591,0.3513632832350126,1790751071,65488491,0.08299999684095383,0.1407302967448577,-0.6332993057559,0.40691785096688415,-2.7018263611441804
0.1403139766247187,-0.6933978007761636,0.3488467202906189,1790751071,115786834,0.08299999684095383,0.14000261454884677,-0.6327365952829529,0.40549582158416564,-2.6914683963261257
0.1399778522740826,-0.6915619086183551,0.34115488761515667,1790751071,165340885,0.0860000029206276,0.13990361387111414,-0.6313092192211914,0.4025194409942566,-2.68015159843501
0.139962367491553,-0.6912202269524297,0.3291660769644207,1790751071,215627136,0.09300000220537186,0.13987819368655022,-0.6294177667305778,0.39866031582992767,-2.6684647621470137
0.1399641140512858,-0.6936767862879689,0.31398351449670836,1790751071,265379522,0.10499999672174454,0.13987809514723787,-0.6275759933958065,0.39556584770275216,-2.659050338471279
0.13996195129769842,-0.693696065059102,0.2995703436737887,1790751071,315444400,0.11500000208616257,0.1398677965376904,-0.6254993194318411,0.39216729557043184,-2.649964637988282
0.13995751882441446,-0.6954068380591958,0.2823048294769761,1790751071,365229703,0.1289999932050705,0.1398583632072144,-0.6234874800509308,0.3893963527584704,-2.6427944501907006
0.13996396835656383,-0.6967254931381945,0.2625476841337134,1790751071,415711270,0.14499999582767487,0.1398574367527996,-0.6212450592299418,0.3863527387076887,-2.635873421366829
0.1399543599243594,-0.6952819991561785,0.24661064150725046,1790751071,465606129,0.15700000524520874,0.13984171093283915,-0.6191180852404915,0.3838988317285659,-2.6307204958821315
0.13995414864465558,-0.6904408939853465,0.23471481465418034,1790751071,515585803,0.164000004529953,0.1398481582790483,-0.6168089437773118,0.38125602442272466,-2.625851580088254
0.13993535238464103,-0.6816305121672583,0.2316131513978814,1790751071,565090808,0.16200000047683716,0.13982630217241304,-0.6146010636545032,0.3790954937125543,-2.6224416123992165
0.13992825631132697,-0.6725412531999581,0.228570476331024,1790751071,615650699,0.1599999964237213,0.13983576906222941,-0.6121763356154407,0.3767462740400764,-2.619228590013993
0.1399121255314399,-0.6640184056143892,0.22639321030003118,1790751071,665247843,0.15800000727176666,0.1398104834758096,-0.6099069061372665,0.37483827620357746,-2.6172893456603794
0.1399031776770785,-0.6547488784492321,0.22624545614446076,1790751071,715377917,0.15399999916553497,0.13982227769180408,-0.607462722087574,0.3728060668647971,-2.6155492722699094
0.13989013803810854,-0.6460194018070979,0.2267768071383972,1790751071,765409777,0.15000000596046448,0.1398022365614619,-0.605125676437786,0.3710948492775874,-2.614777047949827
0.13988280718432416,-0.6381132692863203,0.22459403694365268,1790751071,815553434,0.14900000393390656,0.1398223464768378,-0.6026454480131013,0.369311109782133,-2.6141863315110405
0.13987354041880748,-0.630614371145535,0.22403521990271583,1790751071,865329977,0.1469999998807907,0.13979754294565183,-0.6003898072273032,0.36789442164278274,-2.614463216633726
0.13986114020661278,-0.6220905465352752,0.22955169438296766,1790751071,915476579,0.13899999856948853,0.1398084000488129,-0.5980185972945556,0.36645143171122474,-2.614899697299107
0.13985254119454915,-0.6152731724425399,0.23167570242800348,1790751071,966224407,0.13500000536441803,0.1397956692175931,-0.5958846455174327,0.3652761636459406,-2.6158013719933337
0.1398416402322867,-0.6085424645655759,0.2370032768751194,1790751072,15494771,0.12800000607967377,0.13981268847948108,-0.5937587804439998,0.3641466738801782,-2.616758904060763
0.13983511011707486,-0.6031256643000912,0.23976490280425905,1790751072,65611678,0.12399999797344208,0.13980147158566475,-0.5919117814988201,0.3632567940294816,-2.6180036841067706
0.13982719861410436,-0.5980160755134217,0.24267222750008863,1790751072,115345924,0.11999999731779099,0.13981001776571453,-0.5900640212775655,0.36240845382494946,-2.6192892130253496
0.13982248809146441,-0.5938723299075328,0.240844943730633,1790751072,165802435,0.12099999934434891,0.13980097538494568,-0.5884518641722672,0.36172346924177873,-2.620673418661017
0.13981495606018854,-0.5896620046059806,0.2451120617733565,1790751072,215609655,0.11599999666213989,0.13980726576915317,-0.5868532651186408,0.3610780488082115,-2.6220541224974827
0.13981145516695329,-0.5862333782921023,0.2465682178185195,1790751072,265648570,0.11400000005960464,0.13979779660424257,-0.5855027789252794,0.36056587591551165,-2.623421518379487
0.13980714645008538,-0.5828822443560504,0.24209051563421136,1790751072,315683281,0.11800000071525574,0.13979863221356426,-0.5841594171168402,0.36008360410149076,-2.6247853018680707
0.13980478356943515,-0.5801271467568934,0.24373913252929064,1790751072,365244518,0.11599999666213989,0.13979066147151017,-0.5830544347214571,0.3597021870395757,-2.626025698833569
0.1398012579011766,-0.5773350458440999,0.24242892378247982,1790751072,415721075,0.11699999868869781,0.13978978323636068,-0.5819435428020919,0.3593381249484938,-2.6272693483846754
0.13979760612567685,-0.5750147915496889,0.24120616289468633,1790751072,465381701,0.11800000071525574,0.13979165921694015,-0.5810252597744543,0.3590529889238744,-2.628315868742297
0.13979184183881488,-0.5727949772564686,0.2410127107779672,1790751072,515229152,0.11800000071525574,0.13979902338555789,-0.5801188994743379,0.358785204513017,-2.629334779724918
0.1397907337262118,-0.5711273400011674,0.2418761194604495,1790751072,565392893,0.11699999868869781,0.1397928023902802,-0.5794290484059285,0.35858122357521494,-2.630222544501779
0.1397897304149956,-0.5696366181147688,0.2437566826001996,1790751072,615763736,0.11500000208616257,0.13978716822889828,-0.5787696131701079,0.35839345189597027,-2.631087860420375
0.139788731109365,-0.568215708982857,0.24168633592886468,1790751072,665482575,0.11699999868869781,0.1397851199732419,-0.5782606297270013,0.3582543386026638,-2.6317519536799994
0.13978713240732807,-0.5668287936412086,0.2396296961806414,1790751072,715247785,0.11900000274181366,0.1397852102675068,-0.577771086714535,0.35812554788505535,-2.6323837444965057
0.13978531959087276,-0.5658436908971048,0.23859250496311923,1790751072,765505110,0.11999999731779099,0.13978649735988835,-0.577410188602829,0.3580337687110643,-2.6328443046936134
0.13978321876554203,-0.5651222117193664,0.23955299096723426,1790751072,815254717,0.11900000274181366,0.1397885873110686,-0.5770759236870295,0.35795108805466436,-2.633267109304219
0.13978130138053627,-0.5642713297473584,0.23654786075441014,1790751072,865423791,0.12200000137090683,0.13979038717665157,-0.5768534983821098,0.3578973118631657,-2.6335465359405146
0.1397797104964393,-0.5639890342765539,0.23851978565695314,1790751072,915461077,0.11999999731779099,0.1397922995036338,-0.5766530422837552,0.35784967335898815,-2.633797070094324
0.13977840613409273,-0.5635013690163736,0.23652199561850346,1790751072,965255509,0.12200000137090683,0.13979347935676273,-0.576540342120132,0.35782321279169876,-2.63393733721954
0.1397772723804177,-0.5631545887742739,0.23552042443267537,1790751073,15303128,0.12300000339746475,0.13979456398623724,-0.5764428829947424,0.3578005200062681,-2.634058312343307
0.13977681386984814,-0.563056624203308,0.235517504746842,1790751073,65732065,0.12300000339746475,0.1397950015792759,-0.5764030373372067,0.35779127037726194,-2.634107786375877
0.13977630740433664,-0.5628764775802454,0.23452134717389525,1790751073,115799860,0.12399999797344208,0.1397953160969023,-0.5763740211912033,0.35778454302956636,-2.6341438273123527
0.1397764089479857,-0.5629749472107994,0.23551509547705435,1790751073,165903943,0.12300000339746475,0.1397953623810487,-0.5763697951050533,0.3577835645376978,-2.6341490745544434
0.13977671713450524,-0.5631927500509571,0.23750320463912772,1790751073,215371345,0.12099999934434891,0.1397953623810487,-0.5763697951050533,0.3577835645376978,-2.6341490745544434
0.13977687122776497,-0.5633016514710361,0.2384972592201644,1790751073,265562826,0.11999999731779099,0.1397953623810487,-0.5763697951050533,0.3577835645376978,-2.6341490745544434
0.13977656304124547,-0.5630838486308782,0.23650915005809103,1790751073,315196562,0.12200000137090683,0.1397953623810487,-0.5763697951050533,0.3577835645376978,-2.6341490745544434
0.13977671713450524,-0.5631927500509571,0.23750320463912772,1790751073,365335988,0.12099999934434891,0.1397953623810487,-0.5763697951050533,0.3577835645376978,-2.6341490745544434
0.13977656304124547,-0.5630838486308782,0.23650915005809103,1790751073,415486413,0.12200000137090683,0.1397953623810487,-0.5763697951050533,0.3577835645376978,-2.6341490745544434
0.1397764089479857,-0.5629749472107994,0.23551509547705435,1790751073,465538310,0.12300000339746475,0.1397953623810487,-0.5763697951050533,0.3577835645376978,-2.6341490745544434
0.13977671713450524,-0.5631927500509571,0.23750320463912772,1790751073,515718374,0.12099999934434891,0.1397953623810487,-0.5763697951050533,0.3577835645376978,-2.6341490745544434
0.13977625485587414,-0.5628660466020978,0.23452104830228643,1790751073,566495924,0.12399999797344208,0.13979536238104878,-0.5763697951050534,0.3577835645376978,-2.6341490745544434
0.1397764089479857,-0.5629749472107994,0.23551509547705435,1790751073,615723010,0.12300000339746475,0.1397953623810487,-0.5763697951050533,0.3577835645376978,-2.6341490745544434
0.1397764089479857,-0.5629749472107994,0.23551509547705435,1790751073,665347691,0.12300000339746475,0.1397953623810487,-0.5763697951050533,0.3577835645376978,-2.6341490745544434
0.1397761007626143,-0.5627571451820188,0.23352699372124974,1790751073,715887637,0.125,0.1397953623810487,-0.5763697951050533,0.3577835645376978,-2.6341490745544434
0.13977656304124556,-0.5630838486308783,0.23650915005809103,1790751073,765644560,0.12200000137090683,0.13979536238104878,-0.5763697951050534,0.3577835645376978,-2.6341490745544434
0.1397761007626143,-0.5627571451820188,0.23352699372124974,1790751073,816275581,0.125,0.1397953623810487,-0.5763697951050533,0.3577835645376978,-2.6341490745544434
0.13977625485587405,-0.5628660466020977,0.23452104830228643,1790751073,865473852,0.12399999797344208,0.1397953623810487,-0.5763697951050533,0.3577835645376978,-2.6341490745544434
0.13977656304124547,-0.5630838486308782,0.23650915005809103,1790751073,915910909,0.12200000137090683,0.1397953623810487,-0.5763697951050533,0.3577835645376978,-2.6341490745544434
0.13977656304124547,-0.5630838486308782,0.23650915005809103,1790751073,967371935,0.12200000137090683,0.1397953623810487,-0.5763697951050533,0.3577835645376978,-2.6341490745544434
0.13977656304124547,-0.5630838486308782,0.23650915005809103,1790751074,19922961,0.12200000137090683,0.1397953623810487,-0.5763697951050533,0.3577835645376978,-2.6341490745544434
0.13977656304124553,-0.5630838486308782,0.23650915005809103,1790751074,65454400,0.12200000137090683,0.13979536238104875,-0.5763697951050533,0.3577835645376978,-2.6341490745544434
0.1397764089479857,-0.5629749472107994,0.23551509547705435,1790751074,115949143,0.12300000339746475,0.1397953623810487,-0.5763697951050533,0.3577835645376978,-2.6341490745544434
0.1397764089479857,-0.5629749472107994,0.23551509547705435,1790751074,166121281,0.12300000339746475,0.1397953623810487,-0.5763697951050533,0.3577835645376978,-2.6341490745544434
0.1397764089479857,-0.5629749472107994,0.23551509547705435,1790751074,216940618,0.12300000339746475,0.1397953623810487,-0.5763697951050533,0.3577835645376978,-2.6341490745544434
0.1397971406044202,-0.5629748503637696,0.2355152589413885,1790751074,265147169,0.12300000339746475,0.13980354652868437,-0.576369728734679,0.35778372596444813,-2.634047106984377
0.13982220341549392,-0.5630836352039579,0.23650951443432672,1790751074,315404428,0.12200000137090683,0.13981346873134182,-0.5763696483803564,0.3577839227490372,-2.6339234844276844
0.1400148369351314,-0.563300532280635,0.23849930878792736,1790751074,365269685,0.11999999731779099,0.139890698259327,-0.5763690165822507,0.35778551362284294,-2.632961111451358
0.14025225895062998,-0.5628638540951858,0.23452534616159704,1790751074,416156986,0.12399999797344208,0.13998232443473074,-0.5763682764252009,0.3577874944890676,-2.6318193407486925
0.14077568669015722,-0.5632971368381976,0.23850772905816464,1790751074,466016566,0.11999999731779099,0.1401954712424492,-0.5763665974593914,0.3577924804112825,-2.629162505942842
0.14138327012172877,-0.562859089260377,0.23453991375941075,1790751074,515381838,0.12399999797344208,0.14042647378019676,-0.5763648415543464,0.3577984984225019,-2.6262830106019375
0.14243879546698712,-0.562964095068092,0.23555328801268674,1790751074,565756663,0.12300000339746475,0.14084608706764506,-0.5763618192683687,0.3578110693682484,-2.6210527553438903
0.14352868043837286,-0.5631784252664974,0.23756752767358053,1790751074,615182037,0.12099999934434891,0.1412908164300747,-0.5763588537934766,0.3578266982588544,-2.6155091211738553
0.14523168571466105,-0.5631742671516436,0.23761938489726717,1790751074,665363258,0.12099999934434891,0.1419696220847304,-0.5763548015564839,0.3578551212447007,-2.607046960781412
0.14710680393402262,-0.5629536143702608,0.23570292945437052,1790751074,715280802,0.12300000339746475,0.1426883997797527,-0.5763511326871377,0.35789124740438905,-2.5980844593281445
0.14965979360378262,-0.5627346833328065,0.23383828583952238,1790751074,765700711,0.125,0.14365808675178482,-0.5763471983622269,0.35794984432396204,-2.5859885132611065
0.15209444638918243,-0.562954482033355,0.23597944526169148,1790751074,815374235,0.12300000339746475,0.14465687701178023,-0.5763443650276762,0.3580220379534688,-2.5735223116619452
0.15529690254519427,-0.5629616098015259,0.2362206584596224,1790751074,865411169,0.12300000339746475,0.1459208288013326,-0.5763425501691893,0.3581306273374916,-2.557733415283491
0.15856939031823294,-0.5630833504384765,0.23751775120970747,1790751074,916126356,0.12200000137090683,0.14724907715352695,-0.5763427856353539,0.35826558026933925,-2.541121382416457
0.1627767668521657,-0.5627798569217365,0.23497696190338235,1790751074,965099209,0.125,0.14878476428469703,-0.5763458088706341,0.3584483707876749,-2.5218836251455405
0.16677225238545454,-0.5629202602545434,0.2364934597895866,1790751075,15278106,0.12399999797344208,0.15039812023674393,-0.5763521758247698,0.3586714894753878,-2.501629282293545
0.1716269518720296,-0.5628592650050189,0.23621868809244378,1790751075,65325707,0.125,0.1522441852154044,-0.5763635005192257,0.35896616863649267,-2.47838742934534
0.1760749287782069,-0.5631345264462696,0.23901133299377586,1790751075,115206084,0.12300000339746475,0.154122550255657,-0.5763794861480244,0.3593095663784683,-2.4546544962471826
0.18213840578755747,-0.5628952667664572,0.23718284191802053,1790751075,165241582,0.12600000202655792,0.15627334091119888,-0.5764033834765371,0.3597574302819274,-2.427356937944977
0.18733205105807765,-0.5632109449792605,0.24040891948171048,1790751075,215340331,0.12399999797344208,0.15847537593008085,-0.5764341231833677,0.3602773446659654,-2.3992514368712077
0.1928291956063908,-0.563550528946504,0.24388617247908795,1790751075,265448802,0.12200000137090683,0.1608417399384654,-0.5764743550947725,0.3609065883563318,-2.3688428820692935
0.19882774634057693,-0.5636976307769616,0.24563324265840134,1790751075,315577245,0.12200000137090683,0.16322279533766568,-0.5765225278122044,0.36161518010823435,-2.3379982395124994
0.2058674313372176,-0.5636688529097771,0.2458340672571946,1790751075,365454752,0.12399999797344208,0.16576085952474617,-0.5765825959458092,0.3624560962039765,-2.304807129378161
0.21196840586928384,-0.563977810959111,0.24910186071944357,1790751075,415200267,0.12300000339746475,0.16829954335680358,-0.5766519456131167,0.3633883323309802,-2.2712398993447964
0.21909009840136595,-0.5641178078952136,0.250887125255839,1790751075,465608166,0.12399999797344208,0.1709611535221837,-0.5767349481066627,0.3644671056005939,-2.2355974593755366
0.22488829915117484,-0.5645852035844948,0.25562684317351897,1790751075,515380903,0.12200000137090683,0.17357357470379545,-0.5768270843912177,0.3656310964717655,-2.200104687978453
0.23301077250247784,-0.5645906384375798,0.25625309931794715,1790751075,565102177,0.125,0.17626089979877105,-0.5769334049570248,0.3669423402709844,-2.162996292843158
0.23840123968584137,-0.5652205164575342,0.262500975149515,1790751075,615294806,0.12200000137090683,0.17894619159501163,-0.577051943901564,0.36837408276261496,-2.1252274829628233
0.2457065223129738,-0.565495301500134,0.2655948344146204,1790751075,665524176,0.12300000339746475,0.18164553377805726,-0.5771842262636989,0.3699430956439162,-2.0864722798382482
0.2530212131997382,-0.5658078268358866,0.269050950722239,1790751075,716283642,0.12399999797344208,0.18432370661015662,-0.5773293351968702,0.3716370459343866,-2.0471293179703305
0.2594657798966384,-0.5662310706816287,0.27348735130223195,1790751075,765092929,0.12399999797344208,0.18686576390526094,-0.5774807756328153,0.373380701000681,-2.0088481547923784
0.2659249751345662,-0.5666940731607056,0.2783076275200159,1790751075,815289743,0.12399999797344208,0.189415366506652,-0.5776471460240808,0.3752731341698893,-1.969404122510965
0.2708341511292377,-0.5673503285660549,0.2848362219230119,1790751075,865267361,0.12200000137090683,0.19186606084195887,-0.5778219203284771,0.3772396137267905,-1.9303557424036668
0.27813254251776665,-0.5676885712795,0.2885674900239146,1790751075,915293183,0.12399999797344208,0.1942398581151424,-0.5780064167612642,0.3792954298536592,-1.891312849753584
0.28247693457657536,-0.5683800156820258,0.29540723344209263,1790751075,965901315,0.12200000137090683,0.19651691079875064,-0.5781988912190951,0.38142155974768327,-1.8525597635655855
0.2871015548833813,-0.5689924548433082,0.30153505638791384,1790751076,15464856,0.12099999934434891,0.19865957211562993,-0.5783953961570218,0.38357529176112604,-1.8147475210407622
0.2921119417199076,-0.5695332702981082,0.3070241082686206,1790751076,65453392,0.12099999934434891,0.20067637842921196,-0.5785955950477261,0.38575410177286323,-1.7777731581470335
0.2953378309203879,-0.5702352579106079,0.31390974303309893,1790751076,115509482,0.11900000274181366,0.20260469220213387,-0.5788025368092397,0.38799190936404376,-1.7409615538281127
0.2996624195246389,-0.5707792416061166,0.31939039615819703,1790751076,165333470,0.11900000274181366,0.20436749330174417,-0.5790067267622859,0.39018719111905475,-1.705853262370522
0.3029581966431077,-0.5714038309883999,0.3255631140695174,1790751076,215416284,0.11800000071525574,0.20604824790594423,-0.5792166150869205,0.39243180935505895,-1.6708614514032627
0.3083001844105985,-0.5718119837404905,0.32983817901432144,1790751076,265539476,0.11999999731779099,0.20755352005993535,-0.5794190010290289,0.39458570612120447,-1.6380474745198537
0.31175168756074007,-0.5723544269724945,0.33524901126083584,1790751076,315253704,0.11999999731779099,0.20896040892875367,-0.5796223059987116,0.3967399075620889,-1.6058952341408201
0.31130801628678023,-0.573099556549382,0.34230478723722785,1790751076,365326434,0.11599999666213989,0.21020303886861563,-0.5798149649496261,0.3987732391099933,-1.5760957788976575
0.31320201958249716,-0.5736574158553117,0.3477568812638662,1790751076,415258681,0.11500000208616257,0.21136337286098372,-0.580007691838104,0.4007999251875567,-1.54687116143895
0.3164764299919369,-0.574064731059565,0.3518773852279327,1790751076,465397931,0.11599999666213989,0.21236276893513323,-0.5801851662954155,0.4026601094507354,-1.5204277260359738
0.3196074358050404,-0.5744743465715226,0.35600884295127055,1790751076,515533587,0.11699999868869781,0.2132946075265216,-0.580361750841029,0.40450544806487476,-1.494522949530266
0.32146487955430797,-0.5748843930959415,0.3600526815400842,1790751076,565809466,0.11699999868869781,0.2140713678582172,-0.5805184323320758,0.40613837281864273,-1.471849741053722
0.32409441854663856,-0.5752380514122192,0.3636134658142175,1790751076,615542314,0.11800000071525574,0.21478533053020235,-0.5806712297499865,0.40772700136698603,-1.4499981690668944
0.3236298017694983,-0.5756752132839986,0.3677531119475197,1790751076,665234542,0.11599999666213989,0.21537153730163272,-0.5808038949042035,0.4091033722231299,-1.4312183964682887
0.3239878573867414,-0.5760585108002808,0.37143831114073667,1790751076,715396587,0.11500000208616257,0.21592094871258974,-0.5809349959465174,0.41046091512930316,-1.4128244427236532
0.3259440738911374,-0.5762972371698064,0.37385456976417053,1790751076,765343797,0.11599999666213989,0.21635232309831473,-0.5810431418268142,0.4115788825182409,-1.3977669916322109
0.32689137405153057,-0.5765719275213854,0.3765438580872337,1790751076,815865919,0.11599999666213989,0.21675527046926352,-0.5811488348137319,0.412669885172562,-1.3831465766249624
0.32758700171740335,-0.5767823856607683,0.37860223314012514,1790751076,865377340,0.11599999666213989,0.2170518301639613,-0.5812298305308251,0.4135048879015528,-1.3720033226893804
0.3282331617456416,-0.5769852683545925,0.3805848225201745,1790751076,915413690,0.11599999666213989,0.21732785885222375,-0.5813079235384647,0.414309111510412,-1.3613071966994017
0.3277296579637522,-0.577169236216972,0.3823083169196969,1790751076,965456429,0.11500000208616257,0.2175224944408069,-0.5813647009533986,0.4148932776176876,-1.3535593841046778
0.32525830271298867,-0.5774129002513719,0.3844691171149848,1790751077,15366325,0.1120000034570694,0.21769896167642822,-0.5814174952753762,0.4154360696427709,-1.3463759143539498
0.3255106941416467,-0.5774986475552991,0.38530613180702683,1790751077,65330294,0.1120000034570694,0.21780944751197365,-0.5814512261462715,0.4157826698532039,-1.341796494985931
0.32765856273084903,-0.5775056777887465,0.38551897552466363,1790751077,115179902,0.11400000005960464,0.2179068985211599,-0.5814814311295319,0.4160929121728405,-1.3377023592963666
0.32489060898800814,-0.5776522815143253,0.38673322403949895,1790751077,165275632,0.11100000143051147,0.2179598981442022,-0.5814980346321768,0.41626343871817073,-1.3354539058831734
0.3269187512991193,-0.5776187130303474,0.38654962141863897,1790751077,215453761,0.11299999803304672,0.2180041979044282,-0.5815120120233033,0.4164069795947235,-1.3335623426841952
0.3250275642872771,-0.5777005228972147,0.38720396168247745,1790751077,265358897,0.11100000143051147,0.2180203009613051,-0.5815171152415303,0.41645938059824333,-1.3328720360787742
0.3289095170388308,-0.5775721540005634,0.3862390832758761,1790751077,315794129,0.11500000208616257,0.21803147568378556,-0.5815206635217937,0.41649581306689976,-1.3323921545832098
0.32794906888507486,-0.5776078046071432,0.3865150270337931,1790751077,365912914,0.11400000005960464,0.21803308961120668,-0.5815211754895703,0.4165010744924531,-1.3323228359222412
0.32794906888507486,-0.5776078046071432,0.3865150270337931,1790751077,415214519,0.11400000005960464,0.21803308961120668,-0.5815211754895703,0.4165010744924531,-1.3323228359222412
0.32794906888507486,-0.5776078046071432,0.3865150270337931,1790751077,465383147,0.11400000005960464,0.21803308961120668,-0.5815211754895703,0.4165010744924531,-1.3323228359222412
0.3260207216482579,-0.5776764601199961,0.38704109714791085,1790751077,515405349,0.1120000034570694,0.21803308961120668,-0.5815211754895703,0.4165010744924531,-1.3323228359222412
0.3269848916748337,-0.5776421324914508,0.3867780630707356,1790751077,565132938,0.11299999803304672,0.21803308961120668,-0.5815211754895703,0.4165010744924531,-1.3323228359222412
0.3260207216482579,-0.5776764601199961,0.38704109714791085,1790751077,615594078,0.1120000034570694,0.21803308961120668,-0.5815211754895703,0.4165010744924531,-1.3323228359222412
0.3269848916748337,-0.5776421324914508,0.3867780630707356,1790751077,665330157,0.11299999803304672,0.21803308961120668,-0.5815211754895703,0.4165010744924531,-1.3323228359222412
0.32794906888507486,-0.5776078046071432,0.3865150270337931,1790751077,716003141,0.11400000005960464,0.21803308961120668,-0.5815211754895703,0.4165010744924531,-1.3323228359222412
0.32794906888507486,-0.5776078046071432,0.3865150270337931,1790751077,768353136,0.11400000005960464,0.21803308961120668,-0.5815211754895703,0.4165010744924531,-1.3323228359222412
0.32794906888507486,-0.5776078046071432,0.3865150270337931,1790751077,815981386,0.11400000005960464,0.21803308961120668,-0.5815211754895703,0.4165010744924531,-1.3323228359222412
0.32654423210235584,-0.5773696750666105,0.3852217679617927,1790751077,868021620,0.11299999803304672,0.2178542495940562,-0.581350553223485,0.41587531370962105,-1.3410956654981414
0.3270246100286275,-0.5770470144629484,0.38330636746383445,1790751077,915320174,0.11400000005960464,0.2176598094909285,-0.5811710280452772,0.4152176966262485,-1.3503379123627748
0.3242696203701506,-0.5760840697573324,0.3778944602237057,1790751077,965653766,0.11299999803304672,0.21693044141350343,-0.5805437086716617,0.4129288980975354,-1.3827023893616999
0.322031763671923,-0.5749696543205773,0.3715640072751951,1790751078,15883127,0.11299999803304672,0.21602071711219334,-0.5798419839596917,0.4103830485650982,-1.4191001888938806
0.3211731860904403,-0.5732433887016618,0.36143854729961256,1790751078,65365056,0.11599999666213989,0.21454951770329245,-0.5788426611339462,0.4067821324414278,-1.4714160568618153
0.316692865255039,-0.5715516350490999,0.3518657887074215,1790751078,115838798,0.11599999666213989,0.2127535211434987,-0.5777779160841929,0.40299156885551624,-1.5277550414795706
0.31258772645656424,-0.5698432573073213,0.3421223747610409,1790751078,165410126,0.11699999868869781,0.21075939222639925,-0.5767326273087938,0.39932837638716323,-1.583741155831604
0.3069971364398984,-0.5682014284260065,0.33298458783340434,1790751078,215552560,0.11699999868869781,0.20852915060119662,-0.575687355163489,0.39573023596062956,-1.6404867182963956
0.3026458487005116,-0.566492288442723,0.32317514080833654,1790751078,265392806,0.11900000274181366,0.20614758368201344,-0.5746782844741999,0.3923276893509897,-1.696140965252528
0.29519874395939155,-0.5649889359208703,0.3152067290558333,1790751078,316540849,0.11800000071525574,0.20351423338197203,-0.5736619899762344,0.3889815812910776,-1.7531181620015825
0.28830833320839433,-0.5635076670122336,0.3072764956891316,1790751078,365441543,0.11800000071525574,0.2007812447468757,-0.5726940938999094,0.38588068460605407,-1.8084050779092165
0.28149301825592477,-0.5619513653042401,0.2988246994675271,1790751078,415523837,0.11900000274181366,0.197798109232469,-0.5717190471141874,0.38285299974884157,-1.8651714744376275
0.27559668226043976,-0.5602829436968942,0.289323967646311,1790751078,465448186,0.12200000137090683,0.19468634308657645,-0.570776229094728,0.3800290298580271,-1.9212653608567598
0.2664762551857192,-0.5589879721635428,0.2830951604701436,1790751078,515990317,0.12099999934434891,0.19138178382944163,-0.5698440257235986,0.3773499551182401,-1.977964015712489
0.2596140848583395,-0.5574191189849619,0.2743356411071162,1790751078,565080744,0.12399999797344208,0.18802485629183402,-0.5689587328670992,0.3749230118954884,-2.0331433720475234
0.24922301978216083,-0.5563319743190871,0.26991041408233934,1790751078,615556532,0.12200000137090683,0.18443416744550092,-0.5680704254653349,0.372616858437535,-2.089900502259779
0.2413111232462265,-0.5548468086297391,0.2618828927931196,1790751078,665429723,0.125,0.18079487470338051,-0.5672239798688316,0.3705548270467192,-2.1455004338556334
0.23143993367828478,-0.5537015433621153,0.25686672655712817,1790751078,715753121,0.125,0.17701441385878527,-0.5663945170166172,0.3686779568168091,-2.2015162701295012
0.2217820547666947,-0.5525255384118356,0.2515181584643366,1790751078,765680202,0.12600000202655792,0.17316897151231003,-0.5655972462771589,0.3670252972076996,-2.257033046052659
0.21014743075924852,-0.5519391342670612,0.25137064141682786,1790751078,815459679,0.12200000137090683,0.16924624016739898,-0.564826428734749,0.36558539783636224,-2.312375202143366
0.20095410773348535,-0.5505689777270694,0.24428293153694156,1790751078,865428825,0.12600000202655792,0.16523282455772947,-0.5640782080902158,0.36435578914416894,-2.3679360536155896
0.18953725638971197,-0.550009952804883,0.24440951143406447,1790751078,915481295,0.12300000339746475,0.16114602025579436,-0.5633536656063626,0.36334177734721396,-2.4235911036697675
0.17943319006376568,-0.5488721904279359,0.23933219511753928,1790751078,965312773,0.12600000202655792,0.1570327594323583,-0.5626597409985052,0.3625560753822189,-2.4789099034671467
0.1683430442360362,-0.5482311589079558,0.2387171939707452,1790751079,15444207,0.125,0.15285386006644924,-0.561987230731136,0.36198866537332125,-2.5345450596054175
0.15746005949223862,-0.5474403329313843,0.2367293575965015,1790751079,65372408,0.12600000202655792,0.1486605199582156,-0.561343438845509,0.3616504217154978,-2.5900164270835497
0.14634035807101778,-0.5470443026448694,0.23830880205005997,1790751079,115467841,0.12399999797344208,0.14443491651002785,-0.5607230050521005,0.36153729668634815,-2.645684616205755
0.1353836681863708,-0.5463888768990202,0.23750576295244363,1790751079,165571191,0.125,0.1402341820840259,-0.5601332118471201,0.36165311802601374,-2.7009982810941513
0.12439788367937143,-0.5458020401269457,0.23728980396751803,1790751079,215474067,0.12600000202655792,0.1360626528565731,-0.5595715550882658,0.3619907828268084,-2.7560253441310327
0.11368439395617311,-0.5455010235330046,0.23963192845485207,1790751079,265359786,0.125,0.13192546564502017,-0.5590375357199394,0.36255070709121545,-2.8108926803521266
0.10228354783906216,-0.5448305758979523,0.23865219647113192,1790751079,315649944,0.12800000607967377,0.12778844196098132,-0.5585242174854668,0.3633357403424019,-2.8661794983537856
0.09264011289613612,-0.5449774325859481,0.24500853773632614,1790751079,365408078,0.12399999797344208,0.12377137911201294,-0.5580453404254396,0.3643235558434714,-2.920470387171629
0.0819353707405855,-0.5446508722205359,0.24710066383674695,1790751079,415739754,0.125,0.11976811608369776,-0.5575853137802257,0.36553369808539815,-2.975312737289711
0.07244771736789801,-0.5446956342191616,0.25253886007769966,1790751079,465443296,0.12300000339746475,0.11586535170252742,-0.5571533660278529,0.3669447811777173,-3.0297138405395407
0.0620032651550719,-0.5444910542485057,0.25576544833998377,1790751079,515860222,0.12399999797344208,0.1119815403417671,-0.5567379261463502,0.3685847092642355,-3.0849401551802944
0.052765636661675636,-0.5445441714841166,0.26126367156746594,1790751079,565262577,0.12300000339746475,0.1082535965118703,-0.5563528682826205,0.3703995585495239,-3.1392360965256816
0.04278199236398139,-0.5444602912811871,0.26554842213058355,1790751079,615165749,0.12399999797344208,0.10458477346748059,-0.5559853353544558,0.37242961366770955,-3.1941147165459953
0.03406895696007771,-0.544618180439935,0.27206807902290864,1790751079,665493805,0.12300000339746475,0.10102272083922058,-0.5556395663749217,0.3746581535441039,-3.2490911184183893
0.025285058226882554,-0.5447333392989976,0.2781265625068565,1790751079,715240097,0.12300000339746475,0.09762505852875844,-0.5553183064302875,0.3770400785849459,-3.3033607955418054
0.016818361274950996,-0.5448994821145977,0.2846557537743389,1790751079,765192789,0.12300000339746475,0.0943509119881398,-0.5550168204834747,0.379604918489005,-3.3577420901881854
0.007337017044811933,-0.5449568693179174,0.29017438475604207,1790751079,815356065,0.125,0.09120233623420199,-0.5547327031972485,0.38234835781365445,-3.4123310389475248
0.0009877026548660989,-0.545371362092823,0.2990030936405089,1790751079,865387257,0.12300000339746475,0.0882279443592911,-0.5544695602058828,0.385231649549937,-3.4664655113982437
-0.0018677286344462168,-0.5460898344990492,0.31076718723622115,1790751079,915737720,0.11699999868869781,0.0853921213711622,-0.5542215935618576,0.38828230037358585,-3.520887272090042
-0.010835095590253266,-0.5462064579762873,0.3167372531989542,1790751079,965449040,0.11999999731779099,0.08274980323269082,-0.5539928983324117,0.3914449329591347,-3.5747209030750873
-0.018820272299319193,-0.5464507389235351,0.3239540344525632,1790751080,15617362,0.12200000137090683,0.08025131745901234,-0.5537765427341551,0.394771779656618,-3.629067097238392
-0.021370260900614127,-0.5470772529222486,0.33481810284737956,1790751080,65632073,0.11800000071525574,0.07795134346759204,-0.5535765763377619,0.39819773577205375,-3.682952129964331
-0.023220988169544682,-0.5476922967691805,0.3455939017355771,1790751080,115548755,0.11400000005960464,0.07583752217790306,-0.5533893975102846,0.4017272660074623,-3.73668010750957
-0.030679794567749732,-0.5479824318950999,0.35318727355685287,1790751080,165519215,0.11699999868869781,0.07390258198067215,-0.5532129693641555,0.4053808333743647,-3.790659612820704
-0.033211587586389604,-0.5485250782845124,0.36328763097978356,1790751080,215416258,0.11500000208616257,0.072161059114589,-0.5530466376108881,0.40912605709048466,-3.8445962300093166
-0.0348944891120193,-0.5490320649972992,0.3726838598476205,1790751080,265701248,0.11299999803304672,0.07072781059168169,-0.5529021292706399,0.4126582511912087,-3.894384787064655
-0.04075482479520777,-0.5493752048760184,0.3802525328989473,1790751080,315396068,0.11599999666213989,0.06949980147484905,-0.5527683822887233,0.4161468633525506,-3.942707733279407
-0.04140035799319679,-0.5496691489598906,0.38566688400709953,1790751080,365737827,0.11500000208616257,0.06885448075133666,-0.5526920455896557,0.4182204261983893,-3.971090060960811
-0.039755386928791714,-0.5499694666719122,0.39084050774790186,1790751080,415286191,0.1120000034570694,0.06834832678231854,-0.5526280788770922,0.42000417756828523,-3.9953292122394504
-0.0381258685579946,-0.5500737411235436,0.39248124919967714,1790751080,465641710,0.10999999940395355,0.06822324603642273,-0.5526115538993798,0.4204709830349259,-4.001647854313471
-0.03825682635559256,-0.5500989094887213,0.39297749485927824,1790751080,515885051,0.10999999940395355,0.06816880741346898,-0.5526042367025461,0.4206778140140287,-4.004444427714943
-0.04021098479960346,-0.550057108745752,0.39254685122466987,1790751080,565242535,0.1120000034570694,0.06816093286335573,-0.5526031732221017,0.42070791995649576,-4.004851341247559
-0.037308159783357844,-0.550125307037471,0.3933011670710794,1790751080,615161902,0.10899999737739563,0.06816093286335567,-0.5526031732221017,0.4207079199564958,-4.004851341247559
-0.03730815978335779,-0.550125307037471,0.39330116707107937,1790751080,665055936,0.10899999737739563,0.06816093286335573,-0.5526031732221017,0.42070791995649576,-4.004851341247559
-0.040210984799603486,-0.550057108745752,0.39254685122467,1790751080,715480131,0.1120000034570694,0.0681609328633557,-0.5526031732221017,0.42070791995649587,-4.004851341247559
-0.04021098479960346,-0.550057108745752,0.39254685122466987,1790751080,765244747,0.1120000034570694,0.06816093286335573,-0.5526031732221017,0.42070791995649576,-4.004851341247559
-0.04117858592912271,-0.5500343761512176,0.3922954144825599,1790751080,815770970,0.11299999803304672,0.06816093286335573,-0.5526031732221017,0.42070791995649576,-4.004851341247559
-0.040210984799603444,-0.5500571087457519,0.39254685122467003,1790751080,872545421,0.1120000034570694,0.06816093286335574,-0.5526031732221016,0.4207079199564959,-4.004851341247559
-0.039243376460854906,-0.5500798415096583,0.3927982898401397,1790751080,917593486,0.11100000143051147,0.06816093286335573,-0.5526031732221017,0.42070791995649576,-4.004851341247559
-0.037924048360524765,-0.5498675936090468,0.3917429731162623,1790751080,968695028,0.10999999940395355,0.06830670096414881,-0.5524549445329631,0.4201741774872463,-3.9977037786189404
-0.03948209425713477,-0.549578997653243,0.38987857400587655,1790751081,15363151,0.1120000034570694,0.06845979497515067,-0.5523035365303215,0.4196296447640169,-3.990397694799032
-0.03997582615530197,-0.5486620689113214,0.38449921055681346,1790751081,65514103,0.11400000005960464,0.06904113044485867,-0.5517622129407952,0.41769096095092606,-3.964263951616054
-0.03442333985869525,-0.5478138053340194,0.38038393078596316,1790751081,115199089,0.10999999940395355,0.0697558442481098,-0.551156667278923,0.4155339342244767,-3.9349392609630516
-0.033424978760642945,-0.546332260211846,0.3719107230986269,1790751081,165318198,0.1120000034570694,0.07093906371528844,-0.5502623462922833,0.41236689488818085,-3.8913383564341912
-0.029005562244859603,-0.5448575337328531,0.36403021731254653,1790751081,216154729,0.11100000143051147,0.072372095595514,-0.549305869689668,0.4090166943427497,-3.8443879013306024
-0.02696899329453671,-0.5432979871130735,0.3551900580771279,1790751081,265412518,0.11299999803304672,0.07394257159745801,-0.5483710420748126,0.4057876839094975,-3.798154028515154
-0.02347435063153616,-0.5417480415764803,0.34664599387188966,1790751081,315890064,0.11400000005960464,0.07571600633550848,-0.5474188133145453,0.40254872588236373,-3.7506496717728623
-0.019649172285140154,-0.540245974040925,0.3384174081925542,1790751081,365330391,0.11500000208616257,0.07760492896215573,-0.5464982991431262,0.39947106247478775,-3.7042150236124756
-0.014540876260285523,-0.5388049435984649,0.3308429210964333,1790751081,415224277,0.11500000208616257,0.07965929529496055,-0.5455797041535861,0.39645870256857896,-3.657370251041303
-0.009834088277850123,-0.5373221595148369,0.322881292835294,1790751081,465425636,0.11599999666213989,0.08187109900038607,-0.5446690979248604,0.39353665602790244,-3.6103146889439555
-0.007733089456375353,-0.5355838581318499,0.31250542705541484,1790751081,515820618,0.12099999934434891,0.08423241718708797,-0.5437671564113756,0.39071270969847727,-3.5630927926694125
0.000743778044418622,-0.5344346690794911,0.307641778673934,1790751081,565633947,0.11800000071525574,0.08668754838532364,-0.5428945305573263,0.38805383779547353,-3.5167000911578095
0.005893012411025592,-0.5329587635955625,0.29968638135318043,1790751081,615664797,0.11999999731779099,0.08927753475104047,-0.5420320005217076,0.38550419513376705,-3.4701540405402804
0.012724424707016305,-0.5316777134734562,0.2934913035563782,1790751081,665169096,0.11999999731779099,0.09195683660032994,-0.5411946454068054,0.3831107895424858,-3.4241803966912565
0.018709448698981807,-0.530246540700186,0.2859777442682814,1790751081,715459901,0.12200000137090683,0.09479261568104054,-0.5403585769106258,0.3808096943703445,-3.3774911280177733
0.025074586995461903,-0.5288495664613382,0.2787401604699975,1790751081,765333444,0.12399999797344208,0.09771902772356465,-0.5395443860004755,0.37866215786666735,-3.3311260361288264
0.03191597588074448,-0.5274703749429132,0.2717193401928253,1790751081,815548535,0.12600000202655792,0.10076843206927909,-0.5387400289304816,0.3766399515449281,-3.2844317874084044
0.041644255434700725,-0.5265923207220943,0.2693047870656107,1790751081,865175668,0.12300000339746475,0.10389369112490385,-0.5379584770735306,0.37477904497635545,-3.2380595411671935
0.04929547240588922,-0.5252637061675134,0.2628816934058281,1790751081,916294470,0.125,0.10720704748012014,-0.5371700185690689,0.3730156536425248,-3.1902507449956965
0.056898413891131545,-0.5240254943485756,0.25700011099395226,1790751081,965225099,0.12700000405311584,0.11043814163819213,-0.5364383426815873,0.37149211848147834,-3.1447962712762743
0.06658478187584592,-0.5231972010324083,0.2550330468019846,1790751082,15408578,0.125,0.11382037987389253,-0.5357061546119493,0.3700866185071334,-3.0982303086277305
0.07457458938370604,-0.5219177264770986,0.24888559618577125,1790751082,65616494,0.12800000607967377,0.11725966753725713,-0.5349952625727572,0.3688479390650619,-3.051804615148556
0.08489952930602751,-0.521412444600005,0.24977113411315247,1790751082,115276812,0.12399999797344208,0.12071557983682388,-0.5343105184272164,0.36778320855190166,-3.00591443173708
0.09331879282411687,-0.5202269747992413,0.24443264160169698,1790751082,165324838,0.12700000405311584,0.12423321487761563,-0.5336429833776021,0.3668798149149872,-2.95987587746619
0.1027478221376471,-0.5193987376290552,0.24237911101612455,1790751082,215594438,0.12700000405311584,0.12780437089786456,-0.5329917562561118,0.36613855606304924,-2.9136740391909264
0.11235265941353048,-0.5187347613109083,0.24176471173105368,1790751082,265396018,0.12600000202655792,0.13138570999552704,-0.532364946220421,0.3655708567948923,-2.8677909831048933
0.12175937443945874,-0.5179005762889525,0.2396232200154206,1790751082,315367079,0.12700000405311584,0.13500568004311428,-0.5317547125784143,0.3651684283071711,-2.8217317650838822
0.13130766534918073,-0.5171163058942496,0.2379225183602656,1790751082,365186020,0.12800000607967377,0.1386445776768839,-0.5311648292223655,0.36493751852241774,-2.775672690950782
0.14117857620083782,-0.5163685980847065,0.23666760164558034,1790751082,416016384,0.1289999932050705,0.14236847167239156,-0.530582538389141,0.3648765962469615,-2.728652218468499
0.1507152292071508,-0.5158075127444773,0.23686371027127687,1790751082,465236524,0.1289999932050705,0.14594621771814492,-0.530043602414913,0.36498704353739697,-2.6835084750916405
0.16040346911724399,-0.5152864569780027,0.23751139959002412,1790751082,515403670,0.1289999932050705,0.1495800562788309,-0.5295142319877091,0.3652667219829119,-2.6375634016460325
0.17007439130580776,-0.5148166438291424,0.2386150598306345,1790751082,565492983,0.1289999932050705,0.1532081684373912,-0.5290042075335807,0.36571833205127263,-2.5915198931064483
0.17974528737836215,-0.5143948484720096,0.2401804118132817,1790751082,615864362,0.1289999932050705,0.1568355110808074,-0.5285104750956516,0.36634256731930565,-2.545184265512026
0.18910787467180004,-0.5140339092029113,0.24214773301465736,1790751082,665528431,0.1289999932050705,0.16034795785533862,-0.5280483610529201,0.36711757165967696,-2.4999469703318846
0.19786776624708832,-0.513935349861315,0.24646652209590256,1790751082,715452965,0.12700000405311584,0.16383460787713108,-0.5276031465830751,0.3680557341734117,-2.4545490079597188
0.2076833193758733,-0.5134533519662662,0.24741766075244354,1790751082,765690806,0.1289999932050705,0.16731588975127998,-0.5271727186953139,0.3691684219367813,-2.408638358044801
0.21527551285445412,-0.5136572017361979,0.2543803744143745,1790751082,815231652,0.125,0.17069852653772083,-0.5267661366089984,0.37042367718286023,-2.3633236219340086
0.22486422996598326,-0.5132749246293291,0.2561952999873163,1790751082,865353436,0.12700000405311584,0.1740607075008927,-0.5263740601512488,0.3718517558521268,-2.31748324429694
0.23397403162665986,-0.51304808962758,0.2593707239583336,1790751082,915316998,0.12800000607967377,0.1773433024499613,-0.52600117057739,0.37342851528895515,-2.2717887539107835
0.2410208400374703,-0.5132687341136029,0.26645908253123646,1790751082,965217162,0.125,0.18054682071712774,-0.525647423823934,0.3751543493476815,-2.2261650675450615
0.25130486253777984,-0.512843070025039,0.26788933187301817,1790751083,15288955,0.1289999932050705,0.18367804232056853,-0.525309741924831,0.37703232764443795,-2.180387310095082
0.2605055638126874,-0.5126706852538904,0.2715140077674004,1790751083,65177489,0.13099999725818634,0.18670687607032144,-0.5249914072724402,0.37904517896018164,-2.1348251910684946
0.2672395962101973,-0.5129173504341624,0.2788197251525049,1790751083,115337440,0.1289999932050705,0.18965495360228204,-0.5246878344522139,0.38120662462841975,-2.089024681821451
0.27349228104926304,-0.5131944381642952,0.28632419462420905,1790751083,165398521,0.12700000405311584,0.1924790670688715,-0.5244034562967796,0.3834849794222147,-2.0435927412872523
0.28068585089135145,-0.5133287407861256,0.29259698270021595,1790751083,215662659,0.12700000405311584,0.19520319095682734,-0.5241335575858634,0.3858974211447059,-1.998027391207272
0.284608004084898,-0.5138252868455591,0.3018614111477663,1790751083,265088791,0.12300000339746475,0.1977586076671361,-0.5238847906857808,0.3883772453062332,-1.9534640827274485
0.29107065711676144,-0.5140207064140786,0.30863628193746195,1790751083,315711171,0.12300000339746475,0.20025459071678928,-0.523644351694196,0.39103062865454363,-1.9078658669592268
0.2963555181100888,-0.5143226856961025,0.3162332920323695,1790751083,365447944,0.12200000137090683,0.202593103474283,-0.5234216765317152,0.3937563099169819,-1.8629358930625497
0.3036600900017642,-0.5144372378104474,0.3222433948511715,1790751083,415263866,0.12399999797344208,0.2048093469704595,-0.5232112640526723,0.3965908666513165,-1.8179112255555965
0.31075498163941173,-0.5146001814595279,0.3286839277692857,1790751083,465251215,0.12600000202655792,0.20690281103923097,-0.5230130976913926,0.3995355333460063,-1.772722613937642
0.3125151762687549,-0.515185754006202,0.338689523061097,1790751083,515409222,0.12200000137090683,0.20886537535059255,-0.5228258794616956,0.40258277456038205,-1.72737839542261
0.3163519913507452,-0.515592025553331,0.347184784608166,1790751083,565490979,0.12099999934434891,0.21069377772588996,-0.5226496273485638,0.40572991243138296,-1.6818643629864831
0.3162077422510883,-0.5162325226194947,0.35761911326725865,1790751083,615777052,0.11599999666213989,0.21238273011931313,-0.5224828613105982,0.40897375617030796,-1.6361184689403805
0.32270565777383997,-0.5164482180469184,0.3644170479440851,1790751083,665119415,0.11900000274181366,0.21388427025459417,-0.5223304341512007,0.4122114597998692,-1.591469673661082
0.3280759084221123,-0.5167654365914146,0.3721657707651999,1790751083,715553044,0.12099999934434891,0.2152637685199478,-0.5221836403495854,0.41558309449734443,-1.5458771536577498
0.32772664077822233,-0.5172265801755245,0.3799272517559773,1790751083,765823478,0.11800000071525574,0.21623099573767127,-0.5220736953349842,0.4182577458882309,-1.5102708974940895
0.3269273451829816,-0.5176547194362441,0.3871341517793977,1790751083,815388500,0.11500000208616257,0.21704702233169668,-0.5219747417186803,0.42078905539527567,-1.4769653412751909
0.32877958287775394,-0.5177668681459281,0.3898411901830786,1790751083,865724861,0.11599999666213989,0.21740439371604314,-0.5219290859398898,0.42200082960651175,-1.4611406859081837
0.3304133210642025,-0.5178512680123452,0.3919420299650563,1790751083,915531236,0.11699999868869781,0.2176713002685168,-0.5218938058622865,0.42295645125245507,-1.4487111043129808
0.3276244602295233,-0.5179733825583793,0.3931076968580516,1790751083,965355121,0.11400000005960464,0.21771231847391628,-0.5218882754675843,0.4231076088878337,-1.4467488415843162
0.3295577841070249,-0.5179056267063594,0.39259980322699617,1790751084,15733991,0.11599999666213989,0.21771432150563863,-0.5218879986998181,0.42311504224382995,-1.4466522508955588
0.3305226961381297,-0.5178714330138945,0.3923394513762734,1790751084,65079548,0.11699999868869781,0.21771461474621204,-0.5218879581753381,0.4231161307204987,-1.4466381072998047
0.3305226961381296,-0.5178714330138946,0.39233945137627324,1790751084,115577567,0.11699999868869781,0.21771461474621198,-0.5218879581753381,0.4231161307204986,-1.4466381072998047
0.3285943561205999,-0.5179400914478,0.3928655475712787,1790751084,165184246,0.11500000208616257,0.2177146147462121,-0.5218879581753382,0.4231161307204986,-1.4466381072998047
0.3285943561205998,-0.5179400914477998,0.3928655475712787,1790751084,215853664,0.11500000208616257,0.21771461474621198,-0.5218879581753381,0.4231161307204986,-1.4466381072998047
0.3305226961381297,-0.5178714330138945,0.39233945137627324,1790751084,265506038,0.11699999868869781,0.21771461474621204,-0.5218879581753381,0.4231161307204986,-1.4466381072998047
0.33148686973871383,-0.5178371036690554,0.39207640229883833,1790751084,315789944,0.11800000071525574,0.21771461474621198,-0.5218879581753381,0.4231161307204986,-1.4466381072998047
0.3292898865924411,-0.5177384034088784,0.3916471337240654,1790751084,365735997,0.11599999666213989,0.21760739577635527,-0.5217837627366129,0.42273821827640745,-1.451958340907014
0.3299305914586732,-0.5175075102394313,0.3902583147884852,1790751084,415598585,0.11699999868869781,0.21747948220179944,-0.521662070036397,0.4222971561056641,-1.4581772487602542
0.3277547570927433,-0.5168387333843836,0.38652130687365177,1790751084,465335960,0.11599999666213989,0.21699431065903882,-0.5212226478164915,0.4207105453219544,-1.48064196519705
0.3272051906788276,-0.5159984246531798,0.3816551927895534,1790751084,515570051,0.11699999868869781,0.21639608950841982,-0.5207226109861508,0.41891139837269076,-1.5063005058834462
0.32472277477813183,-0.5148027985465369,0.37484953572107194,1790751084,565216888,0.11699999868869781,0.2154081314644477,-0.5199764497875748,0.4162324039541151,-1.5449056031945831
0.32175684860812964,-0.5135285762987063,0.36762323363769894,1790751084,615552266,0.11699999868869781,0.21422675925614232,-0.5191783828288276,0.41338740371955573,-1.5865138373226242
0.3220504987308543,-0.5120410794745592,0.3587000846264395,1790751084,665284039,0.12099999934434891,0.2129056625496285,-0.5183741529700927,0.41054887204144075,-1.6287593510088756
0.31474887209761937,-0.5109634661504383,0.35319853873370904,1790751084,715815095,0.11699999868869781,0.21143258455432506,-0.5175603828171915,0.40770748398050805,-1.6718945819209925
0.31170396228446934,-0.5096638581952406,0.34579381423979827,1790751084,765434155,0.11800000071525574,0.2098742714726271,-0.5167725783711475,0.4049899318103418,-1.7140880649731243
0.30916062440574915,-0.5083099291866895,0.3379307833059061,1790751084,815209131,0.11999999731779099,0.20819707168494817,-0.5159912019287993,0.4023307710956969,-1.7563852661557144
0.3037486796773904,-0.5071563775784891,0.33176477949653266,1790751084,865625205,0.11900000274181366,0.20639311698598098,-0.5152126673149388,0.39972058323155657,-1.7990544425724748
0.29887933188192195,-0.5059578459225441,0.32523206468802174,1790751084,916267984,0.11900000274181366,0.2044706961969082,-0.5144408616822858,0.3971768254720147,-1.8418837909100036
0.2962326391635202,-0.5046031783920414,0.31722464790790605,1790751084,965308557,0.12200000137090683,0.2025167045100959,-0.5137072262838607,0.39480325474329486,-1.8831628582635809
0.29154849518142384,-0.5033786127684196,0.3104078440862762,1790751085,15736428,0.12300000339746475,0.2004072879130904,-0.5129636707917097,0.3924469069535298,-1.9255757812797196
0.2852095020643063,-0.5023532169317056,0.305234248165396,1790751085,65148402,0.12200000137090683,0.1982313914137297,-0.5122417351070669,0.3902108673641666,-1.9673987646057443
0.28046151928706087,-0.5010595484237241,0.2979179233535978,1790751085,116794984,0.12399999797344208,0.19585487789961803,-0.5114979939868374,0.3879665468010231,-2.0111614361579866
0.27576498097864455,-0.4998566418373971,0.29111475355009403,1790751085,165476434,0.12600000202655792,0.1935453851264887,-0.5108143267489204,0.38596130177395155,-2.0520898527195968
0.26992335187073563,-0.49873168338269586,0.28508248633719435,1790751085,215651580,0.12700000405311584,0.1910823995100533,-0.5101221555980272,0.38399336745279167,-2.0942250413111045
0.26319529263438846,-0.49772330446720875,0.28005967056577535,1790751085,265678920,0.12700000405311584,0.18853135753752004,-0.5094410168251152,0.38212334207743237,-2.1364745590668153
0.25682878459792663,-0.49665439197209227,0.2744976398466148,1790751085,315562925,0.12800000607967377,0.18590672291851915,-0.5087737019991915,0.3803616330076792,-2.1786451901494424
0.2502799075020953,-0.49562529282657997,0.2692266050518217,1790751085,365206133,0.1289999932050705,0.18323965565541808,-0.5081270492114968,0.37872687430507296,-2.2203517973347613
0.24390150997281157,-0.4945185365177715,0.2632990798468107,1790751085,415342640,0.13099999725818634,0.1804805087461629,-0.5074877552364624,0.377187513196651,-2.2624244118723422
0.23592394710605938,-0.493749316125125,0.2602933310432813,1790751085,465278395,0.12999999523162842,0.17768045636700092,-0.5068672959225696,0.3757732563670641,-2.3041716176563063
0.22734658542329328,-0.49311015250753365,0.2584889435001108,1790751085,515942980,0.12800000607967377,0.1747817104729034,-0.506251916055356,0.3744554452525545,-2.3464972862230105
0.22004090044999636,-0.49221705121895126,0.25436306300234834,1790751085,565485862,0.1289999932050705,0.17188449475956608,-0.5056623499036957,0.3732797682256471,-2.388033503914392
0.21181013478485547,-0.4915630525675472,0.2523745106682387,1790751085,615320330,0.12800000607967377,0.16891936580951342,-0.505082751121171,0.3722144090498691,-2.4298403260203214
0.20410999516615538,-0.4907335447366596,0.2488298561919413,1790751085,665244225,0.1289999932050705,0.16590247388811666,-0.5045163092273388,0.3712684896688424,-2.471768723874889
0.19569739448635676,-0.49015335909094265,0.24750599997002923,1790751085,715262175,0.12800000607967377,0.1628397041974783,-0.5039630085260631,0.37044365623431524,-2.513785123628513
0.18792804353477247,-0.4892877463842382,0.24362699071847474,1790751085,765333654,0.12999999523162842,0.15974485657277868,-0.5034250638093126,0.36974535967760536,-2.555785489188151
0.1797510298235822,-0.4885670482558645,0.24103037912169287,1790751085,815383947,0.13099999725818634,0.15662296409560245,-0.5029020375661268,0.3691732678779627,-2.597756767191658
0.17124909826717655,-0.4881106422679743,0.24074448099842477,1790751085,865067136,0.12999999523162842,0.15351219709538588,-0.5023997005612745,0.3687336364380018,-2.6392770384807
0.16267500142693878,-0.48768631948032076,0.2407961886567872,1790751085,915408617,0.1289999932050705,0.1503436429005837,-0.5019056876965647,0.36841572247247545,-2.6813208770582744
0.1544535418995816,-0.4868655969533397,0.23723660041662498,1790751085,965205991,0.13199999928474426,0.147194926353369,-0.5014319074140176,0.36822948156322743,-2.7229412193671516
0.14573462108570662,-0.48684821503955966,0.24096273275641442,1790751086,15791613,0.12800000607967377,0.1439878569312749,-0.5009654135425463,0.36816986729615864,-2.765226245573851
0.1374143787334754,-0.4863294142138244,0.24006931373250961,1790751086,65554913,0.1289999932050705,0.14085887579191053,-0.5005256137812045,0.368239519337267,-2.806462099163778
0.1289556718125225,-0.4858455421699626,0.2395158561303214,1790751086,115787430,0.12999999523162842,0.1377077303711325,-0.5000966979524277,0.36843561718375334,-2.8480240488999184
0.12068040152752833,-0.4855157440582075,0.24028216458319318,1790751086,165099885,0.12999999523162842,0.13461574590831388,-0.49968939031252335,0.3687536115629398,-2.8889202059045846
0.11256465070390383,-0.4854330149657582,0.24336845368388,1790751086,215416698,0.12800000607967377,0.1314724057466661,-0.499287889523872,0.36920382552589565,-2.9306669496064357
0.1041830310563702,-0.48506591441552394,0.2438233843043246,1790751086,265164322,0.1289999932050705,0.12838097961966946,-0.4989053627536715,0.36977546726420224,-2.9719779842075864
0.09557229497026051,-0.4847319326314099,0.24467259377168665,1790751086,316195891,0.12999999523162842,0.12523315493969986,-0.49852735006663307,0.37048959820226696,-3.0143621728410204
0.08694474653010686,-0.48433981583436303,0.24485881562657713,1790751086,365400067,0.13199999928474426,0.12220912850394507,-0.4981751616405615,0.3713064584737201,-3.0554727134915383
0.07998369651676428,-0.4846071740059098,0.2511241729106416,1790751086,415194914,0.12800000607967377,0.11917907208908317,-0.49783209213793256,0.3722556123908306,-3.0971189583872993
0.07029294792938905,-0.48398305811255476,0.2492317422589788,1790751086,465609507,0.13300000131130219,0.11617361875630973,-0.4975016368328669,0.37333336361285496,-3.1389769119820805
0.06275367292534625,-0.48401217172364175,0.25326990933114335,1790751086,515354844,0.13199999928474426,0.11325519461791939,-0.4971892610101934,0.37451330270101446,-3.1802232529555003
0.05621796787812829,-0.4842683657724345,0.2594163521068793,1790751086,565466674,0.1289999932050705,0.11037030980936177,-0.496888886910113,0.37581757442213,-3.2216879892801153
0.04869578273841607,-0.4842584716653368,0.2631038487619022,1790751086,615469606,0.1289999932050705,0.1075454153389739,-0.4966020396289152,0.37723252753992065,-3.2630473469843344
0.04141413453555609,-0.4842817624259032,0.2670436317992787,1790751086,665090360,0.1289999932050705,0.10481136798462536,-0.49633148588273723,0.3787423032440469,-3.3039146838939613
0.0342084592751658,-0.4843369269997707,0.27132252066894125,1790751086,715357663,0.1289999932050705,0.10210528684521235,-0.4960697469136101,0.3803792031313242,-3.345281811776446
0.026072779004660734,-0.4842472770970229,0.27423413483552544,1790751086,765384762,0.13099999725818634,0.09947129998669954,-0.49582096036110873,0.3821216051691868,-3.3865729493105747
0.020330074502971904,-0.4845417226277633,0.28074475694903966,1790751086,815658983,0.1289999932050705,0.09689373668022358,-0.4955824168106212,0.3839780217084017,-3.428090277373515
0.013777418296324132,-0.4846871280641499,0.28579628554800757,1790751086,865244865,0.1289999932050705,0.09443328286226209,-0.4953593631727625,0.3859048923498995,-3.4689211475407244
0.0067196842770367304,-0.4847819136718761,0.2904009127944742,1790751086,915292187,0.12999999523162842,0.09202900281917802,-0.49514503933806875,0.38794538755612124,-3.5101107515925865
0.0018564349983935663,-0.48514143405339644,0.2975069927050813,1790751086,965351397,0.12800000607967377,0.08969871997186861,-0.49494079947866637,0.3900905061634576,-3.5514664527975492
-0.0012157159130955497,-0.48566014340358254,0.30612401493928426,1790751087,15271929,0.12399999797344208,0.08745957283686441,-0.49474700141174754,0.39232216848136614,-3.5927366062134243
-0.009023649306665105,-0.48568808979243583,0.3100789225525181,1790751087,65327871,0.12700000405311584,0.08531237369677372,-0.4945633947089052,0.3946421814539216,-3.6339887328141454
-0.012113635991379698,-0.4861576596248369,0.3182270723582052,1790751087,115250015,0.12399999797344208,0.08326510218450832,-0.4943895110443938,0.39703781035497426,-3.6751063150096166
-0.018046653735315846,-0.48638187083138534,0.3240777509061227,1790751087,165920321,0.125,0.08128756615751663,-0.4942224651789794,0.3995511756234289,-3.716819083753176
-0.022001995864185442,-0.4867447320041408,0.33116606229415546,1790751087,215299675,0.12399999797344208,0.07945891501490104,-0.4940678236968137,0.4020748444657625,-3.757465430584574
-0.02320188745379753,-0.4872914137457207,0.34010634602322176,1790751087,265810406,0.11999999731779099,0.07770257678479572,-0.4939187775027633,0.40471568360397814,-3.7988138640517652
-0.02991498423637151,-0.48745986493472127,0.3452958128952476,1790751087,315470243,0.12300000339746475,0.07608115932366623,-0.4937795576942606,0.4073754381325284,-3.8394239058445843
-0.032112164804814824,-0.4879101848385711,0.353284128175071,1790751087,365639916,0.12099999934434891,0.07454910052864303,-0.4936458588622977,0.4101302042251528,-3.88050350774539
-0.03571022179730171,-0.48826907633765443,0.3603327579448988,1790751087,415235179,0.12099999934434891,0.07314250249128235,-0.4935198243224392,0.4129114028673977,-3.921121958650758
-0.03814719761198172,-0.48868488317642084,0.36800287936997156,1790751087,465271379,0.11999999731779099,0.07183083525450011,-0.4933971867334829,0.41577971306868977,-3.9622313757016094
-0.03935013608769028,-0.48914322351133127,0.37614734319571286,1790751087,515688508,0.11800000071525574,0.07062427393325815,-0.4932786639108246,0.41872113139980516,-4.00367849179175
-0.04462414044085741,-0.4893972900764832,0.3817768619538625,1790751087,565219612,0.12099999934434891,0.06965342021894336,-0.49317901105115297,0.4213664762162891,-4.040421772196898
-0.043984173042737634,-0.48984587168426014,0.3894245403659471,1790751087,615519490,0.11800000071525574,0.0687800616412367,-0.4930833994836088,0.42403300694114165,-4.077018724846176
-0.04318846403673894,-0.4900988085348053,0.39374977629438046,1790751087,665350041,0.11599999666213989,0.0683308548858594,-0.49303089747864165,0.42554354277590484,-4.097577313195845
-0.04505966564938148,-0.4902485685759829,0.39674719176262097,1790751087,715421186,0.11699999868869781,0.0679660902181371,-0.4929861026633838,0.42685838753515215,-4.115380732996897
-0.04623638008803713,-0.49026770879889314,0.397280327679277,1790751087,765304219,0.11800000071525574,0.06788202214662536,-0.4929753638019614,0.42717445828366984,-4.11964856003044
-0.048255913855147256,-0.4902393808021324,0.39709765312062245,1790751087,815282826,0.11999999731779099,0.06784831860985724,-0.4929709457998525,0.42730270423207184,-4.1213789904140405
-0.04536700881139043,-0.49031045532443407,0.39790500858012084,1790751087,865504676,0.11699999868869781,0.06784282404088456,-0.4929702234219415,0.42732369434924933,-4.121662139892578
-0.04633461619213719,-0.4902877222174467,0.39765356630903104,1790751087,915837656,0.11800000071525574,0.06784282404088472,-0.49297022342194124,0.42732369434924944,-4.121662139892578
-0.04149658649762511,-0.4904013875830078,0.39891077579109335,1790751087,965324066,0.11299999803304672,0.0678428240408846,-0.4929702234219413,0.42732369434924944,-4.121662139892578
-0.04439940143064351,-0.4903331884314212,0.3981564508512107,1790751088,15853983,0.11599999666213989,0.0678428240408846,-0.4929702234219415,0.42732369434924933,-4.121662139892578
-0.04343180125911886,-0.49035592136903383,0.39840789124891346,1790751088,65294355,0.11500000208616257,0.0678428240408846,-0.4929702234219415,0.42732369434924933,-4.121662139892578
-0.046334616192137315,-0.490287722217447,0.3976535663090309,1790751088,115236730,0.11800000071525574,0.0678428240408846,-0.4929702234219415,0.42732369434924933,-4.121662139892578
-0.04633461619213726,-0.490287722217447,0.3976535663090309,1790751088,170415234,0.11800000071525574,0.0678428240408846,-0.4929702234219415,0.42732369434924933,-4.121662139892578
-0.045367008811390386,-0.49031045532443407,0.39790500858012084,1790751088,218649598,0.11699999868869781,0.0678428240408846,-0.4929702234219415,0.42732369434924933,-4.121662139892578
-0.0460442383523518,-0.49009749956226395,0.3965704470122038,1790751088,267076362,0.11800000071525574,0.06795824122579495,-0.4928539752371859,0.4268992561000686,-4.115961174032403
-0.044751954590256604,-0.4899118062330719,0.3956402159562888,1790751088,315607662,0.11699999868869781,0.06808851858737948,-0.49272576149265257,0.42643159400274133,-4.109669572716553
-0.042664751390151426,-0.4892505526363873,0.39202777331362887,1790751088,365581436,0.11599999666213989,0.06853907603447261,-0.4923036418941946,0.42489700874305086,-4.088946340313999
-0.043204560070506104,-0.48842365511053804,0.38707899524006173,1790751088,415566062,0.11800000071525574,0.06908587017451955,-0.4918293067996987,0.42317970133785854,-4.065602515767479
-0.04195805645717342,-0.48727378276906974,0.38043689108712975,1790751088,465282020,0.11900000274181366,0.06995337682901222,-0.49114403859645595,0.4207091255944658,-4.031701843655289
-0.03841131840508662,-0.48610890044111565,0.37405758539018846,1790751088,516071262,0.11800000071525574,0.07098651154838896,-0.4904079911356528,0.4180761359055217,-3.9951039150457452
-0.036501639620872134,-0.4848948922738435,0.36711114317637206,1790751088,565338726,0.11900000274181366,0.07210467379556974,-0.48968432234147374,0.415512906556114,-3.9589398460567895
-0.03424963336926744,-0.483658979830161,0.36006627811143255,1790751088,615513130,0.11999999731779099,0.07334513012053195,-0.48894956996085215,0.41293759246915407,-3.921996611268189
-0.030873511517261212,-0.4824894661773784,0.35362468875732295,1790751088,665174763,0.11999999731779099,0.0746688168961087,-0.4882283601239494,0.4104391355611442,-3.8854631575181298
-0.027221985311293495,-0.48132234094600534,0.34725275578811376,1790751088,715314659,0.11999999731779099,0.07610004054728435,-0.48750579952159606,0.4079678541475265,-3.8485840338362998
-0.02587354825576306,-0.4800104481651228,0.3394401709492857,1790751088,765539212,0.12300000339746475,0.0776184928094164,-0.4867929747545163,0.40556426341945667,-3.811876510744463
-0.022571012716200378,-0.478821643428553,0.3327888642642614,1790751088,815313494,0.12399999797344208,0.07921064766190974,-0.4860935335319624,0.4032417756477708,-3.775540895563692
-0.016595879170132596,-0.4778275368653958,0.32802121455828903,1790751088,865174647,0.12200000137090683,0.08089290544588507,-0.4853999930879464,0.4009773322959438,-3.7391494299562216
-0.014344644012887514,-0.47653058110918783,0.3203652840487684,1790751088,915334913,0.125,0.08267030101780051,-0.484709256561088,0.39876305001531276,-3.7025408631092773
-0.009458918221274745,-0.47543500074941575,0.31466033379111735,1790751088,965468493,0.125,0.08453896164094478,-0.48402366775658123,0.39660930193866495,-3.6657893962991888
-0.0050826071790083804,-0.47428618922078464,0.30845256349006145,1790751089,15607240,0.12600000202655792,0.08649033297106541,-0.4833451710357698,0.39452423125268454,-3.6290040578783103
-0.0019093718389555786,-0.47301416293538745,0.30102673447582595,1790751089,65228947,0.1289999932050705,0.08849835083254262,-0.4826824908969256,0.3925361075623565,-3.592619430773177
0.004399252151906549,-0.47204196697087,0.2965104529099364,1790751089,115591195,0.12800000607967377,0.09061153665219254,-0.4820183833310113,0.39059506734953203,-3.55569584906423
0.011477671972502906,-0.47118243662745596,0.29303137424002706,1790751089,165926574,0.12600000202655792,0.09279303437929984,-0.48136508236346526,0.3887399217849502,-3.518863395576043
0.0166681259010832,-0.4701243443715431,0.287599250804003,1790751089,215374835,0.12700000405311584,0.09500300399606051,-0.48073230519104376,0.38699803887804557,-3.482693007741409
0.020438791488471886,-0.46880893564429826,0.2798447298750979,1790751089,265602397,0.13099999725818634,0.09732043566871754,-0.48009749117251777,0.3853093238575015,-3.4458537313370945
0.029001480684636538,-0.4682181633475655,0.2788081494570879,1790751089,315244409,0.12700000405311584,0.09967417962175243,-0.47947918777629633,0.3837250688898026,-3.4094245910750707
0.033763324806357645,-0.4670397648658044,0.2722665205014959,1790751089,365036516,0.12999999523162842,0.10207501090729475,-0.4788739355966716,0.3822368106047012,-3.373175761046654
0.03896515331897017,-0.46585972167559886,0.26578947361415484,1790751089,415675442,0.13300000131130219,0.10456885730452993,-0.4782693464669683,0.38081623391243874,-3.3363668155033626
0.045789197478102506,-0.4649933222667515,0.2621569516747884,1790751089,465282435,0.13300000131130219,0.10708008496471534,-0.4776838102165399,0.37950847052097136,-3.3000751744841312
0.05455353353342658,-0.4645323461609804,0.262326048415904,1790751089,515536109,0.1289999932050705,0.10967589621306865,-0.4771004407523138,0.37827675508846176,-3.2632685717018086
0.061531414174172405,-0.4637260565842229,0.2592544059948495,1790751089,565686718,0.1289999932050705,0.11229354428213895,-0.4765334738418798,0.37715340708051764,-3.226799995901851
0.06641160588505543,-0.4623476577892604,0.25089503775327254,1790751089,615535379,0.13500000536441803,0.1149328222493947,-0.47598129048889865,0.3761340774746359,-3.190598005605216
0.07519400490764816,-0.46199078176666886,0.25200132030722694,1790751089,665642404,0.13099999725818634,0.11766166688964935,-0.4754298798851356,0.37519583158589365,-3.1536970999198206
0.08171283489163414,-0.46095313026561724,0.24683261223051736,1790751089,715252832,0.1340000033378601,0.12040505770115333,-0.4748936743774057,0.37436525126254055,-3.1170624814187935
0.08931282234733892,-0.46025207951865665,0.24475848906284187,1790751089,765478164,0.1340000033378601,0.12318869529535181,-0.47436739480682705,0.373635112237381,-3.0803037013582824
0.09742495296392593,-0.4597946791154091,0.2449073251161411,1790751089,815825098,0.13199999928474426,0.12600088542762472,-0.4738523094452761,0.3730080625242896,-3.043519745379244
0.10482566938263786,-0.4590579242169941,0.24245479476782505,1790751089,865441841,0.13300000131130219,0.12880411592817417,-0.473354868196938,0.3724918350406011,-3.007151814556427
0.11291584783562265,-0.4586650057930285,0.24320185693002266,1790751089,915903581,0.13099999725818634,0.13167554079054467,-0.47286048024499894,0.372072185970362,-2.9701432114912936
0.12012542551394863,-0.45777968759082266,0.23934291814822076,1790751089,965232304,0.1340000033378601,0.13447359725603192,-0.47239307571251155,0.37176866998603775,-2.9342711131510684
0.12803839720605065,-0.4574623527558123,0.24068836860264523,1790751090,15302023,0.13199999928474426,0.13731997847587704,-0.4719309347771871,0.37156431060343786,-2.897914830997313
0.13584712154841994,-0.45695302498008344,0.24033830962423036,1790751090,65546409,0.13199999928474426,0.1402074519127926,-0.47147556108946603,0.3714645208683508,-2.8611271764035884
0.1436240328133052,-0.4562581947590631,0.23828965118882622,1790751090,115399617,0.1340000033378601,0.14307970427361666,-0.47103494831871184,0.37147130215931395,-2.8245696501101074
0.15139710365523418,-0.4558195910119636,0.238514001251319,1790751090,165114871,0.1340000033378601,0.14592680122365723,-0.4706100729631376,0.3715828493319483,-2.788324111161929
0.15925427817769827,-0.4554076913473315,0.23903009177905846,1790751090,215501907,0.1340000033378601,0.1488042468899305,-0.47019181249549097,0.37180142717381803,-2.751627481433805
0.16712022343044924,-0.45502699863737384,0.23984060782143957,1790751090,265666358,0.1340000033378601,0.15168535031257718,-0.4697840351246768,0.3721281562169485,-2.714773154396378
0.17462175994130336,-0.4548994759563632,0.24290290452330537,1790751090,315588381,0.13199999928474426,0.15454393679394393,-0.46938956408663374,0.3725598294244183,-2.678039235889667
0.18206656233140173,-0.45469535058803195,0.24524169830420786,1790751090,365528895,0.13099999725818634,0.1573665313213761,-0.46900981429463,0.37309318980329476,-2.641556580207732
0.18960014184818913,-0.454412941542925,0.24687422160732217,1790751090,415474779,0.13099999725818634,0.16016514310298136,-0.46864218226314325,0.3737288976702901,-2.6051172844901855
0.19763550820629683,-0.45394475169605897,0.24687584912734908,1790751090,465596573,0.13300000131130219,0.16295688640542713,-0.46828419300972446,0.3744719852820563,-2.5684524279249152
0.20483853001445954,-0.4538322886639189,0.25003866327311985,1790751090,515625606,0.13199999928474426,0.16571631379897697,-0.46793830365521166,0.3753162444703434,-2.5318372515754137
0.21178950474987424,-0.45375124367565234,0.2534194200794533,1790751090,565302535,0.13099999725818634,0.1684089939387274,-0.4676083560993332,0.3762490215551817,-2.4956937635633496
0.22011863544624016,-0.453277733980104,0.25336947481393574,1790751090,615575690,0.1340000033378601,0.17109536279632495,-0.46728607716789466,0.37729076416476387,-2.4591558636592814
0.22693998666755538,-0.4532553234064476,0.2573073073049347,1790751090,665589233,0.13300000131130219,0.17374029625647222,-0.466975383395298,0.37842936657934445,-2.422651652515674
0.234034428944866,-0.45315776243557515,0.2605933166344148,1790751090,715727989,0.13300000131130219,0.17635063103761775,-0.4666747243055513,0.37966838350236887,-2.386027713197592
0.2404841511893937,-0.4531901910839491,0.26498929969728563,1790751090,765204204,0.13199999928474426,0.17889581655172418,-0.4663871799170791,0.3809923873004575,-2.3496731238757462
0.2478658333622304,-0.45305067134344096,0.2679549466639433,1790751090,815601739,0.13300000131130219,0.1814400859657521,-0.46610483425394167,0.38243730016146604,-2.312601026442589
0.25347318691509924,-0.4532327690886822,0.2736765574032473,1790751090,865375873,0.13099999725818634,0.18389445677164978,-0.46583718200706853,0.3839531567716205,-2.276059392643006
0.2605197226495176,-0.4531519693964114,0.2771155593893851,1790751090,915402823,0.13199999928474426,0.18630304806314038,-0.4655785937021386,0.3855658430813911,-2.2393450024264707
0.26569831752036527,-0.4533787527376139,0.28324243511779956,1790751090,965666172,0.12999999523162842,0.18865600835273003,-0.4653297484745095,0.3872696193498003,-2.202556737626988
0.27361735019366934,-0.4531737825741203,0.28555931607939966,1790751091,15301147,0.13300000131130219,0.1909153555874034,-0.46509386888457305,0.38903536151650986,-2.1662459952799953
0.2770685831336403,-0.4536204952777431,0.29359181026486136,1790751091,65628960,0.1289999932050705,0.19314291529074853,-0.4648640745231351,0.39091119399588087,-2.129376246318972
0.28217400990136443,-0.45381900254398677,0.2994889695578636,1790751091,116236988,0.12800000607967377,0.19531204795590665,-0.4646424596057224,0.39287983581691016,-2.0922914088450604
0.2875161306290055,-0.45394896606160784,0.30462485772211395,1790751091,165179532,0.12800000607967377,0.19732558280744708,-0.46443836687679857,0.39484480624006635,-2.0566760817056946
0.29353060926379226,-0.45402576663456823,0.309409775824384,1790751091,215441965,0.1289999932050705,0.1993167851037217,-0.4642375912206651,0.39693389948561425,-2.020142225020091
0.29484618947538144,-0.4545876576328785,0.3183307609900406,1790751091,265277395,0.12399999797344208,0.20122610506235677,-0.46404566956792614,0.39908857981984974,-1.9836985950425006
0.3028113740329187,-0.454485405476383,0.321657158940408,1790751091,316004859,0.12800000607967377,0.2030894279145778,-0.4638583578528422,0.40135460421010194,-1.946560842375519
0.3050375345789297,-0.45491532569757576,0.32943007816098313,1790751091,365516528,0.125,0.20483474888376793,-0.4636823746561606,0.4036428842761494,-1.9101295675142296
0.3110801057312342,-0.4550139395663216,0.33444791558521925,1790751091,415605811,0.12700000405311584,0.20651550540958047,-0.4635116957038915,0.4060232851594705,-1.8732413282239249
0.3136156188023408,-0.4554001370568681,0.3419060034925129,1790751091,466037829,0.125,0.20811491243539373,-0.46334746895604795,0.4084750719234252,-1.836182331504862
0.31660505814730605,-0.45572420304995503,0.3487359500957224,1790751091,515307273,0.12399999797344208,0.209587737063662,-0.4631937596620784,0.41092516306318294,-1.799992036620701
0.3184942122868506,-0.4561184932953289,0.3562001571551084,1790751091,565381242,0.12200000137090683,0.21099098872027733,-0.46304413787052323,0.41346351982719326,-1.7632721138779701
0.3254551620776333,-0.45619452986439957,0.36103483802468894,1790751091,615404951,0.12600000202655792,0.21229803838211508,-0.46290074065077036,0.41604840548344,-1.7266003924743516
0.32680707392996544,-0.4566106554144754,0.368662000694414,1790751091,665547827,0.12399999797344208,0.2135070473662895,-0.4627628653325072,0.4186745370349001,-1.689998308737805
0.3241116805812753,-0.4572068977326834,0.37768741394434097,1790751091,715306275,0.11800000071525574,0.21460956360644584,-0.4626312706578073,0.4213206893794983,-1.6537057009459584
0.3293231881853468,-0.45737103110629435,0.3829551145213725,1790751091,765503420,0.12099999934434891,0.2155546773845511,-0.4625130320274539,0.4238364747975237,-1.619680580656724
0.33338316031180004,-0.4575976747042212,0.38864787596780287,1790751091,815222665,0.12300000339746475,0.21639399471185589,-0.46240146233671525,0.4263235921837831,-1.5864479769873956
0.33363893867736577,-0.4578270355777135,0.39281823058441195,1790751091,865304800,0.12200000137090683,0.21686072718808214,-0.4623354522918188,0.4278399928844075,-1.56636290463385
0.3327190545759601,-0.4580684577611748,0.3968054728025491,1790751091,916046385,0.11999999731779099,0.2172489660864473,-0.4622778114183806,0.4291928061642585,-1.5485468133350226
0.3329558871233369,-0.4581102904997783,0.39765375315880774,1790751091,965485840,0.11999999731779099,0.21734136968971388,-0.4622636490802945,0.42952901515556585,-1.544133057996662
0.33500740445672345,-0.4580636632246888,0.3975747512982381,1790751092,16324628,0.12200000137090683,0.2173894832793145,-0.46225618820307385,0.42970647529045025,-1.541805615009002
0.3340599275316845,-0.4581010393184731,0.39789871878955796,1790751092,65266459,0.12099999934434891,0.21739592753087153,-0.4622551851068742,0.4297303699863064,-1.5414923429489136
0.33598826202853277,-0.45803237561219995,0.39737257472546,1790751092,115821514,0.12300000339746475,0.2173959275308715,-0.4622551851068742,0.4297303699863063,-1.5414923429489136
0.33213160021842736,-0.4581697027689546,0.3984248608936203,1790751092,165378128,0.11900000274181366,0.21739592753087147,-0.4622551851068742,0.42973036998630637,-1.5414923429489136
0.33309576028326027,-0.45813537117160974,0.39816179082160674,1790751092,215136927,0.11999999731779099,0.2173959275308715,-0.4622551851068742,0.4297303699863063,-1.5414923429489136
0.33213160021842736,-0.4581697027689546,0.3984248608936202,1790751092,265395554,0.11900000274181366,0.2173959275308715,-0.4622551851068742,0.4297303699863063,-1.5414923429489136
0.33405992753168445,-0.4581010393184731,0.3978987187895578,1790751092,315990212,0.12099999934434891,0.2173959275308715,-0.4622551851068742,0.4297303699863063,-1.5414923429489136
0.33502409478010864,-0.45806670746533656,0.3976356467575089,1790751092,368392159,0.12200000137090683,0.2173959275308715,-0.4622551851068742,0.4297303699863063,-1.5414923429489136
0.3311674329700032,-0.4582040346220912,0.398687932925669,1790751092,415252818,0.11800000071525574,0.2173959275308715,-0.4622551851068742,0.4297303699863062,-1.5414923429489136
0.3299100280666897,-0.45806107667730495,0.3979080144108089,1790751092,465547751,0.11699999868869781,0.21727939981360558,-0.4621469529548737,0.4293189502057716,-1.547168471603437
0.3314804929380624,-0.45778236142553863,0.3961383176671919,1790751092,515273820,0.11900000274181366,0.21713980127844248,-0.4620202253922896,0.42883766616759317,-1.5538201968302054
0.3302783001052938,-0.4571095621321151,0.3921739814251973,1790751092,565235750,0.11900000274181366,0.21666669408494557,-0.4616114208321289,0.42729003043806246,-1.5753006489070076
0.3306945197134509,-0.45626431961289243,0.38704132186436496,1790751092,615865509,0.12099999934434891,0.2160846603498299,-0.4611459691125982,0.42553482100571965,-1.5998411248976572
0.3265032770891882,-0.455265000770102,0.38133724969282656,1790751092,665258297,0.11900000274181366,0.21517969410230817,-0.4604871174281092,0.42306002550083166,-1.6348001628182491
0.32560526389276856,-0.4540105076658928,0.37378685561505276,1790751092,715958428,0.12099999934434891,0.21409903154144314,-0.45977748471626756,0.4204141219282854,-1.6727036948051572
0.3226015920168012,-0.45286574390687817,0.36709956660746473,1790751092,765475920,0.12099999934434891,0.21292614909756954,-0.45907816737373247,0.4178312416879435,-1.710307619509455
0.32021254859882475,-0.45167207150012467,0.36002986914569785,1790751092,815203896,0.12200000137090683,0.21164519632664733,-0.45837936638075094,0.415276068566966,-1.7481784287091944
0.3174871429395078,-0.45047100542934304,0.3529318687860793,1790751092,865496810,0.12300000339746475,0.21024671047320356,-0.45767689200231526,0.41273626393320745,-1.786569270225223
0.3136556049896218,-0.4493525538584756,0.3464901817002751,1790751092,915287054,0.12300000339746475,0.20876410737109802,-0.4569875453081675,0.4102748308619872,-1.8245931918413334
0.313710876119879,-0.4479158021634955,0.3373969864756018,1790751092,965679293,0.12800000607967377,0.20717570908035363,-0.4562996203867021,0.40785244284526256,-1.8628926977437843
0.3060813171708868,-0.44710078551989246,0.3334812463879045,1790751093,15334666,0.12399999797344208,0.20552014246985567,-0.45562937362843997,0.4055278481470234,-1.90059926268563
0.30306283849321514,-0.44588397519230155,0.3262216355932468,1790751093,65336912,0.12600000202655792,0.20375170106826673,-0.4549568984661531,0.4032344952812393,-1.9388302149259629
0.2988819560955773,-0.4447352298661164,0.3195778747018515,1790751093,116000070,0.12700000405311584,0.20186690461940882,-0.4542827046171402,0.40097766918836353,-1.9776173359674127
0.2930851439901688,-0.443787146266364,0.31456275116694943,1790751093,165315950,0.12600000202655792,0.19994903117390245,-0.45363457865933776,0.39885209257755794,-2.0153500409030567
0.287721456622565,-0.44276405968500593,0.30897903968289236,1790751093,215732327,0.12600000202655792,0.1979047190772486,-0.452980696615047,0.39675474530379906,-2.0539210499358838
0.28295140862171325,-0.44170193097068955,0.30299208542283496,1790751093,265294144,0.12700000405311584,0.19582568118384042,-0.4523492406481941,0.39477848661900483,-2.091664217611905
0.27920863611676644,-0.44047942859178907,0.2956348613018639,1790751093,315206732,0.12999999523162842,0.19365747262240002,-0.45172289275507094,0.39286953463701013,-2.1296441236236774
0.27251294339102894,-0.4396117250666787,0.2913819039379154,1790751093,365819972,0.1289999932050705,0.19139033343648879,-0.4510985098565503,0.3910221276242508,-2.168060533028642
0.26761485636036875,-0.43852023465291584,0.28511962627051407,1790751093,415408789,0.13099999725818634,0.18910059159647166,-0.4504966357275282,0.38929772054915557,-2.2056820069627134
0.26123821946064946,-0.43762679534876453,0.2806022698352639,1790751093,465167070,0.13099999725818634,0.18672914936855348,-0.44990002081209357,0.38764789418480117,-2.243564110621877
0.2551094031006268,-0.4366495798780262,0.2754134312241614,1790751093,515795154,0.13199999928474426,0.18424981543158694,-0.4493029931625957,0.38606066245384935,-2.282133047173331
0.24782179855452496,-0.43590253542497304,0.27220313520139033,1790751093,565567500,0.13099999725818634,0.1817393130515866,-0.4487230382831172,0.3845852472026474,-2.3202488720424843
0.24185163079993383,-0.4348880994614947,0.2666539261159545,1790751093,615366781,0.13300000131130219,0.1791681613625708,-0.44815295844551517,0.38320360017914357,-2.358420828115943
0.23472274320582248,-0.4340983620873629,0.2630827014614344,1790751093,665430277,0.13300000131130219,0.1765422829490323,-0.4475929581383688,0.381918429550821,-2.3966192736814
0.22666565839131114,-0.43354650150140506,0.2616070882012895,1790751093,715459153,0.13099999725818634,0.1738709934761673,-0.44704495302711056,0.3807352311589915,-2.4347581700549195
0.2204468946056662,-0.43250681881032516,0.2558377945761009,1790751093,765515084,0.1340000033378601,0.17114798783364604,-0.4465065201880283,0.379650665663744,-2.4729873048929334
0.21328203807363066,-0.43170622387068436,0.25215770802041837,1790751093,815265911,0.13500000536441803,0.1683990835032963,-0.4459825959904651,0.37867532353907946,-2.5109965420069997
0.20477657943934954,-0.4313638784404487,0.25253893956632434,1790751093,865199008,0.13199999928474426,0.1656204313674123,-0.44547106315541374,0.3778057876098465,-2.5489056287101417
0.1978753208869402,-0.43040569253589916,0.24749140196103728,1790751093,915741109,0.13500000536441803,0.16277727151697785,-0.44496567964549144,0.37703342276581353,-2.5872318013542746
0.18968931783743137,-0.4300281548751484,0.24755438067546684,1790751093,965154378,0.13300000131130219,0.15995365753682164,-0.44448009952802847,0.3763795806599544,-2.6249048580758814
0.18205397156698103,-0.4292290748743958,0.24398245886450662,1790751094,16261474,0.13500000536441803,0.15700420172058108,-0.4439896796375433,0.3758143026127507,-2.6639062242241853
0.1737881757846124,-0.4290321239622612,0.24565513425207408,1790751094,65467946,0.13199999928474426,0.15415116064133255,-0.4435300384477613,0.3753786784643959,-2.7013578012358996
0.16613511925114738,-0.42807739552120183,0.24069802013421776,1790751094,116853321,0.13600000739097595,0.15115534628643798,-0.44306267183131764,0.3750373289986777,-2.740451146557811
0.1581380244423991,-0.42772733111711947,0.2410067372109563,1790751094,165605864,0.13500000536441803,0.14827771744545218,-0.44262698880593443,0.3748192029795647,-2.77783955131032
0.1499838616535415,-0.4271745490524389,0.23961877931280198,1790751094,216019686,0.13600000739097595,0.1452895230534857,-0.4421881955766668,0.3747059941538042,-2.8165493778576853
0.1419777664029183,-0.4266673006668907,0.23854150652112022,1790751094,265306131,0.13699999451637268,0.14238317575921686,-0.4417734000574425,0.3747055249031537,-2.854145005039399
0.1336406210027032,-0.4261825041159674,0.23777593566566632,1790751094,316216401,0.1379999965429306,0.13938422047061652,-0.4413577617436468,0.3748187087948416,-2.892935444627587
0.12573695387442263,-0.4260717140403452,0.24028397293503662,1790751094,365239454,0.13600000739097595,0.1364837797440911,-0.4409665187266913,0.37503801754011756,-2.9305070225661756
0.11723529140791998,-0.42544033393035535,0.23816453794583864,1790751094,415362154,0.13899999856948853,0.1335236055267558,-0.4405781919882053,0.375374361496867,-2.9689599125335917
0.10941249797318559,-0.4253906113310756,0.24128063353238272,1790751094,465248806,0.13699999451637268,0.13061126980591828,-0.44020583391732576,0.37581731904971566,-3.006957987512253
0.10118685608084112,-0.42504837746394347,0.24175460254712433,1790751094,515348969,0.1379999965429306,0.12770704005473393,-0.4398442216493198,0.3763716961225013,-3.0450682962221762
0.09405874143740597,-0.42527063136198784,0.2473929514555613,1790751094,565477271,0.1340000033378601,0.12481215166097923,-0.4394923725535031,0.3770385095424032,-3.083336368313704
0.08491419308935183,-0.42457240128006624,0.24463340326786284,1790751094,615482628,0.13899999856948853,0.1219477351940387,-0.43915286977779083,0.37781345545243383,-3.121535463062228
0.0769721933920703,-0.4244364595036195,0.2470219855511241,1790751094,665683069,0.13899999856948853,0.11910344954770279,-0.4388231669309124,0.37869954440785475,-3.159864890780963
0.0697732731103024,-0.4245366840949174,0.2515925844104615,1790751094,716090873,0.13699999451637268,0.11628163844704206,-0.4385036713566605,0.3796975949214513,-3.1983495209447637
0.06330356177949664,-0.42476276228027793,0.2572872708802991,1790751094,765541318,0.1340000033378601,0.11353651907174388,-0.4381990244745958,0.3807867354721237,-3.2363042550478096
0.054185896190269436,-0.42431911712387477,0.25687643011535277,1790751094,815638685,0.1379999965429306,0.11079505507286469,-0.4379012450104131,0.381996084760527,-3.274788806532984
0.04811474505879384,-0.4245961757672805,0.26307099843956033,1790751094,865286743,0.13500000536441803,0.10813080533228481,-0.4376169664257339,0.38329384555386853,-3.3128349001808446
0.04087902651355958,-0.4246076446470933,0.2668572785160521,1790751094,915445925,0.13500000536441803,0.10549016932366632,-0.4373405531103614,0.38470580296685264,-3.351256031668132
0.03334509968303191,-0.4245550809798817,0.27002460964027913,1790751094,965506051,0.13600000739097595,0.10292784667139274,-0.43707637388897075,0.3862031814845916,-3.389319078414592
0.027578430119232403,-0.42480394852342573,0.27596930654976004,1790751095,15312989,0.1340000033378601,0.10043811329234291,-0.4368238190479193,0.38778607709441,-3.427138177554437
0.02089949305176564,-0.4248956533286161,0.2804953039084078,1790751095,65154789,0.1340000033378601,0.09798950044663633,-0.4365783515980436,0.3894753305901389,-3.465256532340923
0.014908780178874911,-0.4251003733254634,0.28613380668400756,1790751095,115660954,0.13300000131130219,0.09557035767425086,-0.43633898498847107,0.3912832425961985,-3.5039356994952153
0.007976847559410485,-0.42515977564248975,0.29037508447003835,1790751095,165437615,0.1340000033378601,0.09325122901042042,-0.43611133533697555,0.3931580796732931,-3.5421156357630563
0.0031584987338800358,-0.42548691279044365,0.29714525825478316,1790751095,215359897,0.13199999928474426,0.09099619659946456,-0.43589192119030873,0.39512624847760913,-3.5804184137902317
-0.002767857909698329,-0.4256750157487341,0.3026479067208694,1790751095,265423911,0.13199999928474426,0.08880256049124309,-0.4356790111445458,0.3971930195568568,-3.6189759673444803
-0.007012082071229497,-0.4260308129510987,0.3097263137066637,1790751095,315229757,0.12999999523162842,0.08669741045427397,-0.4354753883841697,0.3993328411794157,-3.6573621998818653
-0.014669419286740787,-0.4260481017359404,0.3136055209534463,1790751095,365346410,0.13300000131130219,0.08467309141280197,-0.43527880852903433,0.40155357362556376,-3.6957791034068666
-0.018384890187108427,-0.4264365988252572,0.32101805654764753,1790751095,415477240,0.13099999725818634,0.08273502346972614,-0.43508996276484735,0.40384849561571085,-3.734167089926599
-0.022602640358145673,-0.4267704202960484,0.3279599595702047,1790751095,465877442,0.12999999523162842,0.08087014246569112,-0.4349060635545264,0.4062363499039784,-3.772877690683259
-0.02482259546739475,-0.4272303262021794,0.33607585664275474,1790751095,515516990,0.12700000405311584,0.07912221328508368,-0.43473161031595237,0.40865828219843997,-3.8110254270548434
-0.02965973083586193,-0.4274378213746944,0.3414509469481921,1790751095,565585393,0.12800000607967377,0.07760548434888896,-0.4345770597752023,0.41092904740312924,-3.8458941883994076
-0.032857988950578385,-0.42778948533276756,0.3484553232629474,1790751095,620045882,0.12700000405311584,0.07607420055397225,-0.4344176509021273,0.41340797171103816,-3.8830885949147977
-0.03848945862800153,-0.42800942250159646,0.35426036491392643,1790751095,665468578,0.1289999932050705,0.07460335151185331,-0.43425920417777,0.4160013947934089,-3.921138492652623
-0.041749975024031355,-0.42844199434234537,0.36268490510383233,1790751095,716452506,0.12800000607967377,0.07304106071235766,-0.43408430748514604,0.41903367592771246,-3.9646575725785738
-0.044161991352661814,-0.4288306638777214,0.37016546576345516,1790751095,765260262,0.12700000405311584,0.0717850749486606,-0.4339361127856364,0.4217330256927059,-4.002629464339133
-0.045388763905333016,-0.4292646990390877,0.3781741984248078,1790751095,815570426,0.125,0.07061410372089934,-0.4337899879277607,0.42451917078389834,-4.041165113011499
-0.0489642871541532,-0.42957807952103777,0.38475677175103673,1790751095,865251660,0.12600000202655792,0.06960269640985124,-0.4336560367186953,0.4271978035989993,-4.077666521624959
-0.05142182726649659,-0.42994691317264977,0.39200450445340623,1790751095,916778665,0.12600000202655792,0.06866290092769876,-0.43352169838974175,0.4299897578535151,-4.115215280474858
-0.05561958546824804,-0.43008948702572736,0.3954705597161037,1790751095,966142582,0.1289999932050705,0.06815789189225167,-0.43344363964764104,0.43164906169404804,-4.137318510975389
-0.052886744494000854,-0.4303928469072207,0.40049113314410006,1790751096,15337674,0.125,0.06773236470612368,-0.43337377586323317,0.43315831175394703,-4.15730006156449
-0.05127987489720652,-0.43050127576631286,0.40221278191230714,1790751096,65281419,0.12300000339746475,0.06760669578845217,-0.4333522779081603,0.4336270451245393,-4.163483439625979
-0.05146399215511391,-0.4305366043575344,0.40290969164249435,1790751096,115960160,0.12300000339746475,0.06753506095836549,-0.4333398156281969,0.43389949965163965,-4.167072967076612
-0.05149169562859235,-0.43054196696293273,0.40301543411223983,1790751096,165496513,0.12300000339746475,0.06752428124945979,-0.4333379275670298,0.4339408393293044,-4.167617321014404
-0.05149169562859235,-0.43054196696293273,0.40301543411223983,1790751096,215675102,0.12300000339746475,0.06752428124945979,-0.4333379275670298,0.4339408393293044,-4.167617321014404
-0.05149169562859235,-0.43054196696293273,0.40301543411223983,1790751096,265280206,0.12300000339746475,0.06752428124945979,-0.4333379275670298,0.4339408393293044,-4.167617321014404
-0.05149169562859235,-0.43054196696293273,0.40301543411223983,1790751096,315859733,0.12300000339746475,0.06752428124945979,-0.4333379275670298,0.4339408393293044,-4.167617321014404
-0.05245929992164351,-0.43051923569983097,0.40276400942424995,1790751096,365283631,0.12399999797344208,0.06752428124945979,-0.4333379275670298,0.4339408393293044,-4.167617321014404
-0.05245929992164351,-0.43051923569983097,0.40276400942424995,1790751096,415583545,0.12399999797344208,0.06752428124945979,-0.4333379275670298,0.4339408393293044,-4.167617321014404
-0.05149169562859235,-0.43054196696293273,0.40301543411223983,1790751096,466677575,0.12300000339746475,0.06752428124945979,-0.4333379275670298,0.4339408393293044,-4.167617321014404
-0.05245929992164351,-0.43051923569983097,0.40276400942424995,1790751096,516934489,0.12399999797344208,0.06752428124945979,-0.4333379275670298,0.4339408393293044,-4.167617321014404
-0.0531335988828637,-0.4303112810742194,0.4014160180589159,1790751096,567735758,0.125,0.06763682352930714,-0.4332293449612364,0.4335250506437995,-4.161932557336124
-0.05280959253052804,-0.4301112926594741,0.40023293054770487,1790751096,615543341,0.125,0.06776112201924668,-0.4331120685612301,0.43307647080974393,-4.15578954706993
-0.05154324328099036,-0.42936995656657745,0.39585999263815175,1790751096,665293103,0.125,0.06824678380643229,-0.4326766652733365,0.4314186074582371,-4.132991021590767
-0.04902169855279223,-0.42855460686885505,0.391204236032095,1790751096,715392923,0.12399999797344208,0.06884893140501971,-0.4321798484507622,0.42953662069878407,-4.106915942134897
-0.046412864990933056,-0.42729124049530803,0.38381458399312046,1790751096,765530410,0.12399999797344208,0.06985318265513699,-0.4314333563400924,0.4267220255214125,-4.067487240240729
-0.044227203322633024,-0.4259158755932544,0.3756570083978451,1790751096,815728582,0.125,0.07104877344996557,-0.43064058750449213,0.42376237479785406,-4.025379708918659
-0.04071254910230587,-0.4245637817043258,0.36785108131558814,1790751096,865606984,0.125,0.07239344711507645,-0.4298385090509956,0.4208058815804535,-3.98254297138275
-0.03864866186006287,-0.42313834593729666,0.3593027216649572,1790751096,915121689,0.12700000405311584,0.07386028657826534,-0.4290446038561957,0.41791887701643426,-3.93984380198747
-0.03610286584095605,-0.4216899132433576,0.35064934079951793,1790751096,965247380,0.1289999932050705,0.07547944372603026,-0.42824310189027404,0.41504997866253446,-3.8964223418152777
-0.03310046122040686,-0.4202343522514488,0.3419862114771976,1790751097,15690702,0.13099999725818634,0.07723660211390168,-0.42744292414066326,0.4122341169813736,-3.852687794077556
-0.025638942476928273,-0.4190932525901117,0.33633469868918453,1790751097,65580168,0.12800000607967377,0.07909630018712302,-0.42665859603571316,0.4095282508577254,-3.80944937436451
-0.02358864262959187,-0.41756316744993355,0.3269009126272767,1790751097,115238411,0.13199999928474426,0.081063684227333,-0.42588600956525363,0.406917289661777,-3.766414483618624
-0.016409118905489795,-0.4164221510176674,0.3212463564754381,1790751097,165284008,0.12999999523162842,0.08315164519337837,-0.42511866597244036,0.4043849374106113,-3.7232364382878105
-0.009003890792984845,-0.4153130867732833,0.3159234300009465,1790751097,215725951,0.12800000607967377,0.08536490175160212,-0.4243551843067257,0.4019279241990345,-3.6797531925979783
-0.0057938895915338184,-0.41382165367437074,0.30688725071033124,1790751097,265248628,0.13199999928474426,0.08764200452095441,-0.4236145628282879,0.3996117481900992,-3.63707279139618
0.0027414102768844734,-0.41285976862821966,0.3029310454926986,1790751097,315360985,0.1289999932050705,0.09004654653261873,-0.4228753415863349,0.39736885428026303,-3.593885957897165
0.007522935627230609,-0.4114533508943376,0.29483058463731854,1790751097,365465527,0.13199999928474426,0.09256512758865958,-0.42214128346329266,0.3952178024240937,-3.5504169616578363
0.012808409728438816,-0.41005090545331885,0.2868235802292894,1790751097,415865877,0.13500000536441803,0.09519578376122344,-0.421413457894768,0.39316366886189424,-3.506637252256233
0.02186748537888468,-0.40920487200038913,0.28394841198382803,1790751097,465400452,0.13199999928474426,0.0978683604068096,-0.42070914884338245,0.3912587955470322,-3.4636218768598375
0.02669995029904214,-0.4076782787794454,0.27478690531147476,1790751097,515474031,0.13699999451637268,0.10065254505526787,-0.420009416912584,0.3894514388807047,-3.4201409574829067
0.03520193968696449,-0.4067055944899938,0.270846620267223,1790751097,565805751,0.13600000739097595,0.10354139885064739,-0.4193152852824886,0.38775135083736934,-3.3762708603003606
0.04277742285669202,-0.40560066213304924,0.26560520316299124,1790751097,615330770,0.13699999451637268,0.10645810178126769,-0.4186447549440123,0.3862021404040764,-3.3330731686629465
0.05159472379124135,-0.4047073651957151,0.26241342280687785,1790751097,665809815,0.13600000739097595,0.10948865397332778,-0.4179763162906261,0.3847581398781845,-3.289202271624598
0.060104178476848694,-0.403760146785805,0.2587152923947441,1790751097,716226211,0.13600000739097595,0.11257564161431827,-0.41732309199446155,0.38345018760785465,-3.24541518253336
0.06791738746976128,-0.40266472885223376,0.2535822611244909,1790751097,765786351,0.1379999965429306,0.1156616559492567,-0.41669467141160266,0.382297623785626,-3.2024290203602095
0.07734969438573791,-0.4020059597805624,0.25251434220962277,1790751097,815927282,0.13600000739097595,0.11883248372455661,-0.4160732812873336,0.38126717000242055,-3.1589488104466414
0.08588184700965205,-0.4010845526197454,0.2490189184781452,1790751097,865379616,0.13699999451637268,0.12202406358094917,-0.415469863921638,0.3803802579108232,-3.115786862826543
0.09444078508289692,-0.399965208899238,0.24388082908684003,1790751097,916312970,0.14000000059604645,0.12535383548682377,-0.41486294470338136,0.37961012198092103,-3.071281386823423
0.10383325921558711,-0.39945171779560973,0.24406062121529212,1790751097,965058410,0.1379999965429306,0.1285714331223237,-0.4142959621960975,0.3790112425765423,-3.028697583959683
0.11313606248073266,-0.39874612420391187,0.24264387350366612,1790751098,15328074,0.1379999965429306,0.13191497482533074,-0.41372651712130215,0.378536990787226,-2.9847835070876263
0.12260487291351559,-0.3983072683047321,0.24361847697445357,1790751098,65259170,0.13600000739097595,0.13525191829092859,-0.4131759569519978,0.3782103651084635,-2.941219966568151
0.13185719238901697,-0.39746764002792623,0.24103121532334404,1790751098,115833095,0.1379999965429306,0.1386441966824848,-0.41263417589612866,0.37802724376332414,-2.8971063237706796
0.1412617426976056,-0.39678303581125585,0.23984162638298226,1790751098,165658848,0.13899999856948853,0.14202691618538535,-0.4121097965355139,0.37799192322505476,-2.853213958682464
0.15072152595797408,-0.39625337464126986,0.24005636927275747,1790751098,215414674,0.13899999856948853,0.1454112293376346,-0.4116010114856581,0.37810436960385463,-2.8093032004247522
0.1602627139637052,-0.3956564145161862,0.23969237468801008,1790751098,265434790,0.14000000059604645,0.14879594767852083,-0.4111061057123086,0.37836400293185246,-2.765315688708224
0.1694694475140802,-0.39543619143249065,0.2427056836727724,1790751098,315429257,0.1379999965429306,0.1521639023581328,-0.41062762001322706,0.37877087999564074,-2.72138003643397
0.17910799960427104,-0.394820287860634,0.2421816254688491,1790751098,365755847,0.14000000059604645,0.15550754648453213,-0.4101646292940132,0.3793223195221165,-2.6775213215108202
0.1878246108309326,-0.3946938497363528,0.24593937836664842,1790751098,415180745,0.1379999965429306,0.1587615891415961,-0.4097258222326761,0.38000421200695766,-2.634513293377039
0.19835225170431134,-0.3938402200310371,0.24339179633076932,1790751098,465623549,0.14300000667572021,0.1620901705958345,-0.4092873691712199,0.3808525142336641,-2.5901062693888965
0.20502483785878495,-0.39454028479864783,0.2546500286690735,1790751098,515792702,0.1340000033378601,0.16536943193807582,-0.40886601078849644,0.38184367336358677,-2.5458389423262857
0.2144579609368816,-0.39410067110765146,0.2557475869426892,1790751098,565602140,0.13600000739097595,0.16857733964662794,-0.40846237895771664,0.38296673624025057,-2.501946022861563
0.22392051402191454,-0.39370924269955465,0.2572867113743139,1790751098,615437347,0.1379999965429306,0.17173564877269218,-0.4080736900143672,0.38422922410393234,-2.458039964135512
0.2318793287639952,-0.39377229749397524,0.262955085811683,1790751098,665909345,0.13600000739097595,0.1748977653359578,-0.4076915453393585,0.38565536282465823,-2.4132849269352645
0.23893408081492037,-0.3939723479190612,0.26975972197349274,1790751098,715680820,0.13300000131130219,0.17795587464896703,-0.40732909975997805,0.38720015752211046,-2.3690988724056203
0.24749824440726415,-0.3938063053598668,0.2733203251955806,1790751098,765343415,0.1340000033378601,0.1809246359132422,-0.4069823750759395,0.38886402573121515,-2.3252270957480463
0.256531412834663,-0.3935877343021978,0.27647039180410055,1790751098,815424216,0.13600000739097595,0.18384093160261086,-0.40664712222892835,0.3906699904705466,-2.2810246470803346
0.2643310514544796,-0.39360347439767845,0.28167709463983787,1790751098,865583999,0.13600000739097595,0.1866707608216937,-0.4063252711989799,0.3925961514124373,-2.236929254147613
0.2700354907904192,-0.3939294134862563,0.2895581399150696,1790751098,915499494,0.13300000131130219,0.1893996821221283,-0.4060184437594433,0.3946329801779562,-2.1930797448085717
0.27727799654277024,-0.39401028102877567,0.29536456705457886,1790751098,965609304,0.13300000131130219,0.19206466677716183,-0.40572054783780764,0.39680695676581024,-2.148805912578832
0.28356167415966826,-0.3942111220352233,0.3021962291829672,1790751099,15492863,0.13199999928474426,0.19462409619030432,-0.40543619734949304,0.3990884616905566,-2.1046824518232237
0.29163410046453303,-0.3941927881342923,0.30716081134218476,1790751099,65285847,0.1340000033378601,0.19708682006263767,-0.40516237065241234,0.4014819697454298,-2.0604984084698295
0.2960015686831502,-0.3946172486365186,0.3160513062941842,1790751099,116167274,0.13099999725818634,0.19949488032353652,-0.4048943907645004,0.4040390255121893,-2.015322616970506
0.2996935305012375,-0.3950451318593025,0.32480620979352043,1790751099,165544746,0.12800000607967377,0.20171933387059962,-0.4046445552839578,0.40661641344130395,-1.9715415107995393
0.3069470513100311,-0.39512633686605525,0.3306699256267927,1790751099,215512704,0.12999999523162842,0.203854692126534,-0.4044023485352648,0.40932054447824817,-1.927246530009101
0.3124066417341086,-0.39538727507744964,0.3381340767177192,1790751099,265715144,0.12999999523162842,0.20589238252672656,-0.4041666013806355,0.4121451216731057,-1.8824763487728862
0.31747651106125085,-0.39567213694728925,0.34575117228563185,1790751099,315332942,0.12999999523162842,0.20778389505198758,-0.4039428721768569,0.4150268800916883,-1.8381801635730741
0.3222387092525313,-0.39598299384210245,0.35363637058968794,1790751099,365434827,0.12999999523162842,0.20956109271922999,-0.40372542713744713,0.41800878874579617,-1.7935737574919046
0.32312405993199766,-0.39654128941163236,0.3636080581861335,1790751099,415918380,0.12600000202655792,0.2112165400281033,-0.40351488788007706,0.42108915441831224,-1.7486509558027772
0.327025658173102,-0.3968732701646967,0.3715900100644226,1790751099,465435436,0.12600000202655792,0.21270015532796346,-0.4033153724283666,0.42416547229085716,-1.7047863829739296
0.328814742677618,-0.39732723833985717,0.38070812458573094,1790751099,516315076,0.12399999797344208,0.21408312767980797,-0.40311755550721406,0.4273892582963569,-1.6597497905017005
0.32878344980533286,-0.3977730388181462,0.38894140991546433,1790751099,565441621,0.12099999934434891,0.21515129490561494,-0.4029554927139736,0.4301952022962452,-1.621218285696966
0.33411876904006527,-0.39797588418387,0.3952646924420078,1790751099,615836035,0.12399999797344208,0.21611567776199608,-0.4027975490568045,0.43305386409324165,-1.5825138462130892
0.33726323550094806,-0.3980839815748729,0.3986585717662898,1790751099,665461462,0.12600000202655792,0.21658590134511538,-0.40271476989729393,0.43459653680671784,-1.5618314354997063
0.3373008939844275,-0.3982809686303661,0.4023866945263772,1790751099,715217048,0.125,0.21696459954329975,-0.4026444945262499,0.4359297397359905,-1.544061037810333
0.3355892646727321,-0.39838629335573683,0.40369409628787595,1790751099,765369637,0.12300000339746475,0.21704668640201658,-0.40262869903095966,0.43623115157557013,-1.540056376051184
0.33566046821741646,-0.3983982099888325,0.4039535734382623,1790751099,815656763,0.12300000339746475,0.2170740214728148,-0.40262333890163843,0.43633263719767734,-1.538709152746391
0.33759927755959623,-0.3983313089259253,0.4034657448675927,1790751099,865812870,0.125,0.2170780418553988,-0.40262254865796926,0.436347609259616,-1.5385104417800903
0.3375992775595963,-0.39833130892592516,0.4034657448675927,1790751099,915794466,0.125,0.21707804185539886,-0.40262254865796915,0.436347609259616,-1.5385104417800903
0.3375992775595962,-0.39833130892592544,0.4034657448675927,1790751099,965273634,0.125,0.21707804185539878,-0.4026225486579694,0.436347609259616,-1.5385104417800903
0.33567094106406237,-0.3983999686450032,0.4039918538041453,1790751100,15431648,0.12300000339746475,0.2170780418553989,-0.4026225486579692,0.4363476092596161,-1.5385104417800903
0.3375992775595962,-0.39833130892592544,0.4034657448675927,1790751100,65160391,0.125,0.21707804185539872,-0.4026225486579694,0.436347609259616,-1.5385104417800903
0.33567094106406226,-0.3983999686450033,0.40399185380414526,1790751100,116082910,0.12300000339746475,0.2170780418553988,-0.40262254865796926,0.436347609259616,-1.5385104417800903
0.33567094106406226,-0.3983999686450033,0.40399185380414526,1790751100,169378159,0.12300000339746475,0.2170780418553988,-0.40262254865796926,0.436347609259616,-1.5385104417800903
0.33663510572001654,-0.3983656389133532,0.4037288003158249,1790751100,216526717,0.12399999797344208,0.2170780418553988,-0.40262254865796926,0.436347609259616,-1.5385104417800903
0.3362329466434985,-0.3981289726407529,0.4023031045715408,1790751100,265658410,0.12399999797344208,0.21692363660216205,-0.40248238033753747,0.4358043862828346,-1.545898753171482
0.33670595666480035,-0.3978150688296569,0.40035163934890483,1790751100,315409635,0.125,0.21673671963590516,-0.4023176930333199,0.43516698857859587,-1.5545887383174082
0.3340552630327072,-0.396947722877637,0.39520294006344436,1790751100,365175859,0.12399999797344208,0.21608710067883397,-0.4017812563074959,0.43309949825605965,-1.5829414899785181
0.331938804842975,-0.3959261748941638,0.3890829700382077,1790751100,415286558,0.12399999797344208,0.21527355463749956,-0.40117293449018815,0.43076858393135997,-1.6152385717789262
0.3275706829798996,-0.3945009862452896,0.38067145627404464,1790751100,465468619,0.12300000339746475,0.2139487960065728,-0.40029320180693945,0.42742097900192144,-1.662329931050297
0.32619973433809596,-0.3928141535884202,0.37032355221131097,1790751100,515550485,0.12600000202655792,0.21237038959389282,-0.39937055073373084,0.42395091875369223,-1.712178906976261
0.321571390376005,-0.3912861453469072,0.3612905400562262,1790751100,565549905,0.12600000202655792,0.21060646130432775,-0.3984519835638146,0.42054790912927353,-1.7622747036375301
0.31820672810513495,-0.3896657906748433,0.35148710627680346,1790751100,615417557,0.12800000607967377,0.20867115261189162,-0.3975451878158842,0.41724327981552356,-1.812300603493879
0.3117164346645701,-0.3882322012579421,0.3433123753356111,1790751100,665506904,0.12700000405311584,0.2065343211103903,-0.3966343797193354,0.41398859067620475,-1.863117364949441
0.3080401904408934,-0.3865610807039664,0.33313604062689034,1790751100,715448241,0.12999999523162842,0.20423109744494986,-0.3957369323814727,0.41085009802692163,-1.9138922113052688
0.30068042978680065,-0.3851992476141671,0.3255877795588532,1790751100,765571283,0.1289999932050705,0.20176713562672324,-0.39485165004470163,0.40783125718856705,-1.9646709798274722
0.2952132700942613,-0.3836565126781166,0.3164788583740399,1790751100,815441869,0.13099999725818634,0.1991627454668552,-0.3939856450868298,0.4049582628935559,-2.0151618209602438
0.28785708669800375,-0.38231036424998266,0.30904321873836155,1790751100,865200094,0.13099999725818634,0.1964269408899522,-0.3931375895635008,0.4022328045898588,-2.0653972017135427
0.2804939106478804,-0.3808734709166779,0.3009852704850656,1790751100,916839321,0.13199999928474426,0.1934426240472595,-0.3922744450561409,0.3995555048411853,-2.117505160739478
0.2718484234626797,-0.37971828540069713,0.2951691976952832,1790751100,965261176,0.13099999725818634,0.19047272114853067,-0.391468008530755,0.3971541885561487,-2.16709652902836
0.2654993374517197,-0.37810131122666124,0.2855209568981315,1790751101,15616525,0.13500000536441803,0.18724863930901606,-0.3906450635493016,0.39481177978020443,-2.2187929511488407
0.2559387067035848,-0.3770081113187153,0.2803779038339953,1790751101,65614408,0.1340000033378601,0.18395616943250506,-0.38985161367931853,0.39267019951663473,-2.2696952502528807
0.24523512894369434,-0.37617661994868734,0.27751435072570746,1790751101,115388975,0.13099999725818634,0.18057438463618647,-0.3890814566878735,0.3907108728276646,-2.320295534105756
0.23890546223282416,-0.37438991689289103,0.2663310252544176,1790751101,165824732,0.1379999965429306,0.17705390938635043,-0.3883204130625956,0.3889047815515735,-2.3714753487644766
0.22864921462914228,-0.3734715211104992,0.2626945392648795,1790751101,215349178,0.13699999451637268,0.17350795512944475,-0.38759282178016985,0.38731006344092234,-2.4217137289763095
0.2192102627024501,-0.3722852417378584,0.25676401009098965,1790751101,265240190,0.13899999856948853,0.16983935235410724,-0.3868751764882241,0.3858788683284279,-2.472550968581729
0.20842126606387235,-0.37146740713423987,0.254113292764373,1790751101,315266518,0.1379999965429306,0.16608469547661794,-0.3861756665577766,0.38463256697890896,-2.5235688896253317
0.19745440229541125,-0.37070266799542223,0.2520031803850817,1790751101,365683265,0.13699999451637268,0.1622315168918906,-0.38548934510350963,0.3835695173464707,-2.575073244548547
0.18768678605263295,-0.3693484497937177,0.24464052935736388,1790751101,416053605,0.1420000046491623,0.1583265095974754,-0.38482514942176016,0.3827073510614293,-2.6265468790763338
0.17699915795343008,-0.36838712693885617,0.24071391759672728,1790751101,465313261,0.14399999380111694,0.1544407723548289,-0.3841911003577038,0.38205517794940314,-2.67722379568158
0.1649592360756878,-0.36823885110734494,0.24420653531421954,1790751101,515942353,0.13899999856948853,0.1504088442443307,-0.3835610530990656,0.3815910898536462,-2.729369464530752
0.1539685858227575,-0.36739579921594,0.24140477940658273,1790751101,565667993,0.14100000262260437,0.14643470625900248,-0.3829638433501806,0.3813400408674726,-2.7804962339658816
0.14272650185525965,-0.3670568095872639,0.2431413940604081,1790751101,615441070,0.13899999856948853,0.1424462847413164,-0.3823882257762865,0.38129300917339126,-2.831656648625001
0.13159873365831712,-0.36655810457262467,0.24346169067122544,1790751101,665251017,0.13899999856948853,0.13846126324788263,-0.3818334333812396,0.3814492611974828,-2.8827770182190644
0.12012951584612289,-0.3657918343810574,0.24139082828640496,1790751101,715376438,0.1420000046491623,0.13446159993070636,-0.38129733440138963,0.3818122374634746,-2.934206516825685
0.10904958018625191,-0.3655258881116993,0.24385599112513545,1790751101,765407118,0.14100000262260437,0.13049418867770773,-0.3807829226766092,0.38237801970726304,-2.985500062123812
0.09772651679790445,-0.36510561254132456,0.2449361580384922,1790751101,815570808,0.1420000046491623,0.12654753304053648,-0.3802889488994457,0.383149097520077,-3.0369222251667263
0.08718349370762232,-0.3650644068588017,0.24949240235312733,1790751101,865576340,0.14000000059604645,0.12264457011831047,-0.379814884453643,0.38412128349462843,-3.088334315871052
0.07578550384860924,-0.36466334063063915,0.2507633001435096,1790751101,915511862,0.1420000046491623,0.11879665409550319,-0.3793623884514823,0.38529203412982865,-3.139700814739557
0.06609813784567115,-0.3648348811770019,0.2573147583782669,1790751101,965245475,0.13899999856948853,0.1150019923095361,-0.3789278292463323,0.3866623576432323,-3.1912072005250702
0.05522066268610381,-0.36465499262691725,0.2606909741583636,1790751102,15330655,0.14000000059604645,0.11124901271975175,-0.3785103367590978,0.3882403904580036,-3.243142092473071
0.04404818240085635,-0.36444001929326364,0.2637545917518413,1790751102,65430826,0.1420000046491623,0.10758517707600672,-0.3781118589013648,0.3900088290262488,-3.2950234053345953
0.03546375903065793,-0.3647598785603843,0.27174269469847073,1790751102,115339487,0.13899999856948853,0.1040291971578832,-0.3777345357841496,0.39195683099976125,-3.3466931931992816
0.024707492749654808,-0.36466294055710513,0.2759195992898767,1790751102,165354287,0.14100000262260437,0.10056228607683904,-0.3773728152733435,0.3940953588751746,-3.3985921956453544
0.014062673417578817,-0.3646331684292309,0.2807297001703698,1790751102,215521449,0.14300000667572021,0.09719655167152019,-0.3770282840352472,0.39641946335116457,-3.4506724097024133
0.0067472271649128,-0.36508153331548127,0.29001277532136094,1790751102,265417461,0.14000000059604645,0.09396678754422312,-0.3767009401080397,0.3989060158825726,-3.502564228858907
-1.7600865746564276e-05,-0.36555776381904836,0.29961798020486086,1790751102,315670680,0.13699999451637268,0.0908448219308068,-0.37638820058085304,0.40157738516867514,-3.5548446688394244
-0.01027986399528727,-0.3656013583671459,0.30512344249161305,1790751102,365781564,0.14000000059604645,0.08789542078072224,-0.3760929777916592,0.40437836452520093,-3.6065920592264593
-0.016610247448277007,-0.36606470294561366,0.31456190425687014,1790751102,415592631,0.1379999965429306,0.08511190794690605,-0.3758148329143952,0.4073063764004915,-3.657964689161277
-0.023947777229598843,-0.3664176262264606,0.32300417032534157,1790751102,465243493,0.1379999965429306,0.08247145077819712,-0.3755478965585547,0.4103860055071257,-3.709546370498867
-0.02929560015308262,-0.36693531901515125,0.3330829018228598,1790751102,515301460,0.13600000739097595,0.07996781981805436,-0.3752917535403704,0.4136290194734467,-3.7616201227164723
-0.03328540428251235,-0.36752851163831407,0.3439980836347449,1790751102,565377381,0.13300000131130219,0.07760981566075582,-0.3750435008701466,0.4170376310004426,-3.8142990506315426
-0.040972260059580975,-0.36787197760103846,0.3525438172144782,1790751102,615823545,0.13500000536441803,0.07541194613286276,-0.3748046331325179,0.420600090140855,-3.8674826141614442
-0.04724902180018288,-0.3683001890491656,0.36183247096113613,1790751102,665611955,0.13600000739097595,0.07344476224930173,-0.37457876037100224,0.4241990649383488,-3.91959325874949
-0.050346214416400276,-0.3688905224706392,0.3727657913210096,1790751102,715705274,0.1340000033378601,0.07165689979955268,-0.3743609538538494,0.4279139136520305,-3.971957742059634
-0.04977571573522244,-0.3695572520339788,0.3841930779316757,1790751102,765276488,0.1289999932050705,0.07015968503549425,-0.37416514062498746,0.43147166982704266,-4.0209776652544695
-0.05708615934008532,-0.36991670529616505,0.39248221502911246,1790751102,815457641,0.13300000131130219,0.06883357098378917,-0.37397550394062873,0.435105542181422,-4.070093578646901
-0.057203764217217956,-0.37029794774751656,0.3993466841116364,1790751102,865948824,0.13099999725818634,0.06808304270171275,-0.3738574781455927,0.43744583156992706,-4.10129233440065
-0.05686872202125191,-0.3706298051265683,0.4053468771551004,1790751102,915522057,0.1289999932050705,0.06748796947021715,-0.37375611063604974,0.43950295629286457,-4.128473643830511
-0.058292691641040714,-0.3706930016497514,0.4067733799352376,1790751102,966075443,0.12999999523162842,0.0673152045636183,-0.37372501957879595,0.44014195854657456,-4.136875238830871
-0.057577606463915146,-0.3707651015255461,0.40797804894503814,1790751103,15695065,0.1289999932050705,0.06722040094896348,-0.3737075722886073,0.4405018472855128,-4.14159887810645
-0.05858284409855735,-0.3707497628803122,0.40787023303118675,1790751103,65475919,0.12999999523162842,0.06720619453457796,-0.37370493423734247,0.4405563689641107,-4.1423139572143555
-0.05858284409855735,-0.3707497628803122,0.40787023303118675,1790751103,115593775,0.12999999523162842,0.06720619453457796,-0.37370493423734247,0.4405563689641107,-4.1423139572143555
-0.05858284409855735,-0.3707497628803122,0.40787023303118675,1790751103,165372944,0.12999999523162842,0.06720619453457796,-0.37370493423734247,0.4405563689641107,-4.1423139572143555
-0.05858284409855735,-0.3707497628803122,0.40787023303118675,1790751103,215147455,0.12999999523162842,0.06720619453457796,-0.37370493423734247,0.4405563689641107,-4.1423139572143555
-0.05858284409855735,-0.3707497628803122,0.40787023303118675,1790751103,265246755,0.12999999523162842,0.06720619453457796,-0.37370493423734247,0.4405563689641107,-4.1423139572143555
-0.05955045408444837,-0.3707270307460487,0.40761880069755446,1790751103,316133774,0.13099999725818634,0.06720619453457796,-0.37370493423734247,0.4405563689641107,-4.1423139572143555
-0.057615234112666336,-0.37077249501457565,0.408121665364819,1790751103,368758527,0.1289999932050705,0.06720619453457796,-0.37370493423734247,0.4405563689641107,-4.1423139572143555
-0.057615234112666336,-0.37077249501457565,0.408121665364819,1790751103,417728089,0.1289999932050705,0.06720619453457796,-0.37370493423734247,0.4405563689641107,-4.1423139572143555
-0.058115476057778795,-0.37045728613416823,0.4061338012482312,1790751103,468311818,0.12999999523162842,0.06738116428538661,-0.37353569544952286,0.43991420117020863,-4.133505243710682
-0.05664118061792399,-0.37017281100412025,0.4045691448297507,1790751103,515525988,0.1289999932050705,0.06757257042493305,-0.37335671372454055,0.43923620502005634,-4.124181943148778
-0.057582775728662966,-0.3690105421745732,0.3973109784595559,1790751103,565154406,0.13199999928474426,0.0682940649828579,-0.37272961850166203,0.43687345127069577,-4.091489484760819
-0.0560328590192254,-0.36773848960521727,0.3896611526403727,1790751103,615680552,0.13300000131130219,0.06921668040876248,-0.3720133872753041,0.4341951674132807,-4.054009654958982
-0.05280237497933549,-0.3659021929125455,0.3787125323558981,1790751103,665279099,0.1340000033378601,0.07074580341197649,-0.37097493631569484,0.43034697614200745,-3.9992387666144036
-0.045862082390730446,-0.36407218639224237,0.368418945786035,1790751103,715784967,0.13199999928474426,0.07263011594534376,-0.36986529268217805,0.4262984643065829,-3.9401968309065114
-0.04011919369380251,-0.3621973108200713,0.3576759016952503,1790751103,765350959,0.13199999928474426,0.07475308393679574,-0.3687660418263373,0.4223691116642925,-3.8811791522710246
-0.03616500818981021,-0.36016414193734947,0.3455099469840768,1790751103,815495306,0.13500000536441803,0.07714461398497056,-0.3676632931906648,0.4185146982094678,-3.8212704304755416
-0.030613442831535095,-0.35820627975579555,0.3340954992386824,1790751103,865430744,0.13699999451637268,0.07975519615231426,-0.3665787265990386,0.4148275508674868,-3.761662220345443
-0.022762530039808493,-0.35640258315336515,0.3241919417335032,1790751103,915451341,0.13699999451637268,0.08258909425956136,-0.36550855416612593,0.4112959889809493,-3.7019613649250402
-0.012914793253634121,-0.35479881130114765,0.3161792792757658,1790751103,965345464,0.13500000536441803,0.08561799037179409,-0.3644597150912965,0.4079559589791356,-3.6425796608613896
-0.004718610871087547,-0.35303258236830287,0.3066471281788311,1790751104,15444894,0.13600000739097595,0.08885544860555278,-0.36342598688375816,0.4047892422073449,-3.5829851819919583
0.0021247340845163692,-0.3510727003713944,0.2953152071112634,1790751104,65088404,0.14000000059604645,0.09227277128719868,-0.3624132522345892,0.40182681886714194,-3.523544785888413
0.01182547176625487,-0.3493626162325231,0.2864959830974046,1790751104,115687263,0.14100000262260437,0.09593910799033022,-0.3614018443809568,0.39901688749444686,-3.462887417153768
0.02245345451179745,-0.34782549838953736,0.27919805383158414,1790751104,165124930,0.14100000262260437,0.09970693868924028,-0.3604291970614679,0.3964757017522651,-3.4032905449748228
0.034237325468970084,-0.34641975060445795,0.27326907449374005,1790751104,215557631,0.14000000059604645,0.10370768345849973,-0.35946055314778247,0.39411528666741813,-3.3424321414222384
0.04443101421970888,-0.34471935680936955,0.26457774848579146,1790751104,265452679,0.14300000667572021,0.1078119190220343,-0.3585245315511156,0.3920190289487735,-3.2821399919008902
0.057345381745931574,-0.34356305062456,0.2609738742149691,1790751104,315758028,0.14100000262260437,0.11207527253722847,-0.3576072997323004,0.3901574600939301,-3.221337226605639
0.06854956685888319,-0.34199744020433137,0.25355649369295175,1790751104,365525918,0.14399999380111694,0.11640109649680482,-0.35672561558444876,0.3885724563640572,-3.1612096887624426
0.08152722469086225,-0.3409099360355452,0.25056855542100914,1790751104,415570700,0.14300000667572021,0.12084275746954845,-0.3558671622806088,0.38724178679657173,-3.1007526194698296
0.09441916215666435,-0.3397988746925169,0.2474015752549792,1790751104,465465647,0.14300000667572021,0.12537210621582873,-0.35503402953703644,0.3861776798990777,-3.040173698233895
0.10746279663320964,-0.3385351863794548,0.24300623121070344,1790751104,516413222,0.14499999582767487,0.13006320551993814,-0.35421299499340153,0.3853734557577981,-2.9782605359850773
0.12045258684804332,-0.33761488523026023,0.24143814178096315,1790751104,565358616,0.14499999582767487,0.13458594107955701,-0.35345656652997326,0.384875543534448,-2.9191559609460707
0.13392502874901596,-0.33686619168882787,0.241614829282894,1790751104,615740215,0.14399999380111694,0.1392627358546263,-0.3527087942975833,0.38464111721681715,-2.858379928042691
0.14747561473984597,-0.3361960812114525,0.24260717877891114,1790751104,666148342,0.14300000667572021,0.14401051097807538,-0.35198099612063694,0.38469106747318216,-2.7968378865714767
0.16065790871858923,-0.3355220008868953,0.24340191631831434,1790751104,715285941,0.14300000667572021,0.14864084072353706,-0.3513004839349278,0.3850198228794596,-2.736718967925575
0.17403881077297426,-0.334921599042688,0.24501964503945786,1790751104,765423779,0.14300000667572021,0.15334201839337125,-0.3506354503593047,0.3856387033894941,-2.6753843368422925
0.18727448801230126,-0.33441220863493726,0.24744203436509182,1790751104,815462671,0.14300000667572021,0.15799107066357343,-0.3500028240819394,0.38654061842553417,-2.614172571538704
0.200926400491806,-0.33377263235150095,0.2487602977742104,1790751104,865455730,0.14499999582767487,0.16260166929747039,-0.34939684628740236,0.38772827145085587,-2.5527029126281366
0.2142927349840396,-0.333334078810729,0.25189178347892266,1790751104,915485808,0.1459999978542328,0.16714181840650802,-0.34882064904897875,0.3891978524693005,-2.491130825205187
0.2255584557385642,-0.3335067615714767,0.26042993428510824,1790751104,965380264,0.1420000046491623,0.17157367901991014,-0.3482749871973339,0.3909348947841749,-2.4297769424724
0.2369917460727277,-0.3335424343611623,0.26777895004762464,1790751105,15530473,0.14000000059604645,0.17591554115082345,-0.3477563196007632,0.3929494850214195,-2.3681182260828337
0.24881357750715016,-0.333451169025082,0.27401514080639144,1790751105,65264492,0.14000000059604645,0.18012606529067302,-0.3472657110953139,0.3952223363840225,-2.3065374906444993
0.2592650423892539,-0.33363132300631343,0.28270698291773544,1790751105,115460229,0.1379999965429306,0.18423461018638096,-0.3467984894362245,0.3977767835498125,-2.2443028683431594
0.2701017647784802,-0.3336896819889877,0.29024924993948187,1790751105,165311425,0.1379999965429306,0.18812992084270524,-0.34636336413507884,0.40053974648600066,-2.182916120550341
0.27921665919586763,-0.33399802947877605,0.2999958917458172,1790751105,215433318,0.13600000739097595,0.1918668424610121,-0.3459525753360319,0.40354829567773676,-2.121274395685799
0.28835016788510126,-0.3342759294566985,0.30951136748052105,1790751105,265371682,0.13500000536441803,0.19543022704320184,-0.3455640363374632,0.40679170817369115,-2.0594035553157113
0.296140935407051,-0.3346919799445683,0.32024123405176635,1790751105,315438316,0.13300000131130219,0.19880235133411697,-0.34519807575416267,0.41026246682671985,-1.997288295040052
0.3040733990226274,-0.3350817615586064,0.3308609795621115,1790751105,365677654,0.13199999928474426,0.20200566292950514,-0.3448483572915997,0.4139921450043541,-1.9342154254087711
0.3129034006522339,-0.33538411957260766,0.34074017890032837,1790751105,415770741,0.13300000131130219,0.20496889522258152,-0.3445207919679282,0.41791312820255033,-1.8711831622129491
0.31856405505119434,-0.3359395298813858,0.352740096658782,1790751105,465723550,0.13099999725818634,0.20767441196777936,-0.3442130117221631,0.4219935141680139,-1.8084197987996222
0.3251448180027823,-0.33640734772935527,0.36399247725976414,1790751105,515599626,0.13099999725818634,0.21011745666534903,-0.34392410653346867,0.42622754585033595,-1.7457698535549169
0.3290917664701214,-0.3370144539053698,0.37624099193502436,1790751105,565330044,0.1289999932050705,0.21225483635187178,-0.34365787942802206,0.43051801197828454,-1.6843525875020042
0.3350439433411055,-0.3375033206113363,0.3875578889077573,1790751105,615449021,0.12999999523162842,0.21413530382780896,-0.3434051386003521,0.4349527008146701,-1.622648593026605
0.3343657060774474,-0.33806629400667554,0.3972587594949598,1790751105,666494077,0.12600000202655792,0.21528983351197162,-0.34323473772274554,0.438127136915858,-1.5793934900983837
0.3386696875937489,-0.3383416294614501,0.4040722785383909,1790751105,715553796,0.12800000607967377,0.21619597629290316,-0.34308860127188007,0.44097292697747126,-1.541157565842931
0.3404773698944621,-0.33844545694865324,0.40667262622044703,1790751105,765222751,0.1289999932050705,0.2165135417847929,-0.34303380254020216,0.44206916068410806,-1.5265488355693173
0.33817976441201825,-0.33865253225155495,0.40957978177602156,1790751105,817171638,0.12600000202655792,0.21673510060591555,-0.34299416802282334,0.4428715877129925,-1.515894192615305
0.33824468514154016,-0.3386639545799567,0.40981632875841556,1790751105,865125831,0.12600000202655792,0.21675967085054312,-0.3429896948679367,0.44296266768701803,-1.5146868228912354
0.34113717692989465,-0.33856096106808564,0.40902713254582473,1790751105,915446855,0.1289999932050705,0.21675967085054312,-0.3429896948679367,0.44296266768701803,-1.5146868228912354
0.34210134564841427,-0.3385266297269367,0.40876406583496394,1790751105,965480989,0.12999999523162842,0.21675967085054312,-0.3429896948679367,0.44296266768701803,-1.5146868228912354
0.34017302257857934,-0.3385952918976588,0.4092901953366939,1790751106,15079165,0.12800000607967377,0.21675967085054307,-0.3429896948679367,0.442962667687018,-1.5146868228912354
0.3392088538600598,-0.33862962323880774,0.40955326204755477,1790751106,65510060,0.12700000405311584,0.21675967085054312,-0.3429896948679367,0.44296266768701803,-1.5146868228912354
0.34017302257857934,-0.3385952918976587,0.4092901953366939,1790751106,115719972,0.12800000607967377,0.21675967085054307,-0.34298969486793657,0.442962667687018,-1.5146868228912354
0.34113717692989465,-0.33856096106808564,0.40902713254582473,1790751106,167834962,0.1289999932050705,0.21675967085054312,-0.3429896948679367,0.44296266768701803,-1.5146868228912354
0.3401730225785793,-0.33859529189765886,0.4092901953366939,1790751106,216213065,0.12800000607967377,0.216759670850543,-0.34298969486793673,0.442962667687018,-1.5146868228912354
0.3406754090897628,-0.33828867856011097,0.4073937086040356,1790751106,265351998,0.1289999932050705,0.21658666222487388,-0.34282963415899065,0.44235598642826734,-1.522976160877394
0.3381820988784566,-0.33803353463828556,0.40599072870961483,1790751106,315619799,0.12700000405311584,0.21637116785660404,-0.342636891085484,0.4416264863485503,-1.5329704751528521
0.3340516321869626,-0.3369361687422689,0.3996071680255637,1790751106,365877192,0.125,0.21552532907968283,-0.34193791905276644,0.43899622698300356,-1.569269863126966
0.335014624854218,-0.3354639564848151,0.39053151003768255,1790751106,415710417,0.1289999932050705,0.21446357423762566,-0.34116107764854536,0.43609449120210814,-1.6098534513644585
0.3291771018891329,-0.3335467832191687,0.3792685620233394,1790751106,465223158,0.12800000607967377,0.21261386533120247,-0.3399911981648662,0.4317612563297297,-1.6717077936917317
0.3239674998882296,-0.3314205679332429,0.36664624634768983,1790751106,515493014,0.1289999932050705,0.21031460524529888,-0.3387471731548594,0.42722956618176383,-1.738371694354432
0.3177816199854095,-0.32930401470092946,0.35417968501981795,1790751106,565512851,0.12999999523162842,0.20767335647423338,-0.33750354625856394,0.4228013780112632,-1.805957286144464
0.3123373540701294,-0.32709687579996233,0.3409401189718824,1790751106,615348511,0.13300000131130219,0.2047302377385473,-0.3362819737271098,0.4185632008462608,-1.8735209820931467
0.30494623689874073,-0.3249606490554329,0.32838251445047656,1790751106,665731942,0.13500000536441803,0.2014425333699921,-0.33506230607984117,0.41446353053176493,-1.9422674105529147
0.29584545005516016,-0.3229499551647667,0.31690911243929676,1790751106,716245236,0.13600000739097595,0.1978573726191217,-0.3338650835841397,0.4105851427903051,-2.011273479055298
0.2848620325077734,-0.3212277798839501,0.3077703987897292,1790751106,765424169,0.13500000536441803,0.19411251205217708,-0.3327265924847259,0.40705435164337245,-2.0784489846923817
0.27443385994846425,-0.31939645374838155,0.29776577296992046,1790751106,815208698,0.13600000739097595,0.19007984287523932,-0.3316040722424813,0.40374395876614033,-2.14645077220771
0.2647734338836002,-0.3173342801490697,0.2858502017270103,1790751106,865449305,0.14000000059604645,0.18575155565964324,-0.33049395812909893,0.4006646860236924,-2.21561056447469
0.25057443909393295,-0.31602819110377167,0.2805091675554607,1790751106,915420438,0.13699999451637268,0.1812298783970612,-0.32942242651275444,0.39790135152463624,-2.2845021945619983
0.24007547249183064,-0.3139158615103047,0.2681719977364766,1790751106,965565006,0.14300000667572021,0.17647031098529195,-0.32837415279896015,0.39542899421209493,-2.354153114901837
0.2251792044315178,-0.31269465496256127,0.2637211983546477,1790751107,16066124,0.14100000262260437,0.17149885049883137,-0.3273551244386519,0.3932761711498923,-2.4243984718568816
0.21166975166674018,-0.3111931987575136,0.25668829422189265,1790751107,65413437,0.14300000667572021,0.1664810089752984,-0.32639254703430665,0.3915065394826267,-2.4933169321603015
0.19681865604005044,-0.30999223894967315,0.25242242370871826,1790751107,115557590,0.14300000667572021,0.16125776186387994,-0.3254536578583067,0.3900646019825998,-2.5633955229922605
0.18225790005751302,-0.3085800196190158,0.24627279520751466,1790751107,165299887,0.1459999978542328,0.15594795675167014,-0.32455557424484,0.3889912870404815,-2.6333883471643396
0.16676354075618452,-0.3074961727786773,0.24308656543975607,1790751107,215297455,0.1469999998807907,0.15053340831494955,-0.3236934415883019,0.38828722400920335,-2.703831501153534
0.15085618530349504,-0.3068623857978806,0.24396666324615318,1790751107,265472959,0.14499999582767487,0.14506747018856647,-0.322870726175899,0.3879639639350391,-2.7744116295734442
0.1351534452473799,-0.30591454917350513,0.24198523944892603,1790751107,315380545,0.1469999998807907,0.1396156271427376,-0.32209474820394446,0.3880238989094284,-2.8445938828004795
0.11930101994749667,-0.30540986590033775,0.2441025265682302,1790751107,365475845,0.1459999978542328,0.13410605126236397,-0.321350069330442,0.38847260773399206,-2.9156972578682123
0.10355855848370243,-0.3049195531597238,0.24634198201977148,1790751107,415400913,0.1459999978542328,0.12864369710679854,-0.320649133797793,0.3893081160748214,-2.9866864450250277
0.08785295714097283,-0.30454594661937046,0.24972766141083153,1790751107,465746047,0.1459999978542328,0.12319553487660949,-0.3199823900433854,0.3905417863658716,-3.058404098119564
0.07218022216394371,-0.30419196926763126,0.2532580471152664,1790751107,515861422,0.1469999998807907,0.11786505136365281,-0.3193602690816182,0.3921530399216987,-3.129819142348793
0.05639401813442443,-0.3038602607126584,0.2569797247551323,1790751107,565493098,0.14900000393390656,0.11267417592010703,-0.3187791804249916,0.39413281748927304,-3.2010326135941494
0.042890696985571714,-0.3041404038192465,0.26637479605676945,1790751107,615420240,0.1459999978542328,0.10759525579867092,-0.3182337006571935,0.396492813358278,-3.272753608907493
0.02810291144909352,-0.30413883277689585,0.27327133107316415,1790751107,665335131,0.1469999998807907,0.1026412094400239,-0.3177199175613805,0.39924194762180365,-3.3452837440840657
0.01578646380096553,-0.30461185601152513,0.284718248517938,1790751107,716187278,0.14399999380111694,0.09779584984175978,-0.31723423977955106,0.40240909031944083,-3.4193302924659883
0.0023722618180747473,-0.30482012561142413,0.2935274517016174,1790751107,765703251,0.14499999582767487,0.0933197678370343,-0.3167965503231107,0.40582222090340325,-3.4913131345764628
-0.0085687830078362,-0.30537284097905454,0.30567367918355426,1790751107,816015719,0.14300000667572021,0.08902965411298162,-0.3163859317922216,0.4096075947817397,-3.564434797633325
-0.021941359372171343,-0.3056260615557948,0.31486971976296296,1790751107,865160883,0.1459999978542328,0.08510052700763068,-0.3160132507681517,0.41361251815330746,-3.636125984409693
-0.030325353164359345,-0.3064017406543191,0.3291920145750876,1790751107,915475231,0.14300000667572021,0.08137701829745679,-0.3156608883300917,0.4179943248118191,-3.7095705545027973
-0.039177436114683314,-0.30709838546379664,0.3428266115442859,1790751107,965593790,0.1420000046491623,0.07797359448421341,-0.3153326438594856,0.42265038205565364,-3.7832232048573093
-0.046051988822950043,-0.3078973707186995,0.35742831299678535,1790751108,15356903,0.14000000059604645,0.07493241366392593,-0.31503036352042735,0.42751322532088765,-3.8564476009062423
-0.05170250789402808,-0.30872115745925854,0.372228863729731,1790751108,65636250,0.1379999965429306,0.07227622907724011,-0.3147533955487441,0.43253544652539033,-3.928976554020304
-0.05802245092012842,-0.3094881696836016,0.386421507329688,1790751108,115754726,0.1379999965429306,0.06999934400226843,-0.31449655471792703,0.43769855043910066,-4.001004446593834
-0.060830913476142404,-0.3100708715794434,0.3967724597125444,1790751108,165537144,0.13699999451637268,0.0686457080065971,-0.3143269225095033,0.44134474950544467,-4.05063981545757
-0.06384584946708047,-0.3105915694870138,0.40616621405820613,1790751108,215404118,0.13699999451637268,0.06755209116773847,-0.31417492835238897,0.444776306439042,-4.0966028270336965
-0.06391818133881694,-0.31081772889232084,0.4100498434761788,1790751108,265223935,0.13600000739097595,0.06717582580777914,-0.3141180136063472,0.44609802541924076,-4.114140209238352
-0.06461124563060715,-0.3109604881676924,0.4126142587532339,1790751108,315863812,0.13600000739097595,0.06692285413961206,-0.3140779573474951,0.4470390171967802,-4.126575174838097
-0.06470814955364686,-0.3109810528991375,0.41298317814839325,1790751108,366091011,0.13600000739097595,0.0668874732621947,-0.3140722293602811,0.4471743859969375,-4.128360748291016
-0.0637405327716589,-0.3110037821826493,0.413234584584282,1790751108,415312750,0.13500000536441803,0.0668874732621947,-0.3140722293602811,0.4471743859969375,-4.128360748291016
-0.06470814955364686,-0.3109810528991375,0.41298317814839325,1790751108,465299030,0.13600000739097595,0.0668874732621947,-0.3140722293602811,0.4471743859969375,-4.128360748291016
-0.06470814955364686,-0.3109810528991375,0.41298317814839325,1790751108,515391293,0.13600000739097595,0.0668874732621947,-0.3140722293602811,0.4471743859969375,-4.128360748291016
-0.0647081495536469,-0.3109810528991375,0.41298317814839325,1790751108,565297406,0.13600000739097595,0.06688747326219466,-0.3140722293602811,0.44717438599693743,-4.128360748291016
-0.06664336869903832,-0.310935594670806,0.412480369022856,1790751108,615502077,0.1379999965429306,0.0668874732621947,-0.3140722293602811,0.4471743859969375,-4.128360748291016
-0.06470814955364686,-0.3109810528991375,0.41298317814839325,1790751108,671554158,0.13600000739097595,0.0668874732621947,-0.3140722293602811,0.4471743859969375,-4.128360748291016
-0.06470814955364686,-0.3109810528991375,0.41298317814839325,1790751108,717450976,0.13600000739097595,0.0668874732621947,-0.3140722293602811,0.4471743859969375,-4.128360748291016
-0.06605253634385957,-0.31056648687583405,0.4102930807388725,1790751108,765866542,0.1379999965429306,0.06710032811824948,-0.31386180008630304,0.4463964689763909,-4.117711178862811
-0.06244879697865706,-0.3102121785102273,0.4085691681602261,1790751108,815705433,0.13500000536441803,0.06735932424804043,-0.31361651813869584,0.44549156764457626,-4.105283827614196
-0.06466156404368295,-0.3086779423002642,0.3988757707062887,1790751108,865414119,0.14000000059604645,0.0682847309221585,-0.31281649265750583,0.4425582067955117,-4.064678641754043
-0.06130545658320073,-0.30709272509333163,0.3895596343320842,1790751108,915585623,0.14000000059604645,0.06948064537861874,-0.31191303928548625,0.43927643502978087,-4.018586807774361
-0.05388842998296328,-0.30491866693806974,0.3772375144167885,1790751108,965257485,0.1379999965429306,0.0714751032577556,-0.31062160840576475,0.4346436119837549,-3.952063290980486
-0.04784626889387414,-0.30250674712973474,0.3632029352145305,1790751109,15645398,0.13899999856948853,0.07396018672583121,-0.3092512393833722,0.4298264955811395,-3.8806280094139542
-0.04072812633036009,-0.3001215609850913,0.34951301913750354,1790751109,65552715,0.14000000059604645,0.07680678646206406,-0.3078922381744705,0.42517781291762774,-3.808855549927223
-0.03250167578829151,-0.29776319813888513,0.3361843995844117,1790751109,115824562,0.14100000262260437,0.0800188105468103,-0.30654239544223677,0.42070106414942776,-3.7363776694654782
-0.021258973555115718,-0.2957194489810114,0.32566983003270056,1790751109,165338395,0.13899999856948853,0.08346996586373961,-0.3052481226827747,0.41656566727514455,-3.6656122902332684
-0.01354482791631098,-0.29331420795033875,0.3117697329996958,1790751109,215256018,0.14300000667572021,0.08723704312994832,-0.30397228909169954,0.4126578972413716,-3.5943782853837143
-0.0032969833014973027,-0.2910990955235735,0.2997367533934389,1790751109,265319576,0.14499999582767487,0.09129534012154329,-0.3027214774151846,0.40901717880724375,-3.5229274223215925
0.0102655093934782,-0.2892994303538938,0.2915836683136709,1790751109,315273217,0.14300000667572021,0.09560009926022073,-0.3015051485406118,0.40568025075625463,-3.4516321029512027
0.019917011389756573,-0.2868997297964723,0.2778183168085553,1790751109,365588852,0.14900000393390656,0.10012544066869451,-0.3003259686626745,0.40266760657352535,-3.3805806253301673
0.035541929159974006,-0.2855093093664873,0.2733595613356766,1790751109,415531855,0.14499999582767487,0.10481430758797285,-0.299192754173445,0.4000051286294781,-3.310194735618153
0.049937427224922275,-0.2839617968866988,0.26742411993401677,1790751109,465803600,0.14399999380111694,0.10968185922332731,-0.298096748626939,0.39768080574787723,-3.2398970101082134
0.06345120255636112,-0.2822407168898313,0.25979766566571294,1790751109,515606166,0.1459999978542328,0.11465210517628913,-0.297049628450692,0.3957210377645659,-3.1703510583018804
0.07745955099639315,-0.2806297038123619,0.2531224114996825,1790751109,565433075,0.14800000190734863,0.11970549602909676,-0.29604984410976987,0.3941241844178882,-3.1014768128956063
0.09273021784799351,-0.2794367488056768,0.25028778598382817,1790751109,615473504,0.1469999998807907,0.1248751512111823,-0.29508621377316885,0.39287389144386187,-3.0324327077412327
0.10788211064745798,-0.27825804635380347,0.24754784202614105,1790751109,665311848,0.1469999998807907,0.1301036712846281,-0.2941657826937931,0.3919851853011349,-2.963693762709537
0.123633053539883,-0.27751025678772034,0.2488053208775427,1790751109,715778688,0.14399999380111694,0.13545260090434152,-0.2932743687058425,0.39145099831031305,-2.8940930287080024
0.13864800678101374,-0.27624353765364573,0.2451981037642552,1790751109,765344401,0.1469999998807907,0.14071888316180683,-0.2924417339691044,0.3912882467311707,-2.8259774870023637
0.15436328286129522,-0.27529065009564674,0.24462720327009144,1790751109,816189113,0.14800000190734863,0.1461212712931477,-0.2916294694347434,0.3914914698310561,-2.7561493196233253
0.1694256570708069,-0.27469977559460773,0.24706350473311206,1790751109,865576528,0.1469999998807907,0.1513382066751791,-0.2908822205061815,0.3920461677650141,-2.688482864354826
0.18452696241392072,-0.2742104074816324,0.25055542676973275,1790751109,915980321,0.1459999978542328,0.156613935136246,-0.2901603179382613,0.3929719378843408,-2.6194501363051383
0.1991205998606162,-0.27373960099241856,0.25398299888578907,1790751109,965290226,0.1459999978542328,0.16167234761227045,-0.2894979518057639,0.39421602693775615,-2.5524000038121217
0.21494615333782643,-0.27294855733673884,0.2546809181035553,1790751110,15370711,0.15000000596046448,0.1667105807193977,-0.2888646811923705,0.3958191777064137,-2.4843891724149336
0.22691867820608935,-0.27332652385858186,0.2656367125677317,1790751110,65291315,0.14399999380111694,0.17157264531872196,-0.28827713187726967,0.39773248910212244,-2.4172524589546
0.24174546044750495,-0.27286858560714,0.269179452691671,1790751110,115199891,0.1469999998807907,0.17628967186065647,-0.28772711573832466,0.39996081140829753,-2.350253835158106
0.2529644206841528,-0.27321580403200796,0.2798075030512325,1790751110,165417025,0.14300000667572021,0.18085680870127524,-0.28721223395616247,0.4025005923136723,-2.283204500009638
0.26660513272443,-0.2730674600751784,0.2860947866753597,1790751110,215763354,0.14499999582767487,0.18525352543407647,-0.2867309222209795,0.4053433698262387,-2.2160540449088484
0.2779399037192348,-0.2732981790407723,0.29561079034862586,1790751110,265506512,0.14399999380111694,0.1894137245704199,-0.2862874373039542,0.40843983355030333,-2.1495937811528156
0.28927131280705576,-0.27352383614806725,0.30510414325061974,1790751110,315402125,0.14399999380111694,0.19337520037535905,-0.2858736471872684,0.41181597953181737,-2.0829092678226653
0.2991632893838177,-0.273913169810422,0.31594931431254647,1790751110,365334711,0.14300000667572021,0.19708401146076515,-0.28549249426404866,0.41542163294020223,-2.0166822751525713
0.30769364685287726,-0.27445453291755545,0.3282312312511224,1790751110,416294553,0.14100000262260437,0.20061275436232864,-0.2851325182841204,0.41933921021846327,-1.949188071117616
0.3157656987866966,-0.27496202605004016,0.33991536919636295,1790751110,465260438,0.14000000059604645,0.20375769272808045,-0.28481194060930415,0.423325116401598,-1.884229166392145
0.32575549165487555,-0.27534405214971247,0.3507503432485968,1790751110,515586507,0.1420000046491623,0.20671666742517575,-0.2845064858696838,0.42762562831928697,-1.8174478276500152
0.3288061578415587,-0.2762089220970174,0.3654497789182003,1790751110,565345620,0.13699999451637268,0.20933130824165225,-0.2842291922152006,0.43201128489423163,-1.7521546979348905
0.3352892675612985,-0.27680846539869436,0.3779686537330771,1790751110,615531827,0.13699999451637268,0.21167053128423108,-0.2839696261719389,0.43658711767684427,-1.6864411754194994
0.3393690653419693,-0.27742338414288803,0.3896683111572154,1790751110,665501311,0.13600000739097595,0.21347573338286852,-0.2837579212514972,0.440724599880553,-1.628724512324803
0.3407372773112043,-0.2781239316945554,0.40183281110329705,1790751110,715279627,0.13300000131130219,0.21499770115188255,-0.28356438317086785,0.44483235556384226,-1.572715837354173
0.34176178622208875,-0.2784757477301348,0.4081806323309875,1790751110,765235981,0.13199999928474426,0.21572365331614007,-0.28346387207160867,0.44708445579743994,-1.5424666151115651
0.34426346115081663,-0.2787122202423798,0.41310916472163983,1790751110,816048480,0.13300000131130219,0.21629048871754436,-0.2833799568321459,0.44902755709278974,-1.5165919347743728
0.34263440231591635,-0.27883767796157355,0.41470708659172784,1790751110,865627249,0.13099999725818634,0.21639969585728866,-0.2833630436112043,0.449424794360042,-1.5113256389175915
0.3436979310038357,-0.278822159155325,0.4148048319115831,1790751110,916353988,0.13199999928474426,0.21643644941569268,-0.2833572404671822,0.44956038042772745,-1.5095299828278825
0.3427472505855027,-0.27885907050682296,0.4151170734457312,1790751110,969984940,0.13099999725818634,0.21644141144970566,-0.2833564547057087,0.4495787596670205,-1.509286642074585
0.3437114192705826,-0.27882473925943957,0.4148540066000733,1790751111,15338190,0.13199999928474426,0.21644141144970566,-0.2833564547057087,0.4495787596670205,-1.509286642074585
0.34178308190042284,-0.27889340175420635,0.415380140291389,1790751111,65827631,0.12999999523162842,0.21644141144970566,-0.2833564547057087,0.4495787596670205,-1.509286642074585
0.3437114192705826,-0.2788247392594396,0.4148540066000733,1790751111,115500612,0.13199999928474426,0.2164414114497056,-0.28335645470570875,0.44957875966702043,-1.509286642074585
0.3437114192705826,-0.2788247392594396,0.41485400660007343,1790751111,165148011,0.13199999928474426,0.2164414114497056,-0.28335645470570875,0.44957875966702043,-1.509286642074585
0.3427472505855027,-0.27885907050682296,0.4151170734457312,1790751111,216154724,0.13099999725818634,0.21644141144970566,-0.2833564547057087,0.4495787596670205,-1.509286642074585
0.3427472505855027,-0.27885907050682296,0.4151170734457312,1790751111,270212124,0.13099999725818634,0.21644141144970566,-0.2833564547057087,0.4495787596670205,-1.509286642074585
0.3437114192705826,-0.27882473925943957,0.4148540066000734,1790751111,316485222,0.13199999928474426,0.21644141144970566,-0.2833564547057087,0.4495787596670205,-1.509286642074585
0.3422372755208565,-0.27855586032388724,0.413316746300374,1790751111,365347272,0.13099999725818634,0.21625214608635376,-0.28317766446980125,0.4489171026111364,-1.518361267354596
0.3425540063602547,-0.2781518375337588,0.4108534230152044,1790751111,415462229,0.13199999928474426,0.21601385925880315,-0.2829607394798115,0.44811554110836627,-1.5293867870534614
0.34123864656529457,-0.2769198902070376,0.40347122172880423,1790751111,465862586,0.13300000131130219,0.21517734329627472,-0.28225793492644957,0.44553133876972734,-1.5651934165751804
0.3393469023378175,-0.2755604997716292,0.3953335638625544,1790751111,515579596,0.1340000033378601,0.21413701268460245,-0.2814820418859011,0.4426983162272098,-1.6049603881269057
0.3336318626854812,-0.2736773030156433,0.38432741301253903,1790751111,565782045,0.13300000131130219,0.21237614617726322,-0.2803398430399946,0.43856450477923475,-1.664128219380299
0.33321164885387844,-0.27136222309213864,0.3699777732965363,1790751111,615384655,0.13899999856948853,0.21026524201201766,-0.27915873587220724,0.43435474926981177,-1.7260830626041739
0.3264364511797313,-0.2693525673980895,0.3582166268324617,1790751111,665677132,0.13899999856948853,0.20783808026352749,-0.2779693943642643,0.43019701521273757,-1.7893690138932685
0.3206088966462185,-0.2672737612657804,0.3458367557759179,1790751111,715574254,0.14100000262260437,0.20516275664703765,-0.2768068604972188,0.426225246978997,-1.8522453749991676
0.312439840226989,-0.2653938711345424,0.33507228427200814,1790751111,765307116,0.14100000262260437,0.20226333420738707,-0.2756752849369176,0.4224589582624478,-1.9145992011014423
0.30478773439451895,-0.2633618474477521,0.32317467404767364,1790751111,816703554,0.14300000667572021,0.199021390176236,-0.27453028507584365,0.418766244496658,-1.9789785436636158
0.2982653931484581,-0.2613182200364065,0.3108317914614019,1790751111,865405974,0.1469999998807907,0.1957466371565527,-0.27347405871681235,0.41547948718758865,-2.0397078275385576
0.28763695098226566,-0.2595661590446311,0.3012708921225763,1790751111,916824810,0.1469999998807907,0.1920744216382182,-0.2723856395947726,0.4122324344187479,-2.103779030181474
0.2775719245096688,-0.2578837447565906,0.29202690498528805,1790751111,965886084,0.14800000190734863,0.18838994724607336,-0.2713768190827032,0.4093662097435861,-2.1647329942790563
0.2662727130822394,-0.25635493970037254,0.2841509457949009,1790751112,15305796,0.14800000190734863,0.18450357685564733,-0.27038788220102233,0.40671066776792797,-2.226105336927275
0.25634757824823184,-0.2544967929565353,0.2734469884260987,1790751112,65143102,0.15199999511241913,0.18040368748727031,-0.26941522298056225,0.4042673401145145,-2.288274109752009
0.2438257879907074,-0.25296342600721233,0.2657402563883155,1790751112,116442030,0.15299999713897705,0.17602237772727183,-0.26844430166109373,0.40201952542863684,-2.3523206431903247
0.23038899640513583,-0.25190623787512634,0.2618881052122778,1790751112,165209117,0.1509999930858612,0.17176377575185506,-0.26755931925909077,0.40015980317853284,-2.4127000380764505
0.2174244755441571,-0.25059113548505435,0.2559350208228549,1790751112,215617567,0.15199999511241913,0.16725160373702408,-0.2666768631155915,0.3985110735645289,-2.475028186643503
0.20480896840412183,-0.2491691352641148,0.2489243057391093,1790751112,265397382,0.1550000011920929,0.16271436040972856,-0.26584030635070194,0.39716436915635456,-2.5363759057234248
0.19105791077080533,-0.24804203283130513,0.24456795138605525,1790751112,315631229,0.15600000321865082,0.15805705916102214,-0.26502878401196034,0.3960882308260518,-2.59824653589258
0.1770184761603916,-0.24713122165182108,0.24206165363537496,1790751112,365238636,0.15600000321865082,0.15339534961477932,-0.26425966329272593,0.3953084003655525,-2.659371725641712
0.16259627128561346,-0.24630317727731252,0.24039067971813038,1790751112,415716003,0.15600000321865082,0.1486054760001506,-0.26351006002870947,0.394806293687311,-2.7215735136097865
0.1484964482247489,-0.24570627614147822,0.24061799700035932,1790751112,465212539,0.1550000011920929,0.14393350493826104,-0.2628153023805024,0.3946032597343803,-2.7819212301666854
0.13396358750742204,-0.24452928719583059,0.2357413336166008,1790751112,515989602,0.1599999964237213,0.13914010454001385,-0.26213664198038533,0.39468529727830437,-2.8437135135641802
0.1198497929241783,-0.24412864702276235,0.2376797859005619,1790751112,565118015,0.1589999943971634,0.1345025473231175,-0.26151060963264067,0.3950461176956799,-2.9036257936524934
0.10557305951601226,-0.24380994296148076,0.2405037806268359,1790751112,615496751,0.15800000727176666,0.1297708943780118,-0.26090046935605976,0.3957016575241244,-2.965085180949938
0.09136013914752456,-0.24347934454158188,0.2432083361083162,1790751112,665486124,0.15800000727176666,0.12509161914528386,-0.26032370900092516,0.39664385005798786,-3.0264582621493368
0.07679091645235678,-0.24303466759241796,0.24486073296500885,1790751112,715415422,0.1599999964237213,0.12047373139145982,-0.2597785867744657,0.3978687448631182,-3.0878292328919588
0.06364032369091716,-0.2431027870683461,0.251157810847872,1790751112,765637232,0.15800000727176666,0.11596437336389255,-0.25926800536161326,0.3993633500197577,-3.1488203709847182
0.05115537140833025,-0.2432512461975559,0.2581339224935557,1790751112,815409798,0.15600000321865082,0.11159775974734049,-0.2587925923004213,0.4011065956077082,-3.209136016353424
0.03870687469773086,-0.24337742414305563,0.26494161288075213,1790751112,865352253,0.1550000011920929,0.10731716881652135,-0.258343651361913,0.40312135073444544,-3.2697998907921684
0.02721858192606194,-0.24367385527698016,0.27333424851541843,1790751112,915368636,0.15299999713897705,0.10315391314559971,-0.25792199092824486,0.4053941410928745,-3.3305802126375146
0.01372540968722838,-0.24358716160912805,0.2781186593632107,1790751112,965505111,0.15600000321865082,0.0991676822005914,-0.25753117814408405,0.40789224479123276,-3.390838416573421
0.0022852406003786574,-0.2438536716678701,0.28612214575285655,1790751113,15299566,0.15600000321865082,0.09536772062617503,-0.25716917576411946,0.41059844979153315,-3.4505637968693623
-0.00813457419609602,-0.24427717828565326,0.29565463759386557,1790751113,65311142,0.1550000011920929,0.09169363025567526,-0.2568279567313333,0.41356056588371715,-3.5109662019797048
-0.01724085794052531,-0.24483797497301046,0.30648778545101907,1790751113,115326404,0.15299999713897705,0.0881958801894479,-0.2565097573212862,0.4167414152046599,-3.5714518706911087
-0.02488297198786786,-0.24551709653663414,0.31846907353306353,1790751113,165454222,0.15000000596046448,0.08488631580788107,-0.2562133465299004,0.4201366469330172,-3.6320950648114163
-0.035500869603736315,-0.2458942509779011,0.3275610764253404,1790751113,215447122,0.15199999511241913,0.08179207865287476,-0.25593852054278166,0.42371447185345523,-3.692579024701429
-0.043931237449291546,-0.24646467888841986,0.3384383167003837,1790751113,265167104,0.15199999511241913,0.07894332619846027,-0.255685611456064,0.4274372747006491,-3.7525058950978587
-0.05009562094895405,-0.24720323582057638,0.3510009955605774,1790751113,315491932,0.15000000596046448,0.07628974235105905,-0.25544754431383115,0.4313674880131607,-3.8131190820892114
-0.05537944246298385,-0.2479601391599794,0.36373038362103793,1790751113,365768020,0.14800000190734863,0.07389274503713364,-0.255226934603286,0.43542345014420186,-3.8733242916676884
-0.06433445625580785,-0.24851830111000478,0.37448028113233556,1790751113,416061858,0.1509999930858612,0.07174135742211381,-0.25502072267707226,0.4396116050677955,-3.933488972331274
-0.06768827509668456,-0.24928000640273912,0.38686053155268607,1790751113,465480652,0.14900000393390656,0.06997422589867418,-0.25484240523258933,0.443597615644704,-3.9892007340414937
-0.07312918428596754,-0.2499495400834353,0.39828557612083443,1790751113,515288283,0.15000000596046448,0.06843158796082274,-0.2546741552744625,0.4476639880062775,-4.044776029279995
-0.07563845254285344,-0.25040687159080655,0.40585168694454987,1790751113,565152719,0.15000000596046448,0.06757372489410975,-0.254571710357143,0.4502693426678495,-4.079827502895127
-0.0738078585905132,-0.2509213116226252,0.4137717137425388,1790751113,615501372,0.1459999978542328,0.06688112262864632,-0.25448208765445046,0.4526295419242855,-4.111262607922283
-0.07532196287898882,-0.25101844074709134,0.4155200769413383,1790751113,665609792,0.1469999998807907,0.06669009117672803,-0.2544559265483131,0.45333224640032366,-4.120569494420832
-0.07272163151041759,-0.2511555534395582,0.41741384934427117,1790751113,715483488,0.14399999380111694,0.0665852900865251,-0.25444124652270017,0.45372891551340244,-4.1258131830164935
-0.07567004811818805,-0.25109773896264,0.4168333893553387,1790751113,765247979,0.1469999998807907,0.06656925634123072,-0.254438979730842,0.4537903419080336,-4.126624584197998
-0.07373481556266492,-0.25114319811287306,0.41733620605572064,1790751113,815487381,0.14499999582767487,0.06656925634123062,-0.2544389797308421,0.45379034190803363,-4.126624584197998
-0.07567004811818813,-0.2510977389626399,0.41683338935533876,1790751113,865544735,0.1469999998807907,0.06656925634123069,-0.254438979730842,0.45379034190803363,-4.126624584197998
-0.07179959742571858,-0.25118865692440984,0.4178390190098338,1790751113,915494080,0.14300000667572021,0.06656925634123069,-0.2544389797308421,0.45379034190803363,-4.126624584197998
-0.07567004811818813,-0.2510977389626399,0.41683338935533876,1790751113,965381581,0.1469999998807907,0.06656925634123069,-0.254438979730842,0.45379034190803363,-4.126624584197998
-0.07276719928490329,-0.2511659276879895,0.41758761440591163,1790751114,15565548,0.14399999380111694,0.06656925634123069,-0.254438979730842,0.45379034190803363,-4.126624584197998
-0.0766376643959498,-0.25107500938752325,0.41658198100514776,1790751114,71695323,0.14800000190734863,0.06656925634123062,-0.25443897973084184,0.4537903419080336,-4.126624584197998
-0.07276719928490329,-0.2511659276879895,0.41758761440591163,1790751114,115988444,0.14399999380111694,0.06656925634123069,-0.254438979730842,0.45379034190803363,-4.126624584197998
-0.0722886068809443,-0.2508662468750305,0.41580797889766696,1790751114,165977150,0.14399999380111694,0.06673697805900972,-0.254270337463932,0.4531750381087942,-4.118198232558982
-0.07267499412509357,-0.2504930046297654,0.4134714384372309,1790751114,215662168,0.14499999582767487,0.06693895360166896,-0.254074098085411,0.45246015680340035,-4.108384113183033
-0.0697018025135114,-0.24939039716944325,0.40707366134538536,1790751114,265286233,0.14399999380111694,0.06764297691602734,-0.2534383240045636,0.4501552591164824,-4.076551160881753
-0.06998287124742657,-0.24802019286104754,0.39857149443691703,1790751114,315433699,0.1469999998807907,0.06853394293917846,-0.2527179733277869,0.4475615241494242,-4.040341375585424
-0.06756642086297167,-0.24608713395442072,0.38687937161459424,1790751114,365395414,0.14900000393390656,0.07000498764448902,-0.25167419675174557,0.44383455981440884,-3.9874682121779546
-0.06148031014401478,-0.24417923085233584,0.3759058727715558,1790751114,415381305,0.14800000190734863,0.07177746685251887,-0.2505791509730053,0.4399793185737473,-3.9315153748386455
-0.056433440723999015,-0.24217710954854066,0.364152990731594,1790751114,465472826,0.14900000393390656,0.07381064943077635,-0.24947287917866354,0.43615472611042433,-3.8744333046141386
-0.04722770428760846,-0.2403963560558663,0.3546580217224908,1790751114,515979072,0.1459999978542328,0.076090660626395,-0.24836656601102738,0.4324079799324044,-3.8166796314889
-0.04425545922649621,-0.23825392123060088,0.34145738210905713,1790751114,565469747,0.1509999930858612,0.07852927677137209,-0.24730049629211068,0.428882012491578,-3.760269250796214
-0.036407096062642794,-0.23641455958940916,0.3312605640511473,1790751114,615375600,0.1509999930858612,0.08118839722492871,-0.2462415418988149,0.42547164773599555,-3.7034167230697492
-0.030257196783088816,-0.2344234270697704,0.3195769370176914,1790751114,665461686,0.15399999916553497,0.08402749989038855,-0.24520537073025836,0.4222353879125793,-3.64687049987889
-0.01841652366967518,-0.23297994317556586,0.31309045310120365,1790751114,715599513,0.15000000596046448,0.0870471941834474,-0.24418768368842494,0.4191649201389067,-3.5903590361426563
-0.007809994406953069,-0.23148679461765861,0.3060297225733565,1790751114,765089901,0.14800000190734863,0.09020736017479446,-0.24319971264240478,0.4162994206627081,-3.534438135587985
-0.001737840333838031,-0.2293816408130709,0.2932988109222003,1790751114,815154885,0.15399999916553497,0.09356767820009831,-0.24221984634819493,0.4135819700035954,-3.477842442390279
0.009997827125543257,-0.2279763315681487,0.28718886697575535,1790751114,865261934,0.15199999511241913,0.09711082936753059,-0.24125404548427662,0.41103968718993245,-3.4207964273641984
0.01890363414216502,-0.22609497373629966,0.27668889619874937,1790751114,915667300,0.15600000321865082,0.10082476378386672,-0.24030393393918978,0.40868524074055573,-3.363332111719491
0.030700302760285805,-0.22476255933424596,0.2711249569358141,1790751114,965180002,0.1550000011920929,0.10458007851198084,-0.23939995384598076,0.40659645130395006,-3.307244570123049
0.04327860321270911,-0.22359172270382027,0.2671011413594596,1790751115,15199838,0.15299999713897705,0.1084859674431191,-0.2385115800685133,0.40470345467891966,-3.250648386292873
0.05377797650580534,-0.2218976396062598,0.2582831165473122,1790751115,65470564,0.15700000524520874,0.11251742781254863,-0.23764430632038702,0.40302675542160776,-3.1937860784786682
0.06645890559305914,-0.22078488167537116,0.25474262114595037,1790751115,115236342,0.15600000321865082,0.11659938741977506,-0.23681098774713777,0.4015932153244566,-3.1374976182002507
0.07903664965823523,-0.2196455966847762,0.2509672431795543,1790751115,165428244,0.15600000321865082,0.12077212909769149,-0.23600165412115706,0.4003882261281202,-3.0810592392888965
0.09067665424452243,-0.21805721182106108,0.24306074295860805,1790751115,215400653,0.16099999845027924,0.12498644626162413,-0.23522284770632634,0.39942307415569545,-3.0249300068010054
0.10430523040115229,-0.21739679960646424,0.24361447029490552,1790751115,265383896,0.15800000727176666,0.129259174005083,-0.23446998467689134,0.39869447979980954,-2.9687266646682833
0.117304129850078,-0.21627266279889168,0.2399955541814258,1790751115,315723391,0.1599999964237213,0.13360122378930037,-0.23373875733734836,0.3982021884490844,-2.9121111517862532
0.13049842857003321,-0.2155726180738135,0.2400941472449808,1790751115,365112657,0.1589999943971634,0.13788972178153724,-0.2330480897989815,0.39795793312047034,-2.8565255375413083
0.1439050280923203,-0.21482934907065113,0.23993146850402144,1790751115,415550838,0.1589999943971634,0.1422802689017622,-0.23237022452264663,0.39795259387733434,-2.7997523201275243
0.15709149683064197,-0.21439529174903754,0.24250289284421842,1790751115,465199208,0.15700000524520874,0.14664315880304332,-0.23172455644709689,0.3981933885865122,-2.7433143280827132
0.17064715132443528,-0.2137021398743298,0.24287442910788304,1790751115,515791871,0.15800000727176666,0.15107946677142625,-0.23109385704198018,0.3986904622786473,-2.68569384867143
0.18338144070009646,-0.21333196749592276,0.24589527345804538,1790751115,565287046,0.15700000524520874,0.15532711964585721,-0.23051351209583434,0.39940993478504205,-2.630144566590548
0.19538461303096588,-0.21335891738409735,0.25255146479779167,1790751115,615733745,0.15299999713897705,0.1596005185573257,-0.22995071256070376,0.4003797775123935,-2.5736741480434526
0.20875900512986262,-0.21270813428322877,0.2531394162738202,1790751115,665725460,0.15600000321865082,0.16380481755459883,-0.22941713993409701,0.4015844604949942,-2.5173683920120093
0.22116186322184478,-0.21246311859305514,0.2573074025832519,1790751115,715432794,0.15600000321865082,0.16791870902863107,-0.22891249530054353,0.40301459369512493,-2.461321164648794
0.23289652030420666,-0.21239990014017568,0.2630616667576387,1790751115,765318165,0.1550000011920929,0.17194219139303443,-0.2284353312511507,0.4046682877385187,-2.4053911723446806
0.24429562045658515,-0.21240750837920608,0.2694610449080725,1790751115,815483641,0.15399999916553497,0.17588729706398973,-0.22798156383298107,0.4065513429977681,-2.3492058610752338
0.2563073409298323,-0.2122879280198574,0.2747600071037781,1790751115,865755858,0.1550000011920929,0.17974127091663095,-0.22755159306973893,0.40866167931711295,-2.2927755101065324
0.2668319049314338,-0.21243694512682246,0.2823338363767809,1790751115,915386894,0.15399999916553497,0.18342732056689898,-0.22715110054845103,0.41095408626066243,-2.2370429591425194
0.2763574166845786,-0.2127426232925903,0.29130183118840125,1790751115,965409091,0.15199999511241913,0.18700794824983685,-0.22677197163616641,0.4134650350988224,-2.1809303556994926
0.2859207729903226,-0.213013008887456,0.2999571823313974,1790751116,15496658,0.1509999930858612,0.1904482754360705,-0.2264152809973198,0.4161741312888392,-2.124755033930265
0.2949203444539805,-0.21334017573681147,0.30907463653237977,1790751116,65243112,0.15000000596046448,0.19372764157513772,-0.22608191192583968,0.41906412162574147,-2.068712994863715
0.30344732438887223,-0.21372359671044772,0.31873297547025825,1790751116,115458032,0.14900000393390656,0.19687348439455415,-0.22576640337528878,0.4221640569148749,-2.0120934608729417
0.3128302458954487,-0.21400258272306996,0.32744478673474336,1790751116,165547025,0.15000000596046448,0.1998243744285588,-0.22547364965773473,0.4254146261014004,-1.9558397903042133
0.3209225303672424,-0.21441561962784483,0.33727597996979125,1790751116,215456573,0.15000000596046448,0.2025784675346678,-0.22520107538185963,0.4288093537992159,-1.8998287920441923
0.32847267326826957,-0.21488208401352488,0.3475684468536216,1790751116,265619678,0.15000000596046448,0.20514866203046977,-0.22494618567086558,0.4323617478755132,-1.8436709343133706
0.33539570380353667,-0.21539367557118044,0.3582028222411032,1790751116,315517086,0.15000000596046448,0.20750444190689799,-0.22470929441529375,0.4360298494500102,-1.7878351565604922
0.33903658199397274,-0.21611664667415928,0.3705445390515195,1790751116,365169169,0.1469999998807907,0.2096424876758997,-0.2244890008292649,0.43979821770081273,-1.732360910470429
0.3455979949724971,-0.21664830088184323,0.381370274173666,1790751116,415441080,0.14800000190734863,0.21159235720381558,-0.2242800057945477,0.4437260813684214,-1.6762099292830308
0.3530468715092151,-0.2170857602068586,0.3909318615772277,1790751116,465472471,0.1509999930858612,0.21319447465965372,-0.22409997433762283,0.44743943458731816,-1.62442333313839
0.354319288062384,-0.21782056818021495,0.40279252040601865,1790751116,515464871,0.14800000190734863,0.21458290271522826,-0.22393259458031567,0.45117005969824453,-1.5734460159650472
0.36216884420175205,-0.21795313384508244,0.4074170242072517,1790751116,565102695,0.15399999916553497,0.21531152137275764,-0.22383765986276466,0.45339852948962045,-1.5434203464673595
0.3591372168610804,-0.21847498993795345,0.4146895468773119,1790751116,615623043,0.14900000393390656,0.21590301249487667,-0.22375544169860742,0.4553968030006145,-1.516730598204362
0.3585910901916912,-0.2185947608005705,0.4164336713240624,1790751116,665341311,0.14800000190734863,0.21604498251987544,-0.22373481904197595,0.45590755577271086,-1.5099412399236172
0.3578245041504283,-0.21867008827165502,0.4174105028259443,1790751116,715764325,0.1469999998807907,0.21611248433797095,-0.2237248558274298,0.4561552151178589,-1.5066536456936366
0.3597823860091982,-0.2186075743287578,0.41699189444781437,1790751116,765165008,0.14900000393390656,0.2161226344531303,-0.22372334980828196,0.4561927336785771,-1.5061558485031128
0.3588182246743126,-0.21864190846105225,0.4172549878547846,1790751116,815436882,0.14800000190734863,0.2161226344531303,-0.22372334980828196,0.45619273367857716,-1.5061558485031128
0.3568899020045414,-0.21871057672564118,0.41778117466872483,1790751116,865394727,0.1459999978542328,0.21612263445313024,-0.22372334980828196,0.45619273367857716,-1.5061558485031128
0.3568899020045414,-0.21871057672564115,0.41778117466872483,1790751116,915650277,0.1459999978542328,0.2161226344531303,-0.22372334980828196,0.45619273367857716,-1.5061558485031128
0.3597823860091982,-0.2186075743287578,0.4169918944478145,1790751116,965314544,0.14900000393390656,0.2161226344531303,-0.22372334980828196,0.45619273367857716,-1.5061558485031128
0.35785406333942704,-0.2186762425933467,0.4175180812617547,1790751117,16001190,0.1469999998807907,0.2161226344531303,-0.22372334980828196,0.45619273367857716,-1.5061558485031128
