x,y,z,stamp_sec,stamp_nanosec,raw_range,ox,oy,oz,j7
0.1392641196971176,-0.2012845779385659,0.23995875682056725,1790750513,867797156,0.15800000727176666,0.13928872907467152,-0.21850445899161447,0.39701759098399697,-2.792348861694336
0.13926365243185068,-0.2009576191482076,0.23697663596415922,1790750513,917239744,0.16099999845027924,0.13928872907467152,-0.21850445899161447,0.39701759098399697,-2.792348861694336
0.13926427545298023,-0.2013935647433609,0.24095280204350264,1790750513,965324820,0.15700000524520874,0.13928872907467152,-0.21850445899161447,0.39701759098399697,-2.792348861694336
0.13926396394357593,-0.20117559275779756,0.23896472641002997,1790750514,17165626,0.1589999943971634,0.13928872907467152,-0.21850445899161447,0.39701759098399697,-2.792348861694336
0.13926365243185068,-0.2009576191482076,0.23697663596415922,1790750514,69210803,0.16099999845027924,0.13928872907467152,-0.21850445899161447,0.39701759098399697,-2.792348861694336
0.1392638081877133,-0.20106660595300258,0.23797068118709458,1790750514,116674094,0.1599999964237213,0.13928872907467152,-0.21850445899161447,0.39701759098399697,-2.792348861694336
0.13926365243185068,-0.2009576191482076,0.23697663596415922,1790750514,165824207,0.16099999845027924,0.13928872907467152,-0.21850445899161447,0.39701759098399697,-2.792348861694336
0.13926365243185068,-0.2009576191482076,0.23697663596415922,1790750514,216147665,0.16099999845027924,0.13928872907467152,-0.21850445899161447,0.39701759098399697,-2.792348861694336
0.1392641196971176,-0.20128457793856594,0.23995875682056725,1790750514,265831154,0.15800000727176666,0.13928872907467152,-0.21850445899161447,0.39701759098399697,-2.792348861694336
0.1392641196971176,-0.2012845779385659,0.23995875682056725,1790750514,316205167,0.15800000727176666,0.13928872907467152,-0.21850445899161447,0.39701759098399697,-2.792348861694336
0.1392638081877133,-0.20106660595300258,0.23797068118709458,1790750514,365253104,0.1599999964237213,0.13928872907467152,-0.21850445899161447,0.39701759098399697,-2.792348861694336
0.13926396394357593,-0.20117559275779756,0.23896472641002997,1790750514,415609932,0.1589999943971634,0.13928872907467152,-0.21850445899161447,0.39701759098399697,-2.792348861694336
0.13741104060420228,-0.20117012780926236,0.2389659283106435,1790750514,465134197,0.1589999943971634,0.1386773772761121,-0.21850349803448113,0.3970132278331816,-2.800196949522988
0.13517248645198127,-0.2011654723874538,0.238986518283998,1790750514,515318098,0.1589999943971634,0.13793879064868989,-0.21850297481150674,0.3970142272121642,-2.809679137779831
0.1281142739340644,-0.20127392010458262,0.24018362358365603,1790750514,565620527,0.15800000727176666,0.13559435880972806,-0.21850595636144254,0.3970629005917219,-2.8397914470747745
0.1199858389314265,-0.20097171681609724,0.2376863093584688,1790750514,615257135,0.16099999845027924,0.13298129229419442,-0.21851763889880346,0.39719887410229593,-2.8734053288832375
0.10864098621962433,-0.20138416644526874,0.2418351139683259,1790750514,665293081,0.15800000727176666,0.12914194116399927,-0.21855099208177045,0.3975560606704731,-2.9229691155981072
0.09571412160654494,-0.20121747473842905,0.2407991347228901,1790750514,716094951,0.16099999845027924,0.12503950710507336,-0.21860837491423704,0.39814772180719693,-2.976284960520661
0.08320516534932046,-0.20133529260075347,0.24237678381197533,1790750514,765397139,0.16200000047683716,0.12102257681692571,-0.21868701292115544,0.39894230155553095,-3.0289971394659316
0.06966728811624925,-0.20121083594129005,0.2418234110648475,1790750514,815460428,0.16599999368190765,0.11698217405053704,-0.21878945654442378,0.39996351214332093,-3.0826893957022996
0.05729448225756891,-0.20135320051917446,0.24368032739470097,1790750514,865367817,0.1679999977350235,0.11322897014178683,-0.21890664194613987,0.40111986816565304,-3.133330396193313
0.046809165571279704,-0.20207976431139835,0.25079666487706415,1790750514,915928073,0.16500000655651093,0.10953158383228843,-0.21904402546183838,0.40246444080444893,-3.1841057242332282
0.03586657783162539,-0.20290175838045676,0.25882073071243905,1790750514,965221280,0.16200000047683716,0.10559220293488913,-0.21921599253038093,0.4041348151039935,-3.239382442579021
0.02558441080931008,-0.2039027038302947,0.26845614285702457,1790750515,15451264,0.15800000727176666,0.10161162859294064,-0.21941876951726724,0.4060901363308619,-3.296735502983534
0.015227223786898156,-0.20462419970095747,0.27555574997171756,1790750515,65059668,0.15700000524520874,0.09800142820675677,-0.21963029669260384,0.4081161127606461,-3.3503304972133177
0.009839427353796948,-0.20614810001165995,0.28971579408626075,1790750515,115424848,0.14800000190734863,0.09449118727336982,-0.21986383126797696,0.4103390042209553,-3.4041787574042512
-0.003497432837982012,-0.2063255168363238,0.2920148700719767,1790750515,165492220,0.15399999916553497,0.09114741556930978,-0.22011479845119344,0.4127137024005927,-3.4573897753916056
-0.012957659043796574,-0.20711338225078157,0.29967311999533364,1790750515,215365765,0.15399999916553497,0.08795269731611866,-0.2203839385401064,0.41524557371191595,-3.5103370937001035
-0.02206363545826963,-0.207964026333111,0.3078766141371158,1790750515,265252329,0.15399999916553497,0.08487637167302085,-0.2206741374462468,0.41795970863048504,-3.5636845563182797
-0.030060055330696292,-0.2089567611715687,0.31730239386469167,1790750515,315515943,0.15299999713897705,0.08192622111774486,-0.2209856239853795,0.42085614546813105,-3.617508929440933
-0.03668751793067361,-0.21006409920619112,0.327681362363635,1790750515,365267589,0.1509999930858612,0.07915411808147134,-0.22131325297944285,0.4238851555183001,-3.671027231348158
-0.04440804858926539,-0.2110823164420969,0.33728487253367634,1790750515,415832512,0.1509999930858612,0.07650731166264961,-0.2216640667103487,0.42710970277754656,-3.725465956383039
-0.04937446287638256,-0.2121941122209369,0.3475760375791528,1790750515,465590723,0.14900000393390656,0.07423416195951486,-0.22200151561046225,0.43019397677662763,-3.775519743738851
-0.05627573152055078,-0.21313399079794682,0.3563828696389229,1790750515,515479741,0.15000000596046448,0.07214014302445508,-0.22234905819643405,0.433353302181699,-3.825088598015076
-0.06174004797292487,-0.21438268850801662,0.3678729322250783,1790750515,565934162,0.14900000393390656,0.06994831666987819,-0.2227609155124547,0.4370753967929708,-3.881643791700277
-0.06560304286782637,-0.2157148155268852,0.37999749413158523,1790750515,615328527,0.1469999998807907,0.06797552416463232,-0.22318753369531832,0.4409066467909565,-3.9381322793948685
-0.06911997620579512,-0.21687404741658176,0.3905179918808039,1790750515,665744800,0.1459999978542328,0.06641531731636645,-0.2235767821050803,0.44438130899916456,-3.9881134093105226
-0.07286179589004237,-0.217958215445859,0.40034290036564507,1790750515,715289907,0.1459999978542328,0.0650934324651727,-0.22395739002771253,0.44775981978511914,-4.035764908769806
-0.07483207361120633,-0.21860428054797668,0.40616997405600475,1790750515,765061202,0.1459999978542328,0.06439594907446522,-0.22418414570392511,0.4497638059283642,-4.063653397636956
-0.07450866441639312,-0.21925067908920579,0.4118903520457954,1790750515,815584865,0.14399999380111694,0.06382928481936637,-0.22438595551548457,0.45154182051786923,-4.088192315518013
-0.07487597505161368,-0.21939066826237688,0.4131462607003914,1790750515,865209130,0.14399999380111694,0.06369771199634931,-0.2244355191128483,0.45197770353414957,-4.094180881181043
-0.07600593025010466,-0.2194206146941851,0.41345928434766127,1790750515,915781710,0.14499999582767487,0.06363790576515835,-0.2244584229475269,0.4521790253200725,-4.0969433721416495
-0.076993127208352,-0.2193952843836016,0.41327664836420247,1790750515,965107259,0.1459999978542328,0.06362933254067393,-0.2244617261015253,0.4522080541426795,-4.097341537475586
-0.0760299577097539,-0.21942998611003875,0.41354330237274634,1790750516,15342475,0.14499999582767487,0.06362933254067393,-0.2244617261015253,0.4522080541426795,-4.097341537475586
-0.07410363306487255,-0.21949938904581806,0.4140766064163877,1790750516,65147806,0.14300000667572021,0.06362933254067393,-0.2244617261015253,0.4522080541426795,-4.097341537475586
-0.0760299577097539,-0.21942998611003875,0.41354330237274634,1790750516,115349531,0.14499999582767487,0.06362933254067393,-0.2244617261015253,0.4522080541426795,-4.097341537475586
-0.076993127208352,-0.2193952843836016,0.41327664836420247,1790750516,165108852,0.1459999978542328,0.06362933254067393,-0.2244617261015253,0.4522080541426795,-4.097341537475586
-0.076993127208352,-0.2193952843836016,0.41327664836420247,1790750516,216061093,0.1459999978542328,0.06362933254067393,-0.2244617261015253,0.4522080541426795,-4.097341537475586
-0.076993127208352,-0.2193952843836016,0.41327664836420247,1790750516,265661580,0.1459999978542328,0.06362933254067393,-0.2244617261015253,0.4522080541426795,-4.097341537475586
-0.07121412456907825,-0.2196034942251295,0.4148765684420193,1790750516,319626044,0.14000000059604645,0.06362933254067393,-0.2244617261015253,0.4522080541426795,-4.097341537475586
-0.07217729406767634,-0.21956879249869235,0.41460991443347545,1790750516,365784340,0.14100000262260437,0.06362933254067393,-0.2244617261015253,0.4522080541426795,-4.097341537475586
-0.07217729406767634,-0.21956879249869235,0.41460991443347545,1790750516,416228567,0.14100000262260437,0.06362933254067393,-0.2244617261015253,0.4522080541426795,-4.097341537475586
-0.07457406915619484,-0.21935552459346427,0.41207619824449104,1790750516,465765285,0.14399999380111694,0.06380216347057764,-0.22448251591414264,0.4515949332791648,-4.089206377558315
-0.07589377690192252,-0.21915465071170337,0.4094774657112069,1790750516,515675395,0.1459999978542328,0.06401145826020034,-0.22450718410279488,0.45087643833087854,-4.0796497102925375
-0.07285716565736287,-0.2187801083684701,0.4031815641545001,1790750516,565190270,0.14499999582767487,0.06473672634918116,-0.22458970064679526,0.44855962394198823,-4.048650636546608
-0.07023770735914663,-0.21832167397988697,0.3957548152985554,1790750516,615390920,0.14499999582767487,0.06565022757956256,-0.22468772117645056,0.4459438715878501,-4.013276042054758
-0.06782724635953177,-0.217581113718016,0.38440467933774053,1790750516,665435670,0.1469999998807907,0.06713012909949329,-0.22483575476128448,0.44222229739225355,-3.9621433204342424
-0.06091639678232237,-0.21703243186833174,0.37426246456853607,1790750516,715411614,0.14499999582767487,0.06889745130298723,-0.22500347255274689,0.43837039033218317,-3.9080408409226255
-0.055110569350153155,-0.2164075023392702,0.3633618316830624,1790750516,765262363,0.14499999582767487,0.07091890190633846,-0.2251894095247676,0.4345267757989696,-3.8526004646838836
-0.04864788939405319,-0.21581961369648378,0.3526995836793563,1790750516,815291613,0.14499999582767487,0.07316810527923014,-0.22539225831191886,0.430765111967141,-3.7966469267043563
-0.04410512022791355,-0.21507053784985203,0.3407746447172706,1790750516,865316873,0.14800000190734863,0.07559447172591581,-0.22560941449515792,0.42717453088453927,-3.741308767314904
-0.03645912249995918,-0.21456796632399627,0.3308384040464829,1790750516,915598413,0.14800000190734863,0.07822038018209321,-0.22584468608884545,0.4237116931048413,-3.685804315846722
-0.027592292705324317,-0.2142028761020905,0.3220734916674748,1790750516,965318882,0.1469999998807907,0.08101274562597832,-0.2260971264472927,0.4204222202954261,-3.6306801971429805
-0.019638365537782143,-0.21372975225983498,0.3123716485887511,1790750517,15324030,0.14800000190734863,0.08399838458337713,-0.22637093943230188,0.4172698133761784,-3.575196650166301
-0.011740004068100218,-0.21321712388102987,0.3023082620114499,1790750517,65543985,0.15000000596046448,0.08716503102370879,-0.2266671336850732,0.41427653009620036,-3.519495534544593
-0.0032112613206678603,-0.21275213795604137,0.29262797791370143,1790750517,115751598,0.15199999511241913,0.09048850725903868,-0.22698527680210284,0.41146303015365976,-3.463811965260117
0.006504268714979902,-0.21243663677242952,0.28418499698901245,1790750517,165670078,0.15299999713897705,0.0939612575923949,-0.2273267629748652,0.40883875089437316,-3.408128487991506
0.01679275834488722,-0.21218356716944103,0.2762159292253762,1790750517,215868386,0.15399999916553497,0.09759493468066505,-0.22769462164039975,0.4063943269401491,-3.3520768520873614
0.027854329197935374,-0.2121026473934069,0.26977785546969435,1790750517,265705199,0.15399999916553497,0.10129696165907741,-0.22808144958974996,0.4041908658538552,-3.2969133302721554
0.03846520359144952,-0.21188271362099087,0.2621268087884397,1790750517,315909135,0.15600000321865082,0.10513340503354224,-0.22849572085563974,0.40218165487138363,-3.241426362401458
0.049858339778690156,-0.21183797565985718,0.25599161503280565,1790750517,365615946,0.15700000524520874,0.10903886430967515,-0.22893240617250782,0.4004023058028494,-3.1864115621526
0.06189824118226255,-0.2119769904527309,0.2514240721352978,1790750517,415113673,0.15700000524520874,0.11301602190624395,-0.22939322924585664,0.3988440462471914,-3.1316143458768275
0.07519189691646627,-0.21253735703496676,0.250327149095914,1790750517,465271711,0.15399999916553497,0.11713826046962834,-0.22988912180742418,0.39748495074751533,-3.0759002641886326
0.08688247318592282,-0.21239169575029604,0.24321179681794028,1790750517,515596982,0.15800000727176666,0.12134205515072444,-0.23041476100660901,0.3963513038938615,-3.0199636936234326
0.10006167777709772,-0.21300898447816868,0.24260991154573722,1790750517,565434313,0.15600000321865082,0.1255703978757204,-0.23096508515695444,0.39545913349849204,-2.9644081933684348
0.11280926001356634,-0.21336576148970812,0.23978925015653516,1790750517,615226441,0.15700000524520874,0.12983541447119765,-0.23154320072729245,0.3948011607122869,-2.908873088146213
0.12595803545341183,-0.2137022908556747,0.23666539782238066,1790750517,665770936,0.1589999943971634,0.13421412040986677,-0.2321624913762294,0.3943741682704147,-2.852214793556978
0.13916671948332962,-0.2150465099164546,0.2422294199285975,1790750517,715620425,0.15299999713897705,0.1385484781618582,-0.232802657891334,0.39419433729865894,-2.7962828971001956
0.1520916922924717,-0.2156614379292892,0.24156716660818114,1790750517,765568711,0.15399999916553497,0.14287294529308311,-0.23347038363241274,0.3942559215958659,-2.7404759736770092
0.16479564070785976,-0.21658737333224257,0.24359379359356603,1790750517,815327820,0.15299999713897705,0.14716250301020517,-0.2341632650997326,0.39455458190642567,-2.6849223274666287
0.17753210268367783,-0.21748445766923227,0.24534143824965154,1790750517,865412709,0.15299999713897705,0.1514437352835508,-0.23488777835401053,0.39509296792486304,-2.629126635605563
0.18972737734808354,-0.21869086437793184,0.2497347589529913,1790750517,915647303,0.1509999930858612,0.15569371003765387,-0.23564216970754764,0.39586949352679224,-2.5731865200768174
0.20190889131357795,-0.21973381116161456,0.25280930493524245,1790750517,965195604,0.1509999930858612,0.15982417759207834,-0.23641224243983858,0.396863824867826,-2.5181260473535594
0.2140789825599313,-0.22087153599128412,0.25660768663531575,1790750518,15523181,0.1509999930858612,0.1639498817432943,-0.2372211168634473,0.3981024298894387,-2.46222071628654
0.2267362279298289,-0.22187156395368796,0.25922417967780054,1790750518,65611135,0.15299999713897705,0.16798120104343275,-0.2380541130388063,0.39956295210086823,-2.406520332350562
0.2388624943168311,-0.2230582658911956,0.2634641797095955,1790750518,115575087,0.15399999916553497,0.17191019007990746,-0.238910976697022,0.40123965016953633,-2.3509469735019297
0.2474363049195638,-0.22503020084116257,0.2745033571926004,1790750518,165206166,0.14800000190734863,0.17575225418471932,-0.239797368298061,0.40313977583102234,-2.2951315890379327
0.2589246548902441,-0.22637437733790916,0.280015709475677,1790750518,215264647,0.14900000393390656,0.1795154484191805,-0.24071815374790959,0.40527318501402587,-2.2387186147096125
0.26603500773404015,-0.2284390475321202,0.2918395616729366,1790750518,265320517,0.14300000667572021,0.18313733479867256,-0.24166088862258786,0.4076072629083644,-2.1824722753603387
0.2784655027428911,-0.22964230834122487,0.29610425853873285,1790750518,315553324,0.1469999998807907,0.1866259970383418,-0.24262960946141515,0.4101473870757474,-2.126058320117835
0.28744842829813044,-0.23136112498835498,0.3048887634757066,1790750518,365696936,0.1459999978542328,0.18995639810497847,-0.24361963861890382,0.4128750230915631,-2.069729519625749
0.2958492779745519,-0.23312619429712828,0.3141003718130047,1790750518,415704695,0.14499999582767487,0.19311311982997156,-0.2446279764947682,0.41577627655938776,-2.0135509788152257
0.30438500381706257,-0.23485678446833164,0.32302585519928606,1790750518,465462552,0.14499999582767487,0.19608515185014955,-0.2456524176568047,0.41883605902972576,-1.9576092239129752
0.3092627855639999,-0.23691572862168989,0.33487876365040864,1790750518,515181142,0.14100000262260437,0.19887297505944726,-0.24669459760307993,0.42205366943061706,-1.9017043144547285
0.3175045891351906,-0.2386859709943403,0.34406897568668227,1790750518,565852203,0.1420000046491623,0.20150541647973855,-0.2477689214903196,0.4254673373034884,-1.8450513987258752
0.3216836424524472,-0.24070003660205258,0.35561134765900293,1790750518,615342642,0.13899999856948853,0.2038767256783912,-0.24883280419836934,0.42893520498888404,-1.7897769097122003
0.33134593709489746,-0.2423803977163311,0.3640244555027794,1790750518,665270779,0.14300000667572021,0.20608006835607104,-0.24992877286943463,0.43258454645160427,-1.7336486143572913
0.33703763103822426,-0.24434257169894258,0.37494185774322325,1790750518,715413103,0.14300000667572021,0.2080784789616875,-0.25104419103367986,0.4363717145170183,-1.6772112862146855
0.33915209024363224,-0.24638760209845673,0.3868942326821225,1790750518,765111664,0.14000000059604645,0.20979330908268262,-0.25212973454369714,0.4401233019810298,-1.6228016061393906
0.34246011304632606,-0.24836733242497253,0.39821307104476816,1790750518,815432685,0.13899999856948853,0.2113045207247213,-0.25323264838708803,0.4439901275870538,-1.567995589263906
0.34392672901443055,-0.24967162463160306,0.4057366653254843,1790750518,865711548,0.1379999965429306,0.21216822186130138,-0.25395474122885386,0.4465453623255358,-1.5323699358134981
0.345862090737418,-0.2508153177624087,0.4122466137511097,1790750518,915552833,0.1379999965429306,0.2128610443546061,-0.25460401458989335,0.44885762962441467,-1.5004758055112644
0.34742692837024636,-0.2511718166627093,0.4141756364758126,1790750518,965262977,0.13899999856948853,0.21307504436888036,-0.2548210376148364,0.44963341494604203,-1.489840368517385
0.3468315726943483,-0.25144386324977314,0.41583464738200654,1790750519,15651276,0.1379999965429306,0.2132077738997407,-0.25496034127707196,0.4501320791201208,-1.4830201625769388
0.3468868229090997,-0.25148103039281244,0.41604703142916866,1790750519,65600034,0.1379999965429306,0.21322752589912106,-0.2549814014390692,0.4502075169524409,-1.4819895029067993
0.3430126468712177,-0.25158249025332696,0.4170371887726328,1790750519,115651154,0.1340000033378601,0.21322752589912097,-0.25498140143906917,0.450207516952441,-1.4819895029067993
0.34591827529151553,-0.2515063954524331,0.41629457168719214,1790750519,165346177,0.13699999451637268,0.21322752589912106,-0.2549814014390692,0.4502075169524409,-1.4819895029067993
0.3459182752915155,-0.2515063954524331,0.41629457168719214,1790750519,215442057,0.13699999451637268,0.21322752589912103,-0.25498140143906917,0.45020751695244093,-1.4819895029067993
0.34882391814426816,-0.2514303002735711,0.41555195091312175,1790750519,265283563,0.14000000059604645,0.21322752589912103,-0.25498140143906917,0.45020751695244093,-1.4819895029067993
0.3449497421063862,-0.2515317601340857,0.4165421082565858,1790750519,315607315,0.13600000739097595,0.21322752589912106,-0.2549814014390692,0.4502075169524409,-1.4819895029067993
0.34398119448880193,-0.2515571251937063,0.4167896485146093,1790750519,366179078,0.13500000536441803,0.21322752589912103,-0.25498140143906917,0.45020751695244093,-1.4819895029067993
0.34688682290909967,-0.2514810303928124,0.41604703142916877,1790750519,415361606,0.1379999965429306,0.21322752589912097,-0.25498140143906917,0.450207516952441,-1.4819895029067993
0.34350004279200086,-0.2514418698862582,0.41494934709182385,1790750519,466408911,0.13500000536441803,0.21305254137679316,-0.2550028391186161,0.4495292591947846,-1.4909476982050716
0.342929333272228,-0.2513105589360066,0.4128493596819019,1790750519,515416039,0.13500000536441803,0.21284492971755048,-0.2550275693380202,0.44875525382044157,-1.5011962413854132
0.34183255995747847,-0.2508480718793463,0.405617570884372,1790750519,565826533,0.13600000739097595,0.21209847523615616,-0.2551120579199598,0.4461994349976891,-1.5352476781006184
0.3411659311073081,-0.25030560625232406,0.39734263996754776,1790750519,615404259,0.1379999965429306,0.2111737310578327,-0.2552087420726842,0.44340766174408797,-1.572857450388785
0.3368890289073405,-0.24962272816490133,0.3863121770376949,1790750519,665251145,0.1379999965429306,0.20963631818963366,-0.2553555508825352,0.4393958977487815,-1.6278009890895104
0.3325778287131509,-0.24887779393723325,0.374415592550561,1790750519,715434099,0.13899999856948853,0.2077624551974756,-0.25552234586467976,0.43522654605520317,-1.6862537116317382
0.3292242704077647,-0.24804190923360758,0.3616395450601274,1790750519,765296014,0.1420000046491623,0.20562638744784148,-0.2557049968125472,0.4311294129326795,-1.7453396908340424
0.32244243839120534,-0.24738487833611028,0.3504473969002806,1790750519,815477181,0.1420000046491623,0.2032298407491277,-0.2559045284270184,0.4271270776906876,-1.8049878463442712
0.31581937494822726,-0.24671074656694508,0.33909712842146045,1790750519,865403077,0.14300000667572021,0.2006058182020444,-0.25612154869240616,0.42327714418830115,-1.8645789366803371
0.3067992320843827,-0.2462097058147587,0.3291934758534858,1790750519,916230639,0.1420000046491623,0.19770339987371655,-0.2563616316812761,0.4195208754386893,-1.9252922630146072
0.2988141215429083,-0.2456313917423397,0.31866294052147115,1790750519,966444223,0.14300000667572021,0.19462570531442028,-0.25661962488629836,0.4159924559082713,-1.9851993918958133
0.29029962411513993,-0.2451092269940691,0.30870634602841984,1790750520,15995347,0.14399999380111694,0.19138963154122812,-0.25689541588290454,0.4126962365718141,-2.04430322832574
0.2766613099551282,-0.24481631268626608,0.29937563109680615,1790750520,77597207,0.1420000046491623,0.1870578422487283,-0.2572753135333998,0.4088287863425156,-2.1186493502059904
0.26739371298590275,-0.24455422285043205,0.2922229543844558,1790750520,121681112,0.1420000046491623,0.18378363764838565,-0.2575709353000433,0.40625769391334215,-2.171946978297619
0.2595536151397349,-0.24406738468354425,0.2831749152915431,1790750520,165546801,0.14499999582767487,0.18043675062313308,-0.257882528116357,0.4039004815607398,-2.224390703514789
0.24964870919723497,-0.24359961087324658,0.2736203982461921,1790750520,215709634,0.14800000190734863,0.17646791467955908,-0.2582638346082487,0.4014231072182115,-2.2843366997627217
0.23551705471956846,-0.24401174204836343,0.2717282741199567,1790750520,265442796,0.14300000667572021,0.17236887252720812,-0.2586731294278564,0.3991894553288445,-2.344191504253659
0.22486773988463626,-0.24358772567498346,0.2624780714325616,1790750520,315875605,0.1469999998807907,0.16808069354119853,-0.25911817695341177,0.3971741605206605,-2.404962635759086
0.21276560152646568,-0.24355129614224885,0.25672169998356076,1790750520,365227291,0.14800000190734863,0.16378754933065548,-0.2595829276188334,0.3954593580288034,-2.464305482104576
0.19982856555073913,-0.24370972107622202,0.25257167960029286,1790750520,415310198,0.14800000190734863,0.15933923152674626,-0.26008496885834026,0.3939805394887135,-2.5245042856928923
0.18660711248467743,-0.2438530366081086,0.2481701140581075,1790750520,465703580,0.14900000393390656,0.1547205319669266,-0.26063046628551567,0.39274799967208657,-2.585952082211777
0.1728870383967527,-0.24431454035609773,0.24655229188569003,1790750520,515545308,0.14800000190734863,0.1500765588908156,-0.2612044664742672,0.3918052195154187,-2.646898027972834
0.15968599424859314,-0.24429695390150324,0.24083608038138657,1790750520,565524186,0.15199999511241913,0.14540932996968778,-0.2618096222376773,0.391147363454182,-2.707584087088019
0.1459218826783606,-0.24459912053162994,0.23789747979094672,1790750520,615330275,0.15399999916553497,0.14073638276916992,-0.26244498394351623,0.390772054173873,-2.7679839438530895
0.1318992907524429,-0.24546733107073404,0.23976273983985574,1790750520,665461330,0.15199999511241913,0.1360226615959252,-0.2631187429241906,0.39067802729159873,-2.8288000967916136
0.11748744369537947,-0.2457461741947383,0.2365372592494847,1790750520,716043019,0.15600000321865082,0.13127305973152686,-0.263832775864195,0.3908707703051637,-2.8901677127425907
0.10346691764305573,-0.2464545685822398,0.2371202956335058,1790750520,765302890,0.15700000524520874,0.12666750122066128,-0.26456248324727516,0.39133714943080616,-2.9500061294634934
0.0898900209881709,-0.247746965460344,0.24251092263959317,1790750520,815964126,0.15399999916553497,0.12197168416643765,-0.26534694151724586,0.3921003857494576,-3.0115604466673336
0.07686645151963359,-0.24899757238387774,0.24764560025421253,1790750520,865329128,0.15199999511241913,0.11743191360214336,-0.26614876867938597,0.393125077383603,-3.0718580435403173
0.06242749773284729,-0.2498032640891003,0.24889968486307826,1790750520,915570878,0.1550000011920929,0.11288354109297861,-0.26699871100211714,0.3944452264074724,-3.133281955855392
0.04862115228169454,-0.2509436400805251,0.2529606390677685,1790750520,965640201,0.15600000321865082,0.10840800088075181,-0.2678867040529091,0.3960496544464487,-3.1950329529937993
0.03773403664739983,-0.2528155885419356,0.2632089380701911,1790750521,15411059,0.1509999930858612,0.10406326550183023,-0.2688031737399298,0.39791539088906536,-3.2565142127293014
0.025338767640553567,-0.2542330349177269,0.26962639147654127,1790750521,65330769,0.1509999930858612,0.09985802758527285,-0.269749172906934,0.40003776855354856,-3.3178508927876043
0.013357206267206476,-0.25574080332579074,0.2767909319125156,1790750521,115342776,0.1509999930858612,0.09579204166723766,-0.2707264487843069,0.4024130886154299,-3.379239904297053
-0.0006541180906564498,-0.2569696372065814,0.2815684425720258,1790750521,165281690,0.1550000011920929,0.09184829421563741,-0.2717436865877572,0.4050594606743469,-3.441243665603987
-0.010129963452718937,-0.25897317905812456,0.2927566093697822,1790750521,215644932,0.15199999511241913,0.08804147673264655,-0.2728012349983401,0.407974453973042,-3.503914475478672
-0.020732856079895765,-0.2607588204464813,0.3021625846706529,1790750521,265731792,0.15199999511241913,0.08445980175328797,-0.27387860782989504,0.41109547424574944,-3.566096670058024
-0.023994552920688847,-0.26333218459336244,0.31814016269757295,1790750521,315257850,0.14300000667572021,0.08112201566078807,-0.27496938638164703,0.4143902767414037,-3.6275571801051694
-0.03528857100559728,-0.26498838610044007,0.32645840790844016,1790750521,365486573,0.1459999978542328,0.07796925694904684,-0.27609638964963934,0.4179202908848101,-3.6896583661536977
-0.04364391264564943,-0.2669387865437064,0.3372430597518721,1790750521,415340125,0.1459999978542328,0.0750697467840133,-0.27723716209183324,0.4216054322844399,-3.7512535764523407
-0.050558535214909744,-0.26904148625607316,0.34919839761397836,1790750521,465323724,0.14499999582767487,0.07237691533317202,-0.2784153073292758,0.4255135682359028,-3.8136672224872292
-0.0575897773151422,-0.2711424281133034,0.3610974652576403,1790750521,515487335,0.14499999582767487,0.06992555465663336,-0.2796203241550857,0.429602678058261,-3.8764306667706823
-0.06183421429132632,-0.273323269185024,0.37381502443627507,1790750521,565066255,0.14300000667572021,0.06781312243779333,-0.28079988010649265,0.43368714046227885,-3.93702251442146
-0.06716309698056822,-0.2754551820557277,0.3860688896562583,1790750521,615447793,0.14300000667572021,0.06593638299989227,-0.28200871512241077,0.43793970556010664,-3.9983299086495294
-0.06652861636441876,-0.2770741607346778,0.3957581408870011,1790750521,665449421,0.13899999856948853,0.0648273996451294,-0.28282846993748184,0.4408523155220432,-4.039465549353337
-0.0690369560361768,-0.2783929620222435,0.40334921297762133,1790750521,715228305,0.13899999856948853,0.0639258274581031,-0.2835787549242906,0.44353634225738137,-4.076858922805515
-0.06794342088271883,-0.27893917399400686,0.4066384761636189,1790750521,765196284,0.13699999451637268,0.06362825667694867,-0.2838481317686126,0.44450395246048025,-4.090232542130659
-0.06558349622487,-0.2793604319540545,0.40926413690675767,1790750521,816200477,0.1340000033378601,0.06343627355301806,-0.28402888943485805,0.4451543222748662,-4.099192353607221
-0.0675814263186608,-0.27933495437434885,0.40898242455379696,1790750521,865787435,0.13600000739097595,0.06340990080600574,-0.28405418324990245,0.4452453961265219,-4.10044527053833
-0.0685445853888418,-0.2793002546106658,0.4087157885043069,1790750521,915615551,0.13699999451637268,0.06340990080600574,-0.28405418324990245,0.4452453961265219,-4.10044527053833
-0.06661825289610648,-0.27936965465510544,0.409249064576525,1790750521,965463872,0.13500000536441803,0.06340990080600575,-0.2840541832499026,0.4452453961265219,-4.10044527053833
-0.0675814263186608,-0.27933495437434885,0.40898242455379696,1790750522,15337164,0.13600000739097595,0.06340990080600574,-0.28405418324990245,0.4452453961265219,-4.10044527053833
-0.06950775881139612,-0.27926555432990946,0.4084491484815789,1790750522,65148077,0.1379999965429306,0.06340990080600573,-0.28405418324990256,0.4452453961265219,-4.10044527053833
-0.06276555920588923,-0.279508455778131,0.410315624667437,1790750522,115899618,0.13099999725818634,0.06340990080600574,-0.28405418324990245,0.4452453961265219,-4.10044527053833
-0.06950775881139608,-0.2792655543299094,0.408449148481579,1790750522,165792587,0.1379999965429306,0.06340990080600577,-0.2840541832499025,0.445245396126522,-4.10044527053833
-0.0695077588113961,-0.2792655543299094,0.40844914848157887,1790750522,216384656,0.1379999965429306,0.06340990080600574,-0.28405418324990245,0.4452453961265219,-4.10044527053833
-0.06700295424754778,-0.27921278483569073,0.4069529122833389,1790750522,266507191,0.13600000739097595,0.0636204461970316,-0.2840811090474216,0.4445005977780543,-4.090553664067237
-0.06536787439837653,-0.2791126850152148,0.4049530160624896,1790750522,315420956,0.13500000536441803,0.06386706829628945,-0.2841118786075983,0.4436614014398877,-4.0793754938403906
-0.06389613163364243,-0.2786291120676395,0.39714003868676656,1790750522,365748632,0.13600000739097595,0.06475043430740622,-0.28421732089257834,0.4408988664138642,-4.042311878217898
-0.05900008556769924,-0.2782372559019365,0.3895839468981547,1790750522,415620694,0.1340000033378601,0.06585243815719204,-0.28434022852059415,0.43786025515891447,-4.001009589597746
-0.05586549142304602,-0.2774745094515172,0.37709441127841403,1790750522,465155835,0.13600000739097595,0.06766725073545177,-0.2845278713159447,0.43353831007675236,-3.9411080588475476
-0.052294470087673836,-0.2766158785756556,0.3632624231230108,1790750522,515909210,0.13899999856948853,0.06991999532048136,-0.2847480962506782,0.4289776503006042,-3.8761023139615043
-0.04691393133030225,-0.27583993318496397,0.35009347046294026,1790750522,565527630,0.14100000262260437,0.07245119963812563,-0.28498776213776955,0.424586983428263,-3.811327258990878
-0.03961666786670984,-0.2751571699655809,0.3375024348511668,1790750522,616138318,0.1420000046491623,0.0753241792855012,-0.2852554355523988,0.42027095548813526,-3.7450473214008753
-0.02978560378361128,-0.2747966666913068,0.3280372835170159,1790750522,665792581,0.14000000059604645,0.0782492363501711,-0.2855268633329455,0.41643036222905566,-3.68332197583739
-0.020984371420577283,-0.2743603247678177,0.31798121548312785,1790750522,715609160,0.14000000059604645,0.08138314961105472,-0.2858196573240707,0.4127945821678764,-3.621931428847796
-0.011132989051364686,-0.2738653073635958,0.30668739609211726,1790750522,765230923,0.14100000262260437,0.08513560727291743,-0.2861752483311364,0.40897045165217827,-3.553388339110143
-0.000631749002585627,-0.27334627302604136,0.29488146861439496,1790750522,815886528,0.14300000667572021,0.08930383790026651,-0.2865796831810859,0.4052692803209594,-3.4820365100990154
0.012746813739147697,-0.2734103727653344,0.2884791985924532,1790750522,865220955,0.14000000059604645,0.0933974349031638,-0.2869881377938135,0.40210631582061657,-3.4157983046130447
0.02334350262871318,-0.27298629050503515,0.27791861433699355,1790750522,915455436,0.14300000667572021,0.09772690767953962,-0.2874342989846992,0.39919254398913384,-3.3489345796755847
0.03509831284251423,-0.2727433433781094,0.26895247565600355,1790750522,965182449,0.14499999582767487,0.10218245357052888,-0.2879097163368227,0.39660316301837883,-3.282879970883864
0.048863956505030864,-0.2729133713115907,0.26339187092296984,1790750523,15368532,0.14399999380111694,0.1068345777202152,-0.28842554866914816,0.39429174733343486,-3.2162407573789076
0.06200111532353567,-0.2728658843365473,0.25593516017518514,1790750523,65505938,0.1459999978542328,0.11166796019950652,-0.28898358591569173,0.3922781966284924,-3.1490343239187957
0.076643033667496,-0.27326034026349,0.25216912884591136,1790750523,115835345,0.14499999582767487,0.11664697430493677,-0.28958404250463765,0.3905823517281353,-3.081453998966921
0.09095655708998845,-0.2735427290931777,0.24748221880312307,1790750523,165634618,0.1459999978542328,0.12170477227046712,-0.29022194664501333,0.3892297067473879,-3.0141426901487347
0.1059276220354011,-0.2741702232022061,0.245711328507066,1790750523,215456780,0.14499999582767487,0.12684359023818637,-0.29090140027696376,0.38821602589581494,-2.946721664659856
0.12116820758311672,-0.2750405333876671,0.24592987351215137,1790750523,265428527,0.14300000667572021,0.13209765898443895,-0.29163065243408864,0.3875431389619238,-2.8784860328486914
0.13615195027852967,-0.27545016193348587,0.24221979638258814,1790750523,315247911,0.1459999978542328,0.13737032360707263,-0.2924008910196857,0.38722734005985526,-2.810348639474486
0.15134526017503622,-0.2764458490095769,0.24350489679280038,1790750523,365242029,0.14499999582767487,0.14265826749480623,-0.29321474700134303,0.38726977083490116,-2.7420722934712556
0.16683172978542474,-0.27722399252594926,0.24286792541050145,1790750523,415604548,0.1469999998807907,0.14796046753001244,-0.29407682491049053,0.38767420105647776,-2.6733118417835775
0.1813837393236195,-0.27868730668306024,0.24816474031428856,1790750523,465654990,0.14399999380111694,0.15318559169026533,-0.29497545897634875,0.3884343335255042,-2.60496676297694
0.195715753118199,-0.2800226203426661,0.2524361380570056,1790750523,515222131,0.14300000667572021,0.15828925529959986,-0.2959059754032824,0.38953456329343494,-2.5372801184870513
0.21087073808137535,-0.28116338387667544,0.25490457422102164,1790750523,565156961,0.14499999582767487,0.16338443002695036,-0.29689255711572216,0.39100248914480745,-2.468460820965251
0.22677597961505036,-0.2822249581939541,0.2566457680501464,1790750523,615185801,0.14900000393390656,0.1683758281490803,-0.297922885011661,0.3928221190611859,-2.3993910648666104
0.23750258395953683,-0.28467136912655305,0.27030363331053053,1790750523,665377281,0.14100000262260437,0.1732913899878707,-0.2990076353288002,0.39501287426598586,-2.329343009294454
0.25035172899019814,-0.28648050745729553,0.278445356359602,1790750523,715431186,0.14000000059604645,0.17802952301813774,-0.3001304522152713,0.3975385035106118,-2.2593364910449596
0.2649176879091875,-0.2880261941850844,0.2842305696053079,1790750523,765354174,0.14300000667572021,0.1826031690496249,-0.30129830438018784,0.4004079038196191,-2.1888548839749715
0.2735540430968513,-0.2904990841085043,0.2981138974797435,1790750523,815369995,0.13699999451637268,0.18696881146183272,-0.3025063180100249,0.40360239208569804,-2.11811962046824
0.28633821638647083,-0.2923454185894497,0.30650264683754097,1790750523,865335788,0.13899999856948853,0.19109146343368993,-0.3037483966058487,0.4070960250819724,-2.047376607447883
0.2963845109220184,-0.29453280713238444,0.31789595091058476,1790750523,915313905,0.1379999965429306,0.19494824605387986,-0.3050228405078214,0.4108725200838551,-1.9766019489426983
0.30487897350800375,-0.29688725638230995,0.3306790299769872,1790750523,965694999,0.13600000739097595,0.19856416288407067,-0.30634319060799353,0.4149627671999077,-1.9049416623206359
0.31386924260528404,-0.29913479608396376,0.34263005895568877,1790750524,15363520,0.13600000739097595,0.2018250300814407,-0.3076729500820642,0.4192407395202292,-1.834238418871589
0.32027719636663,-0.3015679294640152,0.35622364692798003,1790750524,65055773,0.1340000033378601,0.2047756431833102,-0.3090313601254587,0.4237491184890813,-1.7633491175945222
0.3266943678316031,-0.30404605007150504,0.3700195737186899,1790750524,116042789,0.13300000131130219,0.20745289664981817,-0.3104482699222303,0.42858136570111577,-1.6905834913217361
0.33041437256100115,-0.30629765830629263,0.3828612355458916,1790750524,165242500,0.13099999725818634,0.20949918619502106,-0.31170662376737507,0.4329737098448718,-1.6267078517986717
0.33326977567662464,-0.308566876751921,0.3958581897918223,1790750524,215517638,0.1289999932050705,0.21125929176319952,-0.31298393042811556,0.4375106770998052,-1.5625117709084289
0.336543287380354,-0.3097949854182883,0.4026600442517295,1790750524,265697572,0.12999999523162842,0.2121254376464168,-0.313716347015323,0.4401409774182362,-1.5259680068911754
0.34025590268763706,-0.31082909113824636,0.40830762673288423,1790750524,315291268,0.13199999928474426,0.21278753655056085,-0.3143459496768733,0.44241696785135287,-1.4946810264083275
0.33872938735510366,-0.31114863143423005,0.41033704754516476,1790750524,365318997,0.12999999523162842,0.21293789105914923,-0.314499969234987,0.4429754720597382,-1.4870459717499795
0.336957793308424,-0.3113105863135689,0.4114643944262055,1790750524,415548116,0.12800000607967377,0.21299924517228677,-0.31456424961325297,0.44320858406005426,-1.4838637625172149
0.33988881267028237,-0.31125174524007576,0.41081952960179546,1790750524,465394991,0.13099999725818634,0.21300875883070267,-0.3145742913902295,0.4432450119635166,-1.4833667278289795
0.3369831710655902,-0.3113278338610626,0.41156209573217833,1790750524,515934382,0.12800000607967377,0.21300875883070267,-0.3145742913902295,0.4432450119635166,-1.4833667278289795
0.33795170864547397,-0.3113024712393586,0.41131457614763517,1790750524,565332752,0.1289999932050705,0.21300875883070267,-0.3145742913902295,0.4432450119635166,-1.4833667278289795
0.3360146190531861,-0.31135319686070406,0.4118096190050982,1790750524,615231127,0.12700000405311584,0.21300875883070267,-0.3145742913902295,0.4432450119635166,-1.4833667278289795
0.33795170864547397,-0.3113024712393586,0.41131457614763517,1790750524,665380728,0.1289999932050705,0.21300875883070267,-0.3145742913902295,0.4432450119635166,-1.4833667278289795
0.33892026065787817,-0.31127710823971716,0.41106705287471534,1790750524,715682357,0.12999999523162842,0.21300875883070267,-0.3145742913902295,0.4432450119635166,-1.4833667278289795
0.33795170864547397,-0.3113024712393585,0.41131457614763506,1790750524,768885968,0.1289999932050705,0.21300875883070267,-0.3145742913902294,0.4432450119635165,-1.4833667278289795
0.33892026065787817,-0.31127710823971716,0.41106705287471534,1790750524,816342023,0.12999999523162842,0.21300875883070267,-0.3145742913902295,0.4432450119635166,-1.4833667278289795
0.3373739719707781,-0.3111725303765973,0.409112274863772,1790750524,867055360,0.1289999932050705,0.21279257024637596,-0.3146050729531773,0.44240927537059443,-1.4943986322153122
0.3386307475280165,-0.31097339820192843,0.40614116661914945,1790750524,915426156,0.13099999725818634,0.21254242668756337,-0.31463944735085403,0.44148653000556054,-1.5066169441985202
0.33709587629540894,-0.3104578385701229,0.3976503601635585,1790750524,965224836,0.13199999928474426,0.21162035607227445,-0.3147580495500845,0.4384106572850722,-1.5476586059702142
0.33011417092345485,-0.31006898238236713,0.38986240090954505,1790750525,15353500,0.12800000607967377,0.21042248120050855,-0.3148977489187207,0.4349687638908347,-1.5942431464856626
0.3256618198543866,-0.3092974017592927,0.3766241093586323,1790750525,65394682,0.1289999932050705,0.2084008835227851,-0.3151098771892383,0.4300758276370994,-1.6619315856388672
0.32164899308356704,-0.30840794987589565,0.36197296090460873,1790750525,115468541,0.13199999928474426,0.20590595758082988,-0.31535146279806725,0.4250549486038264,-1.7336226284968577
0.3130369382741306,-0.30776306637504713,0.34947632071308854,1790750525,165402740,0.13099999725818634,0.20302973786741652,-0.3156173021404599,0.42017091824969793,-1.8061176794798484
0.30835628889402616,-0.30679459922330593,0.33407764038828114,1790750525,215302392,0.13600000739097595,0.19980384155293696,-0.3159079262450194,0.41549824869601165,-1.8787499318829137
0.29938601146869387,-0.30612979799226914,0.32145402579037863,1790750525,265469872,0.13699999451637268,0.19627320010993163,-0.31622343462831753,0.41109143500460055,-1.9510138368787733
0.28813450270119784,-0.3056964801772892,0.3109295198512939,1790750525,315454914,0.13600000739097595,0.19245945650509344,-0.31656633621103863,0.4069718739224243,-2.0228705479872895
0.27688583844007825,-0.3052772902758604,0.3005457063292868,1790750525,365409188,0.13600000739097595,0.18837501165142148,-0.3169394685317195,0.4031411699222862,-2.0945899988197665
0.26369777461224414,-0.3051331266011163,0.2925598654731956,1790750525,415525713,0.1340000033378601,0.18401683256167026,-0.31734765143831556,0.39960076303800984,-2.166524494223601
0.2530429479678631,-0.30473497939234734,0.2827755837151118,1790750525,465564525,0.13600000739097595,0.17971622970430592,-0.31776245246642887,0.3965713628299213,-2.233964906547609
0.24262709221084783,-0.30421183949013214,0.27193088083616324,1790750525,516102295,0.14000000059604645,0.17523388614714236,-0.31820971855498353,0.3938415666886911,-2.301272023867713
0.22702534288619833,-0.3046885749720304,0.2695826890026105,1790750525,565732556,0.13500000536441803,0.17042054332496084,-0.31870826405320923,0.39133796171427626,-2.370917603352803
0.21470160115488304,-0.30434414258210735,0.26004839341088537,1790750525,615368688,0.13899999856948853,0.16540604982710416,-0.3192501716504382,0.3891559397396039,-2.441150218728816
0.2008684542046044,-0.3039914001612855,0.2500828274593948,1790750525,665309730,0.14399999380111694,0.15994440776833735,-0.31986801535216525,0.387229295616926,-2.5156153586037875
0.1839259790069548,-0.3047638155261412,0.24978015612610935,1790750525,715207494,0.14000000059604645,0.1543097006896785,-0.32053886280890653,0.3856993383954018,-2.590737872250167
0.16895744482702546,-0.30508560396747053,0.24601144882784384,1790750525,765193582,0.14100000262260437,0.14892415734690062,-0.32121359530953486,0.38464606220986836,-2.661431605394683
0.15351412832313513,-0.3057614376140879,0.24527179710395283,1790750525,815951262,0.14000000059604645,0.1434693734064066,-0.3219339396330876,0.3839713041110122,-2.732296117248697
0.13856453885594794,-0.3058464518508722,0.23966433635420648,1790750525,865471865,0.14499999582767487,0.13813605975706839,-0.32267644034794146,0.38368366381714136,-2.801255171702209
0.12308166981045202,-0.30688051028001184,0.24205811819614198,1790750525,916007459,0.14300000667572021,0.13269369799572192,-0.3234774461379692,0.38376610154058327,-2.871595800207616
0.10798721218435163,-0.3076626419139275,0.24250083953769108,1790750525,965358439,0.14399999380111694,0.12743470616092004,-0.32429618049712483,0.38420870307022176,-2.939903991858109
0.09380289510761956,-0.30914525177514945,0.2488590446958859,1790750526,15116720,0.14000000059604645,0.12218556209721619,-0.32516265385712856,0.38501288126318534,-3.008707910532581
0.07846327030930389,-0.3100792276673584,0.25044377718722527,1790750526,65632629,0.1420000046491623,0.11691143142558222,-0.32608752611309605,0.38619897822206967,-3.078863491426212
0.06440366726920177,-0.31145102190530594,0.25585081898338385,1790750526,115244371,0.14100000262260437,0.11182605114225942,-0.3270380817335802,0.38771879012604077,-3.147824149889506
0.050499491704866305,-0.3128143733340438,0.26123724660397074,1790750526,165160634,0.14100000262260437,0.1068931442324835,-0.3280218102102079,0.38957075959970505,-3.2164004842612446
0.03686873391636236,-0.314303799618291,0.26762364356237983,1790750526,215701876,0.14100000262260437,0.1020559019695733,-0.32905505333046575,0.3917769132522914,-3.2856787409113735
0.02504968710184198,-0.31606562862657306,0.27645361448306527,1790750526,265297942,0.13899999856948853,0.0974929348547718,-0.3301010799162403,0.3942499708122015,-3.3534247344170556
0.014440571180253978,-0.31802511886798923,0.2868707045054112,1790750526,315404171,0.13600000739097595,0.09307187474415711,-0.33119320050229645,0.3970511099151711,-3.421825163813561
0.0023728881292610915,-0.31965787159716935,0.2946532896787737,1790750526,365384676,0.13699999451637268,0.08891948008855707,-0.33230216899622134,0.4000990466394101,-3.4892540955377007
-0.009818062475755035,-0.32129357750764026,0.30249430959786183,1790750526,415236929,0.13899999856948853,0.08500538906436758,-0.3334377357890847,0.40340036521382105,-3.556364408581742
-0.019378850432915165,-0.3232835059292186,0.3132865212203379,1790750526,465127628,0.1379999965429306,0.08132055455197662,-0.33460486073192547,0.4069639240823346,-3.6236542872563096
-0.0266096020699621,-0.3254987321220645,0.32591798129367705,1790750526,515098837,0.13500000536441803,0.07788270375087522,-0.3358026810091179,0.41077190347745407,-3.691076913608971
-0.035361636945799524,-0.32755840337504577,0.3372256353037704,1790750526,565505049,0.13500000536441803,0.07468961857357562,-0.33703701738628966,0.41483928412553345,-3.759131409458495
-0.04150073236016273,-0.3297828057177692,0.3499552837608942,1790750526,615163209,0.13300000131130219,0.07182679766250492,-0.3382773894008379,0.4190473479638046,-3.82618513470788
-0.051171411878443596,-0.33176855893668117,0.36073118892912265,1790750526,665374678,0.13600000739097595,0.06924249221353207,-0.33954669841423424,0.4234686917320055,-3.8937326845846365
-0.053787476759213776,-0.3342090120172442,0.3751536822448395,1790750526,715775373,0.13199999928474426,0.06696151777449023,-0.34083955791812504,0.42806602476837863,-3.961485713137524
-0.057895550447592176,-0.33592867033389195,0.38499879305649326,1790750526,765603774,0.13199999928474426,0.06543838922180642,-0.3418380543203396,0.4316658940774303,-4.013125676080609
-0.06035391944104622,-0.33761799806691717,0.39479815199327684,1790750526,815332425,0.13099999725818634,0.06417314280322436,-0.3427911218100039,0.43513732453306886,-4.061966498521252
-0.060821737137811235,-0.3384303944500646,0.3995521891073688,1790750526,865328458,0.12999999523162842,0.06364111868083552,-0.3432389768273475,0.43677951532361814,-4.084792506392505
-0.060896912481912174,-0.3390725175393503,0.40331936275412256,1790750526,915301704,0.1289999932050705,0.06325168710617432,-0.34359014676245947,0.4380715496411044,-4.102639967594021
-0.0581666843758917,-0.3392735913183626,0.4046774730615183,1790750526,965655740,0.12600000202655792,0.06319161215964708,-0.3436463689160601,0.4382787109667785,-4.105493045206465
-0.06298675538004561,-0.33910268941638855,0.40335917761123347,1790750527,15401168,0.13099999725818634,0.06319002321685321,-0.34364787905321875,0.4382842556457814,-4.105569394990763
-0.06106104686991384,-0.33917248723622584,0.4038947124227696,1790750527,65551378,0.1289999932050705,0.06318977583288778,-0.3436481142059734,0.4382851190474792,-4.105581283569336
-0.06009787454768574,-0.3392071815740828,0.40416130130395816,1790750527,116014452,0.12800000607967377,0.06318977583288765,-0.34364811420597324,0.43828511904747924,-4.105581283569336
-0.06009787454768574,-0.3392071815740828,0.40416130130395816,1790750527,165606583,0.12800000607967377,0.06318977583288765,-0.34364811420597324,0.43828511904747924,-4.105581283569336
-0.06009787454768574,-0.3392071815740828,0.40416130130395816,1790750527,216187251,0.12800000607967377,0.06318977583288765,-0.34364811420597324,0.43828511904747924,-4.105581283569336
-0.06009787454768574,-0.3392071815740828,0.40416130130395816,1790750527,266420952,0.12800000607967377,0.06318977583288765,-0.34364811420597324,0.43828511904747924,-4.105581283569336
-0.06202423354471301,-0.3391377923813759,0.4036281195690461,1790750527,317072278,0.12999999523162842,0.06318977583288765,-0.34364811420597324,0.43828511904747924,-4.105581283569336
-0.06054014675584461,-0.33907040863769955,0.4020627314863488,1790750527,365539777,0.1289999932050705,0.06338570411903809,-0.3436779091109016,0.43758951956568415,-4.096383325828284
-0.05990570757871867,-0.3389511139548181,0.3999133116413052,1790750527,415526106,0.1289999932050705,0.06362427405014533,-0.3437132665587237,0.43677336845430914,-4.08556089643604
-0.05958115850196258,-0.33848955564935423,0.39234905497966177,1790750527,465762761,0.13099999725818634,0.06445801247292053,-0.3438310314609104,0.4341432170320718,-4.050442737311956
-0.05681478245993721,-0.33807250778079323,0.3846973509679995,1790750527,515318715,0.13099999725818634,0.06548701196770931,-0.34396610833346425,0.43126489152951164,-4.011534401884779
-0.052206773990045946,-0.3374833494326918,0.37364256592973527,1790750527,565630390,0.13099999725818634,0.06719981007016354,-0.34417276833450566,0.4271058116175254,-3.9542675668162075
-0.04580521544001796,-0.3369594604012865,0.36278725672528295,1790750527,615608366,0.12999999523162842,0.06924879408541094,-0.34440375838240345,0.42284686111887076,-3.8940813329251096
-0.04127164438136083,-0.33629347005867094,0.3507050382340876,1790750527,665327516,0.13199999928474426,0.071579701430843,-0.34465331410514327,0.4186659576441834,-3.8331193667725008
-0.03423039027823818,-0.33578725699680256,0.3398486387656483,1790750527,715355938,0.13199999928474426,0.07418222189596144,-0.3449236288611746,0.4145964283108582,-3.7715809827337545
-0.027367631446325785,-0.3352616263478879,0.32889339270763507,1790750527,765144793,0.13300000131130219,0.07701014331595726,-0.34521041105407363,0.4107182188140831,-3.7104300782727626
-0.021218594850764882,-0.3346205217674013,0.31691491200872446,1790750527,815404254,0.13600000739097595,0.08009457844101951,-0.34552149815362554,0.4069860596738973,-3.648717908666368
-0.010099845639055818,-0.3345257833120694,0.3095458935443593,1790750527,865487343,0.13300000131130219,0.08336427309372021,-0.34585042798438587,0.4034884892151076,-3.587685589065213
-0.001881416911036854,-0.3340756052623688,0.2991662957068156,1790750527,916134242,0.13500000536441803,0.08687195584024109,-0.34620721729189485,0.4001646336299253,-3.5260539865003917
0.0066795797182502,-0.3336841941070202,0.28952654117691784,1790750527,965280109,0.13699999451637268,0.09043905324214348,-0.34657423040886065,0.39717038009314937,-3.4666456252484137
0.017299535257791987,-0.3335414166854384,0.2817902499730174,1790750528,15777461,0.13699999451637268,0.09427384198754092,-0.3469774195799654,0.3943221495712155,-3.405671333992218
0.028089614586530864,-0.33347543036549737,0.27488221304184157,1790750528,65073154,0.13699999451637268,0.09817126952675605,-0.34739576384862186,0.3917744046289786,-3.346221961619658
0.03954009566539743,-0.33348808648429784,0.268483985325335,1790750528,115550987,0.13699999451637268,0.10230618988993906,-0.3478526037088409,0.3894098988351693,-3.2853601858490027
0.05076478660334606,-0.33347223374536744,0.261967886595096,1790750528,165217719,0.1379999965429306,0.10650660117721844,-0.3483296641751327,0.3873317805793113,-3.225460229086158
0.06212164383932306,-0.3334256459937739,0.2551583051456825,1790750528,215108630,0.14000000059604645,0.11083903151543228,-0.34883874081845434,0.3855003659427793,-3.1652872600876916
0.07558014043780933,-0.3340191193000704,0.25370994636448696,1790750528,265612713,0.13699999451637268,0.11532331351145558,-0.3493832471363089,0.38391525450265795,-3.104411866896376
0.08731551748128075,-0.33402386976381543,0.2473834133949408,1790750528,315270011,0.14000000059604645,0.1198127944810606,-0.34994963873642937,0.3826250380418058,-3.044564717073203
0.09989309509849191,-0.33411807768635954,0.24167575173257358,1790750528,366190672,0.14300000667572021,0.12447706271373053,-0.3505601531935797,0.3815838951644832,-2.98330080291503
0.11310403481502637,-0.33486206466976537,0.24170661436065494,1790750528,415492299,0.14100000262260437,0.1290387648997658,-0.35118257922507795,0.380849439980055,-2.9240044458272685
0.12611054845577807,-0.33546572542851755,0.24054125806484813,1790750528,465240940,0.14100000262260437,0.13365097879829008,-0.3518372330349135,0.3803844430561729,-2.8644755740188113
0.13931223400306011,-0.33628479736019806,0.2411430374411597,1790750528,515646818,0.14000000059604645,0.13833384868515186,-0.35253206565419604,0.3801936368718905,-2.8042161393483456
0.15219776711319544,-0.3369413959360714,0.24053263311339332,1790750528,565251421,0.14100000262260437,0.14290064580519143,-0.35323932349472187,0.3802786235111564,-2.7454445546236905
0.1652082181499182,-0.3376909267419079,0.24069087591467872,1790750528,615157544,0.1420000046491623,0.1474689147576867,-0.35398053701031124,0.38063360360291554,-2.6864116027400313
0.17797658800198882,-0.33876355314307005,0.24359442875166154,1790750528,665280957,0.14100000262260437,0.15204093035926275,-0.3547571661009176,0.38126267762106614,-2.626902146376146
0.19032423836414142,-0.34004011031637277,0.24822194738889167,1790750528,715697290,0.13899999856948853,0.15659055427984792,-0.35556993720321317,0.3821691856481543,-2.5670031772461424
0.20351379278318743,-0.3408235583070084,0.2487354664699083,1790750528,765283707,0.1420000046491623,0.1609893459414425,-0.35639556275327916,0.3833207012421189,-2.5082401366427978
0.21452599201771222,-0.3424751824852816,0.2566537971346569,1790750528,815727586,0.1379999965429306,0.1653783845898974,-0.3572647949919573,0.3847544571324596,-2.448486806611642
0.22620016502260468,-0.3437394839162839,0.2613856678742934,1790750528,865151937,0.1379999965429306,0.16957568784481483,-0.35814161212398715,0.38640665144617103,-2.3900546581001527
0.23779624354445084,-0.3451085891009916,0.26690668507082693,1790750528,915591149,0.1379999965429306,0.1737438861752229,-0.359064169026661,0.3883420026280838,-2.330443098837117
0.24785892903351403,-0.34672923481894136,0.274723510317009,1790750528,965625746,0.13600000739097595,0.17773249297300742,-0.3600000344798979,0.3904912556183491,-2.271611917675583
0.25897194715084026,-0.348117435359196,0.28055675083764997,1790750529,15423841,0.13699999451637268,0.18155935935846515,-0.36095609934722656,0.392857500860864,-2.2131142192686095
0.26914894455027855,-0.3496698836967049,0.2878449061727262,1790750529,65199056,0.13699999451637268,0.1852353250347168,-0.3619347956056443,0.39544172254360976,-2.1546342903137434
0.2796242384956463,-0.3512191644104331,0.2950477936679921,1790750529,115461784,0.1379999965429306,0.18878030044773303,-0.3629466573433758,0.39826525282730063,-2.0955798550372284
0.2867612723603779,-0.35313732829460015,0.3056074497676777,1790750529,165267037,0.13500000536441803,0.1921023724690362,-0.36396539706475645,0.4012497366833648,-2.0373311460754993
0.2946438943720594,-0.35493810040496837,0.31513127165236215,1790750529,215252216,0.1340000033378601,0.1952457472657718,-0.36500752741581544,0.4044319764987213,-1.9789237576412224
0.302715421789213,-0.35671743615183465,0.3244634943042257,1790750529,265394092,0.1340000033378601,0.19820232032334031,-0.36607127397172706,0.4078032701292774,-1.9203164688611098
0.3069926041519243,-0.35881426301806585,0.3366091647371794,1790750529,315811970,0.12999999523162842,0.20096307325448043,-0.36715906518845987,0.41136277076811545,-1.8613832470417582
0.3162773000285487,-0.3604825992527414,0.3450022385552053,1790750529,365594879,0.13300000131130219,0.20347954829585307,-0.3682512203978383,0.41504020024998545,-1.8030363311801432
0.31723181788928834,-0.3626984172205509,0.3583550040963964,1790750529,415323992,0.12700000405311584,0.20576784083153238,-0.36935749589948363,0.41885657034973633,-1.7447254170310076
0.32629083778972845,-0.36441817268471494,0.367213614111806,1790750529,465437942,0.13099999725818634,0.20782874221941047,-0.3704781743756901,0.42281044472506185,-1.6862558578370659
0.3265249598106794,-0.3665691261786424,0.3800811665480369,1790750529,515327926,0.12600000202655792,0.20963748935608964,-0.3716041839430634,0.42685688626167617,-1.6281011688759504
0.3288921315151067,-0.3681458258531124,0.3891124675694104,1790750529,565332097,0.125,0.2108958236380637,-0.37250474580611664,0.43013528005501867,-1.5820113512372138
0.33356197024094125,-0.3695625248370048,0.3969168728320125,1790750529,615382693,0.12700000405311584,0.21194682129634856,-0.3733672137064882,0.4333075436046488,-1.5381406319414295
0.3337856530524735,-0.37029959891361214,0.4012404002939564,1790750529,665167205,0.12600000202655792,0.21239490882902798,-0.37377793423946104,0.434828923794277,-1.517319569382373
0.3356625787762817,-0.3708585266680141,0.40433620212730603,1790750529,716655843,0.12700000405311584,0.21273950668001992,-0.37411708451782827,0.43608996059221994,-1.5001571399006655
0.3357822658412111,-0.3709384044303198,0.4047946842276462,1790750529,765428650,0.12700000405311584,0.21278464579583545,-0.3741632466025102,0.43626191934020897,-1.4978231739981887
0.33772801511082773,-0.3708934847736462,0.4043329420961789,1790750529,815581702,0.1289999932050705,0.2127879356516107,-0.3741666133196883,0.4362744733862385,-1.4976528068016206
0.33579229307773206,-0.37094511663894236,0.40483324701330364,1790750529,865355898,0.12700000405311584,0.21278843571677653,-0.37416712527114754,0.43627638241979805,-1.4976269006729126
0.3357922930777322,-0.3709451166389425,0.40483324701330364,1790750529,915260595,0.12700000405311584,0.2127884357167766,-0.37416712527114765,0.43627638241979805,-1.4976269006729126
0.33676082931954165,-0.37091974644162784,0.4045856627761041,1790750529,965563806,0.12800000607967377,0.2127884357167766,-0.37416712527114765,0.43627638241979805,-1.4976269006729126
0.3338552205941131,-0.37099585703357185,0.4053284154877027,1790750530,16669968,0.125,0.2127884357167766,-0.37416712527114765,0.43627638241979805,-1.4976269006729126
0.33482375683592264,-0.37097048683625716,0.4050808312505032,1790750530,67228811,0.12600000202655792,0.2127884357167766,-0.37416712527114765,0.43627638241979805,-1.4976269006729126
0.33482375683592264,-0.37097048683625716,0.4050808312505032,1790750530,115698698,0.12600000202655792,0.2127884357167766,-0.37416712527114765,0.43627638241979805,-1.4976269006729126
0.3344044220368916,-0.3708807371340882,0.4034725929088377,1790750530,167702730,0.12600000202655792,0.21262914821468298,-0.3741936922869973,0.4356565566854381,-1.5058298756073152
0.33779506869050724,-0.3706753647734328,0.40069003943253606,1790750530,215303729,0.12999999523162842,0.21245206661848315,-0.37422242335523,0.43499089900213395,-1.5146594703679321
0.3322827804708899,-0.37046870792143155,0.39604389442957744,1790750530,265177694,0.12600000202655792,0.2118226372742157,-0.3743194710150444,0.43279339830821817,-1.543965860699083
0.3330368483610018,-0.3700131363135957,0.38865651052430983,1790750530,315384292,0.1289999932050705,0.21103001012704853,-0.37443204906370464,0.4303194782674882,-1.5772793807507854
0.32768650723102766,-0.3695701858572237,0.37996871924333675,1790750530,365679419,0.12700000405311584,0.20971949909695883,-0.37460062143096895,0.42673923067229563,-1.6261884804026472
0.3235750115737569,-0.36905355924183375,0.37037403944260533,1790750530,415510986,0.12700000405311584,0.20816051354634782,-0.37478451261625634,0.4230584854204537,-1.6774841970757537
0.3188904368585965,-0.36855125517586385,0.36082932879523255,1790750530,465482146,0.12700000405311584,0.2063843280760877,-0.37498034416148635,0.41939590058259835,-1.7297290973945096
0.3144993379692486,-0.36801371157502055,0.35090470184695927,1790750530,516021276,0.12800000607967377,0.20439234593469152,-0.3751891989948056,0.4157812325941178,-1.7827157870486579
0.3099938237693788,-0.3675272176069939,0.34182547307646166,1790750530,565918861,0.1289999932050705,0.20237758782058296,-0.3753919991007655,0.4125212241452251,-1.8319247502828597
0.30513808904130874,-0.3670680894304865,0.33309707308675185,1790750530,615365072,0.12999999523162842,0.20025074031715356,-0.37560115925873616,0.4094241951152096,-1.8801777030747528
0.29976495846724205,-0.36651064697213365,0.3228964069110228,1790750530,665288492,0.13199999928474426,0.19766515718060537,-0.37585033820849834,0.4060372546094385,-1.934918889246839
0.2914098658846788,-0.36619636051439863,0.31476982175068263,1790750530,715176485,0.13099999725818634,0.19484507815999322,-0.37612029135380376,0.40273434101854394,-1.9907309409406337
0.28453268674737386,-0.36579545413335685,0.30620200462022906,1790750530,765446732,0.13199999928474426,0.19202726294243824,-0.37638900876530823,0.3997676125010183,-2.0433293314037617
0.27726006797694547,-0.3654335820065225,0.29804099196268447,1790750530,815876583,0.13300000131130219,0.18908985434263836,-0.37667105405045,0.3969790180120705,-2.0954123033232257
0.2690670975418801,-0.36520121535572936,0.2911309692981736,1790750530,865173190,0.13300000131130219,0.1860724689734042,-0.3769629298686676,0.3943906131543445,-2.146553897338178
0.26087091340088997,-0.3649196247508976,0.28366036669459627,1790750530,915823746,0.1340000033378601,0.18283864879076703,-0.37728081066689695,0.3918923751630358,-2.1991406625885457
0.25294664248521515,-0.3645878467429971,0.27585765256820904,1790750530,965786601,0.13600000739097595,0.17953837527376512,-0.37761034039099833,0.3896014127247365,-2.2508660129119566
0.24314995417397806,-0.36459369267376873,0.2710600600813997,1790750531,15285008,0.13500000536441803,0.17616052413832223,-0.3779552920694509,0.3875026870419771,-2.3020857440011944
0.2344584941349567,-0.3644546899109047,0.26521164270903463,1790750531,65255862,0.13600000739097595,0.1728244375922578,-0.3783031648893418,0.3856502778109342,-2.3512619229125438
0.22591109363225798,-0.3642570298142671,0.2588898525501146,1790750531,115445904,0.1379999965429306,0.16942294836348104,-0.3786671395081093,0.383971574750258,-2.400165325548681
0.21479871342748438,-0.3646377839967807,0.25743471922594474,1790750531,165204062,0.13500000536441803,0.16581708641676338,-0.379062760888593,0.38240560265663104,-2.4508816175142045
0.20576041755556934,-0.36432959724725295,0.24991720092682898,1790750531,215602810,0.13899999856948853,0.16206034369196054,-0.37948783068852554,0.3809955405011951,-2.502673165279628
0.19427127674013442,-0.36463095546365676,0.24744686951854236,1790750531,265353987,0.1379999965429306,0.15804055483645593,-0.379956655606174,0.3797210421726505,-2.5571461201164145
0.1826511691085291,-0.36490026784318774,0.24457927174885152,1790750531,315767846,0.1379999965429306,0.15385964139096378,-0.3804623981994928,0.3786421938276683,-2.612953589317719
0.17231069959568557,-0.36486949559575643,0.23956660627965157,1790750531,365265159,0.14100000262260437,0.1499689446879687,-0.3809492553972425,0.37785358343926867,-2.6643085879379984
0.16059990613116298,-0.36593185000326733,0.24395173451395463,1790750531,415389895,0.13500000536441803,0.14604295641474527,-0.3814587996620767,0.37726343879245894,-2.7156979351335275
0.14982912847396676,-0.3661427330315601,0.24101210370652362,1790750531,465562334,0.13699999451637268,0.14207251373627444,-0.38199262988570015,0.376870906126574,-2.767392389578828
0.13888950905612854,-0.3665291182086015,0.23961738914733788,1790750531,515356650,0.1379999965429306,0.13811621855745593,-0.3825457049329206,0.37668259267236054,-2.8187439520843114
0.12794670744376513,-0.3673280768842342,0.24175736590200966,1790750531,565244967,0.13600000739097595,0.13414709732586258,-0.3831218822818258,0.3766948065429174,-2.8702576806674407
0.11678098075345651,-0.3677317706263417,0.24049581265295147,1790750531,615423778,0.1379999965429306,0.13016262622611416,-0.38372470977623163,0.3769111948781275,-2.922083217083687
0.10648893961693152,-0.3683832706898114,0.24168103270566096,1790750531,665667274,0.1379999965429306,0.12646031071894637,-0.38430718295307226,0.37729656426597463,-2.97047856793018
0.09624540837345966,-0.36896517537597173,0.24235032255120448,1790750531,715734519,0.13899999856948853,0.12284365868491824,-0.38489966949091653,0.37784801470862683,-3.018076914802694
0.08607000438996604,-0.3699938352766695,0.24655776043621408,1790750531,765784902,0.13699999451637268,0.11902801938779313,-0.38555062199367657,0.37862120780879593,-3.0687874993487108
0.07608799724612005,-0.3710907220474476,0.25128185401755865,1790750531,815951907,0.13500000536441803,0.1152103466309719,-0.38623224869328443,0.379598561417008,-3.1201582376282424
0.06399675309295423,-0.3716187630010227,0.2510198168940796,1790750531,865273551,0.13899999856948853,0.11129606312657517,-0.38696417102275166,0.3808207927197947,-3.173680423711756
0.05419507147087559,-0.37301309125728327,0.25797832562406076,1790750531,915273795,0.13600000739097595,0.10736568659903849,-0.38773783446983545,0.38228467958299034,-3.2284696096263428
0.0442557301191774,-0.3740715490089125,0.2624097910168102,1790750531,965233863,0.13600000739097595,0.10375671158713082,-0.38848491406349883,0.38385068249286536,-3.2799257360031033
0.034154373262607396,-0.375076217762646,0.26642905852068505,1790750532,15402645,0.13699999451637268,0.10026342685521598,-0.3892466060600186,0.3855835449073815,-3.3309718558357235
0.02616890456222877,-0.3765651140796638,0.27445629007369254,1790750532,66297703,0.1340000033378601,0.09680586348219347,-0.3900412580099472,0.3875262439688632,-3.3829528897279286
0.017355374684481756,-0.377754898194138,0.28013132386931694,1790750532,115335530,0.1340000033378601,0.09357467686878268,-0.3908265271388664,0.3895651001260837,-3.433070575471203
0.009823590031660168,-0.37903133698635366,0.28674089724986557,1790750532,165196596,0.13300000131130219,0.09059135879574601,-0.39159212763144485,0.39165893390728557,-3.4809369493288664
0.0033325911955228577,-0.38043191986506486,0.29440192257132514,1790750532,215469166,0.13099999725818634,0.08772572523249551,-0.39237041350589535,0.3938819234692456,-3.528603753683625
-0.003590877995246905,-0.3820150621747241,0.30310401324120234,1790750532,265470780,0.1289999932050705,0.08464285795969258,-0.393260944884216,0.39653493001090234,-3.58212338346058
-0.012256079554243945,-0.38340893275371674,0.31015774163887316,1790750532,315282234,0.12999999523162842,0.08166016769076928,-0.39418569941666776,0.399396738517644,-3.63655997447922
-0.016713274247619467,-0.3850013133700025,0.3193706997204347,1790750532,365302246,0.12700000405311584,0.07914868878549071,-0.39502097574617384,0.4020694992207757,-3.6849110603703163
-0.023686230097551123,-0.38628859953753963,0.3261164007693696,1790750532,415892866,0.12800000607967377,0.07680215232762756,-0.39585845755012244,0.40482157449757233,-3.7326239343671874
-0.02926645148075964,-0.38789294888907017,0.33512189428230066,1790750532,465133408,0.12700000405311584,0.07438901204809385,-0.3967889735614628,0.40796011676979793,-3.784907816840455
-0.036278065362994105,-0.38946594792501077,0.3436912376409017,1790750532,515573980,0.12800000607967377,0.0720508296204541,-0.39777552454388115,0.4113654794502984,-3.8394984347130623
-0.0407383166702734,-0.3910966546617468,0.3530210208193849,1790750532,565605233,0.12700000405311584,0.07003884067971547,-0.39871012104850545,0.41466076099181715,-3.8905701305683325
-0.044610943008962844,-0.3927208850102959,0.3623617090529613,1790750532,615304038,0.12600000202655792,0.06823027845820293,-0.39963976325151845,0.4179943287321907,-3.940765962695534
-0.04796361108620832,-0.3943522529889566,0.37178675311806303,1790750532,665215706,0.125,0.066602491540405,-0.40057304740506033,0.4213943114714115,-3.990684188039835
-0.04898424114182996,-0.3961020982663083,0.3821100804488548,1790750532,715707973,0.12200000137090683,0.06513515074307863,-0.4015244040062699,0.4249045115209265,-4.041087045199277
-0.05320324823800365,-0.39713635785168583,0.38786442090036793,1790750532,765235648,0.12399999797344208,0.06422957548708531,-0.4021849757198266,0.4273617988764732,-4.0757922711197665
-0.053294000212755765,-0.3982775352595688,0.3945903358120761,1790750532,815707831,0.12200000137090683,0.06345586556042886,-0.4028105792069507,0.42970330619362807,-4.108479943325516
-0.05590887080523771,-0.39860616247200054,0.3963419376785533,1790750532,865345580,0.12399999797344208,0.06318517469964359,-0.4030464037370321,0.43058944970794333,-4.120763191272633
-0.056393329164706296,-0.39889546497187517,0.3980142045731561,1790750532,915731753,0.12399999797344208,0.06299802859162709,-0.40321557478510756,0.4312262481976378,-4.12956256349533
-0.055499814581509474,-0.39897254515821673,0.3985258955536613,1790750532,965234667,0.12300000339746475,0.0629711151227152,-0.40324034859206775,0.4313195764181665,-4.130850315093994
-0.055499814581509516,-0.39897254515821656,0.39852589555366125,1790750533,15231930,0.12300000339746475,0.06297111512271515,-0.4032403485920676,0.43131957641816643,-4.130850315093994
-0.05453663436589931,-0.39900724281646793,0.39879251137818955,1790750533,65361627,0.12200000137090683,0.06297111512271515,-0.4032403485920676,0.43131957641816643,-4.130850315093994
-0.0526102739346789,-0.3990766381329707,0.39932574302724616,1790750533,115237416,0.11999999731779099,0.06297111512271515,-0.4032403485920676,0.43131957641816643,-4.130850315093994
-0.055499814581509516,-0.39897254515821656,0.39852589555366125,1790750533,165186575,0.12300000339746475,0.06297111512271515,-0.4032403485920676,0.43131957641816643,-4.130850315093994
-0.05453663436589931,-0.39900724281646793,0.39879251137818955,1790750533,216089938,0.12200000137090683,0.06297111512271515,-0.4032403485920676,0.43131957641816643,-4.130850315093994
-0.0526102739346789,-0.3990766381329707,0.39932574302724616,1790750533,268189497,0.11999999731779099,0.06297111512271515,-0.4032403485920676,0.43131957641816643,-4.130850315093994
-0.056462987620882435,-0.3989378477584824,0.3982592817155716,1790750533,320247695,0.12399999797344208,0.06297111512271515,-0.4032403485920676,0.43131957641816643,-4.130850315093994
-0.052312578623969555,-0.3990221764350572,0.3982712694113871,1790750533,365126296,0.11999999731779099,0.06308829575965275,-0.4032596749809821,0.4309007216568441,-4.1253422984739965
-0.050979375501908605,-0.39899166867572455,0.39725737055974947,1790750533,416708277,0.11900000274181366,0.06323525576243642,-0.40328350823876324,0.4303873987949697,-4.118580304728719
-0.05058639041992928,-0.3987296982154851,0.39254816867033315,1790750533,465507898,0.11999999731779099,0.06376736857192122,-0.4033673796024349,0.4286273742056099,-4.095293631671241
-0.05269777678451973,-0.3983111577497435,0.38623658619020723,1790750533,515668985,0.12399999797344208,0.06442254240765254,-0.40346485106450874,0.4266379447682882,-4.068763356977873
-0.04615914296535431,-0.39810609645807477,0.380082955001701,1790750533,565755210,0.11999999731779099,0.06550694255493576,-0.40361351402213225,0.4236759940402931,-4.028797463137367
-0.04933613677197156,-0.39737846976746394,0.36955215384609796,1790750533,615487802,0.12700000405311584,0.06677196063709252,-0.40377547879191955,0.4206108359783246,-3.9867699334389397
-0.04465618269411864,-0.3970346983781093,0.36192256481160195,1790750533,665252988,0.12600000202655792,0.06820576073285557,-0.40394981270281183,0.4175136021328767,-3.9434999317801562
-0.039605657038911585,-0.3967156626185748,0.35442375673509274,1790750533,715496900,0.125,0.06979468128451782,-0.40413481007408136,0.41443644060902585,-3.8995775464182465
-0.03686530650664112,-0.3962404207081941,0.34572841478626637,1790750533,765167140,0.12700000405311584,0.07149570131259461,-0.4043250908350252,0.41146676830102447,-3.8561675540001374
-0.031094473754272822,-0.39596880418278513,0.33857412570693346,1790750533,816017706,0.12600000202655792,0.07336695920192683,-0.4045291096902199,0.40850645517656714,-3.8117280249409804
-0.026295647309916487,-0.3956841705406405,0.3317484654896917,1790750533,865297849,0.12600000202655792,0.07519363252222648,-0.40472339408612984,0.40587146480529046,-3.771039866257497
-0.02040366084175109,-0.39549727125621087,0.3256964288185064,1790750533,915459770,0.125,0.07713892012129821,-0.40492798566033567,0.40329479558543524,-3.7300529975519603
-0.015152872231538606,-0.39515745057697793,0.31787510343576364,1790750533,965497958,0.12600000202655792,0.079434918901465,-0.40516637973669567,0.40051269546474055,-3.6842540273631212
-0.007975708335969223,-0.3950070151801272,0.31154123756668217,1790750534,15342551,0.125,0.08189284646899797,-0.40542131675165605,0.39779774561125736,-3.6377316508340454
-0.004317265835884598,-0.39447319988907614,0.3022941701866142,1790750534,65503471,0.1289999932050705,0.08434426949413591,-0.40567491591536153,0.39532455209434486,-3.5934899776227507
0.00310089467410167,-0.3943990088174764,0.2968980949515738,1790750534,115844912,0.12800000607967377,0.08688123183942788,-0.4059391914410577,0.3929797313129263,-3.549577293047685
0.008674671637910858,-0.3940883752859476,0.28966755107005615,1790750534,165289223,0.12999999523162842,0.08945107592985763,-0.40620824447790205,0.3908025106075834,-3.506755360888797
0.015336002716975855,-0.39389615164085834,0.28334224774086897,1790750534,215654941,0.13099999725818634,0.09215660224276023,-0.4064951878017816,0.38870286209917476,-3.4631900058939946
0.021662244738904768,-0.39363644688425625,0.2765196221911624,1790750534,265234171,0.13300000131130219,0.09491663731963138,-0.40679108477639525,0.38674552576360705,-3.420135257539943
0.029533453355677156,-0.3936076983990618,0.27153987513132294,1790750534,315758446,0.13300000131130219,0.097813056744377,-0.40710710350207996,0.38487416902224036,-3.376229043458657
0.03836256628996183,-0.3938255107130452,0.26876870340225134,1790750534,365276305,0.13099999725818634,0.10071231948064822,-0.40742821952624503,0.38317357161881205,-3.333419423936778
0.04688787871458169,-0.39398713221429665,0.2654744073779315,1790750534,415464031,0.12999999523162842,0.10371723306149346,-0.40776806060039306,0.3815800026675377,-3.290070149144076
0.053928111545965135,-0.3937609821443136,0.2589209600447761,1790750534,465376837,0.13300000131130219,0.10679119998373612,-0.4081222258214652,0.3801160462061889,-3.246661688216529
0.06326378931124449,-0.39411742630172386,0.2572255071908527,1790750534,515871881,0.13099999725818634,0.10996436327552934,-0.4084966936734459,0.37877094043663007,-3.2026890847634535
0.07176384925407656,-0.3942962991024177,0.2541488757774387,1790750534,565347887,0.13099999725818634,0.11312302292557237,-0.40887756244331636,0.3775903793094325,-3.1596482281165135
0.07951086941101906,-0.39407376937571087,0.24755677719688243,1790750534,616069516,0.13500000536441803,0.11640754000814828,-0.40928417166244446,0.3765229774569334,-3.11553169794607
0.08873371060744308,-0.3945576411385661,0.24715447251015177,1790750534,665307122,0.13300000131130219,0.11960103439970024,-0.40968910568093747,0.37563500586642834,-3.0731700558170374
0.09756922395228568,-0.39475423811502797,0.24418424391432156,1790750534,716092317,0.1340000033378601,0.12292223235644498,-0.41012219417444107,0.37486343807299816,-3.029558053855038
0.10619518690058323,-0.3948694608425524,0.24064659480536915,1790750534,765275922,0.13600000739097595,0.1261899153563016,-0.41055955823485546,0.3742506130389075,-2.987009087538818
0.11573203687400237,-0.3956138365905295,0.24238934435963666,1790750534,815282109,0.13300000131130219,0.12953726129873863,-0.4110211104684707,0.37377059126740186,-2.9436932318301685
0.12470085087934756,-0.39570887968839363,0.23860424458559099,1790750534,865378834,0.13600000739097595,0.13290504463960662,-0.41149871916075015,0.3734351541891639,-2.9003136038600683
0.13406698731077965,-0.39666252154405257,0.24215850683868287,1790750534,915448929,0.13199999928474426,0.13627913830220095,-0.41199260607401345,0.37324662494046923,-2.8569596191557443
0.14268197104159955,-0.39681252840978193,0.23915247905917542,1790750534,965370514,0.13500000536441803,0.139438558394555,-0.41246867136060644,0.3732023463127361,-2.816396362422615
0.15133104666528038,-0.39723133725932513,0.23848192113340014,1790750535,15466850,0.13600000739097595,0.142568128654187,-0.4129550544352262,0.37328540030381563,-2.7761712095429822
0.16084162705849897,-0.39799038989026553,0.24023942275013344,1790750535,65105154,0.13500000536441803,0.14605937009255962,-0.4135147375736387,0.3735266350264489,-2.731172742629313
0.1706671586773631,-0.3987060672809765,0.24148040656857847,1790750535,115233620,0.13500000536441803,0.14964129460486641,-0.4141105395001762,0.3739402749213958,-2.684761157796801
0.18002424050725543,-0.39931111723553764,0.24208448116136616,1790750535,165420150,0.13600000739097595,0.15298047678284157,-0.41468576219572134,0.3744788056103843,-2.641189032161451
0.18824870988161663,-0.400396561785417,0.24692003830235223,1790750535,215259669,0.13300000131130219,0.15622675924977786,-0.41526580738609636,0.3751483524993545,-2.598447310085025
0.19695193589297597,-0.40118246737012625,0.2492023831913971,1790750535,265119827,0.13300000131130219,0.159430152698744,-0.41585871163477417,0.375953020227334,-2.555819776035451
0.20560390398284828,-0.40201640723452126,0.2518730228191416,1790750535,315347766,0.13300000131130219,0.1626141434633092,-0.41647097862221505,0.37690080455295116,-2.512902613788484
0.2152290956888117,-0.40257177593156385,0.25213843775277367,1790750535,365291304,0.13600000739097595,0.16575518113419765,-0.41709808146108235,0.3779848530241327,-2.4699372171272866
0.22263385520639134,-0.40382140013218054,0.25836529562940386,1790750535,415801106,0.13300000131130219,0.16888178286279534,-0.4177483068967995,0.3792195729039166,-2.4264279539922495
0.2308091348131613,-0.40477208683829663,0.26210442885499907,1790750535,465412104,0.13300000131130219,0.17189084742773672,-0.4183996559374458,0.38056085595299494,-2.383747943846978
0.23994765547799415,-0.40558396464685664,0.2645403718078879,1790750535,516108409,0.13500000536441803,0.174899195232301,-0.41907965821746695,0.3820629888784142,-2.3401438101955447
0.2473356459871422,-0.4065498241428796,0.2687148331797169,1790750535,565505228,0.13500000536441803,0.17759285366866384,-0.41971434698114446,0.3835522822390516,-2.300193406144484
0.2540636018387496,-0.4076532544541771,0.2740544448841548,1790750535,615901761,0.1340000033378601,0.1802462451240721,-0.42036697345594287,0.3851641208415111,-2.259862329530296
0.261281292274573,-0.4088967600524822,0.2801685373677142,1790750535,665413953,0.13300000131130219,0.1831056074910557,-0.4211029050003226,0.38707303999948756,-2.2151558254595094
0.2690054693463492,-0.4101174907745621,0.2859571251551113,1790750535,715343768,0.13300000131130219,0.18594796742917313,-0.4218737103611293,0.38916682927791696,-2.169206095426104
0.2726888737120353,-0.41171903166525264,0.2954283513436033,1790750535,765213473,0.12800000607967377,0.18851378688010773,-0.4226065217688278,0.3912407663662846,-2.1262228870475814
0.2798950420636327,-0.4128221961711311,0.3005527964025756,1790750535,815432559,0.1289999932050705,0.19097013594424908,-0.4233467737936543,0.3934107125133442,-2.083485957254876
0.284720309835117,-0.41419164244209977,0.30805615723053703,1790750535,865233383,0.12700000405311584,0.19332043606806784,-0.4240946727320393,0.3956746147377054,-2.040894669125048
0.29149300421371305,-0.4153716770950709,0.31381997032336695,1790750535,915755297,0.12800000607967377,0.19560185627157997,-0.42486486514841115,0.39807416121806605,-1.997647897047304
0.29637810399715236,-0.4167039697521863,0.3210307497350777,1790750535,965568898,0.12700000405311584,0.19773626351686782,-0.42563045705112895,0.4005235554514151,-1.9551731014234026
0.3009211415158252,-0.41805426625273023,0.328410747616127,1790750536,15424538,0.12600000202655792,0.19976090000402785,-0.42640558396981776,0.4030623486730078,-1.9126910106209487
0.3081760896412732,-0.4191039092516233,0.3333460299382529,1790750536,65189703,0.1289999932050705,0.20157897211165343,-0.4271489709441678,0.4055494215736035,-1.8723532103222336
0.3110462640296715,-0.4204899715159155,0.3413024890948987,1790750536,115452771,0.12700000405311584,0.2032918189673682,-0.4278999428917207,0.408108723257709,-1.8320075160716296
0.31396397434992945,-0.4220106383589902,0.35002511682661697,1790750536,165223141,0.125,0.20505711874591606,-0.42873585748131615,0.4110092805923298,-1.7874846026270044
0.31658131549356905,-0.4235836586753724,0.35906548258621046,1790750536,215742443,0.12300000339746475,0.20674094948665264,-0.42960899204208886,0.41409084209492164,-1.741416022498501
0.31844170381118375,-0.42504356335833415,0.3674965314065437,1790750536,265258857,0.12099999934434891,0.20816294114901737,-0.43042203398274986,0.4170007372963093,-1.69890621775492
0.32363384274874235,-0.42635014637642166,0.37448998681641804,1790750536,315636565,0.12300000339746475,0.20946298402692304,-0.43124611431537185,0.41998773788654775,-1.656135654663874
0.3254877025503942,-0.4276805282902662,0.38213208164850704,1790750536,365512556,0.12200000137090683,0.21054101625140703,-0.43200743863187463,0.42278349601847925,-1.6167904301315639
0.32888964094865125,-0.4289276158145727,0.3890839690894627,1790750536,415230785,0.12300000339746475,0.21148854050199942,-0.43275909236559196,0.4255709837265976,-1.5781286667706385
0.32925541213653253,-0.42972408429232145,0.3937381544231174,1790750536,465271861,0.12200000137090683,0.21199922231241958,-0.4332082906572324,0.4272470575451174,-1.5551199906398074
0.33321555890355586,-0.43031058945411826,0.3967706817695385,1790750536,515202991,0.125,0.21240924441608458,-0.4335983680282058,0.42870851031191065,-1.5351880091828995
0.3325227001677765,-0.43051666249834514,0.3980571468659365,1790750536,565336021,0.12399999797344208,0.21251388998712048,-0.4337029966200065,0.42910118415656684,-1.529851997816381
0.3326507439805986,-0.43060219088608376,0.3985475809024962,1790750536,615327847,0.12399999797344208,0.21256285656689958,-0.43375278591893884,0.4292879866393655,-1.5273163368822387
0.33073347733504904,-0.4306662411419144,0.39911904636868495,1790750536,665597933,0.12200000137090683,0.21257043912276316,-0.4337605417527346,0.4293170933034291,-1.5269213914871216
0.33170202878053046,-0.4306408779710387,0.3988715208949677,1790750536,715489183,0.12300000339746475,0.21257043912276316,-0.4337605417527346,0.4293170933034291,-1.5269213914871216
0.3326705730097559,-0.43061551498913303,0.3986239972654552,1790750536,765637853,0.12399999797344208,0.21257043912276316,-0.4337605417527346,0.4293170933034291,-1.5269213914871216
0.32976492588956763,-0.43069160431279,0.39936657184240215,1790750536,815222526,0.12099999934434891,0.21257043912276316,-0.4337605417527346,0.4293170933034291,-1.5269213914871216
0.3326705730097559,-0.4306155149891332,0.3986239972654552,1790750536,865180249,0.12399999797344208,0.21257043912276316,-0.43376054175273476,0.4293170933034291,-1.5269213914871216
0.32976492588956763,-0.43069160431279,0.39936657184240215,1790750536,918839822,0.12099999934434891,0.21257043912276316,-0.4337605417527346,0.4293170933034291,-1.5269213914871216
0.3307334773350491,-0.4306662411419145,0.399119046368685,1790750536,967309410,0.12200000137090683,0.2125704391227632,-0.4337605417527347,0.42931709330342915,-1.5269213914871216
0.33363912445523736,-0.4305901518182574,0.398376471791738,1790750537,16765452,0.125,0.21257043912276316,-0.4337605417527346,0.4293170933034291,-1.5269213914871216
0.3324268373677175,-0.4305625647548647,0.39768231737382104,1790750537,68206735,0.12399999797344208,0.21247695907632352,-0.4337752974742334,0.4289505847349542,-1.5317568254416907
0.33214643182067094,-0.43050297200974064,0.3966215165326866,1790750537,115244624,0.12399999797344208,0.2123693964931569,-0.43379199195765944,0.4285377138836757,-1.5372113347265137
0.33103327792315773,-0.4302796467454746,0.3926225422436432,1790750537,165409923,0.12399999797344208,0.2119421942663296,-0.4338563910855551,0.42698124115355107,-1.557847850039443
0.32872705249402945,-0.4300623540269462,0.3884456650878585,1790750537,215293877,0.12300000339746475,0.21142280794433332,-0.4339299962047567,0.42523909371833335,-1.5810958458672617
0.3256970044727885,-0.4297520184482074,0.38251216978789726,1790750537,265361082,0.12200000137090683,0.21061695018500995,-0.43403475720396706,0.4227892052842335,-1.6140878422194194
0.3242255112531659,-0.4293615131328728,0.37567697041157455,1790750537,315293721,0.12300000339746475,0.2096838220568631,-0.43414756316072645,0.42024485118870814,-1.6487660801320199
0.32133400684400726,-0.4289841867357896,0.3686767567521472,1790750537,365289564,0.12300000339746475,0.2085658871050317,-0.4342748152317359,0.4175066784849362,-1.686621438348992
0.319911359640968,-0.4285169646449339,0.3607826189178344,1790750537,415586817,0.125,0.20731872506641796,-0.434409420459636,0.414756479295184,-1.7252830810695545
0.31534915406788727,-0.42818587538386327,0.35399263211065674,1790750537,465264824,0.12399999797344208,0.205909715762678,-0.43455488830948535,0.4119447202111488,-1.7655453623836332
0.3104605285383867,-0.4278729104261703,0.34729495047194864,1790750537,515420252,0.12300000339746475,0.20435988800503602,-0.43470934624133,0.40914087240326313,-1.8065666706463583
0.3081019710628376,-0.42742630587420016,0.3396196816258944,1790750537,565232696,0.125,0.2027961391384323,-0.43486052550241977,0.40655557738615367,-1.8452486455270098
0.3029416761275234,-0.4271715844568485,0.33367830900473044,1790750537,615551302,0.12399999797344208,0.20113416486814906,-0.4350181715066669,0.40403213775808,-1.8839385169740024
0.29924018413063885,-0.4268123167285338,0.3268575967544887,1790750537,665398625,0.125,0.19940253914858933,-0.43517983022726914,0.40160670619591765,-1.922093402589309
0.2959559586398881,-0.4263903105057489,0.3194302823805927,1790750537,716068724,0.12700000405311584,0.19755126940657236,-0.4353513350898922,0.3992126000004035,-1.9608467526656659
0.2904841589222287,-0.42621615749625,0.31449884886183455,1790750537,765320996,0.12600000202655792,0.19576177426254796,-0.4355161200806311,0.3970650710777335,-1.9966388827894692
0.28555361938119084,-0.42598865478826314,0.3090697163338939,1790750537,815396581,0.12600000202655792,0.1938829299935162,-0.43568920789670096,0.3949672395069834,-2.0327032274169357
0.2812749170919111,-0.4255988079668652,0.30185207690007765,1790750537,865357590,0.12800000607967377,0.191719781277464,-0.43588872069667783,0.392725598355259,-2.0725945873880063
0.2751088584257818,-0.42538222098472595,0.2960457741116587,1790750537,916052875,0.12800000607967377,0.18939304307610996,-0.4361049214003067,0.39050118290932995,-2.1138236262174823
0.27048354309851663,-0.4250334587542901,0.28938092970767154,1790750537,965403157,0.12999999523162842,0.18716449230871984,-0.4363136349015252,0.3885307767161164,-2.1519254657472624
0.26307098993755546,-0.42505657928967255,0.28596924132556567,1790750538,15484455,0.12800000607967377,0.18485117641308244,-0.4365329192536586,0.38663679294784464,-2.190227031341139
0.25794522882200327,-0.42474786288498817,0.27966974192581384,1790750538,65394667,0.12999999523162842,0.18247945679772692,-0.4367604807707676,0.3848391910283627,-2.2283552361610726
0.251946036503514,-0.4245506382776067,0.27434030047490543,1790750538,115504780,0.13099999725818634,0.18003251400707476,-0.4369990295996599,0.3831267064146734,-2.2666279214192304
0.245786715352368,-0.4243770045367197,0.2692646825284422,1790750538,165263306,0.13199999928474426,0.17755014234262784,-0.4372448343074634,0.3815241537192956,-2.3044957248167464
0.2383789663496709,-0.4244269019592791,0.266111109798103,1790750538,215485123,0.13099999725818634,0.17498757109130617,-0.4375034221437843,0.38000375621878646,-2.342691728371443
0.2318255193407023,-0.4243066828508695,0.26150066644104275,1790750538,265373131,0.13199999928474426,0.17238348163314823,-0.43777109135802594,0.37858761561941456,-2.3806966252968444
0.22459890743704586,-0.4243170567505338,0.2580039549366716,1790750538,315609449,0.13199999928474426,0.16970892857837425,-0.4380519447013065,0.3772618388900891,-2.418978455145522
0.21775905415797642,-0.42435454866554606,0.25499826092815303,1790750538,365209742,0.13199999928474426,0.16717792244257418,-0.4383231535820583,0.3761197990716558,-2.45459599344497
0.21076746648488812,-0.42442050656792124,0.25221798837586673,1790750538,415711376,0.13199999928474426,0.16459039875060608,-0.43860654164083346,0.37506111856858904,-2.4904659091811223
0.20328647808787698,-0.42441646740385053,0.24850730144220484,1790750538,465086065,0.13300000131130219,0.16170655942958231,-0.43892960936128056,0.3740042313795522,-2.5298845426354015
0.19479176383176544,-0.4246717404698036,0.2469086716281682,1790750538,515260095,0.13199999928474426,0.1586784486485668,-0.4392779127051168,0.37302959776766265,-2.5707242152877385
0.1872664874122662,-0.42473122633467414,0.2438620283813909,1790750538,565430754,0.13300000131130219,0.15580631893460092,-0.43961684386461863,0.3722274308032098,-2.60902154922356
0.1789668073792117,-0.42526992021327337,0.24502512600635395,1790750538,615122243,0.12999999523162842,0.15297028466560095,-0.43996043701542836,0.37154930663246877,-2.646482438597969
0.17136584316626563,-0.42539481964669423,0.24257636739941382,1790750538,665316837,0.13099999725818634,0.15006986729334926,-0.4403210234923569,0.37096908188128275,-2.684496772821829
0.1637790252970219,-0.42543699083186387,0.23942764554170398,1790750538,715379468,0.13300000131130219,0.1471556985795538,-0.44069348781547246,0.3704997808620681,-2.722445094506014
0.15583002119784356,-0.4256291571970817,0.23754041736592627,1790750538,765839704,0.1340000033378601,0.1441963712796422,-0.44108223231499094,0.370137029515436,-2.7607934916683123
0.1478814161584958,-0.4259649986804571,0.23695564808947975,1790750538,815324505,0.1340000033378601,0.1412825811524576,-0.44147621524988606,0.36989119048370134,-2.7984189689494783
0.13990569411358877,-0.42598901952698026,0.233687983011685,1790750538,865262319,0.13699999451637268,0.1383467473642954,-0.4418846636492804,0.3697537637225463,-2.8362548338291442
0.1318340002737972,-0.42662799549984143,0.23568816157711944,1790750538,915217106,0.13500000536441803,0.13541003837816815,-0.4423056645635524,0.36972705180155296,-2.874077884009648
0.12389774695196742,-0.4273031932843972,0.23798827979151438,1790750538,965153930,0.13300000131130219,0.1324678487152291,-0.44274028709324026,0.3698110769068491,-2.9120058363682575
0.11600953076372833,-0.4280206484425358,0.24059175250807613,1790750539,15837844,0.13099999725818634,0.1294866431968472,-0.4431947643921986,0.3700101164571544,-2.9505241941112628
0.10769465531563957,-0.4280638987467717,0.23755474585622352,1790750539,65210709,0.13500000536441803,0.12660346687536972,-0.4436482623723351,0.37031236674548823,-2.987917721176928
0.10026434243474092,-0.4290843338344482,0.24272077940975315,1790750539,116390581,0.13099999725818634,0.12363210854676672,-0.4441311244396828,0.3707385159975429,-3.0266561283722546
0.09250826375958386,-0.4295338489468982,0.24320637720400426,1790750539,165323283,0.13199999928474426,0.12082817297381311,-0.4446018034054293,0.3712491017208855,-3.063458720880035
0.08507212977641934,-0.4302578924805153,0.24594990945865766,1790750539,215421312,0.13099999725818634,0.11798321453299009,-0.4450954867694867,0.37187729161800587,-3.1010997429653457
0.07748045166699337,-0.43090205960508543,0.24801316069191684,1790750539,265570277,0.13099999725818634,0.11516062958314156,-0.4456021118839405,0.372612967821989,-3.1388085952826708
0.0700340763264649,-0.4315739641634503,0.2503399153681406,1790750539,315308422,0.13099999725818634,0.11239164039988693,-0.44611677317280385,0.37344695315854576,-3.176213894621152
0.06227994698245723,-0.43217251139137314,0.2520317934348326,1790750539,365286839,0.13199999928474426,0.10964201362272565,-0.4466461978935319,0.37438924867877144,-3.2138339425716147
0.056541508281536604,-0.4333460445313014,0.2585867049034282,1790750539,415180643,0.12800000607967377,0.10693544867948243,-0.4471867362872467,0.37543227640394217,-3.251396630528169
0.04852177657039979,-0.4337569210828661,0.25885832286992916,1790750539,465411831,0.13099999725818634,0.10439274248961797,-0.44771335365417525,0.376521624025306,-3.2872412151569197
0.04423351625976579,-0.4350280703933968,0.2664507276311561,1790750539,515082392,0.12600000202655792,0.1019464121048714,-0.4482386708931728,0.37767438607799875,-3.322302345774033
0.036584018439947893,-0.4357960041472512,0.2693813616400404,1790750539,565524387,0.12700000405311584,0.09922028423624017,-0.44884735461859654,0.37908715678077937,-3.3621367708137475
0.0278961630486535,-0.43641053024712523,0.2709917080715085,1790750539,615472350,0.12999999523162842,0.09652676361095874,-0.4494752473623486,0.3806236039475715,-3.402391256439178
0.022936258616423552,-0.43760687271481596,0.27768806809344637,1790750539,665338496,0.12700000405311584,0.09404612835504288,-0.45007907616917037,0.38217171081440643,-3.4403749445945144
0.016028745113482734,-0.4384259489344795,0.2812540376748778,1790750539,715253328,0.12800000607967377,0.09165111598226282,-0.4506878315364571,0.3837962475966291,-3.477990162538948
0.009871332534726787,-0.43936812191699753,0.2858645092493459,1790750539,765395071,0.12800000607967377,0.08932823481498953,-0.45130498436056465,0.3855044287165186,-3.515490549739145
0.00719330587590844,-0.4407819159581613,0.29443318413761893,1790750539,815171022,0.12300000339746475,0.087092239347087,-0.45192678635440403,0.38728227206957155,-3.5526652264457974
0.00018899664878231637,-0.44158739860855034,0.2979049680248218,1790750539,865194263,0.125,0.08490804817169408,-0.4525636018275372,0.38915848999495584,-3.590158379500157
-0.0039410331151548406,-0.44277453792852167,0.30453273146169185,1790750539,915453117,0.12300000339746475,0.08278655404654915,-0.45321349062142535,0.3911257723342741,-3.6278540056663893
-0.0074417466882374245,-0.44390909943225737,0.31092118987311157,1790750539,965594128,0.12099999934434891,0.08086846751718138,-0.45383127710173515,0.3930421756113551,-3.663197675275284
-0.011361942095720154,-0.4449616565762649,0.3166621474221462,1790750540,15712351,0.11999999731779099,0.07904271105708148,-0.4544495254812692,0.3950010163713015,-3.698120693673769
-0.016862743281991582,-0.4459341094068646,0.32157115541276676,1790750540,65400107,0.12099999934434891,0.07718847930703669,-0.45511207000761034,0.3971431899894053,-3.735089102144389
-0.019973896874264888,-0.4471948280181593,0.32872711856718495,1790750540,116494894,0.11900000274181366,0.07534715094340476,-0.4558098621352875,0.39944260260465664,-3.7735475065904787
-0.026102023194127535,-0.4482004774187138,0.33375569552541096,1790750540,165419542,0.12099999934434891,0.07357932591011009,-0.4565239907981544,0.4018390826849363,-3.8124437086956267
-0.02796869777571584,-0.4496031646274787,0.34193102139140696,1790750540,215422624,0.11800000071525574,0.07185839967746523,-0.4572686453483102,0.40437932952054695,-3.8525414352024905
-0.032644178774713026,-0.45067795931092186,0.34764767089696175,1790750540,265178557,0.11900000274181366,0.07034731255369707,-0.45797148730407033,0.4068131829450701,-3.8899944899720253
-0.03532752393946538,-0.45188503532285357,0.3544563087803813,1790750540,315232483,0.11800000071525574,0.06893938964274123,-0.45867654559217846,0.40928592020616716,-3.927212362636675
-0.037753253868915426,-0.453107769900115,0.3613666172229206,1790750540,365291252,0.11699999868869781,0.06761975798294652,-0.459392519821211,0.41182481759562456,-3.96465358860865
-0.042648696529666213,-0.4541887788810298,0.36713939637165754,1790750540,415315622,0.11900000274181366,0.0663979408724092,-0.46011476677973,0.41441216010804605,-4.002111245810209
-0.041716925245837394,-0.45555167099798977,0.37521601631743695,1790750540,465216435,0.11500000208616257,0.0652954002065923,-0.46082810446081934,0.4169954601982858,-4.03889539180032
-0.04422707224893109,-0.4567377375443461,0.381857752027366,1790750540,515708985,0.11500000208616257,0.06428226267046244,-0.4615524557967727,0.4196405947382848,-4.076006702806081
-0.044807714458821715,-0.45757376220901413,0.3866358667147488,1790750540,565913274,0.11400000005960464,0.06366339958091619,-0.4620380040163012,0.42142218554347954,-4.100725750822382
-0.047998517957610426,-0.4582184623033611,0.39009911033076305,1790750540,615306592,0.11599999666213989,0.0631455655916318,-0.4624762805798569,0.42303636736804323,-4.12294962688392
-0.04852993429819755,-0.4585343126107208,0.39187969812371964,1790750540,665310119,0.11599999666213989,0.06293176524895626,-0.4626675909972097,0.4237419762823237,-4.132616998970181
-0.04988293291147772,-0.45873879712826887,0.39296142505392206,1790750540,715776531,0.11699999868869781,0.06277476634702499,-0.46281248336020064,0.42427671798596767,-4.139925144322591
-0.04704966657654433,-0.4588778888524883,0.39395905090299954,1790750540,765987115,0.11400000005960464,0.06275223872178677,-0.4628335934032346,0.42435467571897245,-4.140989303588867
-0.04801284313585,-0.4588431896194608,0.3936924220749417,1790750540,815678890,0.11500000208616257,0.06275223872178674,-0.46283359340323466,0.42435467571897234,-4.140989303588867
-0.04897601251894555,-0.4588084906449621,0.3934257952334197,1790750540,865092236,0.11599999666213989,0.06275223872178678,-0.4628335934032346,0.42435467571897245,-4.140989303588867
-0.047049666576544316,-0.45887788885248837,0.39395905090299954,1790750540,915321598,0.11400000005960464,0.06275223872178678,-0.4628335934032346,0.42435467571897245,-4.140989303588867
-0.048012843135849956,-0.4588431896194608,0.3936924220749418,1790750540,965174421,0.11500000208616257,0.06275223872178678,-0.4628335934032346,0.42435467571897245,-4.140989303588867
-0.04897601251894555,-0.4588084906449621,0.3934257952334197,1790750541,15807907,0.11599999666213989,0.06275223872178678,-0.4628335934032346,0.42435467571897245,-4.140989303588867
-0.04801284313585001,-0.4588431896194605,0.3936924220749417,1790750541,65618868,0.11500000208616257,0.06275223872178673,-0.4628335934032344,0.42435467571897234,-4.140989303588867
-0.04993918907825118,-0.4587737914119346,0.393159166405362,1790750541,117353124,0.11699999868869781,0.06275223872178678,-0.4628335934032346,0.42435467571897245,-4.140989303588867
-0.04873721829627778,-0.4587622650595017,0.3925789673266639,1790750541,165270798,0.11599999666213989,0.06284813397246038,-0.4628457849394776,0.4240119635260071,-4.1364053900947715
-0.04844619211471193,-0.45870709162610374,0.39156620881309945,1790750541,215653208,0.11599999666213989,0.06296498764910811,-0.46286046065387954,0.42360209142883765,-4.13091566197955
-0.046405463494386706,-0.4585500374668719,0.3882510334640007,1790750541,265371408,0.11500000208616257,0.06340082886186499,-0.4629143007441492,0.4221410296994297,-4.111277394756309
-0.04602561339552813,-0.45829140727555123,0.38383274912363363,1790750541,315313352,0.11599999666213989,0.06393624866431233,-0.4629776281616156,0.4204719010209701,-4.088700100093509
-0.04557073114552995,-0.4578559624745141,0.376598064565021,1790750541,365375425,0.11800000071525574,0.06486908614060083,-0.463080340120912,0.4178261230302728,-4.052564984908281
-0.04002156205760038,-0.4576325777648711,0.3707618382237372,1790750541,415455351,0.11500000208616257,0.06597315494301605,-0.46319529189252456,0.41502442580411525,-4.013775990485142
-0.03712319458270148,-0.4573021277955531,0.3642114935619397,1790750541,465473869,0.11500000208616257,0.06713983963940337,-0.4633123765723962,0.4123581142560035,-3.9762865335041786
-0.03488783067601979,-0.4569309298271177,0.35734606163483906,1790750541,515596925,0.11599999666213989,0.06839748695984794,-0.46343469362543055,0.4097468578399554,-3.9389495869360034
-0.033275507033071874,-0.45650904630502565,0.3500874398720083,1790750541,565480414,0.11800000071525574,0.06974193504996248,-0.4635622080237213,0.40719838195177915,-3.9018192458978738
-0.03049925328234901,-0.45615123790560375,0.3433334052074378,1790750541,615461459,0.11900000274181366,0.07118011201670044,-0.4636962536486338,0.4046960979642876,-3.864621450567154
-0.025996046840752143,-0.4559513196035251,0.33806746909752705,1790750541,665457764,0.11800000071525574,0.07262584682618271,-0.4638293269501017,0.40237656066781313,-3.8293808975494157
-0.023829941694664555,-0.4555669069237338,0.3313383979081049,1790750541,715361429,0.11999999731779099,0.07413072077685653,-0.46396694353897466,0.4001362710530879,-3.794576591654487
-0.019569645313147657,-0.4553198965820719,0.32553175977039883,1790750541,765198686,0.11999999731779099,0.07580179303474523,-0.464119221844682,0.3978287858409551,-3.7578208864349856
-0.014245069844845734,-0.455164687197465,0.3204107739295427,1790750541,815457067,0.11900000274181366,0.07758724001122347,-0.4642820841299893,0.39554199641543963,-3.7203824828516137
-0.010758933212484029,-0.45478722973370167,0.3132668900216037,1790750541,865201211,0.12099999934434891,0.07955018852791151,-0.4644617889677321,0.3932147810221679,-3.6810785879094605
-0.003946175554817896,-0.454749337413033,0.30883819297978116,1790750541,915536538,0.11900000274181366,0.08164720074246273,-0.4646552621169948,0.3909152740825057,-3.6408900484133366
0.0011614549173899757,-0.45458979805248756,0.30372368959852536,1790750541,965067190,0.11900000274181366,0.08366094278163778,-0.46484280828943125,0.3888689239676292,-3.603800102928431
0.0044520215470307545,-0.4541862410796256,0.29657881303255096,1790750542,15182385,0.12200000137090683,0.08574606313056381,-0.4650393215956757,0.3868976359922652,-3.5667185722242487
0.00999543991798818,-0.454065326311172,0.2917855670286571,1790750542,65101216,0.12200000137090683,0.08789879213646941,-0.46524495502075347,0.3850061867945674,-3.529669055450602
0.016349947071037263,-0.45406277257253047,0.28796053090953205,1790750542,115254114,0.12099999934434891,0.09012932040263982,-0.4654613247802503,0.38318488136516043,-3.4924242261036027
0.02057150317674425,-0.4537034335317998,0.2810999639123104,1790750542,165374512,0.12399999797344208,0.09245582045015995,-0.4656908418643482,0.3814241707071677,-3.4546694723881144
0.026329701900433114,-0.4535543426396943,0.2759357460042001,1790750542,216095249,0.125,0.0948802706851017,-0.46593449314460744,0.3797266482681949,-3.416354340896052
0.032055763475827184,-0.45343012687347667,0.2711277452814615,1790750542,265489113,0.12600000202655792,0.09726910594069438,-0.4661792435664369,0.378182313137307,-3.3795105525228477
0.03995627387021133,-0.45374197723827325,0.2699669689556411,1790750542,315208692,0.12300000339746475,0.09972162384178679,-0.4664356112270384,0.3767189030585449,-3.342501805410249
0.04473178161659107,-0.45346067096761833,0.26401203443532684,1790750542,365318729,0.12600000202655792,0.1020947388576381,-0.46668877095324524,0.37541449858233156,-3.3073931600619226
0.050992504712025315,-0.45351384177279747,0.26091707933721225,1790750542,415378460,0.12600000202655792,0.10447800164525518,-0.46694827092228236,0.37420793617008086,-3.2727431069875905
0.05781587285253014,-0.4534966977056278,0.25675727166994095,1790750542,465406681,0.12700000405311584,0.10722402758556718,-0.4672540159571095,0.37294062447874554,-3.2334911180257326
0.06566493344730082,-0.4537318332783878,0.25465780334999544,1790750542,515218854,0.12600000202655792,0.1100638188897337,-0.4675781185245747,0.3717604073647805,-3.1935535551386645
0.07248062072821172,-0.4537722952723583,0.25114550255014834,1790750542,565213538,0.12700000405311584,0.11277954356496268,-0.46789590327026837,0.37075119449167093,-3.1559057569878046
0.07910419610454428,-0.453727516276814,0.24694417231167365,1790750542,615354362,0.1289999932050705,0.11550238056254052,-0.4682224817002195,0.36985091090823796,-3.1186152049011056
0.08645781662798166,-0.45393754297238814,0.2448898996751087,1790750542,665368296,0.1289999932050705,0.11826148769420945,-0.46856190510630624,0.36904968698885793,-3.081233355881963
0.09391054278507494,-0.4541805388320428,0.24309973267175955,1790750542,715539528,0.1289999932050705,0.12105735344015185,-0.46891482716323296,0.36834728620291235,-3.0436995564626326
0.101493148295095,-0.45478323133871074,0.24460270894002362,1790750542,765544277,0.12600000202655792,0.12370394328421068,-0.4692575949189059,0.36778214673543,-3.008440799994823
0.10796525994322029,-0.45472134418346155,0.2404989669786737,1790750542,815410969,0.1289999932050705,0.12633034129505152,-0.4696063542414684,0.36731441757292066,-2.9736598019694345
0.11565173945141181,-0.4552843636246037,0.24149306998352219,1790750542,865365300,0.12700000405311584,0.12913469909156697,-0.46998861961606836,0.3669163361049674,-2.936706435317014
0.12294253938687953,-0.45530355444483506,0.2378118252839134,1790750542,915255752,0.12999999523162842,0.13197555577805686,-0.47038661594028996,0.3666175108378689,-2.8994089809585963
0.13060473545227103,-0.4557048885361736,0.23737099965166833,1790750542,965301149,0.12999999523162842,0.13483661474247985,-0.47079889223105104,0.3664223886808281,-2.861939389666851
0.13829331694482727,-0.4562564802224684,0.2382047057962266,1790750543,15477650,0.1289999932050705,0.13770878546029777,-0.4712247989671377,0.36633200969281926,-2.82436048571859
0.14638939712706722,-0.45663483810572164,0.23734986447372886,1790750543,65387563,0.12999999523162842,0.14073016993168677,-0.4716865476834748,0.36635148441147014,-2.784817009181042
0.15450990856921815,-0.4572897177017012,0.23880065843690793,1790750543,115578369,0.1289999932050705,0.1437928570312794,-0.47216960631194216,0.36649064225783345,-2.7446533780983926
0.1627620851275901,-0.45725736806015604,0.23459428905908147,1790750543,165393273,0.1340000033378601,0.14666373367563781,-0.4726369873837431,0.36673176021899695,-2.7068821892162607
0.16956052984282624,-0.458514975672498,0.24150307530892512,1790750543,215309234,0.12800000607967377,0.14949830019080734,-0.4731129416898526,0.3670753966458437,-2.6694119808493437
0.17710354697443362,-0.45912207982117714,0.24278360930391316,1790750543,265637846,0.12800000607967377,0.15234225316718986,-0.4736058592913107,0.3675277475134836,-2.6315916206471495
0.18452865490259635,-0.45975605320540275,0.24432813490869965,1790750543,315538288,0.12800000607967377,0.15514129916871644,-0.47410682467774296,0.3680796611114725,-2.5940857405851268
0.19196379810015574,-0.46015804078139594,0.24410798655574664,1790750543,365307729,0.12999999523162842,0.15774606520655005,-0.47458806697241146,0.36869097038568976,-2.5588844939842152
0.1985352137437483,-0.4609176629381275,0.24699661403025952,1790750543,415331496,0.1289999932050705,0.16031002972350333,-0.47507673350760227,0.36938678632417893,-2.523897691807864
0.20570186721170575,-0.46163523178495613,0.24929755788179192,1790750543,465267124,0.1289999932050705,0.1629989843807431,-0.47560625420394426,0.3702201470758769,-2.486794772042849
0.21259938915187504,-0.4625098425399911,0.2528535874604819,1790750543,515996008,0.12800000607967377,0.1657238775287694,-0.47616180971641703,0.37117650053602447,-2.4486935351999017
0.22123346692642581,-0.46302833898936685,0.2531419644943814,1790750543,565986812,0.13099999725818634,0.16852407156198393,-0.4767541990012944,0.37228188093254566,-2.408939556652105
0.2277445668441726,-0.46410341251078324,0.258270902946915,1790750543,615393009,0.1289999932050705,0.17126843517832552,-0.47735755302909866,0.3734914417327187,-2.369290616535336
0.2350519997165081,-0.4648574064440133,0.2608070529283372,1790750543,665303719,0.12999999523162842,0.1738334360122308,-0.4779437268872043,0.37474139558000163,-2.331537784860897
0.24126700870563833,-0.46583938160004706,0.26533683980748307,1790750543,715686675,0.1289999932050705,0.17634148849019726,-0.47853942254355103,0.37608151928101763,-2.293873489487767
0.2477403525274688,-0.46673931039862926,0.26919077418294873,1790750543,765178594,0.1289999932050705,0.1787702329315217,-0.4791395224977635,0.37749754031381183,-2.25660666274629
0.25422412517751036,-0.4676900079865721,0.2733850636139918,1790750543,815866840,0.1289999932050705,0.1812024087517817,-0.47976552980213943,0.3790402052306233,-2.218386948278738
0.26101477210084534,-0.4685579631011681,0.2769305301325218,1790750543,865369954,0.12999999523162842,0.1835265210550551,-0.48038957637866386,0.38063965527269344,-2.180917926028413
0.2665347282845448,-0.469648541742554,0.2823654617164878,1790750543,915583815,0.1289999932050705,0.18582066458762883,-0.4810329881652576,0.3823486230392177,-2.1428845290898426
0.27141818028902615,-0.4706889342473888,0.28764070276529435,1790750543,965387673,0.12800000607967377,0.18789761107102865,-0.48164155687668325,0.3840168208207467,-2.10743982225803
0.274002739222898,-0.4719847853691324,0.2952056141049609,1790750544,15315513,0.12399999797344208,0.1898944507315436,-0.4822527040984163,0.38573939315696754,-2.0723169863494224
0.2800478455592832,-0.47294055346949093,0.29953039100140316,1790750544,65427660,0.125,0.1919477007077705,-0.4829109246710162,0.38764370540533577,-2.0349921838389933
0.2867302924502142,-0.47385778884384216,0.3034700124064012,1790750544,115497446,0.12700000405311584,0.19394475542103812,-0.4835839190982799,0.38963988845350106,-1.9973186043520226
0.2920775744325371,-0.4750192776830532,0.3093274624506192,1790750544,165216849,0.12700000405311584,0.1959704717104654,-0.4843043119305268,0.39182724411629294,-1.9575143874462209
0.2957469396934448,-0.47637251073802883,0.316779627634049,1790750544,215581007,0.125,0.19795271766740624,-0.48505193776792804,0.39414859870614305,-1.9167157789664535
0.29792780904607147,-0.4777148718190481,0.32445716478454717,1790750544,265293966,0.12200000137090683,0.1997109472952595,-0.4857562928150878,0.3963792333774875,-1.8787287171161018
0.3030818156951527,-0.4788117181017021,0.32991671326607525,1790750544,315828682,0.12300000339746475,0.201390751901686,-0.4864720685357853,0.3986862371233514,-1.8405250962333115
0.30628755211654796,-0.4800326335943134,0.33655314903208117,1790750544,365583048,0.12200000137090683,0.2029565618524982,-0.4871838233059279,0.40101683858876586,-1.8029148826301546
0.3083623244426485,-0.4813189780119065,0.3437776884381636,1790750544,415417229,0.11999999731779099,0.20443426259790454,-0.4879031496186455,0.4034065908405886,-1.7652448856401814
0.31082356072226747,-0.48248846038331306,0.3501919150380428,1790750544,465276476,0.11900000274181366,0.20574585678645502,-0.4885883142952445,0.40571189856093753,-1.7296651125281484
0.31391264509487726,-0.4836058525843969,0.35616877182652973,1790750544,515258881,0.11900000274181366,0.20696311302653564,-0.48927263840328356,0.4080405925136551,-1.6943886310948595
0.31604852780453885,-0.48485024796114085,0.36303491111607944,1790750544,565263722,0.11800000071525574,0.20816502315583513,-0.49000571007957333,0.41055933435149483,-1.6568967593562565
0.3188939533108825,-0.48608342770692853,0.3697044808365774,1790750544,615686853,0.11800000071525574,0.20929135986198047,-0.49075868149767304,0.41317186723220956,-1.6186468054425858
0.32525715801307115,-0.4871877396863167,0.37515974175088274,1790750544,665534396,0.12200000137090683,0.21031761330979995,-0.4915168870660458,0.4158311061350607,-1.5802996060580312
0.3257276713467053,-0.488522269011204,0.38277328905781816,1790750544,715222650,0.11999999731779099,0.21123858995406444,-0.4922784634008735,0.41852438137464276,-1.5419803092101567
0.3241406299541171,-0.4893780012053676,0.38784637973304686,1790750544,765496577,0.11699999868869781,0.2117445251616432,-0.4927415730393845,0.42016977227083474,-1.518792909565398
0.3251790013952864,-0.49004882866792404,0.3915349228379203,1790750544,815948968,0.11699999868869781,0.21215615358910717,-0.4931489467204638,0.42162187740292834,-1.4984553345004403
0.32740591828460613,-0.49019543269079857,0.39212357650373225,1790750544,865424276,0.11900000274181366,0.21227180427704115,-0.49326927661281283,0.422051622343509,-1.4924575514995866
0.32758331159703724,-0.49031780624919985,0.39280009998588394,1790750544,915719101,0.11900000274181366,0.21234136228553097,-0.4933430387014043,0.42231521035406666,-1.4887832376205397
0.3266404270076131,-0.49036102501759826,0.39314635692049804,1790750544,965640404,0.11800000071525574,0.2123514260769898,-0.49335380066545925,0.42235368012893193,-1.488247275352478
0.3276089798199109,-0.4903356624608629,0.39289883673217846,1790750545,15548086,0.11900000274181366,0.21235142607698984,-0.49335380066545914,0.42235368012893204,-1.488247275352478
0.32373477578698584,-0.4904371124988383,0.3938889156412919,1790750545,65454388,0.11500000208616257,0.21235142607698984,-0.49335380066545914,0.42235368012893204,-1.488247275352478
0.32857752541594254,-0.4903103000930931,0.3926513183880241,1790750545,115553442,0.11999999731779099,0.21235142607698984,-0.49335380066545914,0.42235368012893204,-1.488247275352478
0.3266404270076131,-0.49036102501759815,0.39314635692049815,1790750545,165122075,0.11800000071525574,0.21235142607698984,-0.49335380066545914,0.42235368012893204,-1.488247275352478
0.3266404270076131,-0.49036102501759815,0.39314635692049815,1790750545,215692809,0.11800000071525574,0.21235142607698984,-0.49335380066545914,0.42235368012893204,-1.488247275352478
0.32760897981991083,-0.4903356624608628,0.39289883673217846,1790750545,268923309,0.11900000274181366,0.21235142607698979,-0.49335380066545903,0.42235368012893204,-1.488247275352478
0.3266404270076131,-0.49036102501759815,0.39314635692049815,1790750545,316803148,0.11800000071525574,0.21235142607698984,-0.49335380066545914,0.42235368012893204,-1.488247275352478
0.3273103841365814,-0.49026694798145215,0.3917490396032797,1790750545,366403799,0.11900000274181366,0.21223410387910416,-0.49336657271468926,0.421896057717304,-1.4941857692539844
0.32599561721970705,-0.49021554867973743,0.39069820930279403,1790750545,415355509,0.11800000071525574,0.21209674078957433,-0.49338125817129863,0.42137433031195604,-1.500967197941917
0.3257418082480728,-0.48993263221011385,0.3861258679165911,1790750545,465506554,0.11900000274181366,0.2116174097739274,-0.4934309636249626,0.41965770357731824,-1.5233675596222251
0.3232796011630886,-0.4896766760204393,0.38154815359698313,1790750545,516219290,0.11800000071525574,0.21102291513388488,-0.49348927732798764,0.4177130631338644,-1.5489209515063875
0.32294847302925656,-0.4892281907661611,0.37442542150219416,1790750545,565288112,0.11999999731779099,0.21014777990351194,-0.4935693024257001,0.4151336238228672,-1.5831454278023114
0.31937597880525975,-0.48886677336206547,0.36791135344751263,1790750545,615447565,0.11900000274181366,0.2091104427251969,-0.4936590074981203,0.4124034504706161,-1.6198329269881449
0.31811390817787166,-0.4883669563160074,0.3599051528774604,1790750545,665644379,0.12099999934434891,0.20789447700158897,-0.4937599219871126,0.4095397451874553,-1.658902064670614
0.31200259104527606,-0.4881053164723405,0.3540581037152044,1790750545,715695340,0.11800000071525574,0.2065547592923777,-0.4938674774635184,0.40670363959551,-1.698278446099871
0.30723400567598314,-0.487756327647868,0.3471808643200885,1790750545,765630957,0.11699999868869781,0.2050101249149879,-0.49398900432204707,0.40375322185265256,-1.740081043899373
0.30472285906247115,-0.48725957282861865,0.33893598655080853,1790750545,815409361,0.11900000274181366,0.203329181659535,-0.4941193013964439,0.4008493692659917,-1.7821840502032522
0.3003681334974672,-0.4869072176943459,0.3321601858669438,1790750545,865849233,0.11900000274181366,0.20161089447954397,-0.49425227158974094,0.3981454764807024,-1.822391337956359
0.29749979465861864,-0.48645422651755166,0.32459336620310225,1790750545,915296151,0.12099999934434891,0.1998417679355363,-0.49438914681228524,0.39559299083452115,-1.861359414992447
0.29263110621177,-0.48614080170975343,0.31820801536723076,1790750545,965369788,0.12099999934434891,0.19794017113325982,-0.49453760042050293,0.3930686887992869,-1.9010224437514467
0.28974305399049605,-0.4856289135559141,0.3100332770230911,1790750546,15725187,0.12399999797344208,0.19592517018677597,-0.4946962583615578,0.39060614735908494,-1.9409465516324829
0.28505861798007515,-0.48527743120474465,0.30333074912401753,1790750546,65437422,0.125,0.19384207406716336,-0.49486292733413106,0.3882581321081726,-1.9803392010825414
0.28075377008735825,-0.48486288581963133,0.29605550566657646,1790750546,115393252,0.12700000405311584,0.19165629322481292,-0.4950403865682956,0.3859835831770547,-2.019921181206992
0.2737197808509164,-0.4848071778167886,0.2921270857307995,1790750546,165461704,0.125,0.1895005456296976,-0.4952189659933355,0.38390788484324856,-2.057479341868503
0.2692753607734532,-0.4844464534687049,0.2855636073892287,1790750546,215236402,0.12700000405311584,0.1873044114938077,-0.4954041848789895,0.38194665893889324,-2.0944268415288065
0.26251101572346747,-0.484258506016844,0.28007599543189354,1790750546,265320216,0.12700000405311584,0.18474016491197215,-0.49562572352702977,0.3798331112664229,-2.136137834325705
0.2547985693067098,-0.4841936954734293,0.2755877066419389,1790750546,315403658,0.12600000202655792,0.18203480567186905,-0.49586501868527555,0.37778954335180553,-2.1786892169318315
0.24953217540441525,-0.4837956346493499,0.26839847039309905,1790750546,365541406,0.1289999932050705,0.17940729225150104,-0.4961040424085741,0.3759717110625659,-2.21880264498935
0.24244827540744734,-0.4837096430219833,0.26399186438482625,1790750546,415533330,0.1289999932050705,0.17674735758956384,-0.4963521313035583,0.3742849064810808,-2.258344586736133
0.2342752267180137,-0.4838588043968865,0.26163867834230914,1790750546,465141221,0.12700000405311584,0.17403526133739336,-0.4966125082018667,0.37271293566455255,-2.297715963039766
0.22720617501382917,-0.48374261481182984,0.25687453499881197,1790750546,516027097,0.12800000607967377,0.17118910018578246,-0.4968931689095665,0.37121241940738425,-2.3381263054530717
0.21933999313309008,-0.48386769345261155,0.25430945045722614,1790750546,565436959,0.12700000405311584,0.1683731571274183,-0.49717946586737743,0.3698697350373529,-2.3773272283273563
0.2124118345241103,-0.48371189349483235,0.2492599878588676,1790750546,615472169,0.1289999932050705,0.16547048259502858,-0.49748291768327985,0.3686244156369101,-2.4170180634347456
0.2039711799986111,-0.48412293839475573,0.24929855558167321,1790750546,665288758,0.12600000202655792,0.16267099747648767,-0.4977846858738099,0.36755104853700354,-2.454712332018176
0.19685436043064705,-0.48413585081322225,0.2459054617257364,1790750546,715291347,0.12700000405311584,0.15984850617456964,-0.49809749357565775,0.36658951333009515,-2.492204032841491
0.1884789492262312,-0.48452168553680036,0.24556808076757047,1790750546,765236983,0.125,0.15686541624569747,-0.49843862185247856,0.36570093812172677,-2.531361946980285
0.18133821921941295,-0.4842768131854996,0.239732026184791,1790750546,815518131,0.1289999932050705,0.15380451230744377,-0.4987993287922159,0.3649198441666006,-2.5711099581766845
0.1720823985573042,-0.4848742987530836,0.24091380869255274,1790750546,865229486,0.12600000202655792,0.150522624580362,-0.49919957747824734,0.36422626972631095,-2.6133427953174926
0.16315353657904202,-0.48518642574319876,0.23952050770522607,1790750546,915693506,0.12600000202655792,0.14712069307766446,-0.4996286835072364,0.36365901756671115,-2.656777119305099
0.15515605635522772,-0.48516970062669573,0.23561950329420125,1790750546,965299435,0.1289999932050705,0.1439751457679834,-0.5000400140163472,0.3632708223827318,-2.696719724877968
0.14664022941666569,-0.48588233500536665,0.2379918328168931,1790750547,15337099,0.12600000202655792,0.14082971706380104,-0.5004649282089,0.36301017720022777,-2.736509260101352
0.13828795918126582,-0.48617794395391445,0.2367357527279967,1790750547,65847666,0.12700000405311584,0.13764617673000226,-0.5009105165970837,0.36287670741001277,-2.7767075079989
0.12999307160458745,-0.48638736641818026,0.23482324876854416,1790750547,115290287,0.1289999932050705,0.13452796638583744,-0.5013617891461847,0.3628708947453221,-2.816062014484245
0.12158560179918423,-0.4868759344724596,0.23523744024240173,1790750547,165206848,0.1289999932050705,0.13137185924117661,-0.501835348311514,0.36299284462820136,-2.855954297576308
0.1133621307723561,-0.4876406240688688,0.23797166282692644,1790750547,215532477,0.12700000405311584,0.1281965476109436,-0.5023286472793519,0.3632441780915238,-2.896203828912925
0.10585644370243036,-0.48840815643823016,0.24095131524365276,1790750547,265573197,0.125,0.12523385008387153,-0.502806015053239,0.36359803468298674,-2.933935385905661
0.0980585522380502,-0.48885788361598215,0.24126169568576186,1790750547,315578943,0.12600000202655792,0.12232194771629083,-0.5032912782005613,0.36405813403527154,-2.971233957159775
0.09027746024302484,-0.48987263364054867,0.2459461143446876,1790750547,365192066,0.12300000339746475,0.1190902480237098,-0.5038508411735638,0.3647039932843416,-3.0129644594458034
0.08091502099256023,-0.49027078315208206,0.24526686173982096,1790750547,415339944,0.12600000202655792,0.11579083830845588,-0.5044451058880952,0.3655114726469889,-3.05600318714336
0.07348974111618624,-0.491231609866344,0.24958498425885217,1790750547,465276764,0.12399999797344208,0.11272121395091673,-0.5050216895676843,0.36640418104800204,-3.0965421072974193
0.06707614567466963,-0.4924414965069372,0.25601976443203517,1790750547,515537763,0.11999999731779099,0.10970651625108375,-0.5056107708521388,0.3674164478387159,-3.1368972052648645
0.05802666930101693,-0.4928036062116759,0.2553127835315325,1790750547,565429046,0.12399999797344208,0.10677171783188077,-0.5062089363124344,0.36853918003882696,-3.1768047386142317
0.05094099771428791,-0.49374956779506124,0.25952962024739923,1790750547,615481099,0.12300000339746475,0.10387956604237669,-0.5068230051250145,0.36978203090371276,-3.2168131007116054
0.043086947634408936,-0.49452691795609477,0.2622849276692262,1790750547,665644273,0.12399999797344208,0.10102354064676597,-0.5074568072821017,0.37115259343620843,-3.2571082000538865
0.037342086603562634,-0.49575134557379236,0.2688046859941655,1790750547,715693808,0.12099999934434891,0.0982319623209312,-0.5081038148569424,0.37263550694375003,-3.297347417730008
0.031446290272497776,-0.49689769364637953,0.2746512623600846,1790750547,765556729,0.11900000274181366,0.09550897089919469,-0.5087651098441247,0.3742310697321768,-3.337555842534684
0.02416625174895211,-0.4977735204052794,0.278233355755113,1790750547,815270001,0.11999999731779099,0.09286216471626556,-0.5094381826884641,0.3759308815767856,-3.37766464580016
0.017922548476416292,-0.4987341003720846,0.2826949444114747,1790750547,865521759,0.11999999731779099,0.09041132548687413,-0.5100921996173592,0.37764951326064833,-3.415860605248049
0.01128343554257856,-0.499621771723128,0.28658043135242806,1790750547,915864028,0.12099999934434891,0.08805378618554378,-0.5107513333908441,0.37944294241352905,-3.4536888377975665
0.004840025824883895,-0.5007398430060186,0.29201070342558816,1790750547,965104666,0.12099999934434891,0.08553733592162155,-0.5114929181570628,0.3815278266997383,-3.4954518363912106
0.0018953059754898693,-0.5023635360089229,0.30148562452086325,1790750548,15281840,0.11599999666213989,0.08302084430086501,-0.5122774452584766,0.38380427769513575,-3.5388589308836758
-0.0037325600375442552,-0.5034971781553341,0.30713159916719274,1790750548,65077890,0.11599999666213989,0.08076598132252516,-0.5130240533154887,0.38603175368744663,-3.5794304419167435
-0.009139335782894595,-0.5046632366496314,0.3130275371436292,1790750548,115654938,0.11599999666213989,0.0785990833445792,-0.5137851782743593,0.38835853485123467,-3.6201655009004416
-0.011855570352535358,-0.5060614823609252,0.3208889653438911,1790750548,165339284,0.11299999803304672,0.07657018534906226,-0.5145446699716559,0.39073107880010804,-3.6601845392197223
-0.019057458774699804,-0.507045259278352,0.3253005432189315,1790750548,215488661,0.11599999666213989,0.07462459531776963,-0.5153216188493338,0.3932061677200279,-3.7005785566350435
-0.019462998370826587,-0.5086100579939411,0.3344843516992459,1790750548,265157839,0.11100000143051147,0.07279694836122114,-0.5161049404076824,0.3957455081050587,-3.7407416332095673
-0.023709860118219503,-0.5098606193296527,0.3410245826732486,1790750548,315619479,0.11100000143051147,0.07104955119317423,-0.516910858656462,0.39840008625209633,-3.7815751260733252
-0.028513193687168162,-0.5110620688057754,0.3471911442786639,1790750548,365195351,0.1120000034570694,0.06943346941186064,-0.5177189728311141,0.40109974833169365,-3.8220189792566392
-0.03222990796140744,-0.5123652126325184,0.35412885250690407,1790750548,415406683,0.1120000034570694,0.06791200210304413,-0.5185472127312549,0.4039021535608433,-3.863043314303774
-0.03652058743279327,-0.5136207451850144,0.3607200156030889,1790750548,465391540,0.11299999803304672,0.06652825504989736,-0.5193739080977375,0.40672910964922115,-3.903568288492489
-0.03776620796854244,-0.5150431310792144,0.3686341532739573,1790750548,515508019,0.11100000143051147,0.06526350691184943,-0.5202088418070164,0.40961211810769915,-3.9441416236599895
-0.03734324363668855,-0.5163185208934151,0.3758438112298266,1790750548,565384302,0.1080000028014183,0.06427379585700975,-0.5209313407387649,0.4121301693099215,-3.9790421037013117
-0.03847199791602576,-0.5174700015206306,0.3821472276033542,1790750548,615258954,0.10700000077486038,0.06340085354394523,-0.5216369999532084,0.41460579234823636,-4.012932018855452
-0.04142569363272097,-0.5180037605071997,0.3848531169401807,1790750548,665699307,0.10899999737739563,0.06296249999389895,-0.5220229332233294,0.4159650231871705,-4.031381266166483
-0.04127817081589007,-0.5185431898814267,0.3878582121483172,1790750548,715410152,0.1080000028014183,0.06262206914274936,-0.5223407573174915,0.4170869518271342,-4.04653301555811
-0.04143789216481841,-0.5186457442211031,0.3884134157594539,1790750548,765465205,0.1080000028014183,0.06255492911291252,-0.522405584561592,0.41731596458163056,-4.049618089768266
-0.0405212795038704,-0.5187105904256573,0.3888431647034134,1790750548,816648888,0.10700000077486038,0.06253536841733229,-0.5224246401407668,0.4173831948326738,-4.050523488587002
-0.038600749072440585,-0.5187837756630069,0.3893968588193997,1790750548,865764071,0.10499999672174454,0.0625329050443093,-0.5224270444694508,0.41739167814305234,-4.050637722015381
-0.04149028799322649,-0.5186796820543358,0.38859700519280493,1790750548,916206479,0.1080000028014183,0.0625329050443093,-0.5224270444694508,0.41739167814305234,-4.050637722015381
-0.040527108352964525,-0.5187143799238928,0.38886362306833655,1790750548,965571552,0.10700000077486038,0.0625329050443093,-0.5224270444694508,0.41739167814305234,-4.050637722015381
-0.04149028799322649,-0.5186796820543358,0.38859700519280493,1790750549,15619456,0.1080000028014183,0.0625329050443093,-0.5224270444694508,0.41739167814305234,-4.050637722015381
-0.03956392871270255,-0.5187490777934498,0.3891302409438681,1790750549,65141309,0.10599999874830246,0.0625329050443093,-0.5224270444694508,0.41739167814305234,-4.050637722015381
-0.04149028799322649,-0.5186796820543358,0.38859700519280493,1790750549,116708347,0.1080000028014183,0.0625329050443093,-0.5224270444694508,0.41739167814305234,-4.050637722015381
-0.040527108352964455,-0.5187143799238927,0.3888636230683365,1790750549,168170505,0.10700000077486038,0.06253290504430938,-0.5224270444694507,0.4173916781430523,-4.050637722015381
-0.038600749072440585,-0.5187837756630069,0.3893968588193997,1790750549,215882656,0.10499999672174454,0.0625329050443093,-0.5224270444694508,0.41739167814305234,-4.050637722015381
-0.04209998696962937,-0.5185772166391899,0.38708454010706345,1790750549,265883059,0.10899999737739563,0.06268029239285636,-0.5224429852575042,0.41686957524186496,-4.043536210312983
-0.03880286419019455,-0.5186082263742909,0.3864879350744985,1790750549,315386097,0.10599999874830246,0.06285538035829279,-0.5224616186600994,0.41626632351060666,-4.035314338895431
-0.03830103038023057,-0.5183223895283934,0.38150378241202176,1790750549,366066007,0.10700000077486038,0.06347064616851078,-0.5225253653556793,0.41427360103333466,-4.00802069825041
-0.039381402364925586,-0.5179276114431899,0.3753918011656253,1790750549,415475544,0.10999999940395355,0.06420494988277799,-0.5225979252618026,0.41210767873541976,-3.9780987343327356
-0.0364796070525724,-0.5175291351079139,0.36780016000832916,1790750549,465437632,0.10999999940395355,0.0654058560809193,-0.5227095929046488,0.4089403487288483,-3.9337946244762594
-0.033051229861912695,-0.5171251651268506,0.3598999072013309,1790750549,515467221,0.10999999940395355,0.06682363986007504,-0.5228355300682952,0.40564268804291603,-3.88686291701283
-0.029470189766989327,-0.5167616511724389,0.35255881550739776,1790750549,565286234,0.10999999940395355,0.06830368816358416,-0.5229635071414458,0.4025768687064858,-3.842364197267502
-0.024695961903741792,-0.5164781962159589,0.345851872034134,1790750549,615714771,0.10899999737739563,0.06991733316205105,-0.5231004537643057,0.3995684386596066,-3.7977505500142157
-0.022829641451117086,-0.5159510968699539,0.33694557241704093,1790750549,665254522,0.1120000034570694,0.07174486274065359,-0.5232546473747772,0.39649657644961633,-3.7510290055938023
-0.017931630726935308,-0.515626445903669,0.32959162290316657,1790750549,715185832,0.1120000034570694,0.07374653232465639,-0.5234230125353507,0.393453416979336,-3.7034204771885504
-0.01154490815013455,-0.5153876842087418,0.32261586969377737,1790750549,765449219,0.11100000143051147,0.07603504177581787,-0.5236171941125731,0.3903139335899034,-3.6526210863774473
-0.004831160685446173,-0.5151916366242996,0.3159747030209407,1790750549,815365094,0.10999999940395355,0.07848238295336164,-0.5238268165773475,0.3872788893103356,-3.601638888173711
-0.0011069622496221315,-0.5147251621452611,0.30737691348554697,1790750549,865320294,0.11299999803304672,0.08092104599797699,-0.5240395229810132,0.384536800088767,-3.5536367649999407
0.004443180667956501,-0.5144444705443854,0.300348545006916,1790750549,915407781,0.11400000005960464,0.08345951725536525,-0.5242646844879214,0.3819327466883591,-3.5060593237303577
0.010986421489819029,-0.5142841229719256,0.2943197404363287,1790750549,965214183,0.11400000005960464,0.08610680126380477,-0.524505012803362,0.37945764014765376,-3.4586280603331954
0.017233885409331434,-0.5140670235840394,0.28777525811759497,1790750550,15402782,0.11500000208616257,0.08888586136561473,-0.5247628473014261,0.3770870388432316,-3.410810370165373
0.022709871282791796,-0.513691378533492,0.2798452564063029,1790750550,65375092,0.11800000071525574,0.09179680621290316,-0.5250403836820213,0.3748304956432579,-3.3625763123183736
0.03090349713598814,-0.5137356659802851,0.2753936943202552,1790750550,115534284,0.11699999868869781,0.09482680076964056,-0.5253368122231312,0.3726984955973107,-3.3140402574642756
0.03615021598056685,-0.5133211229584697,0.26741940789597873,1790750550,165560807,0.12099999934434891,0.09772766655329937,-0.5256290364909996,0.3708492521710761,-3.2689549683609083
0.04460622736222682,-0.5135500572119494,0.2649134931348632,1790750550,215508877,0.11900000274181366,0.10065989414654508,-0.5259322964787191,0.36915200446021135,-3.224534320851037
0.052847939614845,-0.5135215738992757,0.25961950882947255,1790750550,265315537,0.11999999731779099,0.10407803062496171,-0.5262972817690862,0.3673796982307086,-3.174029999141849
0.061606889949725824,-0.5135435614452258,0.2546211688151266,1790750550,315203060,0.12099999934434891,0.10766277056700832,-0.5266925431234989,0.36573804414342,-3.1222811300297004
0.0707985181616544,-0.5138280674958419,0.25211322949840853,1790750550,365621689,0.11999999731779099,0.1111194000352593,-0.5270873444418982,0.36435590149116015,-3.07339690666551
0.07954477243571503,-0.5140478920866476,0.24917432146517404,1790750550,415475887,0.11999999731779099,0.1145499662605978,-0.5274919991505705,0.3631650743656002,-3.0256794861392105
0.08820774698715919,-0.5142056759641482,0.24567291765968544,1790750550,465202111,0.12099999934434891,0.11804533764874797,-0.5279189417987608,0.36213177032874255,-2.9777604744456774
0.09741749442754224,-0.5145305284914989,0.24350801121283683,1790750550,515677222,0.12099999934434891,0.1216395357662195,-0.5283729763037185,0.36124789057954004,-2.9290607751402358
0.10625838639367063,-0.5146718157255203,0.2398439738545019,1790750550,565116037,0.12300000339746475,0.12521075049726593,-0.5288408147985822,0.3605462861601436,-2.881147677298178
0.11583578848700739,-0.5152161119233133,0.23952521817409658,1790750550,615375137,0.12200000137090683,0.12886981926910487,-0.5293372601439376,0.3600022182571156,-2.8324014678844858
0.12482866728430281,-0.51578657439965,0.2397015791720017,1790750550,665546245,0.12099999934434891,0.13233832138239635,-0.5298255183964463,0.35964953867158733,-2.786435718008929
0.13357002169303214,-0.5160479036345385,0.23730361783122872,1790750550,715500194,0.12300000339746475,0.13576364316949424,-0.5303245959696866,0.3594525634532105,-2.741156662729137
0.14299531917536568,-0.5163884194479025,0.23530398259775143,1790750550,765424578,0.125,0.13938368426907982,-0.5308721761719979,0.35940948966516933,-2.693352043498248
0.1525951842978642,-0.5169022042344572,0.23474296530460975,1790750550,815246452,0.12600000202655792,0.14302705813687036,-0.5314444189269625,0.35953469365347507,-2.6451598747773795
0.1622079228150106,-0.5180878047059098,0.23963283562218024,1790750550,865231104,0.12200000137090683,0.14687851438040017,-0.5320748888384575,0.3598550093216072,-2.5940367790718244
0.17294684657748194,-0.5185576091542085,0.23817787819626407,1790750550,916493334,0.125,0.15084244189492357,-0.5327520443294779,0.36038636114112665,-2.541062026689234
0.1822769358331208,-0.5193521746203504,0.24000281386609504,1790750550,965184410,0.125,0.15441237624612233,-0.5333892178021656,0.3610463090970841,-2.4929421996904266
0.19172195540355755,-0.5202175848829456,0.24231841318546793,1790750551,15406148,0.125,0.15802548914287534,-0.5340617069040557,0.36189219144394447,-2.4436916189761453
0.20094321979627125,-0.5211268510482167,0.2450522738096055,1790750551,65435422,0.125,0.1615537222749861,-0.5347482319225126,0.3628993164882321,-2.394960827588091
0.21038609261707125,-0.5219801211421078,0.24729376980616,1790750551,115567594,0.12600000202655792,0.1650282125432804,-0.5354548931017341,0.364071737533554,-2.3461909265890126
0.21808729204738328,-0.523149826284877,0.2525305132503924,1790750551,165528107,0.12399999797344208,0.16826624952092095,-0.5361440313814734,0.3653357163790498,-2.299932384297204
0.22847887149337004,-0.5236272986318574,0.2517961209479435,1790750551,215504464,0.1289999932050705,0.17141073937206172,-0.5368435825935163,0.3667289551657506,-2.2541003793996226
0.23468068640085238,-0.5252274505163357,0.2605550899542607,1790750551,265136891,0.12399999797344208,0.17464600276179,-0.537598376561602,0.36834561108925606,-2.2058760273294764
0.24417483673620763,-0.5262017473243763,0.26370600466255834,1790750551,315765558,0.12600000202655792,0.1778912774940671,-0.5383945148195531,0.3701664513349953,-2.1561841236863555
0.2505676738417111,-0.5276766580017033,0.2713355951494747,1790750551,365274197,0.12300000339746475,0.1809715098793957,-0.53919136450199,0.37209663093076817,-2.1076130772612105
0.26144468587335545,-0.5284754381547373,0.2729462060027561,1790750551,415685150,0.12800000607967377,0.18400490442171763,-0.5400199011130199,0.3742072902361571,-2.0581605038799218
0.26634087589870487,-0.5302825888222427,0.2831297455524946,1790750551,465602839,0.12300000339746475,0.1870658561459807,-0.5409069245070535,0.37657275262224804,-2.0063622337764917
0.27330419570070635,-0.5317766272835942,0.29052503778159267,1790750551,515433240,0.12200000137090683,0.19001946597841599,-0.5418185906434934,0.37910727698034374,-1.9541657524144567
0.2809159995184584,-0.5330758433441405,0.29648077919445004,1790750551,565215622,0.12300000339746475,0.19269689526720274,-0.5427008910862664,0.3816497226940862,-1.9046215772424495
0.2852965162928703,-0.5347254740342813,0.305502724853673,1790750551,615813688,0.11999999731779099,0.19525846350316442,-0.5436036021052694,0.3843337292114961,-1.8547660595724154
0.2921640459790724,-0.5360839314063979,0.3120186593405036,1790750551,665447189,0.12099999934434891,0.19764593749144693,-0.5445068703142664,0.38709449506284643,-1.805699403095986
0.29714307622463937,-0.5376214065330542,0.32009622031777835,1790750551,715314238,0.11999999731779099,0.1999045873514582,-0.5454279326958783,0.38997993649829643,-1.7563719573082437
0.3017598410527599,-0.5392000837161798,0.32846258368744324,1790750551,765407836,0.11900000274181366,0.20204418150458878,-0.5463740482270082,0.3930096372733527,-1.7064241129385238
0.3059327570185906,-0.540798601928502,0.33700512573925057,1790750551,815453156,0.11800000071525574,0.20402890615324523,-0.547332371457393,0.3961398465330206,-1.6564474099499897
0.3102669212376363,-0.5422664792598371,0.3447205711296642,1790750551,865686376,0.11800000071525574,0.20574609289900178,-0.5482421720716197,0.39916033332261713,-1.6095798457791384
0.31413669418269674,-0.5437160204074831,0.3524129293493761,1790750551,915241487,0.11800000071525574,0.2072785169023159,-0.5491364004885686,0.4021718440973048,-1.5639511385264846
0.3180696800807892,-0.5453679406301942,0.3612650181241529,1790750551,965233621,0.11800000071525574,0.20883503001814852,-0.5501505070663443,0.4056375147045415,-1.5125984729532063
0.32162268579432185,-0.5470803401708716,0.3705192574829429,1790750552,15408896,0.11800000071525574,0.21023958658538405,-0.5511973259515333,0.40926013779681947,-1.4600162903761578
0.3217656259257239,-0.5482691095740495,0.3772330267415361,1790750552,65243972,0.11599999666213989,0.21104967468325397,-0.5518841735561023,0.4116555292434919,-1.4257611455135508
0.3244063994573496,-0.5492726770583988,0.38256918878522944,1790750552,115682851,0.11699999868869781,0.21171807634141016,-0.5525160385924929,0.41387129945579076,-1.3943865008943388
0.32499097089472584,-0.5496605795819632,0.38468590520662665,1790750552,165628114,0.11699999868869781,0.21194955574079719,-0.5527526368558,0.4147038554192535,-1.3826670462821593
0.3253945023678254,-0.5499388934120139,0.3862061950822662,1790750552,215825888,0.11699999868869781,0.212109264809993,-0.552922305859529,0.4153017943163219,-1.3742719297474921
0.32642017048023736,-0.5499536778927147,0.38617807646146723,1790750552,265571001,0.11800000071525574,0.21213186644292104,-0.5529467767239846,0.4153880933813622,-1.3730617761611938
0.32738871738664777,-0.5499283125971315,0.38593053344503825,1790750552,315406763,0.11900000274181366,0.21213186644292104,-0.5529467767239846,0.4153880933813623,-1.3730617761611938
0.3244830766674166,-0.5500044084838811,0.38667316249432543,1790750552,365126515,0.11599999666213989,0.21213186644292104,-0.5529467767239846,0.4153880933813623,-1.3730617761611938
0.32545162357382695,-0.5499790431882978,0.3864256194778964,1790750552,415420744,0.11699999868869781,0.21213186644292104,-0.5529467767239846,0.4153880933813623,-1.3730617761611938
0.3235145369772284,-0.5500297735904784,0.38692070366641906,1790750552,465299478,0.11500000208616257,0.21213186644292104,-0.5529467767239846,0.4153880933813623,-1.3730617761611938
0.32254599007081797,-0.5500551388860616,0.3871682466828481,1790750552,515824848,0.11400000005960464,0.21213186644292104,-0.5529467767239846,0.4153880933813623,-1.3730617761611938
0.32642017048023736,-0.5499536778927147,0.38617807646146735,1790750552,565491303,0.11800000071525574,0.21213186644292104,-0.5529467767239846,0.4153880933813623,-1.3730617761611938
0.32545162357382695,-0.5499790431882978,0.3864256194778964,1790750552,616172341,0.11699999868869781,0.21213186644292104,-0.5529467767239846,0.4153880933813623,-1.3730617761611938
0.32506377587740776,-0.5498919235436128,0.3849385927605901,1790750552,665987436,0.11699999868869781,0.21197778436265116,-0.5529643907088839,0.4147901950927602,-1.380799328241717
0.32362937028933325,-0.5498174050052442,0.38346117986128614,1790750552,715167479,0.11599999666213989,0.21179090227068947,-0.5529852417439015,0.41408994260574705,-1.389881176696347
0.323896646533726,-0.5494300531732802,0.377235357967452,1790750552,765600700,0.11800000071525574,0.21113385686896177,-0.5530554596550705,0.41181005772988355,-1.4196070705575317
0.32279734393145576,-0.5490333116264887,0.3706526955956156,1790750552,815225636,0.11900000274181366,0.21032447599755774,-0.5531361255078977,0.40930527053610455,-1.452575256808936
0.3195944349737137,-0.5485371115894205,0.3620416326917577,1790750552,865434596,0.11900000274181366,0.20906192708338286,-0.5532521691821821,0.4058746520256178,-1.498346563392205
0.31486059921569953,-0.548075838960281,0.35351641534542466,1790750552,915899919,0.11800000071525574,0.2075532381302426,-0.5533823935242147,0.40231160880067923,-1.546770883273777
0.31095748160952535,-0.5474900409456918,0.3433093955185066,1790750552,965358510,0.11900000274181366,0.2056545441565787,-0.5535401049447822,0.3984064802139728,-1.6011116988612504
0.3028468289112203,-0.5471339398215933,0.3350157225438916,1790750553,15394108,0.11599999666213989,0.20346742965932357,-0.5537164342798443,0.39448340281356137,-1.6572923303696294
0.30050153746470165,-0.5464397549638349,0.3239367258460639,1790750553,65426028,0.11999999731779099,0.20120146454976476,-0.5538979853326553,0.39089842889432624,-1.7103689626525385
0.2942851744339938,-0.5460114450603546,0.3152805551330298,1790750553,115705896,0.11999999731779099,0.19876033469532522,-0.5540930557103037,0.38745875072196206,-1.7631389851460173
0.28687086197406764,-0.5456968682542679,0.30763765124970555,1790750553,165990634,0.11900000274181366,0.19614919265322558,-0.5543041773626511,0.38416538215886153,-1.8157551434808992
0.27992968679526264,-0.5453611897609997,0.2998749022166854,1790750553,215532068,0.11900000274181366,0.1934098256253631,-0.554528321352135,0.38106158815769287,-1.867565953108716
0.2738044002640899,-0.5449005462978123,0.2908931318529475,1790750553,265800324,0.12099999934434891,0.19044972312016495,-0.5547761150069325,0.37804513000695383,-1.9204960569195142
0.2665441475772476,-0.5445576775663009,0.28299743344525763,1790750553,315571808,0.12200000137090683,0.18735990458767116,-0.5550404145259376,0.3752143962151518,-1.9729659538745947
0.2604952820110268,-0.5440877153367476,0.27423388304873264,1790750553,365610849,0.125,0.1842987806385962,-0.5553099752338292,0.3726876999447959,-2.022701078522232
0.250611438621465,-0.5442049856151924,0.27069598028234626,1790750553,415368119,0.12200000137090683,0.18116792994626385,-0.5555929715333352,0.37035496489540914,-2.0716179312077245
0.24272742782339624,-0.5439017637436884,0.2631416532319132,1790750553,465257427,0.12399999797344208,0.1776969015038359,-0.5559173689996033,0.3680351962855666,-2.1239683112135705
0.23276544019575174,-0.5439408687081697,0.25849319914671637,1790750553,515375821,0.12300000339746475,0.174047141543199,-0.5562695923912322,0.365867147623396,-2.1771976435986304
0.22245446944625674,-0.5439466023458612,0.25323591635995146,1790750553,565437214,0.12300000339746475,0.17006072744863734,-0.5566698030100791,0.3637891469781531,-2.233621519125095
0.2109559505984542,-0.5442355810593922,0.2503555266077787,1790750553,615701220,0.12099999934434891,0.16590199531393993,-0.5571035003983171,0.3619151860122442,-2.2908768181220225
0.2021190486993642,-0.5439436061793517,0.24280687631271158,1790750553,665412953,0.125,0.16194899281863395,-0.5575334797969806,0.36039378861844346,-2.3440957496434844
0.19113978265415635,-0.5443618793247891,0.2414434282933159,1790750553,715326076,0.12300000339746475,0.1579517066840228,-0.5579851666734115,0.3590952811941259,-2.3969143425824813
0.18050573225234673,-0.5446332702169375,0.23872616265568286,1790750553,765547397,0.12300000339746475,0.15384035184436073,-0.5584699715586522,0.35800107208534426,-2.450440071679806
0.1699802540369474,-0.5448555410129948,0.23562153831977792,1790750553,815350065,0.12399999797344208,0.14970682133629015,-0.5589774501642121,0.3571351552763574,-2.503590144913757
0.15907718788604588,-0.5452624902420062,0.23406251687928784,1790750553,865314485,0.12399999797344208,0.14551242214964255,-0.5595157955389501,0.3564914346889387,-2.5570585114291084
0.14812708284115808,-0.5456243974045939,0.23210129862315795,1790750553,915413925,0.125,0.1412778792097299,-0.5600828289857005,0.35607323966559584,-2.610697858007245
0.13769763859237386,-0.5463703555487045,0.23372321020116235,1790750553,965244862,0.12300000339746475,0.13728798094286904,-0.5606416122973503,0.35589179964706197,-2.661105012292967
0.12741836201574258,-0.5470629390115458,0.23488023643169675,1790750554,15637685,0.12200000137090683,0.13329431425825086,-0.5612247567723931,0.3559129445624065,-2.71153705267774
0.11676014333420258,-0.5477296078763104,0.2356090983962808,1790750554,65294713,0.12200000137090683,0.1291530497853688,-0.5618580506404195,0.3561528801075545,-2.763986564971328
0.10652583080041671,-0.5489417999786061,0.24086437521128407,1790750554,115694460,0.11800000071525574,0.12493302694941238,-0.562533668883276,0.356624629177881,-2.8177142269794033
0.09483841743682614,-0.5495904029500047,0.24095477121838182,1790750554,165736306,0.11999999731779099,0.1204683356994808,-0.5632866179737669,0.35738294796328474,-2.8750947834994767
0.08321486288845387,-0.5504446749329748,0.2427399867428577,1790750554,215625438,0.12099999934434891,0.11601146738792735,-0.5640788272623167,0.35840974279385773,-2.9330980748013786
0.07367580531174386,-0.5517573429641042,0.24874366358263544,1790750554,265504459,0.11800000071525574,0.1119067070154314,-0.5648499131990979,0.3596083690950982,-2.9874051911662884
0.06365818423261196,-0.5527835290333682,0.2523868800483483,1790750554,315306507,0.11800000071525574,0.10793365900813341,-0.5656363283715791,0.36100772542976767,-3.0409523214426484
0.05416253410551761,-0.553996202949104,0.25752546948039523,1790750554,365302019,0.11699999868869781,0.10399960878701696,-0.56646009531718,0.36264405521756615,-3.0951901864423736
0.04590274299218545,-0.5554834667332371,0.264934466857466,1790750554,415575340,0.11400000005960464,0.10013780591847907,-0.5673156778161893,0.36450633408842287,-3.149824813166323
0.03664560376812623,-0.5567154996168736,0.2701730548397693,1790750554,465799290,0.11400000005960464,0.09639053074358278,-0.568198261054189,0.36658202695368053,-3.2044872188280284
0.026617148307856747,-0.5578039450188753,0.2742433157427966,1790750554,515677690,0.11599999666213989,0.09279184207832443,-0.5690992562233375,0.3688441882271223,-3.2587883273947718
0.019715094157159302,-0.5592581489344103,0.2816699396417244,1790750554,565203245,0.11400000005960464,0.08953594764550687,-0.5699682260507141,0.3711481083752841,-3.3098052601339925
0.011349182590801948,-0.5604738019759611,0.2871086063544119,1790750554,615156285,0.11500000208616257,0.08641267702807576,-0.5708556246647803,0.37361114990279937,-3.360737433597303
0.006512957112923726,-0.5624346897287537,0.29814581497437287,1790750554,665122806,0.10999999940395355,0.08306388193333904,-0.5718783104413071,0.3765726841318646,-3.4180513980316087
-0.0013583205296284623,-0.5640455558413514,0.30610951034734446,1790750554,715498397,0.10999999940395355,0.07980830768953721,-0.5729547882544936,0.3798157102915156,-3.477040366834522
-0.007479610524384381,-0.5656774783134361,0.314587251443103,1790750554,765249046,0.10899999737739563,0.07695704829439762,-0.5739820181153401,0.38301593471606576,-3.5321236909101277
-0.014696316068409834,-0.5672031498292484,0.3221848348835954,1790750554,815554756,0.10999999940395355,0.07429240347912594,-0.5750287987258995,0.3863702450755241,-3.587243769420117
-0.01809276693409599,-0.5690344446422267,0.3323071032054547,1790750554,865615788,0.10700000077486038,0.07184538056174335,-0.576086601211694,0.38984315171903006,-3.641959190543479
-0.0225551062307979,-0.5707475670465172,0.34146016747785646,1790750554,915608235,0.10599999874830246,0.0696038746480251,-0.5771585356301321,0.39343729186769516,-3.6965747369138566
-0.025576146583822776,-0.5725417926232955,0.35125165402858605,1790750554,965217762,0.10400000214576721,0.06757023408393842,-0.5782468505064486,0.39715595153291544,-3.751269298654149
-0.029870085940436858,-0.5742626086899725,0.3603992241546984,1790750555,15229053,0.10400000214576721,0.06573446957557594,-0.5793592183372744,0.40101688018022796,-3.806499110782746
-0.031108205760540533,-0.5757761765855484,0.3687204871862348,1790750555,65360974,0.10199999809265137,0.06440340416695334,-0.5802765016567952,0.4042349779500378,-3.851532634645765
-0.032758616431154186,-0.57717927800925,0.37632881385928185,1790750555,115297847,0.10100000351667404,0.06327687281510902,-0.5811570144893559,0.40735079200532964,-3.894416260434927
-0.03486590571860464,-0.5778130892508413,0.37963912531245886,1790750555,165492861,0.10199999809265137,0.06277556585597245,-0.5815905377727888,0.4088944414501452,-3.9154366652604713
-0.03381981833280512,-0.5784302184431387,0.38312398806640374,1790750555,216043045,0.10000000149011612,0.06239462079339368,-0.5819422240278057,0.41015078621985646,-3.932446708458923
-0.03492992434056805,-0.5784910551920618,0.38336897869599673,1790750555,265518441,0.10100000351667404,0.0623300491773941,-0.5820041520596908,0.4103718750601302,-3.9354314334805625
-0.03496359273026494,-0.5785131566235157,0.38348701540454333,1790750555,315879216,0.10100000351667404,0.06231534879600057,-0.582018457703241,0.41042251447617845,-3.936114714662744
-0.03207898494198294,-0.5786204977095452,0.38430418226201435,1790750555,365215361,0.09799999743700027,0.0623131855630976,-0.5820205659143558,0.4104299775837744,-3.936215400695801
-0.03400535972289989,-0.5785511084200724,0.38377100167118844,1790750555,415368875,0.10000000149011612,0.0623131855630976,-0.5820205659143558,0.4104299775837744,-3.936215400695801
-0.033042172332441416,-0.5785858030648088,0.38403759196660137,1790750555,465416850,0.0989999994635582,0.0623131855630976,-0.5820205659143558,0.4104299775837744,-3.936215400695801
-0.03400535972289989,-0.5785511084200724,0.38377100167118844,1790750555,515429260,0.10000000149011612,0.0623131855630976,-0.5820205659143558,0.4104299775837744,-3.936215400695801
-0.033042172332441416,-0.5785858030648088,0.38403759196660137,1790750555,565385596,0.0989999994635582,0.0623131855630976,-0.5820205659143558,0.4104299775837744,-3.936215400695801
-0.033042172332441416,-0.5785858030648088,0.38403759196660137,1790750555,616776140,0.0989999994635582,0.0623131855630976,-0.5820205659143558,0.4104299775837744,-3.936215400695801
-0.03400535972289981,-0.5785511084200723,0.38377100167118855,1790750555,667414195,0.10000000149011612,0.06231318556309769,-0.5820205659143557,0.41042997758377453,-3.936215400695801
-0.0359317273275261,-0.5784817193890943,0.383237823066611,1790750555,716307401,0.10199999809265137,0.0623131855630976,-0.5820205659143558,0.4104299775837744,-3.936215400695801
-0.03400535972289986,-0.5785511084200725,0.38377100167118844,1790750555,768115661,0.10000000149011612,0.06231318556309764,-0.5820205659143559,0.4104299775837744,-3.936215400695801
-0.03400535972289989,-0.5785511084200724,0.38377100167118844,1790750555,815807152,0.10000000149011612,0.0623131855630976,-0.5820205659143558,0.4104299775837744,-3.936215400695801
-0.0359317273275261,-0.5784817193890943,0.383237823066611,1790750555,865535004,0.10199999809265137,0.0623131855630976,-0.5820205659143558,0.4104299775837744,-3.936215400695801
-0.03496854711335837,-0.5785164137753359,0.3835044113757755,1790750555,916144652,0.10100000351667404,0.0623131855630976,-0.5820205659143558,0.4104299775837744,-3.936215400695801
-0.0359317273275261,-0.5784817193890943,0.383237823066611,1790750555,965622234,0.10199999809265137,0.0623131855630976,-0.5820205659143558,0.4104299775837744,-3.936215400695801
-0.0359317273275261,-0.5784817193890943,0.383237823066611,1790750556,15959702,0.10199999809265137,0.0623131855630976,-0.5820205659143558,0.4104299775837744,-3.936215400695801
-0.03496854711335837,-0.5785164137753359,0.3835044113757755,1790750556,67889843,0.10100000351667404,0.0623131855630976,-0.5820205659143558,0.4104299775837744,-3.936215400695801
-0.03496854711335837,-0.5785164137753359,0.3835044113757755,1790750556,117934985,0.10100000351667404,0.0623131855630976,-0.5820205659143558,0.4104299775837744,-3.936215400695801
-0.036894914717984575,-0.5784470247443578,0.3829712327711981,1790750556,168868876,0.10300000011920929,0.0623131855630976,-0.5820205659143558,0.4104299775837744,-3.936215400695801
-0.03207898494198294,-0.5786204977095452,0.38430418226201435,1790750556,216877582,0.09799999743700027,0.0623131855630976,-0.5820205659143558,0.4104299775837744,-3.936215400695801
-0.03593172732752612,-0.5784817193890944,0.38323782306661097,1790750556,267130745,0.10199999809265137,0.06231318556309758,-0.582020565914356,0.41042997758377436,-3.936215400695801
-0.03496854711335837,-0.5785164137753359,0.3835044113757755,1790750556,315661780,0.10100000351667404,0.0623131855630976,-0.5820205659143558,0.4104299775837744,-3.936215400695801
-0.03496854711335837,-0.5785164137753359,0.3835044113757755,1790750556,366370576,0.10100000351667404,0.0623131855630976,-0.5820205659143558,0.4104299775837744,-3.936215400695801
-0.03400535972289989,-0.5785511084200724,0.38377100167118844,1790750556,416126780,0.10000000149011612,0.0623131855630976,-0.5820205659143558,0.4104299775837744,-3.936215400695801
-0.03207898494198291,-0.5786204977095452,0.38430418226201435,1790750556,466447971,0.09799999743700027,0.06231318556309763,-0.5820205659143558,0.4104299775837744,-3.936215400695801
-0.03496854711335837,-0.5785164137753359,0.3835044113757755,1790750556,516182276,0.10100000351667404,0.0623131855630976,-0.5820205659143558,0.4104299775837744,-3.936215400695801
-0.03689491471798455,-0.5784470247443577,0.3829712327711982,1790750556,565691080,0.10300000011920929,0.06231318556309763,-0.5820205659143557,0.41042997758377453,-3.936215400695801
-0.0359317273275261,-0.5784817193890943,0.383237823066611,1790750556,616266801,0.10199999809265137,0.0623131855630976,-0.5820205659143558,0.4104299775837744,-3.936215400695801
-0.033042172332441416,-0.5785858030648088,0.38403759196660137,1790750556,665574362,0.0989999994635582,0.0623131855630976,-0.5820205659143558,0.4104299775837744,-3.936215400695801
-0.036894914717984575,-0.5784470247443578,0.3829712327711981,1790750556,716055693,0.10300000011920929,0.0623131855630976,-0.5820205659143558,0.4104299775837744,-3.936215400695801
-0.03496854711335837,-0.5785164137753359,0.3835044113757755,1790750556,767557237,0.10100000351667404,0.0623131855630976,-0.5820205659143558,0.4104299775837744,-3.936215400695801
-0.03496854711335837,-0.5785164137753359,0.3835044113757755,1790750556,816289830,0.10100000351667404,0.0623131855630976,-0.5820205659143558,0.4104299775837744,-3.936215400695801
-0.03496854711335837,-0.5785164137753359,0.3835044113757755,1790750556,868222286,0.10100000351667404,0.0623131855630976,-0.5820205659143558,0.4104299775837744,-3.936215400695801
-0.03400535972289989,-0.5785511084200724,0.38377100167118844,1790750556,916040240,0.10000000149011612,0.0623131855630976,-0.5820205659143558,0.4104299775837744,-3.936215400695801
-0.03689491471798455,-0.5784470247443577,0.3829712327711982,1790750556,966063345,0.10300000011920929,0.06231318556309763,-0.5820205659143557,0.41042997758377453,-3.936215400695801
-0.033042172332441416,-0.5785858030648088,0.38403759196660137,1790750557,15627945,0.0989999994635582,0.0623131855630976,-0.5820205659143558,0.4104299775837744,-3.936215400695801
-0.0359317273275261,-0.5784817193890943,0.383237823066611,1790750557,65493770,0.10199999809265137,0.0623131855630976,-0.5820205659143558,0.4104299775837744,-3.936215400695801
-0.03496854711335837,-0.5785164137753359,0.3835044113757755,1790750557,116370234,0.10100000351667404,0.0623131855630976,-0.5820205659143558,0.4104299775837744,-3.936215400695801
-0.036894914717984575,-0.5784470247443578,0.3829712327711981,1790750557,165514062,0.10300000011920929,0.0623131855630976,-0.5820205659143558,0.4104299775837744,-3.936215400695801
-0.03496854711335837,-0.5785164137753359,0.3835044113757755,1790750557,216342460,0.10100000351667404,0.0623131855630976,-0.5820205659143558,0.4104299775837744,-3.936215400695801
-0.03593172732752611,-0.5784817193890944,0.38323782306661097,1790750557,265856273,0.10199999809265137,0.062313185563097555,-0.5820205659143559,0.41042997758377436,-3.936215400695801
-0.03400535972289989,-0.5785511084200724,0.38377100167118844,1790750557,316105176,0.10000000149011612,0.0623131855630976,-0.5820205659143558,0.4104299775837744,-3.936215400695801
-0.03496854711335837,-0.5785164137753359,0.3835044113757755,1790750557,365656229,0.10100000351667404,0.0623131855630976,-0.5820205659143558,0.4104299775837744,-3.936215400695801
-0.03400535972289989,-0.5785511084200724,0.38377100167118844,1790750557,416090522,0.10000000149011612,0.0623131855630976,-0.5820205659143558,0.4104299775837744,-3.936215400695801
-0.03496854711335837,-0.5785164137753359,0.3835044113757755,1790750557,465824921,0.10100000351667404,0.0623131855630976,-0.5820205659143558,0.4104299775837744,-3.936215400695801
-0.033042172332441416,-0.5785858030648088,0.38403759196660137,1790750557,515749940,0.0989999994635582,0.0623131855630976,-0.5820205659143558,0.4104299775837744,-3.936215400695801
-0.03304217233244138,-0.578585803064809,0.3840375919666013,1790750557,566428727,0.0989999994635582,0.06231318556309764,-0.582020565914356,0.41042997758377436,-3.936215400695801
-0.03496854711335837,-0.5785164137753359,0.3835044113757755,1790750557,617406201,0.10100000351667404,0.0623131855630976,-0.5820205659143558,0.4104299775837744,-3.936215400695801
-0.03400535972289985,-0.5785511084200724,0.38377100167118844,1790750557,666863457,0.10000000149011612,0.0623131855630976,-0.5820205659143558,0.4104299775837744,-3.936215400695801
-0.03400535972289989,-0.5785511084200724,0.38377100167118844,1790750557,716484012,0.10000000149011612,0.0623131855630976,-0.5820205659143558,0.4104299775837744,-3.936215400695801
-0.031115804727815208,-0.5786551920957869,0.38457077057117883,1790750557,765401892,0.09700000286102295,0.0623131855630976,-0.5820205659143558,0.4104299775837744,-3.936215400695801
-0.033042172332441416,-0.5785858030648088,0.38403759196660137,1790750557,816093966,0.0989999994635582,0.0623131855630976,-0.5820205659143558,0.4104299775837744,-3.936215400695801
-0.034968547113358395,-0.5785164137753359,0.3835044113757755,1790750557,865291433,0.10100000351667404,0.062313185563097576,-0.5820205659143558,0.4104299775837744,-3.936215400695801
-0.03400535972289989,-0.5785511084200724,0.38377100167118844,1790750557,917525956,0.10000000149011612,0.0623131855630976,-0.5820205659143558,0.4104299775837744,-3.936215400695801
-0.03400535972289992,-0.5785511084200723,0.3837710016711884,1790750557,965229437,0.10000000149011612,0.062313185563097576,-0.5820205659143558,0.41042997758377436,-3.936215400695801
-0.03400535972289989,-0.5785511084200724,0.38377100167118844,1790750558,15843445,0.10000000149011612,0.0623131855630976,-0.5820205659143558,0.4104299775837744,-3.936215400695801
-0.034005359722899836,-0.5785511084200724,0.3837710016711886,1790750558,65455573,0.10000000149011612,0.06231318556309769,-0.5820205659143558,0.4104299775837746,-3.936215400695801
-0.03207898494198294,-0.5786204977095452,0.38430418226201435,1790750558,116550501,0.09799999743700027,0.0623131855630976,-0.5820205659143558,0.4104299775837744,-3.936215400695801
-0.03400535972289989,-0.5785511084200724,0.38377100167118844,1790750558,165651458,0.10000000149011612,0.0623131855630976,-0.5820205659143558,0.4104299775837744,-3.936215400695801
-0.03496854711335837,-0.5785164137753359,0.3835044113757755,1790750558,215749183,0.10100000351667404,0.0623131855630976,-0.5820205659143558,0.4104299775837744,-3.936215400695801
-0.03496854711335837,-0.5785164137753359,0.38350441137577557,1790750558,265591109,0.10100000351667404,0.062313185563097576,-0.5820205659143558,0.4104299775837745,-3.936215400695801
-0.03496854711335837,-0.5785164137753359,0.3835044113757755,1790750558,316124569,0.10100000351667404,0.0623131855630976,-0.5820205659143558,0.4104299775837744,-3.936215400695801
-0.033042172332441375,-0.5785858030648088,0.38403759196660137,1790750558,368920699,0.0989999994635582,0.0623131855630976,-0.5820205659143558,0.4104299775837744,-3.936215400695801
-0.03400535972289989,-0.5785511084200724,0.38377100167118844,1790750558,415473298,0.10000000149011612,0.0623131855630976,-0.5820205659143558,0.4104299775837744,-3.936215400695801
-0.031115804727815208,-0.5786551920957869,0.38457077057117883,1790750558,466495310,0.09700000286102295,0.0623131855630976,-0.5820205659143558,0.4104299775837744,-3.936215400695801
-0.033042172332441416,-0.5785858030648088,0.38403759196660137,1790750558,515317245,0.0989999994635582,0.0623131855630976,-0.5820205659143558,0.4104299775837744,-3.936215400695801
-0.03400535972289989,-0.5785511084200724,0.38377100167118844,1790750558,565461266,0.10000000149011612,0.0623131855630976,-0.5820205659143558,0.4104299775837744,-3.936215400695801
-0.03400535972289989,-0.5785511084200724,0.38377100167118844,1790750558,615667724,0.10000000149011612,0.0623131855630976,-0.5820205659143558,0.4104299775837744,-3.936215400695801
-0.0359317273275261,-0.5784817193890942,0.383237823066611,1790750558,666043378,0.10199999809265137,0.062313185563097576,-0.5820205659143558,0.4104299775837744,-3.936215400695801
-0.03496854711335837,-0.5785164137753359,0.3835044113757755,1790750558,718097010,0.10100000351667404,0.0623131855630976,-0.5820205659143558,0.4104299775837744,-3.936215400695801
-0.03400535972289989,-0.5785511084200724,0.38377100167118844,1790750558,765911334,0.10000000149011612,0.0623131855630976,-0.5820205659143558,0.4104299775837744,-3.936215400695801
-0.03400535972289989,-0.5785511084200724,0.38377100167118844,1790750558,817468174,0.10000000149011612,0.0623131855630976,-0.5820205659143558,0.4104299775837744,-3.936215400695801
-0.03496854711335837,-0.5785164137753359,0.3835044113757755,1790750558,865629076,0.10100000351667404,0.0623131855630976,-0.5820205659143558,0.4104299775837744,-3.936215400695801
-0.03400535972289989,-0.5785511084200724,0.38377100167118844,1790750558,917272509,0.10000000149011612,0.0623131855630976,-0.5820205659143558,0.4104299775837744,-3.936215400695801
-0.0359317273275261,-0.5784817193890943,0.383237823066611,1790750558,966129482,0.10199999809265137,0.0623131855630976,-0.5820205659143558,0.4104299775837744,-3.936215400695801
-0.0359317273275261,-0.5784817193890943,0.383237823066611,1790750559,15454820,0.10199999809265137,0.0623131855630976,-0.5820205659143558,0.4104299775837744,-3.936215400695801
-0.033042172332441416,-0.5785858030648088,0.38403759196660137,1790750559,65479118,0.0989999994635582,0.0623131855630976,-0.5820205659143558,0.4104299775837744,-3.936215400695801
-0.03496854711335837,-0.5785164137753359,0.3835044113757755,1790750559,117458128,0.10100000351667404,0.0623131855630976,-0.5820205659143558,0.4104299775837744,-3.936215400695801
-0.033035606998836065,-0.578583353532915,0.38401563823636664,1790750559,165632159,0.0989999994635582,0.06231623494352734,-0.5820194972722207,0.4104205439962042,-3.9360829343334247
-0.03302789711356682,-0.5785804785473351,0.38398987095384307,1790750559,215299102,0.0989999994635582,0.06231981583443673,-0.5820182430201795,0.41040947172294806,-3.935927452928592
-0.03394293948703842,-0.5785278317189342,0.38356251741407776,1790750559,265503318,0.10000000149011612,0.06234198634555272,-0.5820104673511306,0.4103409528517393,-3.93496401290484
-0.03388752773053787,-0.5785072520856499,0.38337820977592224,1790750559,315417847,0.10000000149011612,0.06236753837796044,-0.5820015385372973,0.41026226655062953,-3.9338572384497024
-0.034716411748940676,-0.5784230097993569,0.38266765959328713,1790750559,365542145,0.10100000351667404,0.062428824715371437,-0.5819802750753342,0.41007476827730155,-3.9312183909593568
-0.03360775082270314,-0.5784046544714777,0.38245885295180926,1790750559,415234061,0.10000000149011612,0.06249647302356436,-0.581957036716423,0.4098697821100033,-3.9283310660288397
-0.03429862465956103,-0.5782720130990582,0.3813137826633458,1790750559,465327350,0.10100000351667404,0.06262021223880303,-0.5819151491631979,0.4095000794093649,-3.9231175965580376
-0.03399774728648047,-0.5781660098585029,0.3803624729809913,1790750559,515818912,0.10100000351667404,0.06275789078100553,-0.581869429284217,0.40909628402441306,-3.917413981160171
-0.030710923529241582,-0.5781341540580617,0.3799421053470746,1790750559,565523882,0.09799999743700027,0.06294970779324044,-0.5818071897612157,0.4085462037710684,-3.909627891341698
-0.031218905766038293,-0.5779470950795021,0.37830561382288014,1790750559,615420633,0.0989999994635582,0.06315633364349416,-0.5817419366774638,0.4079689456894176,-3.9014363599690367
-0.03335753595256585,-0.5775995127067041,0.37531265223070825,1790750559,665625497,0.10199999809265137,0.06348334189759469,-0.581642180595595,0.40708529493557777,-3.8888538002551423
-0.03351595567733562,-0.5773155608723751,0.3727977425307032,1790750559,715275542,0.10300000011920929,0.06383944995700708,-0.5815379787203315,0.40616083899741273,-3.875632106112918
-0.030639713872944896,-0.5771072870394589,0.37082347775866187,1790750559,765535092,0.10100000351667404,0.06428723310984398,-0.5814127886864305,0.40504829481387605,-3.8596373027875273
-0.029592008130982728,-0.5768140603238573,0.3681692826445854,1790750559,815183044,0.10100000351667404,0.06476223199337643,-0.5812863227413608,0.40392228181656986,-3.8433504236493206
-0.02919891813171631,-0.5764179144221592,0.3646229087180192,1790750559,865381992,0.10199999809265137,0.06535962310629004,-0.5811354205718584,0.4025758667788698,-3.8237361194560897
-0.02684203453653762,-0.5761066280923721,0.3617433270789421,1790750559,915660116,0.10100000351667404,0.06600544516968511,-0.5809812284958491,0.40119690097887095,-3.803478990825412
-0.026917433775194635,-0.5755953904633182,0.3571795995456506,1790750559,965561811,0.10300000011920929,0.06679179415120091,-0.5808043752303396,0.39961127525723317,-3.779958522179108
-0.02321592086737266,-0.5752817177286612,0.3542093996719255,1790750560,15400098,0.10100000351667404,0.0676386919126197,-0.5806254920298062,0.3980030535864397,-3.755832479274136
-0.022765463426433874,-0.574711973833073,0.34908472233898025,1790750560,65213783,0.10300000011920929,0.06863835464128047,-0.5804276731707235,0.3962193470673354,-3.7287254286802582
-0.020339370534205703,-0.5742450832692629,0.34478538693422867,1790750560,115224636,0.10300000011920929,0.06971464682111629,-0.5802286042016039,0.39441875736156035,-3.700953692409545
-0.017730716766170065,-0.5737763123909551,0.34045365552137175,1790750560,165334675,0.10300000011920929,0.0708701329133193,-0.580028749531809,0.39260532366755196,-3.6725266059720663
-0.016657847688737973,-0.5731856770881059,0.33508887614171057,1790750560,215782606,0.10499999672174454,0.07209241901436729,-0.5798309205429335,0.39080449523654,-3.643795499728119
-0.011502893158465158,-0.572771252000032,0.33111321696071727,1790750560,265131240,0.10300000011920929,0.07362271002971515,-0.5796003131362383,0.3886978992156671,-3.6094791640389006
-0.009284203440810337,-0.5720799516037258,0.3247693833500047,1790750560,315386891,0.10499999672174454,0.07531215735876437,-0.5793648168449701,0.38653819254567773,-3.573406676508954
-0.008401244724372106,-0.5712547466974848,0.31726828746852814,1790750560,365217983,0.10899999737739563,0.07706387504762553,-0.5791389751500227,0.3844587010134569,-3.537704192899848
-0.0025162478007519085,-0.5708669709940126,0.31347380519784346,1790750560,415881509,0.10700000077486038,0.07892318034000662,-0.5789170652119944,0.3824072201212894,-3.5014176950489593
0.0006176256508354794,-0.5701856008948905,0.307147477771757,1790750560,465852371,0.10899999737739563,0.0809054496050623,-0.5786982250072148,0.3803758874478493,-3.464290862220735
0.004046659613711978,-0.5695129636491304,0.3008778236822246,1790750560,515587851,0.11100000143051147,0.0829687995026096,-0.5784876641585237,0.3784133052612896,-3.427113976512429
0.00929221839951927,-0.5690031695980492,0.29598985404426137,1790750560,565217923,0.11100000143051147,0.08517478933387823,-0.578279868648786,0.37646828966951185,-3.3887947064271438
0.012853865798389388,-0.5682502897182309,0.28897220758657055,1790750560,615373351,0.11400000005960464,0.0874968822799988,-0.5780784729149926,0.37457493487470633,-3.3498364213222347
0.0205649356021895,-0.5680368105317846,0.2866471053672571,1790750560,665440269,0.11100000143051147,0.08991007404818327,-0.5778861604359994,0.3727589071016527,-3.310645977043384
0.024689189909946882,-0.5673185958668432,0.2799091337862236,1790750560,715261963,0.11400000005960464,0.09238848106891623,-0.5777050116669057,0.3710405134366556,-3.2715912497387984
0.029394073580775684,-0.5667289840802059,0.2743097007566941,1790750560,765198918,0.11599999666213989,0.09479699858712363,-0.5775435187355278,0.3695016251327636,-3.23465171154691
0.03539727057295448,-0.5663482419169416,0.2705470757240639,1790750560,815456375,0.11599999666213989,0.09724952720803481,-0.5773926684901345,0.3680576813853661,-3.197938380954879
0.04113428364826294,-0.565764765586587,0.2649532527770895,1790750560,865298902,0.11800000071525574,0.09999963116143654,-0.5772386425288354,0.36657618906052797,-3.157719992002423
0.047810368942936485,-0.5652938763459011,0.2603417796284958,1790750560,915527683,0.11900000274181366,0.102884067338877,-0.5770930860705179,0.3651686227910138,-3.1164809718203887
0.054401263772047764,-0.5649851272672373,0.2572160183240589,1790750560,965254543,0.11900000274181366,0.10553272405836801,-0.5769729214927916,0.3640002269466164,-3.079357081836257
0.06064640257511073,-0.5646032700769408,0.25344622162123037,1790750561,15431092,0.11999999731779099,0.10820084373174384,-0.5768641824858307,0.3629370637471894,-3.042591415589174
0.06709314384062812,-0.564360325695685,0.25093879741191893,1790750561,65238664,0.11999999731779099,0.11077708931170205,-0.5767703286768513,0.3620140155767172,-3.007620302973852
0.07401428926428566,-0.5642441974871996,0.24957313020143368,1790750561,115882894,0.11900000274181366,0.11340998712065263,-0.5766852066745468,0.3611715214683415,-2.972352106220779
0.07979207949700895,-0.5639590611337817,0.24672608883974628,1790750561,165323027,0.11999999731779099,0.11585011140689212,-0.576615671070725,0.36047857415747353,-2.9400405113588333
0.08576803077456183,-0.5636911238126461,0.2440346592376342,1790750561,215925043,0.12099999934434891,0.11834425494828466,-0.5765535718056102,0.359854980820438,-2.907339276623108
0.09160650431295118,-0.5637842885234452,0.24464617974077246,1790750561,265261195,0.11900000274181366,0.12047125857496453,-0.576507570083827,0.3593891303751382,-2.879679985342316
0.09695217503411463,-0.5636799169259783,0.24348565270604572,1790750561,316002212,0.11900000274181366,0.12261632919658154,-0.5764674995945457,0.3589795035084644,-2.8519722702673302
0.1015639535239776,-0.5633809358693538,0.2405869955937523,1790750561,365062223,0.12099999934434891,0.12461964658755818,-0.5764356915530008,0.3586505725882288,-2.826244029185542
0.10688026566315553,-0.5634174397588925,0.2407247843832484,1790750561,415284040,0.11999999731779099,0.1266658263432659,-0.5764086944620906,0.35836728625259895,-2.8000931523185946
0.11122872440039883,-0.5630379099967858,0.23711356625226587,1790750561,465570997,0.12300000339746475,0.1285704096332539,-0.5763884717829448,0.35815087161327785,-2.775851326871221
0.11598491078130982,-0.5629959299842975,0.2365693970307477,1790750561,515537932,0.12300000339746475,0.13044070594200188,-0.5763731546601613,0.357982249241788,-2.7521247953781938
0.1198337732565231,-0.5629704019656427,0.2362109890465115,1790750561,565534406,0.12300000339746475,0.13195415830544538,-0.5763640132468605,0.3578773701009747,-2.7329731335439784
0.12352839049335176,-0.5629529453914504,0.23593548743030454,1790750561,615601101,0.12300000339746475,0.13340691667415971,-0.5763579553552537,0.35780312572752343,-2.714622801382606
0.12656731130048884,-0.5629437428190444,0.23575901494313173,1790750561,665790168,0.12300000339746475,0.13460182474754573,-0.576354962195123,0.3577614191173614,-2.699549518924089
0.12942479811103777,-0.5628302021918895,0.23463962237172892,1790750561,715730650,0.12399999797344208,0.13574541791400482,-0.5763537664931263,0.3577378046138331,-2.6851370702853883
0.13173450572290032,-0.5629386900129405,0.2355623958855168,1790750561,765302545,0.12300000339746475,0.13663353150842739,-0.5763539591597676,0.3577304397261516,-2.673951650179683
0.13388073251722077,-0.5628314729419807,0.23452488398924337,1790750561,815488714,0.12399999797344208,0.1374888425591001,-0.5763550684245389,0.35773240569373776,-2.663183917058761
0.1354166666756299,-0.563052187297201,0.23649550976858164,1790750561,865259518,0.12200000137090683,0.13807274528987207,-0.5763563446160077,0.35773883939513335,-2.65583487091744
0.13675691971491907,-0.562837489629887,0.2345018019908648,1790750561,915496928,0.12399999797344208,0.1386141568143931,-0.5763579038753248,0.3577484999847735,-2.649021629360272
0.13776898090674236,-0.5631675371848277,0.23748503107930913,1790750561,965094416,0.12099999934434891,0.13899820921756914,-0.5763592262399162,0.35775750581466226,-2.6441892048698032
0.13868025384744592,-0.5630617474083182,0.23649661736025054,1790750562,15698876,0.12200000137090683,0.13936230278852765,-0.5763606469604726,0.35776769558768673,-2.6396081635958337
0.13913022138407047,-0.562954492965382,0.235506844780404,1790750562,65525801,0.12300000339746475,0.13954141727283176,-0.5763614057092059,0.35777330152303194,-2.637354481268933
0.13950371569801048,-0.5628470213052916,0.23451706776144066,1790750562,115165011,0.12399999797344208,0.13968885113609997,-0.5763620598725008,0.35777820906237967,-2.635499372425918
0.139644441245797,-0.5630655849167022,0.23650689305525902,1790750562,165277141,0.12200000137090683,0.13974326673638565,-0.5763623108150858,0.35778008732508493,-2.634814488965751
0.13973505347523257,-0.5627390146490178,0.23352597853873805,1790750562,215296836,0.125,0.13977948121744155,-0.576362481281503,0.35778135742870515,-2.6343585945877885
0.1397605627061883,-0.5630660842929379,0.2365084491756557,1790750562,265596840,0.12200000137090683,0.13978913898238496,-0.5763625263551801,0.3577817114653424,-2.6342370869561336
0.13977172525728634,-0.5630661339095754,0.23650861574316892,1790750562,315146558,0.12200000137090683,0.13979355119151368,-0.5763625465109463,0.35778188266570204,-2.6341816271860945
0.13977357450469913,-0.5630661421352645,0.2365086433963029,1790750562,365395838,0.12200000137090683,0.13979428214147765,-0.5763625498523572,0.3577819110504561,-2.6341724395751953
0.13977374423976888,-0.563175129303409,0.237502688577112,1790750562,415366301,0.12099999934434891,0.13979428214147765,-0.5763625498523572,0.3577819110504561,-2.6341724395751953
0.13977340476962935,-0.5629571549671201,0.2355145982154938,1790750562,465510516,0.12300000339746475,0.13979428214147765,-0.5763625498523572,0.3577819110504561,-2.6341724395751953
0.13977340476962935,-0.5629571549671201,0.2355145982154938,1790750562,515636851,0.12300000339746475,0.13979428214147765,-0.5763625498523572,0.3577819110504561,-2.6341724395751953
0.13977357450469916,-0.5630661421352644,0.2365086433963029,1790750562,565160939,0.12200000137090683,0.13979428214147774,-0.5763625498523571,0.3577819110504561,-2.6341724395751953
0.1397728955656847,-0.5626301942747028,0.2325324700792652,1790750562,616394608,0.12600000202655792,0.13979428214147765,-0.5763625498523572,0.3577819110504561,-2.6341724395751953
0.13977340476962935,-0.5629571549671201,0.2355145982154938,1790750562,665554100,0.12300000339746475,0.13979428214147765,-0.5763625498523572,0.3577819110504561,-2.6341724395751953
0.13977374423976888,-0.563175129303409,0.237502688577112,1790750562,717248219,0.12099999934434891,0.13979428214147765,-0.5763625498523572,0.3577819110504561,-2.6341724395751953
0.13977877217566148,-0.5639819773621635,0.23554677147952718,1790750562,765449462,0.12300000339746475,0.1397902775176317,-0.5767782878220201,0.35787933109477604,-2.6336490111670052
0.13978417336574375,-0.5654816024055901,0.23857691813395832,1790750562,815448304,0.11999999731779099,0.13978717933037912,-0.5772631872616674,0.35799715764767337,-2.633031736638191
0.13980219940850988,-0.5707599070832714,0.2368909634645942,1790750562,865392684,0.12200000137090683,0.13976374166480848,-0.5794790796889653,0.358578986230088,-2.6303994178834205
0.13980241772260735,-0.5770615626352721,0.24040880341403453,1790750562,915567732,0.11900000274181366,0.1397842618459348,-0.5818755011255273,0.35931139513989996,-2.627386015617543
0.13981476669674378,-0.5839676522629726,0.2462587405431134,1790750562,965498509,0.11400000005960464,0.13976329635087723,-0.5846431761293165,0.3602567275073548,-2.6245559284646505
0.13981953327900534,-0.5908023576641841,0.24431930143640454,1790750563,15628011,0.11699999868869781,0.13979061885268648,-0.5873245788359736,0.36126759732622626,-2.6217471440042863
0.13982323265376392,-0.5943635592459111,0.24295464517878707,1790750563,65462074,0.11900000274181366,0.13980107388245055,-0.5886792521556181,0.36181880636475494,-2.62048131034569
0.13982562428664524,-0.5971023191642821,0.24652164214828276,1790750563,116128997,0.11599999666213989,0.13981233164365658,-0.5898036661029393,0.3622917968186997,-2.619474776035743
0.13968834525091803,-0.5977924197824693,0.24261853581950238,1790750563,165361397,0.11999999731779099,0.1397632312086284,-0.589969294922761,0.36236323284526883,-2.619640407046984
0.13952685120269065,-0.5976128402729394,0.2456164082072823,1790750563,215694150,0.11699999868869781,0.13970094111196607,-0.5899756877957585,0.3623667541934894,-2.6200153679173996
0.1385866640860079,-0.5976855333938569,0.24462804742878436,1790750563,265172422,0.11800000071525574,0.13934424145018165,-0.5899799467875128,0.3623737487532479,-2.6221876474323547
0.1374945832064374,-0.5976916079693851,0.24464361151627467,1790750563,315225507,0.11800000071525574,0.13892913049475386,-0.5899837008501491,0.36238285905387013,-2.6247156250653982
0.13492026074305188,-0.5977063783530742,0.24470188845310992,1790750563,365458259,0.11800000071525574,0.13795021109085778,-0.5899917234413217,0.3624104423873196,-2.630674847151394
0.13201138114679797,-0.5978542570254912,0.24280661418985253,1790750563,415372563,0.11999999731779099,0.13687410608602252,-0.5899992467881067,0.36245046934591924,-2.6372215816280433
0.1273697076762082,-0.5977588337451926,0.2450552179114459,1790750563,465273349,0.11800000071525574,0.1350761327322193,-0.5900132048882906,0.36254826628141357,-2.6481577589751133
0.12237718622668246,-0.5977341190496627,0.24643767364640237,1790750563,515383665,0.11699999868869781,0.13313763126099457,-0.5900244769545088,0.3626864324982003,-2.6599446897357564
0.11610304274804016,-0.5976971120723542,0.24915263508015129,1790750563,565517472,0.11500000208616257,0.13064121753250718,-0.5900640617252662,0.3629743311497166,-2.6751777301656374
0.10875643806185767,-0.5980728945732001,0.24618616074140912,1790750563,615631482,0.11900000274181366,0.1280472452283385,-0.5901016498759374,0.3633412915270203,-2.691031149780638
0.09944186081791909,-0.5983656449143757,0.24698379566991388,1790750563,665915188,0.11999999731779099,0.12460525832391199,-0.5901954472331206,0.36403101115184855,-2.7122399894412066
0.09034310793077549,-0.5985450401864989,0.25020216656053895,1790750563,715607296,0.11900000274181366,0.12107501912407675,-0.5902833506111574,0.36486818058526815,-2.73411387902366
0.07884808474221344,-0.5989819463723033,0.2537601028976054,1790750563,765806076,0.11900000274181366,0.11673490256579958,-0.5904638726085075,0.3662458002422394,-2.7614705733182903
0.06847322586220625,-0.5992295914258828,0.26082633097899965,1790750563,815286238,0.11599999666213989,0.11236762502380677,-0.5906331872952022,0.36785615291606805,-2.7893730303417286
0.056740662635358825,-0.5998640366303273,0.26621589546076335,1790750563,865277386,0.11599999666213989,0.1078670153379406,-0.5908901685640465,0.36995385850649054,-2.818971603859397
0.04564752620824302,-0.6004557672841114,0.27331414251672353,1790750563,915736075,0.11500000208616257,0.1033914318982977,-0.5911357065511533,0.37232817335785956,-2.849117679968223
0.03468712197588644,-0.6012303088850568,0.2815730213677492,1790750563,965329784,0.11400000005960464,0.09894958178066178,-0.5914816563924082,0.37522824037879565,-2.8804190006680566
0.02228519526032889,-0.6023027022699315,0.2883327040335258,1790750564,15358525,0.11599999666213989,0.09459119446332276,-0.5918116030459478,0.37843141957345816,-2.9123015636462073
0.01144434068202764,-0.6034290871622079,0.2965720525327764,1790750564,65446822,0.11699999868869781,0.09070001260256196,-0.5922230918094646,0.38190647600732863,-2.9427007621945505
0.0048367365143287405,-0.6040668756302646,0.3088828984083626,1790750564,115514701,0.11299999803304672,0.08704369359017572,-0.5926121895074274,0.3855627910114805,-2.9728022010407154
-0.0024874507379664818,-0.6050537602176624,0.3206528730619042,1790750564,165339329,0.11100000143051147,0.08359574987655607,-0.5930982386368564,0.38970175714603905,-3.003776543834743
-0.0073587450772593516,-0.605797298829823,0.33403609673311907,1790750564,215490682,0.10700000077486038,0.08035466541359967,-0.5935587490764382,0.394082542804607,-3.035138969752227
-0.015236014342458346,-0.6072169600643391,0.3450291838515059,1790750564,265244364,0.1080000028014183,0.07753675361501434,-0.5940958673666272,0.3987418551408147,-3.066024466293897
-0.022412319971070113,-0.6086469447648158,0.35672046026020915,1790750564,315447912,0.10899999737739563,0.07498873354048596,-0.5946024825045991,0.4035903576671013,-3.097146082839842
-0.02242438647741861,-0.6091927193824499,0.36947630050398333,1790750564,365700516,0.10400000214576721,0.07316042256643118,-0.5951008125327881,0.40795958112961106,-3.1236480920078167
-0.02611363776174362,-0.6103271194772795,0.3799477620542094,1790750564,415670894,0.10400000214576721,0.07163242407180966,-0.5955587971968228,0.4122526300986905,-3.149176291035774
-0.029672428329908587,-0.6114987227054066,0.38891501975151965,1790750564,465758108,0.10499999672174454,0.07056765046352613,-0.5959836578879586,0.4160481854120679,-3.171029114515678
-0.030777233420539576,-0.6123241265289534,0.3982039947982608,1790750564,515631875,0.10400000214576721,0.06970865040902251,-0.5963745726429532,0.4197492803185068,-3.1921417696478023
-0.030067962994939273,-0.6127945755735812,0.405636211452728,1790750564,565669587,0.10199999809265137,0.06920367283475005,-0.5967005125257198,0.42266921075437436,-3.2084415227292373
-0.029982186536678154,-0.6133556845683069,0.41239623494258454,1790750564,615347807,0.10100000351667404,0.0688295084664031,-0.5969986657444292,0.42542303716651975,-3.2237411750099225
-0.032453309924657336,-0.614267483626336,0.41744927700900547,1790750564,665420075,0.10300000011920929,0.06861971191152545,-0.5972441614704078,0.4276203528731961,-3.2358220588429285
-0.028861872333688712,-0.6141458870274962,0.42277634335379694,1790750564,715489122,0.0989999994635582,0.06847751535035677,-0.5974716312181816,0.42970546251030983,-3.247274806771191
-0.02899758557390443,-0.6144842187176529,0.4258783038826185,1790750564,765270508,0.0989999994635582,0.06841898383746212,-0.5976138169751435,0.43101653732917045,-3.254461429129433
-0.02710404729703489,-0.6144424522296458,0.4287453366739964,1790750564,815675252,0.09700000286102295,0.0683847327393929,-0.5977398158862686,0.4321972030349775,-3.260936145714925
-0.029093813041676506,-0.6149316424532232,0.4300234527403393,1790750564,865498305,0.0989999994635582,0.06837394723725175,-0.5977994565809901,0.4327664086702002,-3.2640623238613093
-0.027134286669271923,-0.6147007763261733,0.4311582635942263,1790750564,915615121,0.09700000286102295,0.0683679524285448,-0.597847178661032,0.4332268689416649,-3.2665935991257546
-0.030089253612147426,-0.6152499698079594,0.4313565750918212,1790750564,965603945,0.10000000149011612,0.06836690951626244,-0.5978585041733546,0.433336767793436,-3.2671981140730137
-0.02812055569444448,-0.6149143755627936,0.43151104319060957,1790750565,15262441,0.09799999743700027,0.06836651233770585,-0.5978635167250506,0.43338545325956856,-3.2674659987740036
-0.026151225278218254,-0.6145604397863257,0.431493297478517,1790750565,65175624,0.09600000083446503,0.06836671196373906,-0.5978610455397866,0.4333614333251187,-3.267333832812294
-0.027135416112032504,-0.614724714852145,0.4313829595793018,1790750565,115621933,0.09700000286102295,0.06836704512741061,-0.5978570556595484,0.43332268265477847,-3.267120625817959
-0.028117925861537746,-0.6148591260664441,0.4309924165064026,1790750565,165289494,0.09799999743700027,0.0683686289211775,-0.5978408558133969,0.43316559882926403,-3.26625656931691
-0.029099169452893578,-0.6149869357858208,0.4305407132053763,1790750565,215772590,0.0989999994635582,0.06837080824905609,-0.5978221157372416,0.43298454079050963,-3.2652609477283727
-0.0300732561422499,-0.6150622812638651,0.4295999339465705,1790750565,265560004,0.10000000149011612,0.06837669875628437,-0.597782134144965,0.4326004662408416,-3.263150384732476
-0.02808769101513331,-0.614610152456537,0.4286682263903974,1790750565,315496392,0.09799999743700027,0.06838509461219364,-0.5977379457251765,0.43217960375122255,-3.2608393021711213
-0.027059578020531827,-0.6142450434222817,0.42691778529251184,1790750565,365733115,0.09700000286102295,0.06840556389050872,-0.5976568418806264,0.4314165411823973,-3.2566534320265363
-0.02699347867790057,-0.6140377389765721,0.42501369740685413,1790750565,415292916,0.09700000286102295,0.06843473120454846,-0.5975688672594394,0.4306023983323237,-3.252192785247886
-0.030800662117083946,-0.6144156687579753,0.422054281954017,1790750565,465486833,0.10100000351667404,0.06848700391218888,-0.5974419724333746,0.42946061153809534,-3.245951834008075
-0.027676432664365314,-0.6135959259955536,0.4194509190296441,1790750565,515687047,0.09799999743700027,0.06855795206454504,-0.5973048270556028,0.4282567573672963,-3.2393820430334093
-0.027364475536721986,-0.6132036782782897,0.41582304598112435,1790750565,565361590,0.09799999743700027,0.06869447186913193,-0.5971407956375586,0.4267162513037808,-3.2308746168164473
-0.028910633395761026,-0.613109996516617,0.4117427483426793,1790750565,615553971,0.10000000149011612,0.06886993245957514,-0.5969644976758782,0.4250950554922769,-3.2219163021151993
-0.027304415233171328,-0.612430604791315,0.40715380270970825,1790750565,665422774,0.0989999994635582,0.06913605779734258,-0.5967457167674993,0.4230980600807999,-3.2108422970397825
-0.026522298523970284,-0.6118837165325021,0.40226719760289725,1790750565,715383439,0.0989999994635582,0.06946066408853444,-0.5965096966465334,0.42102646982910286,-3.199350970708781
-0.02931612167558141,-0.6119060075936857,0.395994354753318,1790750565,765499708,0.10300000011920929,0.06991351827195487,-0.596265552834304,0.4187507770415241,-3.186511579419252
-0.028045681562915606,-0.6112923620817156,0.39044002823666757,1790750565,815369114,0.10300000011920929,0.0704365911165702,-0.5960105552090632,0.4164536471918895,-3.173497966668552
-0.02622301457481617,-0.6105649330734652,0.38372128280592993,1790750565,865473503,0.10300000011920929,0.07119764811967834,-0.5957151858506331,0.413682916809112,-3.1574991477723504
-0.02594981573756361,-0.6100820261912006,0.37620349078338305,1790750565,915463928,0.10499999672174454,0.07207739221302885,-0.5953963886350822,0.4108444760832846,-3.1409981670496414
-0.022059955664648745,-0.6090682382756634,0.3684841740902607,1790750565,965376537,0.10400000214576721,0.07330064548360005,-0.5950428729349375,0.407543684097727,-3.121264938781872
-0.020405889462327534,-0.6084050315969063,0.3594328679069856,1790750566,15670668,0.10599999874830246,0.07470645300449218,-0.5946556599772267,0.4041608996675994,-3.1007874843736984
-0.016307832547474227,-0.6075012910857652,0.35107867777897483,1790750566,65646704,0.10599999874830246,0.07638354474883526,-0.5942965347739957,0.40077719606976603,-3.079403130128118
-0.010100316498568448,-0.606348299268586,0.3439431041979302,1790750566,115329940,0.10400000214576721,0.07820772353367966,-0.5939195750950895,0.3974521438772367,-3.0579617988064873
-0.008004903891727352,-0.6058947040732504,0.33324046258911844,1790750566,165216975,0.1080000028014183,0.08043009211242573,-0.5935559799919429,0.39399412893854263,-3.0344431925482445
-0.002713692333983872,-0.6050455015399876,0.3240996864719627,1790750566,215457634,0.10899999737739563,0.08286263977125365,-0.593164424083916,0.3905566711324871,-3.0103814517206584
0.004746480405776993,-0.6040420847414788,0.316502356378348,1790750566,265587495,0.1080000028014183,0.08555414435646903,-0.5928117251390502,0.38726958802646694,-2.9858609391290623
0.010414426983734001,-0.6033481289802005,0.3072899624666078,1790750566,315417076,0.10999999940395355,0.08838586884575517,-0.5924416996134875,0.38411120901530765,-2.9613924271361904
0.01827626385051674,-0.6025651109426818,0.29838595179027744,1790750566,365389898,0.11100000143051147,0.09179132269211977,-0.5921069217719063,0.3808914832433713,-2.9340187982321684
0.02439670649005203,-0.6021269558998601,0.2866622617419465,1790750566,415193636,0.11599999666213989,0.09540962927433222,-0.5917486716051973,0.37779653212553754,-2.9062057143261852
0.03504696514339674,-0.6012839772110902,0.2789029072845955,1790750566,465774733,0.11599999666213989,0.09952033161292104,-0.5914352728460551,0.3748309389751969,-2.876324739110729
0.04569379351858853,-0.6005378626140658,0.2709590210408728,1790750566,515994789,0.11699999868869781,0.1037889876948602,-0.5911006605481087,0.3720772059728764,-2.846356162938569
0.057924049114564884,-0.5999037648939425,0.2634142982532575,1790750566,565588376,0.11800000071525574,0.1086523699387719,-0.5908460859637832,0.3695679420322387,-2.8137573506835936
0.07131753485960826,-0.5992086420461018,0.25752477433904497,1790750566,615365873,0.11800000071525574,0.11373661511138475,-0.590566532435025,0.3672969736468107,-2.7805346639288966
0.08532796941301976,-0.598576212481532,0.25483466013193534,1790750566,665067462,0.11599999666213989,0.1188639121281891,-0.5903954764644516,0.36557948091394843,-2.748054271778515
0.0985618945948677,-0.5982678716135555,0.24922882385784478,1790750566,715392464,0.11800000071525574,0.12411226520627353,-0.590212134873617,0.36414742042079,-2.7152963298716974
0.11232116328127835,-0.598132949519335,0.24471686572934112,1790750566,765041728,0.11999999731779099,0.1294689832109841,-0.5901250905976302,0.3632150759412186,-2.682418699285066
0.12704528617601965,-0.5978389755174215,0.24409562728653422,1790750566,815723325,0.11900000274181366,0.13498133251317168,-0.5900238351723628,0.3625732344638961,-2.6487525769688247
0.1407846359120451,-0.5978606835728262,0.24270502829852653,1790750566,865566221,0.11999999731779099,0.14018681999554478,-0.5900169497351715,0.36244690823985637,-2.617167364718032
0.15463187688856395,-0.5979299423829594,0.24221666263475916,1790750566,915791546,0.12099999934434891,0.1453680796829457,-0.5900019582449326,0.3626007519911721,-2.585618695779446
0.16885583042238256,-0.5980646220547335,0.24492706170752027,1790750566,965685562,0.11999999731779099,0.15075928523796703,-0.5900938734013391,0.36328660536396845,-2.552596228639787
0.18323859217717525,-0.5983827468351262,0.2466405192630835,1790750567,15228955,0.12099999934434891,0.15609107927266191,-0.5901759308053623,0.36426985469895734,-2.5195100657200085
0.19733605440368454,-0.5987060209585078,0.25265291523443345,1790750567,65227768,0.11900000274181366,0.1615987905092091,-0.5903668144800804,0.36585320788952524,-2.4846026894775726
0.21370900653588615,-0.5995924399257848,0.2532458626702008,1790750567,115887143,0.12399999797344208,0.16708804713787387,-0.5905497351961431,0.36779155282655307,-2.448941236158186
0.22501845635343776,-0.5999492341547688,0.26281515501759717,1790750567,165505731,0.11999999731779099,0.17191095158825104,-0.590805534571295,0.37003448653860926,-2.4164698000797458
0.2378334319981776,-0.6007178531382003,0.2686319151375126,1790750567,215565100,0.12099999934434891,0.17655212178689533,-0.5910520534307,0.3725172999427657,-2.384155783300957
0.24930324133115717,-0.6015352436787615,0.27607881751726077,1790750567,265903601,0.12099999934434891,0.18084524863972753,-0.5913671315132213,0.37533158862709726,-2.3527832648133935
0.26003496956890065,-0.6023687150456406,0.2840712227379503,1790750567,315574569,0.12099999934434891,0.18487589712543218,-0.5916655800186658,0.3782920090399349,-2.3220257811733016
0.26908359993247916,-0.6032134712354288,0.2932794776957671,1790750567,365303981,0.11999999731779099,0.18850817045717436,-0.5920285467539791,0.3814979394001309,-2.292436428854797
0.2774676681034489,-0.6040728545999068,0.30294970192664844,1790750567,415338526,0.11900000274181366,0.19194366889743802,-0.5923822765351644,0.3848641487408342,-2.2628859869048363
0.28419636713539786,-0.6048971999303524,0.3120604312885506,1790750567,465320376,0.11800000071525574,0.19477254536885086,-0.5927385034444781,0.38808375908488935,-2.2366586390507703
0.29023212508227825,-0.6057071577182362,0.32128322248971264,1790750567,515490913,0.11699999868869781,0.19738276453717724,-0.5930789624971881,0.3913440862081984,-2.2109464863861352
0.2963907922619592,-0.6066874064531135,0.33018728668724184,1790750567,565351216,0.11699999868869781,0.19972999985533949,-0.5934606576581155,0.39476858445055474,-2.1855450881194605
0.30380666513186316,-0.6079182426038074,0.3384455977195842,1790750567,615614921,0.11900000274181366,0.2019223341531752,-0.5938343723213216,0.3982973174228889,-2.1599658859051085
0.3070159113744931,-0.6087038735062363,0.3487122322212216,1790750567,665653984,0.11699999868869781,0.20379314959495587,-0.5942329472162471,0.4018597009856877,-2.135330704298717
0.3141367363237644,-0.6101096656338906,0.35692839238083685,1790750567,715718789,0.11999999731779099,0.20548631515971652,-0.5946182317473312,0.40545777330912847,-2.1108292737600007
0.31659042735974857,-0.6109008529666495,0.3657146088807911,1790750567,765606416,0.11900000274181366,0.20675137094620047,-0.5949701599296782,0.408640071698271,-2.089784866117953
0.3204001697117285,-0.6119249105339137,0.3735823525842323,1790750567,815137225,0.11999999731779099,0.2078463848386127,-0.5953015047661157,0.4117308420390632,-2.069527679455298
0.3245309232902795,-0.6130310858077461,0.38050067477957883,1790750567,865302706,0.12200000137090683,0.20868160018082735,-0.5956131088430449,0.4145528222601734,-2.0513842101035653
0.32358206746585044,-0.6134036083888842,0.38871973682546124,1790750567,915940553,0.11900000274181366,0.20940730528432716,-0.5959133744265942,0.4173416873056192,-2.0335327999767188
0.32487450868143675,-0.6140560445577006,0.39468753045172417,1790750567,965407704,0.11900000274181366,0.20989616955140158,-0.5961606031187782,0.41960209163903767,-2.0192110206216145
0.3259530183494441,-0.6146859155227657,0.4004995735604427,1790750568,15311424,0.11900000274181366,0.21031171801601162,-0.5963959247882684,0.42179667544488986,-2.0053228240283714
0.3277255471885482,-0.61542064259894,0.4056138772423448,1790750568,65612101,0.11999999731779099,0.21061068384594367,-0.596615996331179,0.42379335521222317,-1.9927892701318883
0.3283703853196108,-0.6159860228381322,0.4107967939282591,1790750568,115864230,0.11999999731779099,0.21085638670353565,-0.5968279113041033,0.42574424347594575,-1.9805426134400528
0.3287665094788976,-0.6164345302980903,0.41487733372778335,1790750568,165382918,0.11999999731779099,0.211002727837751,-0.5969980824232755,0.427283605684169,-1.9709034430615107
0.3251376939041941,-0.6162093968675012,0.41915445186643396,1790750568,215389593,0.11599999666213989,0.21111712959476925,-0.5971606293774617,0.4287697832329125,-1.961585966844725
0.3272779559056429,-0.6168756541575132,0.4220627108089089,1790750568,265414535,0.11800000071525574,0.21118174926458433,-0.5972899268451748,0.42994117880742877,-1.9542479044052739
0.32641474009479793,-0.617027758172134,0.42503318756501884,1790750568,315437061,0.11699999868869781,0.21122804096837516,-0.5974115890984434,0.43105231942822214,-1.947277885216933
0.32745550694226655,-0.6173979580742815,0.4268408207940018,1790750568,365451532,0.11800000071525574,0.21125135781847248,-0.5974879510301665,0.43175890118361293,-1.942837620056663
0.3255221249621624,-0.6172400121731385,0.42857813390680255,1790750568,415622439,0.11599999666213989,0.2112681168602143,-0.5975559090815072,0.43239349021185214,-1.938844000816293
0.3235667073417232,-0.6170001684165928,0.42956374255725666,1790750568,465306730,0.11400000005960464,0.211275826719793,-0.5975938142427203,0.4327498939063774,-1.9365983720885902
0.32554609497193077,-0.6174287296457285,0.4303233731755323,1790750568,515855465,0.11599999666213989,0.21128155728687642,-0.5976268947016098,0.4330623485465675,-1.934628043973282
0.32554949428180907,-0.6174710292017733,0.43071552570642935,1790750568,565326856,0.11599999666213989,0.21128400020368795,-0.5976427400747031,0.43321253171215734,-1.9336804149752302
0.3255517455905662,-0.6175057969193171,0.4310381224038071,1790750568,615159982,0.11599999666213989,0.2112858528551718,-0.5976557459164182,0.4333360471593447,-1.9329007668350036
0.32653735593205857,-0.6176869143029499,0.43111110993866075,1790750568,665463751,0.11699999868869781,0.21128636027102946,-0.5976594611563812,0.4333713782321915,-1.9326776768006972
0.3265376273212781,-0.6176919939571227,0.4311582859677428,1790750568,715122089,0.11699999868869781,0.21128661719464553,-0.5976613479465654,0.4333893346776252,-1.932564265315796
0.3265351974106734,-0.6176512850410217,0.4307805204684154,1790750568,765396673,0.11699999868869781,0.2112845120151836,-0.5976462052377896,0.4332454730220027,-1.9334724363701197
0.32554624705035706,-0.6174307569566357,0.4303421687604222,1790750568,815449968,0.11599999666213989,0.21128165258630613,-0.597627648052158,0.4330695402605745,-1.9345826339466472
0.3255240443821716,-0.6172514237246276,0.4286837965207113,1790750568,865395845,0.11599999666213989,0.21126910547648828,-0.5975602020432252,0.4324339898449169,-1.9385887602913874
0.32351315928459123,-0.6167097343155199,0.42688517842952595,1790750568,915452066,0.11400000005960464,0.2112499251604789,-0.5974828377707783,0.43171143234352594,-1.9431361899622634
0.32534986512781877,-0.6166343720809543,0.4230259823325696,1790750568,965216293,0.11599999666213989,0.21119732927438317,-0.5973246541094166,0.43026010810602955,-1.9522462174877167
0.3251243804502143,-0.6161767372815286,0.41887489661307475,1790750569,15289394,0.11599999666213989,0.21111510987362747,-0.597146768755163,0.42865987214174195,-1.9622617042502761
0.32756297728137684,-0.6160250860230814,0.4126913591036445,1790750569,65308095,0.11900000274181366,0.21091396711499366,-0.5969062608069595,0.4264201464539562,-1.976336059328062
0.3258558552033587,-0.6151799493531858,0.4065621376619753,1790750569,115479529,0.11800000071525574,0.21063898204451734,-0.59664495383643,0.42404144684436773,-1.9912471437346724
0.3274138131956107,-0.614723418055506,0.3975541003306244,1790750569,165267627,0.12099999934434891,0.21011364982224992,-0.5963023372928584,0.4208421938002778,-2.0114448350443053
0.32268617545232026,-0.6132860002640198,0.38923138204232854,1790750569,215671397,0.11800000071525574,0.20943158115277694,-0.5959244429210648,0.41744438197983047,-2.032873285488783
0.32271881644134026,-0.6125702935179334,0.37781503235520864,1790750569,265457309,0.12099999934434891,0.2083521041323052,-0.595497057706614,0.41344871832629404,-2.0585355116551485
0.316393904448294,-0.6109587458368243,0.3679572519942617,1790750569,315311759,0.11800000071525574,0.20704149670016175,-0.5950360344457677,0.40933983710495403,-2.0850371325779475
0.3112549824813245,-0.6096137029683494,0.3553956049590129,1790750569,365537305,0.11800000071525574,0.20506305933409558,-0.5945368795188513,0.4045887449458651,-2.1168872166175796
0.3068468161535807,-0.608471112608363,0.3418898600895564,1790750569,415448284,0.11999999731779099,0.2027405539510471,-0.5940005770940332,0.3997905434051761,-2.149534165166781
0.2986321851491609,-0.6070373382715345,0.33006031530612195,1790750569,465465818,0.11900000274181366,0.19994077766398644,-0.5935166608665086,0.3951617594042073,-2.182927060660294
0.29113372279975863,-0.6058308851411784,0.317550445273345,1790750569,515690254,0.11999999731779099,0.19681851792316907,-0.5930086459874024,0.3906273340169153,-2.2165882855225307
0.2778810075641508,-0.6041080365555536,0.30937858978618255,1790750569,565676492,0.11500000208616257,0.1931993546003234,-0.5925630179713389,0.38632487414755656,-2.2512412126148713
0.27042362581637586,-0.6033109470853417,0.29587565815086353,1790750569,615601100,0.11900000274181366,0.1892742530260675,-0.5920954425432768,0.3821889966690679,-2.2860611201463596
0.2592549921359997,-0.6022360985002901,0.2873666393531825,1790750569,666083907,0.11800000071525574,0.18527698338228343,-0.5917307252823716,0.37869512079893786,-2.31869026903716
0.24680038483169978,-0.6010643811697468,0.28156051350589806,1790750569,715629929,0.11500000208616257,0.18119720360161198,-0.591366366486206,0.37551354221443667,-2.350256676428036
0.236878616434247,-0.6005372564795407,0.2715881338599868,1790750569,765539018,0.11800000071525574,0.1767629111266533,-0.5910837070343006,0.3726857725418932,-2.382590343479185
0.2256338211808492,-0.599947424388915,0.26306247035015046,1790750569,815296328,0.11999999731779099,0.17214651385300117,-0.5907904878044298,0.37009170852119366,-2.414921782950613
0.2140520591832918,-0.5995183789701746,0.2555875987324691,1790750569,865508309,0.12200000137090683,0.1674944036952245,-0.5905862806349576,0.3680002433472353,-2.4462144734201714
0.2001529760162903,-0.5987053003865543,0.25456211048263344,1790750569,915310593,0.11800000071525574,0.16278583233656546,-0.5903773466894534,0.36617905332393375,-2.4770076371694296
0.19019761165098942,-0.5985205514096754,0.24945820951578615,1790750569,965466888,0.11999999731779099,0.15879754027314805,-0.5902603432981723,0.3649822495926938,-2.502467098523443
0.1794546098897663,-0.59810539032591,0.24885823709307986,1790750570,15636156,0.11800000071525574,0.15490627349661162,-0.5901469558026434,0.36400181124755776,-2.526908566725884
0.1712530683062799,-0.5980169797836403,0.2462873637685653,1790750570,65624791,0.11900000274181366,0.15172223928745235,-0.5900915375412307,0.3634058283061915,-2.546659504252894
0.16303190747106294,-0.5978221909145541,0.24607911404379956,1790750570,115443796,0.11800000071525574,0.14865350642418165,-0.5900381796333402,0.36294087391634866,-2.5655316749334567
0.15735327079165987,-0.5978945682645411,0.24346167598541574,1790750570,165312200,0.11999999731779099,0.14642265653202025,-0.5900167037123563,0.3627028613127775,-2.5791763440587157
0.15187039892982593,-0.5979155310682751,0.2420272371436551,1790750570,215525218,0.12099999934434891,0.14433275940811735,-0.5899977968852561,0.36253239602567255,-2.5919089395643056
0.1479095221151429,-0.5978330237215129,0.24281781163036892,1790750570,265444899,0.11999999731779099,0.14286386635969006,-0.5899912918961205,0.36245496286795875,-2.600837640022179
0.14435908757113888,-0.5979523845104765,0.24069906651047873,1790750570,315243376,0.12200000137090683,0.14150790171183883,-0.5899855969126664,0.36240527575663173,-2.6090654473826795
0.14241267604845662,-0.5979467976525533,0.24065631906456347,1790750570,365465348,0.12200000137090683,0.14078124324764874,-0.5899816498073911,0.36238509619356624,-2.613469062010143
0.1407918273114319,-0.5978118696558765,0.2426293675050043,1790750570,415540605,0.11999999731779099,0.14017966808043222,-0.5899779131991044,0.3623718150479669,-2.6171120341352765
0.14024497583593137,-0.5976798773831898,0.24462002946811368,1790750570,465299999,0.11800000071525574,0.13997497540294215,-0.5899765443160263,0.3623680057913732,-2.6183511097285828
0.1398943775851706,-0.5976789584706351,0.24461743541077224,1790750570,515283681,0.11800000071525574,0.13984123411879407,-0.5899756226316464,0.36236570912008864,-2.6191605683185615
0.13983554845735183,-0.5985734263238548,0.24380191412050928,1790750570,565300039,0.11900000274181366,0.13981419269595988,-0.5903047816599364,0.36251429642288313,-2.619076615082202
0.13983057297131488,-0.5996300171630785,0.24302389465374252,1790750570,615455677,0.11999999731779099,0.13980809993093357,-0.5906923952080881,0.36269058912226193,-2.618826598636036
0.13983633632961043,-0.6043542841088276,0.24415726388201436,1790750570,665167829,0.11999999731779099,0.13978835185171962,-0.5925445973772909,0.36357471802110863,-2.617688756686682
0.1398439600431264,-0.6102838263284028,0.24157682216741497,1790750570,715916528,0.12399999797344208,0.13980378739319527,-0.5945985572026747,0.36458076607176837,-2.616358349302503
0.13985196384431745,-0.6184982556174498,0.2420174808980445,1790750570,765102666,0.12600000202655792,0.13976820997452571,-0.5975887217898032,0.3662703878704466,-2.615355475908342
0.13986812456714584,-0.6285671481837224,0.2369580274746538,1790750570,815934300,0.1340000033378601,0.13980561050203708,-0.6005952459679712,0.36800599454385574,-2.61436935247222
0.1398770680634384,-0.6381303452603744,0.23429262128678796,1790750570,865616813,0.14000000059604645,0.13978824532487608,-0.6034237215570317,0.369922420919939,-2.6145465287812586
0.1398931368638169,-0.6475606337577009,0.23279174034626798,1790750570,915387271,0.14499999582767487,0.1398185916242514,-0.6060404391687019,0.3717200192326223,-2.6149262926408974
0.1399002820314955,-0.6516786594609756,0.23353748646144865,1790750570,965252767,0.1459999978542328,0.13982993937085286,-0.6072531289966523,0.37261432374325326,-2.615363355184282
0.1399075751911447,-0.6556509939721124,0.23209203344190657,1790750571,15282200,0.14900000393390656,0.1398383862645079,-0.6082033974957413,0.3733355181546963,-2.6158123580246615
0.1398780740820064,-0.6584411215307918,0.22571564536360667,1790750571,65256085,0.15600000321865082,0.13983104317482106,-0.6083701619591381,0.37346170385548877,-2.6159372038304687
0.13983678927986323,-0.6565824292652385,0.23142988164793915,1790750571,115578465,0.15000000596046448,0.13981959404226701,-0.6083907136912228,0.37347762025189,-2.61600040369696
0.13945390906850041,-0.655954310151106,0.2333355879011308,1790750571,165629768,0.14800000190734863,0.1397044385816966,-0.6083961750016965,0.3734860840852283,-2.6165214331343587
0.1389989446192521,-0.6566015507454749,0.23145026900013216,1790750571,215625098,0.15000000596046448,0.1395697032909822,-0.6083987040832088,0.37349308506744366,-2.6171287032187998
0.13788455335168606,-0.655648432528975,0.23431553351172435,1790750571,266182646,0.1469999998807907,0.13922883290149177,-0.6084046531862741,0.373510426344984,-2.61866405298793
0.13661647246812367,-0.6566238504713792,0.23150612296508613,1790750571,315814343,0.15000000596046448,0.13885808166675276,-0.608410412771214,0.3735288021451111,-2.620332478174393
0.1345136231574585,-0.6572837946541902,0.22967553250424458,1790750571,365347568,0.15199999511241913,0.13824337942743004,-0.6084183423233739,0.37355831465988254,-2.623094562091827
0.1322755967477611,-0.6572998957785867,0.2297586660220991,1790750571,415312574,0.15199999511241913,0.1375784037540411,-0.6084246403035428,0.3735887329562377,-2.6260776358357765
0.12873147025013504,-0.657639090162177,0.2289692197786188,1790750571,465573980,0.15299999713897705,0.13653709451571427,-0.6084281071297875,0.37362864914061183,-2.630732167312038
0.125070663247969,-0.6573292136234432,0.23012154196099824,1790750571,515733127,0.15199999511241913,0.13542641140323608,-0.6084252496797938,0.3736665150701892,-2.635682605151468
0.12001199495594927,-0.6567671688666861,0.23251578637720327,1790750571,565216165,0.15000000596046448,0.1338734721588946,-0.6084573880321107,0.37384528193141126,-2.6428433498599966
0.11459661690995715,-0.6565269323045135,0.23410760173399914,1790750571,615356247,0.14900000393390656,0.13221229100529883,-0.6084833707764389,0.3740451070503688,-2.6505080813326742
0.10791476248991899,-0.6573036146243669,0.2332182081271694,1790750571,665487217,0.1509999930858612,0.13029206571384797,-0.6085288209504398,0.3743609504642103,-2.659527149417133
0.10173502057647878,-0.6567789989781115,0.23623720015892696,1790750571,715269721,0.14900000393390656,0.1283314087033619,-0.6085598910389174,0.3746877362375449,-2.6687294134693884
0.0938526310682451,-0.6573242339225698,0.2370578311970332,1790750571,765551906,0.15000000596046448,0.1260273838302032,-0.6086346058412814,0.37523925972544314,-2.6798726576862966
0.0858162673073557,-0.6578627564039793,0.2381598504881876,1790750571,815322956,0.1509999930858612,0.1236785587840732,-0.6086907218839673,0.3758172361136054,-2.6912473835767172
0.07820139944045817,-0.6575264713259051,0.24255579463762103,1790750571,865121952,0.14900000393390656,0.1212417461761177,-0.6087950998717618,0.37662213329642336,-2.703473548582174
0.06929462125669783,-0.6584958194859061,0.24370626198154285,1790750571,915803686,0.1509999930858612,0.11873931895205521,-0.6088808740734524,0.3774768752471779,-2.716079544585178
0.06149031844912783,-0.657651586023765,0.25111956851440076,1790750571,965472967,0.1469999998807907,0.11598392575184728,-0.6090384608855124,0.37869782211736425,-2.7305796990139606
0.05264686403901017,-0.6577830552372279,0.25632868377929446,1790750572,15577955,0.1459999978542328,0.11314563394269642,-0.6091684474885094,0.3799916051705306,-2.745607067843685
0.04454757717595138,-0.6573940714394851,0.26406120379043063,1790750572,65498692,0.14300000667572021,0.11026394806954334,-0.6093699241856124,0.38163688914403693,-2.761660878134491
0.03434302587159219,-0.6586616919493609,0.2681090446724494,1790750572,115418105,0.14499999582767487,0.10737843112725175,-0.6095353706196956,0.3833367883880225,-2.777909013865394
0.0267929494191195,-0.6581297318076154,0.2782304102648189,1790750572,165362184,0.14100000262260437,0.1044149257343464,-0.6098143394669892,0.3855684389194581,-2.7958597167063566
0.018035850525556493,-0.6585870036143915,0.2864700616085363,1790750572,215328921,0.14000000059604645,0.10145702468965506,-0.6100521876735583,0.38788642867798706,-2.8141331075844893
0.009649269768495797,-0.6594936763560499,0.29432372331286316,1790750572,265281037,0.14000000059604645,0.09884029766648758,-0.6103522361745294,0.3903970264010712,-2.8316345715000604
0.0030591191035557325,-0.6596535832306788,0.3038110895746122,1790750572,315433665,0.1379999965429306,0.09630703478917434,-0.6106099676858732,0.3929376795488164,-2.849064936559369
-0.002742451629995951,-0.6599266995383607,0.31368862914283124,1790750572,365402346,0.13600000739097595,0.09403328147388675,-0.6109399240129859,0.395729809754632,-2.8663369680708457
-0.010941063841900744,-0.6616035274438236,0.32147174916290344,1790750572,415448714,0.1379999965429306,0.09184554407188789,-0.611227994406062,0.39855104567362243,-2.8836188037074884
-0.01344502500011717,-0.661109695859986,0.3321869421506235,1790750572,465684314,0.1340000033378601,0.09008802734605284,-0.6115538259393359,0.4013326124622153,-2.8992866968076534
-0.016783938091356657,-0.6612727811812301,0.34158743433449545,1790750572,515471383,0.13199999928474426,0.08846869439964043,-0.6118408803230694,0.40405638936366617,-2.914515783718282
-0.02282353851919504,-0.6630267287774652,0.34952702571993416,1790750572,565467879,0.1340000033378601,0.08704563645268117,-0.6121777748819195,0.4069652462118196,-2.92985263627915
-0.025153592119682183,-0.6632233732850868,0.35930789509723904,1790750572,615306615,0.13199999928474426,0.08572026031606926,-0.6124792431986829,0.40986501051141006,-2.945149217032237
-0.02675195945504738,-0.6634400772162811,0.3688998608816447,1790750572,665344362,0.12999999523162842,0.0846450210733144,-0.6128118936257332,0.41280314681457897,-2.959943235689963
-0.029587088939131076,-0.6643817457380461,0.37772815719376684,1790750572,715235913,0.12999999523162842,0.08367997413517794,-0.6131107913553491,0.41569999438175803,-2.974585813549206
-0.030678863673664333,-0.6648291938437768,0.3855960226088854,1790750572,765381337,0.1289999932050705,0.08303305975004535,-0.6133951697640001,0.41823247286239157,-2.986938025183252
-0.029602495798857986,-0.664411909078121,0.3935563174868113,1790750572,815419547,0.12600000202655792,0.08249165904519204,-0.6136528190362855,0.4206564233651208,-2.998800620649894
-0.03334612676085348,-0.6663274772869173,0.39924269234047066,1790750572,866416312,0.1289999932050705,0.08214335140334984,-0.6138939383962138,0.4227778294691408,-3.0089454419296637
-0.03325705632309503,-0.6665647389702438,0.4053095183145114,1790750572,915704802,0.12800000607967377,0.0818714467178226,-0.6141084465897126,0.42474574052054137,-3.0184145633395243
-0.03284661972869818,-0.666675857913181,0.41017842281765376,1790750572,965931227,0.12700000405311584,0.08170966907676366,-0.6142856683023206,0.42633780885639816,-3.026018478471468
-0.0313896009247531,-0.6663246347691922,0.4147919700420754,1790750573,15284689,0.125,0.08158759364055443,-0.614444797299379,0.4278164075446476,-3.0331305837335734
-0.0342730702073924,-0.6679103180793362,0.4175790378482769,1790750573,65358668,0.12800000607967377,0.08153067325072551,-0.6145591771494524,0.4288551328710499,-3.03810173219025
-0.028952699764020914,-0.6657099635606036,0.4208593497287581,1790750573,115592388,0.12200000137090683,0.08149239956125573,-0.614662318109845,0.4298046425392079,-3.042663112071304
-0.033531151559766784,-0.6680043385343822,0.4223680551849838,1790750573,165272187,0.12700000405311584,0.08147176372861639,-0.6147286031951501,0.43043195800734524,-3.045697549427767
-0.03265800075214105,-0.6677687805095094,0.4241527474023773,1790750573,215538223,0.12600000202655792,0.0814562387579247,-0.6147882578392736,0.43100877171101126,-3.048502627573933
-0.0326675510622228,-0.6678479954907599,0.42489885540525996,1790750573,265319800,0.12600000202655792,0.0814504551329336,-0.614813671577899,0.431258231148255,-3.0497202206746343
-0.030861729272692637,-0.6670676448650569,0.42558089593184584,1790750573,316221555,0.12399999797344208,0.08144630615835999,-0.6148334874295899,0.43145435079571576,-3.0506793773208254
-0.030862868703824348,-0.6670829201042274,0.4257255710656268,1790750573,365318635,0.12399999797344208,0.08144531911298439,-0.6148383976242525,0.4315031412778749,-3.050918278965712
-0.0308634333083551,-0.6670908915825544,0.42580111349837074,1790750573,415273390,0.12399999797344208,0.08144480249178059,-0.6148409589787369,0.4315286096154616,-3.051043029635868
-0.03086339240739859,-0.6670904550247944,0.4257969569767694,1790750573,465444805,0.12399999797344208,0.0814448396508989,-0.6148408163151463,0.43152720688968693,-3.051036209690115
-0.03086323981531583,-0.6670884466554079,0.42577790012878863,1790750573,515319198,0.12399999797344208,0.08144497994799449,-0.6148401682640984,0.43152078060411225,-3.051004791348294
-0.031767886117865685,-0.6674951251765411,0.42559254070440494,1790750573,565742642,0.125,0.0814459272670531,-0.6148354720090399,0.4314741550340986,-3.050776364966232
-0.03176653669146082,-0.6674781882010796,0.42543223337510894,1790750573,615568081,0.125,0.08144704553376206,-0.6148300463860669,0.43142038527356685,-3.0505130441074644
-0.03176351702140098,-0.6674441620191314,0.42511053161094997,1790750573,665358520,0.125,0.08144931073405784,-0.6148191427075166,0.43131238408137984,-3.0499848623194685
-0.03085392264391329,-0.666986049684801,0.4248098152329607,1790750573,715313127,0.12399999797344208,0.08145192437961604,-0.6148071497899429,0.4311940636228373,-3.0494068410910398
-0.03175168827219774,-0.6673437509606264,0.42416439549857105,1790750573,765563579,0.125,0.08145659712300343,-0.6147867789006045,0.43099438859964845,-3.0484325540446213
-0.0326469209785506,-0.6676964501259508,0.4234739805605561,1790750573,815369611,0.12600000202655792,0.08146202287819541,-0.6147648986637708,0.4307815316138969,-3.0473958408213875
-0.03172060167227592,-0.6671680408854804,0.42252000562387215,1790750573,865271143,0.125,0.08147155893370439,-0.6147294818726798,0.43044037846932537,-3.0457384251378996
-0.034408582474786314,-0.6683066127798272,0.4212153781117438,1790750573,915805033,0.12800000607967377,0.08148324548541586,-0.6146905208254663,0.43006978108320015,-3.043943588569699
-0.028932105405646433,-0.6656438123722035,0.4202499511327849,1790750573,965236681,0.12200000137090683,0.0815000814085397,-0.6146398347098745,0.4295948274058343,-3.0416518183915278
-0.0306846230528742,-0.6663184283035639,0.41861705068930605,1790750574,15534337,0.12399999797344208,0.08152044203901188,-0.6145850227732744,0.42908975890532514,-3.039224964288981
-0.03060143465241333,-0.6661221316987576,0.41683859295271175,1790750574,65780789,0.12399999797344208,0.08154760358570341,-0.6145172283787108,0.42848018532693977,-3.036313697324734
-0.031402731323077304,-0.6663320641959628,0.4148946003082079,1790750574,116189409,0.125,0.0815795673895211,-0.614445327398484,0.42784707968963714,-3.033306099780084
-0.033950393538777476,-0.6673159581503739,0.41222338435978184,1790750574,165313675,0.12800000607967377,0.08163228035835739,-0.6143564405152666,0.4270536420460749,-3.0295254489361687
-0.03194345692723326,-0.6662128822170357,0.40999342335655,1790750574,215114094,0.12600000202655792,0.08169551198734522,-0.6142602927243292,0.42621420323072357,-3.025546972389236
-0.03163875121047757,-0.6659050238908727,0.4071166580783279,1790750574,265347898,0.12600000202655792,0.08180582719480789,-0.6141600443482688,0.42524909402265515,-3.020864931147808
-0.030379254026955738,-0.6651772936660528,0.4043184946278003,1790750574,315595915,0.125,0.0819331326473427,-0.6140550839360605,0.4242545792946936,-3.0160523226652844
-0.02987805722650104,-0.6647742748980283,0.400669846814419,1790750574,365495261,0.125,0.08210134266192366,-0.6139167535511146,0.42301098651400676,-3.0100968321137707
-0.031070621426667458,-0.6651525481378776,0.39646082427135887,1790750574,415658832,0.12700000405311584,0.08229224355132533,-0.6137641547583398,0.42170156315402013,-3.003884650902277
-0.031197709975388455,-0.6651261675696503,0.3922380209235468,1790750574,465498253,0.12800000607967377,0.0825586018125673,-0.6136250775562709,0.4203652463862855,-2.9973467537957803
-0.03033161886364394,-0.6646841751537361,0.3881646150704062,1790750574,515548925,0.12800000607967377,0.08285342043482753,-0.6134796938632836,0.41900694849665165,-2.9907164958556463
-0.03188821292397258,-0.6653808791615339,0.38283791226331426,1790750574,565517310,0.13099999725818634,0.08321718023167797,-0.6133149512822653,0.41749172738082696,-2.9833067013901298
-0.025431390944038984,-0.6624861298116664,0.3798905165024849,1790750574,615407601,0.125,0.08361067667294114,-0.6131363226661702,0.41593804102936854,-2.975766769749752
-0.027520563847001037,-0.6635552269828013,0.3740471671220723,1790750574,665202187,0.1289999932050705,0.08408221078625698,-0.6129690015626423,0.4143814297136621,-2.9680207236767524
-0.024267226931356453,-0.6622491204778543,0.3699840122518346,1790750574,715469908,0.12700000405311584,0.084589861631257,-0.6127907300942973,0.41279759560841023,-2.9601605847851067
-0.023194810493900528,-0.6620753440315308,0.36439549143101263,1790750574,765378347,0.12800000607967377,0.08524905219923502,-0.6126087891014721,0.4110537184005447,-2.95123434395199
-0.023560491974386075,-0.6626300407062815,0.3578384025042103,1790750574,815720281,0.13099999725818634,0.08596415417156926,-0.6124082072846581,0.4092496718526597,-2.9420262321108965
-0.0225034687864219,-0.662738953928095,0.35094446322077427,1790750574,865610294,0.13300000131130219,0.08686809734074115,-0.612200256287425,0.40727119677139767,-2.93160658775988
-0.02035041064725862,-0.6624282006160052,0.34436568136226686,1790750574,915067258,0.1340000033378601,0.08782438569127787,-0.611970845352128,0.405261244677155,-2.9210525883417264
-0.01544204757173312,-0.6610160602514092,0.3391891266703024,1790750574,965322126,0.13199999928474426,0.08891553022155665,-0.6117601199449099,0.403277722479639,-2.9101967589420674
-0.012720796688611188,-0.6607097489670414,0.3326774662583985,1790750575,15463021,0.13300000131130219,0.09005017361857742,-0.6115324458576282,0.4012975862656547,-2.899339956080376
-0.008001514565948789,-0.6596841620329815,0.32711980442659677,1790750575,65283691,0.13199999928474426,0.09135772842476594,-0.611323976426703,0.39932114161373544,-2.887931826754417
-0.005221927695767861,-0.6597210944584504,0.31987991943013994,1790750575,115649495,0.1340000033378601,0.09273610866897267,-0.6110912051194627,0.39730961572935386,-2.876281114234334
0.000964476122005925,-0.6583414797415729,0.314962490261656,1790750575,165264839,0.13199999928474426,0.09430105929238129,-0.6108847954432836,0.39533751852706067,-2.864111232115447
0.0025914063984658064,-0.6594360292730062,0.30573073989047395,1790750575,215281279,0.13699999451637268,0.09593818715999639,-0.6106524552847193,0.3933408987070989,-2.851712004193833
0.0118483389628177,-0.6566976573908596,0.30399918738936355,1790750575,265443146,0.13099999725818634,0.09765505554883758,-0.6104609875195803,0.39152276723837126,-2.8395944732849716
0.012147221148400666,-0.6588841840034558,0.2930745354798047,1790750575,315463318,0.13899999856948853,0.09939543918538042,-0.610251731955047,0.3897370031673652,-2.8275708402683857
0.01913250213427102,-0.6579223087984168,0.28804465019377024,1790750575,365345062,0.1379999965429306,0.10143802344349664,-0.6100677176593872,0.38794329039863873,-2.814356663915817
0.024723559112965685,-0.6579632790187342,0.28091554059955404,1790750575,415469790,0.14000000059604645,0.10356022784290983,-0.6098533503726661,0.3861306279023182,-2.8008528202641045
0.032023801834202406,-0.6573853480595953,0.2755092355778752,1790750575,465352988,0.14000000059604645,0.105879659966709,-0.6096821712091643,0.38445747698075683,-2.7869508553304505
0.03911601776100383,-0.6571207666565589,0.26951857950655733,1790750575,515389984,0.14100000262260437,0.10825209848552794,-0.6094822129333886,0.38279598802560466,-2.7729209211112273
0.04676456192853211,-0.6572491526004057,0.2627793798749865,1790750575,565370869,0.14300000667572021,0.11095131353175268,-0.6093242756823705,0.38123725846595935,-2.7578104217418
0.05628566809932728,-0.6563287340025368,0.2586961952914307,1790750575,616179677,0.1420000046491623,0.11375862532009022,-0.6091267761458055,0.3796624537404454,-2.7422462480653746
0.06399766590881353,-0.656882985307335,0.25203954042015,1790750575,665496990,0.14499999582767487,0.1165168990727468,-0.6089988445762932,0.3784271901504457,-2.7276952948814546
0.07287691300974128,-0.656744602324365,0.24734914300391733,1790750575,715646783,0.1459999978542328,0.1193228348967042,-0.6088392995940237,0.3772100596948928,-2.7129909197765745
0.08242252841473098,-0.6564166215280025,0.2441584702756461,1790750575,765234293,0.1459999978542328,0.12226548542745395,-0.60875403126385,0.3762827134682934,-2.6983320825673762
0.09245528746775547,-0.6557453953719039,0.24222839775303429,1790750575,815299234,0.14499999582767487,0.1252559252114882,-0.6086392510963619,0.3753829249953401,-2.683510399878023
0.10144792131720694,-0.6561810763646566,0.2382912018555133,1790750575,865302192,0.1469999998807907,0.1281478464400154,-0.6085861934833954,0.37478604090413054,-2.669727564336772
0.11036723753602506,-0.6572472663939974,0.23280977170680967,1790750575,915526986,0.1509999930858612,0.13102128973082985,-0.6085085575659989,0.3742274025087856,-2.656075010034266
0.12110412858446072,-0.6558462847300781,0.23536610392778462,1790750575,965663103,0.1469999998807907,0.13413894239174812,-0.6084888015173486,0.37391704177274426,-2.64182202714511
0.13132491512851718,-0.6563570634807918,0.23267027404459492,1790750576,15507569,0.14900000393390656,0.1372646712151705,-0.6084361686234696,0.3736288080395564,-2.627536634588492
0.142407545672695,-0.6570034050517572,0.23067415872930758,1790750576,65332164,0.1509999930858612,0.14061001924319733,-0.6084480564388575,0.37364319359960796,-2.6128664317951302
0.1534906983212539,-0.6556896836579134,0.23480660149249463,1790750576,115397355,0.1469999998807907,0.14398717201360847,-0.6084206707436594,0.3736746085019727,-2.5980527574932073
0.16447241841666735,-0.6577618958615535,0.23025661070137424,1790750576,165216413,0.15299999713897705,0.1471297614554347,-0.6084745097787738,0.37405850549827535,-2.584885354165516
0.17493719824715645,-0.6578835698993684,0.231777334484549,1790750576,215253908,0.15299999713897705,0.15022497786340708,-0.6084997493107092,0.3744642068740548,-2.571947788418768
0.18596113938258943,-0.6594537285577169,0.23030204153568865,1790750576,265290255,0.15700000524520874,0.15324378645462405,-0.6085946591644549,0.3751879674389105,-2.5598860501495633
0.19550308132045385,-0.6587269835564152,0.2356767523584749,1790750576,315500984,0.15399999916553497,0.15624032429261184,-0.6086582779617284,0.3759178318381694,-2.547946097899387
0.20529400462684233,-0.6597323720130428,0.23688692658022278,1790750576,365587758,0.15600000321865082,0.1589472138893869,-0.6087710538032057,0.3768544943910314,-2.537663479714089
0.21432411666365167,-0.6600489948307103,0.24016900056731696,1790750576,415564892,0.15600000321865082,0.1615875308963502,-0.6088545082675074,0.37776979297549007,-2.5276918001224713
0.22416623179144615,-0.6611775128875522,0.24243224494917923,1790750576,465662720,0.15800000727176666,0.16423037893337147,-0.6090005486027782,0.3789945392989702,-2.518331121978536
0.23332530404303495,-0.6616051922494536,0.2468097172451306,1790750576,516147017,0.15800000727176666,0.1668890622439813,-0.6091142446258451,0.38020735024913704,-2.509012661900187
0.24070867083337436,-0.6611771524820806,0.254227206571238,1790750576,565378171,0.1550000011920929,0.16940943713900328,-0.6092889913467205,0.3816989225639834,-2.500993009642351
0.25089855095718977,-0.6627040517937965,0.25709532462523227,1790750576,615559714,0.15800000727176666,0.1719753476738786,-0.6094296275799924,0.3831784956119548,-2.4930064553806224
0.25731346850891124,-0.6626277842052096,0.2638946078829781,1790750576,665234882,0.15600000321865082,0.17412286658643852,-0.6096091859084039,0.3847430790799183,-2.4872859194649917
0.2650602582872774,-0.6635058987565126,0.26847996140615304,1790750576,715293665,0.15700000524520874,0.17623699043333943,-0.6097588344550612,0.38625382019374144,-2.4819226838886617
0.269233438902919,-0.6627685056515262,0.2769321175581349,1790750576,765413865,0.15299999713897705,0.1781186918684286,-0.6099501897016799,0.3879155735215803,-2.4783424165288355
0.2767087193880543,-0.6640265164353045,0.2810600760413998,1790750576,815315739,0.1550000011920929,0.17998068423186458,-0.6101117734495416,0.3895123147142408,-2.4751454893731624
0.28196002812353305,-0.6646431580085982,0.2863309403374939,1790750576,865491152,0.1550000011920929,0.1814921478463538,-0.6102954916945098,0.39110468021715883,-2.473976902747732
0.2896587258079846,-0.666598443206276,0.28894231572178275,1790750576,915484592,0.1589999943971634,0.18297582174134944,-0.6104517961318382,0.39261155040838414,-2.473187294895912
0.29362421704358965,-0.6668831351194646,0.2950032583118791,1790750576,965421882,0.15800000727176666,0.1842820478274169,-0.6106376393314514,0.39422390400893537,-2.4742753905299
0.29389837504745864,-0.6652916808786838,0.30406533414207537,1790750577,15332839,0.15199999511241913,0.18561675403056763,-0.6107963964265091,0.3957678588434509,-2.475699563669977
0.29920199279951576,-0.666594817802344,0.308013373177646,1790750577,65216574,0.15399999916553497,0.18673920008866038,-0.6109682519885019,0.3973095386855683,-2.478941373182531
0.3015070980855473,-0.6663739933535633,0.31426068942196017,1790750577,115304671,0.15199999511241913,0.18789507655391385,-0.6111148678439268,0.39877539894392044,-2.482533135330755
0.3053853486565725,-0.6672934401747389,0.31850659288910504,1790750577,165074099,0.15299999713897705,0.18879523694294992,-0.6112787477788508,0.40022623074272023,-2.4882366071175124
0.3069195784436718,-0.6670446452267678,0.3243191615882665,1790750577,215481727,0.1509999930858612,0.18973405368600252,-0.6114231979791199,0.4016160263712377,-2.4944127906170936
0.31420257731142387,-0.669838102369838,0.32598566559956293,1790750577,265661695,0.15700000524520874,0.19044207618553513,-0.6115888562430355,0.40305294356968235,-2.503378723203433
0.31276888609043096,-0.6684780103428932,0.33298055221346323,1790750577,315501707,0.15199999511241913,0.1911849609733771,-0.6117342601986928,0.4044052992335166,-2.5127837204831445
0.3157429382471061,-0.6692673056081486,0.33656684924808195,1790750577,365099180,0.15299999713897705,0.191848813808474,-0.6118579755867891,0.4055843389199786,-2.522124616920925
0.31956097251750193,-0.6703622493483298,0.3396875246048814,1790750577,415323852,0.1550000011920929,0.1925729559644657,-0.6119638991392901,0.40668511198186785,-2.5315801589863405
0.3177723503071323,-0.6693008843021709,0.34494399767250034,1790750577,465417172,0.1509999930858612,0.19296315430898048,-0.6120926920504463,0.4078000653630166,-2.5433412374206257
0.3258274060509469,-0.6727668672868737,0.34514742402461707,1790750577,515482954,0.1589999943971634,0.19333393460350157,-0.6122143204761821,0.4088645121316702,-2.5555403125430254
0.32309603514429985,-0.6712430818980121,0.3506006524040606,1790750577,565596830,0.15399999916553497,0.1937511993315017,-0.6123257392907451,0.40988521980269293,-2.568053341879456
0.32117662035369354,-0.6700282879151245,0.35547423510189946,1790750577,615480258,0.15000000596046448,0.19422698485490134,-0.6124239185379301,0.4108414498008431,-2.580565802845165
0.32582325386422806,-0.6719527783973949,0.3574084378330171,1790750577,665496346,0.15399999916553497,0.19458724693478838,-0.6125452541049661,0.41184974830259813,-2.5938928510415584
0.3244911764393217,-0.6711520835654605,0.3618176037315346,1790750577,715656296,0.1509999930858612,0.1949645149122467,-0.6126590970867852,0.4128314488952368,-2.6074013869466417
0.3299084755781615,-0.6734957562585685,0.3636378110625336,1790750577,765679448,0.15600000321865082,0.1952732753927586,-0.6127813133912698,0.41386848199742243,-2.621726619586568
0.32754268704711664,-0.6723034858177586,0.3683415487886546,1790750577,815272374,0.15199999511241913,0.19560252186585034,-0.6128889656590449,0.41487869653564724,-2.636080831750875
0.3293888552519558,-0.6730033043506235,0.37113430293739175,1790750577,865145433,0.15299999713897705,0.19591983949113637,-0.6129809907601144,0.4157699705991139,-2.648891232795215
0.33211620477262166,-0.6740630469128613,0.3736403377004807,1790750577,915630876,0.1550000011920929,0.19626604658678165,-0.6130594630859022,0.416632170072435,-2.661543299984388
0.3294212426165834,-0.6729054635245745,0.3780816449483654,1790750577,965253469,0.1509999930858612,0.1964751788411586,-0.6132065977228188,0.4176086921506898,-2.673373696396257
0.334622144973468,-0.6753087103100835,0.38031771994180225,1790750578,15465688,0.15600000321865082,0.19668044709629623,-0.6133443316254392,0.4186387946293436,-2.6852343521616957
0.33263669491937925,-0.6744419444791768,0.3840667374620207,1790750578,65533331,0.15299999713897705,0.19688035448690208,-0.6134386195513163,0.41953234763094654,-2.6954167216369385
0.33060442026834524,-0.6735269294761315,0.38765573479719184,1790750578,115478621,0.15000000596046448,0.19709340014659762,-0.613510221911738,0.4204094232508569,-2.705274963148542
0.333851482690013,-0.675067596557449,0.3900450060412078,1790750578,165253558,0.15299999713897705,0.19726286903364687,-0.6136178012826203,0.42129356448220767,-2.7142604614910404
0.335304132735443,-0.6758008276932559,0.3929759490511512,1790750578,215463703,0.15399999916553497,0.1974390377323343,-0.6137147096090787,0.42220828156168116,-2.7231673986929894
0.332186230134921,-0.6745618229181916,0.39687871914301565,1790750578,265486836,0.15000000596046448,0.19756131299125904,-0.6138412103237535,0.4231302082123559,-2.731000964967302
0.33441342004503116,-0.6757326565458165,0.39974249372643333,1790750578,315372764,0.15199999511241913,0.1976841388872972,-0.6139527678680137,0.424080684768971,-2.7386220777503634
0.3311581399454627,-0.6743779006000641,0.40305857964532243,1790750578,365377555,0.14800000190734863,0.19780092096075835,-0.6140247090695101,0.42490680569040623,-2.745056724265322
0.3341834835315096,-0.6758454803730368,0.4052574127557607,1790750578,415461884,0.1509999930858612,0.19792395239434526,-0.6140770545867438,0.4257268939923109,-2.751268441971186
0.33169865608260696,-0.674880337907713,0.4080288995513716,1790750578,465492063,0.14800000190734863,0.19799006476636705,-0.6141585585703521,0.42643755748471307,-2.7560773879957
0.33460622066345663,-0.6763697419099485,0.41003058624105876,1790750578,515587225,0.1509999930858612,0.19805048943031783,-0.6142357500415925,0.42714482691413447,-2.760634786489294
0.3347247479654263,-0.6766128871219148,0.41201815061672104,1790750578,565621127,0.1509999930858612,0.1980712682158738,-0.6143205163058516,0.4277179889083361,-2.7639290227187363
0.3321043488644676,-0.6756048733979453,0.41422509002106855,1790750578,615469296,0.14800000190734863,0.19808720100045643,-0.6144003150927096,0.4282752389751536,-2.766983736306562
0.33037073420066043,-0.6749665252545559,0.4160737294088909,1790750578,665095268,0.1459999978542328,0.1981068840304337,-0.6144612635876087,0.4287775328628977,-2.769703717178933
0.33497236745873393,-0.6772220622764975,0.4173316892632804,1790750578,715501239,0.1509999930858612,0.19812965321433101,-0.6145150300694351,0.42928566692501513,-2.7724059816866244
0.33230485846622787,-0.6761135721112025,0.41889146427530033,1790750578,765289713,0.14800000190734863,0.19814960219970917,-0.6145530780062771,0.429693007970409,-2.7745335121066304
0.33416317558293795,-0.6770741646609895,0.42003062727326634,1790750578,815295300,0.15000000596046448,0.1981703255974879,-0.6145860023427556,0.4300892609311895,-2.7765719481822577
0.3351033426870864,-0.677591573934507,0.42100377085135815,1790750578,865152404,0.1509999930858612,0.1981880099366519,-0.6146099282121563,0.43041131420083206,-2.778207511175601
0.3360401532973806,-0.6781042432783493,0.421956815862984,1790750578,915859238,0.15199999511241913,0.19820607924952208,-0.6146309694717053,0.4307266538211053,-2.779790876946485
0.33696520364940896,-0.6785828564934242,0.4225632800276061,1790750578,965158670,0.15299999713897705,0.19821830695348933,-0.6146435023626112,0.4309332725672256,-2.780818810597506
0.33335375315983534,-0.676965833304476,0.4233896569147299,1790750579,15391028,0.14900000393390656,0.19823003174917567,-0.6146543569049605,0.4311266455635021,-2.781774171210429
0.33608432621834855,-0.6782560814611243,0.4236360907525307,1790750579,65259983,0.15199999511241913,0.19823788079280685,-0.6146610133385849,0.43125339396352125,-2.782396906892169
0.3324655276618884,-0.6766140191594943,0.42419732947137495,1790750579,115637435,0.14800000190734863,0.19824517657384974,-0.6146667998270686,0.4313694933958253,-2.782964954267484
0.3306561763957973,-0.6757931660682504,0.42448264916717376,1790750579,165493538,0.1459999978542328,0.19824904406238927,-0.6146697348032594,0.43143080223639074,-2.783264094057779
0.33610123743906317,-0.6783191533985429,0.4243598976946003,1790750579,215585052,0.15199999511241913,0.19825231216922953,-0.6146721418849477,0.4314824142102387,-2.7835154644038167
0.3288477127373063,-0.6749754720550006,0.42480703017643956,1790750579,265261505,0.14399999380111694,0.19825384373028979,-0.614673227554346,0.43150620181800825,-2.7836311087689105
0.3315697814034658,-0.6762368061306272,0.4247264896559881,1790750579,315616234,0.1469999998807907,0.19825508841597234,-0.6146740920462731,0.4315253743565024,-2.7837242258086063
0.3351978164108813,-0.6779136694381435,0.4245611595433991,1790750579,365409467,0.1509999930858612,0.19825548620954403,-0.6146743741933985,0.43153164359445517,-2.783754671992788
0.3315704796516765,-0.6762395246118473,0.42475822098673055,1790750579,415382924,0.1469999998807907,0.198255736463405,-0.6146745555190744,0.43153566845636004,-2.7837742208240255
0.3342885727724878,-0.6774859171310899,0.4245027531431755,1790750579,465264148,0.15000000596046448,0.19825333510923673,-0.6146728564652452,0.4314981310336902,-2.783591951255031
0.3333784686498499,-0.6770550713889157,0.42440873366879395,1790750579,515319874,0.14900000393390656,0.19825045633816119,-0.6146707691828471,0.4314529014165257,-2.783372023628825
0.3333694295734428,-0.6770217071059976,0.42402381373693276,1790750579,565464203,0.14900000393390656,0.1982426383428992,-0.6146648296261779,0.43132937976620167,-2.782769179419573
0.3351727392827959,-0.6778208259536891,0.42349511810459123,1790750579,615370696,0.1509999930858612,0.19823412200058665,-0.6146578776821021,0.4311928433794747,-2.782099841182355
0.3333392674504505,-0.676916061307179,0.4228352095822909,1790750579,665787083,0.14900000393390656,0.19821932251712035,-0.6146444802858112,0.43095012490022383,-2.780902478449237
0.3342235068828207,-0.6772591979961331,0.42196565064296904,1790750579,715702446,0.15000000596046448,0.19820412638984086,-0.6146288456572118,0.43069312933660786,-2.779623664806147
0.3323694196158977,-0.6762987023410414,0.42075701612902044,1790750579,765346113,0.14800000190734863,0.19818039489065908,-0.6146001041495553,0.43027485144331556,-2.777517177265901
0.3305080817104744,-0.6753263292147595,0.4194788021109311,1790750579,815271319,0.1459999978542328,0.1981566998407603,-0.6145650073738786,0.4298312346155156,-2.7752478712586206
0.3331507029473607,-0.6763671494571759,0.4172612555998978,1790750579,865209433,0.14900000393390656,0.1981264960628315,-0.6145080512907717,0.4292160329523699,-2.7720381841073083
0.3303401538063624,-0.674891745838171,0.4154050668967908,1790750579,915804580,0.1459999978542328,0.19809837884211404,-0.6144377101185341,0.4285740415322716,-2.768605840327294
0.33110788250597933,-0.674967139250485,0.41247714565748544,1790750579,965298977,0.1469999998807907,0.19807239061972476,-0.614321719917111,0.42773135745010193,-2.7640110120014807
0.33364981205969474,-0.6758153537543778,0.40913351377121593,1790750580,15551038,0.15000000596046448,0.1980535722695913,-0.6141777100191578,0.42686660198771753,-2.7591214378397844
0.3324113165667321,-0.6750944534388604,0.4059903233545437,1790750580,65310178,0.14900000393390656,0.19792423827399225,-0.6141051525129327,0.42585315591068384,-2.752026584193924
0.3338295644411547,-0.6755858419842459,0.4023984372990642,1790750580,115333977,0.1509999930858612,0.19778652318187245,-0.6140240189512173,0.42483570053916186,-2.7444727755769858
0.3288396239498993,-0.6731478078843461,0.39936638846328937,1790750580,165535010,0.1459999978542328,0.1976300727266834,-0.6139082289289804,0.42367123008855534,-2.735374068961692
0.33100103070556264,-0.6739103489246228,0.39501958836630346,1790750580,215436613,0.14900000393390656,0.1974888179544858,-0.6137558378959269,0.4225318587472421,-2.7260556378183534
0.3321244571887284,-0.6743276567864114,0.39086853143795064,1790750580,265126104,0.1509999930858612,0.19726926278679768,-0.61364462596119,0.42140775579962736,-2.7151887388109333
0.32873659904055275,-0.6727079570879307,0.38774339037556727,1790750580,315535666,0.14800000190734863,0.1970542688420663,-0.6135124556778777,0.42029576495691534,-2.7038671769392035
0.3340574995826005,-0.6750709372805557,0.3820009213747676,1790750580,365246491,0.1550000011920929,0.1967722124929677,-0.6133917169218964,0.4190606582088825,-2.69005310331863
0.3295587371259301,-0.6729902043328088,0.3787199430759197,1790750580,415849267,0.1509999930858612,0.19650505239067226,-0.6132363582427678,0.41779925688448666,-2.6755048570236997
0.3266186453887209,-0.6717718149884618,0.3750202213480976,1790750580,465359469,0.14900000393390656,0.1961114185517104,-0.6131013423264872,0.41657308590925324,-2.659111914452731
0.32884798403032267,-0.672848858947867,0.36946133988075897,1790750580,516275064,0.15299999713897705,0.19573473793414498,-0.6129374269508536,0.41529236817309245,-2.6418703388351377
0.32584434242478033,-0.6716385793946869,0.36604266213050873,1790750580,565202103,0.1509999930858612,0.19534622352820888,-0.6128079868613839,0.41410720476400226,-2.6250744398220944
0.326274433487039,-0.6719275658825741,0.3612582554517555,1790750580,615355348,0.15299999713897705,0.19499583522255606,-0.612659953472283,0.4128555313626307,-2.6078180012616072
0.32553150297845457,-0.6719098096416131,0.35677845902331645,1790750580,665186164,0.15399999916553497,0.19447750972979486,-0.612530853309082,0.4116873849044917,-2.591547737014201
0.3196766898213843,-0.6695332450810656,0.3544310797140003,1790750580,715455614,0.14900000393390656,0.1939908539772245,-0.6123884898553569,0.41045383215131725,-2.5753077974854
0.3195965201921336,-0.6698403318695328,0.3494053216838455,1790750580,765385941,0.1509999930858612,0.19345848154813627,-0.6122496814275551,0.4091841649366678,-2.559364296963715
0.31868158495169635,-0.6696786964492226,0.3446403199935667,1790750580,815195553,0.15199999511241913,0.19299934534346025,-0.6120932866024474,0.40782175503592943,-2.5434958189714094
0.3156830759740502,-0.668886844235898,0.34071279068290333,1790750580,865383066,0.1509999930858612,0.19229912907983937,-0.6119667752333645,0.40657253032316854,-2.53121305296645
0.3143003928543218,-0.6687952418396722,0.33589763287046487,1790750580,915351384,0.15199999511241913,0.1916394646815748,-0.6118279127427,0.4052735554195229,-2.519674246279148
0.31485712943610833,-0.6697662258166572,0.32910636396586096,1790750580,965463240,0.15600000321865082,0.19085156876387574,-0.6116747136559383,0.40383251829930267,-2.5087160987070516
0.3051387986088957,-0.66579926364714,0.328543928812867,1790750581,15319991,0.1469999998807907,0.19014352106165275,-0.6114919730034141,0.40227183594254823,-2.4979248153524627
0.3070815049668965,-0.6678097656935711,0.3194056846250702,1790750581,64978287,0.15399999916553497,0.18907459891448572,-0.6113229087251285,0.40064363669643266,-2.489984780067511
0.301873090800675,-0.6663809177137286,0.3146605189939447,1790750581,115362385,0.15199999511241913,0.18803093190552844,-0.6111161823463744,0.39886129331962383,-2.4824603617325267
0.2998470910109873,-0.6669070690440522,0.3072281425265526,1790750581,165367990,0.1550000011920929,0.18673361761005214,-0.6109535020255273,0.3972255916161139,-2.478476611567003
0.2932932532243694,-0.665177695138243,0.30322889584458657,1790750581,215959405,0.15199999511241913,0.18545242844176008,-0.610761254988292,0.3954959325683743,-2.475087829616523
0.2891119787216621,-0.6649655036554458,0.2969066573957003,1790750581,265457311,0.15299999713897705,0.1839734751794284,-0.6105970344835951,0.39385491038324116,-2.474003055466132
0.2833680731485147,-0.6639427148108751,0.29179013341149307,1790750581,315611694,0.15199999511241913,0.18249973835097869,-0.6103969218643867,0.39210177584186806,-2.4732924423960534
0.27876753222252476,-0.6637515925783021,0.285816496706808,1790750581,365386167,0.15299999713897705,0.1809246046453899,-0.6102407087127931,0.39056546307686124,-2.474550779636443
0.2740147378293718,-0.663495436477955,0.27988857997610583,1790750581,415413790,0.15399999916553497,0.17935925794376445,-0.6100595087533898,0.3889800163899014,-2.4761690600515682
0.26782240426657505,-0.6629540837771907,0.2745465946676703,1790750581,465319893,0.15399999916553497,0.1775181251916886,-0.6099061022240931,0.38744942269643146,-2.4796097175080316
0.26251092853764174,-0.6630229512112317,0.26773112149202766,1790750581,515391730,0.15600000321865082,0.17564692412498611,-0.6097204594060284,0.38583908104164244,-2.4834076745455884
0.2540794502911975,-0.6614960634458864,0.2650780332317084,1790750581,565385825,0.15299999713897705,0.17363515200327376,-0.6095780583358784,0.3844188675797543,-2.4886278099996146
0.25012495676301094,-0.662965695747567,0.2554951036085721,1790750581,615528829,0.1589999943971634,0.1716034802000986,-0.6094093221177829,0.38295918003916857,-2.494140352456287
0.2420310154261188,-0.6621675158091652,0.2517059958446787,1790750581,665613887,0.15800000727176666,0.16939545416815377,-0.6092833341239103,0.3816726872163516,-2.5010033588811633
0.23344476257433353,-0.6609958272313318,0.2490030206118454,1790750581,715499250,0.15600000321865082,0.1671681372179951,-0.6091300332308798,0.38035502610965766,-2.508082215942128
0.22622310639483445,-0.6606328553250738,0.24542866518099474,1790750581,765425039,0.15600000321865082,0.1650563883562088,-0.6090294899454061,0.3793380610055404,-2.515361571833186
0.21971084656991088,-0.6609076366212584,0.24034469415489207,1790750581,815624469,0.15800000727176666,0.16295098810877007,-0.6089115632771145,0.37832559544974514,-2.522715923864306
0.2103914245434218,-0.6583281875445391,0.24372572438467177,1790750581,865059633,0.1509999930858612,0.16091632036857553,-0.608833650166761,0.37752969573297657,-2.530208929821049
0.20487249827090828,-0.6596595041329075,0.2366335592349898,1790750581,915797337,0.15600000321865082,0.1588289260912899,-0.6087373641256979,0.3767154143135312,-2.537946525577568
0.19901513968311424,-0.6597741519973762,0.2337384906969642,1790750581,965126657,0.15700000524520874,0.1570396062231494,-0.6086755902157869,0.3761322869859881,-2.544801730781147
0.19236256264182944,-0.6589015061230624,0.23371570255741184,1790750582,15626905,0.1550000011920929,0.1552443936076974,-0.6086020713486768,0.37555084897211305,-2.55170171345463
0.18705106078801978,-0.6597427970835129,0.22948296474263524,1790750582,65344710,0.15800000727176666,0.15349911802030586,-0.6085709782293458,0.3751528462883641,-2.558704959948771
0.18000476180794842,-0.657988876552075,0.23276554351390452,1790750582,115778929,0.15299999713897705,0.1517260087420738,-0.608531954034672,0.37476316343999294,-2.5658469164485065
0.17484834169132835,-0.6585416929765148,0.22987611011776668,1790750582,165111722,0.1550000011920929,0.1501057341564995,-0.6085087297837266,0.3744773076787666,-2.5724964866069473
0.16903691209824656,-0.6577943272007335,0.230825475438127,1790750582,215119566,0.15299999713897705,0.14847839795769707,-0.6084759139142295,0.3741922802841631,-2.5791755397120477
0.16453634653212149,-0.6577292280698785,0.2302021672977065,1790750582,265234347,0.15299999713897705,0.14714470053328907,-0.608455679567524,0.3740028877130243,-2.5847221465889016
0.16037598402702774,-0.6583062410762259,0.22778793266166655,1790750582,315781132,0.1550000011920929,0.14585401401172163,-0.6084309277018098,0.3738241126727417,-2.5900932264820895
0.1563767489919768,-0.656674054879616,0.2321828727237756,1790750582,365406575,0.15000000596046448,0.14479488172191257,-0.6084263960828102,0.37373860577371254,-2.5946048526569157
0.1531306326072403,-0.6576177584043916,0.22909353410030267,1790750582,415318132,0.15299999713897705,0.14376514403014848,-0.6084210373109642,0.3736652096868257,-2.599004483622055
0.15029487092918206,-0.6572883917767133,0.22988459347719573,1790750582,465697481,0.15199999511241913,0.14294065332012526,-0.6084206485523976,0.3736269242976483,-2.6025625640560337
0.14767306596886512,-0.6572803547445055,0.2297666540631144,1790750582,515648732,0.15199999511241913,0.1421606376122976,-0.6084187214812213,0.3735934681230576,-2.6059314519343193
0.14591688785058132,-0.6582367865502861,0.22685675905963887,1790750582,565553696,0.1550000011920929,0.14161249047927701,-0.6084153935049444,0.3735683854831786,-2.608294941539315
0.14417791152196172,-0.6579064533392798,0.22774714755000403,1790750582,615291668,0.15399999916553497,0.14110653486004224,-0.6084108798304037,0.37354411113777164,-2.6104734988628637
0.14289159029687554,-0.656934885126162,0.2305524612878816,1790750582,665095057,0.1509999930858612,0.14073831566702316,-0.6084067234228773,0.37352581139900687,-2.6120564466209855
0.1417394826969029,-0.6569272282671694,0.230523842074728,1790750582,715419081,0.1509999930858612,0.14039205248783937,-0.6084021478519577,0.3735081031472638,-2.613543398145379
0.1410557485733874,-0.6572436516118582,0.22956170632564926,1790750582,765205442,0.15199999511241913,0.14018463177560142,-0.6083990930234541,0.3734972779054503,-2.614433117583711
0.14043709840898952,-0.6569177139344768,0.23049636105113433,1790750582,815466160,0.1509999930858612,0.14000012151664193,-0.6083961797814076,0.3734875065341964,-2.615224047447841
0.1401929474844135,-0.6575584564003131,0.22859776827259512,1790750582,865203002,0.15299999713897705,0.139925533916846,-0.6083949442226801,0.3734835049234836,-2.615543617460944
0.14000838320090245,-0.6578783286894553,0.2276474514046649,1790750582,915240394,0.15399999916553497,0.139870173133195,-0.6083940051810508,0.37348051476094746,-2.615780750725439
0.1399487348213229,-0.6569806892628082,0.23052074570928288,1790750582,965090561,0.1509999930858612,0.13985273736107126,-0.6084149055459932,0.3734975037799193,-2.615869966996969
0.13991489289251396,-0.6567383455872974,0.23150685522920278,1790750583,15274796,0.15000000596046448,0.1398423680339812,-0.6084400769112812,0.3735183821246757,-2.6159318427849825
0.1399128314067241,-0.6600909766255609,0.22875271519156679,1790750583,65484115,0.15399999916553497,0.13983568667744659,-0.6090818199834196,0.3740594931832799,-2.616420812760286
0.13991507015224094,-0.6621875986885486,0.23092364034040727,1790750583,116141622,0.15299999713897705,0.13983433446106058,-0.6098291201203316,0.3746858827001337,-2.6169963703602095
0.13991874796960221,-0.6695421165058422,0.23266759642853424,1790750583,165445757,0.1550000011920929,0.13981881783514036,-0.6118729024918257,0.3765399431061449,-2.6190675808140598
0.13993443862201094,-0.6768214687473528,0.23673860306144173,1790750583,215530158,0.1550000011920929,0.13983974140222893,-0.6140069399475636,0.378440142833054,-2.621440852042941
0.13994281594190336,-0.6895830902212776,0.23432764187698019,1790750583,265487038,0.164000004529953,0.1398275716215357,-0.6166194299219074,0.3812027332992133,-2.6257881571080155
0.13996233272116637,-0.697570794486479,0.24206253538322525,1790750583,315356381,0.16200000047683716,0.1398477815500788,-0.6190607764089135,0.3837670310563859,-2.63048352389327
0.13996772873866997,-0.7026277170457182,0.24959337013341723,1790750583,365093260,0.1589999943971634,0.13985143061403646,-0.6208822182332266,0.38597026743256074,-2.6349942570607316
0.1399822569687078,-0.710213641549964,0.2517631029401335,1790750583,415298811,0.16200000047683716,0.13985832528008205,-0.6225000555812785,0.3879626316909548,-2.639514652657493
0.13997942834124696,-0.7065522394111718,0.26159979894513397,1790750583,465385433,0.15199999511241913,0.1398612397941812,-0.6229818839050759,0.38856428305871404,-2.6409709357907736
0.1399790152457701,-0.7053627666444182,0.26578442964902915,1790750583,515394667,0.14800000190734863,0.13986264293246561,-0.6232646332973566,0.38892615094196864,-2.641860466354835
0.13990521579988896,-0.704407475264025,0.26757936829511364,1790750583,565476781,0.1459999978542328,0.13984350741863788,-0.6233082456971728,0.38898328309679814,-2.6420156558789234
0.13981931940625686,-0.7038538541341098,0.26841435183692475,1790750583,615624348,0.14499999582767487,0.13982060910092076,-0.6233090495008767,0.3889860451772637,-2.642037878304993
0.13948438773628766,-0.7033049840384368,0.26925909092155886,1790750583,665667813,0.14399999380111694,0.1397304375734988,-0.6233119960967226,0.3889965518699024,-2.642125364538795
0.1390922356898442,-0.705534272637808,0.26594810388672097,1790750583,715528971,0.14800000190734863,0.1396287040894807,-0.6233151627253517,0.3890079703397398,-2.6422240218496045
0.13820466693537767,-0.7049943620789799,0.26681503204299606,1790750583,765150053,0.1469999998807907,0.1393921043484776,-0.6233219067541603,0.38903287034231215,-2.6424535183140607
0.13723460621439185,-0.7038985435321717,0.2685179310236001,1790750583,815249528,0.14499999582767487,0.1391271728542097,-0.6233284259611781,0.389057854435455,-2.6427101734716643
0.13534832254259893,-0.7066998072708701,0.2644365613220871,1790750583,865330493,0.15000000596046448,0.13864871884051103,-0.6233374551945093,0.3890954054877257,-2.6431728231015774
0.1335236403865633,-0.7039378993100996,0.26867469531868926,1790750583,915467895,0.14499999582767487,0.13812549309045927,-0.6233432707910288,0.3891252146018802,-2.6436772035518543
0.13084268950904307,-0.7050565865617654,0.26712289144478685,1790750583,965268608,0.1469999998807907,0.13742002457024896,-0.6233430364011028,0.38914188319847237,-2.644342407196522
0.12817911833767937,-0.7039357829779416,0.26890151937922585,1790750584,15683270,0.14499999582767487,0.13666522038849352,-0.6233341462168709,0.3891361275976807,-2.6450483708051094
0.12436263837356704,-0.7056771337481174,0.26680504941951155,1790750584,65638030,0.14800000190734863,0.13570119807410863,-0.6233607270175081,0.3892772781550635,-2.6463722741329407
0.1206841861656943,-0.7051841971024758,0.26808069563450376,1790750584,115309510,0.1469999998807907,0.134696295868245,-0.6233801940673995,0.3894098587984908,-2.6478044075884046
0.11606737340634118,-0.7052803679066922,0.26876860955742865,1790750584,165383105,0.1469999998807907,0.13346236352379448,-0.6234101019904266,0.3896142708058414,-2.6497652667747813
0.11174005428763445,-0.7036709813324421,0.27197214213368276,1790750584,215405190,0.14399999380111694,0.13217622106607252,-0.6234200531885645,0.38977770157028907,-2.6518208822173124
0.10634289162630442,-0.70491890085831,0.27141115623605583,1790750584,265249320,0.1459999978542328,0.1307996610971098,-0.6234584988011717,0.390079048680378,-2.654434808662046
0.1007507419594309,-0.7061369458398199,0.27096640929367144,1790750584,315486481,0.14800000190734863,0.12937951656389798,-0.6234761311367379,0.3903464056994536,-2.6571731306377786
0.09403303726124511,-0.7075022929263612,0.27123282307702085,1790750584,365813041,0.15000000596046448,0.12771935199381662,-0.6235515895015683,0.3908886352315501,-2.661028703962833
0.0884180830025322,-0.7060197144905712,0.275615812176362,1790750584,415498150,0.1469999998807907,0.1260156447253705,-0.6235955187772939,0.3913814170789806,-2.6650308497912687
0.08169760664525874,-0.7052874399836875,0.2801135891711729,1790750584,465677875,0.14499999582767487,0.12408326152574743,-0.6237188161276686,0.3922519619639557,-2.670422982156943
0.07279544962275801,-0.7084301933627065,0.27945139747786585,1790750584,515449329,0.15000000596046448,0.12209841429255672,-0.6237967922261339,0.3930577655870698,-2.676012123953095
0.06542181225015924,-0.7089206097222981,0.283336475663491,1790750584,565200439,0.15000000596046448,0.12017606969579447,-0.6239431690959849,0.39415528121705173,-2.6822959156842177
0.059727717746071135,-0.7070697416705725,0.2903088742978242,1790750584,615274302,0.1459999978542328,0.11822607191191374,-0.6240445634036261,0.39519339034793244,-2.688749554182183
0.05251277238774274,-0.707656963214728,0.2951470373075219,1790750584,665272961,0.1459999978542328,0.11630515707247342,-0.6242177356980835,0.39655919802356693,-2.6960603665396703
0.0435073269474804,-0.7104681935987359,0.2975498968148823,1790750584,715549446,0.15000000596046448,0.1143546886081539,-0.6243405283963643,0.3978627993780587,-2.7035783159873175
0.03634820219615478,-0.7116944331263114,0.30249527616667493,1790750584,765402817,0.1509999930858612,0.11260926884917603,-0.6245208096009546,0.3993766829810525,-2.711304370066111
0.029913212549481857,-0.7122751032450272,0.3082525476912389,1790750584,815434791,0.1509999930858612,0.11087914918926621,-0.624655235529529,0.40081751837394997,-2.719109185272422
0.02517612751166151,-0.7113523217546845,0.31689875604627404,1790750584,865498561,0.14800000190734863,0.10921967672751615,-0.6248937083238085,0.40272177488963434,-2.7280761395360047
0.017892929094165358,-0.7132733563151149,0.32282499249337243,1790750584,915474794,0.15000000596046448,0.10757392648105686,-0.6250827623695027,0.404554666635338,-2.737237647474415
0.014539007079006766,-0.7118318515290966,0.3328320058881123,1790750584,965555028,0.1459999978542328,0.10605082890476861,-0.625342944274821,0.4067323087395034,-2.747289305011207
0.007865260342859226,-0.7138430427867742,0.33982361038975206,1790750585,15428129,0.14800000190734863,0.10456591438360786,-0.6255450920646155,0.4087906747823581,-2.7574547575555584
0.0034811768509616092,-0.7147286725651938,0.3476066079374557,1790750585,65154239,0.14800000190734863,0.10341079022939131,-0.6257907387161944,0.41091629801159657,-2.7671775457825407
0.0022803899933671185,-0.713128318333771,0.35693950887516457,1790750585,115437104,0.14399999380111694,0.10232209003965714,-0.6259973173621199,0.4129381261460222,-2.776933705836071
-0.002295214355132011,-0.7152009429610741,0.3637301333742019,1790750585,165231566,0.1459999978542328,0.10148184007857865,-0.626240356412838,0.41503643306042404,-2.7864647239020286
-0.004429881450821863,-0.7154059783336885,0.3716600489572557,1790750585,215967148,0.14499999582767487,0.10069655102134954,-0.6264544054913056,0.41705883390317655,-2.796151674773342
-0.007182120092415575,-0.7167539358500956,0.37791652874572973,1790750585,265624748,0.1459999978542328,0.10015901256476038,-0.6266574649224673,0.4188616937801701,-2.8045333178163623
-0.008172166061111874,-0.7168184367357917,0.38454747086563645,1790750585,315575878,0.14499999582767487,0.0996786599597137,-0.6268363217450957,0.4205532634336735,-2.812777519962355
-0.011722270757748177,-0.7193521164172219,0.3898600969671004,1790750585,365352840,0.14800000190734863,0.09933248035048232,-0.6270189585293943,0.4221932189216177,-2.820577341610989
-0.01432640143321924,-0.721243803419371,0.39540671011349565,1790750585,415215682,0.15000000596046448,0.09902958624929006,-0.6271842200713075,0.4237477867523754,-2.8283151797420194
-0.012766907914689679,-0.7199039864950152,0.4009250866118572,1790750585,465628159,0.1469999998807907,0.0988380472858828,-0.6273288862560599,0.42507430513706157,-2.8348788753355323
-0.011780189925397658,-0.7191384394832795,0.40585474514396036,1790750585,515413177,0.14499999582767487,0.09868270327138468,-0.6274577952719491,0.4262901921324028,-2.8411237983814392
-0.010545626457690124,-0.7182905357594208,0.40988426152781515,1790750585,565385418,0.14300000667572021,0.09861020368089171,-0.6275750667977585,0.4273402160155763,-2.8462920293172127
-0.012267371458653947,-0.719956806544553,0.4132362377288924,1790750585,615361160,0.14499999582767487,0.098561648969991,-0.627684792982224,0.4283293664305935,-2.851254931686029
-0.013882866900310306,-0.7214733416172323,0.41526403067785733,1790750585,665384374,0.1469999998807907,0.09853701032058268,-0.6277496298632574,0.4289255469059213,-2.8543419072304337
-0.013172391648719736,-0.7210483070933272,0.4173245514250305,1790750585,715612803,0.1459999978542328,0.09851843383420202,-0.6278052443028034,0.42944437476623154,-2.8570934659863063
-0.012427628381456349,-0.7205213796930977,0.41844855966539324,1790750585,765413839,0.14499999582767487,0.09850975375708503,-0.6278341622607709,0.4297169117598898,-2.8585652803098305
-0.013205223766753885,-0.7212552121104842,0.4192558688409121,1790750585,815464258,0.1459999978542328,0.09850305587966884,-0.6278582685173558,0.42994560968597534,-2.85981504725223
-0.01550420038573841,-0.7232102528649995,0.41937299542461043,1790750585,865249581,0.14900000393390656,0.09850069790573085,-0.6278672212703701,0.43003088753334473,-2.8602846576676573
-0.013210934706558264,-0.7213153836463022,0.4198202829399173,1790750585,915453537,0.1459999978542328,0.09849909354988251,-0.6278734751043031,0.43009056474763097,-2.860614477306183
-0.010150686860824931,-0.7187590050379293,0.4201361220017306,1790750585,965129748,0.1420000046491623,0.09849885451880303,-0.6278744185920638,0.43009957646906366,-2.8606643676757812
-0.010150686860825028,-0.7187590050379298,0.4201361220017306,1790750586,15557402,0.1420000046491623,0.09849885451880296,-0.6278744185920642,0.4300995764690636,-2.8606643676757812
-0.012445485156940092,-0.7206714085628513,0.41985344691416987,1790750586,65448466,0.14499999582767487,0.09849933974904887,-0.6278724755152852,0.4300809902085546,-2.8605614858134465
-0.009384185304662812,-0.7181024569310557,0.4200512368525122,1790750586,115923823,0.14100000262260437,0.09849992377066083,-0.6278701545419778,0.43005880169937294,-2.860438785540831
-0.012442551267540014,-0.7206388342061196,0.4195477852251731,1790750586,165658775,0.14499999582767487,0.09850146268423446,-0.6278642110670188,0.4300021555884249,-2.860126167120493
-0.010144466243040592,-0.718693834608288,0.4195247462096547,1790750586,215388171,0.1420000046491623,0.09850321047957607,-0.6278576066619961,0.42993932040302385,-2.8597803947348317
-0.01319914060682395,-0.7212048529743326,0.41878447716347805,1790750586,265313254,0.1459999978542328,0.09850651294626878,-0.6278454686324743,0.429824028468743,-2.8591487716020576
-0.013191471471159663,-0.721152215337199,0.41829272163296455,1790750586,315866806,0.1459999978542328,0.09851031857871866,-0.6278320168868369,0.429696669820935,-2.8584550566365934
-0.012411927917281934,-0.7204318768132767,0.41761437935927853,1790750586,365477970,0.14499999582767487,0.09851660412715023,-0.6278110249869908,0.4294987125532916,-2.857385332184105
-0.013157804471871107,-0.720982524807459,0.4167138587752897,1790750586,415463341,0.1459999978542328,0.09852386227428746,-0.6277881536354719,0.429284215496317,-2.8562372074810156
-0.01236231611839432,-0.7202283555234208,0.4157283326922306,1790750586,465597158,0.14499999582767487,0.09853416737993165,-0.6277576275057536,0.4289998509781632,-2.85473195500287
-0.010794613958304444,-0.7188325614381127,0.4148037440624817,1790750586,515541538,0.14300000667572021,0.09854586297888168,-0.6277252272565653,0.4287003505092567,-2.8531667893627004
-0.012258966258776538,-0.7199359479963271,0.41304664065010827,1790750586,565471843,0.14499999582767487,0.09856380866574328,-0.627679087761393,0.42827763167652544,-2.850991859803854
-0.01370441639742856,-0.721025112315868,0.41117240537506716,1790750586,615298444,0.1469999998807907,0.09858477360067167,-0.6276292885688436,0.42782647037847665,-2.848712120496936
-0.011279146672401902,-0.7188738864396632,0.40930454557232476,1790750586,665195796,0.14399999380111694,0.09861727388308617,-0.6275607044162734,0.42721202313272677,-2.8456617651274803
-0.011108830567299194,-0.7186091706746653,0.4069492176355143,1790750586,715574254,0.14399999380111694,0.0986563055243635,-0.6274851507735731,0.4265458017910715,-2.8424327420577846
-0.011614043675957489,-0.7189744443293457,0.40431218368807487,1790750586,765157056,0.14499999582767487,0.09873326145400058,-0.627415849738299,0.4258875121234434,-2.8390194817371586
-0.008267851830022058,-0.7161754363460073,0.4023657964975714,1790750586,815600024,0.14100000262260437,0.09882252538945598,-0.62734285433551,0.4252005117336455,-2.835504105831485
-0.012414972364512306,-0.7196121468634789,0.3982770205445562,1790750586,865539968,0.1469999998807907,0.098931068533146,-0.6272499830282987,0.4243593868684313,-2.8313624663494212
-0.008913747793447946,-0.7167371049163556,0.39577470355143984,1790750586,915993158,0.14300000667572021,0.09905141103631253,-0.627146695741611,0.42345294359705093,-2.8270504164038006
-0.009074877094707584,-0.7170173525759731,0.39234525013155125,1790750586,965392801,0.14399999380111694,0.09922157741742502,-0.6270560566417798,0.4225915951779169,-2.822732211416897
-0.009146820884984336,-0.7172793208952962,0.3887890165979415,1790750587,15617045,0.14499999582767487,0.09941005941648302,-0.6269595168268796,0.42169396337318266,-2.818324457206822
-0.010491094810780158,-0.7187091822785312,0.3841126439944478,1790750587,65226690,0.14800000190734863,0.09965093776659649,-0.6268422007762744,0.42062553122571605,-2.8131809021194134
-0.0072412182788411245,-0.7163770910928495,0.38071055422321126,1790750587,115507082,0.14499999582767487,0.09991509856047362,-0.6267088954859457,0.4194679696176897,-2.807821210270288
-0.008155317723452488,-0.7177565831602442,0.3754660239453329,1790750587,165784233,0.14800000190734863,0.10027349848385667,-0.6265865381204341,0.41830543649844554,-2.8021612071697697
-0.0031050016730443525,-0.7141975019166424,0.3725644945619836,1790750587,215359340,0.14300000667572021,0.10065306061510221,-0.6264549838000313,0.4171124118423827,-2.7965251031499947
-0.005616108193386649,-0.7173415710661186,0.36564602000809493,1790750587,265478119,0.14900000393390656,0.10115621802371755,-0.6263185245785844,0.4158005465697189,-2.79018585342731
-0.0007480615624380627,-0.7143296452065042,0.3618950484368127,1790750587,315747919,0.14499999582767487,0.10169382623133433,-0.6261617247574665,0.41440291659927025,-2.7837087944954
7.404511892167287e-05,-0.715010096666372,0.3561688501889016,1790750587,365247128,0.1469999998807907,0.10230486434561964,-0.626023081379629,0.4130825627329594,-2.77740728888118
0.001124976975687586,-0.7156431730042007,0.35026869262830546,1790750587,415309165,0.14900000393390656,0.1029457075767146,-0.6258650886780902,0.41169698877032007,-2.7710476562221196
0.00328311257898406,-0.7156817518453831,0.3445865100311893,1790750587,465412472,0.15000000596046448,0.1037093244919653,-0.625721534846512,0.41032643022025267,-2.764506335940625
0.006324703006559809,-0.715076816642299,0.3392699899590752,1790750587,515562955,0.15000000596046448,0.10450258976679773,-0.6255553891196918,0.4088905210813515,-2.757926439747616
0.011454454815361267,-0.7127557369350934,0.33573562724259953,1790750587,565487316,0.1469999998807907,0.10536197011957814,-0.6254172792767686,0.4075852782383124,-2.7516773803116714
0.01415943175762105,-0.7127816610334672,0.3303086637883974,1790750587,615702966,0.14800000190734863,0.106241710793026,-0.6252581402973084,0.40623288765778054,-2.745445411926241
0.01932650333442662,-0.7110573134852918,0.326216780826741,1790750587,665986099,0.1459999978542328,0.10731648484779435,-0.6251199136784954,0.4048839648437122,-2.738810835403853
0.022840410145980775,-0.7110564552023325,0.3205718277594701,1790750587,715534179,0.1469999998807907,0.1084073585384628,-0.6249538428505839,0.4034792306494128,-2.7322064826127437
0.0265106220334113,-0.7116830757727832,0.3141948316297775,1790750587,765187129,0.14900000393390656,0.10971628305438715,-0.6248207114659772,0.4021308811964844,-2.7253133429875906
0.03218870598198549,-0.7104911310838314,0.309514107814838,1790750587,815306844,0.14800000190734863,0.11106985920498762,-0.624650265230524,0.4006903655815337,-2.718304199020781
0.035906678677173745,-0.7117293238712242,0.30286344389844894,1790750587,865274733,0.1509999930858612,0.11248948875011634,-0.6245280947436253,0.3994658080097776,-2.711812585648688
0.04378047918871422,-0.7083065545639812,0.3014872123958644,1790750587,915401095,0.1459999978542328,0.11391465068341221,-0.6243752533421542,0.39819674676243666,-2.705395095323877
0.048140124904200554,-0.7095835400825735,0.2951696465228002,1790750587,965268965,0.14900000393390656,0.11547807828181895,-0.6242670617122835,0.3970897118961588,-2.699167921281811
0.052900868608207446,-0.7107881703758394,0.28878988304723924,1790750588,15496448,0.15199999511241913,0.11706363961836383,-0.6241231680838949,0.3959174458320377,-2.692927333974168
0.06203786272765979,-0.7064135469888123,0.28996841289221575,1790750588,65464096,0.14499999582767487,0.11876160664386454,-0.6240304466379879,0.3949466984694747,-2.687035808584044
0.06616851922885736,-0.7093718410063528,0.2818991707767035,1790750588,115151121,0.1509999930858612,0.12044882982759313,-0.6239015449276599,0.39392360686747563,-2.6812348742097463
0.07358310037700419,-0.7073572783974769,0.2810368304752785,1790750588,165447402,0.14800000190734863,0.1221585930063045,-0.6238261321979642,0.3931393268569008,-2.6760601282751497
0.08018823196703997,-0.7064370249734269,0.27891118304831924,1790750588,215216908,0.1469999998807907,0.12382777689069041,-0.6237210177786906,0.3923248164332413,-2.67106840978731
0.08709151933853096,-0.7061827556611006,0.2763181131632143,1790750588,265308456,0.1469999998807907,0.12570106308284182,-0.6236641953813906,0.39168271044579706,-2.666228105835351
0.0942246535533979,-0.7058581804482833,0.2738111713736048,1790750588,315840850,0.1469999998807907,0.12759662380275827,-0.6235651041410192,0.3909570682651096,-2.6613794521621017
0.10205030368778671,-0.7051064429338264,0.2725785253790385,1790750588,366143889,0.1459999978542328,0.12966516650515508,-0.6235246217432009,0.39046756293654306,-2.6569843033089775
0.10963752884870318,-0.7048394415765163,0.27071526440636196,1790750588,415465244,0.1459999978542328,0.1316895889874329,-0.6234374913677544,0.3898934021636036,-2.6527459420631625
0.11643860054740365,-0.7075088557543503,0.2653832534093953,1790750588,465600820,0.1509999930858612,0.13368941206356458,-0.6234136918179055,0.38960648318734986,-2.6494592761942513
0.12431799074462718,-0.7045484539720257,0.26844142693091444,1790750588,515515874,0.1459999978542328,0.13564317103854734,-0.6233527435482741,0.3892511793250339,-2.6463705847673835
0.1315933226725699,-0.7050788424016502,0.26713750249559254,1790750588,565526957,0.1469999998807907,0.1376283170657665,-0.6233545276546151,0.38917731233956965,-2.6442355332633247
0.13893683700506892,-0.7033199862034568,0.26929069622107993,1790750588,615248011,0.14399999380111694,0.13958411770214246,-0.6233187346726082,0.38902113928348075,-2.642286103987611
0.14577403451026863,-0.7061408257769405,0.2653236188035711,1790750588,665410790,0.14900000393390656,0.1414146545981232,-0.6233368964453619,0.3891198476085581,-2.6413198989592748
0.1523278874979894,-0.7044621680482042,0.26811280447314584,1790750588,715446808,0.1459999978542328,0.14320041800630418,-0.6233259646560699,0.3891483578168826,-2.6405426984336464
0.15910073577329673,-0.704030705527502,0.2697673569850054,1790750588,765312067,0.14499999582767487,0.14505888824153285,-0.6233678023951387,0.38943908032088537,-2.6408550362362475
0.16579717770309443,-0.7029716566656379,0.27234010405385384,1790750588,815639569,0.14300000667572021,0.14694256079731577,-0.6233747812872019,0.3896339349256524,-2.6413820980331137
0.17251378599659856,-0.7037154591295357,0.2729283687715005,1790750588,865454068,0.14399999380111694,0.14873685458226307,-0.6234322655037495,0.39008324305543385,-2.6432121537832924
0.17929795611922503,-0.704388149987276,0.2736046503219751,1790750588,915536522,0.14499999582767487,0.15053219536534493,-0.6234569007778655,0.3904278616272657,-2.645286921108698
0.18563203785529034,-0.7040977591741593,0.2764585506204704,1790750588,965327233,0.14399999380111694,0.15230540012281008,-0.6235360225345912,0.39106718913339666,-2.6490492918924247
0.1916898596261044,-0.7031607070298174,0.2801466752760066,1790750589,15393585,0.1420000046491623,0.15410510084277232,-0.6235806296013532,0.3915845436334034,-2.653138390700126
0.1989224541826486,-0.7062479705656487,0.27861449440238173,1790750589,65192833,0.1469999998807907,0.15568308539128675,-0.6236594840630134,0.3922740687843101,-2.658413539972204
0.20508426491290627,-0.7070200266657755,0.2802598111494455,1790750589,115337640,0.14800000190734863,0.15726190634096412,-0.6237110443684665,0.39285037937688827,-2.663946238338086
0.21017420807415432,-0.706786668467864,0.28376331908825214,1790750589,165385566,0.1469999998807907,0.15870217580141685,-0.6238013865112644,0.3936408547233873,-2.671016848275612
0.21483457436776546,-0.705911385551091,0.28799868597805156,1790750589,215864486,0.14499999582767487,0.1601701796464195,-0.6238677401811227,0.39432668320447106,-2.678434816995006
0.21937930813040235,-0.7062661166049792,0.2908221855901987,1790750589,265601493,0.14499999582767487,0.16137886021662415,-0.6239654069160115,0.3951655611179201,-2.6867975469381253
0.22257870952050812,-0.7048522814544858,0.2957358688930099,1790750589,315540937,0.1420000046491623,0.1625920655920516,-0.6240444185835509,0.3959141757702719,-2.6953749889773793
0.22734334429467828,-0.7058065428451137,0.29815567354532513,1790750589,365170044,0.14300000667572021,0.1637534394891345,-0.6241502985102407,0.3968348693122214,-2.7056399167339427
0.2312932531827053,-0.7055499551244973,0.30198968331953296,1790750589,415326137,0.1420000046491623,0.16497371003282849,-0.6242358192084391,0.39766481497336736,-2.7163487130292254
0.23498218758056705,-0.7053875779580662,0.3060922080196654,1790750589,465178284,0.14100000262260437,0.16609687691121536,-0.6243498533605774,0.3986594911472527,-2.7286244833261573
0.24027050494447294,-0.7068827012909022,0.30832012268230735,1790750589,516290562,0.14300000667572021,0.16729787281949013,-0.6244442623097198,0.39957745470748673,-2.741534117341921
0.24351996881987215,-0.706701814892882,0.31245873988405626,1790750589,567175959,0.1420000046491623,0.16832026745562567,-0.6245542702314006,0.4005540697329205,-2.754711190871012
0.2459355228125423,-0.7058469944960426,0.3169242038535901,1790750589,615325302,0.14000000059604645,0.16931778195985794,-0.6246382586613105,0.40139232315104223,-2.767232211703896
0.24807261196565117,-0.7050777723342091,0.32157122847208863,1790750589,665441303,0.1379999965429306,0.1702126405895401,-0.6247493534509082,0.40237450206214176,-2.7808209732480584
0.2518577068921677,-0.7059920427080107,0.32442855783237856,1790750589,715638777,0.13899999856948853,0.17114151694032984,-0.6248404770057234,0.40329756103416875,-2.794534144948927
0.25698618224348624,-0.7087526260512798,0.3256335228625048,1790750589,765550164,0.14300000667572021,0.1718780379166622,-0.6249629632623379,0.40427764589923226,-2.8077587960336445
0.25789277844209213,-0.7073659829036256,0.3306780656718771,1790750589,815401162,0.14000000059604645,0.17262478532775366,-0.6250675276650433,0.4052188852440362,-2.820893508676346
0.2605460112632871,-0.7077882568237854,0.3343049308768437,1790750589,865359412,0.14000000059604645,0.1733444810225491,-0.6251911443407856,0.4062327439955347,-2.8345603671103916
0.26512316251659085,-0.7099264266739874,0.33649048497358,1790750589,915461208,0.14300000667572021,0.1741138591369772,-0.6252902256153449,0.4072225291825132,-2.8483583957528253
0.26564466159692424,-0.7085528907860928,0.3416791791744099,1790750589,965293133,0.14000000059604645,0.17479051849831798,-0.6254027796563909,0.4082493216395511,-2.8617466885814244
0.2654255231077973,-0.7065181178183408,0.34726724911138124,1790750590,15695043,0.13600000739097595,0.17550713438673163,-0.6254895003540282,0.40927570443785205,-2.8752262547443905
0.2689396920614231,-0.7082008669172716,0.3503406989363155,1790750590,65700672,0.1379999965429306,0.17608817924890693,-0.6256421600901895,0.4103961361698909,-2.888359459468115
0.2703973859720051,-0.7080460963880102,0.35480792994065585,1790750590,115547244,0.13699999451637268,0.17668705700143497,-0.6257688909258569,0.41153388698901483,-2.901409146729897
0.27221872643383077,-0.7084841206560616,0.35856951513329993,1790750590,165358427,0.13699999451637268,0.1771859731527657,-0.6259018035364786,0.41258743068422615,-2.912829805106205
0.2746838784805319,-0.7094747370096496,0.36195833625481927,1790750590,215404510,0.1379999965429306,0.17770146176279877,-0.6260064304187126,0.4136444242116204,-2.924009967452513
0.27626163718972335,-0.7098702907737926,0.3656608878659684,1790750590,265397648,0.1379999965429306,0.17815014593289838,-0.6261158084475085,0.4146845660171127,-2.934297722148438
0.2770788005491574,-0.7096112993129517,0.36974293073961073,1790750590,315671214,0.13699999451637268,0.17861766077741298,-0.6261976746405739,0.4157491224028077,-2.9444785018364272
0.27753574030626355,-0.7094127282395389,0.3734497500179845,1790750590,365456221,0.13600000739097595,0.17892880474198217,-0.6263283110146104,0.4166892445034799,-2.9526416833254365
0.27790258631256465,-0.7091880598206429,0.37711284055530925,1790750590,415415025,0.13500000536441803,0.17922868951038287,-0.6264454272001747,0.4176359239189862,-2.960484863891316
0.2796703255234927,-0.7101620442490725,0.3801773195081825,1790750590,465399923,0.13600000739097595,0.1795270532906364,-0.6265462819756954,0.4185925682550492,-2.9680832679064952
0.27993871321775216,-0.7098660536526298,0.38385510317963584,1790750590,515570747,0.13500000536441803,0.1798441976090186,-0.6266211575428754,0.41958151728911647,-2.9756644049944057
0.2807604676110066,-0.7102702699761071,0.3872276323273594,1790750590,565586608,0.13500000536441803,0.18006053136559366,-0.6267489997671112,0.42052510537320126,-2.982214397253635
0.27851690255787565,-0.7081718254452913,0.39153186990020195,1790750590,615334160,0.13099999725818634,0.18026898050831272,-0.6268632665149364,0.4214862241622592,-2.9885468136535356
0.2806201689318397,-0.7097223515104899,0.3939887458085535,1790750590,665391151,0.13300000131130219,0.18044854454882941,-0.6269494823152479,0.4223312605604742,-2.9938750578036255
0.28345012273460646,-0.7118691968981835,0.39626571040467873,1790750590,715722894,0.13600000739097595,0.18063212195815084,-0.6270159306755104,0.42318009202533724,-2.999040982978788
0.28157590961120915,-0.7103064412987949,0.3994364464186274,1790750590,765519206,0.13300000131130219,0.18073242748364424,-0.6271148946883511,0.42390599961757724,-3.0030404604619467
0.28040374615828856,-0.7093516293938215,0.4023369855418159,1790750590,815474501,0.13099999725818634,0.18082304018990503,-0.6272080131849413,0.42463291783027113,-3.0068599177868056
0.2860108310285108,-0.7139733443236236,0.40335241592756,1790750590,865454130,0.1379999965429306,0.1809079533782735,-0.6272700364725098,0.42525950526327705,-3.0100797718096595
0.2839853344411943,-0.7122937406308185,0.40594686985089135,1790750590,915622760,0.13500000536441803,0.18099547778441166,-0.6273192106956375,0.4258822689315036,-3.0132031443060523
0.2818799543250104,-0.7106146927898405,0.408289950912098,1790750590,965202839,0.13199999928474426,0.18104853114845337,-0.6273806172711691,0.4264314112699269,-3.015760099276143
0.28357072906918507,-0.7120815400813025,0.4099279072632401,1790750591,15079513,0.1340000033378601,0.18109767041358402,-0.6274385639983756,0.42698193154307906,-3.018234548788345
0.2821406832789374,-0.7110129328374611,0.41180963559856554,1790750591,65360477,0.13199999928474426,0.18111874997871505,-0.627501145864255,0.4274413418394004,-3.020145081313214
0.28145503531157345,-0.7105681252356019,0.4135138557830413,1790750591,116132317,0.13099999725818634,0.1811352253914628,-0.627561096212582,0.42789329082094313,-3.021958516129589
0.28381394441460217,-0.7126189721483038,0.4145252352016874,1790750591,165253086,0.1340000033378601,0.18115145661653861,-0.6276052457807866,0.42827590146801375,-3.0234729424969164
0.2800365639635074,-0.7095858710996048,0.4163384724215115,1790750591,215491105,0.1289999932050705,0.18116884714981565,-0.6276450253383313,0.42866205205094854,-3.024977456883626
0.2854377400189367,-0.7141351807953179,0.41666658070985235,1790750591,265448020,0.13600000739097595,0.1811821765779615,-0.6276719426435742,0.428950226352135,-3.0260841977071866
0.2854688400105774,-0.7142304163166283,0.41761819153261626,1790750591,316180276,0.13600000739097595,0.18119533965635956,-0.6276956943653461,0.4292277148233773,-3.027137230664404
0.2816552793394289,-0.7111142600869176,0.41871630778821073,1790750591,365809725,0.13099999725818634,0.1812051489304757,-0.6277117132152737,0.4294301193318386,-3.0278977480387694
0.2847400256636577,-0.7137223370915701,0.4190340938587751,1790750591,415306302,0.13500000536441803,0.18121459336711096,-0.6277258810041875,0.4296216269339014,-3.028611501142945
0.28398407244652785,-0.7131256214264264,0.41954357919055485,1790750591,465452377,0.1340000033378601,0.18122104975723546,-0.6277349138626517,0.4297508865761685,-3.029090248682261
0.28322646940434226,-0.7125242248658303,0.42000898532422615,1790750591,515636803,0.13300000131130219,0.181226991579869,-0.6277427752848187,0.42986863436887,-3.029524214178705
0.28553286983602666,-0.7144595422294866,0.4200381006247913,1790750591,565427883,0.13600000739097595,0.18123080494978297,-0.6277476100701201,0.42994376021922287,-3.0297998614454573
0.28400394163230847,-0.7132048411624872,0.42041037883381654,1790750591,615663764,0.1340000033378601,0.18123430237527552,-0.6277518989551635,0.4300122958110475,-3.030050558762748
0.27940495692647804,-0.7093895956106981,0.4209633731657731,1790750591,665880246,0.12800000607967377,0.1812362636847653,-0.6277542576197255,0.43005077184254964,-3.0301910340723466
0.28247493705260895,-0.7119502432725894,0.42078629037161147,1790750591,715434955,0.13199999928474426,0.1812379348814819,-0.6277562374312013,0.43008352560344343,-3.030310457800061
0.2832425954835578,-0.7125911988388982,0.4207507755758792,1790750591,765304582,0.13300000131130219,0.1812384770523184,-0.627756881655808,0.43009415825834024,-3.030349281706662
0.2840099780452747,-0.7132309797151604,0.420702047972715,1790750591,815284543,0.1340000033378601,0.18123880855496177,-0.6277572789244428,0.43010066964180926,-3.0303730999883025
0.2824757176155708,-0.711953689472125,0.42082481798084775,1790750591,865319691,0.13199999928474426,0.1812385309883589,-0.6277569558045617,0.4300953031187988,-3.0303536283527546
0.2855430024864293,-0.7145028367862811,0.42051849171744643,1790750591,915325681,0.13600000739097595,0.18123813802002875,-0.6277564947554097,0.43008768203086434,-3.0303259323456486
0.2840055881768989,-0.7132118444264886,0.42048829262291576,1790750591,965363828,0.1340000033378601,0.18123550296005625,-0.6277533529544975,0.43003589517020774,-3.0301368297614717
0.2840013591915095,-0.7131938828069818,0.42028906037181357,1790750592,15309410,0.1340000033378601,0.18123245174415525,-0.6277496146226385,0.42997562793032823,-3.0299162436706277
0.28399071229410355,-0.7131510934691139,0.41981952733651307,1790750592,65427131,0.1340000033378601,0.18122524262565903,-0.6277404904319733,0.42983391834158796,-3.0293961027161505
0.28244436349100616,-0.711829096147197,0.41945918315891545,1790750592,115183822,0.13199999928474426,0.18121745689766114,-0.6277299481710731,0.4296790903211499,-3.0288244364513743
0.28088625197807027,-0.7104702521720034,0.41872163969183346,1790750592,165446860,0.12999999523162842,0.18120398807940766,-0.6277099310920041,0.4294068761888049,-3.02781070916242
0.283923528934778,-0.7129209095150374,0.41741597744686465,1790750592,215353515,0.1340000033378601,0.1811900236381115,-0.6276865213520655,0.4291175524900006,-3.026720667996523
0.2831022231944817,-0.7121268469788162,0.41595772837850703,1790750592,265188966,0.13300000131130219,0.18116881077224842,-0.6276450750573616,0.42866245166461586,-3.0249791224361666
0.28379939604147575,-0.7125825320195375,0.4141936892299817,1790750592,315492560,0.1340000033378601,0.1811473717253692,-0.6275947429051704,0.42818077255009757,-3.0230982649163614
0.2836992278059354,-0.7123361580067318,0.41206900693633236,1790750592,365754644,0.1340000033378601,0.18112515463945544,-0.627519073368802,0.42758102041319584,-3.020716266896187
0.28587159346598934,-0.7139610912568151,0.4095025859063391,1790750592,415841940,0.13699999451637268,0.18110486309061133,-0.6274303678073411,0.42697727054582957,-3.01825294564466
0.2848429259749279,-0.7130580804487945,0.40688876955364617,1790750592,465512991,0.13600000739097595,0.18101492523274043,-0.6273632756073699,0.4261799254395953,-3.014549864505785
0.28453067738900134,-0.7127629677468014,0.4040614669538404,1790750592,515490406,0.13600000739097595,0.18091868099832512,-0.6272844126078285,0.4253681050189504,-3.0106079122535716
0.284865986503827,-0.713025689617742,0.40055514008088455,1790750592,565166318,0.13699999451637268,0.18079784931696913,-0.6271813586230471,0.4244208509652629,-3.0057660153606665
0.2821088984669484,-0.7107370808550263,0.3976907205752049,1790750592,615335725,0.1340000033378601,0.18067994454718556,-0.6270504490462065,0.4234728046217707,-3.0007053467363622
0.28068227630342746,-0.7097635464295713,0.39433000211713637,1790750592,665166435,0.13300000131130219,0.1804645779660221,-0.6269627901766502,0.42242712034487573,-2.9944477221564108
0.2814352468992911,-0.7106223612003018,0.39026522097594185,1790750592,715743550,0.13500000536441803,0.18024242107829835,-0.6268562820083297,0.4213820560907054,-2.9878575727019623
0.2781214166820473,-0.7083128457669706,0.3865592282899766,1790750592,765514436,0.13199999928474426,0.17991413226047,-0.6267363285965497,0.4200942986500627,-2.979041272624267
0.28210533692277945,-0.7120866155249939,0.38009489988219536,1790750592,815638945,0.13899999856948853,0.17959254256745855,-0.626567695055185,0.41880718265472106,-2.9697386975068727
0.2770023376060155,-0.7085166356868101,0.3768834454242071,1790750592,865427506,0.1340000033378601,0.17918058595386246,-0.6264283961539444,0.4174842671972437,-2.959247403449266
0.2791204720875057,-0.7110084874184307,0.3707042683552258,1790750592,915138382,0.13899999856948853,0.17878721409287374,-0.6262490568458763,0.4162023548151723,-2.9485490096831213
0.2722120522200161,-0.7062834805468405,0.3683182273656943,1790750592,965487254,0.13199999928474426,0.17821451975665764,-0.6261309701515614,0.4148374575754369,-2.935769389957928
0.2737908674488403,-0.7087896668506972,0.36182468829271786,1790750593,15457891,0.13699999451637268,0.17766349709021595,-0.6259773164191011,0.41350294079235783,-2.9227117950355512
0.27217389949275983,-0.7089318060998703,0.356672709980545,1790750593,65193914,0.1379999965429306,0.17697242173585906,-0.6258596866740963,0.41216776068654154,-2.9082347129045147
0.26906301143924477,-0.7077793480373019,0.35227377642788016,1790750593,115859835,0.13699999451637268,0.17630520861060237,-0.6256960577773523,0.41081711056584747,-2.8932066895814543
0.26789892020211786,-0.708544098985898,0.3470643381126966,1790750593,165305309,0.13899999856948853,0.1755706648282494,-0.6255795377071365,0.4096213076185652,-2.8785527258631243
0.26465784403318443,-0.7074415342661827,0.3431707505438121,1790750593,215837498,0.1379999965429306,0.17486672350171303,-0.6254282388302504,0.40840397130815975,-2.863578925043982
0.26041097387360146,-0.7058198840221829,0.33977203333821926,1790750593,265424131,0.13600000739097595,0.17399992989824917,-0.6253074487272379,0.40720259949565657,-2.8474064597966153
0.2592416053244019,-0.7070593084866359,0.3337998568267217,1790750593,315471842,0.13899999856948853,0.17317300978465436,-0.6251476745249139,0.40593639878607846,-2.830827739244471
0.2532667338710079,-0.7042628647974379,0.331474320559877,1790750593,365577851,0.13500000536441803,0.17214470094873624,-0.6250225920645761,0.4047218215423163,-2.8133693137698437
0.25324242806685604,-0.7072354749852903,0.323669054565046,1790750593,415269346,0.14100000262260437,0.17117928138415409,-0.6248642953476167,0.40342887816819784,-2.795896147771752
0.246691554910573,-0.7038973395572661,0.3225055896981601,1790750593,465371401,0.13600000739097595,0.1701342886897317,-0.6247450637648165,0.4023172695201809,-2.7798555336148714
0.24525090121017118,-0.7057235390881474,0.3161099692146177,1790750593,515524086,0.14000000059604645,0.169151434045134,-0.6246026921482866,0.40112925794282395,-2.7640993574607657
0.24438466811913573,-0.7088348401736322,0.30866888017136146,1790750593,565317240,0.1459999978542328,0.16800773318580833,-0.624503952380686,0.40016130908042347,-2.749867321717961
0.23770080130724336,-0.7055159141569066,0.3080663518189289,1790750593,615469396,0.14100000262260437,0.16690059875536098,-0.6243845537875801,0.3990940092797761,-2.7357992234656088
0.23288455955542603,-0.704627000914087,0.30533051582104703,1790750593,665588276,0.14000000059604645,0.16567028499194153,-0.6242977281396789,0.3982253455874676,-2.723453749006575
0.2285943981390276,-0.704241505363413,0.30195676636382934,1790750593,715405013,0.14000000059604645,0.1644914750810793,-0.6241903805539083,0.3972596143750659,-2.71149258351303
0.22473518425511424,-0.7045314333335942,0.29832749288183635,1790750593,765742227,0.14100000262260437,0.16328061795865398,-0.6241137034484817,0.3964973749282842,-2.7016070168333854
0.2205142440223347,-0.7041966489283191,0.295447823542958,1790750593,815437871,0.14100000262260437,0.16212789470361652,-0.6240210380456918,0.39566711496135,-2.69225502448098
0.21628970757120244,-0.7045030447584693,0.292002119764803,1790750593,865118551,0.1420000046491623,0.16084076503536437,-0.6239512385758155,0.39496241605775095,-2.6839581322753885
0.21190913972007586,-0.7047294549286433,0.28845850121267014,1790750593,915513145,0.14300000667572021,0.15955337057891142,-0.6238571290042759,0.3941350939211599,-2.6757376281312233
0.2061755700413161,-0.7033583695930025,0.28744238772714664,1790750593,965226113,0.14100000262260437,0.15816362936874628,-0.6237937503212005,0.3934863675306286,-2.6689724415434397
0.20201101022468526,-0.7047330272586719,0.2826140404238035,1790750594,15632170,0.14399999380111694,0.15676637353523507,-0.6237047603258938,0.3927200848692918,-2.6623597465556856
0.19837345638735077,-0.7067671966338083,0.27748281871241287,1790750594,65293749,0.14800000190734863,0.1554594881663657,-0.6236478949219951,0.39217184861084764,-2.6575961774040917
0.1929526798140029,-0.7053799514330571,0.2770134466985147,1790750594,115643314,0.1459999978542328,0.15416416371738834,-0.6235719060626311,0.3915511876624824,-2.653082656504508
0.18749350727603664,-0.7035748422111331,0.2778508936098583,1790750594,165257281,0.14300000667572021,0.1528828199488197,-0.6235429937892673,0.39119111361217324,-2.6501052124580835
0.18302810382221163,-0.7039791201724644,0.27558614838161616,1790750594,215282890,0.14399999380111694,0.15160006785566169,-0.6235006972433429,0.39078814581589855,-2.6473705813165873
0.17844945018043992,-0.702766913723684,0.276088350831627,1790750594,265483371,0.1420000046491623,0.15046023254126975,-0.6234785041070191,0.39051716327311503,-2.645545697280888
0.17532298615038536,-0.7054380888894081,0.2710029408348146,1790750594,315376210,0.1469999998807907,0.14935851789139534,-0.6234452176699294,0.39021709864405457,-2.643906851169855
0.17066641073838776,-0.7031065379767533,0.27335205796008943,1790750594,365286347,0.14300000667572021,0.14827686258650966,-0.6234166402701604,0.3899592200313941,-2.6426578066965747
0.16712578846145176,-0.7046450475644883,0.27001543926952565,1790750594,415459475,0.1459999978542328,0.14719351728103758,-0.6233737240951811,0.389655214932027,-2.6414795286597923
0.1632467220031317,-0.703506133155084,0.27112859683798407,1790750594,465178794,0.14399999380111694,0.1462131359955709,-0.6233722849905604,0.3895533473793714,-2.641098380010471
0.15994484539715095,-0.7051443522886126,0.2681848391657493,1790750594,515739695,0.1469999998807907,0.14523285146389542,-0.6233670786849241,0.38944915675921044,-2.6408575012109567
0.1565985170641519,-0.7039808752962052,0.2694282515904902,1790750594,565331366,0.14499999582767487,0.14437863302570714,-0.6233512745444458,0.38932212427264434,-2.640657002208708
0.15350341040574722,-0.7039074444118454,0.2690282610137536,1790750594,615312502,0.14499999582767487,0.14353485328299403,-0.6233246287863448,0.38916167220640513,-2.6404614180163435
0.15095208753123318,-0.7033572151576607,0.26970741838694917,1790750594,665219490,0.14399999380111694,0.14286153850137445,-0.6233303867988326,0.3891488181357123,-2.640675281345906
0.14883324623760805,-0.7067033144398626,0.2646255561302921,1790750594,715449546,0.15000000596046448,0.14221530682576497,-0.6233378139953039,0.38915024445236274,-2.640968843959751
0.14684729866025184,-0.7055904196335696,0.26620369547857964,1790750594,765508359,0.14800000190734863,0.14170924971525306,-0.6233385968569499,0.3891355410985716,-2.6411924105981943
0.14512200094377808,-0.7072485694907652,0.2636332704109817,1790750594,815608524,0.1509999930858612,0.14122697155777847,-0.6233355557801767,0.389110092127261,-2.641403606298142
0.14369744517958605,-0.7027925299022851,0.27022876845887556,1790750594,865528762,0.14300000667572021,0.14089199396311639,-0.6233313401629005,0.3890860386527074,-2.6415501097707863
0.14262677176290436,-0.7050024046457471,0.2668554265116287,1790750594,915597482,0.1469999998807907,0.140581572248492,-0.6233258958429356,0.38905921136988486,-2.6416856426656863
0.1417927265619049,-0.7033249441755162,0.2693159197461607,1790750594,965339849,0.14399999380111694,0.1403637505281594,-0.6233211948312828,0.38903791577480107,-2.641780257265966
0.14108236246088127,-0.7055359900322669,0.2659591475302923,1790750595,15346281,0.14800000190734863,0.14016123872642033,-0.6233161736830906,0.38901626392405775,-2.641868011201892
0.14064604800868988,-0.7055288465170203,0.26594108979079645,1790750595,65208148,0.14800000190734863,0.14004328279821449,-0.6233129639404241,0.3890028055712437,-2.641919088264423
0.14025673955112467,-0.7038557598143346,0.2684198623538688,1790750595,115791660,0.14499999582767487,0.13993971154074347,-0.6233099717125123,0.3889904819190129,-2.641963907381927
0.14011988319691848,-0.7066305653723817,0.26425617000412527,1790750595,165403172,0.15000000596046448,0.13990010619200044,-0.6233087819037697,0.38898561274246685,-2.6419809729256314
0.14000997853142527,-0.7038512915077997,0.2684095194513042,1790750595,215446781,0.14499999582767487,0.1398719303554693,-0.6233079197258462,0.3889820909371976,-2.641993079277427
0.1399868994888634,-0.7038601543102883,0.26841685230549817,1790750595,265661716,0.14499999582767487,0.1398655863474071,-0.6233104557944018,0.3889852152459779,-2.642005062532784
0.13998242860674054,-0.7066487319959457,0.2642688680976699,1790750595,315458323,0.15000000596046448,0.1398632627806806,-0.623313586698522,0.3889895205410506,-2.6420169162369085
0.1399787345215392,-0.7051006876686867,0.26686908994999464,1790750595,365505904,0.1469999998807907,0.13986289821956036,-0.6233481040091607,0.3890390601222748,-2.6421337068714865
0.1399827289668648,-0.708023081118092,0.26283935223063937,1790750595,415433743,0.15199999511241913,0.13986290452688677,-0.623388314447639,0.38909678934591185,-2.64226980720988
0.13997667805825129,-0.7039875694522437,0.2698600762644214,1790750595,465050468,0.14399999380111694,0.13986298692372068,-0.6235116168894003,0.38927366991334655,-2.6426889570920444
0.13997861343054743,-0.7055884009960784,0.26863432779469304,1790750595,515625971,0.1459999978542328,0.1398631062423212,-0.6236519163043663,0.3894747122193144,-2.643169470580248
0.13997864844913377,-0.7059341460187264,0.27027738800112044,1790750595,565339818,0.14499999582767487,0.1398633923370124,-0.6239151475099911,0.38985108657099166,-2.6440815686934176
0.13997577777717857,-0.7040682511440912,0.2752739074417287,1790750595,615572105,0.14000000059604645,0.1398637653637405,-0.6241992648595855,0.39025622195138576,-2.6450820808136535
0.13997825316253076,-0.7056503099619438,0.27671178497700927,1790750595,665581510,0.14000000059604645,0.1398644751568477,-0.6246603803522718,0.39090731257454175,-2.646739518164431
0.1399822743827438,-0.7079006694451245,0.27742221157123387,1790750595,715388626,0.14100000262260437,0.13986519300457062,-0.6251381278119725,0.3915771445962508,-2.6485086785722194
0.13997907751882832,-0.7059411488517092,0.2851907888476396,1790750595,765227057,0.1340000033378601,0.13986713265310047,-0.6257849137313269,0.392573126008923,-2.65108702866288
0.13997538895689549,-0.7032860638165653,0.2937387154941693,1790750595,815520899,0.12600000202655792,0.1398684364921931,-0.6264436938876766,0.3935948082255331,-2.6538407924118834
0.13997821787823808,-0.7047327076751941,0.29812586382967954,1790750595,865366951,0.12399999797344208,0.13987219452906427,-0.6272746729257876,0.39495685633323085,-2.65756357642439
0.1399783049566184,-0.7042581077256248,0.3048771711430908,1790750595,915770980,0.11900000274181366,0.13987310080062634,-0.6281030988764887,0.3963178853344467,-2.661516467289631
0.1399788792034018,-0.7032532008635104,0.31276743468536644,1790750595,965423076,0.11299999803304672,0.13987860024250018,-0.6290221742389233,0.39796569866919657,-2.6663006388623027
0.13997663801635785,-0.7020134865899913,0.32051371774105486,1790750596,15318054,0.10700000077486038,0.13987761255457104,-0.6299055678373001,0.39956710737700485,-2.6712713442367417
0.13998393694402658,-0.7039850938929058,0.3262860732417991,1790750596,65473488,0.10499999672174454,0.13988683896412196,-0.6310018687291185,0.401774077111557,-2.6780950080782926
0.13997266627660207,-0.699348243116463,0.3382747519804385,1790750596,115324215,0.09399999678134918,0.13987888689871497,-0.6320283237161161,0.40387977505224854,-2.6852167070791806
0.140821178424903,-0.6981566740015731,0.34537219867222413,1790750596,165524519,0.08900000154972076,0.1401648784194287,-0.6328727020266985,0.40585833385489967,-2.6936812847729645
0.1417137662605589,-0.7003229314436484,0.34876831023770727,1790750596,215440599,0.08900000154972076,0.14040859463377472,-0.6336106052262894,0.40766450989051695,-2.7023312645318205
0.14387312911672068,-0.6961657508607689,0.35340764080620046,1790750596,265273280,0.08299999684095383,0.14110027587562826,-0.633730136321253,0.40802544740418356,-2.709669194528974
0.14633033150558875,-0.6946466779572594,0.3548017418491332,1790750596,315858134,0.08100000023841858,0.1418944942510362,-0.6337212681006766,0.4079940140348778,-2.7168745560654752
0.14906190403360522,-0.6961986677917027,0.3538516249331177,1790750596,365208885,0.08299999684095383,0.14270953737383646,-0.63373780232303,0.4081405482814637,-2.725319914695888
0.15168919470945155,-0.6954520724473313,0.35479245938708726,1790750596,415825156,0.0820000022649765,0.14355703681503254,-0.6337358344514276,0.40816824366300547,-2.7342359754522714
0.1541343706911822,-0.6947770219477095,0.35603137927832096,1790750596,465868505,0.08100000023841858,0.14435908194918023,-0.6337626488809883,0.4084020776497316,-2.744044910917292
0.15637411632568132,-0.6933088898413315,0.3578237367902343,1790750596,515469999,0.07900000363588333,0.14515912114518292,-0.633773125168939,0.4085259771987654,-2.753935330342338
0.15965149928748565,-0.6964386900005481,0.35613200204841683,1790750596,565385171,0.08299999684095383,0.14599391923449415,-0.633811568210062,0.4088606811418105,-2.7659243595184524
0.1620464345717671,-0.694994664453868,0.358176609855844,1790750596,615364585,0.08100000023841858,0.14685997015259775,-0.6338300802373803,0.4090614305265833,-2.778307714016608
0.16472879158600037,-0.6951351169305503,0.3592849745197346,1790750596,665546722,0.08100000023841858,0.1476957541974904,-0.6338767716825718,0.40946754931841256,-2.7922899305876716
0.1669743380222576,-0.6937095095608031,0.36151983727621767,1790750596,715651017,0.07900000363588333,0.14856154306950434,-0.6339026119375405,0.40973917523494563,-2.8065439573352813
0.1698942128571943,-0.6946375233215405,0.36228655274218036,1790750596,765325298,0.07999999821186066,0.14940228201622383,-0.6339598797296502,0.41022718323909935,-2.8228123321567247
0.1735207345060894,-0.6970286253617067,0.3618313790658314,1790750596,815680122,0.08299999684095383,0.15030788503685522,-0.6339929337702528,0.4105824270617886,-2.839735831656781
0.17542270485281944,-0.6957006743374758,0.3645473730019619,1790750596,865386367,0.08100000023841858,0.15106857315156846,-0.6340572778787802,0.41110881607171657,-2.8566293135708865
0.17724728633705109,-0.6943126613752486,0.3671396626255716,1790750596,915283539,0.07900000363588333,0.15186340521434238,-0.6340977309263205,0.4115335958219951,-2.8736219437879478
0.18085244981123738,-0.6975795873973584,0.3666296546200506,1790750596,965561150,0.08299999684095383,0.1525642134133512,-0.6341716301636222,0.4121071888159626,-2.891185319782147
0.18208600894747312,-0.6954420867538976,0.36989975780968004,1790750597,15399516,0.07999999821186066,0.1532984294122611,-0.6342175822518873,0.4125944299232456,-2.9086756867786896
0.1844073859080091,-0.6964221247601882,0.3710779753371992,1790750597,65204538,0.08100000023841858,0.15390160786331955,-0.6342930808590979,0.4131538526120504,-2.925231324748265
0.18636292433893908,-0.6965883426530973,0.3727603999314528,1790750597,115406444,0.08100000023841858,0.15453126251975774,-0.634342974936851,0.41366589518969854,-2.941744692062985
0.18902405890373247,-0.6983649846185069,0.3736439800785931,1790750597,165279014,0.08299999684095383,0.15509784942776395,-0.6344277675906841,0.41426471449992197,-2.9585802772043404
0.1900923299201884,-0.6970057385711133,0.3765069547526275,1790750597,215846516,0.08100000023841858,0.15570990768712883,-0.634480384129335,0.41484008835714026,-2.975730056507195
0.19171610382725734,-0.6972396941142297,0.3783867580082803,1790750597,265362397,0.08100000023841858,0.15621390111938716,-0.6345647051678862,0.4154332072590362,-2.9915807062599806
0.19334202105073692,-0.6974216867693384,0.3802829234639213,1790750597,315500636,0.08100000023841858,0.15674337349289813,-0.6346164799106477,0.41601869023893245,-3.007467132407923
0.19434196248295824,-0.6968799571644916,0.38265139440366724,1790750597,365396928,0.07999999821186066,0.15720267907866495,-0.6347001806067069,0.41662710233355826,-3.022687678804847
0.19529452119991442,-0.6962807991544098,0.384996939056271,1790750597,415160506,0.07900000363588333,0.15767414880181319,-0.6347485052348579,0.41723798370584225,-3.037759884209647
0.19643594470999856,-0.6964667767828554,0.38672298372849984,1790750597,465270568,0.07900000363588333,0.15804321710333144,-0.6348081308638222,0.41779081958523645,-3.050582685449807
0.1985150903460684,-0.6981748687176418,0.38766941491610574,1790750597,515513391,0.08100000023841858,0.15840471015644864,-0.634840320709074,0.4183433854484382,-3.062985800530456
0.19840222039226588,-0.6968163754510036,0.3899759630226878,1790750597,565437712,0.07900000363588333,0.15868649369315946,-0.6349206660093367,0.418830473587662,-3.073605274665805
0.20024750896353338,-0.6985675090285262,0.39081159280487726,1790750597,615366995,0.08100000023841858,0.15895142841189325,-0.634984196297836,0.4193211721053072,-3.0839118133693266
0.19986844841781917,-0.6971167405667843,0.3927537124667496,1790750597,665203101,0.07900000363588333,0.15915932345087516,-0.6350167352762549,0.4197232705241509,-3.092068895247999
0.20047726376147873,-0.697206340399351,0.3939611875927012,1790750597,715653898,0.07900000363588333,0.15936022058106689,-0.6350298992147503,0.42012374664543173,-3.09991999955842
0.20254064775248248,-0.6997173400827718,0.3940561224222293,1790750597,765856508,0.0820000022649765,0.15952287215495098,-0.6350898562392826,0.42045232832679286,-3.106540901533646
0.2014201214519702,-0.6974922121932885,0.3960610670519586,1790750597,815725235,0.07900000363588333,0.1596708813277064,-0.6351451387536818,0.42077632462764314,-3.1129106964647977
0.20176514870928197,-0.6975857436239487,0.3968815360964539,1790750597,865200116,0.07900000363588333,0.159782133167556,-0.6351768425773154,0.4210384409198023,-3.117885605017202
0.20369578890035267,-0.7000366199824944,0.3967901896846091,1790750597,915709608,0.0820000022649765,0.1598867223790677,-0.635198486297935,0.4213010542612202,-3.122720765958221
0.20229659384363557,-0.6977082837225127,0.3982005292841026,1790750597,965382028,0.07900000363588333,0.15995106304532777,-0.6352076369343452,0.42147123505208206,-3.125778946719334
0.2024812869726391,-0.6977444074482799,0.3986757469281722,1790750598,15919418,0.07900000363588333,0.16000908022113258,-0.6352129254485079,0.42163061541045854,-3.128590810141711
0.20258501615058283,-0.6977631509974997,0.39894656145005336,1790750598,65105981,0.07900000363588333,0.16004151802210156,-0.6352146140712963,0.4217222473859996,-3.1301855765406494
0.20375690716907,-0.6993629001292617,0.39861990035304984,1790750598,115878642,0.08100000023841858,0.16007058545388875,-0.6352153151588125,0.4218059452093957,-3.1316283979674457
0.20379940324779483,-0.6993698877329818,0.39873269324967775,1790750598,165401801,0.08100000023841858,0.1600835715852758,-0.635215389374644,0.42184386892440556,-3.132278228419929
0.2022134273214319,-0.6969990505578458,0.39967704850618235,1790750598,215416195,0.07800000160932541,0.16009394645986988,-0.635215339290659,0.4218744043185345,-3.132799672539512
0.20222148947145793,-0.6970003159114176,0.3996986105240673,1790750598,265436951,0.07800000160932541,0.16009646459174012,-0.6352153173768862,0.421881858393256,-3.1329267509976475
0.20114470224743636,-0.6954166043366246,0.4002763734402013,1790750598,315364151,0.07599999755620956,0.1600975235573484,-0.6352153108398911,0.4218850062393399,-3.1329804259801572
0.20276113566619527,-0.6977923687977107,0.3994130762493112,1790750598,365465852,0.07900000363588333,0.1600963325540036,-0.6352153221048892,0.42188146241903723,-3.132920184450397
0.20221584621717437,-0.6969994291746276,0.3996834843651396,1790750598,415610729,0.07800000160932541,0.1600947027867773,-0.6352153345772629,0.4218766180319871,-3.1328377641234675
0.204347923596831,-0.7001633535626749,0.3984708126729003,1790750598,465375381,0.0820000022649765,0.16008623801150051,-0.6352153874695791,0.4218516865011295,-3.1324123377806563
0.2021575338707621,-0.6969901162880862,0.39952810925854987,1790750598,515610768,0.07800000160932541,0.1600764323316958,-0.6352153637035987,0.42182297609912356,-3.1319209696450674
0.20209805352909688,-0.6969802583986726,0.3993706117203473,1790750598,565505615,0.07800000160932541,0.16005774366475006,-0.6352151025290798,0.4217687839218767,-3.130989831585444
0.2020333283108666,-0.6969690885584756,0.39920033144464223,1790750598,615295305,0.07800000160932541,0.16003737004182053,-0.6352144501056307,0.42171042628401867,-3.129980945556409
0.203000041308873,-0.6985323987124483,0.3983362382949845,1790750598,665444256,0.07999999821186066,0.1600032255400458,-0.6352125213945805,0.42161426836819765,-3.1283041573491484
0.2012721650399108,-0.6961355614959305,0.39891139316292895,1790750598,715423104,0.07699999958276749,0.1599663377263206,-0.6352092797210763,0.42151264876471206,-3.1265125068531634
0.20165094670278771,-0.6968941137408438,0.3982172449115689,1790750598,765216867,0.07800000160932541,0.15991614083410738,-0.6352031064048345,0.42137811372141243,-3.124112945699867
0.20148276576884927,-0.6968565082485462,0.3977968962311991,1790750598,815349985,0.07800000160932541,0.1598623122586408,-0.6351942358972341,0.4212383609706722,-3.1215820686235265
0.20177275190739408,-0.6975877210764567,0.3968999264720108,1790750598,865496177,0.07900000363588333,0.15978454301512776,-0.6351774717468104,0.4210443185144783,-3.117997260354037
0.20256991288385084,-0.6990969840975597,0.3956537078050328,1790750598,915614665,0.08100000023841858,0.1597004132551358,-0.6351545076927221,0.42084429635361964,-3.1142168017558913
0.2022130059239155,-0.6989880215987434,0.3948212217613243,1790750598,965013064,0.08100000023841858,0.15958655610470088,-0.6351127714224656,0.4205882206038691,-3.109226860370253
0.20129858004402756,-0.6980692491096303,0.3942655103311338,1790750599,15519879,0.07999999821186066,0.15945977841222658,-0.6350571738766779,0.42032299997901157,-3.103892425659862
0.20030860345922902,-0.6971989681441935,0.3936325319108576,1790750599,65234725,0.07900000363588333,0.15930431605250647,-0.6350384124180175,0.420008928566759,-3.097763631428302
0.19930075547126117,-0.6963228457814299,0.3929927844060038,1790750599,115572863,0.07800000160932541,0.15914202672514893,-0.6350154797540835,0.419688919469715,-3.0913938063069177
0.20025092908884068,-0.6985666530574506,0.390815332705225,1790750599,165355607,0.08100000023841858,0.15895276494058797,-0.6349835201088069,0.41932229468020366,-3.0839459748346045
0.19861414369514,-0.696857048079846,0.3903531678550931,1790750599,215765634,0.07900000363588333,0.15875588464734772,-0.6349338221940305,0.41895096245612706,-3.076180610593241
0.1989231089291643,-0.6983009577398783,0.3884152828180754,1790750599,265286506,0.08100000023841858,0.1585285583703361,-0.6348969804519572,0.41856849140102503,-3.067937723468129
0.1972084120767248,-0.6965911152125605,0.3879479246301859,1790750599,315590717,0.07900000363588333,0.1582955709378077,-0.6348452869642126,0.4181843937179036,-3.059451782889542
0.19778502463441872,-0.6987931876278173,0.3853757382584079,1790750599,365515417,0.0820000022649765,0.1580087103833406,-0.6348045565853703,0.4177377575614307,-3.0493792953157555
0.19446771453259842,-0.694722393396773,0.3859609785778376,1790750599,415402754,0.07699999958276749,0.15772212201641922,-0.6347429586269737,0.41728554994085076,-3.0390148307204714
0.19521558167053193,-0.697694228300163,0.3827484531714222,1790750599,465173952,0.08100000023841858,0.15733967047329564,-0.6347056180225713,0.41679034449520946,-3.0268471126816094
0.19398329506039888,-0.6975045700324255,0.38108569211747545,1790750599,516520210,0.08100000023841858,0.15695014309617986,-0.6346419197096231,0.4162685414707037,-3.013942351979024
0.19226347845367678,-0.6965712213134111,0.37996913355500944,1790750599,565474141,0.07999999821186066,0.15653876789494775,-0.6345941370548736,0.4157823405630795,-3.001197159812917
0.1914068494684204,-0.6971413720880698,0.37791622686746695,1790750599,615555036,0.08100000023841858,0.15613747923556356,-0.634519427811144,0.41527347056904484,-2.9880877739593954
0.1899370849074402,-0.69697283738221,0.3762999290549463,1790750599,665596940,0.08100000023841858,0.15566835919893499,-0.6344675917551171,0.4147674315217796,-2.9740845286946804
0.18847123980909658,-0.6967623100182836,0.37466911260300506,1790750599,715304359,0.08100000023841858,0.15522392173054622,-0.6343918661533688,0.4142360636012944,-2.96001505535832
0.18596728085848768,-0.6950873466814906,0.37412047886711164,1790750599,765258531,0.07900000363588333,0.15465973287793003,-0.6343545499789854,0.41377354203512984,-2.9451640744270593
0.18390027890502988,-0.6941482483278137,0.3730842659462634,1790750599,815122840,0.07800000160932541,0.15412059548863835,-0.6342981517214142,0.4132730285905514,-2.9302047033709133
0.18325616666797076,-0.6963173627596733,0.37011618263895885,1790750599,865412617,0.08100000023841858,0.15353746814737493,-0.6342590755638814,0.412854549327338,-2.9156853086762533
0.18114725957879174,-0.6953829021776494,0.3692166691794873,1790750599,915497373,0.07999999821186066,0.1529906215741232,-0.6342017135193633,0.41239149523045093,-2.9013346503687396
0.179453667430893,-0.696014705595151,0.3672692021039655,1790750599,965454155,0.08100000023841858,0.1523283733250721,-0.634161494267557,0.41198383848580944,-2.8859945433215657
0.17739656048311248,-0.6958307153075483,0.3657740552205724,1790750600,15546902,0.08100000023841858,0.1516941084243481,-0.6340988222299142,0.41148573177965614,-2.87042268286682
0.17499396954958188,-0.6957027607021441,0.3643897110990376,1790750600,65481740,0.08100000023841858,0.15091913090116585,-0.6340600628467821,0.41109709792156374,-2.8541394531548048
0.17230752617874703,-0.6947586575812886,0.36348632805371417,1790750600,115378142,0.07999999821186066,0.15017560089542867,-0.6339982064274319,0.4105856398611187,-2.837723029283939
0.1706110443971725,-0.6969232944165838,0.3605085579707465,1790750600,165290230,0.08299999684095383,0.1493810671208554,-0.6339639526570442,0.4102519879454767,-2.8226911914085537
0.16717063756104816,-0.6937337613212635,0.3616567935437002,1790750600,215382254,0.07900000363588333,0.14861907525710527,-0.6339115235157089,0.40980385964837757,-2.8078696153721454
0.1649953558322532,-0.6951603640344778,0.3594409916449996,1790750600,265372194,0.08100000023841858,0.14777540538672132,-0.6338856017950563,0.4095396628627035,-2.793884847783759
0.1623440637810129,-0.6950211870878475,0.3583337607201705,1790750600,315680137,0.08100000023841858,0.14694974198408853,-0.6338395329662827,0.4091355332678459,-2.7799587907206416
0.15968000264568494,-0.6957139077952643,0.3569110267118436,1790750600,365643595,0.0820000022649765,0.14604996468952244,-0.6338226274977936,0.40894651325621667,-2.7670848507854857
0.15683524476215918,-0.6955976558219733,0.35600335218630585,1790750600,415520775,0.0820000022649765,0.1451664349940515,-0.6337839881189674,0.40860477550501684,-2.7543983733145954
0.15400644547814102,-0.695556032985168,0.3554442519616305,1790750600,465798847,0.0820000022649765,0.14427914145069684,-0.6337736972588669,0.4084755909982458,-2.743436261052335
0.151410867922734,-0.6969749843838948,0.3535001329884691,1790750600,515879659,0.08399999886751175,0.14340927244550034,-0.6337439528030506,0.4082158613011122,-2.7328420006378806
0.14797686124628975,-0.6954729267161965,0.3545182885400583,1790750600,565654430,0.0820000022649765,0.1423956691658412,-0.6337510110439958,0.40821424548442264,-2.7224112174167976
0.14462226328681857,-0.6946576405703093,0.354746629984382,1790750600,615619768,0.08100000023841858,0.14135702760389082,-0.6337279164021353,0.40801863940160765,-2.711957733298239
0.14250743601765598,-0.6949047233317169,0.3513079366854753,1790750600,665309733,0.08299999684095383,0.14072186266736403,-0.6332871604048,0.40688749355989196,-2.701639355974545
0.14030844395443742,-0.6933004589485866,0.3486944981857046,1790750600,715800205,0.08299999684095383,0.14000070723463975,-0.632700750131297,0.40540939979867885,-2.6911692082038985
0.13997724725341307,-0.6914455255446094,0.3409908486781271,1790750600,765457208,0.0860000029206276,0.13990292948883318,-0.6312660790751468,0.4024272320502537,-2.679860990641475
0.13996206215575593,-0.691098907106108,0.3290154799410773,1790750600,815777345,0.09300000220537186,0.13987790596168478,-0.6293737951782932,0.39857842902629725,-2.668218295750787
0.13996549401485534,-0.6948277458039077,0.3123113023295305,1790750600,865366587,0.10700000077486038,0.13987789518370822,-0.6275394793353536,0.39550554304318664,-2.6588784438761914
0.1399616929637118,-0.6935678604208618,0.2994429452231493,1790750600,915593900,0.11500000208616257,0.13986758978378883,-0.625456766939476,0.39210291807647396,-2.649796286581041
0.13995890517214624,-0.6955960620706126,0.28244878517546956,1790750600,965685803,0.1289999932050705,0.1398594723116932,-0.6235412917567666,0.38944924515127244,-2.6429479791853745
0.1399643037994564,-0.6965294173519299,0.26492318757297934,1790750601,15278055,0.14300000667572021,0.13985860598419103,-0.6214932147335127,0.3866546914404488,-2.6365479569032564
0.1399556505270573,-0.6962328803830579,0.24730454249263123,1790750601,65125576,0.15700000524520874,0.1398423734685905,-0.6193873368700209,0.3842123627860299,-2.631339716568664
0.13995296230737375,-0.6899318168319177,0.237959328571122,1790750601,115505038,0.16099999845027924,0.1398478247150754,-0.6170479370503982,0.38151743010172046,-2.6263056214006673
0.13993496455193682,-0.6823668034324607,0.2309233542586798,1790750601,165628775,0.16300000250339508,0.13982323442528918,-0.6147002482531451,0.379214370988117,-2.622629442306784
0.1399284606298237,-0.6727863968986746,0.22757446881246762,1790750601,215712883,0.16099999845027924,0.13983544974490905,-0.6121385595626679,0.3767147741508653,-2.6191925815026313
0.13991137709028603,-0.6634984134710724,0.22724066655277286,1790750601,265128363,0.15700000524520874,0.13981072240224965,-0.609852962326269,0.3747911903983352,-2.6172424951437963
0.13990399795750044,-0.6550933139863742,0.22421552985536172,1790750601,315865272,0.15600000321865082,0.13982267224362827,-0.607379537922316,0.37273956819278453,-2.615501710649558
0.13989120345056655,-0.6464547653540834,0.22480569991335278,1790750601,365185336,0.15199999511241913,0.13980228382533053,-0.6050909806365601,0.37106925628102105,-2.6147663069710214
0.13988265834357874,-0.6380370058788665,0.22456630773809064,1790750601,415469232,0.14900000393390656,0.1398218293963014,-0.6026216494101762,0.36929622861949973,-2.6141889882538036
0.13987025587722085,-0.6292607593229471,0.22986626564097234,1790750601,465406976,0.14100000262260437,0.1397970829164609,-0.6003500030238302,0.3678704813573965,-2.614471988254686
0.13986131808698293,-0.6221330352271128,0.2285261875159973,1790750601,515366537,0.14000000059604645,0.1398082920041071,-0.5979740050713681,0.366425928694367,-2.6149140564830238
0.1398527474739313,-0.6155536389528223,0.23175106813486787,1790750601,565481107,0.13500000536441803,0.13979771454099818,-0.5959803340418126,0.3653245840526194,-2.61574218439133
0.13984277198804937,-0.6092672142935883,0.23616967230457003,1790750601,615375981,0.1289999932050705,0.1398115232006266,-0.5939836131895551,0.3642610803213231,-2.6166396065132633
0.1398368269313422,-0.6040136113873084,0.23692484145864448,1790750601,665390532,0.12700000405311584,0.13980012559089294,-0.5921432283808139,0.36336887528302936,-2.617859641726346
0.13982848171351658,-0.5988264908102843,0.2377830270215031,1790750601,715665030,0.125,0.1398108388224182,-0.5902436480245121,0.362488016891368,-2.6191452459624625
0.13982242831975636,-0.5939967521659926,0.24389272811378854,1790750601,765570793,0.11800000071525574,0.13979991746755768,-0.5885553653167513,0.36176719935849355,-2.6205930218909606
0.1398150862510794,-0.589669199628282,0.24411014045566876,1790750601,815231915,0.11699999868869781,0.1398066088418403,-0.5868475712412188,0.3610761100132035,-2.622064229991244
0.13981167953010068,-0.5861839446342697,0.2435577444283219,1790750601,865452662,0.11699999868869781,0.13979793098880147,-0.5854751469297723,0.3605555953057932,-2.623447661062501
0.1398069997550462,-0.5828315364851937,0.24208358527659193,1790750601,915420065,0.11800000071525574,0.13979889079224805,-0.5841387614097696,0.36007634465631677,-2.6248049020180653
0.1398045189341936,-0.5800772883909747,0.2447296348751801,1790750601,965409328,0.11500000208616257,0.1397908140220034,-0.5830237145373841,0.359691884613764,-2.626058121233812
0.13980123970093455,-0.5772101517205814,0.24142085101241,1790750602,16044866,0.11800000071525574,0.13978980355980683,-0.5819092757608796,0.3593272472395398,-2.6273083600212277
0.13979768721075544,-0.5750210771169775,0.2402127561218721,1790750602,65452273,0.11900000274181366,0.13979181360377987,-0.5810478601860223,0.3590600468099272,-2.6282883651672417
0.1397923348329375,-0.5730601582154526,0.24202771852360866,1790750602,115380536,0.11699999868869781,0.13979863209667653,-0.5802018364751593,0.3588095496667047,-2.6292383514125683
0.13979107732181548,-0.5711290810598959,0.23889916303382203,1790750602,165144602,0.11999999731779099,0.13979267891252764,-0.5795150260037886,0.35860578474332794,-2.630118062012455
0.13978999279014287,-0.5695054350231953,0.23978113381905702,1790750602,215295951,0.11900000274181366,0.1397875544862576,-0.5788439253876303,0.3584141530182652,-2.6309915172648153
0.13978889696519206,-0.5682702011688657,0.24069802547324823,1790750602,265467401,0.11800000071525574,0.1397852513873291,-0.5783171455194774,0.3582695316502375,-2.6316784798943207
0.1397872450605716,-0.5670284139223744,0.24063089369637397,1790750602,315453349,0.11800000071525574,0.1397850695042881,-0.5778148626176035,0.35813686243248755,-2.632327566904586
0.13978541362478233,-0.5659965959115426,0.2395903887312244,1790750602,365494354,0.11900000274181366,0.13978632818201034,-0.5774332126971222,0.3580395527139856,-2.632814961029219
0.13978312014617744,-0.5650113290351241,0.23855765269090579,1790750602,415639804,0.11999999731779099,0.13978857489414473,-0.5770716678546179,0.35795006264260487,-2.633272298591971
0.1397812251597128,-0.5642524033129644,0.2365471825538667,1790750602,466306407,0.12200000137090683,0.13979043407951944,-0.5768458206886007,0.3578954667959609,-2.6335560683032213
0.13977946004526623,-0.5637678331522528,0.23653058668218357,1790750602,515835935,0.12200000137090683,0.1397923435798609,-0.5766489153756956,0.357848672264131,-2.6338022406849784
0.1397782559800486,-0.563388209325183,0.23552749069952156,1790750602,565572788,0.12300000339746475,0.13979351367348772,-0.5765377896209776,0.3578225811202886,-2.6339405683102535
0.1397774052573675,-0.5632610773515485,0.23651448590646687,1790750602,615109539,0.12200000137090683,0.13979457902212014,-0.5764422482899555,0.357800333276453,-2.6340591740212727
0.13977682455979334,-0.5630558672470001,0.2355174610766078,1790750602,665141200,0.12300000339746475,0.1397950175670002,-0.5764027272866978,0.35779117792479864,-2.634108162812836
0.1397763379995346,-0.5628762330040757,0.23452134189812687,1790750602,715334179,0.12399999797344208,0.13979533442514291,-0.5763739210751346,0.35778452193696025,-2.634143843956873
0.13977690179419833,-0.5633009491687124,0.23849724247507303,1790750602,765496129,0.11999999731779099,0.13979538350605608,-0.5763695041311401,0.3577835027311905,-2.6341493129730225
0.1397764397504552,-0.5629742346252443,0.23551507985850068,1790750602,815609245,0.12300000339746475,0.13979538350605605,-0.5763695041311399,0.3577835027311905,-2.6341493129730225
0.13977628573702158,-0.5628653305888244,0.2345210330592425,1790750602,865888261,0.12399999797344208,0.13979538350605597,-0.5763695041311399,0.3577835027311904,-2.6341493129730225
0.1397761317224406,-0.5627564257410018,0.23352697885371843,1790750602,915458012,0.125,0.13979538350605603,-0.57636950413114,0.3577835027311905,-2.6341493129730225
0.13977643975045523,-0.5629742346252447,0.23551507985850056,1790750602,965105263,0.12300000339746475,0.13979538350605608,-0.5763695041311402,0.35778350273119036,-2.6341493129730225
0.1397764397504552,-0.5629742346252444,0.2355150798585007,1790750603,15435751,0.12300000339746475,0.13979538350605603,-0.57636950413114,0.3577835027311905,-2.6341493129730225
0.1397764397504552,-0.5629742346252444,0.2355150798585007,1790750603,65373356,0.12300000339746475,0.13979538350605603,-0.57636950413114,0.3577835027311905,-2.6341493129730225
0.13977628573702164,-0.5628653305888245,0.23452103305924255,1790750603,116346990,0.12399999797344208,0.13979538350605603,-0.57636950413114,0.3577835027311905,-2.6341493129730225
0.13977628573702178,-0.5628653305888246,0.2345210330592425,1790750603,168213418,0.12399999797344208,0.13979538350605616,-0.5763695041311401,0.3577835027311904,-2.6341493129730225
0.13977659376503626,-0.563083139473067,0.23650913406402485,1790750603,215182941,0.12200000137090683,0.13979538350605605,-0.5763695041311399,0.3577835027311905,-2.6341493129730225
0.1397761317224406,-0.5627564257410018,0.23352697885371843,1790750603,266519123,0.125,0.13979538350605603,-0.57636950413114,0.3577835027311905,-2.6341493129730225
0.13977643975045517,-0.5629742346252443,0.23551507985850065,1790750603,315538618,0.12300000339746475,0.139795383506056,-0.5763695041311399,0.3577835027311904,-2.6341493129730225
0.1397764397504552,-0.5629742346252444,0.2355150798585007,1790750603,365339805,0.12300000339746475,0.13979538350605603,-0.57636950413114,0.3577835027311905,-2.6341493129730225
0.1397761317224406,-0.5627564257410018,0.23352697885371843,1790750603,415575052,0.125,0.13979538350605603,-0.57636950413114,0.3577835027311905,-2.6341493129730225
0.13977659376503623,-0.5630831394730671,0.23650913406402482,1790750603,465285544,0.12200000137090683,0.13979538350605603,-0.57636950413114,0.3577835027311905,-2.6341493129730225
0.13977628573702164,-0.5628653305888245,0.23452103305924255,1790750603,517121528,0.12399999797344208,0.13979538350605603,-0.57636950413114,0.3577835027311905,-2.6341493129730225
0.13977628573702172,-0.5628653305888244,0.23452103305924255,1790750603,565692500,0.12399999797344208,0.13979538350605614,-0.5763695041311399,0.3577835027311905,-2.6341493129730225
0.13977613172244058,-0.5627564257410017,0.23352697885371837,1790750603,619680494,0.125,0.139795383506056,-0.5763695041311399,0.3577835027311904,-2.6341493129730225
0.13977628573702164,-0.5628653305888245,0.23452103305924255,1790750603,666367690,0.12399999797344208,0.13979538350605603,-0.57636950413114,0.3577835027311905,-2.6341493129730225
0.13977659376503623,-0.5630831394730671,0.23650913406402482,1790750603,717241748,0.12200000137090683,0.13979538350605603,-0.57636950413114,0.3577835027311905,-2.6341493129730225
0.1397764397504552,-0.5629742346252444,0.2355150798585007,1790750603,765442986,0.12300000339746475,0.13979538350605603,-0.57636950413114,0.3577835027311905,-2.6341493129730225
0.13977628573702164,-0.5628653305888245,0.23452103305924252,1790750603,816284840,0.12399999797344208,0.13979538350605603,-0.57636950413114,0.3577835027311905,-2.6341493129730225
0.13979690166414713,-0.5628651730147018,0.234520737777403,1790750603,865734913,0.12399999797344208,0.13980317945184503,-0.5763694386506811,0.3577831986794795,-2.6340462062204097
0.13982128410709627,-0.5631917039254698,0.23750254292496464,1790750603,915612120,0.12099999934434891,0.1398124822349915,-0.5763693606396042,0.35778283693601165,-2.6339231702241594
0.14000844734748474,-0.5630814676963843,0.23650605570644223,1790750603,965257009,0.12200000137090683,0.13988390008467422,-0.5763688108014711,0.35778025467591923,-2.63297758293125
0.14022618161279288,-0.563188854018958,0.23749747787253625,1790750604,15477052,0.12099999934434891,0.13996782943913874,-0.5763681760769568,0.35777731228204296,-2.631866319757581
0.14072985954507686,-0.5632943347441592,0.23848632877696385,1790750604,65257322,0.11999999731779099,0.14016291009282406,-0.5763667330936327,0.35777082201049826,-2.629283900655624
0.14133352092024945,-0.5627458980399331,0.23351198076568086,1790750604,115530745,0.125,0.14038103635837643,-0.5763651903036617,0.3577641745145018,-2.6263964015736114
0.14231225029084832,-0.5631756716203441,0.2374846137938137,1790750604,165686963,0.12099999934434891,0.14076828955888523,-0.5763626473568912,0.3577539768814858,-2.6212699078414174
0.14342986932784713,-0.5629518550893445,0.23549896241169482,1790750604,215389575,0.12300000339746475,0.14118312359613067,-0.5763601886340568,0.35774531025467576,-2.61577790228602
0.14506535828456352,-0.5630533393250904,0.23650766610786622,1790750604,265609367,0.12200000137090683,0.1418144759730323,-0.5763569615179404,0.35773656421078454,-2.607418087409197
0.14688342361950402,-0.562829014762065,0.2345516591804364,1790750604,315532305,0.12399999797344208,0.14248144792685286,-0.5763542404169721,0.3577331934231905,-2.598584518600457
0.14898132664968447,-0.563042044803421,0.23659832156564564,1790750604,365487049,0.12200000137090683,0.1433094621821043,-0.5763518505680674,0.35773741252504676,-2.5876141062319054
0.1513384025991327,-0.5628215158596884,0.23470071748843915,1790750604,415414487,0.12399999797344208,0.1441651384152218,-0.5763505323728655,0.3577515585686514,-2.5762711158271374
0.1543696787246563,-0.5628231686689873,0.2348595022503394,1790750604,465382102,0.12399999797344208,0.14531074162694682,-0.5763506012072883,0.3577860808450237,-2.5610724497123853
0.1575490366143866,-0.5628308153296525,0.23507612587472987,1790750604,515523708,0.12399999797344208,0.14651228525211363,-0.5763529427927496,0.3578415187411756,-2.545112960852197
0.16138541299378706,-0.5630673246901069,0.23740319108631774,1790750604,565653204,0.12200000137090683,0.1480447381283347,-0.5763593296227291,0.3579409417435567,-2.5247234159188223
0.16589089126968576,-0.5627700599071772,0.23488890910423837,1790750604,615244870,0.125,0.1496154864566504,-0.5763698528265417,0.358076395606408,-2.5037753524270916
0.1702521264359811,-0.5630328356875755,0.23746184235891943,1790750604,665608470,0.12300000339746475,0.15137067871706378,-0.5763864163219006,0.35826819008972666,-2.4802959513172134
0.17524908250009777,-0.5628751012847429,0.23622273159606375,1790750604,715519065,0.125,0.15313390840001054,-0.5764082261961476,0.3585042657893145,-2.4566197637137113
0.18034289854810223,-0.5630666068388755,0.23815388211587443,1790750604,765509847,0.12399999797344208,0.15512529594836272,-0.576439187457881,0.35882387053107007,-2.4297539617381516
0.18567460139427283,-0.5631689077696527,0.239269183921816,1790750604,815306024,0.12399999797344208,0.1571395163765716,-0.5764774493682469,0.3592051299136857,-2.4024219069292707
0.19150119755698922,-0.5633019430603422,0.2406653695064374,1790750604,865444982,0.12399999797344208,0.1593404200202315,-0.576527406745601,0.35968961491868406,-2.3723458993492783
0.19736001932784253,-0.5634586523918514,0.2422602633183634,1790750604,915497218,0.12399999797344208,0.1615531651568246,-0.5765864373045674,0.3602497965620989,-2.341852753437454
0.20259483898713543,-0.563849369572256,0.24594012922358915,1790750604,965462786,0.12200000137090683,0.1637702379919475,-0.5766547029429735,0.3608865259889098,-2.3110066964664533
0.21008333250211267,-0.5635306705266208,0.2432367857154834,1790750605,15304621,0.12700000405311584,0.16596367701978684,-0.5767315155875717,0.3615930053209147,-2.2801613300855745
0.2155482180150486,-0.5642181726743615,0.2495623391913768,1790750605,65624433,0.12300000339746475,0.16856394571773323,-0.5768349867113175,0.3625326671364834,-2.243113788696524
0.22197998870061728,-0.5646271076758486,0.2533616798413956,1790750605,115246692,0.12200000137090683,0.1711611064266993,-0.5769523966828422,0.3635865807931543,-2.2055152278988244
0.22867063824073236,-0.5649650643433708,0.25649591364406066,1790750605,165365021,0.12200000137090683,0.17371048843043016,-0.5770820629101667,0.36473897629965385,-2.1679449292486
0.2361875065843794,-0.5651386825637787,0.25813400852776686,1790750605,215477571,0.12399999797344208,0.17620511482343013,-0.5772235895013486,0.365986070169443,-2.1304540627337927
0.24131054857586423,-0.5658410547132832,0.2644616011094116,1790750605,265714975,0.12099999934434891,0.17872087927329713,-0.5773819524302966,0.3673709826924974,-2.091811547976677
0.24883571619358297,-0.5660971305884696,0.266776268093419,1790750605,315744839,0.12300000339746475,0.18117836262998674,-0.5775529211902182,0.36885588509032863,-2.0531389583911697
0.2546192136391647,-0.5666696740269656,0.2718783951881905,1790750605,365416774,0.12200000137090683,0.18358725352881786,-0.5777373806870802,0.3704479992589639,-2.0142128636746746
0.26144400349056723,-0.5670970082966609,0.27565276259927934,1790750605,415416241,0.12300000339746475,0.18594808133755975,-0.5779358034153176,0.37215088224116233,-1.974937548603259
0.2658388726453683,-0.567782263920775,0.28169346845989635,1790750605,465369577,0.12099999934434891,0.18809468391954615,-0.5781328154177862,0.37383307473430966,-1.9381131677326562
0.27188716669662644,-0.5682277964903639,0.2855704154152419,1790750605,515283894,0.12200000137090683,0.1901466026443218,-0.5783373962373102,0.37557195160140316,-1.9017715900946652
0.27806533884844736,-0.5687322413663628,0.2899343313512033,1790750605,565236499,0.12300000339746475,0.1922251086101015,-0.5785625715663858,0.3774775796149194,-1.8636459471155895
0.27911561681231717,-0.5698192898310107,0.2994513847109461,1790750605,615686710,0.11699999868869781,0.1942615410685192,-0.5788027803848885,0.37950188389920525,-1.824800777881078
0.28719570294215724,-0.5701659081060072,0.30233394487754767,1790750605,665391043,0.12099999934434891,0.19623188341736642,-0.5790560916402442,0.3816280052826076,-1.7855646575521498
0.2914864296115989,-0.5709334615880612,0.30892638258807514,1790750605,716113627,0.11999999731779099,0.19815775132068936,-0.5793264555688988,0.3838884717850778,-1.7453506681222795
0.2965189904410371,-0.5714999335932164,0.3137225870738741,1790750605,765461680,0.12099999934434891,0.1997722846219086,-0.5795731457303702,0.38594376125615915,-1.709946074037924
0.2956238243896172,-0.572532036783262,0.3226626416241104,1790750605,815345979,0.11500000208616257,0.2012978935111255,-0.5798257435273041,0.38804169855869247,-1.6747980286030073
0.29913710669375115,-0.5731469492532454,0.3278603922353569,1790750605,865372260,0.11500000208616257,0.20266936722817247,-0.5800716258772721,0.39007795065636286,-1.6415262322688529
0.30330254324188,-0.5737157889087523,0.3326199592847837,1790750605,915595432,0.11599999666213989,0.20395894122699607,-0.5803218821489383,0.39214480700761944,-1.6085059881140276
0.3070920533689024,-0.5742575120766641,0.33713686416741884,1790750605,965662602,0.11699999868869781,0.20508791875568488,-0.5805588398993351,0.3940969333618565,-1.5779384666191805
0.3062788204003891,-0.5750617593944422,0.3440167512044361,1790750606,15638309,0.11299999803304672,0.20613723470333317,-0.5807968291020069,0.3960530015016774,-1.5478497539294898
0.3102173608254498,-0.5754725558105123,0.34737759137563146,1790750606,65243549,0.11500000208616257,0.20697643909267355,-0.5810017440700818,0.3977337294004482,-1.5223864600158725
0.314068902903103,-0.5758967186065533,0.3508420372420919,1790750606,115954780,0.11699999868869781,0.20776290986994836,-0.5812077275046955,0.3994201055741491,-1.4971669880183847
0.3141181680261942,-0.576493861000518,0.35588706820406085,1790750606,165694660,0.11500000208616257,0.20848277197144596,-0.5814102833559831,0.4010754779060692,-1.472704276198038
0.3177557798122078,-0.5769330244028108,0.35946027603379266,1790750606,216150964,0.11699999868869781,0.20916800342704145,-0.5816180039879127,0.4027701534195297,-1.4479353794810808
0.31631993245209383,-0.5774740487069869,0.364061107873869,1790750606,265648073,0.11400000005960464,0.20968805518704642,-0.5817872661557754,0.4041489978128667,-1.4279711810507003
0.3194418725269941,-0.5778141272703906,0.3668007862977433,1790750606,315539066,0.11599999666213989,0.21016414818385393,-0.5819527259414049,0.40549510356838936,-1.4086311651140262
0.3194813996565068,-0.5781958948809024,0.3699965258284271,1790750606,365447281,0.11500000208616257,0.21053860700980956,-0.5820911844803192,0.40662022210683135,-1.3925723267044223
0.3184756049524041,-0.5785948530465509,0.3733691456584257,1790750606,415275569,0.11299999803304672,0.2108804535154852,-0.5822250904644026,0.4077072341175272,-1.3771431146391384
0.32202754258099575,-0.5787709376256609,0.3747060160844215,1790750606,465653223,0.11599999666213989,0.21114288461861166,-0.5823335313870459,0.4085866857925735,-1.3647178886887312
0.32074636309703747,-0.5790911245185716,0.3774235084766386,1790750606,516165194,0.11400000005960464,0.21138282206154652,-0.5824376010729031,0.409430023445308,-1.3528490985559107
0.3202013269840031,-0.5792972567079214,0.3791606845843074,1790750606,565509339,0.11299999803304672,0.21154097051388057,-0.5825090716238708,0.4100088730594861,-1.3447274698150065
0.3244322775139528,-0.5793527802139556,0.37946243728629603,1790750606,615185302,0.11699999868869781,0.21168435173662084,-0.5825760724367101,0.41055126668386677,-1.3371350904349033
0.3218166978656427,-0.5795600489210511,0.3812853010538135,1790750606,665340177,0.11400000005960464,0.21178851741553542,-0.5826261922043208,0.4109568073484886,-1.3314691247702906
0.3230336649159406,-0.5796497283798018,0.38198421048232084,1790750606,715396050,0.11500000208616257,0.21188310082754333,-0.5826728321134319,0.4113340559071983,-1.3262064837721232
0.3202754027210393,-0.5797952234244135,0.383297903297761,1790750606,765308266,0.1120000034570694,0.21193700512702948,-0.5826999145140769,0.41155308248352146,-1.3231547845739124
0.32039822727242184,-0.5798538572214184,0.38378009052721573,1790750606,815748531,0.1120000034570694,0.21198381914923584,-0.5827237463833425,0.4117457949145735,-1.3204718774235438
0.32141675807498904,-0.5798525626136657,0.38373044194934175,1790750606,866167908,0.11299999803304672,0.21200296661462295,-0.582733582162793,0.41182530838599923,-1.3193652029612495
0.3204855014248758,-0.5798959472794275,0.3841261314248534,1790750606,915614045,0.1120000034570694,0.2120170543724337,-0.5827408523152345,0.4118840723382634,-1.3185474144252165
0.3243672861385598,-0.5797981693206271,0.3831662618691039,1790750606,965729836,0.11599999666213989,0.21202001149349003,-0.5827423758383792,0.41189639854511995,-1.318376129666242
0.3224328292132391,-0.5798501640336358,0.3836717737076976,1790750607,15243529,0.11400000005960464,0.2120209852926624,-0.5827428727435516,0.41190042886460587,-1.3183203173728968
0.32437029260252337,-0.5797996153296412,0.3831781885915164,1790750607,65729879,0.11599999666213989,0.21202114201642072,-0.5827429527277608,0.41190107760286976,-1.318311333656311
0.3224332415168722,-0.5798503624414149,0.3836734099888499,1790750607,115731483,0.11400000005960464,0.21202114201642067,-0.5827429527277608,0.41190107760286976,-1.318311333656311
0.3234017706677427,-0.579824988791004,0.38342579836775986,1790750607,165529474,0.11500000208616257,0.21202114201642067,-0.5827429527277608,0.41190107760286976,-1.318311333656311
0.3224332415168722,-0.5798503624414149,0.3836734099888499,1790750607,215456022,0.11400000005960464,0.21202114201642067,-0.5827429527277608,0.41190107760286976,-1.318311333656311
0.3224332415168723,-0.5798503624414149,0.38367340998884986,1790750607,265579294,0.11400000005960464,0.21202114201642078,-0.5827429527277608,0.4119010776028697,-1.318311333656311
0.3214647123660017,-0.5798757360918256,0.3839210216099399,1790750607,316718206,0.11299999803304672,0.21202114201642067,-0.5827429527277608,0.41190107760286976,-1.318311333656311
0.32533882175339385,-0.5797742416792304,0.3829305769704264,1790750607,368066535,0.11699999868869781,0.21202114201642067,-0.5827429527277608,0.41190107760286976,-1.318311333656311
0.3224332415168722,-0.5798503624414149,0.3836734099888499,1790750607,415813211,0.11400000005960464,0.21202114201642067,-0.5827429527277608,0.41190107760286976,-1.318311333656311
0.32299988443391264,-0.5795473171908855,0.38190549573281624,1790750607,465889826,0.11500000208616257,0.21186027498158028,-0.5825731734017038,0.4112965128093292,-1.3267650724625604
0.3225189513432414,-0.5792265361983203,0.38015087779461276,1790750607,515420833,0.11500000208616257,0.21166768804988156,-0.5823769436716579,0.4105987486370142,-1.3365450319409984
0.3179276668094244,-0.578253348831871,0.3752223195009198,1790750607,565551930,0.1120000034570694,0.21097571899375173,-0.5817237579986752,0.4082864676531427,-1.369145113229081
0.3167319996332086,-0.5770354259142924,0.36850687835049617,1790750607,615397227,0.11299999803304672,0.21010370061239608,-0.5809900939476034,0.40570588376923106,-1.4059127310176005
0.3161879410633218,-0.5753057291235344,0.3587277122495973,1790750607,665649241,0.11599999666213989,0.20875496157901202,-0.5799934532470175,0.4022269006015937,-1.4562294885198412
0.31402710929516353,-0.5735454489565676,0.34893101857383535,1790750607,715499131,0.11800000071525574,0.20716592229537742,-0.5789658186919109,0.39868347051069236,-1.50853668409659
0.30830365615018795,-0.5718150137481705,0.3399000288937497,1790750607,765317901,0.11699999868869781,0.20524835723694124,-0.5778697414294791,0.3949631320733005,-1.5648827459440173
0.30283103128812444,-0.5700290611308478,0.3305143451430887,1790750607,815653175,0.11699999868869781,0.20306867841338713,-0.5767608991246553,0.39126922148463683,-1.6225452614308677
0.2965880553298753,-0.5682131796521656,0.32110875540700345,1790750607,865222571,0.11699999868869781,0.20058325148130396,-0.575625436336622,0.3875702915162175,-1.6824422755120352
0.28959891457027936,-0.5663916465490839,0.31183896781270243,1790750607,915688615,0.11699999868869781,0.19779932297051236,-0.5744765825286785,0.38392550251563523,-1.74399213254826
0.28332525851218615,-0.5646630701711043,0.3029228866359744,1790750607,965471819,0.11800000071525574,0.19500325398978394,-0.5734234050644607,0.38068200326226687,-1.8014352680004604
0.27652181014301425,-0.562972553389929,0.29433936271098265,1790750608,15696287,0.11900000274181366,0.19202569386247864,-0.572390025293531,0.3776023089055699,-1.8588095386219825
0.27001306437363876,-0.5612662995383401,0.2855016058683815,1790750608,65331749,0.12099999934434891,0.18893200534468013,-0.5713948185918603,0.3747443916264328,-1.9151896984921317
0.2603556492824725,-0.5599338070903712,0.28000292091050405,1790750608,115402177,0.11900000274181366,0.18565258854923394,-0.5704121967666136,0.3720390916230589,-1.9720075343509433
0.25281961007078757,-0.5583041067342721,0.2718840061059201,1790750608,165319059,0.12099999934434891,0.1822220721719453,-0.5694516168718778,0.36951965790220787,-2.0288590458354436
0.24416378477526843,-0.5568053235635417,0.26494356600292135,1790750608,215422284,0.12200000137090683,0.17863381053833147,-0.5685093738677467,0.36718268775914675,-2.0859619583525038
0.23528668932204405,-0.5555544784683579,0.2597182864087908,1790750608,265207294,0.12200000137090683,0.17518708999555116,-0.5676567206627022,0.3651961240296186,-2.138977191075197
0.22740437017297876,-0.5540404744456232,0.25225166136451016,1790750608,316084646,0.125,0.17160574714979954,-0.566818108026031,0.36337432218939303,-2.1924423836301763
0.21704246302310837,-0.5529460629507698,0.24863396570400426,1790750608,365425633,0.12399999797344208,0.16779404503818793,-0.565973033200556,0.3616865679275152,-2.247876555982013
0.20632230755174397,-0.551895544902063,0.24551970948403443,1790750608,415273152,0.12300000339746475,0.1638047812342567,-0.5651346882997307,0.3601756551376032,-2.304510450624979
0.19498450028302153,-0.5508675864802353,0.2428692407518493,1790750608,465322016,0.12200000137090683,0.15953674234875698,-0.5642851811453975,0.358832273418887,-2.3638746507923263
0.18399152979626,-0.549690640350403,0.23895122526483298,1790750608,515148470,0.12300000339746475,0.1551762388465597,-0.5634620286069012,0.35773265777324,-2.42344029528207
0.17356119073414372,-0.5484006943018697,0.23379425607682658,1790750608,565432262,0.12600000202655792,0.15093826691814172,-0.5627020473547308,0.35691888858212745,-2.4805587061083028
0.16200490976737458,-0.5479920055759179,0.23611964975609628,1790750608,615365495,0.12200000137090683,0.14672891016047362,-0.5619821589278251,0.356348264402117,-2.5367013152408746
0.15139252925243485,-0.546739654263152,0.2311699815544237,1790750608,665286173,0.12600000202655792,0.14249852295669216,-0.5612918230710866,0.35601040587959676,-2.5927553726708976
0.14007613579471176,-0.5467084196114314,0.23672624066072395,1790750608,715516260,0.11999999731779099,0.1382250185544691,-0.5606248424501551,0.35590218578643534,-2.6491428727924657
0.12910751311312715,-0.54571064055023,0.23395741533948722,1790750608,765615254,0.12300000339746475,0.1339692995750012,-0.5599897985769329,0.3560289907132159,-2.705268739822216
0.11842948071988456,-0.5454800819842298,0.23773039404020296,1790750608,815589997,0.11999999731779099,0.1297335652798875,-0.5593838661446136,0.35638494226550954,-2.761234467571689
0.10843228605265187,-0.5450049083529633,0.238999031007054,1790750608,865304107,0.11999999731779099,0.12581228617470944,-0.5588456375763877,0.3569243004220143,-2.8133201473644203
0.09834364817432634,-0.5444755577784173,0.23979069517508622,1790750608,915486019,0.12099999934434891,0.12193081026208404,-0.558332423004629,0.3576577088476184,-2.865248273269492
0.08742743568205986,-0.5440870143654689,0.24234661513202732,1790750608,965240537,0.12099999934434891,0.11767085319502209,-0.5577914394245356,0.3587017794878457,-2.922880048450747
0.0764018281315347,-0.5437628380672075,0.24559471801885016,1790750609,15246706,0.12099999934434891,0.11336711761200108,-0.557266194524261,0.3600159860565341,-2.9819503650868424
0.06717653364002373,-0.5438543062466261,0.2520505452936759,1790750609,65162253,0.11800000071525574,0.10934850304184487,-0.5567951571340829,0.3614948669548787,-3.0381325442710834
0.056837053351854336,-0.5435684002164879,0.2553096096598893,1790750609,115577296,0.11900000274181366,0.10541244067253563,-0.5563501586657487,0.36318944582097273,-3.0943144700387393
0.047265848418839816,-0.5434594370333142,0.259949960660784,1790750609,165359888,0.11900000274181366,0.10163935301318862,-0.5559390758696533,0.36506314377876653,-3.1495205634313064
0.03887833009395417,-0.5436144016066078,0.26686101032863796,1790750609,215660550,0.11699999868869781,0.09793405241141706,-0.5555484516846037,0.36715557550269856,-3.205251311826832
0.029996513765475727,-0.5436202263875772,0.27241964115534223,1790750609,265340743,0.11699999868869781,0.09439682271517613,-0.5551880871509881,0.3694133754771878,-3.2601892533518284
0.02315754692229907,-0.5439684517137454,0.2808745017297334,1790750609,315334282,0.11400000005960464,0.09096170233220893,-0.5548482297254428,0.37187025412046226,-3.315454979910754
0.01482170615837057,-0.5439760084346845,0.28614725109922917,1790750609,365399794,0.11500000208616257,0.08784680002066163,-0.554549061508467,0.37435465835576265,-3.3675745650094693
0.007495780210437911,-0.5441227893943055,0.29251136911552517,1790750609,415359286,0.11500000208616257,0.08489826218750507,-0.5542724049382325,0.37695567956873255,-3.418992246606617
0.0029201272291986824,-0.544664118883231,0.30245642639999043,1790750609,465517558,0.11100000143051147,0.08191187399535693,-0.5539990187098791,0.3798784123318375,-3.4736214509605943
-0.005591361391688754,-0.5447434200714212,0.30866748592863286,1790750609,516132908,0.11299999803304672,0.07902907429692389,-0.5537398632744889,0.3830142775812113,-3.5292994146206778
-0.010869957224760418,-0.5451966614614019,0.3181128368814168,1790750609,565587043,0.11100000143051147,0.07624494304014681,-0.5534941830015819,0.3864000655973272,-3.5865784701909447
-0.015661096476489972,-0.5456810035369561,0.32790998141274375,1790750609,615577777,0.10899999737739563,0.07360260001339175,-0.5532628726536385,0.3900027118884768,-3.6449568460873474
-0.022042037150299357,-0.5459724379610971,0.3357703570525471,1790750609,665349202,0.10999999940395355,0.07130534070484262,-0.5530627829504035,0.3935284207698476,-3.69992368128208
-0.024551514373416836,-0.5465489270488175,0.3459827817007138,1790750609,716004081,0.10700000077486038,0.06918270200689183,-0.5528762624484298,0.3971966633357784,-3.7552858874938426
-0.028139724978057362,-0.5470108737726962,0.3551212287679545,1790750609,765556930,0.10599999874830246,0.06729840753291805,-0.5527087546746714,0.4008934556166073,-3.809478197720242
-0.033986456491661,-0.5473454297197201,0.36323792572459085,1790750609,815125586,0.1080000028014183,0.06560824597868062,-0.5525533730512961,0.4046839529311348,-3.8636935509941233
-0.035073715281340886,-0.5478134513285728,0.3714470030915078,1790750609,865279506,0.10599999874830246,0.06436945380686701,-0.5524328461628499,0.4078574006133596,-3.908208141053873
-0.037571436670807895,-0.5481825803882466,0.3786693995978149,1790750609,915525380,0.10599999874830246,0.06331321169722874,-0.552323553811678,0.4109360975603298,-3.950753335204489
-0.035799459633678504,-0.5484777301718788,0.3830569820855389,1790750609,965431251,0.10300000011920929,0.06284720998612901,-0.5522738895549906,0.41244105551683286,-3.9713507731562583
-0.034699294511057084,-0.5486941932732431,0.3864196733523635,1790750610,16000360,0.10100000351667404,0.062492392862036054,-0.5522351383980397,0.41366372451151157,-3.987997833544635
-0.03772517612793693,-0.5486136903610612,0.3861040185802074,1790750610,65324318,0.10400000214576721,0.06243289369907893,-0.5522273071499019,0.4138763657721465,-3.990886267585779
-0.035822326839213055,-0.5486860614304739,0.3867214694018742,1790750610,115654387,0.10199999809265137,0.0624228329294269,-0.552224743991356,0.41391275327499427,-3.9913809869222066
-0.03582577506899949,-0.5486864884676437,0.38673383525787447,1790750610,165309127,0.10199999809265137,0.06242134215813104,-0.5522243638777288,0.41391815068133264,-3.9914543628692627
-0.03775219307228925,-0.5486171182196838,0.38620080837508264,1790750610,215324647,0.10400000214576721,0.062421342158131055,-0.5522243638777289,0.41391815068133264,-3.9914543628692627
-0.03678898407064434,-0.5486518033436639,0.38646732181647864,1790750610,265225527,0.10300000011920929,0.06242134215813106,-0.552224363877729,0.41391815068133275,-3.9914543628692627
-0.03678898407064434,-0.5486518033436639,0.38646732181647864,1790750610,315637588,0.10300000011920929,0.06242134215813106,-0.552224363877729,0.41391815068133275,-3.9914543628692627
-0.03678898407064435,-0.5486518033436638,0.3864673218164785,1790750610,365195928,0.10300000011920929,0.062421342158131055,-0.5522243638777289,0.41391815068133264,-3.9914543628692627
-0.03775219307228921,-0.5486171182196837,0.3862008083750825,1790750610,416006631,0.10400000214576721,0.06242134215813109,-0.5522243638777287,0.41391815068133253,-3.9914543628692627
-0.03678898407064434,-0.5486518033436639,0.38646732181647864,1790750610,471943620,0.10300000011920929,0.06242134215813106,-0.552224363877729,0.41391815068133275,-3.9914543628692627
-0.036788984070644445,-0.5486518033436638,0.3864673218164786,1790750610,516632177,0.10300000011920929,0.062421342158131,-0.5522243638777289,0.41391815068133264,-3.9914543628692627
-0.03647606746993519,-0.5484494808251611,0.38538175253196516,1790750610,567064191,0.10300000011920929,0.06255650345876408,-0.5520943408730616,0.41345780843446833,-3.985252590550922
-0.03708373314257041,-0.5481913063475231,0.38391187719004266,1790750610,615351223,0.10400000214576721,0.06270844938303453,-0.5519516004453126,0.41295289889028697,-3.9784378551026878
-0.03459805914889147,-0.5473224004018161,0.37934742881093975,1790750610,666011768,0.10300000011920929,0.0633669381473396,-0.5513688646346143,0.41089874346689725,-3.9505689346606414
-0.0346219607664975,-0.546238703939003,0.3733479866288579,1790750610,715554145,0.10499999672174454,0.06416771620747044,-0.5507247385352222,0.40863926782615867,-3.9196203443405877
-0.032538008683959646,-0.5447580356046794,0.36531399020087946,1790750610,765882557,0.10599999874830246,0.06544890358979813,-0.5498040005320685,0.4054276162604441,-3.8750176121676563
-0.028113202202653342,-0.5433346497144098,0.3578805640767999,1790750610,815307396,0.10499999672174454,0.0669381019744731,-0.5488549732735583,0.40214990915435966,-3.8286285834075513
-0.025905935970060787,-0.541733801002463,0.3491208727057328,1790750610,865444759,0.10700000077486038,0.06862783407001508,-0.5478915359349545,0.39886470436686794,-3.7810735271019276
-0.021489563128340536,-0.5402588060702854,0.3413826282633439,1790750610,915630096,0.10700000077486038,0.07048390692224833,-0.5469359964725207,0.3956532105433035,-3.7333782876742414
-0.017027298650227396,-0.5389090069317386,0.33436574413472986,1790750610,965481318,0.10700000077486038,0.07235978148520929,-0.5460562934683062,0.3927426776431401,-3.6888828562992555
-0.012289277946017557,-0.5375964535574574,0.3276149274158361,1790750611,15467829,0.10700000077486038,0.07435078318259343,-0.5451952749056629,0.38994275336515616,-3.6447778932153203
-0.0077082390223170705,-0.5361594758750132,0.32007299713040555,1790750611,65456451,0.1080000028014183,0.07660461077670479,-0.544295533179357,0.38707410559447786,-3.5979778694603537
-0.0033391843058038356,-0.5346341975585627,0.3118992516812068,1790750611,116136800,0.10999999940395355,0.07905668122343329,-0.5433879764057626,0.38424766264130994,-3.55002677638027
0.0027175205322526735,-0.5333413566784705,0.3054808180834248,1790750611,165237173,0.10999999940395355,0.08156174752901119,-0.5425263420710289,0.38163345284737693,-3.503667636535276
0.007876351798006276,-0.5318779979861216,0.2977501152456393,1790750611,215593325,0.1120000034570694,0.08425869227614607,-0.5416585055551206,0.37907711266444133,-3.4561396927233234
0.013749400412695484,-0.5303949290588424,0.2899959767781359,1790750611,265367028,0.11400000005960464,0.08718928842439447,-0.5407771924059097,0.3765684404730725,-3.406846336619794
0.01956935405252229,-0.5288338460229408,0.2816277747124213,1790750611,315230287,0.11699999868869781,0.09027927567565563,-0.5399051286072797,0.3741833438541177,-3.357024224867123
0.027798791041542148,-0.5277522363993686,0.2770238142777513,1790750611,365186853,0.11599999666213989,0.09333484456367544,-0.53909446061162,0.3720626424706513,-3.3096017518423295
0.0345795798502899,-0.5264266079274117,0.27034161018708175,1790750611,415326207,0.11800000071525574,0.09647164163722176,-0.5383072014692809,0.370102445957718,-3.2624886256974577
0.042240931335283796,-0.5252417976128108,0.2648180143607556,1790750611,465340597,0.11900000274181366,0.09970179341304092,-0.5375403429407762,0.36829746045827105,-3.2154095005932497
0.050290864280880955,-0.5240891303484471,0.25960307872318716,1790750611,515832362,0.11999999731779099,0.10305095299582095,-0.5367852053929846,0.3666319630186192,-3.167865611360601
0.05842565926097308,-0.5230064076068953,0.2548528512758099,1790750611,565310053,0.12099999934434891,0.10640030371038108,-0.5360682931077342,0.36516522809023766,-3.1214418154397543
0.06688572231355303,-0.5219618818599997,0.25045012611856043,1790750611,615159182,0.12200000137090683,0.1098416901297265,-0.5353659480450829,0.3638481691933113,-3.074698876176446
0.07638577311162033,-0.5214540299618036,0.2503589581287333,1790750611,665719605,0.11900000274181366,0.1131734386720813,-0.534717662116328,0.36274999147763004,-3.0302475927974
0.08443649097733358,-0.5205717018995051,0.24697266429519338,1790750611,715424474,0.11999999731779099,0.11645473051513458,-0.5341057646751678,0.3618276199477653,-2.9870919536828566
0.09325949184016408,-0.5194205547244196,0.24177180925996872,1790750611,765126380,0.12300000339746475,0.12017628817039819,-0.5334428277750439,0.36096854902069697,-2.9387857810076996
0.10331295634549935,-0.5186395578984407,0.23986269564020804,1790750611,815493959,0.12300000339746475,0.12406317326730745,-0.5327810401862627,0.3602721961465114,-2.888880920582205
0.1129313186736279,-0.5180803125755143,0.23952654445161595,1790750611,865176873,0.12200000137090683,0.12773567478947817,-0.5321840113785478,0.35980088525034853,-2.8421406139717176
0.12244314625417084,-0.5173379770606613,0.23766452888011666,1790750611,915769954,0.12300000339746475,0.13146005884867573,-0.5316031207929243,0.3595013123132707,-2.7950036247200845
0.13195872026540936,-0.5168935947424828,0.23824868389446702,1790750611,965641815,0.12200000137090683,0.13512970603675278,-0.5310549757506355,0.3593824961505053,-2.7487352699662004
0.14157336610538399,-0.5160326109589298,0.23530902181475546,1790750612,16056625,0.125,0.1388400735120992,-0.5305221557102251,0.3594363040878307,-2.701996864007826
0.1509586167463321,-0.5157013767494006,0.23678361846653206,1790750612,65329694,0.12399999797344208,0.14245979496581807,-0.5300234621367493,0.35966017194975036,-2.6563662555101657
0.16051286837618747,-0.5152980252908986,0.23772132931535414,1790750612,115549835,0.12399999797344208,0.14613536800693958,-0.5295357667733865,0.36005927803946736,-2.6098668910960385
0.16971140315758096,-0.5147424847007129,0.23704448503008935,1790750612,165305112,0.12600000202655792,0.14955165915611976,-0.5290998673054091,0.360589824064917,-2.566427261480157
0.17803588252610839,-0.5148001093757361,0.24165919753485948,1790750612,215820043,0.12300000339746475,0.15295572701712637,-0.5286802297626869,0.3612724446835987,-2.52281778887542
0.18758519188466719,-0.5143316904656573,0.2418833653983576,1790750612,265287326,0.125,0.15645590703127843,-0.5282646670167074,0.3621407551461169,-2.4775595391700596
0.1965729014344277,-0.5142425476180718,0.2454966827389699,1790750612,315631987,0.12399999797344208,0.16000933982611873,-0.5278572285049323,0.3631986195296531,-2.431039851457286
0.207090430660137,-0.5137654571498501,0.24592499353008868,1790750612,365368717,0.12700000405311584,0.1636616477355525,-0.5274545230908498,0.3644811039455528,-2.3825119971599387
0.21553122197561483,-0.51398767316509,0.25247931429637854,1790750612,415404255,0.12399999797344208,0.16730351583622777,-0.5270670220479745,0.36596507767992525,-2.333216400056152
0.22473244519544489,-0.5138407194629877,0.25556613288271757,1790750612,465495739,0.125,0.1706776748234934,-0.5267214117308997,0.3675356357249422,-2.286602736375
0.23367195286136608,-0.5137460457316771,0.25902574572792547,1790750612,515263487,0.12600000202655792,0.17391831111665212,-0.5263999582151846,0.3692318313484424,-2.2407935847624065
0.24094459727797085,-0.5139963982701812,0.2654809838726445,1790750612,565085662,0.12399999797344208,0.17708184670225108,-0.5260969014552441,0.3710798778487905,-2.1949423225226594
0.24910393574968515,-0.5140918723297805,0.27067609784503466,1790750612,615971060,0.12399999797344208,0.18022092742358398,-0.5258050554753719,0.3731159924269687,-2.1481144697885757
0.2569427707810191,-0.5141278947159932,0.27496901884132074,1790750612,665210184,0.125,0.18300979736834458,-0.5255539525507271,0.37511072166645787,-2.1052299283921134
0.2641185471178691,-0.5142975615887108,0.28049963507091236,1790750612,715818181,0.125,0.18575689692409922,-0.5253128010528308,0.37726283199235217,-2.0615780575848803
0.27255221564086735,-0.514341447061347,0.28501944566518184,1790750612,765567688,0.12700000405311584,0.18847939502073677,-0.525080606829601,0.37959974123428386,-2.0167233206644744
0.2767199510401494,-0.5149237660629261,0.294317615407562,1790750612,815375687,0.12300000339746475,0.19111468522424355,-0.5248608459873194,0.3820786189509392,-1.9714829035158208
0.2826046157828719,-0.515285493915824,0.3017272985866919,1790750612,865555579,0.12200000137090683,0.193672570917832,-0.5246529520409858,0.38471731279862664,-1.925554673511871
0.29035306698117536,-0.5154537027054041,0.30739540479916905,1790750612,915414736,0.12399999797344208,0.19609281800918144,-0.5244596443620003,0.3874572432493904,-1.879854641206748
0.29581366808625464,-0.515896244391281,0.315698635533027,1790750612,965240707,0.12300000339746475,0.1984989794196676,-0.5242712806904326,0.3904563172285523,-1.8318137266300278
0.29928173352797144,-0.5164964590324422,0.3254878149073934,1790750613,15438385,0.11999999731779099,0.2007921027409705,-0.5240934145454044,0.39362061354831346,-1.7829720455641342
0.3044229027853268,-0.5169002976859015,0.33326118624911594,1790750613,65439127,0.11999999731779099,0.2028110303415175,-0.5239383355954341,0.3967079573026287,-1.7368890050879968
0.30913387803963993,-0.517324802013509,0.3411640485000002,1790750613,115338274,0.11999999731779099,0.2046604973323295,-0.5237956787479986,0.39984487871006336,-1.6913840726242777
0.31172159993358023,-0.5178752355096193,0.35024123553049874,1790750613,165464405,0.11800000071525574,0.20637764383635063,-0.5236618633412758,0.40309164726894425,-1.645495584840082
0.3147889204682801,-0.5183880793446327,0.3590213457763826,1790750613,216053874,0.11699999868869781,0.20795587818846736,-0.5235356927967768,0.4064471071950708,-1.5991492616217462
0.316331515962394,-0.5189277608346844,0.3678606719158328,1790750613,265611510,0.11500000208616257,0.20931158877528766,-0.523423702822078,0.40971186270331034,-1.5549424129700324
0.3221670243491772,-0.5192923883701988,0.3750543774581293,1790750613,315323369,0.11800000071525574,0.210516720135459,-0.5233186183123171,0.4130280421514102,-1.510797581344135
0.32683837763985835,-0.5195261764593804,0.3797237652095786,1790750613,365145377,0.12099999934434891,0.21123083300804815,-0.5232519775715767,0.4152485997849684,-1.481605410486617
0.3264379732191494,-0.5198936045092859,0.3854516658789063,1790750613,415510695,0.11900000274181366,0.21182489728106005,-0.5231930356125489,0.41729436097458306,-1.4549374963651438
0.32604817483370385,-0.5200461402952229,0.3878195726229377,1790750613,465092544,0.11800000071525574,0.21205140950762236,-0.5231693776363638,0.4181343058809025,-1.4440459161772816
0.32744411171773946,-0.5201176895503413,0.3892011551430986,1790750613,516772809,0.11900000274181366,0.21222031197059815,-0.5231512110410401,0.4187861914240939,-1.435614438012863
0.3236213910398982,-0.5202311490939786,0.39039142625238493,1790750613,565278361,0.11500000208616257,0.21224050370344985,-0.5231490093354948,0.4188657042515507,-1.4345872402191162
0.32555844662441336,-0.5201804037855974,0.38989622226782056,1790750613,615334668,0.11699999868869781,0.21224050370344985,-0.5231490093354948,0.4188657042515507,-1.4345872402191162
0.32458991522410247,-0.5202057765343087,0.39014382518249363,1790750613,665229612,0.11599999666213989,0.21224050370344985,-0.5231490093354948,0.4188657042515507,-1.4345872402191162
0.3274955094250352,-0.5201296582881748,0.38940101643847447,1790750613,715911220,0.11900000274181366,0.21224050370344985,-0.5231490093354948,0.4188657042515507,-1.4345872402191162
0.32555844662441336,-0.5201804037855974,0.38989622226782056,1790750613,765339836,0.11699999868869781,0.21224050370344985,-0.5231490093354948,0.4188657042515507,-1.4345872402191162
0.32458991522410247,-0.5202057765343087,0.39014382518249363,1790750613,815632690,0.11599999666213989,0.21224050370344985,-0.5231490093354948,0.4188657042515507,-1.4345872402191162
0.32555844662441336,-0.5201804037855974,0.38989622226782056,1790750613,866236187,0.11699999868869781,0.21224050370344985,-0.5231490093354948,0.4188657042515507,-1.4345872402191162
0.32458991522410247,-0.5202057765343087,0.39014382518249363,1790750613,917008204,0.11599999666213989,0.21224050370344985,-0.5231490093354948,0.4188657042515507,-1.4345872402191162
0.32529407649032593,-0.5199960060187715,0.3888902186467909,1790750613,966336531,0.11699999868869781,0.21213581632230608,-0.52303647763011,0.4184699985865178,-1.4401467825508882
0.3249830959098766,-0.5197840933144956,0.3877347964469953,1790750614,15869907,0.11699999868869781,0.21201263519618732,-0.5229071179406728,0.41801550675036114,-1.4465418183771723
0.3237099363865289,-0.518965325473397,0.38328022581439225,1790750614,65375301,0.11699999868869781,0.21150796087664342,-0.5224067555450767,0.416263144786128,-1.4713010475351338
0.3230571928716408,-0.5179932406723646,0.37787578174640984,1790750614,116036733,0.11800000071525574,0.21087168329974715,-0.5218317410843197,0.4142581610732535,-1.4998452206593311
0.3187244962292595,-0.5167783522020031,0.3715862904417868,1790750614,165245263,0.11599999666213989,0.2099008574535758,-0.5210446458652277,0.4115264157247038,-1.5391523927513413
0.31490031427798104,-0.5154610504984674,0.364680341688588,1790750614,215479284,0.11500000208616257,0.20874120325265383,-0.5202069161783776,0.4086430575405221,-1.5812478055373589
0.3153078853354281,-0.5139250072930645,0.35580746184446665,1790750614,265269551,0.11900000274181366,0.20744736446708734,-0.5193668843542312,0.40578240221074463,-1.6237382108509535
0.31077780740976185,-0.5126019052625688,0.34896675283014833,1790750614,315558072,0.11800000071525574,0.20601175545168113,-0.5185221766202344,0.4029391986980974,-1.6667958940283605
0.30692617594304317,-0.5112772574580234,0.3419982410419709,1790750614,365163365,0.11800000071525574,0.20448628881395692,-0.5177014421195942,0.4002116376549024,-1.7090282400402013
0.30435990562342125,-0.5098178653327031,0.33394862560241906,1790750614,416188569,0.11999999731779099,0.20279872870916693,-0.5168660544508555,0.3974753894914772,-1.752424765016115
0.2993871084515496,-0.5086785103284752,0.3282857428794137,1790750614,465328153,0.11900000274181366,0.20117251334657235,-0.5161189547346697,0.39506548342963876,-1.7916554163874847
0.29332462159274447,-0.5076072649033969,0.32331750460055586,1790750614,516026086,0.11699999868869781,0.19941533916470253,-0.5153642386570282,0.39267077218897606,-1.8316931783625243
0.29077932737587603,-0.5061658114240023,0.315250369269377,1790750614,565724611,0.11999999731779099,0.19747309061870935,-0.5145830857081433,0.3902376684080374,-1.8736437770786112
0.2862697942760649,-0.5048618120772794,0.3084565203178309,1790750614,615336765,0.12099999934434891,0.19540964778007877,-0.513804460669257,0.3878634636932107,-1.9159782782115165
0.2818462640737037,-0.5034305591380072,0.30080020755408965,1790750614,665500730,0.12300000339746475,0.19312084745041724,-0.5129932496990177,0.3854486347694546,-1.9607368322714394
0.2763088999630212,-0.5020907911260649,0.29397612161044445,1790750614,715469312,0.12399999797344208,0.19071449679090388,-0.5121908699711658,0.38312535632586653,-2.0056735773843912
0.2714790629279736,-0.5007609817806817,0.2869501448108267,1790750614,765128847,0.12600000202655792,0.1883507413796296,-0.5114463312850095,0.3810325872388275,-2.048061537069303
0.26313419055309073,-0.49988456963289846,0.2839253546703611,1790750614,815434164,0.12300000339746475,0.1858909862019227,-0.5107112978339634,0.3790319799590354,-2.090577087874794
0.25834627818061356,-0.4985137684039161,0.27653924124524193,1790750614,865419859,0.12600000202655792,0.1833514845840792,-0.5099902260666473,0.3771378116308163,-2.13303356944943
0.2514550136551082,-0.4974375205664135,0.2717441573320196,1790750614,915434572,0.12600000202655792,0.18072781716243919,-0.5092806574878782,0.3753463015899423,-2.175553491853681
0.24595196970923572,-0.49627787147118857,0.26587261537657975,1790750614,965180829,0.12800000607967377,0.1782303452826276,-0.5086354888685216,0.37378495217677643,-2.2149495617640222
0.23868333287387264,-0.4954366974925785,0.2627720745428239,1790750615,15490388,0.12700000405311584,0.17567699904651018,-0.508003112466849,0.37232246542218517,-2.2542604610271657
0.23231413370575546,-0.49427621371880565,0.2571211488093139,1790750615,65123282,0.1289999932050705,0.17291567067806587,-0.5073478326523865,0.3708838562986827,-2.295833495245341
0.22373931717177525,-0.4935303315919975,0.2551992113908861,1790750615,115502748,0.12700000405311584,0.1700158731430101,-0.5066883250095277,0.36952182420394164,-2.3385550084571265
0.2149255191058969,-0.4928043382568115,0.25357118968596,1790750615,165298348,0.125,0.16696794803864468,-0.5060245061824352,0.3682459407750631,-2.382585805294665
0.20739732090718407,-0.49168449470098,0.24858291273728572,1790750615,215339783,0.12700000405311584,0.16382496958032433,-0.5053682603320059,0.36708694552729376,-2.4271660869998883
0.19995603721542124,-0.4906383964710465,0.24401607550619944,1790750615,265483016,0.1289999932050705,0.16077607838897773,-0.5047574052526727,0.3661085923296755,-2.4697478476591774
0.1917852482595559,-0.4898531863665494,0.24167022840373056,1790750615,315690490,0.1289999932050705,0.1577103383043577,-0.5041663036378009,0.36526243459988506,-2.5119903801085086
0.18295957615394998,-0.4894550153951281,0.2425907307270251,1790750615,365515321,0.12600000202655792,0.15465235070634134,-0.5035987325411204,0.36455243276272575,-2.553660263457733
0.17525851469309292,-0.48853843304352296,0.23901725633662899,1790750615,415155651,0.12800000607967377,0.1515793800446226,-0.5030485250609208,0.36396827621379035,-2.59513200134019
0.16644463687290442,-0.4880905840885102,0.23963267669754457,1790750615,466245522,0.12600000202655792,0.14836503207746637,-0.5024938526249645,0.3634941891079788,-2.638180730251995
0.15820316254349173,-0.4874756508761906,0.23867316399459904,1790750615,515724396,0.12600000202655792,0.14522715835565755,-0.5019711219294526,0.36316213999229113,-2.679941201629983
0.15060019654239076,-0.48670651314655444,0.23609769025045976,1790750615,565374476,0.12800000607967377,0.14228342090174884,-0.5014971736795867,0.36296797503116146,-2.718960776571762
0.14270464415574133,-0.48666827200673257,0.23976619017188344,1790750615,615413078,0.12399999797344208,0.13934737572553957,-0.5010389844547354,0.3628848762834483,-2.757772456467779
0.1345254211731572,-0.48582541448152444,0.2367886465033738,1790750615,665306392,0.12700000405311584,0.13621822571224723,-0.5005663747530814,0.36291889478885153,-2.799097907619401
0.12588163770947783,-0.4851222550618085,0.23515377784509434,1790750615,716269354,0.1289999932050705,0.13298497147633037,-0.5000936506142205,0.36308500238202335,-2.8418105919074295
0.1174792499841868,-0.48503747680227877,0.23883881266691503,1790750615,765349642,0.12600000202655792,0.12972355098976865,-0.4996327972847738,0.3633902246363928,-2.884999338427547
0.10877324347032846,-0.4847483812185116,0.24093585595257658,1790750615,815850572,0.125,0.1263552170491209,-0.49917220403848966,0.36384975891042964,-2.9297795967249334
0.10046597898265826,-0.4842991489461331,0.24133147908347674,1790750615,865312576,0.12600000202655792,0.1232463917866516,-0.4987610124050857,0.3644083160938048,-2.9713606755243087
0.09277523513009193,-0.4842310920622648,0.24498153030536535,1790750615,915415068,0.12399999797344208,0.12015010487878591,-0.4983636230133855,0.3650935096103926,-3.0130746307570573
0.08425765909084815,-0.4837466236440039,0.24509131527484895,1790750615,965396956,0.12600000202655792,0.11707579927615806,-0.4979812105300886,0.3659066566916262,-3.0548813944163915
0.07629015981453777,-0.4835291552724421,0.2474572295894896,1790750616,15206065,0.12600000202655792,0.11404228034952883,-0.4976147057208045,0.36684054154878626,-3.09657959488767
0.06909933511153976,-0.4835716953026476,0.25201462188416035,1790750616,65293686,0.12399999797344208,0.11104740235131401,-0.49726364687120506,0.3678977078566408,-3.1382809024833294
0.061801019833294106,-0.4835366955598744,0.255908544675509,1790750616,115416047,0.12300000339746475,0.1080963528534835,-0.49692727011234594,0.3690740672054775,-3.1799682248763745
0.05553250585220971,-0.4836483870872744,0.26079385696065915,1790750616,165698827,0.12099999934434891,0.10535620887089205,-0.4966236398043904,0.370293817123965,-3.21930608910639
0.047906724602655035,-0.4833644545219321,0.26224289402663714,1790750616,215328305,0.12300000339746475,0.10272760682995188,-0.4963395513559521,0.3715832734376534,-3.2576866661958617
0.03994338265126077,-0.48322000978037477,0.2653296884589724,1790750616,265249239,0.12399999797344208,0.0998375739887777,-0.4960356602746322,0.3731464053624638,-3.3007381025451847
0.030861412201185767,-0.4829155897151209,0.2671789162184418,1790750616,315384008,0.12700000405311584,0.09694568883412218,-0.49573949482050456,0.3748702198099626,-3.3448299800315007
0.027134862090071626,-0.48354906912740026,0.2766627199062176,1790750616,365385312,0.12099999934434891,0.09427305124781932,-0.4954731589276182,0.37661910779807406,-3.3866399727311975
0.019920003874800238,-0.48351320704183004,0.2805016722408491,1790750616,415580943,0.12200000137090683,0.09168659258396791,-0.4952213931679611,0.37846327419378933,-3.4282068588632
0.01415193064467396,-0.4837008069039778,0.28615092962957944,1790750616,465126050,0.12099999934434891,0.08920617909335347,-0.49498579917254604,0.380387380011768,-3.4692657281800834
0.007888254538258588,-0.4838248888081709,0.29133731587571554,1790750616,515529285,0.12099999934434891,0.08676143335585058,-0.49475840449824315,0.38244428454000345,-3.511041082958668
0.0033054452252274102,-0.4841519803754773,0.2981335410628243,1790750616,565158845,0.11900000274181366,0.08444103311321982,-0.4945472286526953,0.38456244736087086,-3.5521045822887785
-0.0031329515558081167,-0.48424400997900036,0.3030133016754196,1790750616,615312179,0.11999999731779099,0.08218285976578117,-0.4943453195601057,0.3867938199332789,-3.5935884870913375
-0.006102944422633497,-0.48468114267659373,0.31048424766352045,1790750616,665292068,0.11699999868869781,0.08015068693134857,-0.49416680605430335,0.38896566560236395,-3.632439160062744
-0.012454573178744752,-0.484729840878294,0.31468267840920094,1790750616,715165288,0.11900000274181366,0.07822779493917945,-0.49400003403009946,0.39117955601871623,-3.670736409687148
-0.01687559708724555,-0.4850667862549945,0.32170755634804443,1790750616,765070583,0.11800000071525574,0.07617443756908036,-0.4938243452949395,0.39374224506756883,-3.713606673115732
-0.019531480327024106,-0.48557410211855023,0.3302902003803107,1790750616,815904673,0.11500000208616257,0.07415351702990688,-0.49365282877812705,0.3964933417378707,-3.7581673739174115
-0.024743949635188875,-0.4857948081376046,0.33617704249498004,1790750616,865398048,0.11599999666213989,0.0723933234980087,-0.49350448393675767,0.3991128057217417,-3.7993463125112727
-0.027142359918865114,-0.4862305857514498,0.343795407845901,1790750616,915114647,0.11400000005960464,0.07074562172983265,-0.49336549721650713,0.4017870977740266,-3.840331017213777
-0.03361871837165041,-0.4863810426612508,0.3491264573300418,1790750616,965462381,0.11699999868869781,0.06919271430027675,-0.49323407212088605,0.404550684815199,-3.8816756763512865
-0.03361846514349662,-0.48695286833374685,0.35782239009212913,1790750617,15385481,0.11299999803304672,0.06776357823769323,-0.49311153472078906,0.4073476529753912,-3.9226420860068174
-0.03688443883335493,-0.48731010339209735,0.3648171911360647,1790750617,65679705,0.11299999803304672,0.06643526353781744,-0.4929947692419796,0.4102233937032923,-3.963957052547252
-0.0416898309668209,-0.48758623821180197,0.37111635229205164,1790750617,115337507,0.11500000208616257,0.0652365709627258,-0.49288591996196507,0.4131122857090554,-4.004757444852966
-0.042167990989945836,-0.4880119805580362,0.3780643834325978,1790750617,165561322,0.11299999803304672,0.06428473126066518,-0.4927967863876598,0.41566655244019135,-4.040322988569719
-0.04231336280653286,-0.48842108992654265,0.3847420920229246,1790750617,215508691,0.11100000143051147,0.06344908959625575,-0.4927148951375464,0.41816165539726236,-4.074663575167123
-0.04232557175117371,-0.48862896472332856,0.388161108185864,1790750617,265643340,0.10999999940395355,0.06304937698347135,-0.4926739441310311,0.4194621974581557,-4.09242320432151
-0.04308358004674474,-0.4887706691394902,0.3907547900376998,1790750617,315634950,0.10999999940395355,0.06273527524308496,-0.4926407245974333,0.42054392236431026,-4.107128190785957
-0.04420674853304772,-0.4887668268047122,0.39105395281603267,1790750617,365979841,0.11100000143051147,0.0626688299325729,-0.4926334639015771,0.42078037477989627,-4.110334875608596
-0.045229095330604444,-0.48874366065068364,0.3909983325458861,1790750617,415572947,0.1120000034570694,0.06264443254415708,-0.49263070666529385,0.42086794304747976,-4.111521766813944
-0.0471647774601032,-0.48867611348810197,0.3904984547849503,1790750617,465041386,0.11400000005960464,0.0626406295627553,-0.4926302762099018,0.4208816277480193,-4.1117072105407715
-0.04427516280779306,-0.4887801703542283,0.39129801160239813,1790750617,515126155,0.11100000143051147,0.06264062956275528,-0.49263027620990174,0.4208816277480193,-4.1117072105407715
-0.04523837008404273,-0.4887454846460436,0.39103149200134163,1790750617,565252970,0.1120000034570694,0.06264062956275532,-0.4926302762099019,0.4208816277480193,-4.1117072105407715
-0.04620157018385351,-0.4887107991962868,0.3907649743860068,1790750617,615761834,0.11299999803304672,0.0626406295627553,-0.4926302762099018,0.4208816277480193,-4.1117072105407715
-0.04427516280779305,-0.4887801703542285,0.39129801160239813,1790750617,665274209,0.11100000143051147,0.06264062956275532,-0.4926302762099019,0.4208816277480193,-4.1117072105407715
-0.0433119555315435,-0.4888148560624134,0.3915645312034546,1790750617,715641082,0.10999999940395355,0.06264062956275518,-0.492630276209902,0.42088162774801924,-4.1117072105407715
-0.04620157018385353,-0.48871079919628696,0.3907649743860068,1790750617,770397438,0.11299999803304672,0.06264062956275532,-0.4926302762099019,0.4208816277480193,-4.1117072105407715
-0.04331195553154335,-0.4888148560624132,0.39156453120345464,1790750617,822026497,0.10999999940395355,0.0626406295627553,-0.4926302762099018,0.4208816277480193,-4.1117072105407715
-0.044994920867779634,-0.4885912235608735,0.39018281028008817,1790750617,865804293,0.1120000034570694,0.06274073067678704,-0.4925345544273004,0.42053870430957047,-4.107078460066277
-0.04470480658398389,-0.48841084709163174,0.3891908076225484,1790750617,915690911,0.1120000034570694,0.06285999409970809,-0.492422589744025,0.4201378648195121,-4.101660228386165
-0.04256626869228314,-0.48774723566390576,0.38563390752832977,1790750617,965368352,0.11100000143051147,0.06334661595995768,-0.4919864226083173,0.4185806900156231,-4.080528479697855
-0.04112572638169007,-0.4869562176201972,0.38130705541253773,1790750618,15319416,0.11100000143051147,0.06394115206975576,-0.4914923154628726,0.41682289957263524,-4.056504230302704
-0.03984616385905489,-0.48580449092378686,0.37490972426002145,1790750618,65350776,0.1120000034570694,0.06485428403737772,-0.49079953951456906,0.4143668715751238,-4.022599372687341
-0.038148548208962574,-0.4845776305002379,0.36810103022059626,1790750618,116196013,0.11299999803304672,0.06592749125304925,-0.49006245647165997,0.41177132045816556,-3.986282902359123
-0.03604865965457793,-0.48330374253432273,0.3610440142421181,1790750618,168233521,0.11400000005960464,0.06715176689272002,-0.48929807231119904,0.4091037685545537,-3.9483597189110347
-0.03308016244487667,-0.48220372547902574,0.3550877932469694,1790750618,215356735,0.11400000005960464,0.0683540418899386,-0.4886091322708527,0.40672182241750787,-3.913911116053598
-0.02971458845213333,-0.4810564980169578,0.3489113839207706,1790750618,265343808,0.11400000005960464,0.0697172984753239,-0.48788760066222797,0.4042524709383293,-3.877505557743359
-0.02696193348822304,-0.479858451569666,0.34232761198963757,1790750618,315511011,0.11500000208616257,0.07117736750955989,-0.48717069473688024,0.40182726895795534,-3.8409943570994622
-0.021715068330098494,-0.4789494709961936,0.3378723040286416,1790750618,365373278,0.11299999803304672,0.07261860367346694,-0.48651055173793967,0.39962170029944816,-3.8070225090232426
-0.02047495203193757,-0.47773009068782313,0.33084393564372233,1790750618,415271164,0.11599999666213989,0.07411901441925069,-0.48586437707431596,0.39749087196963645,-3.773440857482097
-0.01681908804741225,-0.47652692871228797,0.3243151227774749,1790750618,465245653,0.11699999868869781,0.0759019061450246,-0.48514357887342463,0.3951499325049102,-3.7355354194952146
-0.011989736819268834,-0.47538612359211607,0.31838423792918746,1790750618,515484302,0.11699999868869781,0.07782693275432633,-0.48441273001341517,0.3928186784549137,-3.696618499072638
-0.009425889698581366,-0.4740868743483367,0.31095258184050195,1790750618,565906037,0.11999999731779099,0.07973789747049319,-0.4837297143583619,0.3906823382083655,-3.6597395431568343
-0.003059149906180114,-0.47323701232297244,0.30714125566326284,1790750618,615449939,0.11800000071525574,0.08167340659239336,-0.48307429507401206,0.38867420548167986,-3.623879792735046
0.0007064781858850955,-0.47206119844107447,0.30067285514586084,1790750618,665662541,0.11999999731779099,0.08371579967657977,-0.48241818465530556,0.3867088054136562,-3.587452727655718
0.006108031746799997,-0.471073610779145,0.2957702432903918,1790750618,715965515,0.11999999731779099,0.08583612812360254,-0.4817701329713844,0.38481525672400335,-3.550944667981796
0.009697750493625368,-0.4698497996218904,0.2888422497604276,1790750618,765482444,0.12300000339746475,0.08799529473675866,-0.48114164401028625,0.3830281810430729,-3.514969560627669
0.016092571442554895,-0.46900734789396653,0.2851094161804537,1790750618,815273664,0.12200000137090683,0.09023292747201027,-0.48051943402362,0.3813106626134928,-3.4787888562789067
0.021447354994158452,-0.4680011689304082,0.2800084523359256,1790750618,865209236,0.12300000339746475,0.09253879974072297,-0.47990679207934384,0.37967421103497945,-3.442542027963801
0.028178567754423012,-0.4672059941706812,0.2767067501975243,1790750618,915673905,0.12200000137090683,0.09492988054851911,-0.4792984163791229,0.37810712445668965,-3.40591890360493
0.03247525920429191,-0.4660995301012805,0.2705470963878971,1790750618,965579190,0.125,0.09720356414595586,-0.47874357934580186,0.37673266300634617,-3.3719035995735207
0.037936559669748994,-0.4652263869830043,0.266282590379964,1790750619,15155546,0.12600000202655792,0.09948131031517458,-0.47820837592856374,0.3754600245946512,-3.338519182519325
0.04547815623167008,-0.46462530697520366,0.26457002691179077,1790750619,65471714,0.12399999797344208,0.1020073819797647,-0.4776376357438567,0.37416530707362566,-3.302220166960806
0.05138132306512136,-0.46362706095588646,0.25954013975715395,1790750619,115588260,0.12600000202655792,0.10460347888371906,-0.4770734061819755,0.3729535359710684,-3.265606467025685
0.05938313632784299,-0.46305535452141644,0.25824408183876935,1790750619,165572508,0.12399999797344208,0.10735745457001716,-0.47649835883422414,0.3717947309855623,-3.2274469254517255
0.06633261001700805,-0.4621906439354065,0.25448579273709804,1790750619,215360236,0.125,0.1101659627385024,-0.4759342036321168,0.37073875724147537,-3.189150455292854
0.07245442915575329,-0.46117038691638956,0.24922406700433108,1790750619,265199798,0.12800000607967377,0.11287258231054922,-0.47541079077685316,0.3698374383602586,-3.1527627948177765
0.08063132928590397,-0.4608420491209486,0.24985620812899534,1790750619,316051045,0.125,0.11564018395854156,-0.474894221630409,0.369028002368549,-3.1160032187351727
0.08651131980609472,-0.45966244844620713,0.24316737045129308,1790750619,365273508,0.12999999523162842,0.11836052743979159,-0.4744041473204065,0.36834048676478715,-3.0802557032786955
0.09464486810183144,-0.4594064071116888,0.24438962710610418,1790750619,415525999,0.12700000405311584,0.12116511552743169,-0.473915594740457,0.36773937773548154,-3.0437323347083196
0.1014853103573457,-0.4585054500022528,0.24007969146479727,1790750619,465376293,0.12999999523162842,0.12395513181613929,-0.47344592310526146,0.3672484303407161,-3.007680784324936
0.1093577539859241,-0.4582044311714392,0.24091236966813662,1790750619,515838360,0.12800000607967377,0.12679441740902686,-0.4729832570850844,0.36685501784451935,-2.97121976761794
0.11627011129775885,-0.45762600051067426,0.23913093624248227,1790750619,565334716,0.1289999932050705,0.1294408412828802,-0.47256561315883594,0.3665842143191569,-2.937400530082032
0.12325964410655568,-0.4570762177534672,0.23758411262144813,1790750619,615238768,0.12999999523162842,0.13209022285486094,-0.4721595961384747,0.3664037979792694,-2.903654983083324
0.13128057290377643,-0.4569743887904745,0.24022497290871112,1790750619,665319934,0.12700000405311584,0.13505396715784834,-0.4717195394934102,0.3663096391296378,-2.865993457972037
0.13926424303090476,-0.45632015460999575,0.23820553103716094,1790750619,715319711,0.1289999932050705,0.13807333324049173,-0.4712853122717584,0.36632900287951276,-2.8276592333814587
0.14705349478889596,-0.4557191902771864,0.23648035989204616,1790750619,765512479,0.13099999725818634,0.14096292485813172,-0.47088282334361076,0.36645715963642417,-2.790956748290349
0.15479228838793896,-0.45527262361915516,0.236029820916305,1790750619,815526144,0.13199999928474426,0.14380925995934038,-0.4704979539137127,0.3666880093896292,-2.754732695909811
0.16261795661261,-0.45485880781325727,0.23587083267829945,1790750619,865631042,0.13300000131130219,0.14666098522306373,-0.47012374552610686,0.36702477691751173,-2.7183243238456956
0.17021676799726532,-0.45470583248503277,0.23797384396781873,1790750619,916020488,0.13199999928474426,0.1495171113193801,-0.46975958312472255,0.36746866477648354,-2.6816868728734944
0.17758119280070284,-0.454588051539003,0.24032654157680214,1790750619,965624909,0.13099999725818634,0.1523139489248369,-0.4694132243942719,0.3680088814612738,-2.6455959597662284
0.18482810914337464,-0.4544998063250347,0.24293968593083093,1790750620,15283747,0.12999999523162842,0.15509338894434824,-0.46907835272592835,0.36865090722688715,-2.6094614604072977
0.1915559839262756,-0.45444928158457054,0.24569980669387903,1790750620,65502367,0.1289999932050705,0.15770529078198828,-0.46877215377695913,0.3693524821712824,-2.575216519643374
0.19803559961449677,-0.45442617159290816,0.24864439455642667,1790750620,115485060,0.12800000607967377,0.16024859053154886,-0.46848136167901977,0.3701293530188018,-2.5415501106237817
0.20543476405667155,-0.4542047634250651,0.25006044441679653,1790750620,165220861,0.1289999932050705,0.1629158930586047,-0.46818424188745383,0.3710468818297462,-2.505852654224574
0.21297820883882626,-0.4540141530597584,0.251819136499988,1790750620,215578501,0.12999999523162842,0.16561096161043412,-0.4678915950940493,0.37208450663126347,-2.4693097157748
0.21915030716338058,-0.45427608083053167,0.25762585425401235,1790750620,265375895,0.12700000405311584,0.16836551238432074,-0.46760034795474026,0.37326481634872744,-2.431400766095324
0.22854876025372747,-0.45373480468047744,0.2564981478502651,1790750620,315311661,0.13199999928474426,0.17110340214864897,-0.46731817272396037,0.3745639039184285,-2.3930699324210263
0.23449667262588156,-0.45395098756921193,0.2617603489912901,1790750620,365132389,0.12999999523162842,0.17365114808168505,-0.4670621108771295,0.3758914987654406,-2.3567403902486475
0.2411466249696709,-0.45398944039908523,0.2654594624515434,1790750620,415172517,0.12999999523162842,0.17613560056854766,-0.4668180407016727,0.3773030696931574,-2.320608193449836
0.2471934181570673,-0.4541527847016927,0.2702818836929584,1790750620,465417499,0.1289999932050705,0.178593813514948,-0.46658199988152205,0.3788203888414386,-2.2840866054936404
0.25356900892718215,-0.45424434598647995,0.274467755298806,1790750620,515437395,0.1289999932050705,0.1809873093175038,-0.4663569732132338,0.3804214215418594,-2.247682191002382
0.2609422061927439,-0.45417923643526886,0.2772617128732734,1790750620,565282642,0.13099999725818634,0.1833108242851657,-0.46614303143665714,0.38210080593463736,-2.211444106274648
0.2639389149437062,-0.4547713574540656,0.2858334645041727,1790750620,615348733,0.12600000202655792,0.1855812284868189,-0.46593785530752824,0.38387112466344697,-2.175052821013966
0.2700229936551085,-0.45483499214978673,0.2895606552239044,1790750620,665485548,0.12700000405311584,0.18765231313788067,-0.4657539865438918,0.3856067253259222,-2.1409015588687086
0.275256510293333,-0.4550058256550704,0.2941870325692377,1790750620,715570435,0.12700000405311584,0.18963637344450532,-0.46558043538633315,0.38738773441482977,-2.107204974437222
0.28024649974227983,-0.4553017783773047,0.3003038441020541,1790750620,765638360,0.12600000202655792,0.19179472938477787,-0.4653943861562369,0.3894689948030817,-2.0693115593128226
0.2857595443239971,-0.4555411879695491,0.30596212968471664,1790750620,815294049,0.12600000202655792,0.19389504060168086,-0.4652155969365188,0.3916552990606066,-2.0309953941910677
0.2915610192012542,-0.45571784022221445,0.31089610166049136,1790750620,865179111,0.12700000405311584,0.19581846778236947,-0.4650535553795036,0.3938129835350265,-1.9944621598828511
0.294882090580079,-0.45613295513921304,0.3179608383600008,1790750620,915727605,0.125,0.19766725238690033,-0.46489885008836723,0.39604690831370304,-1.9578107925037767
0.2986071670087672,-0.45648157594585276,0.3243727467453451,1790750620,965339229,0.12399999797344208,0.1994002237425065,-0.46475442659407795,0.39830204978095285,-1.9218607097638254
0.3045800032742365,-0.45665441056114064,0.3292440364803046,1790750621,15439339,0.12600000202655792,0.2010662335455036,-0.46461556197234777,0.4006409555696273,-1.8855603283652076
0.30788421179749126,-0.4570375057092436,0.3359966557142514,1790750621,65321789,0.125,0.20264635698290936,-0.46448336642494353,0.4030380837436974,-1.8492642796481265
0.3075132520740366,-0.45765643890335683,0.3449217054486815,1790750621,115696022,0.11999999731779099,0.20415333406553857,-0.4643561061852424,0.40551742447121997,-1.8125822377194396
0.3125962811940912,-0.45786078337621877,0.34983829793153104,1790750621,165269164,0.12200000137090683,0.2054597673797851,-0.4642442445152411,0.40784708318087803,-1.7788112945972654
0.314849105784694,-0.4582367009609708,0.35630290444264023,1790750621,215316996,0.12099999934434891,0.20668288550677805,-0.46413742903036587,0.4102125514492091,-1.7451396504148804
0.3152192571413323,-0.4587269018149153,0.3640119641198475,1790750621,265176770,0.11800000071525574,0.20789356703685616,-0.46402846536780257,0.41276737239721706,-1.709389393132134
0.32087793203617343,-0.45896825352425047,0.36951246232976315,1790750621,315672337,0.12099999934434891,0.20903792268503096,-0.4639214742879606,0.4154284481488083,-1.672758406221221
0.3254997447194759,-0.4592933285193919,0.37585021599018104,1790750621,365526055,0.12300000339746475,0.21010966972122022,-0.4638171593483056,0.4182019146846212,-1.635154469044222
0.32898707414051276,-0.4596849725491237,0.3828485878778935,1790750621,415782444,0.12399999797344208,0.21108929315423453,-0.4637156715075194,0.4210567833578164,-1.5969813045267984
0.3285786677594095,-0.46002844454810676,0.38825498024677424,1790750621,465627589,0.12200000137090683,0.21166844435174953,-0.4636510202196816,0.42293749663148905,-1.5720947824976688
0.32694051107550137,-0.4603667815681601,0.39344079863038806,1790750621,515708809,0.11900000274181366,0.21215513984661688,-0.4635932140640694,0.42466433683072946,-1.549406161404485
0.33123877114069095,-0.46035486498410544,0.3940297118421299,1790750621,565224923,0.12300000339746475,0.21232473504117352,-0.4635721782659847,0.42530433013788616,-1.5410336156631692
0.3315489383052417,-0.46042507557908896,0.3952196025148892,1790750621,616738693,0.12300000339746475,0.21244427859083825,-0.4635570271478544,0.42576909922863904,-1.534964944112465
0.331588027437597,-0.4604340573650122,0.3953717206833764,1790750621,665816692,0.12300000339746475,0.21245934240923628,-0.4635550974113817,0.42582851546252076,-1.5341898202896118
0.3296509717764751,-0.4604848060850958,0.39586695410874767,1790750621,715379668,0.12099999934434891,0.21245934240923636,-0.46355509741138184,0.42582851546252076,-1.5341898202896118
0.3267453955008721,-0.4605609289761675,0.39660980240192006,1790750621,766034264,0.11800000071525574,0.21245934240923628,-0.4635550974113818,0.42582851546252076,-1.5341898202896118
0.332556548052078,-0.46040868319402395,0.3951241058155753,1790750621,815577545,0.12399999797344208,0.21245934240923628,-0.4635550974113818,0.42582851546252076,-1.5341898202896118
0.330619499607036,-0.46045943172505394,0.39561933739606203,1790750621,865059908,0.12200000137090683,0.21245934240923625,-0.4635550974113817,0.42582851546252076,-1.5341898202896118
0.33061949960703607,-0.460459431725054,0.39561933739606203,1790750621,916056665,0.12200000137090683,0.21245934240923628,-0.4635550974113818,0.42582851546252076,-1.5341898202896118
0.3325565480520779,-0.46040868319402384,0.39512410581557517,1790750621,966138154,0.12399999797344208,0.21245934240923622,-0.4635550974113817,0.42582851546252065,-1.5341898202896118
0.32965097177647507,-0.4604848060850956,0.39586695410874767,1790750622,17489737,0.12099999934434891,0.21245934240923628,-0.4635550974113817,0.42582851546252076,-1.5341898202896118
0.3332527680123233,-0.46020084351269525,0.393839159673117,1790750622,65229020,0.125,0.2123556924577083,-0.46344851839644874,0.4254358324440142,-1.5395972783894112
0.32905365347345694,-0.4600870983306819,0.3936218683649896,1790750622,115641484,0.12099999934434891,0.21222735277597699,-0.4633196206146819,0.4249613978183472,-1.5461409742510952
0.3288848125375716,-0.4593523427585534,0.3893692916273911,1790750622,165476212,0.12200000137090683,0.2117887452223165,-0.4629012726383538,0.4234268377884223,-1.5673898648131848
0.32654101904112187,-0.4585835045015515,0.3851684350073801,1790750622,215896481,0.12099999934434891,0.21125049313665717,-0.4624275876587347,0.42169674598236295,-1.5915094091254158
0.3263960518668202,-0.4574474948234926,0.3785403204130112,1790750622,265431419,0.12300000339746475,0.21046029560252447,-0.4617943766585118,0.419393788729845,-1.6239116975024115
0.32028417738508186,-0.4564741982046716,0.37368066876252604,1790750622,315638585,0.11900000274181366,0.2095388259827851,-0.4611258206128739,0.4169799782755538,-1.6582857987451414
0.3184378216509654,-0.45523917013352644,0.366706007175574,1790750622,365446784,0.11999999731779099,0.2084508287509648,-0.4604087417238516,0.41441487719633174,-1.6953417716355395
0.31626050484107154,-0.4539864819149411,0.35965539603374963,1790750622,415421985,0.12099999934434891,0.2072440487750499,-0.45968340844004507,0.41184693918304893,-1.733059385766567
0.3127601028743857,-0.45273609885203847,0.3528308693617123,1790750622,465309630,0.12099999934434891,0.20587865139284664,-0.45893057048070635,0.4092133461765301,-1.7724673677960217
0.3080775100785634,-0.45154077908951556,0.3465644138951883,1790750622,515424740,0.11999999731779099,0.2043885281516676,-0.4581742363743848,0.40660266526615624,-1.8123753704016727
0.305870434459204,-0.45024252141720317,0.3391854649920303,1790750622,565942991,0.12200000137090683,0.20286094393702475,-0.4574547006542746,0.40415491679450966,-1.8506493421867558
0.3026156733518822,-0.4490359462016294,0.3325404411628685,1790750622,615746367,0.12300000339746475,0.20127722499872788,-0.45675818084951686,0.40182165660539937,-1.8880310746710702
0.29931333560565415,-0.447895141080009,0.32628348762538956,1790750622,665591002,0.12399999797344208,0.19969126865384434,-0.45610223367699887,0.39965982512438986,-1.9235448656633427
0.29648785625394525,-0.4466799539519488,0.31942321549846786,1790750622,716594322,0.12600000202655792,0.19800399512746367,-0.4554436605108025,0.39752652564383106,-1.959546188765845
0.29006200106054914,-0.4456995888865101,0.31488875145670864,1790750622,765101631,0.12399999797344208,0.19613496931234198,-0.4547539670111285,0.39533581753845803,-1.9976307914488733
0.2854353927844599,-0.4444666453738601,0.3083320199697849,1790750622,815402668,0.125,0.1940751642860009,-0.4540362372169969,0.39310661262976254,-2.0377395387520116
0.28328415868412293,-0.4431388795031334,0.30045554221080895,1790750622,865284646,0.1289999932050705,0.19217164642964774,-0.45340668043375304,0.3911973772244095,-2.073336035851699
0.27540972587060397,-0.4424877498460399,0.29848204350951496,1790750622,915254708,0.125,0.19023991278463712,-0.45279725239196905,0.3893930829720409,-2.1082092701184205
0.2714851394216029,-0.44116319097031337,0.29104494778186457,1790750622,965462910,0.12800000607967377,0.1879901928244562,-0.4521200214209344,0.38744278653156106,-2.1474551373741546
0.26705419811932607,-0.43982635416535026,0.2835946568178725,1790750623,15631844,0.13099999725818634,0.18561658449389237,-0.4514397486820714,0.3855458384512327,-2.187469568929701
0.25847464638250006,-0.4391996828174776,0.28213676464089327,1790750623,65304117,0.12700000405311584,0.18330868185583363,-0.45080769607433163,0.3838438579751149,-2.2251962846388427
0.2539179134681998,-0.4379658307725841,0.27534485108499973,1790750623,115260687,0.12999999523162842,0.18094435655978786,-0.45018764783791515,0.3822349158243372,-2.262786525092948
0.2469014503779558,-0.43713064268790136,0.2720408081208403,1790750623,165293425,0.1289999932050705,0.1785228880832287,-0.4495781164029213,0.3807166143682671,-2.300318125616824
0.24076697156154458,-0.4361269053179426,0.26728172042572773,1790750623,215537906,0.12999999523162842,0.17603447171493028,-0.4489766515992842,0.3792843375573673,-2.3379864373998522
0.23394677985607407,-0.43524663132678143,0.26360996730833564,1790750623,265563533,0.12999999523162842,0.17348834902769336,-0.4483845702534981,0.3779435645698195,-2.3757033857074843
0.22700416016676184,-0.4343973280436633,0.2602017626838407,1790750623,315437927,0.12999999523162842,0.1708960764450828,-0.4478044649451598,0.3767012492981988,-2.413345478501876
0.22078614256798296,-0.43337366348901885,0.2552541811205645,1790750623,365096856,0.13199999928474426,0.16827769661630892,-0.4472394323934529,0.37556462691643644,-2.4506894518617366
0.21273636813448538,-0.43278659472899855,0.2541657904245491,1790750623,415661914,0.12999999523162842,0.16556905327109744,-0.4466758259771539,0.3745083532364516,-2.4886889811088837
0.20599987167675343,-0.43208403969250686,0.2517406962785652,1790750623,465184509,0.12999999523162842,0.16305406349547705,-0.44616972044755493,0.3736310154903356,-2.523472324756358
0.1999833589766289,-0.43107045838162183,0.2466765849609614,1790750623,515976263,0.13300000131130219,0.1604747919368957,-0.44566715840683496,0.3728312908884346,-2.558704776075654
0.1921913450790035,-0.4303456735811168,0.24448472955439185,1790750623,565297152,0.13300000131130219,0.15760725576365106,-0.4451261450809331,0.37205619492685366,-2.5974262039493317
0.18407278008917508,-0.4296346694592757,0.24253953568922593,1790750623,615086619,0.13300000131130219,0.15461902348029705,-0.4445815802507872,0.3713730190241958,-2.6373450836381944
0.17588175648029195,-0.42921667383085516,0.2429347949123706,1790750623,665217571,0.13099999725818634,0.15174022023197148,-0.44407372817697577,0.37083105539473293,-2.6754586839713776
0.1682900236970408,-0.4284984159596995,0.24071290391300507,1790750623,715470052,0.13199999928474426,0.14886443144186295,-0.44358236873953777,0.37040145601088176,-2.7132552621311357
0.16073293133312908,-0.42769995231543456,0.23778873559157782,1790750623,765169880,0.1340000033378601,0.14598863158594994,-0.44310553380402445,0.3700811185110425,-2.7508361952976004
0.1525826240648146,-0.4272667172654189,0.23810055671096556,1790750623,816039829,0.13300000131130219,0.14302921160079832,-0.44262971584375593,0.3698644020319821,-2.78933986668173
0.14482415840353743,-0.4267723237411666,0.2377402615747074,1790750623,865432117,0.13300000131130219,0.14017396295073373,-0.4421836546420352,0.3697624828517373,-2.826382404187045
0.13692926474388017,-0.42630381087627395,0.2376661370831744,1790750623,915702727,0.13300000131130219,0.137268066862315,-0.4417426854916503,0.36976657884073105,-2.8640254377946808
0.12966205896790894,-0.4262447078544282,0.24084051222366643,1790750623,965451722,0.12999999523162842,0.13455202870244953,-0.44134132582672875,0.3698683351225168,-2.899207275055833
0.12222913335325411,-0.4255212448677654,0.23831297421365338,1790750624,15398950,0.13300000131130219,0.13185770149064277,-0.44095347638651483,0.3700632579127095,-2.9341468616406465
0.11476526010856444,-0.4255001315174747,0.24203394005896764,1790750624,65196519,0.12999999523162842,0.12899005778044115,-0.4405508440316599,0.370373840106587,-2.971428420739043
0.10653031847296883,-0.4248118920921557,0.24014147568131858,1790750624,115334489,0.13300000131130219,0.12607980890873455,-0.44015313650580096,0.37079928827723296,-3.0094126684834346
0.09839337509144677,-0.42449481990955484,0.24156063203165484,1790750624,165113679,0.13300000131130219,0.12308530756986803,-0.439754184315723,0.37135454798000445,-3.048717558171866
0.0899367016087403,-0.4240957471142047,0.2423645599646698,1790750624,215474438,0.1340000033378601,0.12005536947036051,-0.4393613553731452,0.3720404171828602,-3.088778028095373
0.08213164165343703,-0.42385991531586886,0.2443631651084825,1790750624,265470555,0.1340000033378601,0.11719659075914289,-0.4389996304443682,0.3728047442975779,-3.126911963973961
0.07561565155111832,-0.42410643859947184,0.2504420264750658,1790750624,315749850,0.12999999523162842,0.11437274972840039,-0.4386510679886617,0.3736748948869917,-3.16496243596489
0.06764855512948678,-0.4237160173014166,0.25103585565986203,1790750624,365247324,0.13199999928474426,0.11164728151165484,-0.43832193519024354,0.37462703273389286,-3.2021162137408683
0.06141082016276122,-0.4239077389914779,0.2565924582389185,1790750624,415280469,0.1289999932050705,0.10893173053921061,-0.43800142654682417,0.3756896005009979,-3.239618296899024
0.05305060405589974,-0.4234749142380684,0.25688993625469414,1790750624,465169270,0.13199999928474426,0.10624905881369062,-0.43769113708177126,0.37685586154439443,-3.2772172122507035
0.04588844652917168,-0.4234012763738312,0.2602383026192259,1790750624,515186406,0.13199999928474426,0.10360032409380476,-0.43739127918397575,0.37812646496180136,-3.3149528149865093
0.03927542891931459,-0.4233599006696913,0.2636276209536578,1790750624,565307598,0.13199999928474426,0.10115508708218694,-0.4371192795038658,0.37941012054196444,-3.350410549412852
0.03431874846811145,-0.42365284205977244,0.26980799032736796,1790750624,615799284,0.1289999932050705,0.09876775469568319,-0.43685852913291096,0.38077164956818876,-3.385676421591135
0.028500279795215383,-0.42386074652697986,0.27566789883745213,1790750624,665217813,0.12700000405311584,0.0961853322284626,-0.43658079751790485,0.3823727956762959,-3.4246493791090833
0.021539524996303072,-0.4238971561599062,0.2802808822889485,1790750624,715936761,0.12700000405311584,0.09354819960069574,-0.43630234194445716,0.38415514848063287,-3.465450974806714
0.015265016582283367,-0.4239594699472397,0.284801263391832,1790750624,765544226,0.12700000405311584,0.09117154586506702,-0.43605474774965314,0.3858997505052196,-3.503226994378938
0.009216564181898201,-0.4240484579266799,0.28951159164848994,1790750624,815205655,0.12700000405311584,0.0888801262398267,-0.4358193895751912,0.38771629152512566,-3.540674446466241
0.003932638681461945,-0.42425458109513975,0.295255446480563,1790750624,865483664,0.12600000202655792,0.08663015136398175,-0.43559044643695116,0.38964093299077496,-3.5785772682536328
0.0016834046005937825,-0.42482850336122513,0.3040187131586945,1790750624,915320103,0.12099999934434891,0.08447149802111657,-0.43537309893503584,0.3916311719377517,-3.6161450393150796
-0.005499012552309321,-0.4247142644100134,0.3068517405740618,1790750624,965248757,0.12399999797344208,0.08249957880235294,-0.4351754972578806,0.3935858747100034,-3.6516592099227263
-0.011151691869268662,-0.42480006387761116,0.31132684564213653,1790750625,15417885,0.125,0.08060852054366958,-0.43498704361460244,0.3955959910143936,-3.6869448190860132
-0.014663244607013348,-0.42515812236399975,0.3182815090155542,1790750625,65276250,0.12300000339746475,0.07868490211051427,-0.4347951617628019,0.3977940980301574,-3.7242805078767116
-0.01954118687397302,-0.42538027104890896,0.3242076103862398,1790750625,115716602,0.12300000339746475,0.07680019817596205,-0.43460718404935783,0.40011678268391826,-3.762498188873769
-0.024369969562146765,-0.42563331721904596,0.33056234653246813,1790750625,165556504,0.12300000339746475,0.07493503071736711,-0.4344195563728098,0.4026062203649804,-3.802231525689595
-0.028982743581405984,-0.42591130928363663,0.3371615051667707,1790750625,215405675,0.12300000339746475,0.07315284554389817,-0.43423876763432245,0.4051907320271503,-3.8423163876554645
-0.03226830730743688,-0.4262587393873654,0.3441222922908841,1790750625,265319208,0.12200000137090683,0.071555141841369,-0.4340736501101084,0.40771174827017476,-3.8804144073244613
-0.036096898479968526,-0.4265534358679245,0.3506087940718858,1790750625,315178222,0.12200000137090683,0.07006862123502074,-0.43391707376219046,0.41026329595656863,-3.918095378393375
-0.04058438110020246,-0.4268092335585181,0.35681344635850093,1790750625,365255561,0.12300000339746475,0.06867162244921715,-0.4337653124438921,0.41288250637136364,-3.955963497296751
-0.0412655948912157,-0.4273029911187713,0.3649783387133869,1790750625,415870073,0.11999999731779099,0.0673593797235502,-0.4336179264832942,0.4155820523869228,-3.9942417335389697
-0.04523254100964752,-0.42758948308876465,0.3714219593273065,1790750625,465440870,0.12099999934434891,0.06616439058106509,-0.4334784107580368,0.4182945953147631,-4.032032560010486
-0.04716247981387087,-0.42799559310686297,0.3789180300133065,1790750625,516135558,0.11999999731779099,0.06504560321522063,-0.4333409684615756,0.4211172293128617,-4.070733508304477
-0.049215567247406,-0.4282859433616723,0.3845974166596106,1790750625,565325048,0.11999999731779099,0.06423931732837641,-0.4332353102888554,0.4233723091699174,-4.1012509104146595
-0.05010139832811994,-0.42861511655692186,0.3905064591350417,1790750625,615370970,0.11900000274181366,0.06351601889039872,-0.43313452116059087,0.4256014465146243,-4.131109048638628
-0.05287070589201372,-0.4286888781809626,0.3927508337073034,1790750625,665716072,0.12099999934434891,0.06317966316609427,-0.4330855073556709,0.4267211344817958,-4.146002612139893
-0.050646216835219554,-0.42891593055021743,0.39585377574153474,1790750625,715733253,0.11800000071525574,0.06292027060695837,-0.4330465209703256,0.4276278425512352,-4.158016213292604
-0.050763939690950624,-0.4289376187377453,0.39627256481968975,1790750625,765640860,0.11800000071525574,0.06287347542868948,-0.4330391146126047,0.42779582266711813,-4.160237136436414
-0.051756808038937105,-0.4289081933563149,0.3961121109771771,1790750625,816706209,0.11900000274181366,0.06286166797687426,-0.4330370135088626,0.42783841634846864,-4.160799735772668
-0.04983410668772226,-0.4289782323290132,0.39665844373747355,1790750625,865852790,0.11699999868869781,0.06286020336494039,-0.4330367526500103,0.4278437060854751,-4.160869598388672
-0.051760509075709574,-0.4289088557718968,0.39612536124352044,1790750625,915952445,0.11900000274181366,0.06286020336494039,-0.4330367526500103,0.4278437060854751,-4.160869598388672
-0.052723703093309635,-0.4288741677517859,0.3958588219824269,1790750625,965173064,0.11999999731779099,0.06286020336494039,-0.4330367526500103,0.4278437060854751,-4.160869598388672
-0.048870905493728606,-0.4290129206075714,0.39692498498445,1790750626,15515091,0.11599999666213989,0.06286020336494039,-0.4330367526500103,0.427843706085475,-4.160869598388672
-0.048870905493728634,-0.42901292060757135,0.39692498498445006,1790750626,65191667,0.11599999666213989,0.06286020336494036,-0.43303675265001024,0.42784370608547506,-4.160869598388672
-0.0517605090757096,-0.42890885577189675,0.3961253612435203,1790750626,115755094,0.11900000274181366,0.06286020336494036,-0.4330367526500103,0.427843706085475,-4.160869598388672
-0.04983410668772226,-0.4289782323290132,0.39665844373747355,1790750626,172389232,0.11699999868869781,0.06286020336494039,-0.4330367526500103,0.4278437060854751,-4.160869598388672
-0.051760509075709574,-0.42890885577189647,0.3961253612435204,1790750626,218807965,0.11900000274181366,0.06286020336494039,-0.43303675265001,0.42784370608547506,-4.160869598388672
-0.05147298148130457,-0.4287339392106685,0.39512171151515457,1790750626,265689610,0.11900000274181366,0.06297413085297446,-0.4329327849367783,0.4274517103624312,-4.1554775349185835
-0.05016926857714117,-0.428565288317097,0.39422576944585813,1790750626,315353649,0.11800000071525574,0.06311029497247599,-0.432811100202273,0.42699334079687995,-4.149161714579962
-0.04875315168646602,-0.4277659013420832,0.3896570292563782,1790750626,365538859,0.11800000071525574,0.06367386678023482,-0.4323333819694344,0.42520001461505685,-4.124333538523412
-0.04985463771545494,-0.4267462591191236,0.38357482924607705,1790750626,415269483,0.12099999934434891,0.06436199914406168,-0.4317976881749756,0.423198594467563,-4.0963845583959255
-0.044327630661245676,-0.4256166412931294,0.3774196710449341,1790750626,465209293,0.11800000071525574,0.06543302689835065,-0.4310442061373751,0.4203980349126629,-4.056798290331034
-0.04382406098149341,-0.4241193135244817,0.3685898313862076,1790750626,516624385,0.12099999934434891,0.06672132100980188,-0.4302327942033569,0.4174093327736661,-4.013843257186766
-0.0403623356849627,-0.42283566469367617,0.3613266412382899,1790750626,565097581,0.12099999934434891,0.0680744394288916,-0.4294626279858439,0.41460467612851537,-3.972757286192158
-0.03468349627051853,-0.42163499974437274,0.3548672361582611,1790750626,615517404,0.11900000274181366,0.06960825117692476,-0.4286670490238007,0.4117423831896496,-3.9299270601258445
-0.035066899738105436,-0.4201185739460628,0.3456298354031557,1790750626,665314982,0.12399999797344208,0.07114735539470496,-0.42793317632686945,0.4091393897522912,-3.8900647579641605
-0.029126145382482982,-0.4190514227633171,0.3400379607909687,1790750626,715654731,0.12200000137090683,0.07279041036974758,-0.42720684516969926,0.4066000001488281,-3.850211314080141
-0.025251614409486964,-0.4177582352122164,0.3327466021337818,1790750626,765025453,0.12300000339746475,0.07461221353978742,-0.4264573476671819,0.404024524000163,-3.8086692662439225
-0.021698157962094955,-0.4163749853577342,0.324801302927645,1790750626,815171599,0.125,0.076594448600001,-0.4256971855634932,0.4014606799049774,-3.7660149313075775
-0.013647641385293383,-0.4153278522606225,0.31982599591628386,1790750626,865233160,0.12200000137090683,0.0788068167307673,-0.42490475013800844,0.3988478696982499,-3.720986058120219
-0.009009371493841414,-0.41390427804474994,0.31180719464474976,1790750626,915547353,0.12399999797344208,0.08117456823108296,-0.42411187759461577,0.3962977942670416,-3.6752448302655907
-0.005060599184442557,-0.41249049382081904,0.3036341098327109,1790750626,965146642,0.12700000405311584,0.08349921861682755,-0.4233798986235235,0.3940087775418656,-3.6323950839473116
0.002677437607088426,-0.41153072407876395,0.2992382708956926,1790750627,15356251,0.125,0.08592775932188183,-0.422657890596594,0.391815644479457,-3.589442147018172
0.007958363621751119,-0.41025366666540425,0.29219236157687534,1790750627,65295385,0.12700000405311584,0.08843517164034022,-0.42195163366842603,0.3897405136281921,-3.5467541988774625
0.014233266477159098,-0.40908924730759644,0.2860972833411637,1790750627,115441854,0.12800000607967377,0.09104139126340476,-0.42125512912421936,0.38776588637494697,-3.5038951675463945
0.020795110191538957,-0.4079540027015115,0.28025349988352055,1790750627,165396423,0.1289999932050705,0.09373059472194349,-0.4205711909635375,0.38590490736862676,-3.461067236725932
0.029765556075911317,-0.40725052180555377,0.27803440668191515,1790750627,215371688,0.12600000202655792,0.09650171199580196,-0.4198999672813197,0.38415828492279114,-3.418197467945251
0.034775949042542706,-0.4057747711474779,0.26934900667998884,1790750627,265370211,0.13099999725818634,0.09934979263372963,-0.4192411239993427,0.38252972653268646,-3.3752980092479867
0.043167153617639245,-0.4049344842386205,0.2660432261161558,1790750627,315935360,0.12999999523162842,0.10230058994856538,-0.4185891304483327,0.38100750798146954,-3.331910194349436
0.050157057714051594,-0.4039958441594501,0.26161416894491296,1790750627,365446287,0.13099999725818634,0.1050690847695645,-0.4180024281640313,0.3797221033558663,-3.2920589745837527
0.05738798738656759,-0.40308528021244056,0.2574356806300885,1790750627,415724479,0.13199999928474426,0.10789989884200189,-0.41742605977190805,0.3785426112902188,-3.2520445333185557
0.06640858654644147,-0.402340493362239,0.2550756611386943,1790750627,465489584,0.13099999725818634,0.11111210933654452,-0.41679762916952795,0.37736051529508263,-3.20742160708247
0.07509674797614704,-0.4014019166907733,0.2511715096083787,1790750627,515441783,0.13199999928474426,0.114453215297765,-0.41617144324843397,0.3762991619335041,-3.1617487822402675
0.08307717138992757,-0.4003145577978191,0.24583655285010975,1790750627,565747476,0.13500000536441803,0.11769129701958837,-0.41558821164782306,0.3754265958833506,-3.118096789912956
0.09163035307130954,-0.39950969452211643,0.24280566751754842,1790750627,615383940,0.13600000739097595,0.12088997586380029,-0.4150340105180567,0.37471045172663187,-3.0754570873582745
0.10097876947659015,-0.39908229758850233,0.24304549036822035,1790750627,665388020,0.1340000033378601,0.12415924241019327,-0.41448761614847246,0.37412311137648724,-3.0322856696847293
0.10988184904792744,-0.39835250986909954,0.2407374074077042,1790750627,715609638,0.13500000536441803,0.1274702135265953,-0.4139544131605383,0.37367435297605633,-2.988885011700467
0.11894415666035148,-0.3977856170443235,0.23980315169562327,1790750627,765418196,0.13500000536441803,0.13077670003903255,-0.4134399426218977,0.373369369192024,-2.9457882576372696
0.1282608088122558,-0.3976074020179112,0.2422296290468399,1790750627,815690926,0.13199999928474426,0.1341267850563509,-0.41293684195084795,0.3732051931999241,-2.902280002322739
0.13668472740478915,-0.3970417680715121,0.24108216749640843,1790750627,865476864,0.13300000131130219,0.13724589029496698,-0.41248306079880787,0.3731815691753223,-2.8618496928448227
0.14523614486510394,-0.3961708242452861,0.2372928905659152,1790750627,915497332,0.13699999451637268,0.14034251424305716,-0.41204650998831965,0.3732819102660717,-2.821711341250854
0.15425470769320898,-0.3958958219795937,0.23885064174470091,1790750627,965395244,0.13600000739097595,0.14363058974784187,-0.4115965311459037,0.3735229026594988,-2.7790276725567256
0.1630072254965366,-0.3958902287382915,0.24276736585053335,1790750628,15232645,0.13300000131130219,0.14694011632144105,-0.41115791775921173,0.3739075428502706,-2.7359132441878224
0.17315813999997934,-0.39510771757785007,0.24027048766151216,1790750628,65333762,0.13699999451637268,0.15043464301020693,-0.41070838864935605,0.3744690727664253,-2.6901440496330866
0.1826334205345117,-0.39494494620382276,0.2431454530024655,1790750628,115426046,0.13600000739097595,0.1539352547689247,-0.4102724814767592,0.37519651870999127,-2.6439316802437824
0.19179951646971208,-0.39472523315317914,0.2453766947365544,1790750628,166098195,0.13600000739097595,0.1572639987236061,-0.4098695813699111,0.37604401559928685,-2.5995621936050486
0.2005584301604587,-0.3945564930049945,0.24791380180177888,1790750628,215546574,0.13600000739097595,0.16044434431500798,-0.40949558884975185,0.3770017003146545,-2.556678205986856
0.2081262393347052,-0.3946502380001424,0.2525451756800422,1790750628,265432485,0.1340000033378601,0.16343492523921208,-0.4091522899534107,0.37803771660622315,-2.5158351202197986
0.21608399668289602,-0.39456241999635566,0.2555721372087313,1790750628,315322600,0.1340000033378601,0.1663517384038106,-0.40882570400938384,0.37918144960133604,-2.475418996122646
0.22496351628998235,-0.3945048180769845,0.25938944862625457,1790750628,365716988,0.1340000033378601,0.16960702227233015,-0.40846928494600443,0.3806192021098124,-2.4295317682001443
0.23324750959684432,-0.3945944874797276,0.26451236719617344,1790750628,415313267,0.13300000131130219,0.17280991833637505,-0.4081275028528593,0.3822117954290642,-2.383426277470365
0.24038872889142215,-0.3947173828754941,0.26949506776332555,1790750628,465326160,0.13199999928474426,0.17562106953203105,-0.40783336681828763,0.3837628282099657,-2.3420593466155575
0.2477233368111374,-0.3947723947514478,0.2738464891752232,1790750628,515930513,0.13199999928474426,0.178335185579683,-0.40755494072287124,0.3854076419047542,-2.301183089159088
0.2561598837152793,-0.39477592080627905,0.2781592967944232,1790750628,565302706,0.13300000131130219,0.18124934302258544,-0.40726051810949243,0.3873451295389292,-2.256123465141952
0.26351389554939536,-0.3950120238150905,0.2846721639094982,1790750628,615500685,0.13199999928474426,0.18417910647885252,-0.40696986120383927,0.3894910609619343,-2.209377597871953
0.27070852988496336,-0.39518117265918423,0.2903493544971466,1790750628,665324762,0.13199999928474426,0.18684208912464273,-0.4067086404694646,0.39162885593377034,-2.165432477481148
0.27765228219442506,-0.39538478466173316,0.29633757792690196,1790750628,715687992,0.13199999928474426,0.18941168754188728,-0.406459556585283,0.3938821661590554,-2.121465426706165
0.284250144817885,-0.39561708872458706,0.3025433293195376,1790750628,765391920,0.13199999928474426,0.19185390034053387,-0.4062239063729724,0.3962152527386067,-2.0780221066643123
0.2884155847067458,-0.3961116049670964,0.31109857804117164,1790750628,815344489,0.1289999932050705,0.19420617978651922,-0.40599809600442055,0.3986648019317445,-2.0343524208407446
0.29442132943306865,-0.39639423872324314,0.3178162443954898,1790750628,865318151,0.1289999932050705,0.19646161348601043,-0.4057808040143593,0.40122358634160094,-1.9904974358505143
0.29864107728532463,-0.3968472769515747,0.32612549421406023,1790750628,916040838,0.12700000405311584,0.1986372069327149,-0.40557038676681145,0.4039209587292952,-1.945954129700366
0.3055607303036711,-0.3970426263735688,0.33204686880535156,1790750628,965515292,0.1289999932050705,0.2006446162712616,-0.4053733683349105,0.40664047444028667,-1.9025093762268395
0.31065077002587094,-0.3974040315590798,0.3395076318191011,1790750629,15586843,0.1289999932050705,0.2025558166928448,-0.4051827949137806,0.4094788412663495,-1.8585405243148585
0.31337166549779377,-0.3978724197576544,0.34765675992955103,1790750629,65263483,0.12700000405311584,0.20422346049338772,-0.40501185961626374,0.412191237321972,-1.8176278173625342
0.31746318252419753,-0.39823723574814485,0.3548675682394592,1790750629,115354479,0.12700000405311584,0.20577491316487834,-0.4048480771735703,0.4149594004020708,-1.7768633374418383
0.3208203069934763,-0.3987143213721423,0.36361512920599875,1790750629,165505133,0.12600000202655792,0.20738987979052104,-0.40466924319087166,0.41815023350937836,-1.7309205075430059
0.32382324579413596,-0.3992093499545784,0.37262550788456006,1790750629,215515489,0.125,0.20888450333749367,-0.40449408806766407,0.42147381415572727,-1.6841189971128696
0.32704222410953915,-0.399635473782025,0.3806277718990304,1790750629,265440067,0.125,0.21011666400002574,-0.40434008015255896,0.4245741036227921,-1.6412850679037516
0.32797826668017205,-0.40013436182938045,0.38926436409604037,1790750629,315455850,0.12300000339746475,0.21120106105195072,-0.4041931580590337,0.42767804986825697,-1.5990858660706015
0.33061835051699245,-0.40039213664925616,0.39432193866515136,1790750629,365339288,0.12399999797344208,0.21185050763706284,-0.4040971178720233,0.4297686889985872,-1.5709992322116466
0.3329822746873829,-0.400631739279133,0.3989564266985326,1790750629,415245643,0.125,0.21238760002526325,-0.40401147487506567,0.43167495096902964,-1.545597467785074
0.3334280936201861,-0.40072330651202576,0.40062275745221654,1790750629,465372038,0.125,0.21255780769308463,-0.4039828680687049,0.4323205371593025,-1.537035967862347
0.3307973458981907,-0.4008577132103417,0.40242224834678775,1790750629,515862185,0.12200000137090683,0.21266247567014968,-0.40396486378971225,0.43272898664014897,-1.5316295004881524
0.3337422652779479,-0.40078987486874423,0.40183262945776915,1790750629,565358990,0.125,0.21267772913997304,-0.403962212273017,0.4327892824598367,-1.530832052230835
0.33664782003352245,-0.4007137386167475,0.40108966828006876,1790750629,615378791,0.12800000607967377,0.21267772913997304,-0.403962212273017,0.4327892824598367,-1.530832052230835
0.3347107835298061,-0.4007644961180787,0.401584975731869,1790750629,665106830,0.12600000202655792,0.21267772913997304,-0.403962212273017,0.4327892824598367,-1.530832052230835
0.3347107835298062,-0.40076449611807863,0.401584975731869,1790750629,715514560,0.12600000202655792,0.21267772913997315,-0.40396221227301693,0.4327892824598367,-1.530832052230835
0.3356793017816643,-0.4007391173674131,0.4013373220059689,1790750629,765238136,0.12700000405311584,0.21267772913997304,-0.403962212273017,0.4327892824598367,-1.530832052230835
0.3347107835298061,-0.4007644961180787,0.401584975731869,1790750629,816231677,0.12600000202655792,0.21267772913997304,-0.403962212273017,0.4327892824598367,-1.530832052230835
0.3347107835298061,-0.40076449611807874,0.401584975731869,1790750629,865671473,0.12600000202655792,0.21267772913997304,-0.40396221227301704,0.4327892824598367,-1.530832052230835
0.3327737470260898,-0.40081525361940984,0.4020802831836693,1790750629,915593310,0.12399999797344208,0.21267772913997304,-0.403962212273017,0.4327892824598367,-1.530832052230835
0.334315704443003,-0.4005044373377765,0.4000869240648836,1790750629,967753981,0.12600000202655792,0.21252800747541542,-0.40381200254565974,0.4322244004813551,-1.5384900702760234
0.33387718387808374,-0.40022473515521934,0.39847731705292067,1790750630,15659615,0.12600000202655792,0.2123617739340704,-0.40365037261596354,0.43161748399303324,-1.5467363205684703
0.3324452087302602,-0.39936666574512086,0.39355575342424515,1790750630,65308273,0.12600000202655792,0.21181865664219465,-0.4031536131613525,0.4297620301080538,-1.5720731979279352
0.3306479491757423,-0.39838781725898204,0.3879627996589489,1790750630,116052043,0.12600000202655792,0.21113645571942283,-0.40258587801282797,0.42765385316524585,-1.6011124313841558
0.32751500100055897,-0.3968747167106652,0.37935023880305274,1790750630,165573034,0.12600000202655792,0.2099461608054081,-0.40170689968835543,0.4244081829808535,-1.6464155672028231
0.32191609171211044,-0.395368540081075,0.3711535077636907,1790750630,215122709,0.12399999797344208,0.20851266262333856,-0.4007776328300154,0.42101735723357114,-1.6946499113502351
0.31736056394062834,-0.3936675118913353,0.36167324803859013,1790750630,265208659,0.12399999797344208,0.20676242576270237,-0.3997734798595892,0.41741164130715047,-1.7471445890516002
0.3148277300626274,-0.39180554189632794,0.3508309075566155,1790750630,315291293,0.12700000405311584,0.20478947933382893,-0.3987652223884392,0.41385588080917035,-1.8003799993105494
0.31025978886258304,-0.39014754403295865,0.3415560675519834,1790750630,365232185,0.12800000607967377,0.2027416016927467,-0.39781824194424226,0.4105850569525417,-1.8508585571753013
0.30438515200219485,-0.38857660446530456,0.3330717480743802,1790750630,415629008,0.12800000607967377,0.20052705978654756,-0.39688319254837523,0.40742562377794267,-1.9012948744885987
0.29810289962534914,-0.3870428591769078,0.3249191724299642,1790750630,465583197,0.12800000607967377,0.1981594536816591,-0.3959620486426183,0.4043909109825591,-1.9515663171049922
0.29437452309840817,-0.3852418372460258,0.31442579631436574,1790750630,515689998,0.13199999928474426,0.19562579662543939,-0.3950503289145957,0.4014687875447162,-2.0020411146963917
0.2865077986333382,-0.3838563387165548,0.3075691795278329,1790750630,565377156,0.13099999725818634,0.1929814118738386,-0.3941636508397166,0.3987150712517776,-2.0518203624745683
0.27963414379307533,-0.3823433367613195,0.29963395047406566,1790750630,615496245,0.13199999928474426,0.1901755043168508,-0.39328486619866976,0.3960778956847784,-2.1019837486116986
0.27160910195213217,-0.38093829659530193,0.29272075829896904,1790750630,665775686,0.13199999928474426,0.18720841776287112,-0.39241240581874715,0.39356156916979435,-2.1526165258475296
0.26268905473058535,-0.379678775064761,0.2870577984863567,1790750630,715690838,0.13099999725818634,0.1841313671712003,-0.3915618890960726,0.39121383819546673,-2.202939030734209
0.25585229243512925,-0.37828424364555385,0.2798356769141429,1790750630,765121716,0.13300000131130219,0.18117418326206897,-0.3907879136853356,0.38917843430885624,-2.249571247886395
0.24804217821041755,-0.37701215557511375,0.27371672230317157,1790750630,815369047,0.1340000033378601,0.1781074875071944,-0.3900261454800604,0.38727629256277135,-2.2964011351595457
0.23837858832394593,-0.3757447726799242,0.26825709730095154,1790750630,865292346,0.1340000033378601,0.17456828139788227,-0.3891907678069922,0.38531883673613565,-2.3488369489558205
0.22860617563858573,-0.3744025433777607,0.26229609260577824,1790750630,915425759,0.13500000536441803,0.17083158349045116,-0.38835585404669704,0.3835083158833246,-2.4026080011323
0.21983277343822166,-0.3729692115195606,0.2552503316149436,1790750630,965245382,0.1379999965429306,0.16721638451993032,-0.38758714236044467,0.38198560989600905,-2.4533560247681727
0.20887500759641686,-0.3721194010671599,0.25328139237704805,1790750631,15658065,0.13600000739097595,0.1635165251863582,-0.3868377127375297,0.38064693475557276,-2.5041989513131413
0.19887541400570433,-0.37101457781779473,0.24907377004018638,1790750631,65303686,0.13699999451637268,0.15978480018018976,-0.3861146863244358,0.37950731300869694,-2.5545726304723604
0.1886727611688244,-0.3698385678514405,0.2443542446833404,1790750631,115758073,0.13899999856948853,0.15592925381362616,-0.38540091922301145,0.3785431993263573,-2.6058221182071315
0.17863368453464892,-0.3690135380700969,0.2422525823591617,1790750631,165397888,0.13899999856948853,0.1523371514327368,-0.38476215735631625,0.37783087317194475,-2.653005183988543
0.1682676360842845,-0.368475770923699,0.24260057712337246,1790750631,215407235,0.13699999451637268,0.14872948847114514,-0.384145577340194,0.37729176633856537,-2.699954167052881
0.1576886617627822,-0.3674854758865337,0.23942781771117516,1790750631,265465600,0.13899999856948853,0.14484222490626042,-0.383505459271588,0.3769026473882902,-2.75019883005964
0.14667226889848536,-0.36654445055380597,0.23677794128740162,1790750631,315769801,0.14100000262260437,0.14087026064581026,-0.38287734667600193,0.3767085453169415,-2.801287112251154
0.13502162501628534,-0.3662213361723997,0.23966605019969775,1790750631,365396820,0.1379999965429306,0.1367266099522591,-0.38224610961050826,0.3767218735290049,-2.8544801015079133
0.12325321484491039,-0.3656097892350436,0.24020852740712378,1790750631,415631974,0.1379999965429306,0.13249534103737884,-0.38162711104245933,0.3769638839801262,-2.908824818572471
0.11213658354494022,-0.3650964212896399,0.24131172422624783,1790750631,465715932,0.1379999965429306,0.12849923584507478,-0.3810627721126026,0.3774048478473619,-2.9603414538718322
0.10090714403637165,-0.36442543105921077,0.24100054960675998,1790750631,515538628,0.14000000059604645,0.12458341842909677,-0.38052935853218667,0.3780410462408518,-3.0111245508903544
0.09074963356039728,-0.3643933180982571,0.2461054506803624,1790750631,565161656,0.13699999451637268,0.1207319260691728,-0.38002068740764244,0.3788678171923844,-3.0615228531544263
0.08036979633754399,-0.3641886135246896,0.24979449986843863,1790750631,615310902,0.13600000739097595,0.11688565041892093,-0.37952936103751417,0.37989928793098793,-3.112422283420912
0.06927992828642376,-0.36370776409573885,0.25116866334599885,1790750631,665102959,0.1379999965429306,0.11309233557266822,-0.37905835791105413,0.3811256996431932,-3.163354210413821
0.05949133549973571,-0.3637314370359077,0.25689589751526554,1790750631,715538679,0.13600000739097595,0.10930963020211393,-0.37860301627996035,0.3825660039609926,-3.2150199924986977
0.048139374163504646,-0.3632725815021022,0.25851381196832635,1790750631,765411256,0.13899999856948853,0.10564116580876586,-0.37817249515882223,0.3841821696918403,-3.2661679945902353
0.03807106333733705,-0.3632026356216784,0.26344928097924886,1790750631,815537122,0.13899999856948853,0.1020380303810081,-0.377761197349031,0.3859942727577078,-3.3175869129991633
0.03042254384716768,-0.36349629729078464,0.27109180640824204,1790750631,865384735,0.13600000739097595,0.09876213610599886,-0.3773948467725751,0.38785024277386165,-3.3655731924576417
0.02328229032198073,-0.3638244189285423,0.2790113920953072,1790750631,915780381,0.13300000131130219,0.09557924598615891,-0.3770466688935348,0.38985958854595537,-3.413514228414151
0.011614322305907851,-0.363518523215191,0.2822298650983196,1790750631,965491355,0.13699999451637268,0.09215115531344842,-0.37667744606829234,0.39227376441103845,-3.4669058520964566
0.004179049126556533,-0.36395040660806205,0.29175118922903137,1790750632,15321070,0.1340000033378601,0.08878146644971388,-0.37632152744718617,0.39492767514907345,-3.521487763115551
-0.0036196442084050623,-0.3642299743107877,0.29979270601143054,1790750632,66000468,0.13300000131130219,0.0856795870311554,-0.3759970171509647,0.39765068653232283,-3.574000003147442
-0.012127741102457429,-0.3643763151890824,0.3065566649621788,1790750632,115659709,0.1340000033378601,0.08280896516624169,-0.37569990435458467,0.4004438260962135,-3.624928404683363
-0.016676997104355162,-0.3649798703221347,0.3171907790631369,1790750632,165452785,0.12999999523162842,0.08005322914825773,-0.375414502748588,0.4034136329678097,-3.676437863905979
-0.02212717492900275,-0.36544311125706336,0.32668423253174567,1790750632,215439741,0.12800000607967377,0.07743758927079271,-0.3751437388042614,0.406538832345571,-3.728226614957357
-0.029442398361046937,-0.3657143424855121,0.3346189433521346,1790750632,265626654,0.1289999932050705,0.0749859312160427,-0.37488644292223544,0.40979603296210587,-3.7800293044586373
-0.03634527742735355,-0.3660331614759901,0.34293195309666163,1790750632,315673704,0.12999999523162842,0.07271109649434973,-0.3746442556584516,0.4131641047385829,-3.8316529886886452
-0.04076042213863587,-0.3664905524019241,0.3520349012727844,1790750632,365488900,0.1289999932050705,0.07074092962351329,-0.37442746196076465,0.41642008799128744,-3.8799875269854627
-0.04554007365179405,-0.3669062303392218,0.3607377043358436,1790750632,415289392,0.1289999932050705,0.06894808458741895,-0.37422355582403083,0.41972852241502034,-3.927765000696368
-0.04929059726955254,-0.3674339561827824,0.3707352737027237,1790750632,465451879,0.12800000607967377,0.06720017497400484,-0.37401594384152675,0.42337156324669045,-3.9790656143970997
-0.054378196544301774,-0.3678892414685652,0.38017601052329225,1790750632,515239565,0.1289999932050705,0.0656325945258666,-0.3738179181774932,0.4271148970258676,-4.030576533717626
-0.055363780637286156,-0.36837981323912355,0.3885735358272879,1790750632,565514784,0.12700000405311584,0.06455336067057416,-0.3736699439626022,0.43005720450510143,-4.070342021666394
-0.05488957341844984,-0.3688790022189617,0.3967492748995846,1790750632,615759512,0.12399999797344208,0.0636450499922036,-0.3735350946539831,0.43285832298375243,-4.107699188536932
-0.059548560196326095,-0.36887905022923057,0.39837311293263034,1790750632,665556624,0.12800000607967377,0.06332942764502424,-0.3734853819891549,0.43392284384827856,-4.121783415876278
-0.056273902958674515,-0.3691275213425471,0.40145823829540456,1790750632,715693296,0.12399999797344208,0.06311152264764086,-0.373449990504757,0.43469129278268154,-4.131915076142007
-0.056358759226949176,-0.36914360355885506,0.40176126868679435,1790750632,765332879,0.12399999797344208,0.06307880694688024,-0.37344459083154813,0.43480924581650515,-4.133467674255371
-0.059248383666617874,-0.3690395472025845,0.4009617192196138,1790750632,815434948,0.12700000405311584,0.06307880694688024,-0.37344459083154813,0.43480924581650515,-4.133467674255371
-0.05828517552006164,-0.36907423265467465,0.401228235708674,1790750632,865257302,0.12600000202655792,0.06307880694688024,-0.37344459083154813,0.43480924581650515,-4.133467674255371
-0.06021159181317409,-0.36900486175049424,0.40069520273055365,1790750632,915327019,0.12800000607967377,0.06307880694688024,-0.37344459083154813,0.43480924581650515,-4.133467674255371
-0.05828517552006164,-0.36907423265467465,0.401228235708674,1790750632,965362578,0.12600000202655792,0.06307880694688024,-0.37344459083154813,0.43480924581650515,-4.133467674255371
-0.05732196737350541,-0.3691089181067648,0.4014947521977342,1790750633,16051763,0.125,0.06307880694688024,-0.37344459083154813,0.43480924581650515,-4.133467674255371
-0.05828517552006156,-0.36907423265467465,0.4012282357086739,1790750633,68715688,0.12600000202655792,0.06307880694688033,-0.37344459083154813,0.43480924581650504,-4.133467674255371
-0.059248383666617874,-0.3690395472025845,0.4009617192196138,1790750633,116501764,0.12700000405311584,0.06307880694688024,-0.37344459083154813,0.43480924581650515,-4.133467674255371
-0.055892258447392054,-0.3688622841879125,0.40014214452090674,1790750633,166210792,0.12399999797344208,0.06325904367804364,-0.3732796166405803,0.4341928988918366,-4.12496007300252
-0.05627883318468942,-0.36849239936894335,0.39794183015218226,1790750633,216028330,0.125,0.06347978053979582,-0.37308410409792253,0.43346352333355254,-4.114864875763703
-0.05711701505230615,-0.36728692085550785,0.390762974082261,1790750633,265505301,0.12800000607967377,0.06425039237283915,-0.3724483613785038,0.4311029480909646,-4.081971551097114
-0.05456206313909347,-0.3660581720696468,0.38368757510273976,1790750633,315428424,0.12800000607967377,0.06521658027940422,-0.37173283203560875,0.4284634209517197,-4.044748926836187
-0.05121970201014603,-0.3642168331920704,0.37301152389474607,1790750633,365566919,0.1289999932050705,0.06682517578332954,-0.3706855356336082,0.4246309094233873,-3.98973113161369
-0.044328919619330734,-0.3624725049035303,0.36331915391448744,1790750633,415343058,0.12700000405311584,0.0687449675694491,-0.36959638405552936,0.42069987725724634,-3.9318552819953503
-0.039786137128511534,-0.36067978914336196,0.3530680110400287,1790750633,465336024,0.12800000607967377,0.07079583135297385,-0.3685659300533149,0.41704799685359906,-3.8764900280816064
-0.03469216616104867,-0.3589257987723447,0.3430970712113751,1790750633,515468510,0.1289999932050705,0.07303281244645939,-0.3675562491942616,0.41353741871502536,-3.8215010327519003
-0.02739668918100681,-0.35707426906804285,0.3328799537437941,1790750633,565373734,0.1289999932050705,0.07577293311575053,-0.36643981667397807,0.4097520149890451,-3.7598373891743417
-0.017705806793559736,-0.35538083354339556,0.3241223515458937,1790750633,615744953,0.12700000405311584,0.07884041477286487,-0.3653104778255336,0.406032242860487,-3.6962729657562936
-0.010901906740181003,-0.35352813118655513,0.3138023187761885,1790750633,665884291,0.1289999932050705,0.08196652659989247,-0.36426005078542684,0.4026914533067481,-3.636034316851558
-0.004261802927184005,-0.3516622479406141,0.3032606177921303,1790750633,715454429,0.13199999928474426,0.0852228881684786,-0.363252721495497,0.39960453713040456,-3.5770158671850263
0.004425482920593221,-0.35000974006318564,0.29452167729471507,1790750633,765299366,0.13300000131130219,0.08867285907169668,-0.3622633903861323,0.39670400460342253,-3.517811972420727
0.014303041312422674,-0.3485048972156423,0.2870384109593941,1790750633,815411370,0.13300000131130219,0.09231052040312686,-0.3612935601004634,0.39399767262633967,-3.4583166072655036
0.02469825583417111,-0.3470570313252476,0.280096758415046,1790750633,865527365,0.13300000131130219,0.09613977378553092,-0.36033994967525407,0.3914909860110888,-3.3983477542711737
0.034963567967135595,-0.34558625242338564,0.2729406174530848,1790750633,915359737,0.1340000033378601,0.10009918848774181,-0.3594171879917037,0.38922499755311,-3.338633379129608
0.04529153312247087,-0.34407417191672257,0.26546768292045664,1790750633,965429425,0.13600000739097595,0.10420319559902326,-0.358518061089901,0.3871919290678336,-3.278773645382835
0.05611405051074179,-0.3426360054512703,0.2585899603340429,1790750634,15315057,0.1379999965429306,0.10840795497762239,-0.357651057730104,0.38541225650676453,-3.219159143714408
0.06677703888404604,-0.341328863835609,0.2525442626588945,1790750634,65383328,0.14000000059604645,0.11247931759533115,-0.3568565795123654,0.3839603649194274,-3.1628025656228798
0.07769202641423877,-0.340104837504139,0.24711917914027617,1790750634,115247015,0.1420000046491623,0.11656464351016807,-0.3561002981066289,0.38275496424357985,-3.107319860382682
0.09120886237942635,-0.3391735222041726,0.2448485403088537,1790750634,165350676,0.14100000262260437,0.12126414510708355,-0.35527446579725785,0.38166389154966773,-3.0445676422750694
0.1050900879522528,-0.3383217388436525,0.24338771839883344,1790750634,215533190,0.14000000059604645,0.1261355098473344,-0.35446504572396165,0.38085220118300284,-2.980393722617134
0.11826167262683066,-0.3377350300755447,0.24387397243886755,1790750634,265226467,0.1379999965429306,0.1307663816600599,-0.35373394915571693,0.3803718328107768,-2.919983916591728
0.131295193824959,-0.3367675108224334,0.24117880119394322,1790750634,315984310,0.14000000059604645,0.13547622085588398,-0.35302674250739835,0.3801685726336945,-2.8588684140383562
0.14424521301546359,-0.3361358475164638,0.24125112027059906,1790750634,365335613,0.14000000059604645,0.14009273365229688,-0.3523649207695948,0.380245272174109,-2.79909073983595
0.15753563829736023,-0.33546744124953454,0.2411259446420948,1790750634,415676989,0.14100000262260437,0.14479731819738184,-0.3517213644043347,0.3806054984221481,-2.738049667430177
0.17082323546791817,-0.3348928128271531,0.24180205979313527,1790750634,465601907,0.1420000046491623,0.14945914458026674,-0.35111078130657897,0.38124579195527525,-2.677248526809246
0.1838939340432158,-0.33452517943353677,0.24425729423626485,1790750634,515466816,0.1420000046491623,0.154075194192499,-0.3505322982556818,0.3821652933555731,-2.6164741647057275
0.19651492531890313,-0.33435675288290156,0.24844644600610666,1790750634,565406948,0.14100000262260437,0.15862842050908837,-0.3499840557857893,0.3833590136076897,-2.555761992537236
0.20976913921812995,-0.3339468533519256,0.25054667467789316,1790750634,615310015,0.14300000667572021,0.1630991742105165,-0.3494671983564968,0.38482264112901665,-2.4951228246754087
0.22011828174303663,-0.3342705119759829,0.2587474165126847,1790750634,665338712,0.13899999856948853,0.1672731392920556,-0.34900141116107686,0.3864634731807949,-2.4373659812958617
0.2314216800271725,-0.3342355229303205,0.26381361746481313,1790750634,715504632,0.13899999856948853,0.17132044128098536,-0.34856520375679095,0.38832667280803046,-2.380014595356414
0.24506023767093654,-0.3339808292430433,0.2675677953662001,1790750634,765429764,0.1420000046491623,0.17568030735032045,-0.3481097721372689,0.39065637957188626,-2.3164379030701143
0.25397487338088093,-0.33469924866073997,0.2799498275509307,1790750634,815580435,0.13600000739097595,0.17998157644967389,-0.34767522517076555,0.3933192151880128,-2.2514030679132104
0.2653587471809592,-0.33480008937303796,0.28665406267819027,1790750634,865443316,0.13699999451637268,0.1839002850002384,-0.3472894619673814,0.39609597882021463,-2.1897069419977777
0.27630603846611645,-0.3349814285632571,0.29403500480808686,1790750634,915468328,0.1379999965429306,0.18762454148581234,-0.34693153159863815,0.3990911144668066,-2.1283352667924307
0.28481894371158556,-0.3354870565388664,0.30432001754613897,1790750634,965428932,0.13600000739097595,0.19118350354802788,-0.34659478026016854,0.40232524612836074,-2.0666182310882557
0.2926082418220497,-0.33603820607249885,0.31503240167161484,1790750635,15388685,0.1340000033378601,0.19454342903904667,-0.3462809168731639,0.4057758877399549,-2.004825363042168
0.30040561498437934,-0.33655562970665975,0.3254638185814188,1790750635,65301862,0.13300000131130219,0.19768586500158727,-0.3459878725794902,0.4094202722146387,-1.9431149488184252
0.30760319872164876,-0.33712391646625,0.33643496357923364,1790750635,115837286,0.13199999928474426,0.2006352766801323,-0.345711657784949,0.41329922162115873,-1.880639910894539
0.31697166991636383,-0.3374550681862312,0.34489735488919804,1790750635,165801908,0.13500000536441803,0.20316745187703786,-0.3454695409818651,0.417073317859279,-1.8223935475937876
0.31971564429739324,-0.33822769933319047,0.3572569455943383,1790750635,215478074,0.13099999725818634,0.20544184118942496,-0.34524584953023574,0.4209220284317763,-1.7651119780455429
0.3283616567611169,-0.3387058501073015,0.36737749914323176,1790750635,265308510,0.1340000033378601,0.20765311188384533,-0.34501949099544055,0.4252185401685613,-1.703208628933215
0.33007179780613516,-0.3395594392264748,0.38108115538067155,1790750635,315617552,0.12999999523162842,0.20963842522071477,-0.34480194570671263,0.4297465193855713,-1.6398832440514912
0.333731240821659,-0.3401066460507351,0.39077609017535164,1790750635,365670713,0.12999999523162842,0.2110049453703695,-0.3446363005001086,0.4334110218112237,-1.5898050689214278
0.3367425040558831,-0.3406399243841735,0.4001052941080652,1790750635,415338230,0.12999999523162842,0.21212846942798755,-0.3444850171455947,0.4369367534280153,-1.5424336177220466
0.3378789742213133,-0.34086894593955075,0.4040790457706289,1790750635,465233630,0.12999999523162842,0.212552180299342,-0.3444228807675315,0.4384383681257282,-1.5224640573940844
0.34158722175287143,-0.34096621594082227,0.40634066172742395,1790750635,515635728,0.13300000131130219,0.21285196327721373,-0.3443766095436315,0.43957622685705433,-1.5074050306102167
0.33396390400282405,-0.341197678017456,0.4088059528811701,1790750635,565795871,0.125,0.21289783630134057,-0.3443693267336235,0.4397566862443887,-1.5050221681594849
0.33977507259697054,-0.3410454389486484,0.40732031835862464,1790750635,615243017,0.13099999725818634,0.21289783630134063,-0.34436932673362347,0.4397566862443886,-1.5050221681594849
0.33686949551599726,-0.3411215582940072,0.40806313377508985,1790750635,665309464,0.12800000607967377,0.21289783630134063,-0.34436932673362347,0.4397566862443886,-1.5050221681594849
0.33880654209257943,-0.341070812189798,0.40756792472731806,1790750635,715269086,0.12999999523162842,0.21289783630134063,-0.34436932673362347,0.4397566862443886,-1.5050221681594849
0.33493243450721516,-0.34117230477630633,0.40855834651247663,1790750635,765071430,0.12600000202655792,0.21289783630134063,-0.34436932673362347,0.4397566862443886,-1.5050221681594849
0.33686949551599726,-0.3411215582940072,0.40806313377508985,1790750635,815616585,0.12800000607967377,0.21289783630134063,-0.34436932673362347,0.4397566862443886,-1.5050221681594849
0.33880654209257943,-0.341070812189798,0.40756792472731806,1790750635,867153323,0.12999999523162842,0.21289783630134063,-0.34436932673362347,0.4397566862443886,-1.5050221681594849
0.33880654209257943,-0.341070812189798,0.40756792472731806,1790750635,915644053,0.12999999523162842,0.21289783630134063,-0.34436932673362347,0.4397566862443886,-1.5050221681594849
0.3344204812294507,-0.3408327336855757,0.406626638433779,1790750635,966056059,0.12600000202655792,0.21270382638861038,-0.3441714324064788,0.43902894600437314,-1.514937390639235
0.33668597268400935,-0.3403529240936415,0.40356982243042594,1790750636,15945755,0.1289999932050705,0.21246752559728693,-0.3439402921325789,0.43818060746666276,-1.526530469008302
0.3344394667476534,-0.33905376723551867,0.39618067884138386,1790750636,65265250,0.1289999932050705,0.21162757010716762,-0.34318874462335,0.435438012582699,-1.5642891339819147
0.33340691914055315,-0.3375089141929034,0.3871712750047314,1790750636,115524930,0.13099999725818634,0.2105389725978744,-0.3423352920653541,0.43235061841145417,-1.607374893314337
0.3248602488251855,-0.3355704273159766,0.37688213744996674,1790750636,165410441,0.12700000405311584,0.20872493463098712,-0.3411128307351331,0.42797882609850424,-1.6696470772094878
0.3234190151026403,-0.33314713922738015,0.36257821246940247,1790750636,215373795,0.13199999928474426,0.20650211771117274,-0.3398332015366172,0.423485810405313,-1.735553755306716
0.31732939333424126,-0.33089344102832297,0.34999560563530274,1790750636,265160554,0.13300000131130219,0.20393644892687987,-0.3385478145333586,0.41907853459521904,-1.8025528783329452
0.31025081785680164,-0.3286519784301742,0.33764419225423625,1790750636,315413669,0.1340000033378601,0.20103138658309536,-0.3372652669716965,0.4147994123452654,-1.870436521174142
0.30314790628120253,-0.32640572085191377,0.3252092205262483,1790750636,365297216,0.13600000739097595,0.19786372214182535,-0.33601461531368837,0.4107598589088677,-1.9377501941076616
0.29214477708126635,-0.32449760876513223,0.3158372265193252,1790750636,415486137,0.1340000033378601,0.1944003690358987,-0.334781111458376,0.40692115025323794,-2.005463095024916
0.2830831629378507,-0.3223087384940659,0.30417585336196634,1790750636,466460805,0.13600000739097595,0.1905839376774014,-0.3335441527045688,0.4032397761799156,-2.074837960911877
0.2729226388637648,-0.32034170248438576,0.29419925968776817,1790750636,515449779,0.13699999451637268,0.1866682565202935,-0.3323822472780378,0.3999546628835599,-2.141612971321217
0.26240656159855014,-0.31832119915103535,0.28391265014561373,1790750636,565360567,0.13899999856948853,0.18245554224313762,-0.33122815960514346,0.39688275450152,-2.209653840715855
0.24951970923622446,-0.3166649325561909,0.2768305289487176,1790750636,615327440,0.1379999965429306,0.17802907354605912,-0.3301057735534608,0.3941012919195069,-2.2777728492406117
0.23863711316554592,-0.31477750303614166,0.2674301238907721,1790750636,665272043,0.14100000262260437,0.17362018140636337,-0.3290633843099964,0.3917269980285619,-2.342947791664105
0.22422023137523062,-0.31370212125322033,0.26506472637952694,1790750636,715424250,0.13699999451637268,0.1690788613066839,-0.3280585729146749,0.3896533297914845,-2.4078259300383675
0.21173087768798207,-0.3115072084059545,0.25383324384423256,1790750636,765447688,0.14300000667572021,0.1638432062799803,-0.32697318799402514,0.3876860596971561,-2.480432757831415
0.19561483836333732,-0.3102629781758121,0.25098951368515116,1790750636,815436921,0.14100000262260437,0.15836575048667306,-0.3259124878922823,0.38607688925209704,-2.554413676232626
0.18158404562085395,-0.3090722736196001,0.24775567734119924,1790750636,865311237,0.14100000262260437,0.1533914620229747,-0.3250058045746073,0.3849865104690239,-2.620329613367892
0.16782724029807794,-0.30777392510575446,0.24350621355848226,1790750636,915601288,0.14300000667572021,0.14841691809827434,-0.32414842508707387,0.3842333148990471,-2.6853563759294152
0.1519826070205328,-0.30646905764241883,0.24003952898213143,1790750636,965490557,0.14499999582767487,0.14280631523985693,-0.32323304253077306,0.3837745743602321,-2.7580458882827394
0.1354774757791631,-0.30539717383365295,0.23872228711100082,1790750637,15299900,0.1459999978542328,0.13706235889246016,-0.32234906329301377,0.38372615244813857,-2.8320990410241964
0.12009349003618498,-0.30530843769790733,0.24549604098507563,1790750637,65155373,0.14000000059604645,0.13156006491112301,-0.32154642464008165,0.3840775895678369,-2.903111023235646
0.10445731556137289,-0.3044211751622454,0.24543201793560793,1790750637,115346126,0.1420000046491623,0.12609835326076277,-0.3207902992138344,0.3848153691129971,-2.9739956715189546
0.0885137267187163,-0.30365775450307014,0.246543159404886,1790750637,166027531,0.14399999380111694,0.12062925104205958,-0.3200689427288083,0.38595357584920287,-3.045790524327236
0.07374007299030119,-0.30337472223397466,0.251576768135386,1790750637,215621039,0.14300000667572021,0.11535952804903495,-0.3194067193562807,0.3874436071290876,-3.116084408214251
0.058860048010871364,-0.3030955115766978,0.256759437856366,1790750637,265409678,0.14300000667572021,0.11013227021822582,-0.31877784566125916,0.3893272527166703,-3.1873607494929397
0.044343146930388516,-0.30293942848367117,0.26300116776783755,1790750637,315239807,0.14300000667572021,0.1050312012319612,-0.318190538636358,0.39158330343782866,-3.258835182438191
0.031586671438882746,-0.30321152805903406,0.27296312972787523,1790750637,365588433,0.14000000059604645,0.10003481935584545,-0.3176371814760137,0.3942345267558793,-3.331280471789787
0.018262869298267023,-0.30328045981188834,0.2811203611233801,1790750637,415346627,0.14000000059604645,0.09528845746276163,-0.3171311988852724,0.39720315899596637,-3.402919782255484
0.006145827229085979,-0.30344755129475365,0.28975339117933996,1790750637,465387545,0.14000000059604645,0.0909733609838439,-0.31668485241346217,0.4003384875670135,-3.4711493380871405
-0.004643883704497601,-0.3037991443900674,0.29988628193165134,1790750637,515709133,0.13899999856948853,0.08689527194691389,-0.3162745411391634,0.4037416961424527,-3.5390492365367483
-0.015014635795534859,-0.30435265800113187,0.3124452219794478,1790750637,565041823,0.13699999451637268,0.08267537059860691,-0.31585817124012333,0.40780393586185126,-3.613911648893507
-0.027070984313065413,-0.30477436111784545,0.3242556047894303,1790750637,615589126,0.1379999965429306,0.0785972584614908,-0.3154623170345754,0.4123691060994358,-3.6921054498465833
-0.03593601997953767,-0.30540773419483885,0.3372743427589381,1790750637,665462053,0.13699999451637268,0.07512031127231007,-0.31512455938847306,0.41690519792527647,-3.7650939785434154
-0.04201315546287945,-0.3062314225294594,0.3517624903480029,1790750637,715394878,0.1340000033378601,0.07200353688043909,-0.31481872476784556,0.42163704223853155,-3.8374281424444234
-0.0495428975613281,-0.30690989432440363,0.3650196089579305,1790750637,765518658,0.1340000033378601,0.06924678076847281,-0.31454062566924257,0.4265564690987586,-3.9094100349592042
-0.05510945624009016,-0.30769180623549197,0.37900295514539,1790750637,815110073,0.13300000131130219,0.06687180888133526,-0.31428873322390183,0.43159622336949344,-3.980512659847647
-0.061107240468346744,-0.30817024907959256,0.38852540489111514,1790750637,865394503,0.13500000536441803,0.06535308367692276,-0.31411502838100397,0.4354023444725744,-4.032800396566094
-0.06254784886983847,-0.3088012423180309,0.3987809989132021,1790750637,915239457,0.13300000131130219,0.06413179059249333,-0.3139635421300213,0.4389633327820945,-4.080833159753095
-0.06380885204755156,-0.30903646418940905,0.4028629654343852,1790750637,965302385,0.13300000131130219,0.06366675470465112,-0.31390181106603304,0.4404834177407344,-4.101114363030232
-0.06564556935517964,-0.30917653892191904,0.4056104449022505,1790750638,15849734,0.1340000033378601,0.06334425752345109,-0.31385722154200146,0.44160650950072367,-4.116022574173403
-0.06384548503517251,-0.309272238354505,0.40659370906446374,1790750638,66026089,0.13199999928474426,0.06329785655833975,-0.3138506656002632,0.4417733694318301,-4.118232250213623
-0.061919066854175586,-0.3093416086052478,0.4071267353046396,1790750638,115287463,0.12999999523162842,0.06329785655833972,-0.3138506656002633,0.44177336943183004,-4.118232250213623
-0.06288227594467408,-0.3093069234798765,0.40686022218455165,1790750638,165690682,0.13099999725818634,0.06329785655833972,-0.3138506656002633,0.44177336943183004,-4.118232250213623
-0.06288227594467405,-0.3093069234798764,0.4068602221845517,1790750638,215365309,0.13099999725818634,0.06329785655833975,-0.3138506656002632,0.4417733694318301,-4.118232250213623
-0.06095585776367711,-0.30937629373061915,0.40739324842472757,1790750638,265531868,0.1289999932050705,0.06329785655833972,-0.3138506656002633,0.44177336943183004,-4.118232250213623
-0.064808694125671,-0.3092375532291337,0.4063271959443758,1790750638,316151199,0.13300000131130219,0.06329785655833975,-0.3138506656002632,0.4417733694318301,-4.118232250213623
-0.0657719032161695,-0.3092028681037624,0.40606068282428776,1790750638,366894521,0.1340000033378601,0.06329785655833974,-0.31385066560026326,0.44177336943183004,-4.118232250213623
-0.06288227594467408,-0.3093069234798765,0.40686022218455165,1790750638,416870883,0.13099999725818634,0.06329785655833972,-0.3138506656002633,0.44177336943183004,-4.118232250213623
-0.06322579813430294,-0.30889931029257633,0.40445276257155555,1790750638,466308028,0.13199999928474426,0.0635281518874986,-0.313635308090845,0.44099050045853916,-4.107447815623263
-0.06249230615658616,-0.3084760159071033,0.4020245528180787,1790750638,515437124,0.13199999928474426,0.0638006357664044,-0.31339063925721816,0.440102618800152,-4.095175548335
-0.06291410463784546,-0.30707131647931757,0.3937282542014419,1790750638,565868416,0.13500000536441803,0.06469680892828429,-0.31264816002925805,0.43742442111834823,-4.057865560217193
-0.05711495793991671,-0.30580438281723754,0.386771665474678,1790750638,615286393,0.13199999928474426,0.0657958619032068,-0.3118388489820178,0.4345264075928158,-4.016939663873894
-0.050432108235694884,-0.30353583748785873,0.3740201009006047,1790750638,665833529,0.13099999725818634,0.06793740299537741,-0.31048159905789424,0.42971044556441595,-3.947392381711273
-0.04944724510486208,-0.3007236033632288,0.35718028519771683,1790750638,715659075,0.1379999965429306,0.07056808601846042,-0.3090680061664124,0.42478716563947616,-3.873809626807447
-0.040557068217048686,-0.298488605361363,0.3448302404003511,1790750638,765482224,0.13699999451637268,0.0734686241627359,-0.3077193851030384,0.4202088360370274,-3.802448753826264
-0.02853778834778188,-0.29657918144554224,0.3351081116259235,1790750638,815214658,0.13300000131130219,0.07666925961786408,-0.30640721052633685,0.4158786956992587,-3.7316337798961325
-0.021178987169842803,-0.2942221929448053,0.3217635646914126,1790750638,865730413,0.13600000739097595,0.08020448546409659,-0.30511410938201206,0.41175667355733453,-3.6603159819234237
-0.012813709315648791,-0.2919322231061432,0.3088993820080823,1790750638,915936805,0.13899999856948853,0.08400070798533311,-0.3038622997759246,0.40792282102957,-3.589548668246082
-0.00365056848969042,-0.28974349323632503,0.2967309466165216,1790750638,965325709,0.1420000046491623,0.08797634117684257,-0.30266976560109743,0.40444084508492995,-3.520339970182615
0.008444853304105479,-0.2878841774071851,0.2873744480227871,1790750639,15434035,0.1420000046491623,0.09224816306573859,-0.30149570721579444,0.40119770069827176,-3.45019354262787
0.02160681617623321,-0.2862412082980297,0.27978766359134694,1790750639,65322628,0.14100000262260437,0.09670981282685727,-0.30036670183647735,0.39828243590627255,-3.3806033933214903
0.03532401260856427,-0.2846997290281086,0.27310259666683456,1790750639,115659632,0.14000000059604645,0.10140897124043899,-0.29926655871596636,0.39566109650410153,-3.3104371363921703
0.04826685744951991,-0.28309707614884544,0.26575663888385737,1790750639,165418566,0.14100000262260437,0.10616960028103627,-0.2982309976524675,0.3934251061421586,-3.2419680717749415
0.06223343149386973,-0.28169623498824503,0.2601631862438327,1790750639,215764736,0.14100000262260437,0.11112460049702175,-0.29722540503962774,0.3915005351229498,-3.1728551233566726
0.07521112156908899,-0.27997905422686653,0.25179375182915353,1790750639,265373660,0.14499999582767487,0.11613055479088433,-0.2962748918320351,0.389942383568953,-3.1048026971085414
0.089772813331568,-0.278695282663096,0.24713348585270553,1790750639,315400235,0.1459999978542328,0.12127898475397937,-0.29535750237037706,0.38871643316686444,-3.036186016476764
0.10505486250845561,-0.2778798792156917,0.24642239462429932,1790750639,365535228,0.14399999380111694,0.12647747416858154,-0.2944865806197166,0.3878483024094669,-2.967962484621369
0.12008927013114351,-0.2771949760930336,0.2467719622064773,1790750639,415301246,0.1420000046491623,0.131681882852559,-0.2936645355029706,0.3873364181101514,-2.9003389337798113
0.1342052819786036,-0.2759629379107941,0.24218388847874026,1790750639,465408238,0.1459999978542328,0.1366922225593411,-0.2929162049370042,0.38717492695050887,-2.8356102407871857
0.14868587410388548,-0.27530284691331297,0.24248488003633453,1790750639,516103422,0.1459999978542328,0.14171463090088204,-0.29220466947455076,0.38733559469024637,-2.7707826052489284
0.16446901602795294,-0.2744835907831004,0.24187796703489675,1790750639,565699827,0.14800000190734863,0.14710889231813326,-0.2914804661638332,0.3878702027758662,-2.700944231740402
0.1797788869644028,-0.2743543103442715,0.24732675967970708,1790750639,615557401,0.14499999582767487,0.15256531764718842,-0.29078647553765163,0.3887990339319448,-2.629687805588418
0.19306044320417856,-0.2742630360360677,0.25239716310222093,1790750639,665494605,0.14300000667572021,0.157367568553385,-0.2902058578658303,0.3899502330080693,-2.5661906526746163
0.20635755208616183,-0.27404611984674676,0.25632488988916524,1790750639,716059351,0.14300000667572021,0.16204232233107013,-0.2896657073293163,0.3913848425319965,-2.5033523754719695
0.22170330212358916,-0.27359919887156264,0.25879262811043346,1790750639,765409226,0.1459999978542328,0.16704384734513228,-0.2891139431474287,0.39328291060999654,-2.434678062272867
0.23571287272344357,-0.2736962937752971,0.2661657737490599,1790750639,815391199,0.14499999582767487,0.17205521122227269,-0.28858592219174,0.3955914276506274,-2.363878858070766
0.24683798081772068,-0.27418836248939943,0.27660707377950666,1790750639,865233264,0.14100000262260437,0.17662640589053671,-0.2881250300911286,0.3980858981975005,-2.297119686568293
0.2602854016505596,-0.27417577555512035,0.2826241550900963,1790750639,915377794,0.14300000667572021,0.18100397092887005,-0.2877003974753872,0.4008634939494278,-2.230678011445838
0.2714505855019441,-0.2745395465298798,0.29184936991662386,1790750639,965174571,0.1420000046491623,0.1851442246880765,-0.2873131704561794,0.4038852924380102,-2.165037601743392
0.28010600377718586,-0.2752387266185588,0.3041117136188701,1790750640,15698104,0.1379999965429306,0.18913245412506133,-0.28695148124415515,0.4072166295473644,-2.0985038505859244
0.2890688639211305,-0.2757039079828185,0.3138448381215085,1790750640,65275111,0.13699999451637268,0.1926110752603453,-0.286644367578691,0.4105154119689235,-2.037159967303242
0.2996484579405804,-0.2760014286303605,0.3221149531981944,1790750640,115614670,0.13899999856948853,0.19589528226873437,-0.2863596568325009,0.4140333150680474,-1.9755847733645617
0.3082983279246656,-0.2766479447571867,0.33407349201365333,1790750640,165401659,0.1379999965429306,0.19927699986638645,-0.28607061908921927,0.41815418113244196,-1.9074105795894762
0.3162758757676558,-0.27736654704739094,0.3468379256274479,1790750640,215452957,0.13699999451637268,0.20244596241679988,-0.28580004334733905,0.4226048409941272,-1.837540191647474
0.32415804758874833,-0.2779387165742357,0.3575475355336949,1790750640,265364530,0.1379999965429306,0.20498388362024594,-0.2855802777274305,0.4267076702313612,-1.7758698166970612
0.3321587208476947,-0.27850446017436203,0.3680718207539285,1790750640,315442865,0.14000000059604645,0.20722041437392238,-0.2853809418981329,0.43086619742462556,-1.7155119951866138
0.3325278193233,-0.27952159894291073,0.3830401072062479,1790750640,365463422,0.1340000033378601,0.20931897618799133,-0.2851873383565695,0.43541835903562787,-1.6514414995212179
0.33759565346296655,-0.280305632997906,0.3960640741711435,1790750640,416518136,0.1340000033378601,0.21117591768749636,-0.28500215386315586,0.44024545025619877,-1.5853314281792357
0.34193940636231346,-0.28069166794940575,0.4028279525463306,1790750640,465143087,0.13600000739097595,0.21206700649591956,-0.284904007337082,0.4429704233244484,-1.5486895370780067
0.33912869274960783,-0.2812532638827603,0.4110232175941799,1790750640,515387969,0.13099999725818634,0.21279590567654602,-0.2848166603496553,0.44549535703484966,-1.5151020719166155
0.34063043143988575,-0.28134807010954627,0.41275926225034215,1790750640,565423285,0.13199999928474426,0.2129942829323997,-0.28479138407808474,0.4462429447578191,-1.5052172570346065
0.34188735483916377,-0.28139026095139574,0.4136184705786444,1790750640,615483907,0.13300000131130219,0.21310080698443198,-0.2847774705625908,0.446657118425024,-1.4997519273386701
0.3380572919016962,-0.2815022678399338,0.4147802023254289,1790750640,665446824,0.1289999932050705,0.2131169919784349,-0.28477533564789004,0.4467208774766882,-1.4989112615585327
0.34096288631339655,-0.2814261498256683,0.41403739438209564,1790750640,715439084,0.13199999928474426,0.21311699197843487,-0.28477533564789015,0.4467208774766882,-1.4989112615585327
0.3438684807250969,-0.2813500318114028,0.4132945864387624,1790750640,765111943,0.13500000536441803,0.21311699197843478,-0.28477533564789026,0.4467208774766882,-1.4989112615585327
0.34096288631339655,-0.2814261498256683,0.41403739438209564,1790750640,815503364,0.13199999928474426,0.21311699197843487,-0.28477533564789015,0.4467208774766882,-1.4989112615585327
0.3428999492545302,-0.28137540448282455,0.4135421890865401,1790750640,865427021,0.1340000033378601,0.21311699197843487,-0.28477533564789015,0.4467208774766882,-1.4989112615585327
0.343868480725097,-0.28135003181140267,0.4132945864387624,1790750640,915585088,0.13500000536441803,0.21311699197843487,-0.28477533564789015,0.4467208774766882,-1.4989112615585327
0.3448370121956639,-0.2813246591399808,0.4130469837909846,1790750640,965979398,0.13600000739097595,0.21311699197843487,-0.28477533564789015,0.4467208774766882,-1.4989112615585327
0.34096288631339655,-0.2814261498256683,0.41403739438209564,1790750641,15285865,0.13199999928474426,0.21311699197843487,-0.28477533564789015,0.4467208774766882,-1.4989112615585327
0.341443872401153,-0.2810763273790911,0.4119479312069175,1790750641,65323430,0.13300000131130219,0.21293839733868566,-0.2845887389730415,0.4460508078094954,-1.5080752161652216
0.3369772638420799,-0.28079461837735076,0.41079144779923804,1790750641,115522339,0.1289999932050705,0.2127135887324054,-0.28436296487101237,0.44524147245012435,-1.5191744089681973
0.3406190097357611,-0.2793767349665361,0.4020925795197286,1790750641,165438348,0.13500000536441803,0.21193692359144428,-0.28364587904770083,0.4426844082880137,-1.5544827001982997
0.3378840991698161,-0.2779650994943358,0.39413157371278423,1790750641,215951974,0.13500000536441803,0.2109423490711541,-0.2828352459816256,0.43981609191615456,-1.5945778605619052
0.3361611576489785,-0.27583816734811045,0.38175210895341477,1790750641,265541359,0.1379999965429306,0.20931132459043597,-0.2816831291649994,0.4357794660998443,-1.652047282912335
0.32705763061821524,-0.273927690093423,0.3718030637101398,1790750641,315429710,0.1340000033378601,0.2073245869351056,-0.2804745567816656,0.4316122409448373,-1.712935790242026
0.32467994247830134,-0.2717560782818748,0.35913535496036864,1790750641,365250774,0.1379999965429306,0.2051862929620948,-0.2793326081334701,0.4277492235771049,-1.7711288492978474
0.3164376744416493,-0.26994501751538935,0.34972900226061493,1790750641,415397331,0.13600000739097595,0.20282412135644756,-0.2782072740262058,0.4240236701921094,-1.8292101985181415
0.313333561519208,-0.2674721879252225,0.3351009415175961,1790750641,465390554,0.1420000046491623,0.1999607971011679,-0.2769828819868544,0.42007249150369286,-1.89340873648261
0.30507105520239486,-0.26531202819005456,0.32343783050416275,1790750641,515458943,0.14300000667572021,0.19677729164135596,-0.2757568038638626,0.41624068253019514,-1.9588639474264917
0.29656303030205877,-0.2633192976027738,0.3128459756943335,1790750641,565323684,0.14399999380111694,0.1935376958239612,-0.2746210227053102,0.41281621966775056,-2.020741836127989
0.2860496252700016,-0.2615554008335132,0.3042561236142961,1790750641,615537176,0.14300000667572021,0.19009514928843715,-0.27351212539929814,0.40960685776464434,-2.0824343634362497
0.2763170430334595,-0.2596965430003198,0.2948166913299151,1790750641,665807976,0.14399999380111694,0.18645727287919947,-0.272429288768356,0.40661605227510045,-2.1441032986148203
0.26608120381476974,-0.25792082918375525,0.2860376714673343,1790750641,715558140,0.14499999582767487,0.18267573773091253,-0.2713839180861955,0.40388194266693594,-2.2051169439255194
0.2559985655209285,-0.2563135635417768,0.2783042442183617,1790750641,765398982,0.1459999978542328,0.17898207519029505,-0.2704293916987519,0.4015324998500559,-2.2622950558837296
0.2464726908897062,-0.25457986216947043,0.2694273849353909,1790750641,815508881,0.14900000393390656,0.1751823331645758,-0.26950640867781506,0.39941155426789593,-2.319052982061884
0.23301194980297815,-0.2531336570129028,0.2638944097991117,1790750641,865642883,0.14800000190734863,0.17072300992213024,-0.2684893960546396,0.39726715743361685,-2.383526610985591
0.22091379424631746,-0.2512402215911238,0.25456590125578366,1790750641,915221195,0.15199999511241913,0.16607029701477624,-0.2674945091352856,0.3953919906782379,-2.4487811318737784
0.20817829361859097,-0.24972180212486655,0.24809744736503925,1790750641,965656606,0.15399999916553497,0.16156740071851228,-0.2665882649100914,0.3939019289119272,-2.5104108341531015
0.19386008012852646,-0.24899286725688202,0.24826066808220829,1790750642,15391845,0.15000000596046448,0.15710333058926162,-0.26573856872604684,0.39272009018320087,-2.5703234259713934
0.18058752759804325,-0.24779300085060663,0.2444200641622421,1790750642,65543680,0.1509999930858612,0.15252078657675675,-0.2649118536143973,0.39179781295908667,-2.6309109355118543
0.16707136255549698,-0.24668781117295746,0.24137938435220552,1790750642,115554763,0.15199999511241913,0.14789490485553464,-0.2641195868661231,0.39115386542438335,-2.6913593687661432
0.15345149828830348,-0.245445783639123,0.23716763738333585,1790750642,165697061,0.1550000011920929,0.14323098969458095,-0.2633602518904281,0.3907892940626837,-2.751850760627753
0.1395454894978344,-0.24477096153807504,0.23774800179308234,1790750642,215304455,0.15399999916553497,0.13859885317096923,-0.26264194168258104,0.39070463516125015,-2.8116766940069415
0.12562125097182228,-0.24396031091175333,0.23717065779920193,1790750642,265137445,0.1550000011920929,0.13395756399285508,-0.26195553749256595,0.390896641533473,-2.871611333911656
0.11166080319192842,-0.2433602858478363,0.23842335424420374,1790750642,315265307,0.1550000011920929,0.1293052658638261,-0.2612984692551115,0.39136744495259224,-2.931870174859195
0.09775656514895467,-0.24285754274062354,0.2405172702665393,1790750642,365265566,0.1550000011920929,0.12467267307481177,-0.2606731928459405,0.39211913738893767,-2.9923030951102407
0.08395582164797846,-0.24245190293343402,0.2434517639786527,1790750642,415372502,0.1550000011920929,0.12007358475955399,-0.260079099185913,0.3931507603334764,-3.0529293043267822
0.07045597022093597,-0.2421462593962193,0.24718134589162338,1790750642,465563791,0.1550000011920929,0.11557581089898016,-0.259522475821682,0.3944473210843752,-3.113098625591483
0.056273488975875544,-0.24160680641575438,0.24887316999137157,1790750642,515398466,0.15800000727176666,0.1111971155719968,-0.25900228433540506,0.3959948709309512,-3.1727384995271297
0.045306338064876134,-0.24203543915621817,0.25872499907122615,1790750642,565403929,0.15299999713897705,0.10692739862123662,-0.25851476242772853,0.3977943196453535,-3.2322066429318506
0.03253799828892015,-0.24189708458601886,0.26374392795278134,1790750642,615201621,0.15399999916553497,0.10278887717367044,-0.25805963021901485,0.3998306131117867,-3.291358299906844
0.020946810418123282,-0.24205491087203454,0.2713058075152447,1790750642,665279391,0.15299999713897705,0.09874035769256007,-0.25763028150642964,0.4021284774031054,-3.351030687661331
0.011550927780523065,-0.24258524622649338,0.28197920140676613,1790750642,715333058,0.14900000393390656,0.09483067855671709,-0.25722951161314866,0.4046618398453178,-3.4107098977917913
-7.42225978445088e-06,-0.24269341488579943,0.2890885175560709,1790750642,765173557,0.15000000596046448,0.09108571791548419,-0.25685773877497864,0.40741608632138726,-3.4702368877698
-0.00996750858668917,-0.24307020898770978,0.29849721292423326,1790750642,815503198,0.14900000393390656,0.0874711063106801,-0.2565090671421608,0.410417338865419,-3.5303673535952216
-0.019152822566166294,-0.24350697429695692,0.30830053179653594,1790750642,865316178,0.14800000190734863,0.08409159550099045,-0.25619135221331285,0.4135796715129319,-3.589583730082612
-0.02774173241157729,-0.24400498257758313,0.31862672989379554,1790750642,915395781,0.1469999998807907,0.08088690160397824,-0.2558962168583677,0.4169497606859067,-3.649063272140677
-0.03722169674846948,-0.24440673796925783,0.328155047378931,1790750642,965863933,0.14800000190734863,0.07788485218511614,-0.2556241073363235,0.42050575707657256,-3.7085663533854145
-0.04518959199619994,-0.24493953052175604,0.3386357686481134,1790750643,15411864,0.14800000190734863,0.07514754985120783,-0.25537805214059717,0.424157754844559,-3.766908061980821
-0.05258849033254112,-0.24553184671404213,0.349650989469597,1790750643,65297845,0.14800000190734863,0.07260672456526324,-0.25514954388112754,0.4279941999761242,-3.8257149071582432
-0.05671559431082192,-0.24635477123584892,0.36254194266934897,1790750643,115291270,0.14499999582767487,0.07028639595092402,-0.2549384775402908,0.43198122006809647,-3.8846615216691345
-0.059953593190507457,-0.24718491356448194,0.3754107193600458,1790750643,165224436,0.1420000046491623,0.06821680282787594,-0.25474651339338517,0.43606690711430884,-3.9431768052963925
-0.06793439067721282,-0.24773923496572312,0.3860753344340603,1790750643,215361242,0.14499999582767487,0.06638058532384344,-0.2545689040951296,0.44027719447081765,-4.001862496349821
-0.07040693577812214,-0.2483276973196702,0.39534421729823366,1790750643,265384178,0.14399999380111694,0.06519092974981443,-0.2544462649205521,0.4434251928447302,-4.044857867081215
-0.07419906835438578,-0.24881330462991555,0.4035132116027928,1790750643,315728727,0.14499999582767487,0.06419703791721243,-0.25433681099219074,0.4464201741654368,-4.085177683108428
-0.07431385706937862,-0.24907133637243273,0.4073269922754851,1790750643,365801995,0.14399999380111694,0.06382232816482966,-0.2542932695361879,0.4476646168671179,-4.101784410090525
-0.07218236751399619,-0.2493409435627098,0.4107567474009567,1790750643,415398408,0.14100000262260437,0.0635571061209703,-0.25426146749135814,0.4485930326459999,-4.114122977405227
-0.07325792290094835,-0.24933118665943207,0.4108906785142288,1790750643,466463251,0.1420000046491623,0.06351717456323544,-0.2542565981196305,0.4487366077005085,-4.116027355194092
-0.07229471606877413,-0.2493658727247882,0.41115719967369463,1790750643,515280212,0.14100000262260437,0.06351717456323544,-0.2542565981196305,0.4487366077005085,-4.116027355194092
-0.07325792290094832,-0.24933118665943202,0.4108906785142289,1790750643,565247147,0.1420000046491623,0.06351717456323547,-0.2542565981196304,0.4487366077005086,-4.116027355194092
-0.07036830240442574,-0.24943524485550042,0.41169024199262627,1790750643,615356648,0.13899999856948853,0.06351717456323544,-0.2542565981196305,0.4487366077005085,-4.116027355194092
-0.07422112973312253,-0.24929650059407596,0.410624157354763,1790750643,665509741,0.14300000667572021,0.06351717456323544,-0.2542565981196305,0.4487366077005085,-4.116027355194092
-0.07422112973312253,-0.24929650059407596,0.410624157354763,1790750643,715724150,0.14300000667572021,0.06351717456323544,-0.2542565981196305,0.4487366077005085,-4.116027355194092
-0.07133150923659992,-0.24940055879014425,0.41142372083316053,1790750643,766808493,0.14000000059604645,0.06351717456323547,-0.2542565981196304,0.4487366077005086,-4.116027355194092
-0.07325792290094835,-0.24933118665943207,0.4108906785142288,1790750643,817423507,0.1420000046491623,0.06351717456323544,-0.2542565981196305,0.4487366077005085,-4.116027355194092
-0.07083934462075855,-0.24910456741324108,0.409715291133614,1790750643,865907947,0.14000000059604645,0.0636933649063261,-0.25408902963941316,0.448135407876148,-4.107742884560798
-0.07216417428320095,-0.24868693769082376,0.4071619425691058,1790750643,915603111,0.1420000046491623,0.06390510234794318,-0.2538939771536693,0.44743650051170347,-4.098087219315955
-0.06827697334510761,-0.2476895541335885,0.40156785259439226,1790750643,967551248,0.14000000059604645,0.06460997106667173,-0.25328584433955237,0.44526844421194717,-4.067951502183237
-0.06981901232942557,-0.24642695702548664,0.3939502928166897,1790750644,15451674,0.14399999380111694,0.06540123240465755,-0.2526654007091272,0.4430681658282771,-4.037057527919147
-0.06720089562368864,-0.24441092079150548,0.38211414038419167,1790750644,65422256,0.1459999978542328,0.06696355578155555,-0.25158297285249837,0.43924960241785577,-3.9825826820510577
-0.059908530528498316,-0.24248694826323602,0.37131143252324655,1790750644,115406515,0.14399999380111694,0.06887414359454469,-0.2504340537440822,0.43524784292386354,-3.9240866590494297
-0.053987035884540305,-0.2405698187954061,0.3604221859291691,1790750644,165968917,0.14399999380111694,0.07094812324610097,-0.2493360285803403,0.4314880553302366,-3.8674911011371695
-0.0476461223969179,-0.2387490071045607,0.3501752700003759,1790750644,215495718,0.14399999380111694,0.07316780369774163,-0.24828396318825513,0.4279510894354541,-3.8125047724242136
-0.043449285378192024,-0.23682781054242644,0.33891782693376105,1790750644,265343290,0.1469999998807907,0.07548732399362847,-0.24728818398350838,0.424671331256095,-3.7596538470483014
-0.036182558711685395,-0.2351400444601876,0.3295873443202425,1790750644,315942601,0.1469999998807907,0.0779969724722587,-0.24630214015699564,0.42149731245875566,-3.7064700694670596
-0.027078130504516656,-0.23346027175184855,0.32066548734579786,1790750644,365243908,0.1459999978542328,0.08088677249020727,-0.245261231020961,0.41823759634783075,-3.6492695374757407
-0.016509294154496437,-0.23187995372318626,0.31273162463403237,1790750644,415390252,0.14399999380111694,0.0840683520313955,-0.2442076268361254,0.4150456695059256,-3.590158166028795
-0.008020456478390267,-0.2301955650851103,0.3036771685665023,1790750644,465156527,0.14499999582767487,0.08727038347714858,-0.24322806911189732,0.41218895801532385,-3.5339416887430035
-0.0007672325188468887,-0.2282759596053881,0.2926754172011609,1790750644,515642827,0.14900000393390656,0.09065277414049933,-0.24226532011548632,0.4094987083173923,-3.477387071563011
0.009347922799471275,-0.2268137457893812,0.28537856537749257,1790750644,565315036,0.14900000393390656,0.09411575795291739,-0.241345324070117,0.4070512760745638,-3.4219623293965915
0.018337706419130434,-0.225111307409294,0.27607893606189127,1790750644,615241767,0.15199999511241913,0.09772898611450533,-0.24044512246700495,0.4047875112940105,-3.3662946966251615
0.028967948135288274,-0.2236656883141953,0.26893757252091927,1790750644,665401906,0.15299999713897705,0.10148074489895986,-0.23956723557419055,0.4027211074748724,-3.310443970898221
0.04209120842176574,-0.22282976231713067,0.2668964386622807,1790750644,715288692,0.14900000393390656,0.10532350222041804,-0.2387197087597598,0.400874749576083,-3.2549120811297514
0.05145822304567459,-0.221281364388289,0.2585628843063478,1790750644,765306738,0.15299999713897705,0.10904546687576705,-0.23794372653545623,0.39932891060622283,-3.2024811229018675
0.06226291977707027,-0.2201332200747923,0.25352617928921917,1790750644,815164365,0.15399999916553497,0.1127896592490564,-0.23720233550579173,0.3979965694725298,-3.1508285343494276
0.0754660774059184,-0.21915033762659272,0.2505124327791051,1790750644,865869964,0.15299999713897705,0.11712072931296877,-0.23638977566383346,0.39672013050801946,-3.0922156702692862
0.08837041004458965,-0.2180299540272212,0.24633818208378605,1790750644,915735536,0.15399999916553497,0.12153304670878266,-0.23560590809741178,0.39569455158634875,-3.0334702005771175
0.1012499950280579,-0.2172702210490033,0.24497112159613407,1790750644,965789508,0.15299999713897705,0.12579304739984093,-0.23488813700687927,0.3949586102146989,-2.977478497081762
0.11373222403296748,-0.21625336189940297,0.24137341948899346,1790750645,15967092,0.1550000011920929,0.1300618508628634,-0.2342033048253525,0.3944620970784883,-2.9218650200544554
0.12640863989463885,-0.2153237744314104,0.238466276261836,1790750645,65678079,0.15700000524520874,0.13432291327796592,-0.2335521907159872,0.3942035253821595,-2.8666873472897114
0.1395035882784398,-0.21528035471970436,0.24320841541281374,1790750645,116145462,0.15199999511241913,0.1386609755891122,-0.23291940917054604,0.3941791154711743,-2.810656217928444
0.1521445488881113,-0.21452185197763296,0.2417014161324536,1790750645,165461807,0.15399999916553497,0.1428910594803523,-0.2323303976661212,0.39438811619904846,-2.7560142267182366
0.16479154007417393,-0.21418486067025738,0.2438714223812455,1790750645,215478492,0.15299999713897705,0.14716461626891583,-0.2317608776358373,0.3948329218084712,-2.7006142472768753
0.1774937901612118,-0.2138122035712035,0.2457602278120826,1790750645,265733252,0.15299999713897705,0.15143737696858947,-0.23121634678429512,0.3955172251613902,-2.644876536752344
0.19017111045891216,-0.21341147578472572,0.24734974723976702,1790750645,315464267,0.15399999916553497,0.15562550102639916,-0.23070466623584798,0.396425386349389,-2.58970642550776
0.202175502789417,-0.21331579594119385,0.25153338831723926,1790750645,365330645,0.15299999713897705,0.15973901430133525,-0.23022294830693665,0.39755493387887697,-2.5348391499067167
0.21322923949695372,-0.21350977656951933,0.2582248488248102,1790750645,415298264,0.15000000596046448,0.16378913692952507,-0.22976710476267836,0.3989066789461213,-2.479943603125724
0.2261769047185419,-0.2131292797462806,0.25999899804761517,1790750645,465563044,0.15299999713897705,0.1678119472763896,-0.22933228566852373,0.40049808511364027,-2.424367771430894
0.23745746727198574,-0.21325268816117876,0.2661463630429478,1790750645,515878406,0.15199999511241913,0.1717512224789569,-0.22892226440575586,0.4023122629213292,-2.3686708147593696
0.24917616217200086,-0.21324301868814013,0.271075742801168,1790750645,565797266,0.15299999713897705,0.17554790860632322,-0.22854181533890633,0.4043192275290667,-2.313558155255398
0.2600566638114494,-0.21340527972532855,0.27746525309174913,1790750645,615416854,0.15299999713897705,0.17920730012149358,-0.2281874198768537,0.4065151188336278,-2.258801554716321
0.26842422802165367,-0.21401046342731822,0.28779371891446376,1790750645,665668430,0.14900000393390656,0.18279549908827605,-0.22785167260428435,0.4089429776083484,-2.203249227973809
0.2796592875112037,-0.21411373506044196,0.29368848298954714,1790750645,715482112,0.1509999930858612,0.18621734525550257,-0.2275409682450687,0.41154140297211694,-2.1481627231734413
0.2873495886517777,-0.21471991964989642,0.3039989997899648,1790750645,765293406,0.14800000190734863,0.18950027223263116,-0.22725159250429855,0.4143279126657436,-2.0929838196024857
0.29656025838753974,-0.2151232007880799,0.31259360339262127,1790750645,815747326,0.14800000190734863,0.19266691995038515,-0.22697905189985063,0.4173295264914968,-2.0370749701862136
0.30660388119052345,-0.21542412257078494,0.32017885313478933,1790750645,865717760,0.15000000596046448,0.19561196649973261,-0.2267311794809897,0.42044323926187327,-1.982182326856661
0.3116029144717515,-0.2162165990285324,0.3321061005110777,1790750645,915560239,0.1459999978542328,0.19837280737935764,-0.22650207361203586,0.4236984104168394,-1.9275136973548148
0.316645866843321,-0.21695338790175844,0.34356689379089467,1790750645,965417718,0.14300000667572021,0.20096486674132868,-0.22628936073863404,0.4271117783491248,-1.8726379781610638
0.32852334809749495,-0.21716308784863533,0.3503029630649004,1790750646,15276799,0.14900000393390656,0.20336922757902257,-0.2260920221230177,0.43066291218307495,-1.817726543214939
0.33326132775960793,-0.2179171755954032,0.36193616683807883,1790750646,65194177,0.1469999998807907,0.20558661299632655,-0.22590860644731584,0.4343537352038167,-1.76261210763005
0.3381975823808562,-0.21863764974858468,0.37327793951654703,1790750646,115123342,0.1459999978542328,0.2076005577778601,-0.22573808726929157,0.43816245481330296,-1.707458041678909
0.3443310819493936,-0.21929803213778912,0.38407286379759153,1790750646,165641530,0.1469999998807907,0.2094102390678397,-0.2255800060379341,0.44208926600422116,-1.652110077103093
0.3469994851577163,-0.22009898035691458,0.39609777015154685,1790750646,215483203,0.14499999582767487,0.2109793033435104,-0.22543461046303395,0.446048145331587,-1.5975900632488722
0.35175580312093546,-0.22056258714209556,0.4036981584519761,1790750646,265443646,0.1469999998807907,0.21197307708044683,-0.22533474725591499,0.4489421188609658,-1.558413330706402
0.3541316521418518,-0.22106994708612082,0.4114712241067018,1790750646,315387719,0.1469999998807907,0.21279229277979583,-0.22524556090437148,0.45165517251047227,-1.5221247387006522
0.35501671399777857,-0.22127873881816645,0.4146557777189417,1790750646,365945574,0.1469999998807907,0.213097312538224,-0.22521018492982336,0.45276650043296796,-1.5073677713007523
0.35561322114923266,-0.22142695388907718,0.41691192079323286,1790750646,415218168,0.1469999998807907,0.21330282832381042,-0.22518549670602062,0.45355377411316866,-1.496948583957521
0.35861281192192945,-0.22137479082171238,0.41653355479266563,1790750646,465464095,0.15000000596046448,0.21333522058469023,-0.2251815343579442,0.4536809900613198,-1.4952675104141235
0.3547387351225195,-0.22147630418436703,0.41752415503463836,1790750646,515437649,0.1459999978542328,0.2133352205846901,-0.2251815343579441,0.45368099006131984,-1.4952675104141235
0.35473873512251963,-0.22147630418436698,0.4175241550346383,1790750646,565319795,0.1459999978542328,0.2133352205846902,-0.22518153435794408,0.4536809900613198,-1.4952675104141235
0.3586128119219294,-0.2213747908217123,0.41653355479266563,1790750646,615689084,0.15000000596046448,0.2133352205846902,-0.22518153435794408,0.4536809900613198,-1.4952675104141235
0.35473873512251963,-0.22147630418436698,0.41752415503463824,1790750646,665226996,0.1459999978542328,0.2133352205846902,-0.22518153435794408,0.4536809900613198,-1.4952675104141235
0.3508646727551412,-0.2215778171688557,0.41851475158634494,1790750646,715535914,0.1420000046491623,0.2133352205846902,-0.22518153435794408,0.4536809900613198,-1.4952675104141235
