x,y,z,stamp_sec,stamp_nanosec,raw_range,ox,oy,oz,j7
0.13926410849957335,-0.20128647393979468,0.23995853731300196,1790750042,715957138,0.15800000727176666,0.13928868696332844,-0.21850636635916773,0.39701737023507183,-2.792349100112915
0.1392644196199839,-0.20150444769326248,0.24194662774315928,1790750042,765293298,0.15600000321865082,0.13928868696332844,-0.21850636635916773,0.39701737023507183,-2.792349100112915
0.13926379738148081,-0.20106850181035463,0.23797046169524264,1790750042,816537050,0.1599999964237213,0.13928868696332844,-0.21850636635916773,0.39701737023507183,-2.792349100112915
0.13926426405977865,-0.2013954608165286,0.2409525825280806,1790750042,872904508,0.15700000524520874,0.13928868696332847,-0.21850636635916773,0.39701737023507183,-2.792349100112915
0.1392639529416861,-0.2011774886870885,0.23896450691032128,1790750042,916135078,0.1589999943971634,0.13928868696332844,-0.21850636635916773,0.39701737023507183,-2.792349100112915
0.13926410849957335,-0.20128647393979468,0.23995853731300196,1790750042,967610109,0.15800000727176666,0.13928868696332844,-0.21850636635916773,0.39701737023507183,-2.792349100112915
0.13926364182127554,-0.20095951493362074,0.23697641648016396,1790750043,18236691,0.16099999845027924,0.13928868696332844,-0.21850636635916773,0.39701737023507183,-2.792349100112915
0.13926364182127554,-0.20095951493362074,0.23697641648016396,1790750043,66581643,0.16099999845027924,0.13928868696332844,-0.21850636635916773,0.39701737023507183,-2.792349100112915
0.13926379738148081,-0.20106850181035463,0.23797046169524264,1790750043,116191944,0.1599999964237213,0.13928868696332844,-0.21850636635916773,0.39701737023507183,-2.792349100112915
0.1392644196199839,-0.20150444769326248,0.24194662774315928,1790750043,166957749,0.15600000321865082,0.13928868696332844,-0.21850636635916773,0.39701737023507183,-2.792349100112915
0.1392639529416861,-0.2011774886870885,0.23896450691032128,1790750043,216359122,0.1589999943971634,0.13928868696332844,-0.21850636635916773,0.39701737023507183,-2.792349100112915
0.13765735161229814,-0.20130558108500773,0.239973653079424,1790750043,265533134,0.15800000727176666,0.13874302475640735,-0.21851432801811957,0.3970299571257583,-2.799101737513098
0.1357130756614117,-0.20089394736361127,0.23602907887938337,1790750043,315220536,0.16200000047683716,0.13810277679479904,-0.21852408149987967,0.3970491641275459,-2.8070252801929914
0.12901179830472617,-0.20142532104164249,0.2402366863980097,1790750043,365330311,0.15800000727176666,0.13580689419328348,-0.21856271625119678,0.39715749016594604,-2.8354485691887894
0.12115804841677053,-0.20134008887942534,0.23874725898091603,1790750043,415511993,0.1599999964237213,0.13319062675402185,-0.21861369437413677,0.39735633333469256,-2.8678794571781876
0.10962425824436878,-0.20168756562233256,0.24094451744805662,1790750043,465224461,0.1589999943971634,0.12926393850059356,-0.2187041194687577,0.39780661635318715,-2.9167063142382377
0.09691470859746457,-0.20178761637253798,0.24089013454469452,1790750043,515358255,0.16099999845027924,0.12508253882815407,-0.21881891154527017,0.39848933449769,-2.9690143958488404
0.08385257624241707,-0.2019576635534442,0.24156575214856427,1790750043,565568872,0.16300000250339508,0.12085103038225004,-0.21895481343129122,0.3993986134398666,-3.02242360806637
0.07137739885133015,-0.20239363430379112,0.24483338130516935,1790750043,615273395,0.16300000250339508,0.11669680713029366,-0.21910802469879143,0.40051183582947064,-3.0754767219619725
0.0579377930948027,-0.20258999673491418,0.2459817105670458,1790750043,665295521,0.16599999368190765,0.11254802090878904,-0.21928127618892965,0.4018506366257245,-3.1292421385083187
0.04697029039195008,-0.2035478565728641,0.2543746778133153,1790750043,715694232,0.16200000047683716,0.10843631734620009,-0.2194738160692738,0.40341256393316527,-3.183483873318342
0.035643483570106896,-0.2042387987853225,0.2604288003737598,1790750043,765266449,0.16099999845027924,0.104498819359728,-0.21967869971790033,0.4051407615016521,-3.2365175870225147
0.025065513535665065,-0.20507320408901983,0.2679672170516366,1790750043,815356622,0.1589999943971634,0.10061787954152111,-0.21990153295791354,0.4070821295239201,-3.290048974402862
0.014977483489889837,-0.2059451036138589,0.2760026266738653,1790750043,865620147,0.15700000524520874,0.09683588016091489,-0.22014014779201158,0.409219387114228,-3.343658767323978
0.006606521983820113,-0.207021025554754,0.2860964483723022,1790750043,915632912,0.15299999713897705,0.09318806294051811,-0.2203921187152364,0.4115310917439972,-3.3969809328875216
-0.004144417012859544,-0.20769679128791196,0.2925799929598439,1790750043,965918382,0.15399999916553497,0.0896453405031229,-0.2206593825594424,0.41403555008097864,-3.4505845816033074
-0.013164474225706421,-0.20857086395735244,0.30106305314592363,1790750044,15604998,0.15299999713897705,0.08627663245415909,-0.22093646123932212,0.41668120669747766,-3.5035480304917894
-0.02241930290404677,-0.20940116481135249,0.309280932565199,1790750044,65293789,0.15299999713897705,0.08303314827659332,-0.22122706316425694,0.419503107251913,-3.5567549443019177
-0.02984475027332603,-0.2104202432629738,0.3194028594440447,1790750044,115341647,0.1509999930858612,0.07991488901805294,-0.22153162834029486,0.4225064802156742,-3.6103910913334962
-0.039701437489366595,-0.21117760946436068,0.32724350076528014,1790750044,165280930,0.15299999713897705,0.07695678182409812,-0.22184704633798505,0.4256610912048876,-3.6640308239925714
-0.04769899016351828,-0.2121239739346441,0.33699529800695266,1790750044,215818957,0.15299999713897705,0.07413332271959491,-0.22217654633506687,0.4289998220816548,-3.718336127156934
-0.054992499039769105,-0.21307532943585455,0.3469104621981438,1790750044,265198691,0.15299999713897705,0.0715497244039155,-0.2225073372708533,0.4323920510852024,-3.7713684150630447
-0.06527414965891741,-0.21383571633334436,0.3552824455579512,1790750044,315304049,0.15700000524520874,0.06911069628051632,-0.22285118810238624,0.4359573245328331,-3.82517495833572
-0.06458061043665535,-0.21528466730608126,0.36991610390890906,1790750044,365332472,0.14900000393390656,0.0668736722003115,-0.22320046505468538,0.4396162681462177,-3.8786814325965646
-0.0719989479354513,-0.21619938370859762,0.37993717361424056,1790750044,415568256,0.1509999930858612,0.06482370017582322,-0.22355739619589388,0.4433912556577566,-3.932369530438357
-0.07765677529977427,-0.21712016574786241,0.39000729892696967,1790750044,465171529,0.15199999511241913,0.06309561652094114,-0.22389462234872154,0.4469886068154898,-3.98233536145464
-0.07909971516011266,-0.21823492604474698,0.4018252152253139,1790750044,515919954,0.14900000393390656,0.061527251233409824,-0.2242400818452649,0.4507025678446076,-4.03290164189231
-0.0785688784376716,-0.21895708764843008,0.4093996033253599,1790750044,565316606,0.1459999978542328,0.060653648168355445,-0.22445449267129466,0.453021455611624,-4.064028002386645
-0.08050311269206092,-0.2195126689633857,0.4155134169452298,1790750044,615782160,0.1459999978542328,0.05991322135531326,-0.2246525518747421,0.45517238957173317,-4.092634766368443
-0.08006502638647055,-0.21970797571555495,0.4175509630575414,1790750044,665183922,0.14499999582767487,0.05971074903404887,-0.2247098655938138,0.4557963875324249,-4.100890197527934
-0.08133410837476679,-0.21976897341866572,0.41834137862571436,1790750044,715294373,0.1459999978542328,0.05959301700278788,-0.22474389597175934,0.4561672276161294,-4.105787663112267
-0.07848532901780858,-0.21988604086684724,0.419282521232216,1790750044,765085628,0.14300000667572021,0.05957464106360255,-0.224749256326745,0.4562256627576266,-4.106558799743652
-0.0823471396222667,-0.21975000710540485,0.4182491484477608,1790750044,815210847,0.1469999998807907,0.05957464106360255,-0.224749256326745,0.4562256627576266,-4.106558799743652
-0.07751987277009653,-0.21992004943389937,0.4195408653907348,1790750044,865300927,0.1420000046491623,0.05957464106360255,-0.224749256326745,0.4562256627576266,-4.106558799743652
-0.07655441652238448,-0.2199540580009515,0.41979920954925365,1790750044,915910963,0.14100000262260437,0.05957464106360255,-0.224749256326745,0.4562256627576266,-4.106558799743652
-0.08041622712684263,-0.2198180242395091,0.4187658367647985,1790750044,965567588,0.14499999582767487,0.05957464106360255,-0.224749256326745,0.4562256627576266,-4.106558799743652
-0.07848532901780858,-0.21988604086684724,0.419282521232216,1790750045,16642932,0.14300000667572021,0.05957464106360255,-0.224749256326745,0.4562256627576266,-4.106558799743652
-0.07848532901780858,-0.21988604086684724,0.419282521232216,1790750045,65673461,0.14300000667572021,0.05957464106360255,-0.224749256326745,0.4562256627576266,-4.106558799743652
-0.08041622712684263,-0.2198180242395091,0.4187658367647985,1790750045,116655906,0.14499999582767487,0.05957464106360255,-0.224749256326745,0.4562256627576266,-4.106558799743652
-0.08001468129429354,-0.21975443550849222,0.417296928734921,1790750045,165256341,0.14499999582767487,0.05971453504831418,-0.22477678399542145,0.4557094384938824,-4.099722488854582
-0.07952384455219665,-0.21967925743905012,0.4155526719643235,1790750045,215315579,0.14499999582767487,0.059885513270843946,-0.22480971142110123,0.4550964222079614,-4.091588224187223
-0.07855884461971933,-0.21937156300792923,0.4088993062690926,1790750045,265916318,0.1459999978542328,0.06055336762110379,-0.2249329589101035,0.4528636401605487,-4.061802854078304
-0.07338986040450762,-0.21920361637560196,0.40293198401845887,1790750045,315171738,0.14300000667572021,0.06136490478825341,-0.22507204588686355,0.45042637002534636,-4.028975260607379
-0.07215674791113082,-0.2186485615693425,0.3913438806767952,1790750045,365139419,0.1459999978542328,0.06277112930835631,-0.22529112366932735,0.446718456893926,-3.9782969863596627
-0.06993573293562995,-0.21806562668229382,0.37897399842533164,1790750045,415322778,0.14900000393390656,0.06447687867839806,-0.22553546093145538,0.4428367621275916,-3.924115135214194
-0.06599777949571237,-0.2175381735060898,0.36689393719864244,1790750045,465147079,0.1509999930858612,0.06642135042514424,-0.22579703201685863,0.43899083865101096,-3.8690372730203717
-0.05525179320699543,-0.21743724339658535,0.3583838164262635,1790750045,515893588,0.1459999978542328,0.06862303365522267,-0.22607860504992094,0.4351715336215789,-3.8126906825189146
-0.05260347800714932,-0.2167986314551421,0.3453268513889909,1790750045,565222470,0.1509999930858612,0.07095688704275933,-0.22636630722585685,0.4315955808395278,-3.758096056163042
-0.04343109606683962,-0.21662921111335348,0.33632368763640264,1790750045,615563311,0.14900000393390656,0.07353127448381641,-0.22667538572042317,0.4280835885912285,-3.7024126134964144
-0.038530746425514406,-0.2161014230685095,0.3241966892388075,1790750045,665073547,0.15299999713897705,0.07623138929012471,-0.22699392194693133,0.42479492380927997,-3.6479825181636025
-0.027644617264889024,-0.21611305155806912,0.3168750857530509,1790750045,715747805,0.15000000596046448,0.07916919448536677,-0.22733700547207364,0.4215881903104873,-3.5923357754874834
-0.019253117794341912,-0.21588739915491348,0.30740761841805225,1790750045,765559514,0.1509999930858612,0.08225357381733268,-0.22769592395231741,0.41857392721748854,-3.537133916739979
-0.01028301849361718,-0.21571021762797093,0.29835520944584315,1790750045,815433075,0.15199999511241913,0.08550557976949832,-0.2280749551251969,0.4157249509620772,-3.4817729413117124
-0.00138005741508114,-0.21550080327140653,0.28898135038725387,1790750045,865319691,0.15399999916553497,0.08890468368747825,-0.22847373584700703,0.4130634533973879,-3.4264709736186707
0.01141043832807992,-0.2158622142444116,0.2850372337804675,1790750045,915452586,0.15000000596046448,0.0924588972285799,-0.22889503066536357,0.4105812292327834,-3.370909655676545
0.02125040134443601,-0.21577001570165127,0.2767294339531893,1790750045,965367286,0.15199999511241913,0.09614335660486986,-0.2293379938188019,0.4083005316013681,-3.3153500011496937
0.031724884747569154,-0.21573422017494406,0.26887973236883733,1790750046,15636441,0.15399999916553497,0.09997563257492424,-0.22980664295935402,0.40621072698028104,-3.259347705198401
0.043351713324906484,-0.21594101865592452,0.26347810318641424,1790750046,65232982,0.15399999916553497,0.10386466955454789,-0.2302918602600872,0.4043618681012777,-3.204075221379911
0.05336363979417745,-0.21564995985997457,0.25305553280661897,1790750046,115453184,0.1599999964237213,0.10789678911633564,-0.230806230695219,0.40270987432388583,-3.1481036988476276
0.06577110817843407,-0.21598307338528952,0.24888610351020163,1790750046,165303522,0.1599999964237213,0.11194215425382366,-0.2313352146330933,0.40130836277374415,-3.0930811318321747
0.07937065117393667,-0.21677491808480007,0.24925934502179808,1790750046,215413075,0.15600000321865082,0.11606858971515592,-0.23188916527798173,0.4001262461062552,-3.037869980548026
0.09161270122176866,-0.2170574577908261,0.24455684774763795,1790750046,265209302,0.15800000727176666,0.12024878057382968,-0.2324665472617289,0.39917423751637804,-2.9826945520577923
0.10450558651362032,-0.21751446209851333,0.2414797219497604,1790750046,315635217,0.1589999943971634,0.12452885301147365,-0.2330758382353416,0.3984444013836448,-2.926764352890499
0.11755813397529691,-0.2181366005543593,0.24012214748306904,1790750046,365400981,0.1589999943971634,0.12880274612840828,-0.2337042165291184,0.39795815810386026,-2.871319396330577
0.1309014798839158,-0.2189407453995289,0.24047701327344645,1790750046,415980915,0.15800000727176666,0.13316627759149724,-0.2343678398230306,0.3977057566598592,-2.8149228726690003
0.14381204937080008,-0.21999700971999997,0.24356065296879711,1790750046,465613420,0.1550000011920929,0.1374521252652007,-0.23504336638629791,0.3976974716916135,-2.7595856070972453
0.15661942994795597,-0.2209307314007937,0.24536383286483238,1790750046,515501962,0.15399999916553497,0.14174918548870455,-0.2357460808947396,0.3979265445347523,-2.70396314980143
0.1691615546361471,-0.22192604882908226,0.24785486097643888,1790750046,565092447,0.15299999713897705,0.14599528842424112,-0.2364679056212739,0.39839009816481774,-2.648714511414033
0.1822172758336041,-0.2227143840084155,0.24812249099349823,1790750046,615133259,0.1550000011920929,0.15024199620423243,-0.2372194673621144,0.39909329750613015,-2.5929718480000825
0.19450338870152462,-0.2238483614766651,0.25200889727465114,1790750046,665312747,0.15399999916553497,0.1544207452458472,-0.23799097036385855,0.40002703146926155,-2.5374834236128727
0.2071899464275156,-0.224871162252258,0.25468298359065444,1790750046,715837857,0.1550000011920929,0.1585585804722478,-0.2387892577317979,0.40119672776878956,-2.481692489656384
0.21932966089928396,-0.22604592096431692,0.2589804190571038,1790750046,765409629,0.1550000011920929,0.16260176403817603,-0.2396061599441798,0.40258775176011485,-2.4261746161889124
0.22929894322364508,-0.22772786747316162,0.2685469515075398,1790750046,815616136,0.15000000596046448,0.1666169825479703,-0.24045759182040874,0.4042264551624237,-2.3697955806783475
0.24129113459632318,-0.22895611221081313,0.27327018066324843,1790750046,866082959,0.1509999930858612,0.17053920059740163,-0.24133309892806734,0.4060932658071469,-2.313282708800932
0.25234006462404157,-0.23030631888789066,0.2794315291794869,1790750046,915740528,0.1509999930858612,0.17428238431242227,-0.24221438391136096,0.4081412585852159,-2.2577040243619604
0.2624863238242482,-0.23179245225701342,0.28703510692320594,1790750046,965298708,0.15000000596046448,0.17791153511386967,-0.24311790543585418,0.4103997737165309,-2.2019850992226147
0.2722659125850621,-0.23334382373857612,0.2952519231977403,1790750047,15433122,0.14900000393390656,0.18144636308423306,-0.24405162003305517,0.41288760528139457,-2.1455731900957207
0.2833888408856463,-0.23472267081619957,0.30163299068335675,1790750047,65291469,0.1509999930858612,0.18480206220480566,-0.24499551665398656,0.41554573632517744,-2.0896667110048113
0.2914847500895264,-0.23643047478351473,0.3116116080123734,1790750047,115442680,0.14900000393390656,0.18801468379440137,-0.24596139409550166,0.4184016268823736,-2.033467441907426
0.30039146038115105,-0.2380495662992208,0.3205962166883938,1790750047,165617983,0.14900000393390656,0.19105882418857348,-0.24694425735654293,0.42143400874316084,-1.9772554565547138
0.3079812916509248,-0.23976282330014181,0.33067663715867796,1790750047,215672461,0.14800000190734863,0.19391517937070596,-0.24793969227564439,0.4246237574317825,-1.9211809277978515
0.31327678443738094,-0.24159355451284809,0.3422139815340398,1790750047,265461096,0.14499999582767487,0.19656170519285043,-0.24894064406254487,0.4279380116663045,-1.865606745901823
0.32454363093088034,-0.24307156139152925,0.3495704257198937,1790750047,315499537,0.15000000596046448,0.1990245321072877,-0.24995856968198849,0.43140884417638464,-1.8097899603715897
0.32685806143323015,-0.24504122901150333,0.36275277842803716,1790750047,365173467,0.14499999582767487,0.20128467264273256,-0.25098866260160835,0.43500892592697016,-1.7540135113354234
0.33548462796028866,-0.24671836979496722,0.37230454896807774,1790750047,415234798,0.14800000190734863,0.20335222695652075,-0.2520386191406235,0.438762987984163,-1.6977327871121222
0.3407789077342899,-0.24850828121621044,0.38345416682201505,1790750047,465183609,0.14800000190734863,0.20516760601019038,-0.253076122115585,0.4425533228125065,-1.6425181607258934
0.33982309200187305,-0.2504747133130154,0.396978345218215,1790750047,515336347,0.1420000046491623,0.20676614189884818,-0.25412169607171764,0.446440945901974,-1.5872578588728763
0.3397537792487966,-0.2517871062816372,0.4057701712930198,1790750047,565481760,0.13899999856948853,0.20774334623842694,-0.25485138528759993,0.449185092379049,-1.5489457007287653
0.34390379248504127,-0.25287916968308377,0.41234172791559154,1790750047,615244645,0.14100000262260437,0.20853718492596268,-0.25551733311677427,0.45171078164079537,-1.5141135231829403
0.34372285294740906,-0.25332662937104966,0.4153426321118886,1790750047,665442309,0.14000000059604645,0.2088129983339353,-0.2557691424507641,0.45267044245377447,-1.5009742190116868
0.34808957912419825,-0.25354863564005226,0.4161436824563638,1790750047,715460472,0.14399999380111694,0.2089909336960914,-0.25593846286423433,0.45331697637318114,-1.4921496107130552
0.3433352507891949,-0.25367583200138083,0.41771531810306745,1790750047,765225764,0.13899999856948853,0.2090177587232997,-0.2559644947536184,0.45341647985240696,-1.4907933473587036
0.34430156564998915,-0.2536593667681873,0.41745847468963415,1790750047,815638300,0.14000000059604645,0.2090177587232997,-0.2559644947536184,0.45341647985240696,-1.4907933473587036
0.3462341953715776,-0.25362643630180026,0.41694478786276756,1790750047,865063952,0.1420000046491623,0.2090177587232997,-0.2559644947536184,0.45341647985240696,-1.4907933473587036
0.3423689359284007,-0.2536922972345743,0.41797216151650074,1790750047,915605024,0.1379999965429306,0.2090177587232997,-0.2559644947536184,0.45341647985240696,-1.4907933473587036
0.3433352507891949,-0.25367583200138083,0.41771531810306745,1790750047,965100593,0.13899999856948853,0.2090177587232997,-0.2559644947536184,0.45341647985240696,-1.4907933473587036
0.3423689359284007,-0.2536922972345743,0.41797216151650074,1790750048,16135816,0.1379999965429306,0.2090177587232997,-0.2559644947536184,0.45341647985240696,-1.4907933473587036
0.3433352507891949,-0.25367583200138083,0.41771531810306745,1790750048,68056191,0.13899999856948853,0.2090177587232997,-0.2559644947536184,0.45341647985240696,-1.4907933473587036
0.3452678805107834,-0.2536429015349938,0.41720163127620086,1790750048,117413472,0.14100000262260437,0.2090177587232997,-0.2559644947536184,0.45341647985240696,-1.4907933473587036
0.3438270201976221,-0.25357763426005403,0.4157043752310255,1790750048,165616711,0.14000000059604645,0.20884881664769764,-0.2559953956438424,0.4527858957394838,-1.49914767190718
0.3432469907054939,-0.2534813275303041,0.41363554516678175,1790750048,215611930,0.14000000059604645,0.208642281438961,-0.256032057900562,0.45204213554842576,-1.509025820881748
0.34115815051862797,-0.2531627624944834,0.40675765762363636,1790750048,265372435,0.14000000059604645,0.20789820483309468,-0.2561565495752828,0.44956915469739644,-1.5420737283156185
0.3394518079962775,-0.2527823040110599,0.3986966025193248,1790750048,315442756,0.14100000262260437,0.20695511451316337,-0.25630020115026786,0.4467928742598049,-1.5795938879892484
0.3387471354032653,-0.25215142736499785,0.3860384486239977,1790750048,365156927,0.14499999582767487,0.20539909919907517,-0.25651221680204117,0.4428212237058612,-1.6341794973726624
0.33241728092174005,-0.25164195940451173,0.37472130419695443,1790750048,415322647,0.14399999380111694,0.20350345741703013,-0.2567460019628279,0.43868358271860436,-1.692415141312879
0.3279555923020357,-0.2510398569943744,0.3621554918559805,1790750048,465182523,0.1459999978542328,0.20133231002545135,-0.25699481857313883,0.4345922379972579,-1.751681453895457
0.32011244296831065,-0.25058198276071314,0.3513021691885904,1790750048,515333187,0.14499999582767487,0.19889810171827177,-0.2572578358578664,0.4305960229905723,-1.8115488421071642
0.31409375126397276,-0.25002025947443296,0.33922222100363214,1790750048,565294776,0.1469999998807907,0.196239755732495,-0.25753422263996156,0.42676064719331164,-1.871272565573173
0.3078631453964016,-0.24941454130798862,0.3265594073365911,1790750048,616336212,0.15000000596046448,0.19329332738814692,-0.2578316701140687,0.42301100417332904,-1.9323020460404294
0.2974324597882647,-0.24914435405956686,0.3179150274772771,1790750048,665834475,0.14800000190734863,0.1902301118282901,-0.25813634859875534,0.4195555764262617,-1.9914220608546433
0.2876185288465645,-0.24879928757990838,0.30820889425006015,1790750048,717065208,0.14800000190734863,0.18685268770122765,-0.25846935235208773,0.4161752578553506,-2.0526004120119046
0.27798366268904107,-0.24844382954418176,0.29844510083320297,1790750048,767212872,0.14900000393390656,0.1833195088170326,-0.25881846294434485,0.4130403281588342,-2.113104156226875
0.2673222825147741,-0.24821499487804113,0.2901801084111105,1790750048,816459745,0.14900000393390656,0.17966708021965944,-0.25918150914217297,0.41016886725043383,-2.172619135061275
0.2563923450043256,-0.24804881026913264,0.282690552147443,1790750048,865156181,0.14900000393390656,0.17592386039002936,-0.2595587873314267,0.40756386628704766,-2.231070674621086
0.24608854496051588,-0.24769773388486385,0.27300565201703864,1790750048,915681291,0.15199999511241913,0.17189267396235258,-0.259971782772935,0.4050977371883031,-2.2916487412940847
0.23387198298117295,-0.24764765981596157,0.26662327885663484,1790750048,965305601,0.15199999511241913,0.1677637085539224,-0.260404596429098,0.40289857058141965,-2.351655702122119
0.22079201189213937,-0.24775466271228208,0.26185090801321853,1790750049,15331088,0.1509999930858612,0.16347033417079027,-0.26086583181204553,0.4009311741187208,-2.4122476804129307
0.2092339150201635,-0.24749289444576755,0.2532242896596351,1790750049,65375354,0.1550000011920929,0.15910792035895394,-0.2613485683602291,0.3992393756238919,-2.472323909912375
0.195088096181297,-0.24792873288162287,0.2519505304654098,1790750049,115503073,0.15199999511241913,0.15465409427406865,-0.2618567347987502,0.39781039734639323,-2.5323996102762756
0.1817698199999285,-0.2479931257651613,0.24662523116750565,1790750049,166175415,0.15399999916553497,0.1500136997426393,-0.2624051300695018,0.3966247068369927,-2.5939660031686156
0.1682541867820335,-0.2481271773584356,0.2421372401979585,1790750049,215919068,0.15600000321865082,0.1453861974426098,-0.2629721651085683,0.39573633657059176,-2.6545608103231
0.15431608095600421,-0.24852724956861874,0.2404516525436335,1790750049,265172432,0.15600000321865082,0.1407564880603122,-0.2635622897317048,0.39513224606465847,-2.7146588702629115
0.13986874372460198,-0.24892902496770009,0.2385925394336591,1790750049,316028617,0.15700000524520874,0.1359482364132199,-0.2642005845849286,0.3947988476810356,-2.7767306517206727
0.12547697252473033,-0.2496081418943357,0.23961420151799306,1790750049,366479468,0.15600000321865082,0.1311761600565682,-0.2648628780620117,0.3947619159392845,-2.838253658614369
0.11130448133415666,-0.24996078713206027,0.2375051497849262,1790750049,415349386,0.1589999943971634,0.1265631687558058,-0.2655321253319099,0.3950034167694626,-2.8978411408377935
0.09708879471269803,-0.2509155875293301,0.24126119783835664,1790750049,465980996,0.15700000524520874,0.12179788319171889,-0.2662572289704767,0.3955437199574314,-2.959773513557124
0.08312339880504707,-0.25174412955561837,0.24385309218898604,1790750049,515509352,0.15700000524520874,0.11717773966133473,-0.26699556336820224,0.396354558681934,-3.020391827622482
0.06927707966238433,-0.2526618012669469,0.2473014758048914,1790750049,565530997,0.15700000524520874,0.11259798956541096,-0.267766300822238,0.39744858535200733,-3.081310660533879
0.05576132933409101,-0.25365680864710766,0.2515489978506718,1790750049,615259446,0.15700000524520874,0.10812642907576617,-0.2685597252664609,0.39880659885067654,-3.1418187767328205
0.04199155604867356,-0.2546534539955829,0.2557490928205686,1790750049,665054646,0.15800000727176666,0.10370104870517381,-0.2693904798316295,0.4004514109895025,-3.2030207550916625
0.029612436726440997,-0.256027505725515,0.26356206703836205,1790750049,715450839,0.15600000321865082,0.09932825513103755,-0.27026103934349555,0.4023897018562981,-3.2650799399420762
0.018926585245108485,-0.25764605765873355,0.2737488252350979,1790750049,765432382,0.15199999511241913,0.09511243251695597,-0.27115474604987705,0.40458165952220315,-3.326804513070769
0.006807057875859335,-0.2589878180169781,0.2811816427383955,1790750049,815742611,0.15199999511241913,0.09101496533515052,-0.27208184320144857,0.4070449548669556,-3.388967474758963
-0.005959078626436909,-0.26023124189226254,0.28771216690288653,1790750049,865591469,0.15399999916553497,0.08710845044872584,-0.2730295282394521,0.4097393714164861,-3.450744460503462
-0.013863934448755333,-0.2621258267487095,0.3004008119443165,1790750049,915610160,0.14900000393390656,0.08336499612198471,-0.27400619109673924,0.4126790074024394,-3.512763722940221
-0.022095646923078166,-0.2638979710916818,0.3118904264710004,1790750049,965419637,0.1459999978542328,0.07982812585931473,-0.2750041493842412,0.4158336644375608,-3.5745869700424633
-0.03246928261010282,-0.26543134874030166,0.32110014413544313,1790750050,15426421,0.1469999998807907,0.07648322516020002,-0.2760294524088427,0.4192124839003546,-3.6366672066822066
-0.04222200935301164,-0.2670234958864305,0.3309028517390754,1790750050,65116703,0.14800000190734863,0.07338248075390068,-0.2770694101182151,0.4227651510731528,-3.6983036395389886
-0.04490401832701078,-0.2692049319005059,0.3459953957931937,1790750050,115232173,0.14100000262260437,0.07048711476389104,-0.2781388686367468,0.4265315486561476,-3.7604577112415414
-0.057539266204653564,-0.270629429012111,0.3542097508050985,1790750050,165434828,0.1469999998807907,0.06781667310663199,-0.2792378640763741,0.43050380883114747,-3.8231383936522283
-0.05834113370919937,-0.2728655249140954,0.3695869763928357,1790750050,215685307,0.14000000059604645,0.06539919148736585,-0.28035786122977,0.43464231424972577,-3.885959208068352
-0.06418894500615747,-0.27468111304107057,0.3813676834759344,1790750050,265414201,0.14000000059604645,0.06331059552022907,-0.2814596285385087,0.43879519482811047,-3.946935789287436
-0.0655591459430546,-0.27670640978323924,0.3948779268181739,1790750050,315257382,0.13600000739097595,0.06148475004656616,-0.2825740005904572,0.4430590629633811,-4.007829807241194
-0.070498715779966,-0.2779187528510612,0.4026398709014964,1790750050,366755477,0.1379999965429306,0.06037504967554475,-0.28335487760276873,0.44607378747631954,-4.050031895275357
-0.07284749258809219,-0.27904693955604903,0.41001167630772767,1790750050,415282412,0.1379999965429306,0.059525317441631795,-0.28403040447612476,0.4486976335541735,-4.08628259600733
-0.07266479333404138,-0.27949102889570016,0.41295539007497023,1790750050,465339604,0.13699999451637268,0.059242801026967,-0.28427480756236445,0.4496500832750254,-4.09934430676381
-0.06834562755119408,-0.27993905079991904,0.4160641793065194,1790750050,517203525,0.13199999928474426,0.059058345192513545,-0.28444088118678706,0.450298096164819,-4.108203870910163
-0.07419481699476871,-0.27976680088169853,0.4147199239264057,1790750050,565154263,0.1379999965429306,0.05903728828564651,-0.2844601931097972,0.4503734965074312,-4.109233379364014
-0.0722639273431156,-0.27983482069167837,0.4152366395798608,1790750050,615614901,0.13600000739097595,0.05903728828564651,-0.2844601931097972,0.4503734965074312,-4.109233379364014
-0.0722639273431156,-0.27983482069167837,0.4152366395798608,1790750050,665508193,0.13600000739097595,0.05903728828564651,-0.2844601931097972,0.4503734965074312,-4.109233379364014
-0.07419481699476871,-0.27976680088169853,0.4147199239264057,1790750050,715280717,0.1379999965429306,0.05903728828564651,-0.2844601931097972,0.4503734965074312,-4.109233379364014
-0.07033302330513547,-0.27990284100844803,0.41575335908316835,1790750050,765085556,0.1340000033378601,0.05903728828564651,-0.2844601931097972,0.4503734965074312,-4.109233379364014
-0.07129847532412553,-0.2798688308500632,0.41549499933151457,1790750050,815424294,0.13500000536441803,0.05903728828564651,-0.2844601931097972,0.4503734965074312,-4.109233379364014
-0.0722639273431156,-0.27983482069167837,0.4152366395798608,1790750050,865873654,0.13600000739097595,0.05903728828564651,-0.2844601931097972,0.4503734965074312,-4.109233379364014
-0.07129847532412553,-0.2798688308500632,0.41549499933151457,1790750050,915859595,0.13500000536441803,0.05903728828564651,-0.2844601931097972,0.4503734965074312,-4.109233379364014
-0.06883019970238288,-0.2798597131260291,0.41405667971603827,1790750050,965528433,0.13300000131130219,0.05923531713289742,-0.28450068825877634,0.4496471994697051,-4.099604436323758
-0.066253023383642,-0.2798415381220996,0.4123152432018509,1790750051,15205077,0.13099999725818634,0.05947760490276995,-0.28454876999754425,0.4487933237492116,-4.088251900220068
-0.06868580056343893,-0.2793650028969384,0.40335011072422433,1790750051,65575788,0.13600000739097595,0.060336739871211735,-0.2847094467965223,0.44601886966491355,-4.05110463533176
-0.06472976313223947,-0.27908577389352807,0.39522348704528576,1790750051,115821045,0.13500000536441803,0.06143315321390377,-0.28489709035204386,0.4429115210627198,-4.00896250567656
-0.060676978459004174,-0.2786052498227336,0.3828585365830689,1790750051,166047108,0.13600000739097595,0.06324173325710775,-0.2851773151296905,0.4385088991566025,-3.948084242896651
-0.053877713027512,-0.27824725618485857,0.3712368110277976,1790750051,215377889,0.13500000536441803,0.06538575629345132,-0.2854820800603471,0.4340769547053164,-3.8851082240243207
-0.050369484593143526,-0.2776385034134068,0.3570552068588495,1790750051,265453386,0.13899999856948853,0.06790306392744785,-0.28581765609468013,0.42962038673307423,-3.819625370508249
-0.04171102371409377,-0.2773630997533035,0.34577570203076474,1790750051,315386299,0.1379999965429306,0.0707060195926182,-0.28617399982588876,0.42532930320592605,-3.7540369500978454
-0.03388388234868697,-0.27701855480619614,0.3338347490118886,1790750051,365372870,0.13899999856948853,0.07379575102936475,-0.28655378775048373,0.42121424025888743,-3.688169375604998
-0.025931499650773238,-0.2766560983214456,0.32165264839033136,1790750051,415566182,0.14100000262260437,0.07716094732990694,-0.28695910488165133,0.41729153258985785,-3.6219898590928215
-0.0163447138757431,-0.27642281477739633,0.3105886980748954,1790750051,465489632,0.1420000046491623,0.0808001939213148,-0.2873925019222,0.41357672734727424,-3.5553797299800056
-0.005899553384331985,-0.27625713948353237,0.30005978238575814,1790750051,515724954,0.14300000667572021,0.08470677441236552,-0.2878569237006198,0.410082235905803,-3.488209032030404
0.004444341519411907,-0.276079681632668,0.28958677483642414,1790750051,565324384,0.14499999582767487,0.08874733187671191,-0.28833941502058463,0.4069226327149939,-3.4224532495748607
0.016698701862779775,-0.2761472828579766,0.2813769499942628,1790750051,615335492,0.14499999582767487,0.09301066598585062,-0.2888542381478778,0.40401469381306165,-3.3562512302283585
0.028203085784409318,-0.27603140055740377,0.2712810289160348,1790750051,665168960,0.14800000190734863,0.09750326685140419,-0.2894052134468093,0.40136802518182646,-3.2893330118316495
0.04229824533084546,-0.2763658321495365,0.2654577505753099,1790750051,715343643,0.1469999998807907,0.10220225524599358,-0.28999369301647426,0.3990047122376019,-3.221774623834594
0.05657571396981163,-0.27679645640109707,0.2606634143650319,1790750051,765290566,0.1459999978542328,0.10700789549883771,-0.2906102012883663,0.396978398471141,-3.154753846899309
0.07027744868828503,-0.27703943789258495,0.25397309726271133,1790750051,815436721,0.14800000190734863,0.11194917244960241,-0.2912622673007459,0.3952712894909278,-3.087507612261667
0.08453365314662295,-0.2773756994049509,0.24817990167392248,1790750051,865282180,0.15000000596046448,0.11699363615149479,-0.29194869308134236,0.39389873761070404,-3.0202224906907063
0.10030603213843031,-0.27840181400548447,0.24921098314320128,1790750051,915500353,0.1459999978542328,0.12215745865038195,-0.29267596976627885,0.39285903572361514,-2.9523526824457114
0.11521687053550277,-0.2790384997086447,0.24638436056373597,1790750051,965198321,0.1469999998807907,0.1273526450395778,-0.2934348506649099,0.392173482315953,-2.884788874504791
0.13048666772958323,-0.2796875226475327,0.2435643133060031,1790750052,15345522,0.14900000393390656,0.13262862669262046,-0.2942368965273449,0.39183679525666804,-2.816541789996272
0.14606482650463903,-0.2805433269918492,0.24278818041876357,1790750052,65332704,0.15000000596046448,0.13793639125153512,-0.2950784559303206,0.3918608484542472,-2.7479705314271836
0.1618983795212525,-0.2814133558766022,0.2421010179350033,1790750052,115418961,0.15199999511241913,0.14324124945296768,-0.2959586961044163,0.3922487554785563,-2.6791627045608384
0.1774282328391632,-0.28268536017061696,0.2454768031403594,1790750052,165610366,0.1509999930858612,0.14854609470567423,-0.29688195461739975,0.393007399000614,-2.6097836185150243
0.1928072723141277,-0.2839599756072894,0.24892346089431724,1790750052,215536769,0.1509999930858612,0.1537567998544031,-0.29783649483524394,0.39412504741016297,-2.5406898429871054
0.20629593105475819,-0.2857830342774817,0.2581325363365026,1790750052,265331441,0.1459999978542328,0.15887850248781907,-0.2988261614929444,0.39560058234711726,-2.471527380348581
0.2211877719421378,-0.28716326107965506,0.26265246222518407,1790750052,315330818,0.1469999998807907,0.16390184410305297,-0.2998540873782475,0.3974347509890517,-2.402034174276001
0.23392484548047696,-0.28896946279955005,0.2717470060021575,1790750052,365252231,0.14399999380111694,0.16876348302225333,-0.30091049790006424,0.3996039836687597,-2.33279390164295
0.24744931685295685,-0.29061758825733,0.27909357607062324,1790750052,415570155,0.14399999380111694,0.17349015440159546,-0.30200617259189594,0.40212341249687117,-2.2630310706656394
0.26155430429711685,-0.29219987022728366,0.2857208090698556,1790750052,465233456,0.1459999978542328,0.17802097500798997,-0.3031307642913695,0.404962990475053,-2.1933267625787547
0.2741803685656987,-0.294047893026932,0.2950812364338731,1790750052,515484463,0.1459999978542328,0.18239365730797877,-0.3043000328007894,0.4081568422911278,-2.122641877298778
0.2847691444890632,-0.29610972822063947,0.30678958169271087,1790750052,565346681,0.14399999380111694,0.18653446467548523,-0.30549946050200283,0.4116598769355958,-2.051782915970543
0.2951983064381234,-0.2981777900524062,0.318519298763159,1790750052,615469503,0.14300000667572021,0.19043432391014448,-0.3067330310250013,0.41547453444455057,-1.9804220869896216
0.30317206388177464,-0.3004152401916073,0.3321826969230645,1790750052,665606269,0.14000000059604645,0.19405468136319198,-0.3079930937865215,0.419566752299777,-1.908897331767657
0.31241044789372807,-0.3025177361491175,0.3444170813613175,1790750052,715361339,0.14000000059604645,0.19734109270370168,-0.30926521142703406,0.4238747130930678,-1.8378908280544761
0.3225313721721481,-0.3046073839981549,0.35636277744086786,1790750052,765323419,0.1420000046491623,0.20033003952259765,-0.31056718137211553,0.4284413209493029,-1.7663223186410968
0.32644961173568915,-0.30697945515804753,0.37177742099399524,1790750052,815179943,0.1379999965429306,0.20297159747494994,-0.31188397738981877,0.4332031867747456,-1.6948558060708105
0.33223041442068846,-0.30899475769475593,0.3842441259460138,1790750052,865345848,0.1379999965429306,0.20504484094956515,-0.3130793207039822,0.4376402427682511,-1.6305452368652658
0.3332944266378254,-0.3110781337710269,0.3980425072846715,1790750052,915376354,0.1340000033378601,0.20677869679103042,-0.31425285015023874,0.4420844437973963,-1.5678729916869536
0.3394539880594969,-0.3121170916845939,0.4039142166986817,1790750052,965589037,0.1379999965429306,0.2076310177923142,-0.3149199495381223,0.44464316885361965,-1.5324351062076296
0.3403187791622234,-0.3131064835648903,0.41037841160169186,1790750053,15540200,0.13699999451637268,0.208284218253779,-0.3154909510476828,0.44685014775482745,-1.5021878299581906
0.34070123580943334,-0.3133245168476451,0.4117705123115873,1790750053,65515651,0.13699999451637268,0.20842137480170783,-0.31561934104733536,0.44734818299356816,-1.495398852046236
0.33988198056820507,-0.3134263631331856,0.41257274036425895,1790750053,116560605,0.13600000739097595,0.20847407549929117,-0.3156696136828976,0.44754318964241435,-1.492743930224259
0.33796776943089946,-0.3134700741730205,0.4131551553544387,1790750053,165172448,0.1340000033378601,0.20848071680078684,-0.3156759859456508,0.44756791532751183,-1.4924074411392212
0.33893409265341934,-0.3134536121119153,0.412898343198802,1790750053,215178556,0.13500000536441803,0.20848071680078684,-0.3156759859456508,0.44756791532751183,-1.4924074411392212
0.34086672469915036,-0.31342068823500835,0.41238472271432014,1790750053,265226637,0.13699999451637268,0.20848071680078684,-0.3156759859456508,0.44756791532751183,-1.4924074411392212
0.33990041587593933,-0.31343715005081013,0.41264153104316525,1790750053,315371847,0.13600000739097595,0.20848071680078684,-0.3156759859456508,0.44756791532751183,-1.4924074411392212
0.34279937114419023,-0.313387764112798,0.41187109840304664,1790750053,365241482,0.13899999856948853,0.20848071680078684,-0.3156759859456508,0.44756791532751183,-1.4924074411392212
0.3418330479216703,-0.3134042261739032,0.41212791055868336,1790750053,415705944,0.1379999965429306,0.20848071680078684,-0.3156759859456508,0.44756791532751183,-1.4924074411392212
0.3418330479216703,-0.3134042261739032,0.41212791055868336,1790750053,471870689,0.1379999965429306,0.20848071680078684,-0.3156759859456508,0.44756791532751183,-1.4924074411392212
0.33796776943089946,-0.3134700741730205,0.4131551553544387,1790750053,518536283,0.1340000033378601,0.20848071680078684,-0.3156759859456508,0.44756791532751183,-1.4924074411392212
0.33747040385103644,-0.31339088789306674,0.4113175499757721,1790750053,565521341,0.1340000033378601,0.20829866074490494,-0.3157128694091204,0.4468881850461388,-1.5014092902991747
0.33878243616192105,-0.3132608117883807,0.40859691770059897,1790750053,615235485,0.13600000739097595,0.20807527492387365,-0.31575666416171166,0.4460857257953774,-1.512065260990385
0.33715869398895304,-0.31287889100753274,0.3999640798430126,1790750053,667694362,0.13699999451637268,0.20714163854131784,-0.31592729334540587,0.44303693711298175,-1.5528580817937965
0.3341375782214192,-0.31251198324693763,0.39146282151689243,1790750053,715472239,0.13699999451637268,0.20604964294130526,-0.31610624885178634,0.43993508768967715,-1.594932596879342
0.32950070257991587,-0.3119115876710486,0.37778493094618115,1790750053,765419828,0.1379999965429306,0.20404374003576561,-0.3163950886894227,0.43509503314171716,-1.6619840664669823
0.3234647911134019,-0.31129383359757556,0.36354048834300773,1790750053,815551224,0.13899999856948853,0.2015533336813977,-0.31671498314288066,0.43009277821142533,-1.7335038771163054
0.316225323675539,-0.31069665513006267,0.34944159251668583,1790750053,865345914,0.14000000059604645,0.19865733334897834,-0.3170577057429973,0.4251865913784353,-1.806440359611953
0.307035618957453,-0.31018549668381284,0.3363115882708605,1790750053,915437208,0.14000000059604645,0.1953771145985867,-0.31742304883047245,0.42045430281085155,-1.8801627426864727
0.29979985865871045,-0.3094997736727789,0.3211311732290385,1790750053,966489728,0.14399999380111694,0.19172493559361845,-0.3178137911469776,0.4159293078764823,-1.9546493163847571
0.28828029917197184,-0.30917118381278835,0.31039221152587015,1790750054,15325960,0.14300000667572021,0.18793433154596534,-0.3182098432881495,0.41187123066453224,-2.0257907121037797
0.27511516458735297,-0.30898386420936313,0.3010270868160908,1790750054,65299337,0.14100000262260437,0.18375845571896068,-0.3186413457167495,0.40799290161336493,-2.098847278390174
0.26430545547872525,-0.3085281323459571,0.28866678770874465,1790750054,115493557,0.14399999380111694,0.1792904690806975,-0.31910321192012425,0.40441054777582086,-2.17227544788781
0.24898166847824443,-0.30867813170346736,0.28307381150822786,1790750054,165248173,0.14000000059604645,0.17466767472496844,-0.31958524590910026,0.40121976090572664,-2.244349010949369
0.23621470405586653,-0.3084577415856773,0.2733814889162491,1790750054,215604671,0.1420000046491623,0.16977949372241277,-0.32010371777280644,0.39834042371869005,-2.3171643572513854
0.22240229463431452,-0.3084006110730831,0.26555444821083657,1790750054,265426815,0.14300000667572021,0.16475628001722598,-0.3206485954113197,0.39584614321735934,-2.389211430443439
0.20895207212222322,-0.3081682456350634,0.2558774255427636,1790750054,315429840,0.1469999998807907,0.1595507984466679,-0.3212297190845324,0.3937103390123488,-2.4615209592737455
0.19262106827131992,-0.3087439292796687,0.2548325170049962,1790750054,365260762,0.14300000667572021,0.15427933173121341,-0.3218374865460765,0.39197285354555017,-2.532924234216479
0.17769245779350884,-0.3088799894792294,0.24915266202593372,1790750054,415303084,0.14499999582767487,0.14888719802437395,-0.32248271324558697,0.3906101528342842,-2.6045083303069116
0.16219297875297037,-0.30920674713138907,0.2455199559767175,1790750054,465345192,0.1459999978542328,0.14343969138602602,-0.3231609537444517,0.3896365535779957,-2.675814676288538
0.14631017555101325,-0.30973693334170177,0.24397804591570996,1790750054,515548773,0.1459999978542328,0.13792667821203905,-0.32387827394441127,0.3890495415024087,-2.7472979612643162
0.1306814374843844,-0.31026354268309775,0.24256840295516366,1790750054,565114638,0.1469999998807907,0.13250759894664343,-0.3246162757285381,0.3888546434338654,-2.817300950894894
0.11498570229287672,-0.3110972674270129,0.24424272856974982,1790750054,615093552,0.1459999978542328,0.12705524265327445,-0.32539632855828665,0.38903866228229855,-2.8877788620861455
0.09910906899571537,-0.3118482152129447,0.24505134564080674,1790750054,665415708,0.1469999998807907,0.12159895507670622,-0.32621815183152614,0.38960828912881246,-2.9587478231269184
0.08402990313906278,-0.3129949927497876,0.24987701255962314,1790750054,715418778,0.14499999582767487,0.11623469960878609,-0.3270721486836403,0.390552822687674,-3.0292685956010024
0.06874927827201613,-0.3139442604327548,0.25280872925212744,1790750054,765339432,0.1459999978542328,0.1110090771277993,-0.3279527368275018,0.3918550214112589,-3.0990928143737255
0.05358667097816168,-0.31500563144966276,0.2568365916008488,1790750054,815550060,0.1469999998807907,0.10586926522878999,-0.32887316872963174,0.39352317365324085,-3.169216989935819
0.03963747526932507,-0.31634637524935,0.26369095404986376,1790750054,865165453,0.1459999978542328,0.10090504248158345,-0.32981993105125107,0.39552701844568994,-3.2387910913365805
0.027074454670462322,-0.3179776378859707,0.2732861153072099,1790750054,915316534,0.14300000667572021,0.09604166550896746,-0.33081239149698544,0.3978966880454722,-3.3091674454595297
0.015530960480043265,-0.31967312203972864,0.2835467892651464,1790750054,965519773,0.14000000059604645,0.09140904652472774,-0.3318271126919378,0.4005715590205896,-3.3788583523057136
0.0012719601897215327,-0.3209456112599182,0.28971198398256076,1790750055,15990605,0.14300000667572021,0.08696358681184516,-0.3328776125767058,0.403569677533268,-3.4487820459469907
-0.009155514431507056,-0.32268853197631975,0.3005283085578026,1790750055,65677406,0.14100000262260437,0.0828361448276419,-0.33393351573471974,0.40679253446001484,-3.517167175920449
-0.018736217909854594,-0.3245008106096045,0.3119543512652023,1790750055,115527245,0.13899999856948853,0.07893432767775951,-0.33502027314732313,0.41029460261150075,-3.5857008439399065
-0.02813779967875607,-0.32629500677218043,0.323222661698643,1790750055,165517843,0.1379999965429306,0.07529675469783849,-0.33612992065839487,0.41404428068671717,-3.6540800569247156
-0.03427063323137586,-0.328341007180014,0.33680118876342785,1790750055,215276284,0.1340000033378601,0.07194593611418001,-0.3372585090666391,0.41800783535783703,-3.7220771889895437
-0.043508869027682834,-0.33011452968690563,0.3478567362962307,1790750055,265414235,0.13500000536441803,0.0688620164869281,-0.33841650962650466,0.42221305859728053,-3.7904792264385563
-0.04851175828082424,-0.33217975608193145,0.3615128523657901,1790750055,315456232,0.13199999928474426,0.06608257378604668,-0.3395938137821519,0.4266064051781694,-3.858729407028649
-0.05239909745960203,-0.33424097660955104,0.37515166890666585,1790750055,365404757,0.1289999932050705,0.06364156150680136,-0.3407740156160264,0.431123832656971,-3.9261998877177335
-0.059901901307663465,-0.33608969229578417,0.38696129415419606,1790750055,415415060,0.13099999725818634,0.06151545186002436,-0.3419705265803799,0.4357899887867061,-3.9936280381194953
-0.06056041770934191,-0.3376097876932557,0.3970709355477183,1790750055,465393158,0.12800000607967377,0.060213251569584,-0.34282241346662656,0.43914885015678534,-4.041025732598949
-0.06526324800745376,-0.3388308233876539,0.40492030013112135,1790750055,515309923,0.12999999523162842,0.05915596142594486,-0.34361453077372034,0.44229643192449974,-4.084732547648287
-0.06432376157310618,-0.3394068883657478,0.40876921540575395,1790750055,565175596,0.12800000607967377,0.05878603628381707,-0.34392105576435567,0.4435197768504467,-4.101559795752706
-0.06497781548567051,-0.3397625502727797,0.41108759207649875,1790750055,615263574,0.12800000607967377,0.05853764008460663,-0.3441377447375548,0.4443861125400091,-4.113427497910957
-0.06218170785257586,-0.3399205518704963,0.41222760633780187,1790750055,665463331,0.125,0.05849955611384604,-0.3441718235935139,0.44452248543966366,-4.115292072296143
-0.06411261198911976,-0.3398525313850808,0.41171088722501303,1790750055,715374161,0.12700000405311584,0.05849955611384604,-0.3441718235935139,0.44452248543966366,-4.115292072296143
-0.06314715992084788,-0.3398865416277886,0.4119692467814075,1790750055,765117250,0.12600000202655792,0.058499556113845996,-0.34417182359351395,0.4445224854396637,-4.115292072296143
-0.06314715992084781,-0.3398865416277886,0.41196924678140745,1790750055,815784388,0.12600000202655792,0.05849955611384604,-0.3441718235935139,0.44452248543966366,-4.115292072296143
-0.06218170785257586,-0.3399205518704963,0.41222760633780187,1790750055,865395263,0.125,0.05849955611384604,-0.3441718235935139,0.44452248543966366,-4.115292072296143
-0.06314715992084781,-0.3398865416277886,0.41196924678140745,1790750055,916548487,0.12600000202655792,0.05849955611384604,-0.3441718235935139,0.44452248543966366,-4.115292072296143
-0.0641126119891198,-0.3398525313850806,0.4117108872250129,1790750055,966370465,0.12700000405311584,0.058499556113846,-0.34417182359351367,0.44452248543966355,-4.115292072296143
-0.06121625578430391,-0.339954562113204,0.41248596589419634,1790750056,15305244,0.12399999797344208,0.05849955611384604,-0.3441718235935139,0.44452248543966366,-4.115292072296143
-0.06361421258440365,-0.3397884999305481,0.4098950146750732,1790750056,65412251,0.12700000405311584,0.05868863241197213,-0.34421514017649435,0.4438275947629017,-4.1061202955988225
-0.06107966630159501,-0.3397848373450522,0.4082961473112028,1790750056,115802361,0.125,0.05892170585061412,-0.34426696506669535,0.4430032245818964,-4.095209697310131
-0.060859412036182815,-0.3394770346347659,0.4008432825503537,1790750056,165448699,0.12700000405311584,0.059733100296277354,-0.3444370661643922,0.4403634683553572,-4.06003655951218
-0.05722021419493567,-0.33926549841848735,0.39350701650644593,1790750056,215352881,0.12600000202655792,0.060757100588724564,-0.34463346087338814,0.43742214699939247,-4.020366971297616
-0.05181056061168437,-0.3389685006548831,0.38288067658722297,1790750056,265610842,0.125,0.062467439656926284,-0.3449294965201227,0.43317983346785094,-3.9620908169911413
-0.047291554332597505,-0.3385931058731434,0.3711381945195843,1790750056,315783108,0.12600000202655792,0.06453325954397078,-0.34525541913454727,0.4288168308953724,-3.9005718563754517
-0.04540548621009366,-0.33801423166724553,0.3575088386535682,1790750056,365633142,0.13099999725818634,0.06688038139618616,-0.3455991819376205,0.4245562229943892,-3.838572361268254
-0.03426334414694222,-0.33805985539664607,0.3493828685126016,1790750056,415438091,0.12600000202655792,0.06948687427115026,-0.3459607311317927,0.42044248328434436,-3.7764781421085787
-0.03217807035418033,-0.33739008846716523,0.33474071210902945,1790750056,465528366,0.13300000131130219,0.07237305612999585,-0.3463430414421288,0.4164591735037735,-3.713751091452338
-0.02519700387426986,-0.3370725230827775,0.3232677535795729,1790750056,515399937,0.13500000536441803,0.07548764542164065,-0.3467441052371641,0.4126772795999213,-3.651246686559272
-0.0174916007313798,-0.3367961981110438,0.3122294566653631,1790750056,565326063,0.13699999451637268,0.07880696857534386,-0.34716176978768704,0.4091218659180009,-3.58918339608442
-0.006369817017603016,-0.3368846700882308,0.3045791695408057,1790750056,615458181,0.13500000536441803,0.08234571190298166,-0.3476028709662503,0.4057704564516471,-3.5269593736136784
0.005144199172642264,-0.33705079850288594,0.2976869455323393,1790750056,665930995,0.13300000131130219,0.08609737644228647,-0.34806737923755754,0.4026355919632124,-3.4645291542044365
0.012897651487311243,-0.33669539122285774,0.2859273771147223,1790750056,715713796,0.1379999965429306,0.08997550407489878,-0.34854943976190556,0.3997802875718946,-3.4029909840069656
0.024095735075542427,-0.33682131004536897,0.2788265367020734,1790750056,765324347,0.1379999965429306,0.09399908914444978,-0.349052040447094,0.39718163532315587,-3.3417699203074287
0.0344141074025064,-0.3367474093075398,0.26972779726194307,1790750056,815224140,0.14100000262260437,0.09819317293393957,-0.34958308130874916,0.3948216702685335,-3.2802105327925535
0.047042708386137735,-0.3371062149959458,0.26484872404351256,1790750056,865574491,0.14000000059604645,0.10252824186990397,-0.350139579531262,0.39272165765264044,-3.218573262354251
0.059394558420709245,-0.33744662504909795,0.2598988690698054,1790750056,915383033,0.14000000059604645,0.10692484036644913,-0.35071587390433856,0.39091337017509975,-3.157688830475206
0.07174074216776066,-0.337765304158627,0.25475499195120255,1790750056,965044473,0.14100000262260437,0.11142080805167182,-0.3513173536716803,0.3893760715227862,-3.0968102910267685
0.08472464637814217,-0.33817172502040477,0.2502881907461239,1790750057,15782232,0.1420000046491623,0.116099722276573,-0.3519604111427731,0.3880905059216993,-3.034578639721864
0.09704013760982513,-0.3383413509980708,0.24376258343805754,1790750057,64990513,0.1459999978542328,0.12067314302818916,-0.35260567058075515,0.3871292797631616,-2.97461394728801
0.11098945098870502,-0.339195403458888,0.24384963353422406,1790750057,115793337,0.14399999380111694,0.125435818156536,-0.35329928583769016,0.3864272656937562,-2.912776209090454
0.12437028553818308,-0.33991622995555765,0.24283291841748045,1790750057,165288869,0.14399999380111694,0.13011407494810798,-0.35400214808951536,0.38602717112428286,-2.8524307747530395
0.13806228777311397,-0.3406351043425782,0.2416340821317483,1790750057,215716303,0.14499999582767487,0.1348923788015073,-0.3547465152243855,0.3859109636826824,-2.7909317574650205
0.1515464717482804,-0.34141394521901614,0.24125777852227762,1790750057,265174919,0.1459999978542328,0.13955702363769548,-0.3554994609752718,0.3860812944073708,-2.7308357000715597
0.16516621644419885,-0.3423849912796219,0.24271525828716442,1790750057,315497371,0.1459999978542328,0.14427512808069462,-0.3562923476314344,0.3865420542597089,-2.669731457123654
0.17780035611359055,-0.3436938690770003,0.24787399544135635,1790750057,365254552,0.14300000667572021,0.14886313765172432,-0.35709475572674054,0.38727290337806536,-2.6098071925880877
0.19104549243211372,-0.34470686897947045,0.24991736675284623,1790750057,415406197,0.14399999380111694,0.15342214383701444,-0.35792821623330595,0.3882852742748105,-2.5495008390665235
0.20326579194302133,-0.34606760711670526,0.25561183623263495,1790750057,465408574,0.1420000046491623,0.15791782295576917,-0.35878748704617813,0.3895736505069763,-2.489063361092569
0.21725155899159138,-0.34696829494319537,0.25645739609818907,1790750057,515347303,0.1459999978542328,0.16231993000950642,-0.35967140028223965,0.391131620155934,-2.428645381467389
0.22831872937739833,-0.3485446674423441,0.26451190141157754,1790750057,565425226,0.14300000667572021,0.16660300178500545,-0.3605750803728642,0.3929464763581968,-2.368414403380944
0.24011773711950074,-0.34992148409120577,0.2704987378118229,1790750057,615349658,0.14300000667572021,0.17074559922011365,-0.3614980083384789,0.3950077434253798,-2.3084349771157076
0.2505438580027989,-0.3515273903810225,0.2789174539986567,1790750057,665439007,0.14100000262260437,0.17478437824553314,-0.36244909765166855,0.3973329017948678,-2.247979143765004
0.2621039919684297,-0.352960891571546,0.28547394045366403,1790750057,715528486,0.1420000046491623,0.1786718264478691,-0.3634224559503076,0.3999013442853551,-2.187471603296637
0.27375326798106525,-0.354363991550416,0.29184812189876286,1790750057,765279649,0.14399999380111694,0.18233319107445584,-0.3643984173689128,0.40265280614814114,-2.1279494380589328
0.28175804141508387,-0.35617774530938245,0.302703450357093,1790750057,815498647,0.14100000262260437,0.18584352888625125,-0.36540065564709545,0.40564199974862736,-2.067971829345322
0.29036511431842293,-0.3578855428031106,0.312475009626746,1790750057,865529579,0.14000000059604645,0.18914941366578172,-0.3664145216971045,0.4088214606631684,-2.0082623628542895
0.29910403012018494,-0.35957855980441034,0.322077981161798,1790750057,915672873,0.14000000059604645,0.19225889215802058,-0.36744682304340814,0.41220126946366203,-1.9484266322138675
0.307133527658991,-0.3612888440522791,0.3320402967405993,1790750057,965524897,0.14000000059604645,0.195116654015347,-0.36847784627926805,0.4157095170846258,-1.889434788767735
0.3153742914573173,-0.3629885782440677,0.3418953790511561,1790750058,15372569,0.14100000262260437,0.19775150206653075,-0.3695204604385051,0.41937579380548673,-1.8305346535535818
0.3204952588821904,-0.36486942039078485,0.3538497680554954,1790750058,65369798,0.13899999856948853,0.20017853158026347,-0.3705821074321712,0.42322015035542754,-1.7711890731680346
0.32310461893765724,-0.3668514702269072,0.3670029604009102,1790750058,115877297,0.13500000536441803,0.20238861067915803,-0.37166628064058027,0.42724799670438696,-1.7111876592418618
0.32912541870928774,-0.36856194901733225,0.3774710249864711,1790750058,165213995,0.13600000739097595,0.2042447676768186,-0.3726979336099719,0.4311712916478353,-1.654485645420777
0.3327394236344192,-0.37038089895345516,0.3891798487206301,1790750058,215617559,0.13500000536441803,0.20589169028512647,-0.3737526535861529,0.4352589683219908,-1.5968981870292833
0.3371738506675198,-0.37148366465668226,0.3958828030523843,1790750058,265312786,0.13699999451637268,0.20681035755225022,-0.37442635061353996,0.4379030215148164,-1.5603207747108434
0.33444734313457164,-0.37262669902770706,0.4040399303042594,1790750058,315295857,0.13199999928474426,0.20755726052300658,-0.3750397861117014,0.4403315788852723,-1.5271187133546107
0.33699895065053465,-0.37293606347487507,0.4057188580574028,1790750058,365477632,0.1340000033378601,0.20778616715775736,-0.37524321663731425,0.44114109007177815,-1.5161263039664064
0.33737419664295143,-0.373149474748561,0.4070959454767559,1790750058,415809473,0.1340000033378601,0.20792267422821387,-0.3753686752763455,0.4416412691555217,-1.5093516163681275
0.3364617376755887,-0.37319703219505457,0.4075535558220696,1790750058,465478886,0.13300000131130219,0.20794226196154764,-0.3753869501712763,0.4417141906266487,-1.5083650350570679
0.3364617376755887,-0.37319703219505457,0.4075535558220696,1790750058,515509003,0.13300000131130219,0.20794226196154764,-0.3753869501712763,0.4417141906266487,-1.5083650350570679
0.3374280514718224,-0.37318056661315535,0.407296708425857,1790750058,565459639,0.1340000033378601,0.20794226196154775,-0.37538695017127655,0.44171419062664874,-1.5083650350570679
0.33646173767558873,-0.37319703219505457,0.4075535558220696,1790750058,615389219,0.13300000131130219,0.20794226196154766,-0.3753869501712763,0.4417141906266487,-1.5083650350570679
0.33549542387935505,-0.37321349777695406,0.40781040321828216,1790750058,665726116,0.13199999928474426,0.20794226196154766,-0.3753869501712763,0.44171419062664863,-1.5083650350570679
0.338394365268056,-0.37316410103125575,0.4070398610296443,1790750058,716692534,0.13500000536441803,0.20794226196154766,-0.3753869501712764,0.44171419062664863,-1.5083650350570679
0.3374280514718223,-0.37318056661315513,0.4072967084258569,1790750058,774078932,0.1340000033378601,0.20794226196154766,-0.3753869501712763,0.44171419062664863,-1.5083650350570679
0.33549542387935505,-0.37321349777695406,0.4078104032182822,1790750058,819784494,0.13199999928474426,0.20794226196154764,-0.3753869501712763,0.4417141906266487,-1.5083650350570679
0.33602170007470333,-0.37313096950135927,0.40592364389709396,1790750058,866099689,0.13300000131130219,0.20778045744760015,-0.37542354192360644,0.44110784702792516,-1.5164197295224173
0.3383870972538705,-0.37300123079913683,0.40324196989109184,1790750058,915306886,0.13600000739097595,0.20758926049630388,-0.37546552391090854,0.440415282486901,-1.525641857139862
0.3336805850165087,-0.37281157982026836,0.3980023162494823,1790750058,965453486,0.13300000131130219,0.20691905899515328,-0.3756043134197621,0.438160958016677,-1.5558344742620778
0.33612723478114975,-0.3724205393095358,0.3895877326244248,1790750059,15510159,0.1379999965429306,0.2060850266434138,-0.37576196293352615,0.43565136292725326,-1.58979292583486
0.3314012936422531,-0.37204041973858176,0.3800383710559134,1790750059,65585462,0.13699999451637268,0.20471690501953638,-0.37599395501362265,0.4320425414233332,-1.639369305795218
0.32394403308671654,-0.37171137452461234,0.37062333181291957,1790750059,117938265,0.1340000033378601,0.20299837862776418,-0.3762562378554245,0.42813414626851964,-1.6942321141528447
0.3182450581811175,-0.37138516379604797,0.36161074373223656,1790750059,165347437,0.13300000131130219,0.20122973771359734,-0.3765043708514288,0.42462033700035795,-1.744791804781542
0.3143096737710833,-0.3709360041743866,0.35076502086474176,1790750059,215885214,0.13500000536441803,0.1991486014208501,-0.3767772768628977,0.4209704935639246,-1.7988073161205433
0.30906128112095976,-0.370547717302688,0.3408293827287523,1790750059,265302431,0.13600000739097595,0.19693062794623709,-0.3770512830688522,0.41751329408752913,-1.851623305313797
0.3007467723656275,-0.3703284500097366,0.3327767526263753,1790750059,315744652,0.1340000033378601,0.19448406105605084,-0.3773406923497494,0.4141098057908116,-1.9055344655064568
0.29599893592747906,-0.3698774343916096,0.3221595979497904,1790750059,365419907,0.13699999451637268,0.19190594554320586,-0.37763450898946016,0.41089220550771766,-1.9585777910578321
0.29047765858763064,-0.36943045456704754,0.31157078476805594,1790750059,415823730,0.14000000059604645,0.18912227292855363,-0.37794423654312675,0.407771624064065,-2.0123903485844483
0.2838021358165338,-0.36906457200726517,0.30209352222558317,1790750059,465138872,0.1420000046491623,0.18625097511777383,-0.37825733505620746,0.4048712701782058,-2.0649277611645007
0.27121470143307536,-0.3692661127235297,0.2988362077223432,1790750059,515425704,0.13600000739097595,0.18317402186105394,-0.37858975900721187,0.40207336368287394,-2.1184793408623954
0.2660990653541174,-0.36868694068333463,0.2870210452805133,1790750059,565359395,0.1420000046491623,0.17999323496824052,-0.37893099477307063,0.39947035230251005,-2.1714247080109046
0.2559841578620183,-0.36863594363651736,0.2809406110761027,1790750059,616294479,0.14100000262260437,0.176616509122949,-0.3792939507220815,0.39699311625444955,-2.2253899176825684
0.24547734151695796,-0.3687173491491495,0.27652575534265683,1790750059,665492084,0.13899999856948853,0.17325530909749373,-0.3796562340139147,0.39478529378854743,-2.277234090008373
0.2373403915939284,-0.368365419865755,0.2672569356067415,1790750059,716490947,0.14300000667572021,0.1696607773771166,-0.38004777175845855,0.39268418297737706,-2.330928780988614
0.2259110260950309,-0.36862880642698315,0.26481387971090115,1790750059,765616634,0.14000000059604645,0.16609113901748124,-0.3804406957802327,0.3908379272051346,-2.382785827233505
0.21551972051867493,-0.3686965282676726,0.2602046345121519,1790750059,815362473,0.14000000059604645,0.16238456425884304,-0.3808557505318267,0.38915737256011723,-2.4353193383058227
0.20644988044705107,-0.3683690267990376,0.25140477519574667,1790750059,865392359,0.14499999582767487,0.15856127318728488,-0.38129116942885927,0.3876571084403563,-2.488369432344859
0.19497317851122029,-0.36862190683841467,0.24874050618484578,1790750059,915496033,0.14399999380111694,0.15465730445203785,-0.3817460678301636,0.3863573107976129,-2.5415388168894246
0.18427405053724297,-0.368650209023774,0.24382719881273712,1790750059,965277862,0.1459999978542328,0.15075005574203656,-0.3822115558734806,0.38527765309984396,-2.593958604042373
0.17187596228394747,-0.36939139432868956,0.2462905656876566,1790750060,15606963,0.14100000262260437,0.14675588079694366,-0.3827005653344153,0.38439504864458696,-2.646878165908584
0.16067250395758845,-0.36962611615924673,0.2435168696336465,1790750060,65529969,0.1420000046491623,0.14273418459208606,-0.3832062449576086,0.38372313953810994,-2.699669788311072
0.14944136291536803,-0.36962853672134405,0.2383438331505318,1790750060,115698707,0.1459999978542328,0.13866048837219694,-0.3837348076958709,0.38326030991115967,-2.7527779769590537
0.13787656184052,-0.37025512059804916,0.23973394354348904,1790750060,165361370,0.14399999380111694,0.1346627073557028,-0.38426948100169556,0.3830143227185486,-2.8047062657986848
0.12640219903797612,-0.3706483459739343,0.23873157533723166,1790750060,215197329,0.14499999582767487,0.13065436512634954,-0.3848242892096579,0.3829742892154729,-2.8567030341007937
0.11493236195770173,-0.3713979303278698,0.2413097978776983,1790750060,265386355,0.14300000667572021,0.12659935720102886,-0.3854048249826999,0.38314311566085074,-2.9093979878323166
0.10347587386570947,-0.3720094890285476,0.24249527560468984,1790750060,315418519,0.14300000667572021,0.12256887908844324,-0.3860042584974912,0.3835222428426327,-2.9619899564151773
0.09315081130403624,-0.37315705735605903,0.24914036748303034,1790750060,365121922,0.1379999965429306,0.11861265765702374,-0.3866149864343197,0.3841017603739983,-3.0139856875049893
0.08123234970843411,-0.37348953326839385,0.24757012797693978,1790750060,415284364,0.1420000046491623,0.11466134629826974,-0.38725055057044416,0.3848914224296631,-3.0664157499122107
0.06964891983107697,-0.37407312585224567,0.24857213279672533,1790750060,465239695,0.14399999380111694,0.11077014761964575,-0.3879025464346938,0.38588123652344886,-3.118712206930669
0.05797330387221049,-0.37472280932985375,0.2502257894968196,1790750060,515471832,0.1459999978542328,0.10691574334654491,-0.38857792754668635,0.3870785303935027,-3.171313998971813
0.049062139470921334,-0.3760813376154084,0.2589231821545851,1790750060,565366273,0.14100000262260437,0.103157508330716,-0.38926647931996333,0.38846407857624804,-3.2235722287823867
0.03996635124470184,-0.37729829034970014,0.26618069371759795,1790750060,615395233,0.1379999965429306,0.09946870914913844,-0.389975840746902,0.39004654117196125,-3.275973605445727
0.029571292451590292,-0.3781878320089983,0.27029061701281676,1790750060,665312480,0.13899999856948853,0.09589903522896054,-0.3906964554706904,0.3918026101635771,-3.327965387086331
0.020323642448117685,-0.3793177004902549,0.2767003229562125,1790750060,715709886,0.1379999965429306,0.0923980411454807,-0.3914413738091556,0.3937571324271655,-3.380402090857202
0.011571641458571147,-0.3804796221002991,0.28348313201369685,1790750060,765561901,0.13699999451637268,0.08904429242196955,-0.3921940362415106,0.3958653341255872,-3.432261435564719
0.0019843705646468146,-0.3815226029446577,0.2891149870938837,1790750060,815570982,0.1379999965429306,0.08579615472480615,-0.3929660318157922,0.3981499898104931,-3.4842824400876906
-0.0034116189664840646,-0.383091504790012,0.29977870269403173,1790750060,865277283,0.13300000131130219,0.08268862617175844,-0.3937493389129159,0.40058623568512125,-3.5360621988480463
-0.011545263159426541,-0.38429950042692657,0.3069707062034647,1790750060,915356614,0.13300000131130219,0.0796904326267705,-0.39455468492195533,0.40319897312222314,-3.5882443253314857
-0.01850104031252793,-0.3856111902357904,0.31519007412150657,1790750060,965192425,0.13199999928474426,0.07686067308081854,-0.3953664978371974,0.40593685039184946,-3.639960288147796
-0.023499265193967,-0.38710261009048674,0.3250448243896912,1790750061,15255506,0.1289999932050705,0.07416788921680748,-0.3961959267982285,0.40882690354426254,-3.691873478698896
-0.028703193478149133,-0.38854925206392327,0.33445679527992933,1790750061,65534143,0.12700000405311584,0.07161906326963147,-0.39704213200048016,0.4118668516092401,-3.744058282970702
-0.03414211817250501,-0.38994864067713236,0.34343684894640836,1790750061,115595724,0.12600000202655792,0.06924338911001397,-0.3978979770067832,0.41502068403888515,-3.796026445078432
-0.03989207693549551,-0.39130460486277496,0.3520626725006078,1790750061,165253886,0.12600000202655792,0.06705091513857317,-0.39875939116147946,0.4182716078354925,-3.8476811635364747
-0.045262192329661055,-0.39271238313189444,0.36110237792987593,1790750061,215622727,0.12600000202655792,0.06500237945640698,-0.3996450912301315,0.4216801154078661,-3.9000936642168877
-0.04830194577724324,-0.3942356912244153,0.3711756861660346,1790750061,265839939,0.12399999797344208,0.06315656117825258,-0.4005319078110611,0.42515122119218673,-3.951939804719961
-0.05071023067785602,-0.3957464587124137,0.3811530743162527,1790750061,315353869,0.12200000137090683,0.06151840167468841,-0.4014148619962454,0.42865679647557975,-4.00298919279572
-0.055931595907652974,-0.3969346105467169,0.38873169183016804,1790750061,365434894,0.12399999797344208,0.06021322311695631,-0.40220716741870466,0.4318429508605658,-4.048425711389374
-0.05598820238783988,-0.39830741812459103,0.3978813779757394,1790750061,415236955,0.12099999934434891,0.0590889394131685,-0.4029803613369457,0.43498144371661324,-4.092431050158188
-0.0564534910081408,-0.3990350390819841,0.40267338668618574,1790750061,465156424,0.11999999731779099,0.058530058637095955,-0.4034080542836859,0.4367271589485491,-4.1166301025432475
-0.05758256684136724,-0.39962988133589455,0.40654999933476776,1790750061,515796443,0.11999999731779099,0.0580841691727528,-0.40377651823776234,0.43823613097802433,-4.1374054874448625
-0.05587586412107783,-0.3998215441293248,0.4078740325265382,1790750061,565371114,0.11800000071525574,0.05799593251328083,-0.4038528340277214,0.43854914950787505,-4.141699838986492
-0.054020261753471806,-0.3999317710513698,0.40866492893850476,1790750061,615298592,0.11599999666213989,0.057965917094779766,-0.4038790922950367,0.4386568216360852,-4.143175977116353
-0.05596293284255552,-0.399870392714881,0.40819119302299006,1790750061,665395988,0.11800000071525574,0.05796117860364394,-0.4038832509237564,0.43867387612323144,-4.143409729003906
-0.05789384669389576,-0.3998023782849186,0.40767453825801464,1790750061,715518319,0.11999999731779099,0.05796117860364394,-0.4038832509237564,0.43867387612323144,-4.143409729003906
-0.0569283933648391,-0.39983638537321287,0.4079328646781562,1790750061,765236852,0.11900000274181366,0.057961178603643915,-0.4038832509237564,0.4386738761232314,-4.143409729003906
-0.05885930721617937,-0.39976837094325046,0.40741620991318084,1790750061,815266868,0.12099999934434891,0.05796117860364388,-0.4038832509237563,0.43867387612323144,-4.143409729003906
-0.05885930721617951,-0.39976837094325063,0.4074162099131809,1790750061,865276643,0.12099999934434891,0.05796117860364374,-0.40388325092375654,0.4386738761232315,-4.143409729003906
-0.05789384669389582,-0.3998023782849186,0.4076745382580147,1790750061,916525210,0.11999999731779099,0.05796117860364388,-0.4038832509237563,0.43867387612323144,-4.143409729003906
-0.057893846693895794,-0.39980237828491866,0.4076745382580147,1790750061,967338869,0.11999999731779099,0.05796117860364391,-0.4038832509237564,0.4386738761232315,-4.143409729003906
-0.05885930721617926,-0.3997683709432505,0.40741620991318084,1790750062,15532728,0.12099999934434891,0.05796117860364399,-0.4038832509237564,0.4386738761232315,-4.143409729003906
-0.055626526972984584,-0.3998323272451513,0.40695818768350583,1790750062,65482133,0.11800000071525574,0.05809471472319954,-0.4039159772388889,0.43818002553151025,-4.136930764416113
-0.05425519783363763,-0.3998228272522218,0.4057694962367631,1790750062,115458584,0.11699999868869781,0.05825730725243842,-0.4039549590615513,0.43759497940860725,-4.129240403645348
-0.0557007355616983,-0.39956839538117317,0.40012887974955497,1790750062,165782036,0.11999999731779099,0.05882250796865707,-0.40408462465149353,0.43568207539684756,-4.103975709844572
-0.05585756785283228,-0.39932931272732064,0.3941890336622134,1790750062,215338716,0.12200000137090683,0.05950313483723584,-0.4042301657204081,0.433583071907805,-4.076022003956884
-0.053926711153232304,-0.3990535059876901,0.3860181496110815,1790750062,265417307,0.12300000339746475,0.06061444837389021,-0.40444813041129213,0.43051783092777063,-4.0347046003178
-0.04779517094355987,-0.39896381463631053,0.37907108545080875,1790750062,315379017,0.11999999731779099,0.06192283692982731,-0.40468421671407245,0.42733323526444555,-3.991060586258925
-0.04584866051519676,-0.3986554610791443,0.3702039782869231,1790750062,365311541,0.12200000137090683,0.06338721032346739,-0.4049306942676269,0.42416828412930485,-3.9468391022776155
-0.041688587602992044,-0.39846143532244205,0.362259607918232,1790750062,415470678,0.12200000137090683,0.06500021371833803,-0.4051866474644375,0.4210496710987065,-3.9022978735135903
-0.04145251143476612,-0.3979947746923054,0.35193367341587123,1790750062,465523490,0.12700000405311584,0.06674406378285411,-0.40544853020566346,0.4180165279956817,-3.8579069417844027
-0.0331768630210644,-0.39807566513506565,0.3464484135484059,1790750062,515671146,0.12300000339746475,0.06862234396011005,-0.4057193569818451,0.41505960992867474,-3.8134419168262492
-0.030460429445370557,-0.39775003897677086,0.3374319085639125,1790750062,565225622,0.12600000202655792,0.07059978684994984,-0.4059936684369053,0.41223081073740475,-3.769627742634873
-0.02331979838444241,-0.39777228136631354,0.3314899060449366,1790750062,615456232,0.12399999797344208,0.07272591411861883,-0.40628101721251364,0.4094567068097015,-3.7252381207899194
-0.019682029609800783,-0.3974737675889571,0.3225980999724135,1790750062,665801397,0.12700000405311584,0.07498246657252661,-0.40657825839720957,0.40676901204517185,-3.680662107647433
-0.01415683010034774,-0.39733585947342953,0.31519981280307197,1790750062,715905709,0.12800000607967377,0.07734398777134112,-0.406884663190401,0.4041965668606403,-3.636283758460545
-0.007689358931593324,-0.3972983484212392,0.30884141923104746,1790750062,765186148,0.12800000607967377,0.07978047368418863,-0.40719596155281423,0.40176648147402516,-3.5925456320785187
-0.00017618251415876807,-0.39737139388140147,0.3034221823170022,1790750062,815333452,0.12700000405311584,0.08236554563205571,-0.4075241724363818,0.39940543727192335,-3.5480216950631234
0.00625272139627378,-0.39731516217047386,0.2968459113286571,1790750062,865256124,0.12800000607967377,0.08503256791378476,-0.40786038689045145,0.39717803766254434,-3.5038224351753087
0.011915319146515765,-0.3971187032659126,0.28886172330194676,1790750062,915684799,0.13099999725818634,0.08782040000056532,-0.40821203817405305,0.39505191071491286,-3.4591987794770493
0.01626505243823699,-0.3966804185417739,0.2786539730252816,1790750062,965396166,0.13699999451637268,0.09064539963352727,-0.4085681847869726,0.39308842352989903,-3.415399586787191
0.02690216137828448,-0.3972305301555549,0.27791647789606105,1790750063,15504367,0.13199999928474426,0.09357286604862353,-0.40893953784912984,0.3912386561700632,-3.371284273102447
0.03218040259110534,-0.3968375041426848,0.2681072955902293,1790750063,65374049,0.1379999965429306,0.09655822060692879,-0.4093199999293302,0.3895308636991708,-3.3274566635426672
0.04199295292632711,-0.3972910341957181,0.2665045452003498,1790750063,115418991,0.13500000536441803,0.09962321375098095,-0.4097147921364427,0.3879516724792836,-3.2834894142407833
0.04987213419185933,-0.39732420514792616,0.26077597778954,1790750063,165718304,0.13699999451637268,0.10277582550619252,-0.4101245636815559,0.38649928018099977,-3.2392120191786935
0.058127465457699146,-0.39739304139243914,0.2553528954137049,1790750063,216260998,0.13899999856948853,0.1060041393541149,-0.41055036162615405,0.385182432204073,-3.1947044624504954
0.06675505098080592,-0.39758360961320666,0.2513027350031831,1790750063,265382566,0.14000000059604645,0.10919850892290842,-0.41097705961925746,0.384039951117374,-3.151381149361209
0.07667064205983573,-0.3981123991279351,0.2504189762922805,1790750063,316091418,0.1379999965429306,0.11254311941106038,-0.4114318836045987,0.3830076475572519,-3.1066468643030904
0.08622673748234178,-0.3986716415041746,0.2500700254934135,1790750063,365569978,0.13600000739097595,0.11582066722709265,-0.41188491688773865,0.38215185878719526,-3.063335446154122
0.09434554714055819,-0.3984932892895548,0.24230791809534072,1790750063,415339724,0.1420000046491623,0.11914495695592175,-0.4123539067904194,0.38143690096974575,-3.0198246575809455
0.10440720356238116,-0.39933045058039446,0.24472617739049718,1790750063,465173045,0.1379999965429306,0.12250954395625094,-0.41283767008670597,0.380865294984676,-2.976131642097938
0.11385564048136969,-0.3998192700714162,0.24363434781422255,1790750063,515140292,0.1379999965429306,0.12590424565528566,-0.4133371606935202,0.3804411341676077,-2.932295847767992
0.12329750779227046,-0.4003447479527424,0.24296039083606377,1790750063,565193169,0.1379999965429306,0.12929718869309773,-0.4138473325664866,0.3801671074489388,-2.888655528742386
0.1328700541052083,-0.40052711754513715,0.23871902910025955,1790750063,615884197,0.1420000046491623,0.1327351678679275,-0.4143776528195925,0.38004187155212993,-2.844513274010261
0.14241781830360797,-0.40122817700841135,0.23987386368604657,1790750063,665313655,0.14100000262260437,0.13611942568572694,-0.4149124451130669,0.38006684423944437,-2.8010624125624837
0.152341329900996,-0.4016941818939706,0.23848482594718076,1790750063,715773228,0.14300000667572021,0.13957262905155016,-0.41547360475060013,0.3802455034766409,-2.7566298639138913
0.16179281658489592,-0.4024747027736058,0.24048053579761577,1790750063,765451344,0.1420000046491623,0.14293871199439048,-0.4160353802125161,0.3805684799179084,-2.7131502168624126
0.1716867024861309,-0.40312247148253827,0.24096068074066163,1790750063,816402198,0.14300000667572021,0.14636629599931472,-0.41662504921332105,0.381051934283567,-2.668603666352728
0.17995618604866317,-0.40434549252239177,0.24764767241612426,1790750063,865546580,0.1379999965429306,0.14965611243881963,-0.4172078209089264,0.38166433217737883,-2.625509353357271
0.1896648349715411,-0.4049608646465687,0.2479408109859752,1790750063,915313743,0.14000000059604645,0.1529558758364448,-0.4178115723099458,0.3824298878608696,-2.5818489163425573
0.19941772588353684,-0.4056175708629649,0.24867759106612422,1790750063,965231657,0.1420000046491623,0.15621161846067116,-0.41842640304245043,0.38333704086421183,-2.5382553131664864
0.20783761965691225,-0.4066735757626923,0.2536094577261858,1790750064,15256626,0.14000000059604645,0.1594254975396345,-0.4190549206585252,0.3843877774032838,-2.494605477103957
0.21633542289201796,-0.4076711320731259,0.25795446009717227,1790750064,65291476,0.13899999856948853,0.16258864151659697,-0.4196951381181731,0.38557775880367484,-2.450944556736277
0.22553353738406648,-0.40854153701378554,0.26089082587096524,1790750064,115843901,0.14000000059604645,0.16572517648367704,-0.4203545260438383,0.38692024078461795,-2.4068317302121365
0.23488372076347475,-0.4093436547002815,0.263259040071241,1790750064,165535925,0.1420000046491623,0.16872232566661777,-0.42100849655810313,0.38836140848859635,-2.3637999588009757
0.24119366038429346,-0.4106695734446034,0.2712436242170815,1790750064,215423403,0.1379999965429306,0.17165878526836578,-0.42167559134558663,0.3899355268828676,-2.3206558180844685
0.24974270716165778,-0.41162551051156626,0.27523939156422533,1790750064,265429956,0.13899999856948853,0.17453623278301786,-0.4223561412845514,0.39164316889583367,-2.277293353004281
0.25641272932739423,-0.4128418412406594,0.28206904001275046,1790750064,315427157,0.13699999451637268,0.1773341343753155,-0.42304770140046605,0.3934755691584414,-2.233918296544556
0.262771491090107,-0.4140859558789338,0.28918064049037456,1790750064,365381228,0.13500000536441803,0.18007174103792722,-0.42375523946008264,0.39544567587232515,-2.190142586199808
0.27135782314853796,-0.41507798136432855,0.29349883787735465,1790750064,415463791,0.13699999451637268,0.18272829124380682,-0.42447618435058304,0.3975443969006188,-2.146171638841879
0.27834866801140024,-0.4162236893307015,0.29961808702409765,1790750064,465359287,0.13699999451637268,0.1852516150699286,-0.42519557040313066,0.39972524251820385,-2.1028211723463657
0.28363137941198324,-0.41751843060329813,0.3074281280898812,1790750064,515278738,0.13500000536441803,0.18767089505012285,-0.42592299129162836,0.4020111617114891,-2.059531893915643
0.290756036697682,-0.4186522451709228,0.3134190625369971,1790750064,565383032,0.13600000739097595,0.18999661444993735,-0.42666144899890873,0.40441023514559676,-2.016042399123518
0.29453976906754253,-0.4200341509853214,0.32227091094476945,1790750064,615318140,0.13300000131130219,0.19220500896394072,-0.4274056411194265,0.4069010377114678,-1.972691995625045
0.29945992596581816,-0.4213158472247687,0.32999412296353237,1790750064,665477564,0.13199999928474426,0.1943073187004686,-0.4281589891923279,0.40949318210565977,-1.9291967756726938
0.3056355924932067,-0.42251011550252093,0.33673211515097357,1790750064,715486348,0.13300000131130219,0.19628478811075048,-0.4289169726255552,0.4121665509977485,-1.885841660181391
0.31147706535419356,-0.42371517030794936,0.3436795492546614,1790750064,765191261,0.1340000033378601,0.198121639911939,-0.42967197811397617,0.414890958860946,-1.8429709235955556
0.31360788064711387,-0.42512102981408945,0.3529717755979005,1790750064,815483871,0.13099999725818634,0.19985411025214203,-0.43044110919735684,0.4177234223563312,-1.799633846312145
0.3196694136262387,-0.4263222542306769,0.3598715700512174,1790750064,865284089,0.13300000131130219,0.20144366191854035,-0.43120755884149076,0.42059887676587093,-1.7567276412966808
0.3227714459602682,-0.4276628491278673,0.36842967465856286,1790750064,915525495,0.13199999928474426,0.20291670967094197,-0.4319856462040498,0.4235672791189191,-1.7134426063213934
0.3273342731028144,-0.4289525428358642,0.3763378832337466,1790750064,965578919,0.13300000131130219,0.20425826796003158,-0.4327689865158648,0.4266044930710678,-1.670068274554731
0.33060619952184606,-0.43028065158011486,0.3847838255594444,1790750065,15384332,0.13300000131130219,0.20545813467367866,-0.4335529134479286,0.4296865483703578,-1.6268623331355268
0.33278349217752023,-0.43126858548342467,0.3911122955565451,1790750065,65799312,0.13300000131130219,0.20625575705341237,-0.434134808122184,0.43199649006927887,-1.5949400180243496
0.32885402979440026,-0.4322991844027977,0.3987045573932405,1790750065,115845041,0.12700000405311584,0.20692579389161056,-0.4346748020979371,0.43415681768354697,-1.565396818618333
0.3334001978365029,-0.4326069507673915,0.4000545417571504,1790750065,165821567,0.13099999725818634,0.20718639249714174,-0.43490090462917724,0.4350661455347936,-1.5530431453187024
0.3339093213215354,-0.4328942623823554,0.4019105248599068,1790750065,215485923,0.13099999725818634,0.20737425002188073,-0.4350706072257316,0.4357504204856153,-1.5437765492518247
0.33688922096104346,-0.43289151344632865,0.40144158573233046,1790750065,266581990,0.1340000033378601,0.20740412018446513,-0.43509815664382606,0.435861642345079,-1.542272686958313
0.33688922096104346,-0.43289151344632865,0.40144158573233046,1790750065,315698549,0.1340000033378601,0.20740412018446513,-0.43509815664382606,0.435861642345079,-1.542272686958313
0.33399029499178456,-0.43294091600486045,0.4022121855571723,1790750065,365446323,0.13099999725818634,0.20740412018446513,-0.43509815664382606,0.435861642345079,-1.542272686958313
0.33399029499178456,-0.43294091600486045,0.4022121855571723,1790750065,415360505,0.13099999725818634,0.20740412018446513,-0.43509815664382606,0.435861642345079,-1.542272686958313
0.3330239863353649,-0.4329573835243711,0.4024690521654529,1790750065,465044964,0.12999999523162842,0.20740412018446513,-0.43509815664382606,0.435861642345079,-1.542272686958313
0.3349566036482042,-0.4329244484853499,0.4019553189488917,1790750065,515858789,0.13199999928474426,0.20740412018446513,-0.43509815664382606,0.435861642345079,-1.542272686958313
0.33205767767894523,-0.4329738510438817,0.40272591877373354,1790750065,566794531,0.1289999932050705,0.20740412018446513,-0.43509815664382606,0.435861642345079,-1.542272686958313
0.33399029499178456,-0.43294091600486045,0.4022121855571723,1790750065,615771755,0.13099999725818634,0.20740412018446513,-0.43509815664382606,0.435861642345079,-1.542272686958313
0.3327626802396183,-0.4329180826731762,0.40149477343332146,1790750065,665360464,0.12999999523162842,0.20730667214639628,-0.435119702466198,0.43549391553755396,-1.547144989138676
0.3343685734848351,-0.4328358344097734,0.3997884222073977,1790750065,715374665,0.13199999928474426,0.2071869049561764,-0.4351456930856199,0.4350515411042917,-1.5530151063006168
0.33312896661602137,-0.43266132253075545,0.3954942086990987,1790750065,767064790,0.13199999928474426,0.20672882149293717,-0.4352414618803779,0.4334460993630995,-1.5744014645320938
0.3298236751630344,-0.4325228862816184,0.39162173843396625,1790750065,815297937,0.12999999523162842,0.20620988823380645,-0.4353429180791026,0.43176744632285546,-1.5969136030557727
0.3283750358894668,-0.43222091596004253,0.38435090609663736,1790750065,865242619,0.13099999725818634,0.20531789881238663,-0.43550199052267,0.42915241104627055,-1.6323270794427265
0.3273453081504874,-0.43186611024866206,0.37614186913397324,1790750065,916194028,0.13300000131130219,0.2042463246679613,-0.43567677081853073,0.42635261977959094,-1.670764163631923
0.3214663713809991,-0.4316711314599479,0.37007592310393334,1790750065,965206373,0.12999999523162842,0.2030862373719461,-0.43585252251238854,0.4236357830840401,-1.7086522941301658
0.31617456723812165,-0.43146091399793934,0.3636307691203702,1790750066,15867317,0.12800000607967377,0.2017752206843415,-0.43603840023486007,0.42086570324469186,-1.747969885588719
0.31603314552313494,-0.43104725938175426,0.35477383012189057,1790750066,65450119,0.13199999928474426,0.2003982081073696,-0.43622263786789583,0.4182228373446179,-1.7862040091844225
0.3120310409824265,-0.4307870332413321,0.34782106390272416,1790750066,115317245,0.13199999928474426,0.19891490605767925,-0.43641179075923914,0.41562299553983617,-1.8246151887960302
0.30686638820133677,-0.43058122389458786,0.34147360710542496,1790750066,165558975,0.13099999725818634,0.19731135876328537,-0.4366074887050436,0.41304440379588236,-1.8635768695055304
0.3039430549113273,-0.4302490760878474,0.33365487799228744,1790750066,215538120,0.13300000131130219,0.19561642428423393,-0.43680728155851334,0.41054006113437397,-1.9023848012682272
0.29909046880747636,-0.4300232698726778,0.32710874594125944,1790750066,265681702,0.13300000131130219,0.19382747925127664,-0.43701170434247605,0.4081017404664596,-1.941189914330527
0.29860437169150766,-0.42947989563376937,0.31693655739987686,1790750066,315738653,0.13899999856948853,0.19195070708098183,-0.43722126619890445,0.405740085534949,-1.9799038568255698
0.2887571016336307,-0.42962406006866155,0.31472578254409267,1790750066,365293695,0.13300000131130219,0.19001790110273384,-0.4374326899110717,0.40348723773332407,-2.0179957224185148
0.28607870260554136,-0.4292026166730832,0.3060283211707734,1790750066,415557092,0.13699999451637268,0.18797442231215475,-0.4376531676905975,0.401281336204961,-2.0565897566123135
0.2788671514335027,-0.4291645878379209,0.30170320433963405,1790750066,465347829,0.13500000536441803,0.18586437095559832,-0.4378780272837654,0.3991688918650151,-2.094909356017177
0.2734989992468013,-0.42895475634963576,0.2954333150584436,1790750066,515406123,0.13600000739097595,0.18366289976458794,-0.4381111406339638,0.3971271588593595,-2.133450468463981
0.26534478925419613,-0.42903965621647977,0.2924412064992086,1790750066,565460593,0.13300000131130219,0.18138807485806258,-0.4383507177084459,0.3951717987806963,-2.1719555364459415
0.26260281950438685,-0.42850875307949654,0.2826862992216975,1790750066,615366673,0.13899999856948853,0.17904794087312312,-0.43859711481952596,0.39331092042617855,-2.210340362234255
0.2536044944354854,-0.4287200918325735,0.2810916659738881,1790750066,665219577,0.13500000536441803,0.17664080253881004,-0.4388507017798717,0.3915405786897778,-2.248704600243378
0.24723874277637636,-0.4285858871225511,0.2756449030265129,1790750066,716024967,0.13600000739097595,0.17412025084133304,-0.4391175474129213,0.38983234664015526,-2.2878054196632087
0.2418618427556954,-0.4283125500828663,0.2688382191791715,1790750066,765265878,0.13899999856948853,0.17161582919739704,-0.4393840808144959,0.3882698665292092,-2.3257156179752156
0.23364753542602862,-0.42845943644911705,0.26650626067720173,1790750066,815349070,0.13699999451637268,0.16901033791195952,-0.43966390365669594,0.386778830740403,-2.3642766757536413
0.2271899677970377,-0.42830427795173037,0.2609534520716907,1790750066,865701143,0.13899999856948853,0.16635862896254158,-0.4399513278655455,0.38539176629293703,-2.402722550222775
0.21932599682421156,-0.4284242749646835,0.2583889813108792,1790750066,915597797,0.1379999965429306,0.1636851504931864,-0.4402447881619941,0.38412032479041225,-2.440762743633182
0.21144025414798115,-0.4285731012545164,0.2561508122246149,1790750066,965266571,0.13699999451637268,0.16097939357762844,-0.4405454946893598,0.38295523582027213,-2.478623353560933
0.2044408307370757,-0.4284856994893625,0.2513834330998602,1790750067,15383902,0.13899999856948853,0.15820736925756312,-0.4408583824342277,0.3818839440516802,-2.5168246993920262
0.19632546643339616,-0.42869015748658457,0.2497197827255827,1790750067,65261130,0.1379999965429306,0.15540623438362958,-0.4411794327174793,0.3809205201416246,-2.554910897110093
0.18886448816618046,-0.4286518871665043,0.2454629192369336,1790750067,115779324,0.14000000059604645,0.1525336819120754,-0.4415147361240486,0.3800534828010821,-2.5934995238028127
0.18063858580403294,-0.42891336534104046,0.24441915657228472,1790750067,165496080,0.13899999856948853,0.14967969658754388,-0.44185397070811994,0.37930832408966725,-2.6314434930358717
0.17213268306290183,-0.42930273650673095,0.24465350605660394,1790750067,215833968,0.13699999451637268,0.14676464998256325,-0.44220765368652704,0.3786644179544923,-2.669855601692093
0.16469534430343025,-0.4291514484020904,0.23933169009875824,1790750067,265285009,0.14100000262260437,0.1438616925017732,-0.44256715997429713,0.3781372316855159,-2.7078312924317314
0.1563897409412973,-0.42931696010887294,0.23722165606236653,1790750067,315817490,0.1420000046491623,0.1408741978179304,-0.4429456567185507,0.3777119684353925,-2.7466817267278607
0.1482843502328498,-0.4294064760316899,0.23445566267275395,1790750067,365312310,0.14399999380111694,0.1379594686595289,-0.4433233651877333,0.37740920488642915,-2.784422496947723
0.13970815751839888,-0.4301106728689794,0.2379568137005197,1790750067,415442187,0.14000000059604645,0.1350030178390344,-0.44371593749462895,0.37721469894209847,-2.822591831331971
0.13151316727331608,-0.43055131114806994,0.23879685823983002,1790750067,465223489,0.13899999856948853,0.13207926436083467,-0.44411370100679215,0.37713246724100274,-2.860287285013423
0.12331787320365668,-0.43092625861051126,0.23894981720328243,1790750067,515267385,0.13899999856948853,0.12914292083563989,-0.4445237134892371,0.37716044502626844,-2.898143303422919
0.1150220393778821,-0.4312344288871994,0.23842143774033933,1790750067,565289049,0.14000000059604645,0.12619962253562428,-0.4449455438890098,0.3772993234063153,-2.9361456007702516
0.1072167341493628,-0.4320652659119689,0.24315743142807497,1790750067,615559631,0.13600000739097595,0.12324771013729093,-0.44538062115819776,0.3775512971135545,-2.9743679953030213
0.09888473251785013,-0.43233450617045066,0.24225739858167353,1790750067,665444304,0.1379999965429306,0.1203338584052899,-0.4458222633292323,0.37791142340710715,-3.0122640856589227
0.09060391135572556,-0.43273475119014687,0.2426695651591852,1790750067,715581413,0.13899999856948853,0.11742255651130212,-0.44627680023895433,0.37838387089699893,-3.0503462816140967
0.08306561990828124,-0.4334520389855109,0.24629289372858243,1790750067,765199798,0.13699999451637268,0.11455728434550722,-0.4467377015161896,0.37896076753222874,-3.088101969425336
0.07540309744723686,-0.43410587386144117,0.24923945378167298,1790750067,815278694,0.13600000739097595,0.11168967124245845,-0.4472137009788622,0.37965215040592526,-3.1262205793082547
0.0682693600910662,-0.43487791925468605,0.25339027281529947,1790750067,865208635,0.1340000033378601,0.10887790164113081,-0.4476955237042048,0.38044402625808005,-3.1639870939444124
0.06000825331673826,-0.43529701217039846,0.25404048727581896,1790750067,915245448,0.13600000739097595,0.10609649182682536,-0.4481882109016276,0.38134207122768815,-3.201789499686054
0.05236752715806793,-0.4359434944065741,0.25690880859148424,1790750067,965643956,0.13600000739097595,0.10332068141558685,-0.4486968437225207,0.3823565274339583,-3.2400318800600365
0.04535689825616372,-0.43670224875320424,0.2609278054851891,1790750068,15297767,0.13500000536441803,0.10062459198789288,-0.449208634454077,0.3834597351797373,-3.2777417739956767
0.039845756258097595,-0.4377624920288852,0.2678776421369327,1790750068,65395515,0.13099999725818634,0.09796521060161634,-0.44973184037906755,0.3846674662164666,-3.3155703836135006
0.031432276398615,-0.4382058821965211,0.26882290421549104,1790750068,115300345,0.1340000033378601,0.09536734578331907,-0.4502623688643966,0.3859678952588427,-3.3532121936645165
0.024917365309997358,-0.4390476952690054,0.27361165696996836,1790750068,165912558,0.13300000131130219,0.0927908859670768,-0.4508090496427746,0.38738272572522797,-3.3913169386274262
0.019333211935288877,-0.43998049681786133,0.27935368559600604,1790750068,215284219,0.13099999725818634,0.09033331332339085,-0.45135160256162254,0.388855662010536,-3.428475228722173
0.011582624767487074,-0.44061017011393805,0.2821044663001279,1790750068,265431384,0.13300000131130219,0.08787668088690362,-0.4519164552653231,0.39045752470518297,-3.4665296061107727
0.006888540474635857,-0.44169077600566703,0.2891654662811879,1790750068,315628114,0.12999999523162842,0.0854781135691129,-0.4524921911346714,0.39215579200288936,-3.5046804968772256
0.0020546590512224155,-0.44268500071205996,0.29545637556839566,1790750068,365238517,0.12800000607967377,0.08319703453117924,-0.45306439890295225,0.3939052686605027,-3.542015558488349
-0.0032056082629363936,-0.44362457529262744,0.30118330947045513,1790750068,415470886,0.12700000405311584,0.08096074059804761,-0.45365157589295474,0.39575860226864645,-3.579752481502035
-0.006844455450823864,-0.44473752593878463,0.3085271735075309,1790750068,465576402,0.12399999797344208,0.07879436286053174,-0.45424821838032814,0.3976985760137751,-3.617551255544147
-0.013009164828279518,-0.4455647637305183,0.3131727357405789,1790750068,515825475,0.125,0.07669677377661793,-0.4548555032851327,0.3997263418904251,-3.6554880848156373
-0.01663658044745253,-0.4466066013558295,0.31990705448065293,1790750068,565321665,0.12300000339746475,0.07473781524494455,-0.45545264440869404,0.40176954998337056,-3.6923103645095274
-0.021561177307015386,-0.4475319490756507,0.3255151401851362,1790750068,615622339,0.12300000339746475,0.07283180746888077,-0.45606554778670366,0.40391248040731786,-3.7296331601803128
-0.02706744430214454,-0.44841101229022584,0.3307032909423711,1790750068,665215863,0.12399999797344208,0.07100707301298677,-0.4566864870136137,0.40612812152832745,-3.7670006324511096
-0.026789972593573075,-0.4497819176864929,0.3402915431057548,1790750068,715664732,0.11800000071525574,0.06923333687516806,-0.45732748354030145,0.4084574337213447,-3.8051311495543834
-0.034302226745963366,-0.45051061405402143,0.34411491037328573,1790750068,765445590,0.12200000137090683,0.06757745922086313,-0.45796537734391135,0.4108154083181571,-3.8426700141569965
-0.036640222777472906,-0.45163579913767776,0.3514784482024179,1790750068,815599857,0.11999999731779099,0.06600215975411818,-0.45861446954224955,0.41325092446727824,-3.8804741517257813
-0.04038635089150687,-0.45264970005571614,0.35786268873763893,1790750068,865372159,0.11999999731779099,0.06453004091088507,-0.4592663407521368,0.415731248019267,-3.9180778815648045
-0.04478789893866976,-0.45362983346260116,0.36395148181918147,1790750068,915257175,0.12099999934434891,0.06315034307939797,-0.4599259880469962,0.41827177442545227,-3.9557827236654086
-0.045323846738726664,-0.45482276066254956,0.3718685649226321,1790750068,965325654,0.11800000071525574,0.061874100314535344,-0.4605891659516909,0.4208517139272413,-3.993336543755578
-0.04827279751940891,-0.45586908094329326,0.3785273300763328,1790750069,15269077,0.11800000071525574,0.060701635813541516,-0.46125511229625255,0.42346688631387963,-4.0307428460953965
-0.04995441233344106,-0.4569375777165514,0.385435451888377,1790750069,65301602,0.11699999868869781,0.059659708439432725,-0.46190477525374735,0.4260442091824831,-4.067037826820916
-0.05136046048436903,-0.45800629242333224,0.3923388855458507,1790750069,115440638,0.11599999666213989,0.05871691562721687,-0.46255594179041265,0.4286468899614275,-4.103191291614124
-0.05275378055479284,-0.4586790659648917,0.39664234001396403,1790750069,165341570,0.11599999666213989,0.05815571178687429,-0.46298170412062273,0.43035540927546845,-4.1266843201593115
-0.05008685452542321,-0.45943710214067746,0.40167668476355967,1790750069,215702356,0.1120000034570694,0.057679277312127734,-0.46337171627961116,0.4319253279518557,-4.148121388234283
-0.050444599487712204,-0.459635795091818,0.402938907118649,1790750069,265300222,0.1120000034570694,0.057531939916667614,-0.46349869365367474,0.43243713973246467,-4.155081631740886
-0.050676044510849075,-0.45976726574847004,0.40377402688139247,1790750069,316279029,0.1120000034570694,0.05743659245257293,-0.46358268684265735,0.4327757693303025,-4.159679343928149
-0.04974140515670432,-0.45981895839200504,0.4041447153552999,1790750069,365505930,0.11100000143051147,0.05742389585451005,-0.46359398179764605,0.43282132211126445,-4.160297393798828
-0.049741405156704305,-0.45981895839200504,0.4041447153552998,1790750069,415172334,0.11100000143051147,0.05742389585451006,-0.46359398179764605,0.43282132211126434,-4.160297393798828
-0.05167230817625318,-0.4597509400686856,0.4036280206224617,1790750069,465250684,0.11299999803304672,0.05742389585450999,-0.4635939817976462,0.4328213221112644,-4.160297393798828
-0.05070686026307197,-0.45978494910365103,0.4038863670264603,1790750069,515438737,0.1120000034570694,0.05742389585451005,-0.46359398179764605,0.43282132211126445,-4.160297393798828
-0.05070686026307197,-0.45978494910365103,0.4038863670264603,1790750069,565349179,0.1120000034570694,0.05742389585451005,-0.46359398179764605,0.43282132211126445,-4.160297393798828
-0.049741405156704305,-0.459818958392005,0.4041447153552999,1790750069,616017337,0.11100000143051147,0.05742389585451005,-0.46359398179764605,0.43282132211126445,-4.160297393798828
-0.05070686026307197,-0.45978494910365103,0.4038863670264603,1790750069,667200339,0.1120000034570694,0.05742389585451005,-0.46359398179764605,0.43282132211126445,-4.160297393798828
-0.04877595005033668,-0.459852967680359,0.40440306368413953,1790750069,716515408,0.10999999940395355,0.05742389585451005,-0.46359398179764605,0.43282132211126445,-4.160297393798828
-0.04850697634430297,-0.4598209560895847,0.40341571336971627,1790750069,765866588,0.10999999940395355,0.057535182905294455,-0.46361700228563074,0.4324096845332234,-4.154807371789323
-0.05300082410907678,-0.4596087358259847,0.40092736867928497,1790750069,815254583,0.11500000208616257,0.05766664640774559,-0.4636437283974295,0.4319343079699346,-4.14845723376314
-0.04997381449656497,-0.4595556491625244,0.39770629333328483,1790750069,865220830,0.11299999803304672,0.058115348028807766,-0.46373196356296675,0.43039101297504995,-4.127764818742026
-0.04767308720350596,-0.4594577613205658,0.39375569009330347,1790750069,915669969,0.1120000034570694,0.05866512902077991,-0.46383413596631407,0.42864167423565824,-4.10415620567478
-0.04647741244284554,-0.45922551672349193,0.38729501165841423,1790750069,965540512,0.11299999803304672,0.059537466671275,-0.4639848681214864,0.42611760219739525,-4.069771158464031
-0.04489273747724921,-0.4589848953964878,0.3804599125823143,1790750070,15721566,0.11400000005960464,0.060557542261421356,-0.4641492472271581,0.42346651657280676,-4.033195030145246
-0.043038141290906266,-0.4587492451131899,0.37363179463833773,1790750070,65529571,0.11500000208616257,0.06167510850181555,-0.46431922998511976,0.42084525740258444,-3.996499033981023
-0.03908598453244225,-0.45862038275991435,0.36763676382319416,1790750070,115973543,0.11400000005960464,0.06290394580160874,-0.46449685508753186,0.41822847457730916,-3.9592652700339523
-0.03851869535528568,-0.4582964045276198,0.360058260400148,1790750070,165559002,0.11699999868869781,0.06419747219025629,-0.4646757396805351,0.41571518001413865,-3.922846757986794
-0.03588920056801295,-0.45808283589569554,0.35339827015179426,1790750070,215401453,0.11800000071525574,0.06558544659128947,-0.46486092708439525,0.4132393399327825,-3.8862694855454087
-0.03216600389163668,-0.4579386986411808,0.34735518114520697,1790750070,265215172,0.11800000071525574,0.06705936234974076,-0.46505152525168975,0.4108196165454664,-3.8497412538960694
-0.028209086151395904,-0.457809485531491,0.34142382611982497,1790750070,315261123,0.11800000071525574,0.06862551507132351,-0.46524912140504326,0.4084440618170099,-3.8130478960363514
-0.026409410621245744,-0.45749860711336215,0.3338115702073674,1790750070,365375000,0.12099999934434891,0.07028730192407141,-0.465454391351683,0.40611268445475657,-3.7761113939789883
-0.022716251987925748,-0.4573261049170926,0.3274412903033769,1790750070,415394267,0.12200000137090683,0.07202996659017781,-0.465666268265049,0.4038454529843519,-3.739208543197806
-0.018025580736975716,-0.4572376783888422,0.3218475248625341,1790750070,465500533,0.12200000137090683,0.07385009972527434,-0.46588469071622396,0.4016478309516081,-3.702368191946609
-0.013891408381778839,-0.45709514925830913,0.31577651416422947,1790750070,515359345,0.12300000339746475,0.07573671893711494,-0.46610913621592004,0.3995294106407844,-3.665732622484023
-0.006683842398366266,-0.45726944666564046,0.3126436413278226,1790750070,565189277,0.11999999731779099,0.07770514441589385,-0.46634176938047994,0.3974740086575135,-3.6289620352378007
-0.0034918849993857137,-0.4570101633186163,0.30544159526713394,1790750070,615137756,0.12300000339746475,0.07975194586822064,-0.46658293445135185,0.39548507093917784,-3.5920746561124197
0.0006951997403290416,-0.45683864695243087,0.2990424786149963,1790750070,665399458,0.125,0.08187035077314796,-0.4668322448571541,0.39357143108839326,-3.555159561273942
0.0064487322576716605,-0.45684453728275537,0.29428234699122807,1790750070,716040125,0.125,0.0840698001093854,-0.4670915247339512,0.3917244789144095,-3.5180054825599414
0.011093321162333178,-0.45670466607132365,0.2882043678517723,1790750070,765483806,0.12700000405311584,0.08629856710549598,-0.4673551232874237,0.3899871747162318,-3.481430259372639
0.018351138134957812,-0.4569234174208139,0.28548494693839405,1790750070,815568655,0.125,0.08862047251738159,-0.4676312544339386,0.38830791553953625,-3.44432548460503
0.024156184721496027,-0.4569120714664968,0.28047676035689334,1790750070,866565527,0.12600000202655792,0.0910431874634232,-0.4679213738478379,0.3866884576221674,-3.4065709102854407
0.028393732953960263,-0.45665089990311175,0.27324772444058737,1790750070,915405983,0.12999999523162842,0.09341645846292868,-0.46820806188816333,0.3852230607180911,-3.370417273501852
0.03545304508653967,-0.4568551218623751,0.27044708442907955,1790750070,965510009,0.1289999932050705,0.09587603710722142,-0.4685080488242269,0.38382375564233495,-3.3337195712642815
0.04210690346445421,-0.4569942993676848,0.2670402002525424,1790750071,15471052,0.1289999932050705,0.098370758741618,-0.4688157756162885,0.3825201965097397,-3.2971970033019837
0.048102533056046455,-0.45697338767568785,0.2620409426770754,1790750071,65472003,0.13099999725818634,0.10092149450968275,-0.46913425627802274,0.38130229378228825,-3.2605013547503803
0.054336566490841585,-0.4568896725104903,0.2561622834418687,1790750071,117994345,0.1340000033378601,0.10364636715396625,-0.46947926640839094,0.3801221421808789,-3.2219282126913957
0.06213221875889268,-0.45728989726833563,0.2553297316982227,1790750071,168734068,0.13199999928474426,0.10625584884035379,-0.46981459759445343,0.37910467650268553,-3.1855244055899905
0.06869558606235171,-0.4575075550555043,0.2530899828866323,1790750071,215473256,0.13199999928474426,0.10868148709906866,-0.4701309803617701,0.37825298326210866,-3.1520910700526805
0.07625820186721924,-0.4577825658720509,0.25080349283243564,1790750071,265807319,0.13199999928474426,0.11147695979941853,-0.47050153382966947,0.37738100566539784,-3.1139857815141703
0.08343813353660998,-0.45789228660517994,0.24686556532936718,1790750071,315640835,0.1340000033378601,0.11430078932131824,-0.47088268570095737,0.37661434915331504,-3.075884279441563
0.09100043456264924,-0.4582143453752476,0.24518135566548507,1790750071,365359035,0.1340000033378601,0.11706970004678768,-0.47126348683762204,0.3759717001055811,-3.038847021079932
0.09833241210722778,-0.4583701174061886,0.24180321107153993,1790750071,415547487,0.13600000739097595,0.1198698390474177,-0.4716560974991056,0.37542814880440517,-3.001655106662218
0.10590090958303774,-0.45864739662235965,0.23968307282976467,1790750071,465516456,0.13699999451637268,0.12265944613789603,-0.47205514486539435,0.37499154350723934,-2.964815401147719
0.11387132665158077,-0.45924797287185337,0.24080536801680416,1790750071,515774603,0.13500000536441803,0.12547448747122605,-0.4724662818479296,0.3746547027749543,-2.927797708084702
0.12145046590864486,-0.45957609174545117,0.2392472064035219,1790750071,565183107,0.13600000739097595,0.12825479069486886,-0.47288110351694906,0.3744236830416907,-2.8913471043198076
0.12928717148408392,-0.4600387677530484,0.23895215253082283,1790750071,615596283,0.13600000739097595,0.13109689259841084,-0.4733146546273178,0.37429053491932146,-2.854145179995874
0.13710313301616442,-0.46052829719400307,0.2389437235330147,1790750071,665496993,0.13600000739097595,0.13393191349525993,-0.4737572400689885,0.3742616471333498,-2.8170489394606384
0.14487128711508301,-0.46114376044978317,0.24021449540161458,1790750071,715456703,0.13500000536441803,0.1367708964970848,-0.4742111376148903,0.3743361893003034,-2.7798600229514188
0.15272156483461144,-0.4615924586676588,0.23978272222012598,1790750071,765732054,0.13600000739097595,0.13959658949540746,-0.47467422441728696,0.3745143237008575,-2.742759506691101
0.1606241545551239,-0.46196513835895836,0.23863881211518964,1790750071,815281216,0.1379999965429306,0.14236659911106317,-0.4751397260775931,0.3747897979856559,-2.706253168742054
0.16863651669171892,-0.4624762810428737,0.23879944767728353,1790750071,865619835,0.13899999856948853,0.14518521949621754,-0.475625888555711,0.37517438703354655,-2.668920082112538
0.17558337237962499,-0.463479750645121,0.24411893566939286,1790750071,915477546,0.13500000536441803,0.14796231534466026,-0.47611793153792625,0.37565735226464025,-2.6318960326581737
0.1836050494525323,-0.46394478581630494,0.24385239342695156,1790750071,965462349,0.13699999451637268,0.15071060009616502,-0.4766184757826047,0.3762394444616568,-2.5949711684067793
0.19058101751693027,-0.46480432098071367,0.24771842219109555,1790750072,15382642,0.13500000536441803,0.1534273409556733,-0.4771274369288133,0.37691883465059234,-2.55813063434039
0.19832998159046178,-0.46542073560220093,0.24899296603756157,1790750072,65411445,0.13600000739097595,0.1561381341257933,-0.4776503242841329,0.3777030556907602,-2.520979817120402
0.2064529965525563,-0.465982236186418,0.24964396148259246,1790750072,115714981,0.1379999965429306,0.1588336087862577,-0.4781862135777597,0.37859145424783924,-2.483582117553682
0.21339564597497795,-0.4668282815916775,0.25335070108739666,1790750072,165719238,0.13699999451637268,0.1614645444453804,-0.4787257939155597,0.37956721503035046,-2.446581025901003
0.22092120589182462,-0.46751816041216704,0.25544922464301334,1790750072,215303549,0.1379999965429306,0.16403203085743134,-0.47926932694532565,0.38062722149096184,-2.409920996310798
0.22762830121707175,-0.46841694672887313,0.25967538284649855,1790750072,265269222,0.13699999451637268,0.1666021053194519,-0.4798316471305939,0.38180034559568604,-2.37260946840208
0.23515757880919258,-0.4691809151935989,0.26241095396335445,1790750072,315584527,0.1379999965429306,0.16914697379443125,-0.48040792191425224,0.38307807206737,-2.334966912671265
0.24149849552638164,-0.47012047463292284,0.26710043094051145,1790750072,365582525,0.13699999451637268,0.17160864398397235,-0.48098550096087306,0.3844305564486651,-2.297813824017714
0.24763182009775014,-0.4710789532603423,0.2719999877411632,1790750072,415659791,0.13600000739097595,0.17401757808969776,-0.48157166479373703,0.3858720580156707,-2.260646408966556
0.2546702966083729,-0.47190272669977934,0.2754505584903024,1790750072,465493297,0.13699999451637268,0.17636289498801144,-0.4821642436989637,0.38739541374425773,-2.223596015347374
0.2598154649143917,-0.47297224892632883,0.2815733414993865,1790750072,515424683,0.13500000536441803,0.1786536684120534,-0.48276605399904815,0.3890063234886411,-2.1864613189981634
0.2646797101130391,-0.4740543078316004,0.2878398977526939,1790750072,565633793,0.13300000131130219,0.1808850893463128,-0.48337649125699195,0.39070174089946175,-2.149276714671501
0.2731774693508116,-0.4747371377463291,0.28971308278706015,1790750072,615689300,0.13699999451637268,0.18304221515612018,-0.48399196729351807,0.3924699929138102,-2.112234748999729
0.27757219949387957,-0.47584547979491304,0.29632114098902407,1790750072,665237629,0.13500000536441803,0.18512274940045947,-0.48461200814544214,0.3943071022615273,-2.0753514950064034
0.28245640731265054,-0.4769133633573506,0.3024090615265324,1790750072,715438525,0.1340000033378601,0.1871607596929427,-0.48524780268405154,0.39624550199821984,-2.037943062055717
0.2870311717986881,-0.4779835006827271,0.3085873004233473,1790750072,765110484,0.13300000131130219,0.1891047310290762,-0.48588397309982934,0.3982365897824308,-2.0009129007518927
0.2929536767508087,-0.47896866011817407,0.31370156406486216,1790750072,815598059,0.1340000033378601,0.19100244295134453,-0.4865370820667982,0.40033103832461453,-1.9632718857091014
0.2963467153391741,-0.48013625203177823,0.32090803676392,1790750072,865798640,0.13199999928474426,0.1928183465280084,-0.4871961542577049,0.4024925600697045,-1.9256550583643692
0.30182061658788767,-0.4811507141790648,0.3263796907284468,1790750072,915713063,0.13300000131130219,0.1945422560401696,-0.48785789801114077,0.40470827677494026,-1.8882181568519816
0.30541092223811167,-0.48227043220615123,0.33313527298719764,1790750072,965265707,0.13199999928474426,0.1961666719145636,-0.48851899216866757,0.4069637842874622,-1.8511342770893473
0.30879726175059274,-0.48341551950187817,0.34009357524334305,1790750073,15675373,0.13099999725818634,0.19773037134288207,-0.48919645492643343,0.40931586877962756,-1.8134239129714467
0.3109720067607056,-0.4845899286466631,0.3475291959028019,1790750073,65560009,0.1289999932050705,0.19918083039028087,-0.48986787892603667,0.4116842765548694,-1.7763265420492753
0.3146021048954316,-0.48568686405985495,0.35404051618233395,1790750073,115470683,0.1289999932050705,0.20054061561090158,-0.4905433824603478,0.41410206076894074,-1.7392482854718683
0.31891039186974657,-0.4867670841951064,0.36028623556609246,1790750073,165338828,0.12999999523162842,0.20181719681867805,-0.4912274382944494,0.4165826623999894,-1.7019396876235477
0.32397296209616305,-0.4878544162014437,0.36644968850128234,1790750073,216087181,0.13199999928474426,0.20302070192801686,-0.49192838361568686,0.4191559818721622,-1.6639241015833637
0.3250238779215129,-0.4890407368159652,0.3741229886311498,1790750073,265506685,0.12999999523162842,0.2040943513223483,-0.4926122739059968,0.42169706223789377,-1.626988857705128
0.3276627318982561,-0.49017762252914315,0.38112641107023065,1790750073,315148792,0.12999999523162842,0.20507593924810466,-0.493301935362851,0.4242856012536588,-1.5899011281333113
0.33051366057776577,-0.49105914754002955,0.38641367515723596,1790750073,365708209,0.13099999725818634,0.2057814687315977,-0.49384884213029595,0.42635234317444204,-1.5606290971473444
0.3283036328125255,-0.49198170975703714,0.39281590007587963,1790750073,415566798,0.12700000405311584,0.20638352933848952,-0.4943601199883127,0.42829593055985143,-1.533345774256657
0.33091424997784974,-0.49233048354670644,0.3946645667975083,1790750073,465334915,0.1289999932050705,0.20664086626350117,-0.49459427253038446,0.42918991410252316,-1.5208691244409207
0.3333649598757296,-0.492599512506787,0.3960352349277994,1790750073,515307218,0.13099999725818634,0.2068341176750762,-0.4947774389017192,0.4298908384559664,-1.5111167932779035
0.3305527642300016,-0.4927003399440375,0.39712840701617463,1790750073,565267142,0.12800000607967377,0.2068660842386502,-0.4948084007282258,0.43000944758431553,-1.5094690322875977
0.3315190539307804,-0.49268387093197796,0.39687152720620555,1790750073,615291593,0.1289999932050705,0.2068660842386502,-0.4948084007282258,0.43000944758431553,-1.5094690322875977
0.33151905393078057,-0.4926838709319781,0.39687152720620567,1790750073,665179942,0.1289999932050705,0.20686608423865036,-0.4948084007282259,0.43000944758431564,-1.5094690322875977
0.33151905393078035,-0.49268387093197796,0.39687152720620567,1790750073,715741155,0.1289999932050705,0.20686608423865016,-0.4948084007282258,0.43000944758431564,-1.5094690322875977
0.333451662130386,-0.49265093241703756,0.39635775993055383,1790750073,766227211,0.13099999725818634,0.20686608423865022,-0.49480840072822546,0.4300094475843155,-1.5094690322875977
0.3315190539307804,-0.49268387093197796,0.39687152720620555,1790750073,815827577,0.1289999932050705,0.2068660842386502,-0.4948084007282258,0.43000944758431553,-1.5094690322875977
0.3315190539307804,-0.49268387093197796,0.39687152720620555,1790750073,873016586,0.1289999932050705,0.2068660842386502,-0.4948084007282258,0.43000944758431553,-1.5094690322875977
0.3324853580305831,-0.4926674016745081,0.3966146435683797,1790750073,915904415,0.12999999523162842,0.2068660842386501,-0.49480840072822596,0.43000944758431553,-1.5094690322875977
0.33221759539282913,-0.492622130199549,0.3956182889737049,1790750073,965415031,0.12999999523162842,0.20676620809107502,-0.49482546939665445,0.4296343657708781,-1.5143501289944516
0.33092183980639683,-0.4925847287365102,0.3946758011136424,1790750074,15503853,0.1289999932050705,0.20664222384751488,-0.4948462791328815,0.429178854512229,-1.5202864956276358
0.3277902686785371,-0.49243520039186417,0.3910476164333452,1790750074,65465480,0.12700000405311584,0.20618602792356336,-0.4949203204123923,0.42758846807067563,-1.5410881352042767
0.33201604629966064,-0.49209658313156224,0.3844857882506512,1790750074,115370181,0.13300000131130219,0.20562685000983497,-0.4950054279211451,0.4257932940093921,-1.5647238534516346
0.3248245067648112,-0.49189447186311724,0.37902009744931264,1790750074,165380438,0.12800000607967377,0.20470641558019412,-0.4951334963583162,0.423124002569835,-1.6002158197816128
0.3247354860105986,-0.4914850526233476,0.3705409243009814,1790750074,215299001,0.13099999725818634,0.20362600670963907,-0.49527209110706394,0.42033200427137507,-1.6378382052006488
0.3205340326777011,-0.4911837898202541,0.36339963200102693,1790750074,265393295,0.12999999523162842,0.20240049741148,-0.49541935278332216,0.41749701282592266,-1.6766392345901169
0.3169625613623094,-0.4908645396197803,0.3560144268233468,1790750074,315221505,0.12999999523162842,0.20106427138939925,-0.49557087751041445,0.4147122591959126,-1.715430596983296
0.31394194798326386,-0.4905154754797273,0.34822946658969733,1790750074,365584846,0.13099999725818634,0.19960795311516294,-0.4957288363677123,0.4119598186003173,-1.7545385541760063
0.30720626036088644,-0.4903475862127644,0.34265767828896276,1790750074,415689743,0.12800000607967377,0.19805248216726828,-0.49589109208013177,0.4092814263458936,-1.7934269712187294
0.30362788110044364,-0.4900273185903825,0.33521408504751776,1790750074,465589620,0.1289999932050705,0.19638726188733904,-0.4960600501343949,0.406656747286659,-1.8324595578829568
0.2989068766302085,-0.4897649471127147,0.3284471597821228,1790750074,515599488,0.1289999932050705,0.19461272724496254,-0.4962357176581993,0.40409012230649727,-1.8716338438618065
0.29474991993562893,-0.4894686161221335,0.3213126212649928,1790750074,565524347,0.12999999523162842,0.1927559777473151,-0.49641675128937984,0.401618025409471,-1.9104546360219834
0.2895411083698124,-0.48924052587354144,0.31497882685019285,1790750074,615399547,0.12999999523162842,0.19080782604615928,-0.49660415920719375,0.39922557530939895,-1.949186199549059
0.2862515968082796,-0.48885111106019047,0.3067847270797437,1790750074,665318961,0.13300000131130219,0.18875564916733917,-0.4968004527593882,0.3968977034424783,-1.9881500725949168
0.2789939313926213,-0.48877620715686787,0.3021367301787108,1790750074,715483117,0.13099999725818634,0.18660018389394167,-0.4970056084319941,0.39463900939089025,-2.027342568135809
0.2730147636050908,-0.48860485427526335,0.29641197585337814,1790750074,765715894,0.13099999725818634,0.18437548947478113,-0.4972177089009762,0.3924843293089534,-2.0662277091247665
0.2685486234292208,-0.48824482121371904,0.2884744897464281,1790750074,817643473,0.1340000033378601,0.18199226528658521,-0.49744534396326257,0.3903535756314391,-2.1063578778310155
0.2616681423680775,-0.48818722388262703,0.2841511149798719,1790750074,865297758,0.13300000131130219,0.17969476015719169,-0.49766654290951473,0.38845599247129553,-2.1437745716645757
0.2560639830946707,-0.48793017341509126,0.2774389619850205,1790750074,915389543,0.13500000536441803,0.1771984814846605,-0.49790856691348995,0.38655204904328994,-2.1831898250007122
0.2496990354471269,-0.487767049809254,0.2718227169144437,1790750074,965305049,0.13600000739097595,0.17467370139073182,-0.4981564484425414,0.38477961867839294,-2.2219311923264238
0.24309872292299073,-0.48762485038774317,0.26644885092673154,1790750075,15245583,0.13699999451637268,0.17208688408058487,-0.4984133654052809,0.3831104349440193,-2.260590510686016
0.23516896537098286,-0.487667059642176,0.2629942696626179,1790750075,65371480,0.13600000739097595,0.1693942722862126,-0.498685182446301,0.38151976367054435,-2.2998756672649168
0.22796077218571104,-0.48757535835648363,0.25805711093500316,1790750075,115887637,0.13699999451637268,0.16661230775697558,-0.49897035624968333,0.38002234545999514,-2.339559794029554
0.22032065908546078,-0.4875942070902333,0.25440004778872827,1790750075,165464263,0.13699999451637268,0.16384963776869452,-0.49925911983862964,0.3786737459693963,-2.3781891138389177
0.21319483310989318,-0.4874683331503878,0.24915916824251114,1790750075,215735086,0.13899999856948853,0.1610008605981868,-0.4995622921161054,0.3774187682430592,-2.4173030441528733
0.2041006670842312,-0.48781012817646346,0.24886210926433444,1790750075,265585555,0.13600000739097595,0.15810631859000607,-0.49987718782545304,0.3762783876135509,-2.4564094253886766
0.19602817597561803,-0.48792103195851433,0.24611853010007273,1790750075,315295737,0.13600000739097595,0.15517317093561972,-0.5002029206725804,0.37525421758863076,-2.495462522663666
0.18790163159724305,-0.48806294770809727,0.243711091416876,1790750075,365213336,0.13600000739097595,0.15222096047537037,-0.5005388251935966,0.37435275475443874,-2.5342823064837328
0.17989213735393383,-0.48814315993176505,0.2406509203710771,1790750075,415335094,0.13699999451637268,0.14922944720294432,-0.5008870146476088,0.3735659010811988,-2.573186299061561
0.17164503241435813,-0.4882559735622426,0.2378861980355326,1790750075,465406490,0.1379999965429306,0.14618072849303482,-0.5012513360774945,0.37289245279711214,-2.6124744726720293
0.162751763916291,-0.4886869905073216,0.23839000728461884,1790750075,515773813,0.13600000739097595,0.1430835472158401,-0.5016308139498601,0.37233634242245683,-2.6520756742096765
0.1544016567041103,-0.4888642018948442,0.23630534818620832,1790750075,565638671,0.13699999451637268,0.1400120613784089,-0.5020179332068239,0.3719110906767863,-2.69112000292806
0.14571709063266308,-0.4893637078634861,0.23752742102419325,1790750075,615672484,0.13500000536441803,0.13691849506833792,-0.5024183140297647,0.37160636576322265,-2.7302686997781414
0.1371971945549232,-0.48980257738348165,0.23810334961370386,1790750075,665422397,0.1340000033378601,0.13381815598124921,-0.5028317016973598,0.3714256092423107,-2.769402307219946
0.12867303868007365,-0.4901805093325599,0.2380224724884885,1790750075,715478330,0.1340000033378601,0.13069177979358942,-0.5032605532344624,0.3713672812752854,-2.8088140138026105
0.1200183958194102,-0.49029826714160313,0.23530134710883163,1790750075,765347355,0.13699999451637268,0.12757876817435054,-0.5037012052596188,0.37143437218777947,-2.8480818491568556
0.11146048772469207,-0.49084399915512217,0.236904348461989,1790750075,815577660,0.13600000739097595,0.12444926193298785,-0.5041577581419389,0.3716264237746577,-2.8876347303090966
0.10324920051699985,-0.4915174553146285,0.23981961378732547,1790750075,865590232,0.1340000033378601,0.12136807066751909,-0.5046224691408426,0.37194064183218245,-2.9267296986917453
0.09549131409939919,-0.49231609199304804,0.24401240840268953,1790750075,915209542,0.13099999725818634,0.11833081064794526,-0.5050952156959276,0.3723714777216912,-2.9654659689393235
0.08661764011122453,-0.4925719099519474,0.242679498026481,1790750075,965365754,0.1340000033378601,0.11526855257496592,-0.505588658484815,0.37293190824285144,-3.0048011082646773
0.07836853943160099,-0.4931516299894688,0.24461046784262475,1790750076,15300270,0.1340000033378601,0.11224293946937479,-0.5060928483715346,0.3736106646774167,-3.0439972621633777
0.0712477354168422,-0.4941587738115914,0.250713703174284,1790750076,65567546,0.12999999523162842,0.10920336222035214,-0.5066183606069488,0.37442355666649796,-3.083794327149642
0.0632806252536126,-0.4948072079356856,0.25327003397680753,1790750076,115341812,0.12999999523162842,0.10622479909383346,-0.5071521102757909,0.3753495166084831,-3.123266238303862
0.054990908180410955,-0.49540122491415906,0.2552459834417946,1790750076,165750432,0.13099999725818634,0.10326390642904637,-0.5077037445560845,0.3764044125014028,-3.1630669760322934
0.04807987279432159,-0.4962977230294436,0.260250175011744,1790750076,215480002,0.1289999932050705,0.10039066104070773,-0.5082596963610119,0.3775595560260723,-3.202299999942296
0.04047954700245015,-0.49704764524402384,0.26375088396898694,1790750076,265656510,0.1289999932050705,0.09753587814654793,-0.5088352099757808,0.3788448744332068,-3.241989887699584
0.03302533766834418,-0.4978292349741156,0.2675564962336102,1790750076,315834416,0.1289999932050705,0.09473533112429937,-0.5094230970360157,0.38024392817286345,-3.281700059538031
0.02791843642547874,-0.4989809371120201,0.27499907080649993,1790750076,365279421,0.125,0.09204624020026737,-0.5100126995927748,0.3817273472827478,-3.320679495271699
0.019835720132360374,-0.4996450840606552,0.2776419498468787,1790750076,415721781,0.12700000405311584,0.08936900651675281,-0.5106253865037674,0.3833469926420797,-3.3604185208194695
0.013102739737198568,-0.5004985094810829,0.28217834789219876,1790750076,465327148,0.12700000405311584,0.08681508519275007,-0.5112375987647004,0.3850382677749761,-3.3993431077083747
0.007754830249522296,-0.5015484375511976,0.2885701179184062,1790750076,515181978,0.125,0.08432120575857079,-0.5118633091602962,0.386836050800027,-3.438435154823308
0.0026448475382880726,-0.502631268356161,0.2951932940350679,1790750076,565343106,0.12300000339746475,0.08187018391795965,-0.5125096602804278,0.38876019140959245,-3.478080036413595
-0.0014251200204087877,-0.5038050496583062,0.3026702425440094,1790750076,615176974,0.11999999731779099,0.07951200350420261,-0.5131634335980594,0.3907701973786619,-3.5175296262393805
-0.009405938017197413,-0.504552351905796,0.30606694776006477,1790750076,665403047,0.12300000339746475,0.07720689604019253,-0.5138382059777236,0.3929058257265507,-3.5575576746157003
-0.011446367568234292,-0.5059205111819,0.3152679718795006,1790750076,715403369,0.11800000071525574,0.07499937219975139,-0.514521087810914,0.39512512138043454,-3.5974598311898984
-0.018276293605388128,-0.5067940446576837,0.3198558196267635,1790750076,765457561,0.11999999731779099,0.07289186516875437,-0.51521323858099,0.3974282590346122,-3.637273136522221
-0.02021217417840658,-0.5080978703056803,0.32842120529456054,1790750076,815156122,0.11599999666213989,0.07089646426747753,-0.5159094249804125,0.39979483375575975,-3.6767790477397564
-0.023376615220005115,-0.5092863479785082,0.3358438928756022,1790750076,865376148,0.11400000005960464,0.06897781554873336,-0.5166246624744135,0.402272864501929,-3.716791610991202
-0.026989963989499377,-0.5104152701544497,0.3427287976790742,1790750076,915242387,0.11299999803304672,0.06717538666090332,-0.5173439187587483,0.40480842494014446,-3.7565390927123565
-0.02858835377327036,-0.5116763161086667,0.3507583745264099,1790750076,965212810,0.10999999940395355,0.06547914565863286,-0.5180731469791379,0.4074186425659564,-3.7963244700416494
-0.03594365980998926,-0.5125582552582085,0.3554154941457276,1790750077,15462142,0.11400000005960464,0.06388387571066408,-0.5188143054584163,0.4101085010237101,-3.836323217667009
-0.03685582933726544,-0.5138284692391305,0.3635088716841264,1790750077,65075963,0.11100000143051147,0.06242645237828608,-0.5195520628646911,0.4128167750155078,-3.8756699498458302
-0.0402136202030978,-0.5149834617251373,0.3704993399888714,1790750077,116184317,0.11100000143051147,0.06104292104101502,-0.5203188512357276,0.41566178889969896,-3.9161736295256127
-0.04406705528535186,-0.5160534670228111,0.376914355057831,1790750077,165067930,0.1120000034570694,0.05983666441996796,-0.521054999792041,0.41842342004055744,-3.954784718228186
-0.043037481175416815,-0.517381457882328,0.38537391446668334,1790750077,215370753,0.1080000028014183,0.05871222865780928,-0.5218178718397913,0.42130879146881983,-3.9944949463985595
-0.04290234683655425,-0.5183026821937282,0.39111751530356137,1790750077,265212658,0.10599999874830246,0.057969891330959894,-0.522376780908804,0.42343149093913185,-4.023352525254821
-0.04633179460584287,-0.5190279094250554,0.39539205554633916,1790750077,315604898,0.1080000028014183,0.05732840717280242,-0.5229064923354982,0.42545066108491536,-4.050557620628853
-0.04401544283922813,-0.5194551902903507,0.3981610869015752,1790750077,365349497,0.10499999672174454,0.05708764729035269,-0.5231192110255417,0.4262633898297751,-4.061446294379987
-0.04538390241804352,-0.5196584761649725,0.39933894491917027,1790750077,415443328,0.10599999874830246,0.05691510151084335,-0.5232771523341044,0.42686745219037314,-4.069518184177535
-0.04448454250262174,-0.519732026170317,0.3998373259442726,1790750077,466009625,0.10499999672174454,0.056886979204834945,-0.5233033605976058,0.42696774187712305,-4.07085657119751
-0.04351910464518387,-0.5197660386957246,0.4000957094645003,1790750077,515727353,0.10400000214576721,0.056886979204834945,-0.5233033605976058,0.42696774187712305,-4.07085657119751
-0.044484542502621766,-0.519732026170317,0.3998373259442726,1790750077,565380785,0.10499999672174454,0.056886979204834945,-0.5233033605976058,0.42696774187712305,-4.07085657119751
-0.04448454250262166,-0.5197320261703169,0.3998373259442727,1790750077,615666320,0.10499999672174454,0.05688697920483502,-0.5233033605976057,0.4269677418771231,-4.07085657119751
-0.043519104645183895,-0.5197660386957246,0.4000957094645003,1790750077,665442160,0.10400000214576721,0.056886979204834945,-0.5233033605976058,0.42696774187712305,-4.07085657119751
-0.045449987553171096,-0.5196980133914949,0.39957894049892717,1790750077,716009641,0.10599999874830246,0.05688697920483505,-0.5233033605976057,0.42696774187712294,-4.07085657119751
-0.044484542502621766,-0.519732026170317,0.3998373259442726,1790750077,766879078,0.10499999672174454,0.056886979204834945,-0.5233033605976058,0.42696774187712305,-4.07085657119751
-0.04448454250262168,-0.519732026170317,0.3998373259442725,1790750077,815987859,0.10499999672174454,0.05688697920483503,-0.5233033605976058,0.42696774187712294,-4.07085657119751
-0.04420888673711304,-0.5196984957264953,0.3988273517072062,1790750077,865424364,0.10499999672174454,0.05700418228900386,-0.5233249767097055,0.4265358811802633,-4.064992607718894
-0.04482064143961151,-0.519621973659717,0.397304826471772,1790750077,916665404,0.10599999874830246,0.05715308358420733,-0.5233519467439378,0.426000582955923,-4.057711993429126
-0.042602315630378224,-0.5195200085328519,0.39334054829932086,1790750077,965181293,0.10499999672174454,0.057686983412679485,-0.5234454682301759,0.42418931772669344,-4.0329716264648985
-0.04385453829516222,-0.5192461091438507,0.3874978339474974,1790750078,15721303,0.1080000028014183,0.058361112534117694,-0.5235564319737968,0.42210104836111406,-4.0042281470466285
-0.040281592507168236,-0.5190592405182408,0.38059988227335184,1790750078,65273438,0.10700000077486038,0.05946399267165934,-0.5237233658576821,0.4190454845962621,-3.9616902014726216
-0.037049487209294234,-0.518825763405326,0.37278870459421276,1790750078,116631377,0.10700000077486038,0.06082036479841361,-0.5239138632053103,0.4157375517758879,-3.9148886296743997
-0.03440424215315227,-0.5185627407725876,0.36477719255257585,1790750078,166391429,0.1080000028014183,0.06230572832238693,-0.5241108964841582,0.41253072837901344,-3.8686317243301924
-0.03318550673285449,-0.5182043788582804,0.3559890394509433,1790750078,215321191,0.11100000143051147,0.06390850789859108,-0.524313597761772,0.40943462004196507,-3.8230084266797255
-0.02884023568893028,-0.5180180139106593,0.34852755493517196,1790750078,265409513,0.11100000143051147,0.06569270706195156,-0.5245316787721332,0.4063384122416023,-3.776226934456519
-0.024992217050182924,-0.5177930267878114,0.34071879806071065,1790750078,315427372,0.1120000034570694,0.0676117453436942,-0.5247594758000901,0.40332850586626,-3.7294971994166186
-0.020729895083509406,-0.5175864443800757,0.33301062502385315,1790750078,365541954,0.11299999803304672,0.06967976423276086,-0.5250003501647154,0.40039108998812145,-3.6824502358846867
-0.016110598559821734,-0.5174002264381589,0.3254920162209465,1790750078,415435553,0.11400000005960464,0.0718699666714009,-0.5252515101937982,0.39755988353067667,-3.6355688879108827
-0.01034626574299359,-0.5173085579098862,0.31878811076704583,1790750078,465461931,0.11400000005960464,0.0742004123632611,-0.5255168665208635,0.3948175978397216,-3.5884147242699713
-0.004994111365360224,-0.5171714282791541,0.31165693239327763,1790750078,515434947,0.11500000208616257,0.0766507009966326,-0.5257943711406827,0.39218500172689064,-3.5412841658355463
-0.0013370580868575371,-0.5168275022432796,0.30257085904679537,1790750078,565382139,0.11900000274181366,0.07921064868139988,-0.5260847333331411,0.3896763770090656,-3.4942950787824363
0.0048230095677929685,-0.5167354753967976,0.29580371111142,1790750078,615538119,0.11999999731779099,0.0818903614799327,-0.5263893838181034,0.38727733942971343,-3.4471308215545604
0.01066630941865658,-0.5165906347720711,0.28854746678568644,1790750078,665214254,0.12200000137090683,0.08465681127153901,-0.5267064492444968,0.3850206561577567,-3.40029553607204
0.017150092737304792,-0.5164731200716489,0.28134090961068425,1790750078,716453016,0.12399999797344208,0.08761379441809075,-0.5270481924504402,0.3828250664384284,-3.351963029593055
0.02423859880204371,-0.5164698925603919,0.27545237621681457,1790750078,765706807,0.125,0.09054171884108189,-0.5273911436354124,0.3808545704446638,-3.305628746811494
0.03125104035245346,-0.5164117001185097,0.2689304383682971,1790750078,815710759,0.12700000405311584,0.09359805503863926,-0.5277537409438898,0.378990462442106,-3.258608464348445
0.039534554295175696,-0.5165686004309976,0.2644718366616518,1790750078,865491876,0.12700000405311584,0.09673478258559481,-0.5281323523204969,0.3772699508092451,-3.2115986247571504
0.04888523917593948,-0.5169515227974002,0.26218548231377153,1790750078,915562393,0.125,0.09996547053797508,-0.5285288861329576,0.3756833881191097,-3.164279844080552
0.05754209662144358,-0.5171951541848117,0.2585055151652626,1790750078,965497011,0.125,0.10327606149307356,-0.5289437021369353,0.37424391016941483,-3.116798087626145
0.0663889844365515,-0.5174808821651848,0.25521675952623124,1790750079,15552768,0.125,0.10665863152416322,-0.5293761344965917,0.3729531536251307,-3.069148598530663
0.0739180448966657,-0.5173269649164908,0.24758458208053968,1790750079,65279274,0.12999999523162842,0.11006973132043107,-0.5298225764298112,0.371829960352125,-3.0218623054527347
0.08376724400566318,-0.5178902646715494,0.24698929452972682,1790750079,115662811,0.12800000607967377,0.11357105725602776,-0.5302914376623978,0.37085190059219014,-2.973959917319036
0.09288776280365599,-0.5182052693856251,0.24395986890699037,1790750079,165672679,0.1289999932050705,0.11707880744347145,-0.5307735988236928,0.3700464609827495,-2.926513884539095
0.10215496259309198,-0.5185613137643543,0.2413492646254388,1790750079,215560547,0.12999999523162842,0.1206067467169135,-0.531270943841939,0.36940392376036546,-2.8792010234405545
0.11131539537851873,-0.5186698709376237,0.236189154303245,1790750079,265446989,0.1340000033378601,0.1241688268289517,-0.5317874412849934,0.36892467909852106,-2.8317577764363047
0.12126595066223655,-0.5195092197649929,0.23839801048782217,1790750079,315465477,0.13099999725818634,0.12775715542020533,-0.5323223367880996,0.36860817742799284,-2.7841645714296797
0.13099148494211144,-0.520006066945467,0.23708873280588302,1790750079,365571420,0.13199999928474426,0.1313706086045437,-0.532877643344327,0.3684591198702035,-2.7363594816262267
0.14087130933014474,-0.520352465122472,0.23424269162580105,1790750079,415515779,0.13500000536441803,0.13497355369782188,-0.5334482227511399,0.36847651396214626,-2.6886854644840144
0.15044246697981511,-0.5213248820010475,0.23781326207792147,1790750079,465370628,0.13199999928474426,0.13856003027211578,-0.5340349794027507,0.3686614983407738,-2.6411436941891564
0.16032951544961568,-0.521961430418627,0.23787302604953484,1790750079,515698840,0.13300000131130219,0.1421635500481619,-0.5346439176114461,0.3690147530796588,-2.5931588599940714
0.17019522088711989,-0.52264184020074,0.23839338064251267,1790750079,565163724,0.1340000033378601,0.14572594630910302,-0.5352673115850044,0.36953396539222794,-2.5454272629215797
0.17963190346324537,-0.5236686848218007,0.24234326016655935,1790750079,615812151,0.13199999928474426,0.14934843540776235,-0.5359239386586312,0.3702366537688087,-2.496445940792871
0.189654405006805,-0.5243503612175897,0.24282605206332136,1790750079,665723991,0.1340000033378601,0.1528501855382173,-0.5365831151446147,0.37109066158292114,-2.4485786435869263
0.20007339445783628,-0.5249938637264012,0.24286584030265487,1790750079,715840268,0.13699999451637268,0.15631340504710892,-0.5372599701830427,0.3721082654449181,-2.400584075211065
0.2079390859314051,-0.5262923169104308,0.24988488463697262,1790750079,765086697,0.13300000131130219,0.15967709756399356,-0.5379440449948424,0.3732705323447881,-2.353243569027627
0.2167154243775468,-0.5273804934219586,0.2545449156715224,1790750079,815427752,0.13199999928474426,0.1630544605657702,-0.5386592151357894,0.37461694076673613,-2.3048186712639
0.2269451106194564,-0.528165618456044,0.2560025503276381,1790750079,865313990,0.13500000536441803,0.16633775963855155,-0.5393851863045077,0.37611030092169434,-2.2567568179286095
0.23483862633579083,-0.5294168732663008,0.26238151809151977,1790750079,915621462,0.13300000131130219,0.16957092923167041,-0.5401323146242026,0.3777691577243528,-2.2082752306218394
0.24439651053914974,-0.530377268698864,0.26566404971272306,1790750079,965343366,0.13500000536441803,0.17269606574971474,-0.5408890953795811,0.3795655385757956,-2.1601652038234365
0.2533343718465544,-0.5314663925184632,0.2702863999889805,1790750080,15277576,0.13600000739097595,0.17574411420846608,-0.5416635205816368,0.3815148698573727,-2.111815500939229
0.2608454336863456,-0.5327402818515067,0.27692055803582066,1790750080,65437630,0.13500000536441803,0.1786887779717562,-0.5424508075335529,0.38360228590505624,-2.063563372252757
0.2679492514209011,-0.5340347934808053,0.28383230824079136,1790750080,115365925,0.1340000033378601,0.18151131595730702,-0.5432462238839518,0.38581090284410047,-2.015593557923865
0.2742180264889843,-0.5354596915003298,0.29196559771666586,1790750080,166118055,0.13199999928474426,0.18430478267705766,-0.5440792217317041,0.38822208891066246,-1.966185474629557
0.28194591164167065,-0.5366772255989987,0.298019716049072,1790750080,215223595,0.13300000131130219,0.18689563916487392,-0.5448988681168793,0.3906849773134814,-1.9182649677004737
0.28649794449055455,-0.5381798118601326,0.30719496239187455,1790750080,265038065,0.12999999523162842,0.18939381384885304,-0.5457400229250756,0.3932974001111186,-1.8697965200814337
0.2921748558158367,-0.5396021927737371,0.31534353985776026,1790750080,315746788,0.1289999932050705,0.19180107382697542,-0.5466066575271749,0.39607172334827756,-1.8204861702926656
0.2988857341410095,-0.5409082502404137,0.32234137231655025,1790750080,365173422,0.12999999523162842,0.19401422967648518,-0.5474623025430204,0.39888554720912694,-1.772421132701428
0.30369451695571476,-0.5423590609558647,0.3309019284950499,1790750080,415332903,0.1289999932050705,0.19611814941397634,-0.548339938656375,0.40184241408236865,-1.7236431129245564
0.3088646271251302,-0.5437668655001651,0.33903960820755275,1790750080,465069205,0.1289999932050705,0.19805577843220923,-0.5492173156833732,0.4048627795916325,-1.675404851107002
0.3128261803322534,-0.5452539575531471,0.34800583838306426,1790750080,515576177,0.12800000607967377,0.19987014554623309,-0.5501157961028329,0.40801665647224444,-1.6264446069817455
0.31811316872479567,-0.5466771747418401,0.3562065900252853,1790750080,565569332,0.1289999932050705,0.2015201214537944,-0.5510182898854499,0.41123580312414953,-1.5777557226432175
0.32208210524674474,-0.5481497874118098,0.3650441851705533,1790750080,615354505,0.1289999932050705,0.2030057110407967,-0.5519243536370186,0.4145170387331831,-1.5292286356499285
0.3252969706310491,-0.5494896318168017,0.3731757967754633,1790750080,665320170,0.1289999932050705,0.2042078266801343,-0.5527453660210289,0.4175358876109687,-1.4854189827351685
0.3290873338241718,-0.5508073121555337,0.38106775990170144,1790750080,715952670,0.12999999523162842,0.20526755282023895,-0.5535635086636125,0.4205780620160915,-1.4419504362805893
0.3314399916245818,-0.5515182685383374,0.3852872979745753,1790750080,765452388,0.13099999725818634,0.2057846839574067,-0.5540075094748016,0.4222406011594411,-1.4184427547730154
0.32678734196539305,-0.5522614874689447,0.39083712546768334,1790750080,815687017,0.125,0.20620356189018796,-0.5543957260783638,0.42370043340119223,-1.3979295619023917
0.32894925507334044,-0.5523658762946843,0.39116480914830115,1790750080,865259994,0.12700000405311584,0.2062909899397259,-0.5544806758399627,0.42402022950456275,-1.3934502349016793
0.33096860233425174,-0.5523853312721327,0.39097328565824596,1790750080,915691568,0.1289999932050705,0.2063236420293784,-0.5545128583647727,0.4241411277040418,-1.3917577202091627
0.3309815807768109,-0.5523931649915013,0.3910216801013967,1790750080,965428657,0.1289999932050705,0.20632847209233093,-0.554517636709828,0.42415908135921243,-1.3915064334869385
0.3290489848213207,-0.5524261023606027,0.3915354355008582,1790750081,15942213,0.12700000405311584,0.20632847209233093,-0.554517636709828,0.42415908135921243,-1.3915064334869385
0.3300152899985858,-0.55240963355335,0.39127855588722904,1790750081,65377765,0.12800000607967377,0.20632847209233093,-0.554517636709828,0.42415908135921243,-1.3915064334869385
0.3300152899985858,-0.55240963355335,0.39127855588722904,1790750081,115791588,0.12800000607967377,0.20632847209233093,-0.554517636709828,0.42415908135921243,-1.3915064334869385
0.3309815807768109,-0.5523931649915013,0.3910216801013967,1790750081,165139583,0.1289999932050705,0.20632847209233093,-0.554517636709828,0.42415908135921243,-1.3915064334869385
0.3300152899985858,-0.55240963355335,0.39127855588722904,1790750081,215940205,0.12800000607967377,0.20632847209233093,-0.554517636709828,0.42415908135921243,-1.3915064334869385
0.3280826796440556,-0.5524425711678552,0.39179231511448737,1790750081,268846030,0.12600000202655792,0.20632847209233096,-0.5545176367098278,0.4241590813592125,-1.3915064334869385
0.3280826796440556,-0.5524425711678554,0.3917923151144873,1790750081,316523463,0.12600000202655792,0.20632847209233093,-0.554517636709828,0.42415908135921243,-1.3915064334869385
0.32862650712483144,-0.5523571489463674,0.38997266410175163,1790750081,366362627,0.12700000405311584,0.20616856603098171,-0.5545456769705902,0.4235623059223168,-1.3992490745318267
0.3271681644797142,-0.5522969682061165,0.388469118677326,1790750081,415515195,0.12600000202655792,0.20598058770342398,-0.5545777456441835,0.42288379287397315,-1.408071738747068
0.32735018105363567,-0.5520051484313482,0.3821250903105279,1790750081,465087580,0.12800000607967377,0.20532416249577734,-0.5546839212910937,0.4206799412022073,-1.4368812769367822
0.3251396386925126,-0.5517164961549584,0.375532679954805,1790750081,515584191,0.12800000607967377,0.20449044919112655,-0.5548078248967941,0.41817325119470583,-1.4699673941403113
0.3216034804392968,-0.5513138541575221,0.36626889313061517,1790750081,565337133,0.12800000607967377,0.20315586496919796,-0.5549871579221384,0.4146493725132853,-1.5171474228104975
0.31735369670151276,-0.5509007482238536,0.35660980497075295,1790750081,615441844,0.12800000607967377,0.20155090752025298,-0.555183850199841,0.41097312543317976,-1.5673474288483287
0.3142032531482105,-0.5504173183309887,0.3459154527642513,1790750081,665995335,0.12999999523162842,0.19969578103133456,-0.5553959475330031,0.4072607935889231,-1.6192781501881206
0.3079476926058168,-0.5500716409055044,0.3369870455398748,1790750081,715650359,0.1289999932050705,0.19767490187987954,-0.5556139399225875,0.403696810897183,-1.6705212864125285
0.2987733298901095,-0.549903090446927,0.3301094903502501,1790750081,765424791,0.125,0.195469557101358,-0.555842967083349,0.40023828895078284,-1.7218539586818413
0.2957333607791505,-0.5493815011673192,0.3190538958126738,1790750081,815249863,0.1289999932050705,0.19308427491102118,-0.5560828484051467,0.39689511473005523,-1.7732323981437488
0.29034322403674234,-0.5489638385570234,0.3091599466303171,1790750081,865540862,0.13099999725818634,0.19048629601064196,-0.5563395778756598,0.3936300104182565,-1.8254653234968252
0.2793199570660376,-0.5489878328820941,0.30432530018403126,1790750081,915455804,0.12600000202655792,0.18773598602213254,-0.556607528504983,0.3905245867073911,-1.877378051667952
0.27657070851999555,-0.5483168344676713,0.29165929457918716,1790750081,965217069,0.13300000131130219,0.1848476547912803,-0.5568882991931119,0.3875884963685595,-1.9289548826427416
0.2675943657818423,-0.5481734789827023,0.28488749871721686,1790750082,15506559,0.13199999928474426,0.1817783226960431,-0.5571864061042435,0.3847793087166884,-1.9810469974731033
0.25904852377821874,-0.5480100272418278,0.2779422524863342,1790750082,65178093,0.13199999928474426,0.17861407697408074,-0.5574964292413496,0.38217424256418053,-2.0323982945010313
0.25000155580807915,-0.5478865926918886,0.2713493981718349,1790750082,115679991,0.13199999928474426,0.17526345104439794,-0.5578276552400121,0.3796978673946153,-2.0845895661059504
0.24168492612096437,-0.547652950478764,0.26356273537273445,1790750082,165818786,0.1340000033378601,0.1717981196017974,-0.5581761453537721,0.3774095514842166,-2.1366511053141113
0.23250634628859318,-0.5475356992238944,0.2571082747754714,1790750082,215370874,0.13500000536441803,0.1682565714771577,-0.5585381575257569,0.375328043834578,-2.1881455684955404
0.22241152648550716,-0.5475471783117937,0.25196525897473915,1790750082,265354234,0.13500000536441803,0.16457199424842148,-0.558923629933533,0.373415521664806,-2.240229096603312
0.2108779329358521,-0.5478702587415497,0.25010908219864053,1790750082,315508649,0.13199999928474426,0.16077698759803621,-0.5593295945365185,0.3716927106630346,-2.292517054060944
0.20033534577755555,-0.5479952963635508,0.24608259761369655,1790750082,365469628,0.13199999928474426,0.15687401621629404,-0.559759120047557,0.3701661384088863,-2.345142556557096
0.18926959735461013,-0.548266391038175,0.24356772674214033,1790750082,415542423,0.13099999725818634,0.15287926597066492,-0.5602108632548805,0.3688437126567434,-2.397986177842135
0.1789454255212736,-0.5483167194154268,0.23878681795033874,1790750082,465409828,0.13300000131130219,0.14887069086958513,-0.5606791336941662,0.3677506942787034,-2.4502149301171334
0.16794666381480117,-0.5485150953628364,0.23549042651047206,1790750082,516047810,0.1340000033378601,0.1447535383438305,-0.5611752554258908,0.36685937326963647,-2.503177435141519
0.15687386151541285,-0.5488583200322862,0.2338051183739263,1790750082,565334351,0.1340000033378601,0.14069319812125236,-0.5616823902991946,0.3662050060191233,-2.5549378823182436
0.14556291344862937,-0.5492644526758733,0.23269122572821796,1790750082,615317358,0.1340000033378601,0.1365445409450077,-0.5622185450146451,0.3657583566945502,-2.6074667790962818
0.1341729605599229,-0.5499266524094867,0.23417429506321688,1790750082,665373329,0.13199999928474426,0.1323778847328741,-0.5627784057094006,0.36553490541147077,-2.660052122765003
0.12277608117815611,-0.5505606803347138,0.23527243221811914,1790750082,716204293,0.13099999725818634,0.12814267107474675,-0.5633694678160127,0.36553422230940247,-2.7134472423396057
0.11182281474067672,-0.5512407782522893,0.2369573948658165,1790750082,765388556,0.12999999523162842,0.12403347417524926,-0.5639675718923708,0.3657554044779183,-2.765385659412939
0.10038268068593612,-0.5516972146964862,0.23628639769822524,1790750082,815453730,0.13199999928474426,0.11986689464374727,-0.5645991034304935,0.3662013948491086,-2.8182991625399483
0.08987746637267248,-0.5526995757560679,0.2411153473832255,1790750082,865048949,0.1289999932050705,0.11575510644757683,-0.5652511012168544,0.36686830042874713,-2.8709586475450815
0.07919220956996023,-0.553686926979955,0.24559090091740624,1790750082,916288193,0.12700000405311584,0.11154954502934099,-0.5659484710336499,0.36778606616087994,-2.925409768272148
0.06900198574589597,-0.5546034616490249,0.24953988041753383,1790750082,965477243,0.12600000202655792,0.10756881906377365,-0.5666416752998782,0.3688867751849305,-2.9777136043797316
0.05893881749990261,-0.5555865721690486,0.25406181242842646,1790750083,15398796,0.125,0.10359637209978682,-0.5673670940239416,0.37021654596083464,-3.030802099812183
0.048828992514073966,-0.5565277696739707,0.2581721416083532,1790750083,65177626,0.125,0.09972420113368222,-0.5681120587067033,0.37175243033475447,-3.083652120047005
0.04119073061444544,-0.5579827536779036,0.2672679663316867,1790750083,115219856,0.11999999731779099,0.09592411164939861,-0.5688820424937869,0.3735010207924355,-3.1367658112182237
0.029665260523853307,-0.5586859781828335,0.26895938143339515,1790750083,165654643,0.12399999797344208,0.09218992679480877,-0.5696829728373985,0.3754757262528019,-3.190460644628936
0.020941701172168245,-0.5598772518755308,0.2754618160532433,1790750083,215391677,0.12300000339746475,0.08861911094645313,-0.5704937719930241,0.3776188448991075,-3.243444444286546
0.012511193968431561,-0.5611326027703222,0.2824838371733106,1790750083,265561676,0.12200000137090683,0.08512736919214528,-0.5713374436736572,0.3799864148444563,-3.2971737364019393
0.005804930190620533,-0.5625935604138604,0.2914479014842474,1790750083,315668369,0.11900000274181366,0.08177415380534823,-0.5722005727408145,0.38253787365504627,-3.3508872274199284
-0.00021382463888573733,-0.564076884392049,0.3006072150007124,1790750083,365386745,0.11599999666213989,0.07859356382372137,-0.5730776931637224,0.3852498767663727,-3.4042237217004807
-0.004951158296381236,-0.5656711848515981,0.3107211685859933,1790750083,415554327,0.1120000034570694,0.07554083950855141,-0.5739811195019014,0.3881549083243139,-3.4580490671577637
-0.011256369057082188,-0.5670737612077793,0.31898760950749794,1790750083,465484769,0.11100000143051147,0.07265013557727318,-0.5749059995167758,0.3912327120452447,-3.51203095587039
-0.01785958061863148,-0.5684449258706098,0.3269479308981895,1790750083,515436017,0.11100000143051147,0.06993135557798615,-0.5758493756114011,0.394467749939202,-3.566109729020194
-0.021526837474447516,-0.5700418921260054,0.3369388281343858,1790750083,565331774,0.1080000028014183,0.0674050394313186,-0.5768084184081109,0.3978431465132791,-3.620107097601717
-0.027139465903885218,-0.5714837670052811,0.3454789991447849,1790750083,615568069,0.1080000028014183,0.06505622488714742,-0.5777890291156466,0.4013735326376969,-3.674469027361157
-0.02955524794373672,-0.5731034437168907,0.3556093041863041,1790750083,665169232,0.10499999672174454,0.06293995866555899,-0.5787722399824541,0.4049803565831247,-3.7281153530527043
-0.03330042435068804,-0.5746815908099285,0.3651913137156189,1790750083,716600116,0.10400000214576721,0.06096064280368328,-0.5798051449463164,0.40883304670424103,-3.7837355376148927
-0.03882385627747245,-0.5759711574769107,0.3727569048759187,1790750083,765866842,0.10599999874830246,0.059389405385492644,-0.5807336777580149,0.412348234340009,-3.8332197139271256
-0.03546128422107692,-0.5776490995454489,0.3835338562634139,1790750083,815200810,0.0989999994635582,0.05801310321784809,-0.5816613006555253,0.41589804988776613,-3.88219695019486
-0.03817132020921982,-0.5784805058731977,0.38845599296709726,1790750083,865151298,0.10000000149011612,0.05723836960997429,-0.582250555132879,0.4181675751398455,-3.9130692655579242
-0.039594060321825296,-0.5792576465964356,0.3931432700229577,1790750083,915367927,0.10000000149011612,0.05661347820631268,-0.5827744979056605,0.4201939924763206,-3.940384642629076
-0.03997293598686356,-0.5794786418710319,0.39447729838428797,1790750083,965453805,0.10000000149011612,0.056446940683566614,-0.5829232992986961,0.4207706818882857,-3.9481190583984
-0.03727352987253858,-0.5796981427704827,0.39596221303249096,1790750084,15713637,0.09700000286102295,0.05636054693515408,-0.5830022626805091,0.42107681052139656,-3.9522181944535806
-0.037301558833765965,-0.5797151530118817,0.3960641622037217,1790750084,65317735,0.09700000286102295,0.0563480109773301,-0.5830138237860495,0.42112164412746567,-3.9528181552886963
-0.037301558833765965,-0.5797151530118817,0.3960641622037217,1790750084,115340576,0.09700000286102295,0.0563480109773301,-0.5830138237860495,0.42112164412746567,-3.9528181552886963
-0.037301558833765965,-0.5797151530118817,0.3960641622037217,1790750084,165306454,0.09700000286102295,0.0563480109773301,-0.5830138237860495,0.42112164412746567,-3.9528181552886963
-0.03633609742309415,-0.5797491599949932,0.39632248727552694,1790750084,215150766,0.09600000083446503,0.0563480109773301,-0.5830138237860495,0.42112164412746567,-3.9528181552886963
-0.04019793587254795,-0.5796131323159183,0.3952891889129738,1790750084,265219422,0.10000000149011612,0.0563480109773301,-0.5830138237860495,0.42112164412746567,-3.9528181552886963
-0.037301558833765965,-0.5797151530118817,0.3960641622037217,1790750084,315873849,0.09700000286102295,0.0563480109773301,-0.5830138237860495,0.42112164412746567,-3.9528181552886963
-0.03730155883376586,-0.5797151530118817,0.39606416220372176,1790750084,367591872,0.09700000286102295,0.05634801097733021,-0.5830138237860495,0.4211216441274657,-3.9528181552886963
-0.037301558833765965,-0.5797151530118817,0.3960641622037217,1790750084,416205402,0.09700000286102295,0.0563480109773301,-0.5830138237860495,0.42112164412746567,-3.9528181552886963
-0.03633609742309415,-0.5797491599949932,0.39632248727552694,1790750084,466364234,0.09600000083446503,0.0563480109773301,-0.5830138237860495,0.42112164412746567,-3.9528181552886963
-0.038267013051204314,-0.5796811462821414,0.39580583905658434,1790750084,515910609,0.09799999743700027,0.0563480109773301,-0.5830138237860495,0.42112164412746567,-3.9528181552886963
-0.03730155883376591,-0.5797151530118818,0.3960641622037217,1790750084,566534138,0.09700000286102295,0.05634801097733016,-0.5830138237860496,0.42112164412746567,-3.9528181552886963
-0.038267013051204314,-0.5796811462821414,0.39580583905658434,1790750084,615992208,0.09799999743700027,0.0563480109773301,-0.5830138237860495,0.42112164412746567,-3.9528181552886963
-0.038267013051204314,-0.5796811462821414,0.39580583905658434,1790750084,665567806,0.09799999743700027,0.0563480109773301,-0.5830138237860495,0.42112164412746567,-3.9528181552886963
-0.038267013051204314,-0.5796811462821414,0.39580583905658434,1790750084,717159922,0.09799999743700027,0.0563480109773301,-0.5830138237860495,0.42112164412746567,-3.9528181552886963
-0.038267013051204314,-0.5796811462821414,0.39580583905658434,1790750084,766732807,0.09799999743700027,0.0563480109773301,-0.5830138237860495,0.42112164412746567,-3.9528181552886963
-0.038267013051204314,-0.5796811462821414,0.39580583905658434,1790750084,815551550,0.09799999743700027,0.0563480109773301,-0.5830138237860495,0.42112164412746567,-3.9528181552886963
-0.03923247446187613,-0.5796471392990299,0.3955475139847791,1790750084,867101971,0.0989999994635582,0.0563480109773301,-0.5830138237860495,0.42112164412746567,-3.9528181552886963
-0.034405174601750514,-0.5798171739612163,0.39683913741913746,1790750084,918069112,0.09399999678134918,0.0563480109773301,-0.5830138237860495,0.42112164412746567,-3.9528181552886963
-0.04019793587254795,-0.5796131323159183,0.3952891889129738,1790750084,966844374,0.10000000149011612,0.0563480109773301,-0.5830138237860495,0.42112164412746567,-3.9528181552886963
-0.037301558833765965,-0.5797151530118817,0.3960641622037217,1790750085,16351203,0.09700000286102295,0.0563480109773301,-0.5830138237860495,0.42112164412746567,-3.9528181552886963
-0.03923247446187613,-0.5796471392990299,0.3955475139847791,1790750085,66660239,0.0989999994635582,0.0563480109773301,-0.5830138237860495,0.42112164412746567,-3.9528181552886963
-0.038267013051204314,-0.5796811462821414,0.39580583905658434,1790750085,116330116,0.09799999743700027,0.0563480109773301,-0.5830138237860495,0.42112164412746567,-3.9528181552886963
-0.037301558833765965,-0.5797151530118817,0.3960641622037217,1790750085,167078237,0.09700000286102295,0.0563480109773301,-0.5830138237860495,0.42112164412746567,-3.9528181552886963
-0.037301558833765965,-0.5797151530118817,0.3960641622037217,1790750085,217295755,0.09700000286102295,0.0563480109773301,-0.5830138237860495,0.42112164412746567,-3.9528181552886963
-0.03730155883376591,-0.5797151530118819,0.3960641622037217,1790750085,266212498,0.09700000286102295,0.05634801097733016,-0.5830138237860497,0.42112164412746567,-3.9528181552886963
-0.038267013051204314,-0.5796811462821414,0.39580583905658434,1790750085,316531174,0.09799999743700027,0.0563480109773301,-0.5830138237860495,0.42112164412746567,-3.9528181552886963
-0.03633609742309415,-0.5797491599949932,0.39632248727552694,1790750085,366006142,0.09600000083446503,0.0563480109773301,-0.5830138237860495,0.42112164412746567,-3.9528181552886963
-0.03633609742309415,-0.5797491599949932,0.39632248727552694,1790750085,415973380,0.09600000083446503,0.0563480109773301,-0.5830138237860495,0.42112164412746567,-3.9528181552886963
-0.03633609742309415,-0.5797491599949932,0.39632248727552694,1790750085,466182685,0.09600000083446503,0.0563480109773301,-0.5830138237860495,0.42112164412746567,-3.9528181552886963
-0.03633609742309415,-0.5797491599949932,0.39632248727552694,1790750085,516275896,0.09600000083446503,0.0563480109773301,-0.5830138237860495,0.42112164412746567,-3.9528181552886963
-0.037301558833765965,-0.5797151530118817,0.3960641622037217,1790750085,567254010,0.09700000286102295,0.0563480109773301,-0.5830138237860495,0.42112164412746567,-3.9528181552886963
-0.03923247446187613,-0.5796471392990299,0.3955475139847791,1790750085,615826770,0.0989999994635582,0.0563480109773301,-0.5830138237860495,0.42112164412746567,-3.9528181552886963
-0.038267013051204314,-0.5796811462821414,0.39580583905658434,1790750085,666430077,0.09799999743700027,0.0563480109773301,-0.5830138237860495,0.42112164412746567,-3.9528181552886963
-0.03633609742309415,-0.5797491599949932,0.39632248727552694,1790750085,716292083,0.09600000083446503,0.0563480109773301,-0.5830138237860495,0.42112164412746567,-3.9528181552886963
-0.03633609742309415,-0.5797491599949932,0.39632248727552694,1790750085,767676810,0.09600000083446503,0.0563480109773301,-0.5830138237860495,0.42112164412746567,-3.9528181552886963
-0.038267013051204314,-0.5796811462821414,0.39580583905658434,1790750085,816013634,0.09799999743700027,0.0563480109773301,-0.5830138237860495,0.42112164412746567,-3.9528181552886963
-0.038267013051204314,-0.5796811462821414,0.39580583905658434,1790750085,866335707,0.09799999743700027,0.0563480109773301,-0.5830138237860495,0.42112164412746567,-3.9528181552886963
-0.038267013051204314,-0.5796811462821414,0.39580583905658434,1790750085,915853648,0.09799999743700027,0.0563480109773301,-0.5830138237860495,0.42112164412746567,-3.9528181552886963
-0.037301558833765965,-0.5797151530118817,0.3960641622037217,1790750085,965281468,0.09700000286102295,0.0563480109773301,-0.5830138237860495,0.42112164412746567,-3.9528181552886963
-0.04019793587254795,-0.5796131323159183,0.3952891889129738,1790750086,16565564,0.10000000149011612,0.0563480109773301,-0.5830138237860495,0.42112164412746567,-3.9528181552886963
-0.03633609742309409,-0.5797491599949933,0.39632248727552694,1790750086,65615567,0.09600000083446503,0.05634801097733016,-0.5830138237860496,0.42112164412746567,-3.9528181552886963
-0.03633609742309415,-0.5797491599949932,0.39632248727552694,1790750086,117791380,0.09600000083446503,0.0563480109773301,-0.5830138237860495,0.42112164412746567,-3.9528181552886963
-0.04019793587254795,-0.5796131323159183,0.3952891889129738,1790750086,166080565,0.10000000149011612,0.0563480109773301,-0.5830138237860495,0.42112164412746567,-3.9528181552886963
-0.03633609742309415,-0.5797491599949932,0.39632248727552694,1790750086,216068610,0.09600000083446503,0.0563480109773301,-0.5830138237860495,0.42112164412746567,-3.9528181552886963
-0.037301558833765965,-0.5797151530118817,0.3960641622037217,1790750086,265674643,0.09700000286102295,0.0563480109773301,-0.5830138237860495,0.42112164412746567,-3.9528181552886963
-0.03633609742309415,-0.5797491599949932,0.39632248727552694,1790750086,316374080,0.09600000083446503,0.0563480109773301,-0.5830138237860495,0.42112164412746567,-3.9528181552886963
-0.038267013051204314,-0.5796811462821414,0.39580583905658434,1790750086,365650269,0.09799999743700027,0.0563480109773301,-0.5830138237860495,0.42112164412746567,-3.9528181552886963
-0.03633609742309415,-0.5797491599949932,0.39632248727552694,1790750086,415405553,0.09600000083446503,0.0563480109773301,-0.5830138237860495,0.42112164412746567,-3.9528181552886963
-0.03923247446187613,-0.5796471392990299,0.3955475139847791,1790750086,465574737,0.0989999994635582,0.0563480109773301,-0.5830138237860495,0.42112164412746567,-3.9528181552886963
-0.04019793587254795,-0.5796131323159183,0.3952891889129738,1790750086,516951862,0.10000000149011612,0.0563480109773301,-0.5830138237860495,0.42112164412746567,-3.9528181552886963
-0.039232474461876075,-0.57964713929903,0.3955475139847791,1790750086,567403436,0.0989999994635582,0.05634801097733016,-0.5830138237860496,0.42112164412746567,-3.9528181552886963
-0.038267013051204314,-0.5796811462821414,0.39580583905658434,1790750086,615565065,0.09799999743700027,0.0563480109773301,-0.5830138237860495,0.42112164412746567,-3.9528181552886963
-0.03923247446187613,-0.5796471392990299,0.3955475139847791,1790750086,665451896,0.0989999994635582,0.0563480109773301,-0.5830138237860495,0.42112164412746567,-3.9528181552886963
-0.04019793587254795,-0.5796131323159183,0.3952891889129738,1790750086,717027641,0.10000000149011612,0.0563480109773301,-0.5830138237860495,0.42112164412746567,-3.9528181552886963
-0.03923247446187613,-0.5796471392990299,0.3955475139847791,1790750086,766371313,0.0989999994635582,0.0563480109773301,-0.5830138237860495,0.42112164412746567,-3.9528181552886963
-0.037301558833765965,-0.5797151530118817,0.3960641622037217,1790750086,815514576,0.09700000286102295,0.0563480109773301,-0.5830138237860495,0.42112164412746567,-3.9528181552886963
-0.04019793587254789,-0.5796131323159184,0.3952891889129738,1790750086,865547981,0.10000000149011612,0.05634801097733016,-0.5830138237860496,0.42112164412746567,-3.9528181552886963
-0.03923247446187613,-0.5796471392990299,0.3955475139847791,1790750086,916844892,0.0989999994635582,0.0563480109773301,-0.5830138237860495,0.42112164412746567,-3.9528181552886963
-0.037301558833765965,-0.5797151530118817,0.3960641622037217,1790750086,965821748,0.09700000286102295,0.0563480109773301,-0.5830138237860495,0.42112164412746567,-3.9528181552886963
-0.037301558833765965,-0.5797151530118817,0.3960641622037217,1790750087,15968487,0.09700000286102295,0.0563480109773301,-0.5830138237860495,0.42112164412746567,-3.9528181552886963
-0.037301558833765965,-0.5797151530118817,0.3960641622037217,1790750087,65725141,0.09700000286102295,0.0563480109773301,-0.5830138237860495,0.42112164412746567,-3.9528181552886963
-0.038267013051204314,-0.5796811462821414,0.39580583905658434,1790750087,116002391,0.09799999743700027,0.0563480109773301,-0.5830138237860495,0.42112164412746567,-3.9528181552886963
-0.041163397283219764,-0.5795791253328068,0.3950308638411686,1790750087,166622475,0.10100000351667404,0.0563480109773301,-0.5830138237860495,0.42112164412746567,-3.9528181552886963
-0.037301558833765965,-0.5797151530118817,0.3960641622037217,1790750087,215950915,0.09700000286102295,0.0563480109773301,-0.5830138237860495,0.42112164412746567,-3.9528181552886963
-0.037301558833765965,-0.5797151530118817,0.3960641622037217,1790750087,268572322,0.09700000286102295,0.0563480109773301,-0.5830138237860495,0.42112164412746567,-3.9528181552886963
-0.037301558833765965,-0.5797151530118817,0.3960641622037217,1790750087,315670002,0.09700000286102295,0.0563480109773301,-0.5830138237860495,0.42112164412746567,-3.9528181552886963
-0.038267013051204314,-0.5796811462821414,0.39580583905658434,1790750087,367193359,0.09799999743700027,0.0563480109773301,-0.5830138237860495,0.42112164412746567,-3.9528181552886963
-0.038267013051204314,-0.5796811462821414,0.39580583905658434,1790750087,415856777,0.09799999743700027,0.0563480109773301,-0.5830138237860495,0.42112164412746567,-3.9528181552886963
-0.03730155883376602,-0.5797151530118817,0.3960641622037217,1790750087,466884705,0.09700000286102295,0.05634801097733005,-0.5830138237860495,0.42112164412746567,-3.9528181552886963
-0.03633609742309415,-0.5797491599949932,0.39632248727552694,1790750087,516761407,0.09600000083446503,0.0563480109773301,-0.5830138237860495,0.42112164412746567,-3.9528181552886963
-0.03923247446187613,-0.5796471392990299,0.3955475139847791,1790750087,567110971,0.0989999994635582,0.0563480109773301,-0.5830138237860495,0.42112164412746567,-3.9528181552886963
-0.038267013051204314,-0.5796811462821414,0.39580583905658434,1790750087,615737594,0.09799999743700027,0.0563480109773301,-0.5830138237860495,0.42112164412746567,-3.9528181552886963
-0.038267013051204314,-0.5796811462821414,0.39580583905658434,1790750087,665833342,0.09799999743700027,0.0563480109773301,-0.5830138237860495,0.42112164412746567,-3.9528181552886963
-0.037301558833765965,-0.5797151530118817,0.3960641622037217,1790750087,715949369,0.09700000286102295,0.0563480109773301,-0.5830138237860495,0.42112164412746567,-3.9528181552886963
-0.037301558833765965,-0.5797151530118817,0.3960641622037217,1790750087,766510517,0.09700000286102295,0.0563480109773301,-0.5830138237860495,0.42112164412746567,-3.9528181552886963
-0.037301558833765965,-0.5797151530118817,0.3960641622037217,1790750087,815792531,0.09700000286102295,0.0563480109773301,-0.5830138237860495,0.42112164412746567,-3.9528181552886963
-0.03923247446187613,-0.5796471392990299,0.3955475139847791,1790750087,865625899,0.0989999994635582,0.0563480109773301,-0.5830138237860495,0.42112164412746567,-3.9528181552886963
-0.037301558833765965,-0.5797151530118817,0.3960641622037217,1790750087,916022037,0.09700000286102295,0.0563480109773301,-0.5830138237860495,0.42112164412746567,-3.9528181552886963
-0.038263100963580376,-0.5796799671296181,0.39579285270501896,1790750087,965772618,0.09799999743700027,0.05635001407232301,-0.5830132786173254,0.42111570790305874,-3.9527426925348825
-0.038258136177726484,-0.5796784711092596,0.395776376772312,1790750088,15302642,0.09799999743700027,0.05635255608104614,-0.5830125869472844,0.4211081765415055,-3.952646949684459
-0.03917884352723409,-0.5796310237032148,0.3953698097431439,1790750088,65257797,0.0989999994635582,0.05637534815354062,-0.5830064193594519,0.42104086445817546,-3.951791024009665
-0.03719608686117333,-0.5796835523481977,0.3957157156126429,1790750088,115784149,0.09700000286102295,0.056402302715982594,-0.5829991454948136,0.4209614848757792,-3.9507814019159087
-0.03706974664840612,-0.5796459672657109,0.3953014982230306,1790750088,165434701,0.09700000286102295,0.0564672751445265,-0.5829816813560544,0.42077107067045083,-3.9483590467383984
-0.036928516174379866,-0.5796043032651511,0.3948424884896536,1790750088,215295403,0.09700000286102295,0.056539825173260394,-0.5829623207193373,0.4205600591279709,-3.945672942371457
-0.03955393350800229,-0.579423021169638,0.3931943290505442,1790750088,265647310,0.10000000149011612,0.05667389377194909,-0.5829269319520849,0.4201744729388136,-3.9407593790387248
-0.036381580990600224,-0.579446307014562,0.39310315708644333,1790750088,315513326,0.09700000286102295,0.05682001696543629,-0.5828889081384688,0.41976044860267714,-3.9354762909995378
-0.036904172039852565,-0.5792877625113136,0.39147513408791845,1790750088,365261231,0.09799999743700027,0.05704259802399031,-0.58283203733475,0.4191417567260261,-3.9275671479739
-0.037379918020513964,-0.5791193495109448,0.3897399923225481,1790750088,415484674,0.0989999994635582,0.057285867246218425,-0.5827712440153949,0.4184811241747525,-3.9191026446535617
-0.03385016910286644,-0.5790545607953359,0.38868635336632046,1790750088,465238588,0.09600000083446503,0.05762278156077294,-0.582689233766828,0.4175911731978812,-3.9076676054135877
-0.03691832106588478,-0.578712281914126,0.3853915666002597,1790750088,515857450,0.10000000149011612,0.05799246115655211,-0.5826019536638112,0.4166455930549116,-3.895475056437622
-0.03691100871076127,-0.5784370799147284,0.38249516641461273,1790750088,565255529,0.10100000351667404,0.058463738525234336,-0.5824944344967707,0.41548298498198244,-3.8804207730482703
-0.03680636150576117,-0.5781484341414386,0.37945731735078475,1790750088,615288018,0.10199999809265137,0.05897564493961616,-0.5823819552336785,0.4142694438494653,-3.8646279924379523
-0.033620750728313366,-0.5779359014880425,0.37692336324915393,1790750088,665361683,0.10000000149011612,0.05961714523020933,-0.5822466766689696,0.41281364428163436,-3.8455692763416254
-0.03220629745442722,-0.577631590605056,0.37362072409742786,1790750088,715509877,0.10000000149011612,0.06030773640282986,-0.5821073345412583,0.41131848999541,-3.825857833296785
-0.03234334227686677,-0.5771918421850432,0.36907736984739936,1790750088,765126503,0.10199999809265137,0.06113169962827999,-0.5819486187303589,0.40962104048326897,-3.8032971871649432
-0.030468578567152425,-0.5768287570829902,0.36516282625354113,1790750088,815605725,0.10199999809265137,0.062029023085751304,-0.5817839998533697,0.4078669111687835,-3.779763521277269
-0.030071762497932433,-0.5763265813208245,0.35997562765748925,1790750088,865311685,0.10400000214576721,0.06307140269132105,-0.5816022165801988,0.40593777401138653,-3.753602102829678
-0.02767635977903575,-0.5759121730258853,0.3555442226591651,1790750088,915565481,0.10400000214576721,0.06419585215959746,-0.5814160991176337,0.4039715281530599,-3.72660823568848
-0.02664866668424906,-0.5753503322259469,0.34975964386522235,1790750088,965395525,0.10599999874830246,0.06548869652630951,-0.5812133056286968,0.40183969357837435,-3.69692924832396
-0.021087608438319194,-0.5750625656095077,0.34643101223559947,1790750089,15420087,0.10300000011920929,0.06687047721549573,-0.581008145580271,0.3996947454082239,-3.66659089166567
-0.021107218036442055,-0.5743402937106497,0.3391900888642626,1790750089,65416808,0.10700000077486038,0.06842115043170509,-0.5807903740334319,0.39743155063404867,-3.634006247416206
-0.017497098226484167,-0.5738489129710804,0.33405005808279564,1790750089,115517177,0.10700000077486038,0.07006343636617576,-0.5805723718415766,0.39518064002411596,-3.6009479864594307
-0.013467287016972515,-0.5733331929547236,0.3286922150566924,1790750089,165652676,0.10700000077486038,0.07189040014178377,-0.5803433004761067,0.3928320918983785,-3.5656823162041293
-0.009249384701095847,-0.5728258248435467,0.32346014279504337,1790750089,215340330,0.10700000077486038,0.07379659975702854,-0.5801176406909648,0.390536174675652,-3.530348715943298
-0.006914036379965724,-0.5720939830471711,0.3161833057324467,1790750089,265093365,0.10999999940395355,0.07586630124045267,-0.5798863228546225,0.38820201866627063,-3.4934430793510325
-0.002691605846311493,-0.5714947250898844,0.3101685193024347,1790750089,315435920,0.11100000143051147,0.07805703870856476,-0.5796553460856884,0.3858921020563342,-3.4558111255068598
0.0018208635390240951,-0.5708984508451537,0.30423275043845116,1790750089,365341825,0.1120000034570694,0.08034715987115489,-0.5794275729681566,0.38363599744103183,-3.4178364523222755
0.005956084515130369,-0.5702272576949482,0.2976515874015717,1790750089,415577074,0.11400000005960464,0.08273778906448088,-0.5792032717188498,0.3814370338247354,-3.37948963651076
0.01045875591100412,-0.5695551444675767,0.29111514489557677,1790750089,465325025,0.11599999666213989,0.08523309156154046,-0.5789824836876634,0.37929634033353177,-3.34069352350752
0.015316166363048084,-0.568885245040632,0.28465746626562205,1790750089,515304930,0.11800000071525574,0.08782443524639032,-0.5787663723044648,0.3772258973657398,-3.3015663391834917
0.021693359084716674,-0.5683917601591671,0.27991583439098444,1790750089,565336596,0.11800000071525574,0.09050835338965396,-0.5785555484584946,0.3752321191224943,-3.26213477513282
0.02882484842278689,-0.5680033270664187,0.2762267081191703,1790750089,615526687,0.11699999868869781,0.09327357202035581,-0.5783511464855757,0.3733260611194245,-3.2225288793557367
0.03482484502255691,-0.5674704384194044,0.2712473683990702,1790750089,665236175,0.11800000071525574,0.09602243709269968,-0.5781599521684987,0.37156979455306965,-3.184058420056433
0.04117698991846916,-0.5669439675331708,0.26639308466046885,1790750089,716146362,0.11900000274181366,0.09888785940123426,-0.5779725809601477,0.369876541705415,-3.144798554760768
0.046875366080093656,-0.5663633168106248,0.26108550241792067,1790750089,765479617,0.12099999934434891,0.10163881302319361,-0.5778035024660634,0.3683752357217732,-3.1078202673175914
0.05329040137467728,-0.5658884617188391,0.25683018999840035,1790750089,815375550,0.12200000137090683,0.10445556492499787,-0.5776407897705191,0.36695743076441567,-3.070596237665714
0.060353101630930245,-0.5656414712745109,0.25475481329676886,1790750089,865183844,0.12099999934434891,0.10719120966421453,-0.5774923931952287,0.3656905925874192,-3.0349912227977898
0.06741986771860328,-0.5654176552309045,0.2529441047540673,1790750089,915201388,0.11999999731779099,0.10995320410402866,-0.5773518061326559,0.36451690921128405,-2.9995256787013145
0.07313786082685322,-0.5649306873459083,0.24870334971949576,1790750089,965163062,0.12200000137090683,0.11258323220040238,-0.5772262606027212,0.36349394990082773,-2.9661525024199
0.08022545211767937,-0.5648638189868926,0.2484279807523091,1790750090,15769628,0.11999999731779099,0.11524330380482047,-0.5771072909052671,0.36255005054983425,-2.9327458933562807
0.08615031118325756,-0.564634532131039,0.24664182895670111,1790750090,65309226,0.11999999731779099,0.11768907008991654,-0.5770048354488104,0.36176038366758956,-2.902302015607225
0.09192492080280959,-0.5643148252995035,0.24405263989121456,1790750090,115794087,0.12099999934434891,0.12016816920274714,-0.5769076062576723,0.36103443603442414,-2.8716754375251994
0.09737990857776577,-0.5641335029599304,0.24274071286904664,1790750090,165568955,0.12099999934434891,0.12240734039862348,-0.576825403937862,0.3604417882564497,-2.8441884116951073
0.1023923158398791,-0.5637567978146903,0.23963899162101054,1790750090,215169063,0.12300000339746475,0.12461253567228492,-0.5767495892468424,0.3599155480947328,-2.8172597134060275
0.10697922817629418,-0.5634047858836719,0.23675513604466308,1790750090,265343229,0.125,0.1266038580234153,-0.5766854694659627,0.3594885762594251,-2.793047075911499
0.11211101251298035,-0.5634904198939708,0.23792778638343448,1790750090,315700191,0.12300000339746475,0.12856105003604204,-0.5766264202317057,0.35911294470075167,-2.7693318800859785
0.11623471775721751,-0.5633898928389147,0.2373391048126729,1790750090,365466688,0.12300000339746475,0.13023601891274084,-0.576578987911263,0.358825779690625,-2.7490912162632926
0.12029868177743219,-0.5632980574081485,0.23683810848149006,1790750090,415822151,0.12300000339746475,0.13188653269693526,-0.5765350335308803,0.3585734977894885,-2.7291876645837125
0.12380713955529449,-0.5634435097277349,0.238465797764281,1790750090,465680436,0.12099999934434891,0.1332479288684152,-0.5765008491794226,0.3583881777645174,-2.712796082514575
0.1268956728744704,-0.5631642085404434,0.236190873491715,1790750090,515626110,0.12300000339746475,0.13456544828319544,-0.5764695470578877,0.3582283404758026,-2.696950892507874
0.12940277824652033,-0.5628997850349394,0.234005755713878,1790750090,565301199,0.125,0.13562388426787064,-0.5764456721795364,0.3581138005028318,-2.684232179627334
0.1319285157361902,-0.5628564382887583,0.2338432700367556,1790750090,615139447,0.125,0.136639627432148,-0.5764238223085468,0.3580154549955772,-2.6720334629238383
0.13389991125542955,-0.563042720994252,0.2357271127538102,1790750090,665422271,0.12300000339746475,0.1374094799178408,-0.5764079512530706,0.35794844634050005,-2.662791330865919
0.13564302325746236,-0.562906713219464,0.23465260245610875,1790750090,715305555,0.12399999797344208,0.13812536706441017,-0.5763937276150423,0.3578919545695113,-2.6541991215113696
0.1368656693792736,-0.5628886259111746,0.23460529259864088,1790750090,765383498,0.12399999797344208,0.13861940646391102,-0.5763842109341036,0.3578562280455595,-2.6482702695189166
0.13800052796344653,-0.5630904510260797,0.23655614384758042,1790750090,815328867,0.12200000137090683,0.13907087959265313,-0.5763757288139032,0.3578259095601911,-2.642852610044994
0.13864057460493373,-0.5629725269198694,0.23554313644165603,1790750090,865199633,0.12300000339746475,0.1393343146783744,-0.5763708783994614,0.35780925496234905,-2.639691503419697
0.1392162296483895,-0.5629646713653303,0.23552793073086245,1790750090,916124756,0.12300000339746475,0.13956804298583783,-0.5763666348314086,0.3577951153651945,-2.6368869313547583
0.13947301955199048,-0.5629612185014647,0.23552165253565327,1790750090,965623418,0.12300000339746475,0.13967229736994607,-0.5763647620168619,0.3577890077264746,-2.635635781995914
0.13967536295241334,-0.5630675105826001,0.23651098496706607,1790750091,15113146,0.12200000137090683,0.13975418157331698,-0.5763632996472262,0.3577842966035314,-2.6346530265648838
0.13972901135275986,-0.563066796852653,0.23650976446478272,1790750091,65376951,0.12200000137090683,0.13977606502137893,-0.5763629087742997,0.35778305718919334,-2.6343903658145136
0.13975356510772227,-0.5630664703167659,0.23650921571756894,1790750091,115686025,0.12200000137090683,0.13978607900780085,-0.5763627291826818,0.35778249710105475,-2.634270157006135
0.13975735671649472,-0.5630664199163137,0.23650913123112707,1790750091,165646384,0.12200000137090683,0.1397876253748619,-0.5763627014590491,0.3577824107095262,-2.634251594543457
0.13975710861223772,-0.5629574337823874,0.2355150859533977,1790750091,215340149,0.12300000339746475,0.139787625374862,-0.5763627014590491,0.3577824107095262,-2.634251594543457
0.13975735671649483,-0.5630664199163137,0.23650913123112707,1790750091,265313305,0.12200000137090683,0.139787625374862,-0.5763627014590491,0.3577824107095262,-2.634251594543457
0.139756612405572,-0.562739462326543,0.23352700280413846,1790750091,315671981,0.125,0.139787625374862,-0.5763627014590491,0.3577824107095262,-2.634251594543457
0.13975710861223772,-0.5629574337823874,0.2355150859533977,1790750091,365397784,0.12300000339746475,0.139787625374862,-0.5763627014590491,0.3577824107095262,-2.634251594543457
0.13975710861223772,-0.5629574337823874,0.2355150859533977,1790750091,415299596,0.12300000339746475,0.139787625374862,-0.5763627014590491,0.3577824107095262,-2.634251594543457
0.1397568605098292,-0.5628484484604696,0.2345210480818677,1790750091,468504395,0.12399999797344208,0.13978762537486208,-0.5763627014590492,0.3577824107095261,-2.634251594543457
0.13975710861223772,-0.5629574337823874,0.2355150859533977,1790750091,515885558,0.12300000339746475,0.139787625374862,-0.5763627014590491,0.3577824107095262,-2.634251594543457
0.13976959487038423,-0.5640117049021751,0.2355480555122434,1790750091,566045761,0.12300000339746475,0.1397863728417702,-0.5767903218383568,0.35788246401399876,-2.6336791692212986
0.13978294776032632,-0.5653171232770533,0.2365879143057785,1790750091,615329043,0.12200000137090683,0.1397865862533771,-0.5772760193657427,0.3580003729976383,-2.633021681329597
0.13980115403484333,-0.5709907676054969,0.23988444237534928,1790750091,665440616,0.11900000274181366,0.13976407159664522,-0.5794850594850868,0.3585808883327105,-2.63038934271119
0.13980186155395155,-0.5771363919266733,0.24340162808362298,1790750091,715373892,0.11599999666213989,0.13978443544859764,-0.5818563641374552,0.35930555719854457,-2.627406690330379
0.13981744518255476,-0.5842504283771612,0.24330527227765875,1790750091,765366140,0.11699999868869781,0.13975849619377792,-0.5847714857406989,0.36030409585035933,-2.6244620199631523
0.13982042151636973,-0.5914652524139087,0.24544407904659363,1790750091,815606510,0.11599999666213989,0.13978847924259333,-0.5876041115248168,0.3613797931140983,-2.6215102988298313
0.13982316149345383,-0.5946431114878186,0.24603301618676116,1790750091,865191275,0.11599999666213989,0.13980188909247193,-0.5888458282930408,0.36188805613177594,-2.620334777111155
0.13982589698566955,-0.5972814361897895,0.24453636337229018,1790750091,915715377,0.11800000071525574,0.13981265761036674,-0.5898240186070732,0.3623004789445488,-2.6194563422550936
0.1396858274844257,-0.5977274568120686,0.24361645971530388,1790750091,965614588,0.11900000274181366,0.13976203444948504,-0.5899693897519869,0.3623632796328975,-2.6196475571396225
0.13951966162957255,-0.5978086494792945,0.24262281572895925,1790750092,15489169,0.11999999731779099,0.1396998897445683,-0.5899756896577334,0.3623667575988101,-2.620021570804755
0.13856095075472902,-0.5977509364269138,0.24363041483197082,1790750092,65782280,0.11900000274181366,0.13933693979549655,-0.5899800141068974,0.3623738831148896,-2.622232052496442
0.13749578042904606,-0.5976263417352848,0.24564157195471614,1790750092,115399054,0.11699999868869781,0.13892495890597334,-0.5899837345137396,0.3623829429287353,-2.6247411652356005
0.1349386776120875,-0.5977062681622071,0.24470135594005837,1790750092,165381006,0.11800000071525574,0.1379572264384023,-0.5899916700968786,0.3624102065353893,-2.630632251540576
0.13212346374719497,-0.5976579430877131,0.2457981033129094,1790750092,215964053,0.11699999868869781,0.1368704727889508,-0.5899992741149844,0.3624506231651567,-2.637243687356681
0.12728711625940248,-0.5978896765836205,0.2430606068228267,1790750092,265239234,0.11999999731779099,0.13509422623244732,-0.5900130293455826,0.36254703625490126,-2.6480477668103886
0.12225680022425404,-0.597865216980152,0.2444446674372564,1790750092,315313992,0.11900000274181366,0.13316172995216666,-0.5900242319779768,0.362684263657713,-2.6597981623498272
0.11541811744745067,-0.5978385291164491,0.24723218676129965,1790750092,365560732,0.11699999868869781,0.13047638637413977,-0.5900681712741861,0.3629986316798942,-2.6761874973854596
0.10762874014964958,-0.5981598400875957,0.24536559025765386,1790750092,415224164,0.11999999731779099,0.1276836433642959,-0.5901094770650793,0.3634036852462071,-2.6932620538698973
0.09852877880419057,-0.5983289974428614,0.24821022856969369,1790750092,465278542,0.11900000274181366,0.1241810261009035,-0.5902084958948814,0.3641283907177764,-2.714867045413532
0.08923953292305961,-0.5985237566125108,0.2515474086669709,1790750092,515388745,0.11800000071525574,0.12055836549617974,-0.5903038498798733,0.36501795122478176,-2.7373494401273937
0.07799463437463111,-0.5990144009107645,0.25405113785739186,1790750092,565597003,0.11900000274181366,0.11641137924574323,-0.5904758452104567,0.36635540061091465,-2.763520304307592
0.06778231576858877,-0.5993171171594546,0.2600313497340998,1790750092,615423917,0.11699999868869781,0.11224753778144964,-0.5906378188764684,0.3679040223894912,-2.790147180066335
0.05567481684078188,-0.6000291799307749,0.2645192834685586,1790750092,665224211,0.11800000071525574,0.10779687774340399,-0.5908941691208088,0.3699889118625447,-2.8194383637394833
0.04438539498479592,-0.6006344911651569,0.2717437008891469,1790750092,715987055,0.11699999868869781,0.10329254208256045,-0.5911419055831441,0.3723858318926475,-2.849796392636036
0.03453823090864734,-0.6012414127839685,0.28167574989596345,1790750092,765668247,0.11400000005960464,0.09889146596983632,-0.5914858078883236,0.3752678933903256,-2.880834183737602
0.02278987250865369,-0.6022214046691224,0.289203144317155,1790750092,816231748,0.11500000208616257,0.09454452019228028,-0.5918145259425885,0.37846661887863076,-2.912647126542278
0.011671368543576324,-0.6033856738322666,0.29773627787943113,1790750092,865275307,0.11599999666213989,0.09052918777963662,-0.5922451322178504,0.3820768488016556,-2.944093432188137
0.003095566643572703,-0.6042902639773485,0.30931566670125327,1790750092,915172629,0.11400000005960464,0.08664874224740221,-0.5926591272676521,0.38599410903640924,-2.9761905845478056
-0.0027717149496130217,-0.6050935996123078,0.32262882827183853,1790750092,965213794,0.10999999940395355,0.08317305491371958,-0.5931557893755142,0.3902378889720057,-3.0077117850658954
-0.009218681966877501,-0.6060846326599518,0.3350453787189179,1790750093,15830147,0.1080000028014183,0.07993619333722687,-0.5936279684791879,0.39471312823323784,-3.0394611954810244
-0.018375249576539965,-0.6076859595363505,0.3445278784526094,1790750093,65430088,0.11100000143051147,0.07731139013945802,-0.5941350284031139,0.3991304384920126,-3.0685915107853625
-0.020794550287288924,-0.6084268284385302,0.35793868634774345,1790750093,116190016,0.10700000077486038,0.07491897766922784,-0.5946167796320556,0.4037339184565557,-3.098053951493135
-0.021491039004339768,-0.609053138590869,0.36980942629815555,1790750093,165305028,0.10300000011920929,0.07316631870539403,-0.5950991126617127,0.407944316049367,-3.123556567883224
-0.0270362106577285,-0.6104639916361679,0.3795849886969513,1790750093,215385333,0.10499999672174454,0.07163990630748615,-0.5955569761686166,0.4122316446066126,-3.149049478404221
-0.027766261072367793,-0.6112042766429465,0.3894433505951785,1790750093,265405646,0.10300000011920929,0.07056622976813481,-0.5959840144896684,0.41605283930964043,-3.1710571682290514
-0.028865797660469733,-0.6120286263179396,0.39872314671416104,1790750093,315413663,0.10199999809265137,0.06969974311675452,-0.5963790952953597,0.41979269727812735,-3.192388061484803
-0.031104544231783923,-0.6129977680010604,0.4058837995326819,1790750093,365565255,0.10300000011920929,0.06917745666855048,-0.59671921776658,0.4228404832369309,-3.209395381253596
-0.030070609496389594,-0.6134383048767522,0.41316810185870245,1790750093,415451206,0.10100000351667404,0.06879125988926667,-0.597032182908959,0.4257446933651281,-3.225529931495133
-0.029564420622741394,-0.6138423388198043,0.4184055064269658,1790750093,465121314,0.10000000149011612,0.06859549747587962,-0.597273034561102,0.427897025445426,-3.2373531668920736
-0.02889012058374131,-0.6142060603616203,0.42332722557503344,1790750093,515458925,0.0989999994635582,0.06846540869646554,-0.5974969605688526,0.42993833716618335,-3.248551806771718
-0.029011938692560843,-0.614530935954118,0.4263077499127453,1790750093,565673841,0.0989999994635582,0.06841269001329787,-0.597633386665703,0.4311979895137953,-3.2554557970899456
-0.028093328076216548,-0.6146429912744829,0.42897326077169917,1790750093,615474126,0.09799999743700027,0.06838233153196126,-0.5977515974438184,0.4323090388333319,-3.261550203101544
-0.028110829085216754,-0.6147731955979029,0.4301876056112622,1790750093,665236031,0.09799999743700027,0.06837307754263132,-0.5978054850493837,0.43282428121178973,-3.264380341930955
-0.02713433613964583,-0.6147022009750863,0.43117154561711657,1790750093,715468650,0.09700000286102295,0.06836791969363282,-0.5978477650298261,0.433232534399371,-3.2666246701419603
-0.030089253018661763,-0.6152506210198041,0.43136259434455054,1790750093,765356555,0.10000000149011612,0.06836691146224073,-0.5978587660045491,0.4333392968666948,-3.267211881888573
-0.026151453817570697,-0.6145676350022904,0.4315608182988793,1790750093,815250803,0.09600000083446503,0.0683664929383948,-0.5978640275478944,0.43339040821555663,-3.267493051706599
-0.027135773747319222,-0.6147338781546933,0.43146903495649,1790750093,865403941,0.09700000286102295,0.06836672564318658,-0.597860832161717,0.4333594010913455,-3.267322478940102
-0.029104455272847662,-0.615069733197937,0.43131715015456334,1790750093,916160832,0.0989999994635582,0.06836710994431891,-0.5978559260625647,0.433311821006199,-3.267060756022597
-0.02910215857750846,-0.6150271335644146,0.43091735898028816,1790750093,965295854,0.0989999994635582,0.0683688505986775,-0.5978385491699484,0.433143303830168,-3.266134037203103
-0.03008297836841417,-0.6151515426932157,0.4304338489459613,1790750094,15361909,0.10000000149011612,0.06837125578191593,-0.5978185469947057,0.432950063565313,-3.265071720301094
-0.029087083995204918,-0.614876991649173,0.42951338423232366,1790750094,65211258,0.0989999994635582,0.06837758292294896,-0.5977769988203252,0.4325512850817913,-3.2628803911825215
-0.029068662915882504,-0.6147638509852057,0.4284607606321793,1790750094,115661999,0.0989999994635582,0.0683867730518213,-0.5977303085436371,0.4321071733927684,-3.2604416977600486
-0.026072134537219835,-0.6140622060042651,0.4268550494092703,1790750094,165598090,0.09600000083446503,0.0684070584982475,-0.5976518161969228,0.431369620258782,-3.256396260475778
-0.027975268899839395,-0.614202110581621,0.42490655999521704,1790750094,215370606,0.09799999743700027,0.06843559965138775,-0.5975665712317751,0.4305813069842721,-3.252077568304012
-0.026867152585541315,-0.6137407716643979,0.4223234679693792,1790750094,265255789,0.09700000286102295,0.06848755777893348,-0.5974408145771727,0.4294502600457769,-3.2458954535264333
-0.026691967566000827,-0.6134256869639912,0.41950517265370846,1790750094,315705373,0.09700000286102295,0.06855895554624541,-0.5973030653496381,0.4282414918777185,-3.239298762825754
-0.03030458208071267,-0.6136944848032228,0.415482623673758,1790750094,365301786,0.10100000351667404,0.06869457568859444,-0.5971403383207878,0.42671328285183374,-3.230859110063076
-0.02793775116943878,-0.6129530375888681,0.4119175212026073,1790750094,415177525,0.0989999994635582,0.06886782521557022,-0.5969663836202642,0.4251124887826674,-3.222012804797473
-0.0282842071493261,-0.6125932475388558,0.40703104374734655,1790750094,465366700,0.10000000149011612,0.06913368338352771,-0.5967474905945559,0.42311416810221925,-3.2109317358357323
-0.026529814678628735,-0.6118884801426145,0.40230994008512316,1790750094,515496949,0.0989999994635582,0.06945752307429055,-0.5965117475480802,0.4210445865885324,-3.1994519208481744
-0.028290054144459065,-0.6117217881731754,0.39592086746505256,1790750094,565309928,0.10199999809265137,0.06993955594905026,-0.5962521001862947,0.4186284006945026,-3.185820373789943
-0.027840302254682273,-0.6111980640824892,0.3896046639197353,1790750094,615915864,0.10300000011920929,0.07051994055651335,-0.5959704785687763,0.4161071788589315,-3.17153651626586
-0.024071830616564344,-0.6101750611052689,0.3834062293524434,1790750094,665371795,0.10100000351667404,0.07130434531185556,-0.5956714546487395,0.4133065834539149,-3.155339069760001
-0.024639606861611707,-0.6098146820575601,0.3754113777543145,1790750094,716196992,0.10400000214576721,0.07222962831438512,-0.5953422185746717,0.4103813580727743,-3.1382982792176413
-0.021787390916307894,-0.6089861462547123,0.36777921977606964,1790750094,766006221,0.10400000214576721,0.07340984925702276,-0.5950071669431526,0.40725166645863253,-3.119538965554087
-0.019484640899651948,-0.6082685278637895,0.359799764276919,1790750094,815288744,0.10499999672174454,0.07471579459979105,-0.5946525749408655,0.4041380444564925,-3.100651225076428
-0.016300370229339084,-0.6074998567858966,0.35106473615184564,1790750094,865312539,0.10599999874830246,0.07638664693439108,-0.5942960057407287,0.4007716260314944,-3.0793662238279422
-0.01004961369756073,-0.6063393340288387,0.34385845139449406,1790750094,915214972,0.10400000214576721,0.07822880775060725,-0.593916065185655,0.3974176069534571,-3.0577303538262544
-0.00795991414334446,-0.6058872860207709,0.33317347215449233,1790750094,965139618,0.1080000028014183,0.08044816281261087,-0.593552992923314,0.3939672033102807,-3.0342580656443245
-0.002683376687191333,-0.6050408664276337,0.32405943550293254,1790750095,15433858,0.10899999737739563,0.08287465168468282,-0.5931624911211809,0.3905404659512408,-3.010266313699632
0.0035851686964168683,-0.6042103479328338,0.31480990764327726,1790750095,65050179,0.10999999940395355,0.08568896805296482,-0.5927971436478812,0.38711969099269294,-2.9846878835572968
0.012049210295011645,-0.6031420482949714,0.30703748960938615,1790750095,115508726,0.10899999737739563,0.08875509367717661,-0.5923983441535108,0.38373025135490374,-2.9583179092784806
0.018804736811942266,-0.6025398788868191,0.2965748506714339,1790750095,165707420,0.1120000034570694,0.09225900243692275,-0.5920596781944029,0.3804714359972089,-2.9303500774798623
0.027558108239797846,-0.6017430984822443,0.2879835456144021,1790750095,215403657,0.11299999803304672,0.09592763436478961,-0.5917035047843762,0.37739167729879847,-2.9023477286532167
0.036970141547870775,-0.6010994435019043,0.2788148989136563,1790750095,265560601,0.11500000208616257,0.10005058992032483,-0.5913980204297976,0.37447962545026203,-2.8725637037890523
0.047597006790830856,-0.6003740610691422,0.27102709660267815,1790750095,315458303,0.11599999666213989,0.10433343981152128,-0.5910716253720404,0.3717764940391217,-2.8426560391595923
0.0592419269058405,-0.5997758661717888,0.26388320728529147,1790750095,365335533,0.11699999868869781,0.10899083854656672,-0.5908252034411572,0.36940065191129157,-2.811511072660049
0.0712907682016025,-0.5992646974262744,0.25646125100701755,1790750095,415852477,0.11900000274181366,0.11386160026240229,-0.590559001623851,0.36724453391016365,-2.7797250780241303
0.08460789631614751,-0.5987825744755562,0.2519255643279938,1790750095,465419446,0.11900000274181366,0.11891962165702757,-0.5903934749662616,0.365562394476088,-2.74770375069631
0.09873123869492109,-0.5982016714466789,0.2502145705545632,1790750095,515188342,0.11699999868869781,0.12409449266422737,-0.5902132790011699,0.36415267053600175,-2.7154079166104435
0.11227991329769559,-0.598197486810952,0.24371392412826162,1790750095,565260072,0.12099999934434891,0.12950695653220834,-0.5901240880503082,0.36320889914888876,-2.682185671297475
0.12713414893797226,-0.5977082219552932,0.2460901844001842,1790750095,615274904,0.11699999868869781,0.1349643387998669,-0.5900241420257895,0.36257470154954174,-2.6488560894978392
0.1415800595483499,-0.5977372798946446,0.24471878904812772,1790750095,665367690,0.11800000071525574,0.14049465368512865,-0.5900230296177212,0.36246135741478697,-2.615304481066943
0.15608939093894997,-0.5977516895801893,0.24534837164761808,1790750095,715492661,0.11800000071525574,0.14601107258449056,-0.5900112602527414,0.3626621109187423,-2.581699932219264
0.17099635701294225,-0.5982265337829845,0.24324612956700073,1790750095,765318233,0.12200000137090683,0.15144485968884494,-0.5901045664182658,0.3633950909982737,-2.548369686280454
0.18545194674434984,-0.5984933152525959,0.24613173239229733,1790750095,815422907,0.12200000137090683,0.15683253249765228,-0.5901891989847242,0.364436301685655,-2.514865720706986
0.19918057513445764,-0.5988785171319622,0.2511348400066304,1790750095,865357443,0.12099999934434891,0.16206483897327062,-0.5903748171600463,0.3659873935582743,-2.481619393886104
0.21247657436574305,-0.5993103041017263,0.2570487003865863,1790750095,915491127,0.11999999731779099,0.1671903727361896,-0.5905523741414214,0.36782982676219084,-2.448267046426236
0.22572424992972182,-0.6000393483702668,0.2620532527360213,1790750095,965848618,0.12099999934434891,0.17200960247208893,-0.5908106839387416,0.3700836569870698,-2.4157949172370943
0.23683490340361876,-0.6005594845971743,0.27035849663602385,1790750096,15253123,0.11900000274181366,0.17655747495260296,-0.5910527731847114,0.3725213798666986,-2.3841163776732204
0.24809023808159847,-0.6013609814263919,0.2776624017745189,1790750096,65218344,0.11900000274181366,0.18081439825606088,-0.5913647479884514,0.3753099175922522,-2.3530137618104994
0.26067920767490593,-0.602459342362111,0.2833115015715061,1790750096,115395667,0.12200000137090683,0.18488445306798645,-0.5916664535690679,0.3782992326744182,-2.3219576630138934
0.2697359058118583,-0.6033040630847609,0.2925250892477326,1790750096,165243127,0.12099999934434891,0.1885012052594864,-0.592027292885747,0.38149001335480714,-2.292498072587998
0.275275444862916,-0.6037735572357728,0.3049754976693675,1790750096,215580488,0.11599999666213989,0.19192988667518918,-0.5923803479172625,0.38484859662901294,-2.263011292724499
0.28684566025723607,-0.6052574991639307,0.31058445045412486,1790750096,265531088,0.12099999934434891,0.19491241518984595,-0.5927585222950538,0.3882571861465343,-2.2353022479612656
0.29022039597570937,-0.6057120220596567,0.3229396758822717,1790750096,315540300,0.11599999666213989,0.19768487544908123,-0.5931213224725588,0.391748475831042,-2.207840169255055
0.29803061782075113,-0.6069368731852378,0.3308919214863342,1790750096,365569975,0.11800000071525574,0.2000395199942957,-0.5935124731728713,0.39524664469974224,-2.182046099621383
0.3036383996457785,-0.6079367493175492,0.3401757135547383,1790750096,415350084,0.11800000071525574,0.20218151973203524,-0.5938881830819034,0.3987687120587516,-2.156682828457944
0.3100582314682333,-0.6091612788538491,0.348144709480686,1790750096,465404684,0.11999999731779099,0.20394242827043166,-0.5942653777834346,0.4021590390540103,-2.1332748180768686
0.31421477874351156,-0.6101288689836433,0.35710772436567917,1790750096,515218941,0.11999999731779099,0.20551604708035626,-0.59462529224993,0.4055249134574993,-2.1103757512535215
0.31755314858020717,-0.6110462795164148,0.3654598716115607,1790750096,565407514,0.11999999731779099,0.20676633883884482,-0.5949745157206732,0.4086800121954935,-2.08952237161149
0.321385146669632,-0.6120791047170105,0.3734092708052688,1790750096,615382077,0.12099999934434891,0.20786416685379244,-0.5953072998338523,0.41178496029673534,-2.0691756602150444
0.3236023513700344,-0.6128964293355645,0.38085486126518026,1790750096,665264529,0.12099999934434891,0.20868957533657895,-0.5956161064404097,0.414580877725126,-2.0512036786012326
0.32456413853578103,-0.6135607817401563,0.3885742086957565,1790750096,716170300,0.11999999731779099,0.209416044440339,-0.5959171196826987,0.41737728095652926,-2.033305163295092
0.32591609660983767,-0.6142509496939159,0.3948739551427349,1790750096,765691028,0.11999999731779099,0.20992290836204594,-0.5961781074478595,0.4197527012833938,-2.01826999073615
0.3290005664910077,-0.615238733164308,0.400788102945614,1790750096,815990806,0.12200000137090683,0.2103590588071501,-0.5964309804904515,0.4221062039014092,-2.003387116970611
0.32781314502913217,-0.6154919844359081,0.406263438214531,1790750096,865198449,0.11999999731779099,0.21064333438532432,-0.5966430338913729,0.4240384738919557,-1.9912537517915818
0.32842818515152367,-0.616041686482217,0.41131280179601165,1790750096,915325846,0.11999999731779099,0.21087935728971988,-0.596848382270463,0.425937763266762,-1.9793243616996303
0.32684746163797224,-0.6161643519114367,0.41557928349482165,1790750096,965150417,0.11800000071525574,0.21102000267805104,-0.5970182761847119,0.42747162153049184,-1.9697221271576393
0.3291011341052807,-0.6169219500117629,0.41932816107644216,1790750097,15813474,0.11999999731779099,0.21112849173061324,-0.5971818495329622,0.4289605772061321,-1.960392452886987
0.3272907861519933,-0.6169056441292922,0.42233508598765906,1790750097,65417259,0.11800000071525574,0.21118638647023727,-0.5973014423160626,0.4300450674795673,-1.9535976216041224
0.3274026247189057,-0.6172063249473296,0.42508152813541095,1790750097,116319909,0.11800000071525574,0.21122936149002006,-0.5974157193033467,0.43109027241327397,-1.9470395028485497
0.3264715545270605,-0.6172328236616418,0.4269155465145713,1790750097,165988285,0.11699999868869781,0.21125170914980196,-0.5974893053872767,0.431771513003926,-1.9427582331078104
0.32650707719238736,-0.6174098257765034,0.4285463592695111,1790750097,215345170,0.11699999868869781,0.21126810922427391,-0.5975559522907339,0.43239391205153666,-1.9388413238259106
0.32455221501731824,-0.6171745616376498,0.42957428035980566,1790750097,265537179,0.11500000208616257,0.2112761035810041,-0.5975953847035287,0.43276471736239985,-1.936504926975713
0.32850186933163733,-0.6179486205204485,0.43032454059515085,1790750097,316221791,0.11900000274181366,0.21128199223408253,-0.5976297591208493,0.433089488553012,-1.9344568656323842
0.32357970851610257,-0.617133541543016,0.43079923529699654,1790750097,365433703,0.11400000005960464,0.21128423684035083,-0.5976443940739489,0.43322826507022977,-1.9335811550029773
0.32555179024754577,-0.6175063002627572,0.43104290740706797,1790750097,415301785,0.11599999666213989,0.2112858934083335,-0.5976559312205311,0.43333787887408015,-1.9328892377019513
0.3265373704664638,-0.6176867823457626,0.431110014086595,1790750097,465134597,0.11699999868869781,0.2112863742807081,-0.5976594085218999,0.43337095837283396,-1.9326803023378827
0.329492808636476,-0.6182056873064199,0.43110202344788323,1790750097,515323319,0.11999999731779099,0.21128664458000088,-0.5976613753948249,0.43338968238282527,-1.932561971292433
0.32653514655602656,-0.6176505166411771,0.43077339549877824,1790750097,565740773,0.11699999868869781,0.21128447186818294,-0.5976459187998362,0.4332427562173341,-1.9334895400538283
0.325546216074569,-0.6174306936820554,0.4303414354048484,1790750097,615097879,0.11599999666213989,0.21128162482009483,-0.5976276286692938,0.43306926002617985,-1.9345844437541064
0.3255239932640618,-0.617251270961354,0.428682231068674,1790750097,665273888,0.11599999666213989,0.21126906871719162,-0.5975601473756373,0.43243337680531263,-1.9385924980020708
0.32449773834013157,-0.6168777043919552,0.4268363919399219,1790750097,715303961,0.11500000208616257,0.21124983327810082,-0.5974825756984032,0.4317089130367693,-1.9431517270858165
0.3253507984612516,-0.6166367907636828,0.42304787547829875,1790750097,765167079,0.11599999666213989,0.211197659906472,-0.5973255920576686,0.4302685256046095,-1.9521933200018535
0.3261077169155618,-0.6163417395184088,0.4187990032438808,1790750097,815771775,0.11699999868869781,0.21111525516327395,-0.5971471466605167,0.4286631321118385,-1.962241339573494
0.3255618175098468,-0.6156620345531936,0.41253510024985224,1790750097,865530272,0.11699999868869781,0.21089746942723872,-0.5968906786608891,0.42627275543224163,-1.9772641022887951
0.3247602524753669,-0.6149267529488592,0.4058336617355692,1790750097,915656568,0.11699999868869781,0.21059364371800376,-0.5966080540953692,0.42370571842509464,-1.9933529279379585
0.32523277578303356,-0.6142744337627604,0.39662244497629734,1790750097,966291272,0.11900000274181366,0.21002270147784796,-0.5962472808405229,0.42034292533955186,-2.014589362906479
0.32525895173281427,-0.6135816290797548,0.3871969219665841,1790750098,15390952,0.12099999934434891,0.20931888122806452,-0.5958687737276915,0.41694847063153545,-2.036007935446366
0.32037455724002445,-0.6121239488486405,0.3768942451716365,1790750098,65384914,0.11900000274181366,0.20817982048104872,-0.5954352414213078,0.41287797400204945,-2.0622240637173053
0.31664096294873206,-0.610896413986477,0.36577680989902533,1790750098,116024619,0.11900000274181366,0.20678185458672985,-0.5949625509844011,0.4086497497596016,-2.089593669153856
0.31340801415034125,-0.6098634346797867,0.3529289857755189,1790750098,166092821,0.12099999934434891,0.20485917051279343,-0.5944862040293345,0.40413141895799987,-2.1199573660575735
0.3049340538113353,-0.6081921845460495,0.34252080271311774,1790750098,215443169,0.11800000071525574,0.20267408961767722,-0.5939854883577288,0.3996615909061841,-2.150416799287256
0.2993750670856279,-0.6071362357711427,0.3293788034862404,1790750098,265098629,0.11999999731779099,0.1999083133023533,-0.5935110575016678,0.3951109779916704,-2.1832965987490094
0.2885108161567726,-0.6054712003663774,0.31902600540373205,1790750098,316299919,0.11699999868869781,0.19671773133980228,-0.5929931675472796,0.3904915773241001,-2.217619866451472
0.27853580168220604,-0.604197154237768,0.30861504196517675,1790750098,365858092,0.11599999666213989,0.19316850944991604,-0.5925581507829597,0.3862871620670655,-2.2515336148675433
0.26926649294432664,-0.6031438397457433,0.29752384775252677,1790750098,415170699,0.11699999868869781,0.1893533417759717,-0.5921036445267217,0.38226464107560604,-2.285390566821422
0.2595436818161406,-0.6023038879051127,0.28633321856014765,1790750098,465197438,0.11900000274181366,0.185146720295638,-0.5917261324561314,0.3786056622187506,-2.319688553842478
0.24588069746472252,-0.6010426881072573,0.27971373444280817,1790750098,516030449,0.11599999666213989,0.18062253905287656,-0.591327986719918,0.3751233595508952,-2.354530068013329
0.2343892282628642,-0.6002833852515573,0.2724275518516414,1790750098,565222704,0.11599999666213989,0.1761971539721801,-0.5910476899178774,0.3723494395793431,-2.386618982582395
0.22436552436588275,-0.5999266577269291,0.2613062913901212,1790750098,615793316,0.12099999934434891,0.1715048202302004,-0.5907516565004447,0.3697616515716553,-2.41931973287871
0.21273003897349552,-0.5993954944682901,0.2561047818010848,1790750098,665343785,0.12099999934434891,0.1671427501441248,-0.5905642464024562,0.36784021931362904,-2.448556064717482
0.19989812763887052,-0.598694360020286,0.254473097692646,1790750098,715463192,0.11800000071525574,0.1626889425585573,-0.5903723955682103,0.36614324420512145,-2.47763486169121
0.18961937835314652,-0.598381230777415,0.2513684611733276,1790750098,765358819,0.11800000071525574,0.15877663508521866,-0.5902596752154523,0.36497640848232094,-2.502599373673848
0.17978391869121924,-0.5982382213193982,0.2468878140090832,1790750098,815821366,0.11999999731779099,0.15487357697567686,-0.5901461230368282,0.36399456948147246,-2.5271122869643006
0.17136851273209283,-0.5980826012100039,0.2452947653009814,1790750098,865434659,0.11999999731779099,0.1517038929671653,-0.5900911056658974,0.3634025046102205,-2.546772754387826
0.16313698780449615,-0.5979520877338762,0.24408072516084905,1790750098,915597982,0.11999999731779099,0.14860124720891404,-0.5900372618694903,0.3629338577789851,-2.5658520484168226
0.15690514777542156,-0.5978269261425662,0.24442442194095043,1790750098,965571277,0.11900000274181366,0.14628759883519288,-0.5900163996095946,0.36269218585965846,-2.5800009302716203
0.15130506664604051,-0.5979784990623526,0.24099419578161912,1790750099,15663183,0.12200000137090683,0.14409884033639764,-0.5899972364691568,0.36251937870390044,-2.593332099775459
0.147334052613729,-0.5977007157152819,0.24479142196035542,1790750099,65298134,0.11800000071525574,0.14267675535892946,-0.5899906348499648,0.3624471247721234,-2.601973771598339
0.14388458441330831,-0.5977552821837341,0.2436815566341511,1790750099,116083423,0.11900000274181366,0.1413546001108564,-0.5899848147147957,0.3624006354180398,-2.6099948577821657
0.14213031597477155,-0.5976850032241282,0.24464348254697554,1790750099,165587114,0.11800000071525574,0.14069399307930336,-0.5899811337518219,0.36238297269575265,-2.61399772040951
0.1406575271847931,-0.5975504329962655,0.24661959266570815,1790750099,215416501,0.11599999666213989,0.14013578121697742,-0.5899776250597415,0.36237096236264976,-2.617377917048457
0.14020342097106003,-0.5978756001011432,0.2416260431661844,1790750099,265282175,0.12099999934434891,0.13995680248960218,-0.589976421099706,0.36236767638257045,-2.6184612823386124
0.13991066810911396,-0.5978748420533171,0.24162392223582657,1790750099,315474332,0.12099999934434891,0.13984685172192174,-0.5899756615289807,0.362365790350599,-2.619126716052028
0.13984939732752624,-0.5985141382646221,0.24480183408633313,1790750099,365409136,0.11800000071525574,0.13981949077588782,-0.5903088641947819,0.362516203437901,-2.6190415404089658
0.13983184344540847,-0.5994367861258606,0.24602240579549206,1790750099,415795117,0.11699999868869781,0.13980871225757296,-0.5907044050590889,0.36269607325738396,-2.618814262662287
0.13983599117257842,-0.6042986193019686,0.24516294064272792,1790750099,465520448,0.11900000274181366,0.13978835582695953,-0.5925611218228517,0.36358265832670666,-2.6176780644103816
0.13984284788061802,-0.6098062518584745,0.24452698733032602,1790750099,515116732,0.12099999934434891,0.1398030365669417,-0.594562419918767,0.3645629146362193,-2.6163829242677976
0.1398534469377255,-0.6196014124934774,0.24030560353943992,1790750099,566341245,0.12800000607967377,0.13976147379046297,-0.5978788477353264,0.3664488684316435,-2.6153146503311513
0.1398690340945111,-0.6296798488146407,0.23736316341040553,1790750099,615268183,0.1340000033378601,0.13980357903250945,-0.6009857061314938,0.3682548850197594,-2.614343270793335
0.13987952757587385,-0.6397098162906942,0.2327823176331601,1790750099,665637378,0.1420000046491623,0.1397913448901905,-0.6037780810409932,0.37016100574060073,-2.6145703102762217
0.1398930845513665,-0.6478110713550639,0.2350744855542047,1790750099,715819303,0.14300000667572021,0.13981934806930926,-0.6063079009801658,0.37191922721795817,-2.615024559659913
0.13990185426982463,-0.6527047026161273,0.23182440619796726,1790750099,765223484,0.14800000190734863,0.13983042745862892,-0.6073846984767087,0.37271476316958163,-2.615425328013075
0.1399091829108014,-0.6567003419237063,0.22929182107727514,1790750099,815657401,0.15199999511241913,0.13983879289238382,-0.6082319075979716,0.37335709945285284,-2.6158262362551015
0.13986642885833894,-0.656198495317362,0.23234733792647128,1790750099,865381279,0.14900000393390656,0.13982820356771236,-0.6083714583048375,0.37346280214543615,-2.615950732288627
0.1398157065743559,-0.6578695920230485,0.22764315214166422,1790750099,916143641,0.15399999916553497,0.13981327547095782,-0.6083913870248255,0.37347835696967663,-2.6160290764553675
0.13943275672599126,-0.6565971778899921,0.2314419901971593,1790750099,965691138,0.15000000596046448,0.13969912232270648,-0.6083962812092666,0.373486364942104,-2.6165452925740778
0.13899485799582303,-0.6566016095591383,0.23145037399605065,1790750100,15349367,0.15000000596046448,0.13956847640719477,-0.6083987354973062,0.373493169245358,-2.6171341769681713
0.1378426109008163,-0.6582192404994098,0.2267395954958489,1790750100,65126642,0.1550000011920929,0.13923794313593654,-0.608404505492515,0.373509979407915,-2.618623015610079
0.13662468847575418,-0.6569450607825307,0.23055868420059367,1790750100,115401966,0.1509999930858612,0.13886498155949953,-0.6084103076715627,0.37352845981518445,-2.620301441011958
0.13432613701725363,-0.6576065251652339,0.2287344413940015,1790750100,165397141,0.15299999713897705,0.1381952533307088,-0.608418871630544,0.37356055714399755,-2.6233107595801184
0.13184709631167474,-0.6576240142039435,0.22882862856212033,1790750100,215783993,0.15299999713897705,0.1374618783612943,-0.6084254940779061,0.3735938832486996,-2.626600111920161
0.12833166800549398,-0.65731977667387,0.22993854072099204,1790750100,265289943,0.15199999511241913,0.1364025681257006,-0.608428438840414,0.373634386764919,-2.631334065364747
0.12463106912222177,-0.657009330681868,0.2310989783969158,1790750100,315148746,0.1509999930858612,0.13527362018954628,-0.6084248225970121,0.373672747347807,-2.636364616556724
0.11947861564468806,-0.6574115800112319,0.2306595725637122,1790750100,365542932,0.15199999511241913,0.13376842063315209,-0.6084561605253275,0.3738488420308278,-2.6433100238050513
0.11468431505080372,-0.656204179205111,0.23504929422680884,1790750100,415321633,0.14800000190734863,0.13220276138607134,-0.608483017165141,0.37404496069209286,-2.65054917977847
0.10832176320666878,-0.6563357078925943,0.2360293274204089,1790750100,465526670,0.14800000190734863,0.13028080514530319,-0.6085292908180036,0.3743635152707114,-2.659581263691206
0.10183145672839419,-0.6564574534257016,0.2371831342856052,1790750100,515301612,0.14800000190734863,0.12830657344271257,-0.6085605770738178,0.37469298118854805,-2.6688480437635045
0.09384228240867887,-0.6573243722200254,0.23706004124388616,1790750100,565231481,0.15000000596046448,0.12602420399832884,-0.6086346023138963,0.37523975038175206,-2.6798874092686678
0.0867787437428226,-0.6565613347491148,0.24181763615127688,1790750100,615409628,0.1469999998807907,0.12366613951537628,-0.6086910151050614,0.3758204439399483,-2.691307928211223
0.07821528071027528,-0.6569008198361451,0.2445583215021384,1790750100,665204959,0.1469999998807907,0.12107323248586639,-0.6088061357653849,0.3766911989349989,-2.704348036518987
0.06935663652687274,-0.6572396733329683,0.24774217922980232,1790750100,716246481,0.1469999998807907,0.11836063901175506,-0.608899707211512,0.3776300361710521,-2.718039370786077
0.06094513982639065,-0.6570572229275328,0.2534384339189223,1790750100,765689931,0.14499999582767487,0.11558916258220817,-0.6090596996744304,0.37887872779874116,-2.732671561526193
0.05019128809763149,-0.6588514325957079,0.25441183116300453,1790750100,815370900,0.14900000393390656,0.11277928812755364,-0.6091891184272279,0.38017906845471666,-2.7475956533889754
0.045692128340451804,-0.6557862881891133,0.2688430518174907,1790750100,865146768,0.1379999965429306,0.10989438284973078,-0.6093910049193216,0.3818454732609731,-2.7637176535609442
0.033072852706592146,-0.6587473123111244,0.26894135053672025,1790750100,915273240,0.14499999582767487,0.10698222312654977,-0.6095584856111903,0.38358367728402193,-2.7801773899491415
0.025543229412160612,-0.6585166579826037,0.277970728384775,1790750100,965143636,0.1420000046491623,0.10418785922917599,-0.6098230398895618,0.38571094872200884,-2.7971694564626506
0.017858805810448214,-0.6586003159617367,0.28661545519875564,1790750101,15616109,0.14000000059604645,0.10139895078718844,-0.6100551122063307,0.38792886762033163,-2.814485418546309
0.009584493790107687,-0.6595009080656361,0.29438786146466,1790750101,65394958,0.14000000059604645,0.09881997285295599,-0.6103545686850127,0.39041737134991117,-2.831773423906839
0.004327803098990002,-0.6589523950627182,0.30519348907005467,1790750101,115626069,0.13600000739097595,0.09628006242234502,-0.6106128526313063,0.39296633597157493,-2.849256015251355
-0.0013923834803206137,-0.6592145420689451,0.3149826313948478,1790750101,165959588,0.1340000033378601,0.09400838432551355,-0.610941985083037,0.39575672772929205,-2.866517356546448
-0.009420602399036929,-0.6608667830923588,0.32254000104458436,1790750101,215705141,0.13600000739097595,0.09185440460968247,-0.6112253043585862,0.39853407025300197,-2.8835319025701036
-0.014435630931298848,-0.6615265916738036,0.33204735315577,1790750101,265207508,0.13500000536441803,0.0900220760194295,-0.6115713679757266,0.40145963256124517,-2.8999493211694642
-0.01976971618227291,-0.6625210048534802,0.3412810741799463,1790750101,315260886,0.13500000536441803,0.08827852447877946,-0.6118820337685158,0.4044180185619827,-2.9164569971328818
-0.020943291271816253,-0.66202092612357,0.3520413031411241,1790750101,365534997,0.13099999725818634,0.08685237899475012,-0.6122203268819377,0.4073675452744993,-2.9319895248974275
-0.02566159966921054,-0.6633533730373176,0.36054323842133745,1790750101,415533866,0.13199999928474426,0.08554855078676325,-0.6125192387248433,0.41026439121804437,-2.94724304260518
-0.027873842881189922,-0.663902736315162,0.3692945857677709,1790750101,465435531,0.13099999725818634,0.0845513052003012,-0.6128327551502525,0.4130374981572703,-2.9611773288225387
-0.02791657095492686,-0.6636163153653214,0.37854778679784484,1790750101,515716762,0.12800000607967377,0.08365357636828481,-0.6131174502911286,0.41577638345272594,-2.974982458394239
-0.028927435373262617,-0.6640372717896601,0.3861513618329432,1790750101,565381732,0.12700000405311584,0.08302925128789425,-0.6133970490350269,0.41824916831108305,-2.9870187207351733
-0.03140033657370209,-0.6652276136183567,0.39322005967047985,1790750101,615793732,0.12800000607967377,0.08248517148589109,-0.6136560065567976,0.4206875305313548,-2.9989534527853197
-0.034226002427626426,-0.6667220514743827,0.39895576789806525,1790750101,665244914,0.12999999523162842,0.08214808986752219,-0.6138897868638072,0.4227427647413364,-3.0087798810398807
-0.03235629942490044,-0.6661537135036678,0.4054503752173852,1790750101,715348190,0.12700000405311584,0.08187189188202974,-0.6141080349061685,0.4247420490577911,-3.0183968529192446
-0.03103662957537673,-0.6658432153656845,0.4103649623609135,1790750101,765100790,0.125,0.08171156522895423,-0.6142830037084629,0.42631454361645577,-3.0259080871697073
-0.032294254117084004,-0.6667406021626836,0.4146973726194571,1790750101,815654282,0.12600000202655792,0.08158719203640424,-0.6144450430339832,0.4278195381457471,-3.0331464071798107
-0.03337325767208808,-0.6675051528881077,0.41777317201110753,1790750101,865310890,0.12700000405311584,0.08152903625676243,-0.6145630985781304,0.42889085004291316,-3.0382727416026043
-0.031678542936493206,-0.6669994990056601,0.4209558381527173,1790750101,916479616,0.125,0.0814886147908576,-0.6146737342875592,0.42991177241882583,-3.0431801626745654
-0.029006912429584114,-0.6659231449129144,0.4228372598510019,1790750101,965190433,0.12200000137090683,0.08147024591279488,-0.6147340277568527,0.43048396527734,-3.045949943819034
-0.031752171203729904,-0.6673472274157077,0.42419709876669764,1790750102,15149765,0.125,0.08145633151157113,-0.6147879045799369,0.43100536550683777,-3.048486146674796
-0.030856090649698048,-0.6670058457415182,0.4249965820501655,1790750102,65705933,0.12399999797344208,0.08145049969962267,-0.6148135586719194,0.43125712771073527,-3.0497149909712893
-0.029955919240870682,-0.6666456373359381,0.4256208194191523,1790750102,115424689,0.12300000339746475,0.08144639374096078,-0.6148332355737662,0.4314518160500632,-3.050667172912757
-0.030862823824375968,-0.6670827015778891,0.4257234004685879,1790750102,165339595,0.12399999797344208,0.08144535714518436,-0.6148383233082451,0.4315024076446074,-3.0509148237057038
-0.03176908909892692,-0.6675114940723613,0.4257476608435602,1790750102,215313390,0.125,0.0814448548779875,-0.6148407091207966,0.4315261815693262,-3.051031201563215
-0.03176903701607767,-0.667510946978173,0.4257424127040336,1790750102,265393824,0.125,0.0814449026592372,-0.6148405349307453,0.4315244156397247,-3.0510225888175313
-0.029051742323573562,-0.6662448770325853,0.42586230821236015,1790750102,315431842,0.12200000137090683,0.08144505087005965,-0.6148398923059546,0.43151797560707106,-3.050991099335324
-0.029050695335334747,-0.6662308145427366,0.42572901196764124,1790750102,365046626,0.12200000137090683,0.08144598189158267,-0.6148353236643297,0.4314725451728464,-3.050768534083097
-0.03267219194709409,-0.6678990678269208,0.4253812410583706,1790750102,415272366,0.12600000202655792,0.08144709629234635,-0.6148299620458614,0.43141933463290544,-3.0505079592736006
-0.030857526488832915,-0.6670204838059729,0.4251347401220101,1790750102,465148957,0.12399999797344208,0.08144951960726433,-0.6148182841254903,0.4313037954063916,-3.049942894503873
-0.0308532591335777,-0.6669804186775133,0.4247566966614921,1790750102,515111363,0.12399999797344208,0.08145234969034597,-0.6148053216710375,0.4311761184786274,-3.0493191771983987
-0.030844828171067276,-0.666914998989843,0.4241410280385042,1790750102,565365724,0.12399999797344208,0.08145725826311967,-0.6147840741965278,0.430968001023347,-3.0483039288925657
-0.0317392486728387,-0.6672644827317553,0.4234206747086775,1790750102,615472769,0.125,0.08146303008864442,-0.6147610300207044,0.43074403026647423,-3.0472134398430613
-0.030813441132875444,-0.6667410960601364,0.42251401964428176,1790750102,665319897,0.12399999797344208,0.08147227094430527,-0.614727024462902,0.4304168493028203,-3.0456242931312634
-0.034408503327798906,-0.6683063365827259,0.42121280902602737,1790750102,715246200,0.12800000607967377,0.08148327808890478,-0.6146904289847341,0.4300689373507024,-3.043939469554599
-0.03074215360128532,-0.666478985920097,0.4200879732959956,1790750102,765249070,0.12399999797344208,0.08150019551216617,-0.6146395107231593,0.4295918343121188,-3.041637421091685
-0.03158911126036071,-0.6667346147055273,0.4185233110221035,1790750102,815406291,0.125,0.08152057436224577,-0.6145846752435596,0.4290865885659456,-3.039209838897824
-0.030595195585926577,-0.6661079807794946,0.41671243905472827,1790750102,865684032,0.12399999797344208,0.08154943830114271,-0.6145122202269515,0.428436690875355,-3.036107738378202
-0.03048504340879027,-0.6658901578195516,0.4147620143310776,1790750102,915352946,0.12399999797344208,0.08158346589557826,-0.6144356807356669,0.4277653026741966,-3.032921185822439
-0.029410898739132288,-0.665212934041273,0.4124907958486562,1790750102,965195259,0.12300000339746475,0.08164067337821036,-0.614344599280326,0.42694630292005364,-3.029012034750647
-0.03190615722472534,-0.6661721532846137,0.40961348939398823,1790750103,15564055,0.12600000202655792,0.08170903814260307,-0.6142469874624918,0.4260866507991815,-3.024928988140618
-0.03249243206363937,-0.6662718310496326,0.40656540271222424,1790750103,65484081,0.12700000405311584,0.08182229774271589,-0.6141456937997927,0.42511289295220756,-3.020205782473736
-0.03211424854886763,-0.6659429002998644,0.4035210408124744,1790750103,116264639,0.12700000405311584,0.0819541467592617,-0.6140375513253832,0.4240937647244192,-3.015278948623184
-0.0325299002105673,-0.6659678345534827,0.39989150030722376,1790750103,165090383,0.12800000607967377,0.08211291261590897,-0.6139074947112888,0.4229294698172592,-3.009707910904624
-0.031959998682666954,-0.6655551996539163,0.3962437575887843,1790750103,215133011,0.12800000607967377,0.08229337237592824,-0.6137634995975706,0.42169544836596046,-3.0038549550487246
-0.028534121400141124,-0.6639203059637518,0.3929092660146638,1790750103,265186325,0.125,0.0825576314604513,-0.613625425344696,0.42036919008367724,-2.997366849159444
-0.03210411935740155,-0.6654861990289445,0.38770060071336127,1790750103,315333084,0.12999999523162842,0.08285210182680013,-0.6134803433680381,0.41901284988599796,-2.9907453620328415
-0.028375140286087938,-0.6637915741407233,0.38390150540405416,1790750103,365591695,0.12700000405311584,0.0832165505755739,-0.6133150717205428,0.41749344288244694,-2.9833159590771565
-0.028053969849772903,-0.6636725303514748,0.37904444907096724,1790750103,415418637,0.12800000607967377,0.08360871981624554,-0.6131369543174671,0.4159443250579947,-2.975798446472024
-0.02828758454516489,-0.6639124698565093,0.3734192191090716,1790750103,465569997,0.12999999523162842,0.08411452971910796,-0.6129573402832538,0.4142767550029248,-2.9675019782941074
-0.027465563062359047,-0.6637283088224821,0.36795108549735595,1790750103,515937748,0.13099999725818634,0.0846630881369515,-0.6127634148256762,0.41256884476160544,-2.959036980724628
-0.02377873549361012,-0.6623821928404999,0.36333003250298584,1790750103,565363281,0.1289999932050705,0.08533478726349418,-0.612581217440414,0.41081792830437047,-2.9500542925800746
-0.02326750190505529,-0.6625518268917243,0.35713806636282996,1790750103,615428586,0.13099999725818634,0.08605988554644455,-0.6123819613603644,0.40901779484361256,-2.9408382585733257
-0.022298184895315015,-0.6626866475075927,0.35049239390899756,1790750103,665543863,0.13300000131130219,0.08693303321518508,-0.6121821160994626,0.4071213056603984,-2.9308398182828386
-0.018647952519642297,-0.6616547956343845,0.34509898068320144,1790750103,715417805,0.13199999928474426,0.08785246122442882,-0.6119637811708871,0.40520276396763916,-2.920747046990375
-0.015387577713052436,-0.6610055526734051,0.3390928260525832,1790750103,765439656,0.13199999928474426,0.08893349840710854,-0.6117567196673571,0.40324627752517705,-2.9100231399511913
-0.013432843381621498,-0.6610684947924992,0.3320626450542788,1790750103,815602850,0.1340000033378601,0.09006980610137333,-0.6115288268287333,0.4012654177052837,-2.8991599029924986
-0.006422410681275803,-0.6589396908317783,0.3281053288155112,1790750103,865398320,0.12999999523162842,0.09138233883237935,-0.6113201871115217,0.39928547069673426,-2.887723190065217
-0.00588086396092255,-0.6600731778154888,0.3192041618472586,1790750103,915526523,0.13500000536441803,0.0927594082839151,-0.6110877111933115,0.3972779871644849,-2.87609246005192
-0.0003829768272197859,-0.6590506454211909,0.3136600789738425,1790750103,965704041,0.1340000033378601,0.09432231077206162,-0.6108813686968328,0.395309513602235,-2.863943756521957
0.003210087816146623,-0.6590872144510739,0.3064399384662544,1790750104,15253954,0.13600000739097595,0.0959176794228005,-0.6106545925144256,0.39336281003168927,-2.8518581869393826
0.0075148042449023345,-0.6591455872072185,0.29907547551768,1790750104,65260953,0.1379999965429306,0.09773887630563285,-0.6104557742491951,0.39144927039881316,-2.839046855276508
0.014086169491422523,-0.6581170082497163,0.2938260010316072,1790750104,115273859,0.13699999451637268,0.09961694285511905,-0.6102317135393193,0.3895364176840937,-2.826117963443973
0.019382835911842283,-0.6581903170545974,0.28659431563259025,1790750104,165403062,0.13899999856948853,0.10170773407197699,-0.6100436626157103,0.3877155815047284,-2.8126424339396867
0.02504563071677507,-0.6582314150336057,0.2794734165786806,1790750104,215252486,0.14100000262260437,0.10383887546390083,-0.6098303003858336,0.38591568930266557,-2.7991439530970696
0.03298962884028875,-0.6573097759259615,0.27482699260223364,1790750104,265254790,0.14000000059604645,0.10618432873981556,-0.6096586215397297,0.38424318682946274,-2.7851429844615048
0.041183818194429414,-0.6563664615325774,0.2704315745962516,1790750104,315661735,0.13899999856948853,0.10859557815527615,-0.6094569221290937,0.38257500656733057,-2.7709415270562143
0.04698825574283515,-0.657534551237227,0.2615565700562743,1790750104,365333446,0.14399999380111694,0.11115520933167036,-0.6093065038228214,0.3811084655847176,-2.756644934509369
0.05589455699765933,-0.6566596649021763,0.25783611639514264,1790750104,415251454,0.14300000667572021,0.1137624917947457,-0.6091260760319113,0.3796591928654436,-2.742222546378888
0.06588166318287272,-0.6552276566817895,0.2563649314657619,1790750104,465336842,0.14000000059604645,0.116539607743798,-0.6089973381922479,0.37841627505570674,-2.7275740553554666
0.0722821635603646,-0.6573993394536289,0.2455552325948243,1790750104,515305164,0.14800000190734863,0.11933554442122164,-0.6088389319794378,0.3772057804101633,-2.712927101208985
0.08247970452511375,-0.6564131784026254,0.24413779565599317,1790750104,565393673,0.1459999978542328,0.12228236987532655,-0.608752506091733,0.37627487417420735,-2.6982425491813684
0.09217157404760304,-0.6560706879778375,0.24132241691898879,1790750104,615358301,0.1459999978542328,0.1252378005116966,-0.6086389487253587,0.3753852907966814,-2.683593835057808
0.10130448995872746,-0.657470649242325,0.234474802373289,1790750104,665508643,0.1509999930858612,0.12832530809468048,-0.6085872321239859,0.37476480497514353,-2.6689127474430276
0.11214387056745105,-0.6562580954245739,0.23542259431251147,1790750104,715953634,0.14800000190734863,0.13143680755897402,-0.6085033190236839,0.37417152035418333,-2.6541494395625524
0.12223287983720346,-0.6567972079485533,0.23240820788636696,1790750104,765436149,0.15000000596046448,0.1345580995974374,-0.6084843736918534,0.3738789143668464,-2.6399106862472443
0.13286101042954762,-0.6573080826207018,0.2297579519558616,1790750104,816276948,0.15199999511241913,0.13775634180246324,-0.6084307239714609,0.3736017493765299,-2.625323150933525
0.14326676213952663,-0.6573144526656107,0.22971986055564067,1790750104,865180100,0.15199999511241913,0.1408595885722764,-0.6084416649520125,0.3736283545742153,-2.6117374420347037
0.1539539885171994,-0.6572956722233254,0.23008813403419914,1790750104,915389534,0.15199999511241913,0.144028256523914,-0.6084193280207671,0.3736728871800884,-2.5978678337623733
0.1642143771661289,-0.6567965050510898,0.2330865573663936,1790750104,965357514,0.15000000596046448,0.14715432447980908,-0.6084748037568636,0.37406162457514136,-2.5847824554825616
0.17457806710814355,-0.6569179283334586,0.23459839079335168,1790750105,15472227,0.15000000596046448,0.15026264258421532,-0.6085006335482733,0.3744716458639512,-2.5717947264836982
0.18556150333626123,-0.6588061133313335,0.2321515040247831,1790750105,65231863,0.1550000011920929,0.1532488119001806,-0.6085947024042319,0.37518892763977685,-2.5598655391630922
0.19527612713870723,-0.6584023477092356,0.23659490005035624,1790750105,115834457,0.15299999713897705,0.15624859180702916,-0.6086583238896804,0.3759196383587455,-2.5479127228229395
0.20602729814022427,-0.6600835609185955,0.23615672165964333,1790750105,165306250,0.15700000524520874,0.15907331451572612,-0.6087799978895984,0.3769127854342305,-2.537210606598802
0.21542514716879252,-0.6600992757622152,0.24061839534624635,1790750105,215524222,0.15600000321865082,0.16190893723182684,-0.6088698589644017,0.37790482268980274,-2.5265239140588056
0.2242016843331906,-0.6602424426075424,0.2455628684090961,1790750105,265535184,0.1550000011920929,0.1645748538746205,-0.6090163503768604,0.3791500269752824,-2.517112693860696
0.23396365245507178,-0.6613291281189817,0.24820265739542635,1790750105,315344339,0.15700000524520874,0.16719762099980326,-0.6091299802076051,0.38036372446147226,-2.507969692073691
0.24098169393282376,-0.6608766060048503,0.2554568367235386,1790750105,365463199,0.15399999916553497,0.169628279892994,-0.6092970491516453,0.3818065077269583,-2.50026460785714
0.2505444328787314,-0.6623736282784227,0.2579817607953624,1790750105,415349152,0.15700000524520874,0.17201854683749676,-0.6094310399209751,0.3832006459782631,-2.4928687872234567
0.2568987060483111,-0.66229636781959,0.2647533966263871,1790750105,465120566,0.1550000011920929,0.17415788441546787,-0.6096115466530558,0.38476700595350105,-2.4871918406808775
0.265278962335716,-0.6635209423051023,0.2686460643873274,1790750105,515537715,0.15700000524520874,0.1763018919154648,-0.6097627615267694,0.3862986911571081,-2.4817602264785634
0.2723978906313729,-0.6645116268347783,0.2734661563052891,1790750105,565966076,0.15800000727176666,0.17817290984439885,-0.6099550402647994,0.38796172021675723,-2.478241442448362
0.2767457070416451,-0.6640298059643743,0.28109391070997464,1790750105,615263183,0.1550000011920929,0.17999173222747922,-0.6101126932777537,0.3895218300238986,-2.475128124159785
0.280937827270051,-0.6639774882059054,0.2879740002999531,1790750105,665375229,0.15299999713897705,0.1815708125256439,-0.6103063404858304,0.3911951386763615,-2.4739578472416928
0.28754015255487897,-0.6652507894970855,0.2921656722464537,1790750105,715296190,0.1550000011920929,0.18314285327990043,-0.6104706570160576,0.3927904274461579,-2.4731702586623614
0.29280917073750157,-0.6662405394198163,0.296922639527884,1790750105,765354217,0.15600000321865082,0.18444968611314783,-0.6106575421176135,0.3944149649030992,-2.474398034698103
0.29944255269720377,-0.6678793746249858,0.300552568517636,1790750105,815860487,0.1589999943971634,0.18577668507788128,-0.6108187848374937,0.39597351930805835,-2.476028817154207
0.29967572832284517,-0.666673492998738,0.30867852470895396,1790750105,865527030,0.15399999916553497,0.18687391463628075,-0.610991336221774,0.3975112213283406,-2.4794921120464255
0.30568253844968885,-0.668276885981494,0.31215833027348905,1790750105,915692196,0.15700000524520874,0.1880138254188797,-0.6111395887657827,0.3989823182465839,-2.4833280205553505
0.3088438615982172,-0.6688276320093767,0.3170073514094264,1790750105,965197248,0.15700000524520874,0.18891412656464543,-0.6112990133435143,0.4004118976654347,-2.4890262725999093
0.3096419642571971,-0.6682009408006009,0.3233804227448105,1790750106,15412091,0.15399999916553497,0.18986095489647684,-0.6114384404884228,0.4017802192867774,-2.495146889833762
0.3104918482572603,-0.6680043832505947,0.32877953991392844,1790750106,65423599,0.15199999511241913,0.19052316252725487,-0.6115954948169847,0.40314048573951067,-2.5037929097497997
0.31600943374743,-0.6699752805432206,0.33116468524619597,1790750106,115233449,0.15600000321865082,0.19119926773272256,-0.61173550067917,0.4044214358224204,-2.5128804804681133
0.3165858811074908,-0.6696483940238018,0.3361773576399441,1790750106,165505532,0.15399999916553497,0.19185929262942486,-0.6118597420697647,0.4056017739136379,-2.522269332084011
0.31793793349608723,-0.669610745181203,0.3405796280507145,1790750106,215495948,0.15299999713897705,0.19257841417277569,-0.6119645549499668,0.4066924618379558,-2.5316452818642583
0.3170227024223746,-0.6689490009191665,0.3455590720872711,1790750106,265246066,0.15000000596046448,0.19298142608625352,-0.6121004160296473,0.40786478570251294,-2.5440670557317895
0.3226976968117172,-0.6713020706129028,0.34724864914106224,1790750106,316081133,0.1550000011920929,0.19338955549114584,-0.6122311471160986,0.4090145859914221,-2.5573306139342518
0.32244559976333564,-0.6709059730450903,0.35143256887256813,1790750106,365451916,0.15299999713897705,0.1938100258602052,-0.6123394129695233,0.4100145310457001,-2.5696979098766084
0.3247384623380993,-0.6715985714594354,0.35439785200901386,1790750106,415098997,0.15399999916553497,0.19428768018105308,-0.612434725519113,0.41095076980420325,-2.582049000248509
0.3234426415612831,-0.67084159562074,0.35892416376408953,1790750106,465805137,0.1509999930858612,0.19464353166961612,-0.6125601022413695,0.4119812531350192,-2.5956960798218787
0.3229235426884528,-0.6704330741574974,0.36295484027292574,1790750106,515756442,0.14900000393390656,0.1950044519235375,-0.6126765605833455,0.4129737619920145,-2.6093388064681347
0.3273998182704,-0.6723570137653379,0.3648592374605549,1790750106,565243448,0.15299999713897705,0.19529614550458377,-0.6127899191961693,0.41394467329336426,-2.6227921723029786
0.3284391889915016,-0.6727032309553354,0.36812406722793345,1790750106,615534837,0.15299999713897705,0.19561164433019496,-0.6128915187345387,0.4149044219186814,-2.6364528301958043
0.32940308541399027,-0.673008300477083,0.37118164493716405,1790750106,665440835,0.15299999713897705,0.19592430228936952,-0.6129825864809739,0.41578351977841654,-2.649080052380321
0.3277460128538797,-0.6721002186753827,0.37507130659496685,1790750106,716031975,0.15000000596046448,0.19626966970253587,-0.6130612065320892,0.4166449523917153,-2.661710974845129
0.3294245428875451,-0.6729072678376109,0.3780959602481627,1790750106,765448833,0.1509999930858612,0.1964760125745376,-0.613207225243932,0.41761293272650934,-2.673422819194166
0.3301940983244526,-0.6733192067133109,0.3815154009081966,1790750106,815306220,0.1509999930858612,0.19667851323682667,-0.6133432563788979,0.4186297085552896,-2.685129328116102
0.33355494081324644,-0.6748548230515757,0.3839752346656128,1790750106,865469747,0.15399999916553497,0.19689026539654197,-0.6134423519888381,0.4195740356875576,-2.695889843969261
0.3315710978072739,-0.6739590872739836,0.38779176921575464,1790750106,915694376,0.1509999930858612,0.19712090421616701,-0.6135173644399438,0.4205170117067908,-2.7064777507698166
0.33482031074699875,-0.6755127998296798,0.3902509086549284,1790750106,965455096,0.15399999916553497,0.19728662662805718,-0.6136306203105412,0.4214130865893583,-2.7154569960628314
0.33357406492281866,-0.6750446320344201,0.39375806928767265,1790750107,15196362,0.15199999511241913,0.1974534717230214,-0.6137324849355262,0.42232383969972953,-2.72415996379075
0.33401497014182485,-0.6754001254672823,0.3967728738487816,1790750107,65177306,0.15199999511241913,0.19757017570773522,-0.6138506376760815,0.42320159191559814,-2.7315825899464476
0.3299297811619887,-0.6737119333371505,0.40065076772007646,1790750107,116051725,0.1469999998807907,0.1976885730770673,-0.6139561377874624,0.4241136692332498,-2.738881592793051
0.33476673566402115,-0.676012374196812,0.40250267927270117,1790750107,165481397,0.15199999511241913,0.19780249965762028,-0.6140254717737932,0.4249174176686208,-2.7451383158726124
0.3314780025768038,-0.6746193441226035,0.4056772215180721,1790750107,215300433,0.14800000190734863,0.19792468525996737,-0.6140771903038763,0.4257311390713374,-2.751300669549775
0.3362160928555048,-0.676931526090776,0.4074074007787666,1790750107,265147181,0.15299999713897705,0.1979902973625516,-0.6141583660799036,0.4264378754737572,-2.7560813410634
0.33280046932003393,-0.6755513006398948,0.4102973017032105,1790750107,316186388,0.14900000393390656,0.19805129791449871,-0.6142371840825736,0.42715675272099557,-2.7607081254352863
0.33111013473545614,-0.6749747964771025,0.4125326782095035,1790750107,365388513,0.1469999998807907,0.1980721861907828,-0.6143247601379254,0.4277470564101996,-2.7640916758422707
0.33211623275592556,-0.6756330346645147,0.41446840743998115,1790750107,415931042,0.14800000190734863,0.19808994021693938,-0.6144095511218675,0.42834783594883885,-2.7673806165290924
0.3340045519697037,-0.6766493360274046,0.4159531965627547,1790750107,465379631,0.15000000596046448,0.19810982492085843,-0.6144688987376703,0.4288457590278602,-2.7700695479314126
0.33497935976053594,-0.6772403647391695,0.4175051164368845,1790750107,515094156,0.1509999930858612,0.19813216445522605,-0.6145201717767963,0.42933813987821945,-2.7726817873080654
0.3341242287258718,-0.676963341288245,0.4189211499446675,1790750107,565432360,0.15000000596046448,0.19815235064906506,-0.6145577949675523,0.4297469500915976,-2.7748127417973736
0.3323551248236897,-0.676256204636498,0.42031987406040683,1790750107,615184710,0.14800000190734863,0.19817293317479348,-0.6145897773205707,0.43013780413571084,-2.776819658511767
0.33057279634497205,-0.6755155193728494,0.4214143581354974,1790750107,665517664,0.1459999978542328,0.19818977423206444,-0.614612143043755,0.43044284535131,-2.778366651497143
0.32878619993704084,-0.6747651029476094,0.42243520144642577,1790750107,715684024,0.14399999380111694,0.1982063880077529,-0.6146313149809737,0.430732097011468,-2.7798181622800855
0.3315244191995872,-0.6760763551517893,0.4229016574255618,1790750107,765439198,0.1469999998807907,0.19821849743433664,-0.6146436922803595,0.43093652642229197,-2.7808350010636755
0.3324470116091658,-0.6765480880338334,0.42344668158484655,1790750107,815395512,0.14800000190734863,0.19823013366527736,-0.6146544432932739,0.431128281698102,-2.781782225042123
0.336084401640656,-0.6782563936827074,0.4236396046035267,1790750107,865159222,0.15199999511241913,0.19823794226649485,-0.6146610676881799,0.43125450209679217,-2.7824024274178707
0.3342793449163735,-0.6774513317505244,0.4241024783264413,1790750107,915518760,0.15000000596046448,0.19824519855698752,-0.6146668291949444,0.43137014997979106,-2.782968371172221
0.33337706811859635,-0.6770498031365388,0.4243477042044719,1790750107,965799334,0.14900000393390656,0.19824921418834274,-0.6146698507609759,0.4314333097629765,-2.783276399564682
0.3333808877795936,-0.6770640540104998,0.42451328683210776,1790750108,15379285,0.14900000393390656,0.19825262363117668,-0.6146723292706907,0.431486527436856,-2.783535389325918
0.33701020447191954,-0.6787456819018989,0.4244037047572329,1790750108,65342820,0.15299999713897705,0.19825418303380565,-0.6146734461721508,0.4315110423589129,-2.783654658521769
0.3324770111005305,-0.6766568646479619,0.4246949440389934,1790750108,115463625,0.14800000190734863,0.1982553908553582,-0.6146743037668384,0.4315301009467582,-2.783747364336497
0.33610481953645305,-0.6783328651562068,0.4245195235647141,1790750108,165260374,0.15199999511241913,0.1982555784484752,-0.6146744361056378,0.43153305737141,-2.783761739730835
0.33429102351246476,-0.6774952587639339,0.4246118064066963,1790750108,215709485,0.15000000596046448,0.1982555784484752,-0.6146744361056378,0.43153305737141,-2.783761739730835
0.33066082033864885,-0.6758103419645632,0.42468281626133025,1790750108,265399094,0.1459999978542328,0.19825320779696748,-0.6146727609965423,0.43149601725841247,-2.7835816801105024
0.33519220847700054,-0.6778922248876603,0.4243116982260996,1790750108,315702974,0.1509999930858612,0.19825041134150778,-0.6146707381369295,0.4314521269428401,-2.783368029113725
0.33064876477908883,-0.6757661771056734,0.4241707348405116,1790750108,365262517,0.1459999978542328,0.19824265079804199,-0.6146648287036998,0.43132933647313815,-2.782768903444596
0.33426581772011177,-0.6774022143449008,0.4235426088434824,1790750108,415119895,0.15000000596046448,0.19823408231834724,-0.6146578157418588,0.43119173922976084,-2.7820945791313045
0.33424470557809643,-0.6773291625432502,0.4227275718960223,1790750108,465364506,0.15000000596046448,0.19821832869984318,-0.6146435001157619,0.430933320340971,-2.78081928466105
0.33240653600394426,-0.6764133192552388,0.421965773319543,1790750108,515255838,0.14800000190734863,0.19820198407824563,-0.6146264771254084,0.43065628231620523,-2.7794392981595175
0.3359902983998799,-0.6779486803841459,0.420318820091931,1790750108,565286355,0.15199999511241913,0.1981773242724261,-0.6145959578821916,0.4302190841243467,-2.7772339030457
0.3323125773255702,-0.6761348677916766,0.4191011405952655,1790750108,615438587,0.14800000190734863,0.19815292255517986,-0.6145587451828954,0.429758003216752,-2.7748697381802248
0.332232081508133,-0.675919900068425,0.4170414916259476,1790750108,665476558,0.14800000190734863,0.19812227129899684,-0.6144987029768907,0.4291243686876238,-2.771553434132773
0.3321339842448866,-0.675677261297178,0.41484887389402925,1790750108,716503265,0.14800000190734863,0.19809385013557593,-0.6144241222904687,0.4284612202883129,-2.767993507946964
0.33109519431013645,-0.674939088624092,0.41224673647441945,1790750108,765581556,0.1469999998807907,0.19807014617978,-0.6143118496068396,0.427663429505474,-2.763629141486821
0.3372621557013633,-0.6774523728558782,0.4086080502947709,1790750108,815589509,0.15399999916553497,0.19805303969243673,-0.6141753130011821,0.4268518289369052,-2.7590339278123683
0.3342126918967546,-0.6759090878330868,0.40568616047904116,1790750108,865602859,0.1509999930858612,0.19792302569448014,-0.6141039874621296,0.42584191316998865,-2.751948395364285
0.3347260833591055,-0.6759898084039002,0.4022135400186241,1790750108,915705896,0.15199999511241913,0.1977850434287044,-0.6140230202225745,0.4248247597877217,-2.7443898531029287
0.3342291061355599,-0.6755800175238106,0.398347268736435,1790750108,965501468,0.15199999511241913,0.1976293174662278,-0.6139075215165978,0.42366523638610176,-2.735326354717133
0.33188692883373266,-0.6743051170105906,0.3947638457321982,1790750109,15847024,0.15000000596046448,0.19748648525902757,-0.6137526242160419,0.4225112450955262,-2.725883719349578
0.33385973445362055,-0.6751094976457143,0.39021311747609855,1790750109,65299696,0.15299999713897705,0.19725035137430616,-0.6136401431207157,0.4213321475621432,-2.7143806382121936
0.3330850723725911,-0.6746640503665869,0.386179381001281,1790750109,115517687,0.15299999713897705,0.19701979789954,-0.6135020755318705,0.4201566239944634,-2.7023096417716785
0.33393239184283524,-0.6750097473382694,0.3814388617053238,1790750109,165429417,0.1550000011920929,0.19673542370949273,-0.613373889938034,0.4188956820069091,-2.688166451596556
0.32854985893375055,-0.6725255983267543,0.3784229374521663,1790750109,215528342,0.15000000596046448,0.19647231142580343,-0.6132127176500842,0.4176339743966344,-2.673576367636528
0.32653998285590136,-0.6717252077810693,0.3746842174117214,1790750109,265339257,0.14900000393390656,0.196094784893274,-0.6130840158261595,0.416472518488728,-2.6579342415995457
0.3297282846783255,-0.6732424522958463,0.36919054352045266,1790750109,315426710,0.15399999916553497,0.19573864931662432,-0.6129377970281025,0.4153004764163235,-2.6419999213621734
0.32755977764424143,-0.6724132648246505,0.3653649530197593,1790750109,365284181,0.15299999713897705,0.1953424161614431,-0.6128066419402695,0.4140950151516015,-2.6249028711888527
0.32624189244514523,-0.6719142975513978,0.3611532049446735,1790750109,415675728,0.15299999713897705,0.1949877758605227,-0.6126558808343222,0.41282327415599473,-2.6073825528238954
0.3263532409983382,-0.6722868452624999,0.35634365279932256,1790750109,465119687,0.1550000011920929,0.1944688685733081,-0.612528190441949,0.4116646782204316,-2.5912425516945112
0.32215707259022963,-0.6706695092637756,0.35317527942554505,1790750109,516014180,0.15199999511241913,0.19397619724521886,-0.6123840802096048,0.4104157412504944,-2.5748196849557847
0.3195767808376499,-0.6698349917546925,0.3493577945114599,1790750109,565593557,0.1509999930858612,0.19345275103476864,-0.6122481039002513,0.40916981140983966,-2.5591904706618536
0.3195186484980328,-0.6700614019934306,0.34425191400323574,1790750109,615259916,0.15299999713897705,0.1930015831290111,-0.6120943711106155,0.40783064177887185,-2.543596002732612
0.31555890537556863,-0.6688708386579146,0.34049473891915927,1790750109,665299507,0.1509999930858612,0.1922554020633661,-0.6119615506162354,0.4065142581347441,-2.5307111902622106
0.313203548028274,-0.6683640912164979,0.33580754707507493,1790750109,715298932,0.1509999930858612,0.19155042173543074,-0.6118109632751655,0.4051130915513934,-2.5183721492897115
0.3136988201068137,-0.6693357993310263,0.32896737190509384,1790750109,765297450,0.1550000011920929,0.19073788771955782,-0.6116576657134499,0.403659020557393,-2.50759309778218
0.31019445378632093,-0.6683361465149238,0.32440179607862507,1790750109,815085753,0.15399999916553497,0.19000431866628764,-0.6114772237906195,0.4021024657632842,-2.4971518730356794
0.30525632775233924,-0.6670300768314069,0.3200123773322541,1790750109,865513763,0.15199999511241913,0.18898554126219264,-0.6113091710011436,0.40051258464001893,-2.489433468449801
0.3032976255441173,-0.6670925785701166,0.31343578134069544,1790750109,915743781,0.15399999916553497,0.18801141584337844,-0.6111115933765159,0.3988244157868317,-2.4823115769914206
0.29836243975930493,-0.6661791553409164,0.3083499448150693,1790750109,965365010,0.15299999713897705,0.1867273908276619,-0.6109517253491281,0.3972124563205336,-2.478429364682694
0.2947245959988708,-0.6658956650513337,0.3020310314601407,1790750110,15310259,0.15399999916553497,0.1854559110524711,-0.6107618328061919,0.39550089170949476,-2.47509655607949
0.2911342743394821,-0.666025605392533,0.2949580241747027,1790750110,65377564,0.15600000321865082,0.1839625282450105,-0.6105952634414403,0.3938402522769563,-2.4739870947306173
0.2840216487752656,-0.6642939680032461,0.29111979169176255,1790750110,115260738,0.15299999713897705,0.18249669450753708,-0.6103966255553336,0.3920987957595145,-2.4732942917119938
0.2796740150910166,-0.6644196674353823,0.2840980933485494,1790750110,165297061,0.1550000011920929,0.18081172521097855,-0.6102321828560825,0.39046991538893877,-2.4747121245013606
0.2744372174363396,-0.6641092303977157,0.27773501699606107,1790750110,215558071,0.15600000321865082,0.1791238896420111,-0.6100360782988561,0.38876413376766983,-2.4765259700382534
0.26694546482429693,-0.6628720544428502,0.27380622101235275,1790750110,265246689,0.15399999916553497,0.1772609323455053,-0.6098818253528442,0.38722897004460827,-2.48010790062044
0.2620102609022623,-0.6632723661401863,0.2661523481822793,1790750110,316248849,0.15700000524520874,0.17534111011603656,-0.6096931995285226,0.3855957776967973,-2.4841149722797797
0.2532059447037124,-0.6614283019728447,0.2644602935555721,1790750110,365217252,0.15299999713897705,0.17337715198248002,-0.6095579145392148,0.38423435537482675,-2.489313811130817
0.2483103596093963,-0.6622356627605247,0.2565687779216723,1790750110,415279584,0.15700000524520874,0.17136279156728204,-0.6093930677625362,0.38280559336502207,-2.4948518931123895
0.24014034798495548,-0.6611242541659982,0.25386147879996257,1790750110,465719483,0.1550000011920929,0.16924721357409533,-0.6092707690369448,0.3815735766721828,-2.5014471791543635
0.2324695628527665,-0.6603214861295741,0.25061641728123907,1790750110,515830686,0.15399999916553497,0.1671317079264639,-0.6091268955297943,0.38033179165889386,-2.5081964161799797
0.22502201925264892,-0.6596393147786183,0.2479922242523919,1790750110,565353127,0.15299999713897705,0.16504902597843046,-0.6090291650545592,0.3793347228854157,-2.5153874398781917
0.2181936106228546,-0.6595873835653838,0.2438030605854108,1790750110,615760406,0.15399999916553497,0.1629273481449953,-0.6089103764666666,0.378315070927349,-2.522800262716974
0.2126066911698338,-0.6606192307489723,0.23749235803703522,1790750110,665422838,0.15800000727176666,0.16089366576872555,-0.6088326200337574,0.3775206132299549,-2.5302921030609786
0.20402570001863163,-0.6586818205695492,0.23934104681291662,1790750110,715657135,0.15299999713897705,0.15884034685674117,-0.6087378701537156,0.37671966524032324,-2.5379036427820862
0.19781176948954143,-0.6587890997227689,0.23634488315149235,1790750110,765649736,0.15399999916553497,0.15692129028881424,-0.6086740786377818,0.37610343607535085,-2.5452724417232444
0.19187063863191606,-0.659208791268416,0.23260963733518603,1790750110,815291178,0.15600000321865082,0.15503081381629877,-0.6085979181250333,0.3754989925420667,-2.552553297776843
0.18581588198620497,-0.659074635413954,0.2311339236919034,1790750110,865448936,0.15600000321865082,0.1532623708147352,-0.6085649337841912,0.3750958629532943,-2.5596503524420675
0.17833265231270898,-0.6563537433568456,0.23724693423326762,1790750110,916017326,0.14800000190734863,0.1514990503130948,-0.6085254231910986,0.3747111483343358,-2.5667576996831705
0.17389134739450116,-0.6575610112886734,0.23258359724295377,1790750110,965344684,0.15199999511241913,0.14996320514757666,-0.6085041071797911,0.3744457228510184,-2.573070104363749
0.16900538749074467,-0.6581133088314746,0.2298621918905947,1790750111,15438776,0.15399999916553497,0.1484294051101174,-0.6084746862036811,0.3741834856613768,-2.579376079444291
0.16437853078296674,-0.657406543790621,0.23113635779194183,1790750111,65000430,0.15199999511241913,0.14713155402643865,-0.6084554625845198,0.37400109086378464,-2.584776921157665
0.16003577473171648,-0.6573398485109712,0.23060746678908622,1790750111,115909220,0.15199999511241913,0.14583636570329184,-0.6084304788398807,0.37382146350657036,-2.59016646113888
0.1568019588945202,-0.6586034496914347,0.22651704052070756,1790750111,165544014,0.15600000321865082,0.1447837474675066,-0.6084261888845836,0.37373730439846287,-2.5946516314587913
0.1531299544035768,-0.6576178395115742,0.22909366421976968,1790750111,215217039,0.15299999713897705,0.1437649693219803,-0.6084210842211377,0.37366536078531937,-2.599005481380699
0.15047380975482608,-0.6582529690413289,0.22704922645895667,1790750111,265375816,0.1550000011920929,0.14295056577321252,-0.6084206549050285,0.37362733409226934,-2.6025196847234664
0.1478516656953,-0.6582449814903376,0.2269307839286576,1790750111,315222019,0.1550000011920929,0.1421811435751145,-0.6084188164805965,0.3735943405092047,-2.6058430239239083
0.14581467951885554,-0.6575937023007916,0.2287481466110866,1790750111,365292898,0.15299999713897705,0.14159862481894178,-0.6084152903415654,0.373567716436656,-2.608354635722885
0.1439454567220512,-0.657262558260352,0.22963485918177015,1790750111,415745112,0.15199999511241913,0.14104899413890554,-0.6084102813916329,0.3735413012315335,-2.61072084972466
0.14273885384840648,-0.6572552150501448,0.22960125542752388,1790750111,465481600,0.15199999511241913,0.14068836019521994,-0.6084061088467823,0.3735233135460982,-2.6122709460702644
0.1416301286698682,-0.6572477833006551,0.22957426223225832,1790750111,515601016,0.15199999511241913,0.14035663192052023,-0.6084016522229087,0.37350630244200606,-2.6136953008249804
0.14100265603339449,-0.657885888037783,0.22766649833954677,1790750111,565282116,0.15399999916553497,0.1401654684246296,-0.6083988053717037,0.37349628785147443,-2.6145152882725364
0.1404346389969806,-0.6575603273684894,0.2286022765776304,1790750111,615257439,0.15299999713897705,0.13999766945743206,-0.6083961416204425,0.3734873725049895,-2.6152346318938906
0.14018467062148632,-0.6565944453978795,0.23143858209864945,1790750111,665397244,0.15000000596046448,0.13992463419620998,-0.608394930092561,0.3734834373153354,-2.61554756992138
0.14000381555433794,-0.6569143272899568,0.2304882928659101,1790750111,715385817,0.1509999930858612,0.13986963615824374,-0.6083939967627248,0.37348045150878095,-2.61578315648111
0.13994804518081308,-0.6569817602565475,0.23052127252423746,1790750111,765301232,0.1509999930858612,0.13985254509442496,-0.6084152425015412,0.3734977815906442,-2.615871095718609
0.13991662785353348,-0.6580276695414874,0.22772061102763078,1790750111,815247351,0.15399999916553497,0.13984231206930664,-0.6084405002176838,0.37351878268489613,-2.6159324052403177
0.1399131412453262,-0.6604061399948571,0.2289111694521452,1790750111,865429573,0.15399999916553497,0.1398352622743572,-0.609179047593655,0.37414125821466493,-2.616494857984202
0.13991663108326366,-0.6632035822949445,0.23032631984438698,1790750111,916146529,0.15399999916553497,0.13983492302489256,-0.6100334892808553,0.37485636611730244,-2.6171567116083674
0.13991843854270578,-0.6701678600351944,0.2341622441994206,1790750111,965790776,0.15399999916553497,0.1398173136394208,-0.6121772386116506,0.3768264560524636,-2.6194197444758203
0.1399377739871583,-0.6799824469466433,0.232863855902039,1790750112,15298125,0.1599999964237213,0.1398372964528358,-0.6143408825484737,0.37877880984171197,-2.621936919076546
0.13994139487083568,-0.6893813860334733,0.23777346729941426,1790750112,65314374,0.16099999845027924,0.1398270104203429,-0.6169434785523046,0.38155711023885663,-2.6263949578394534
0.13996180402423553,-0.6977025224960826,0.24462091340945064,1790750112,115268734,0.1599999964237213,0.13984748415857717,-0.6193708061426656,0.3841348123575016,-2.6312079183545567
0.13996994334994442,-0.7037689175162161,0.2492108594864519,1790750112,165136696,0.1599999964237213,0.13985233993896842,-0.6210520111588642,0.38617033680619656,-2.6354339982969224
0.13998187858853664,-0.7097683855057216,0.252678941578949,1790750112,215441214,0.16099999845027924,0.13985860262565764,-0.6225249908590957,0.3879918175167546,-2.6395861382287884
0.1399794901956101,-0.7065620349154029,0.2616079556104577,1790750112,265461760,0.15199999511241913,0.13986126331100396,-0.6229845843102847,0.388567769279698,-2.640979249905722
0.13997983604247546,-0.7059153202113364,0.2649505714831111,1790750112,315434018,0.14900000393390656,0.13986264398007756,-0.6232640339050617,0.3889253766261033,-2.641858351634715
0.13990641643587357,-0.7038518006852365,0.2684106762851484,1790750112,365368739,0.14499999582767487,0.13984393874189469,-0.6233081888499533,0.38898315025450314,-2.6420149762494005
0.13982228648750272,-0.7049647340244881,0.2667511146718182,1790750112,415453442,0.1469999998807907,0.1398214024594781,-0.6233090244335917,0.3889859094537384,-2.6420371010980763
0.139441150869411,-0.7066386607579779,0.264271264795135,1790750112,465518376,0.15000000596046448,0.1397218393224189,-0.6233122737577547,0.38899750995476756,-2.642133813149213
0.1390166489953385,-0.7049801859635193,0.2667826914063618,1790750112,515311245,0.1469999998807907,0.13960772167591778,-0.6233157933241197,0.3890102561079328,-2.6422445603771214
0.13803784936921848,-0.7066634945674868,0.2643264548577717,1790750112,565336762,0.15000000596046448,0.1393547927703459,-0.6233228965974487,0.3890365674317489,-2.6424897851222116
0.13701805057971703,-0.705012605058054,0.2668630998445281,1790750112,615320428,0.1469999998807907,0.1390764635193607,-0.623329566437877,0.38906229829892486,-2.6427592504773867
0.1352674446540069,-0.7050341284930892,0.2669359225960276,1790750112,665544160,0.1469999998807907,0.1386094548454682,-0.6233380506470666,0.38909803537003473,-2.6432106385493617
0.1334565209712766,-0.7039383467749313,0.2686775870965733,1790750112,715700187,0.14499999582767487,0.13810727838627457,-0.6233434033409647,0.38912601729957885,-2.643694568116201
0.1306564557301268,-0.7067242204795252,0.2646349269462326,1790750112,765335740,0.15000000596046448,0.1374061598431559,-0.6233429627449906,0.3891419915696227,-2.644355380081592
0.12803975002547222,-0.7050473941512971,0.2672440646078713,1790750112,815417369,0.1469999998807907,0.13665914070105023,-0.6233340395311731,0.3891359582926446,-2.645054011465852
0.12457111984230566,-0.7040086562820285,0.26928939234231064,1790750112,865521665,0.14499999582767487,0.13569536630703583,-0.6233607232021762,0.3892775618448301,-2.646379221017799
0.12105257899128323,-0.7029584691325346,0.2713838390811114,1790750112,915248700,0.14300000667572021,0.1346927697314982,-0.6233802631512103,0.38941034558969406,-2.647809650511095
0.11587090324190116,-0.7063924063095677,0.2671159384923396,1790750112,965201125,0.14900000393390656,0.13347271338988811,-0.6234093760852408,0.3896108124528725,-2.6497444164931676
0.11192541464338661,-0.7031112325762502,0.2727789659343735,1790750113,15614570,0.14300000667572021,0.13218764984617873,-0.6234190556814786,0.38977298576280406,-2.65179462189899
0.10569877488353324,-0.7060505499075803,0.2698707774589431,1790750113,65435864,0.14800000190734863,0.13071966311681005,-0.6234644133795733,0.39011006292742234,-2.654619074016704
0.0998530579750868,-0.7067233435871839,0.27035845644257,1790750113,115403021,0.14900000393390656,0.12919453862400154,-0.6234850257246058,0.3904062016318985,-2.6575923382957796
0.09447925124950007,-0.7041823891010769,0.27631083697829517,1790750113,166494154,0.14399999380111694,0.12747602280580003,-0.6235634691305796,0.3909746979998639,-2.661621279734434
0.08626391863922547,-0.7088646204836845,0.2720023763360832,1790750113,215188157,0.15199999511241913,0.12578843900076808,-0.6236077377171015,0.3914723505776916,-2.6656295418138876
0.08147361948357712,-0.7047443372544142,0.28109058475170234,1790750113,265377638,0.14399999380111694,0.12394068777224272,-0.6237230571319013,0.39230253776484225,-2.670801314528592
0.07263316883351205,-0.7084382967258163,0.27952714076906054,1790750113,315314044,0.15000000596046448,0.12205524013752732,-0.6237988155787105,0.3930772129280378,-2.6761398510390695
0.06636108519741926,-0.7072317033625752,0.28563973649987856,1790750113,365519155,0.1469999998807907,0.12013475072181547,-0.623946307177145,0.39417975512553927,-2.6824354837611395
0.05879556015658938,-0.7082153297010102,0.28895064962033745,1790750113,415509080,0.14800000190734863,0.11819081866097857,-0.6240466015453653,0.3952136677989735,-2.6888714973033085
0.05287570864718884,-0.7070909507551516,0.29589239063805667,1790750113,465081864,0.14499999582767487,0.11628499727929285,-0.6242191724626158,0.3965727227185035,-2.696136790353806
0.04478627046382243,-0.7087552924377,0.29965857324798517,1790750113,515751014,0.1469999998807907,0.11431656818553426,-0.624342576567674,0.39788805488730183,-2.703727307995368
0.0363230064503164,-0.7111844556076775,0.303639775636885,1790750113,566012366,0.15000000596046448,0.11247553800869604,-0.6245421854101334,0.39952465838909534,-2.7119770348538994
0.02855885103920966,-0.7129575223610465,0.3084763847348459,1790750113,615382465,0.15199999511241913,0.11067011937493997,-0.6246848739352462,0.4010489382610839,-2.7202007526735597
0.022690031773389616,-0.7132070944110533,0.316043790172032,1790750113,665195315,0.1509999930858612,0.10901618980721983,-0.6249219363107332,0.40296055040991585,-2.729214883252055
0.01777045586445143,-0.7127896032449905,0.3242856488282093,1790750113,715254490,0.14900000393390656,0.1073841832187354,-0.6251113482959426,0.4048021356558521,-2.738407310472955
0.013545356439088233,-0.7124711671457162,0.33281862171548066,1790750113,765244924,0.1469999998807907,0.10594762979677567,-0.6253530974506976,0.40685416571900335,-2.747926141727399
0.010375877103631026,-0.7114703118696319,0.34184098574348304,1790750113,815993084,0.14399999380111694,0.10453565867300746,-0.6255477574831187,0.4088279128056026,-2.757655046407677
0.0020880877872423015,-0.7159400238071323,0.34683316858464686,1790750113,865461470,0.15000000596046448,0.10339974976230677,-0.6257933974839277,0.4109388212100915,-2.767278724033267
0.00014050197520804053,-0.7149575353006115,0.35589573820287207,1790750113,915753683,0.1469999998807907,0.10230741945205302,-0.6260012239673969,0.4129719645341584,-2.777087407533647
-0.004459768367582495,-0.7170381539733218,0.3627578754798825,1790750113,965406893,0.14900000393390656,0.10147347096082258,-0.6262428978997265,0.4150586541760479,-2.7865666438003167
-0.005126857815676969,-0.716012237943217,0.3712720174733509,1790750114,15299938,0.1459999978542328,0.10070490837604305,-0.6264528431590097,0.4170404721562829,-2.796055061065279
-0.008752938860117687,-0.7180324751403477,0.3777316587097709,1790750114,65577485,0.14800000190734863,0.1001345642719822,-0.6266704839931828,0.4189687633590732,-2.805007808415979
-0.009832479728664661,-0.7181427686523325,0.38479145080183397,1790750114,115207677,0.1469999998807907,0.09963382671812618,-0.6268594174814077,0.42075639924966796,-2.8137305149416174
-0.008869635756125718,-0.7169419246439326,0.39150260261116165,1790750114,165163685,0.14399999380111694,0.09929282124393793,-0.6270426523141878,0.4224057083614498,-2.8215929593059537
-0.010672624728939067,-0.7181999462195866,0.3971730731454299,1790750114,215926974,0.14499999582767487,0.0989970359580373,-0.627209628533445,0.4239746850783758,-2.829408030995481
-0.012085900323695303,-0.7193464533228614,0.40174101713056704,1790750114,265624870,0.1459999978542328,0.09881774775796746,-0.627348752539243,0.4252527858037761,-2.835751067774186
-0.014119494964670048,-0.7210993846066384,0.40601689447653166,1790750114,315621555,0.14800000190734863,0.09866825583133526,-0.6274749345274508,0.426446925859844,-2.8419089078268542
-0.012857931093879837,-0.7202274154331032,0.40983046534813017,1790750114,365460710,0.1459999978542328,0.0986036512509004,-0.6275839534532475,0.42742319074872615,-2.846720434690572
-0.01379807379900895,-0.7212334772397371,0.41306543591439787,1790750114,415394635,0.1469999998807907,0.098560939304864,-0.6276857743060839,0.4283389232409104,-2.8513066544361663
-0.013883261650717016,-0.7214746270609128,0.4152759143949896,1790750114,465692858,0.1469999998807907,0.09853688673003466,-0.6277499661753416,0.42892868498878933,-2.85435842720243
-0.010112339054509228,-0.7184934009970858,0.4176538290123541,1790750114,515427050,0.1420000046491623,0.09851844062568321,-0.6278051665409708,0.4294436194120315,-2.8570894906697686
-0.01395785522252918,-0.7218000600878668,0.41829534504798527,1790750114,565151409,0.1469999998807907,0.09850972523531233,-0.6278342246162235,0.42971747597997345,-2.8585683812834657
-0.009379726484131365,-0.7180578325479063,0.41963263671363527,1790750114,615806355,0.14100000262260437,0.09850297651689476,-0.6278585676482088,0.4299484374252144,-2.859830541042714
-0.013208847300141227,-0.7212912659636166,0.41959388723928004,1790750114,665355824,0.1459999978542328,0.09850066165991236,-0.6278673921147984,0.4300325067083381,-2.860293589870935
-0.013210971117345108,-0.7213160554245277,0.41982656734707907,1790750114,715211397,0.1459999978542328,0.09849906595449645,-0.6278736430043542,0.4300921677650753,-2.8606234195960405
-0.011680999466828448,-0.72003987753406,0.420003423810724,1790750114,765205146,0.14399999380111694,0.09849881859902225,-0.6278746243327824,0.43010154284558166,-2.86067533493042
-0.013211277884809594,-0.7213199531444353,0.4198631718671964,1790750114,815241932,0.1459999978542328,0.09849881859902225,-0.6278746243327824,0.43010154284558166,-2.86067533493042
-0.010915250082443761,-0.7193919509192248,0.4199993830719589,1790750114,865145820,0.14300000667572021,0.09849931587387979,-0.6278726063810801,0.43008225176860015,-2.8605685172440034
-0.010914466285179336,-0.7193825039989366,0.41991070542044256,1790750114,915297820,0.14300000667572021,0.09849991600994738,-0.6278701905006038,0.43005917005381145,-2.8604408413752465
-0.013207682196746867,-0.7212784769532005,0.4194739436829625,1790750114,965402579,0.1459999978542328,0.09850146046493982,-0.6278641668176825,0.43000169183402404,-2.8601237164019606
-0.012439817184422497,-0.7206123853619929,0.41929984162631245,1790750115,15303096,0.14499999582767487,0.09850321328993276,-0.6278574833019163,0.42993802394368197,-2.8597734821692806
-0.012433934825758816,-0.7205646091851913,0.4188525576709243,1790750115,65295752,0.14499999582767487,0.09850656435771725,-0.6278452745235789,0.4298220339963824,-2.859138116658949
-0.014721521056338213,-0.7224300683506201,0.41813155679977154,1790750115,115435697,0.14800000190734863,0.09851038679951969,-0.6278318968143263,0.42969536023495813,-2.858448203424427
-0.010881694907222711,-0.7191534843348177,0.41777011247843115,1790750115,165672446,0.14300000667572021,0.0985166928006852,-0.627810799795885,0.4294965210244148,-2.8573736476451503
-0.01392260796330591,-0.721620229275477,0.4166221211571431,1790750115,215892345,0.1469999998807907,0.09852391132419526,-0.6277879909621279,0.42928274192331994,-2.8562292877783544
-0.012360289731995253,-0.720221438911712,0.4156644482012477,1790750115,265154119,0.14499999582767487,0.09853481818169366,-0.6277557962004765,0.42898280954321344,-2.854642454043451
-0.012317712686725837,-0.72008922357171,0.4144480056455389,1790750115,315277415,0.14499999582767487,0.09854765508066207,-0.6277205264375264,0.4286569046022144,-2.8529417556501424
-0.012249625532879352,-0.7199134827303242,0.41284231431842294,1790750115,365242497,0.14499999582767487,0.0985662282739287,-0.6276729470314176,0.4282218107039556,-2.8507085745725025
-0.010634387338266701,-0.7184538046919497,0.4113561885489923,1790750115,415948508,0.14300000667572021,0.09858825934735806,-0.6276208643537349,0.42775107524446865,-2.848337101533892
-0.011268599040710162,-0.718855922483679,0.4091442985484152,1790750115,465229828,0.14399999380111694,0.09861969140947656,-0.6275555931058243,0.4271668314489918,-2.84544136971038
-0.014154780235490189,-0.7211363386629113,0.40636828741763104,1790750115,515515255,0.14800000190734863,0.09865708721929078,-0.6274840356856273,0.4265358175834979,-2.842383630600314
-0.01160353641749326,-0.7189643546598521,0.404217966306714,1790750115,566313785,0.14499999582767487,0.09873637654379724,-0.6274132256699984,0.4258626695480093,-2.8388913411197683
-0.008263132852513233,-0.7161713453459104,0.40232814396519445,1790750115,615342826,0.14100000262260437,0.09882388071497784,-0.627341736684647,0.425190184334707,-2.8354522516796834
-0.009378417263706668,-0.7170935867402809,0.39893888687777146,1790750115,665393575,0.14300000667572021,0.0989328702553211,-0.6272484989036675,0.42434611216621576,-2.831297804871246
-0.01343988034044584,-0.7204933963473635,0.39458904920237625,1790750115,715486501,0.14900000393390656,0.09905238889841408,-0.6271459297005407,0.4234463014003302,-2.8270186915414257
-0.010532687871977447,-0.7182418805851836,0.3916908006777999,1790750115,765217953,0.1459999978542328,0.09923480568306325,-0.6270496474117908,0.4225302776663881,-2.8224234817296723
-0.009796972992655709,-0.7178527476252738,0.38810682720766615,1790750115,815328119,0.1459999978542328,0.09943711725250502,-0.6269463634691789,0.4215723650251367,-2.817730089678302
-0.005886919466990562,-0.7149243507464104,0.3850310812296925,1790750115,865664610,0.1420000046491623,0.09969024658661958,-0.6268260007987051,0.42047320397850924,-2.812436869953183
-0.006334820546893119,-0.7156946932307394,0.3803791197132233,1790750115,915969675,0.14399999380111694,0.09996226751836595,-0.6266921402042759,0.4193081941735778,-2.8070407085211753
-0.007254222074938227,-0.7170794879427089,0.3752013000606355,1790750115,965512376,0.1469999998807907,0.10031863323612981,-0.6265700796682724,0.41815625063665024,-2.8014557719781683
-0.0050995272960791815,-0.7159731482665828,0.3710672056844535,1790750116,15172976,0.1459999978542328,0.1006998702091365,-0.6264362487613424,0.41695435517053325,-2.7958121123141084
-0.0026228482572232953,-0.7148542515190079,0.3666294776038464,1790750116,65707162,0.14499999582767487,0.10118789055249006,-0.6263052947624747,0.4156948580175026,-2.789727485798117
-0.00144761978716125,-0.7149348380974136,0.36151235255152153,1790750116,115378836,0.1459999978542328,0.1016952707957443,-0.6261607504899579,0.4143962335087899,-2.7836833814116417
9.785130735238956e-05,-0.7150046044859277,0.35611785509791016,1790750116,165536604,0.1469999998807907,0.10231134274889354,-0.6260216515156459,0.41306902903639076,-2.777343045385639
0.0018166898606725435,-0.7150392738173079,0.3506660383441682,1790750116,215144963,0.14800000190734863,0.1029481537337063,-0.6258648160103749,0.41169343919257395,-2.771028540944022
0.0052827064412860475,-0.7138843918667281,0.3459176693848321,1790750116,265232851,0.1469999998807907,0.10370697342289631,-0.6257220414611357,0.41033089477408513,-2.7645266893599323
0.005653746786140973,-0.7156777444852996,0.33883641728015707,1790750116,315607185,0.1509999930858612,0.10449873255429563,-0.6255567191718712,0.4088997279133253,-2.7579633855654335
0.011638375624378375,-0.7127345243003158,0.33548609429744836,1790750116,365442711,0.1469999998807907,0.10541550042261551,-0.6254136602209514,0.40752717650726444,-2.751353527417171
0.014576435551926628,-0.7127295280253613,0.329764683147483,1790750116,415101441,0.14800000190734863,0.10635818607170693,-0.6252468010852856,0.4060987078234305,-2.7447441792895413
0.016801894286029614,-0.7139423598914503,0.32293212766819857,1790750116,465394330,0.1509999930858612,0.1074497306774768,-0.6251069867764151,0.40473826529241375,-2.738054516843785
0.0233824130894702,-0.7109980634591991,0.31997253686957006,1790750116,515334320,0.1469999998807907,0.10855786527526562,-0.6249407378139054,0.4033288744371336,-2.7314125657257424
0.025229519810463327,-0.7133866387489504,0.3120092576097969,1790750116,565359310,0.15199999511241913,0.10981986860368925,-0.6248090469056155,0.4020230433787078,-2.7247738682913383
0.03339532696066859,-0.7093148352451937,0.3106074981289953,1790750116,615546291,0.1459999978542328,0.11110731317681086,-0.6246455978192248,0.400651747281748,-2.7181163296122293
0.037028868189735206,-0.7105644941803375,0.30404964875851415,1790750116,665390447,0.14900000393390656,0.11251848945580906,-0.6245256376904028,0.3994416475179138,-2.7116839462058255
0.04295428591137819,-0.7094433286267253,0.30005230367083513,1790750116,715570150,0.14800000190734863,0.1139502369892326,-0.6243715605618375,0.3981663687860878,-2.7052403579820505
0.048723821080668694,-0.7090006110404544,0.29575858055296095,1790750116,765699076,0.14800000190734863,0.11551346218137305,-0.6242643769307542,0.3970646269427021,-2.6990291201715464
0.05547063210447112,-0.7073643817213748,0.29299404181946187,1790750116,815564112,0.1459999978542328,0.11707362328729698,-0.6241223869929979,0.39591071279363177,-2.69289013032915
0.06196566396040007,-0.7064174459206236,0.2900092188201955,1790750116,865240156,0.14499999582767487,0.1187416596646882,-0.6240312964981432,0.3949568604571047,-2.6871015469163098
0.06714895201715868,-0.7076803899689447,0.284178448731986,1790750116,915363581,0.14800000190734863,0.12042296920422275,-0.6239035099773651,0.39393870582080703,-2.6813212619464246
0.07447966848962813,-0.7062236572732337,0.2824553267341062,1790750116,965071718,0.1459999978542328,0.12222658799558815,-0.6238266767079765,0.39312134972606155,-2.6758851680324205
0.08049812804647807,-0.7075200716813844,0.27699281131340225,1790750117,15800508,0.14900000393390656,0.12406800053547787,-0.6237097767176115,0.3922251932278704,-2.6703993075829087
0.08772655666630111,-0.7067042079798884,0.27520312760159726,1790750117,65213819,0.14800000190734863,0.1259396022659669,-0.6236527686810714,0.39159136644456627,-2.665606034228919
0.09445595029370785,-0.7075009723293876,0.27113132748713464,1790750117,115719403,0.15000000596046448,0.12783636588488362,-0.6235542893688479,0.3908756553821227,-2.660803577668906
0.10267888532848235,-0.7045226190799806,0.2732496759535876,1790750117,165570069,0.14499999582767487,0.12978011566915723,-0.6235150782544852,0.3904175061522096,-2.656699579188644
0.10982577718051076,-0.70427886323544,0.2715196077168182,1790750117,215223816,0.14499999582767487,0.1316989877985202,-0.6234362037765883,0.3898877869665898,-2.652720928431694
0.1168972146622193,-0.7052797900783473,0.26867089084730644,1790750117,265332631,0.1469999998807907,0.13368944623269752,-0.6234130384099296,0.38960416126987263,-2.6494542446794345
0.12445924060997005,-0.704544305213182,0.2684222210578018,1790750117,315873484,0.1459999978542328,0.13568064633377291,-0.6233511283965238,0.38924335937985477,-2.646312086017661
0.131748258312909,-0.7034092804804115,0.2696233575214669,1790750117,365361166,0.14399999380111694,0.13763660020819235,-0.6233537583094974,0.38917434670344,-2.6442211035664682
0.13898922848312853,-0.7044299511901168,0.26762523970309804,1790750117,415602019,0.1459999978542328,0.1396004537971245,-0.6233182208497686,0.3890192798296469,-2.6422700492663784
0.14607270897875377,-0.7050438252229387,0.26702725902196445,1790750117,465041765,0.1469999998807907,0.14151233036703337,-0.6233429366104892,0.3891467403171548,-2.6413342602711225
0.15311731116670022,-0.7033685521431189,0.26987017491156895,1790750117,515684702,0.14399999380111694,0.14345067655326324,-0.623332418757481,0.38918811883723503,-2.6405595101392305
0.16015157939302002,-0.7046138208066406,0.26909660437555016,1790750117,565639757,0.1459999978542328,0.14531679237271564,-0.6233769467379358,0.38949801117399074,-2.6409924374428173
0.16727658476568225,-0.7057892997539238,0.26842545588124667,1790750117,615430431,0.14800000190734863,0.14716223251526686,-0.6233866245347928,0.3897069982314816,-2.6416306576109214
0.17381729979336272,-0.7054269057910312,0.2707108848341916,1790750117,665218818,0.1469999998807907,0.14895323257603615,-0.6234450104373691,0.3901669309791479,-2.6435707567328324
0.18031868694689218,-0.7049918875977378,0.2730693769495418,1790750117,715412337,0.1459999978542328,0.15075286201986596,-0.6234715867318199,0.3905270370511744,-2.6457827116182338
0.18610201035068885,-0.7041159679676728,0.27661286180567757,1790750117,765277169,0.14399999380111694,0.15243332750330676,-0.623541256789288,0.3911123549423896,-2.6493446231512667
0.1930760119654393,-0.7059653854213561,0.2762460548834947,1790750117,815479882,0.1469999998807907,0.15412196804126765,-0.6235813257815833,0.3915909687036391,-2.653186469253685
0.19750814985759235,-0.7034426334306164,0.28250683675672955,1790750117,865609585,0.1420000046491623,0.15569837250593746,-0.6236606084071894,0.39228284652812007,-2.6584774505759197
0.20321032416188722,-0.7036466186671603,0.28485607308598726,1790750117,915615798,0.1420000046491623,0.1572795544125403,-0.6237121746528143,0.39286000991567865,-2.664027583972174
0.2098632609841574,-0.7062244451935888,0.28453117139399914,1790750117,965455593,0.1459999978542328,0.15871271419845095,-0.6238020116358328,0.39364653870482536,-2.6710709748474235
0.21405608349393085,-0.7047791518522917,0.28945364305250426,1790750118,15413193,0.14300000667572021,0.16016324212515864,-0.6238676088169658,0.3943244481514402,-2.6784030176055995
0.21924454122653397,-0.7057179632440228,0.291708582172547,1790750118,65359609,0.14399999380111694,0.16145034893194932,-0.6239707163624304,0.3952132544294953,-2.6873038351535654
0.2223021947886974,-0.7037456873997862,0.2974995268610442,1790750118,115304664,0.14000000059604645,0.16275311794420402,-0.624052946732106,0.39600320546613743,-2.69650289730949
0.22885295838681532,-0.7069869385900581,0.2971936544739022,1790750118,165290200,0.14499999582767487,0.16392460262673125,-0.6241604449709359,0.3969387263475502,-2.7070083474515396
0.2313820137533445,-0.7050175852465709,0.3030751734775091,1790750118,215438810,0.14100000262260437,0.1651295583747992,-0.6242468443481318,0.39777311596099457,-2.7177902153746896
0.23729772787855985,-0.707708708711877,0.30373844540819744,1790750118,265259975,0.14499999582767487,0.16619890350952296,-0.6243557743244501,0.3987239405765225,-2.7295876136495485
0.23982855245698637,-0.7063104944686879,0.30901288628189183,1790750118,315717634,0.1420000046491623,0.16731769216829817,-0.6244454322404784,0.39959041134704176,-2.7417361920989016
0.24132954440791926,-0.7043807836831795,0.3148729994121769,1790750118,365543985,0.1379999965429306,0.1682998598399163,-0.6245522977298039,0.4005355761195033,-2.754449306124725
0.2464790681478889,-0.7064281045854233,0.31632090054027867,1790750118,415152815,0.14100000262260437,0.16931604056874328,-0.6246385769942041,0.401393464218586,-2.7672315208778193
0.24920039664820207,-0.7062417532661993,0.3203991684287166,1790750118,465287565,0.14000000059604645,0.17021253530515648,-0.6247492906523501,0.4023741430519221,-2.780817427781869
0.24839599563300507,-0.7024907865993509,0.32785585694569086,1790750118,515774372,0.13300000131130219,0.1711485785281943,-0.6248409208235313,0.4033034231386369,-2.7946297982730703
0.2565280877279076,-0.7081887090057689,0.32636057647374356,1790750118,565181211,0.1420000046491623,0.17191382614855683,-0.6249693051727349,0.40432825492717517,-2.808432561951855
0.260077641813022,-0.7091778556800996,0.329541592648796,1790750118,615866797,0.14300000667572021,0.17272386558242916,-0.625080607724312,0.4053437863754574,-2.8226457755790197
0.26150496274853546,-0.7084300406874761,0.33425856838162576,1790750118,665324090,0.14100000262260437,0.1734369367607329,-0.6252059634173799,0.4063611099507496,-2.8363027228894944
0.2660807573768866,-0.7105778196851307,0.33648987431262484,1790750118,715434256,0.14399999380111694,0.17419740712785564,-0.6253075156242591,0.4073589324910861,-2.8501026770979903
0.26532071186466916,-0.7080176538363444,0.34267479207091234,1790750118,765645553,0.13899999856948853,0.17488006235687475,-0.6254197988714408,0.4083945217882724,-2.863588386801671
0.267702587107976,-0.7083561988428642,0.3463859168190926,1790750118,815465838,0.13899999856948853,0.17559133850235858,-0.625503699826705,0.40940957023119884,-2.8769071848773895
0.2697751455257377,-0.7088209379924449,0.35017511146025976,1790750118,865221086,0.13899999856948853,0.17613903490021363,-0.625646990146213,0.4104691641430468,-2.8892882652467557
0.2697416429956563,-0.7074490136327212,0.3552708742739207,1790750118,915272549,0.13600000739097595,0.17669638057695286,-0.6257695273078732,0.4115473583990781,-2.901575686819617
0.27224287745833287,-0.7084898077920776,0.3586205799245528,1790750118,965462771,0.13699999451637268,0.17719273701937183,-0.625903469064127,0.4126017428939826,-2.9129825330360326
0.2726008450098013,-0.7076666104708913,0.3631395913100204,1790750119,15456492,0.13500000536441803,0.1777086368752742,-0.6260083094133968,0.4136607962852591,-2.9241754100514528
0.27342136183019283,-0.7074435882471697,0.36709054822118764,1790750119,65019990,0.1340000033378601,0.17815115588273395,-0.6261160909969553,0.41468704960828184,-2.934321542184373
0.27636299246087004,-0.709003184090621,0.3700861538654043,1790750119,115592501,0.13600000739097595,0.17861852020402777,-0.626197865126558,0.4157512313846278,-2.9444980514209984
0.2783251995990134,-0.7100477890774061,0.37332685275887023,1790750119,165489740,0.13699999451637268,0.17894535864900046,-0.6263360449014902,0.416743319649467,-2.953095451987541
0.27876264207546225,-0.7098456046157549,0.3772202569128873,1790750119,215345794,0.13600000739097595,0.17926520762390002,-0.6264581434924236,0.4177516506134191,-2.961422436315444
0.2783206742741343,-0.7089830741283945,0.3811752132204355,1790750119,265324960,0.1340000033378601,0.17956064404887298,-0.6265620339759967,0.4187149183957406,-2.969013093428992
0.2807868025247908,-0.7105391961801315,0.3840252770562616,1790750119,315547812,0.13600000739097595,0.17986974631510097,-0.6266402721666268,0.41970048309199426,-2.976497838780586
0.28082237253625897,-0.7103030391336286,0.3874991900930653,1790750119,365733007,0.13500000536441803,0.18007654252486519,-0.6267593889474817,0.42060111899884034,-2.982723022751588
0.2800337046421062,-0.7094214137593192,0.391152127682865,1790750119,415670311,0.13300000131130219,0.18027396876161236,-0.6268655559009241,0.4215087707634983,-2.9886923003283243
0.28137792671862427,-0.7103474313996923,0.3937997390347492,1790750119,465444476,0.1340000033378601,0.18044982941079413,-0.6269503023129531,0.4223381154506819,-2.9939164015943893
0.2857185350973603,-0.7137424727678013,0.3956785002107178,1790750119,515545726,0.13899999856948853,0.18063181807016782,-0.6270166388903693,0.42318143178225476,-2.999045840575239
0.28082094700134824,-0.7096837409754246,0.3996434943826965,1790750119,565683651,0.13199999928474426,0.18073323176795247,-0.6271158056973228,0.42391251031747135,-3.0030752724061136
0.2819230616865118,-0.710604857177936,0.4019889414802451,1790750119,615083917,0.13300000131130219,0.18082275573936926,-0.6272077430632544,0.42463071357395143,-3.006848953644689
0.28450174039217346,-0.7127273142456425,0.4037792498970836,1790750119,665176722,0.13600000739097595,0.18091265738252896,-0.6272725040866609,0.42529155596265666,-3.0102440378207818
0.28554050326770597,-0.7135739183059571,0.4058927174887634,1790750119,715365759,0.13699999451637268,0.1810063259068772,-0.6273234020424592,0.42595394141107257,-3.013560893859837
0.28266832637440986,-0.7112724231363212,0.40841310045370854,1790750119,765446527,0.13300000131130219,0.1810563308140297,-0.627387992807768,0.42650743811767844,-3.0161109716667944
0.2812917724453521,-0.7102179022912198,0.4105601153270899,1790750119,815581629,0.13099999725818634,0.18110021176397287,-0.6274491494844927,0.4270520530147367,-3.0185255776929107
0.2821512606211136,-0.7110390715310358,0.41202063108108516,1790750119,865328627,0.13199999928474426,0.18112035446910305,-0.6275098277669598,0.4275003355187577,-3.0203811111741854
0.2822296190399188,-0.7112226497984537,0.41358707868995653,1790750119,915863777,0.13199999928474426,0.18113739853131217,-0.6275674585983033,0.4279457607004341,-3.022167147773068
0.28381912626283423,-0.7126319462835831,0.41464433179410737,1790750119,965596349,0.1340000033378601,0.1811529938694794,-0.6276089400696787,0.4283101493066836,-3.0236073007852067
0.28310294544937165,-0.7121286909253264,0.4159754880107605,1790750120,15534829,0.13300000131130219,0.1811690850515128,-0.6276455693398143,0.4286676359914529,-3.024999095622328
0.2816048521022376,-0.7109566129879134,0.4171203916341241,1790750120,65233290,0.13099999725818634,0.18118218212668666,-0.6276720026402662,0.42895087412077626,-3.0260866651459826
0.2839351489969073,-0.712957149375571,0.4177817642742059,1790750120,115399615,0.1340000033378601,0.1811952117192591,-0.6276955231848385,0.4292255958896758,-3.0271291102347178
0.28318883387329075,-0.712387497290069,0.41855178768346046,1790750120,165269798,0.13300000131130219,0.18120512805267833,-0.6277116908944324,0.4294298347117569,-3.027896593226898
0.28474034565073414,-0.7137234431720848,0.41904584947480045,1790750120,215859985,0.13500000536441803,0.1812147837798828,-0.6277261270818528,0.4296251270018411,-3.028624476140751
0.28321762647678106,-0.7124899592149225,0.41963692941292896,1790750120,265279398,0.13300000131130219,0.1812213320550161,-0.627735261199911,0.4297560913060515,-3.0291093460822194
0.28322726753994726,-0.7125272556781582,0.42004233120125734,1790750120,315373260,0.13300000131130219,0.18122752843023604,-0.6277434254719629,0.4298787790318659,-3.0295612362377833
0.2816989376824628,-0.7112744371899806,0.42043374484632984,1790750120,365510796,0.13099999725818634,0.18123130261972833,-0.6277482198605991,0.4299534404922512,-3.029835253550897
0.2832374287782387,-0.7125690033252445,0.4205027881316699,1790750120,415267674,0.13300000131130219,0.18123460787498652,-0.6277522951027427,0.4300186108961197,-3.0300738002910155
0.28554079176954905,-0.7144931877277755,0.42041070741403175,1790750120,465520684,0.13600000739097595,0.18123647556800668,-0.6277545430061028,0.43005535069004913,-3.0302079759975613
0.28477593792142,-0.7138645799557001,0.4205841604997244,1790750120,515218839,0.13500000536441803,0.1812380510172175,-0.6277564085124729,0.4300862778695149,-3.030320759510634
0.2832427358155384,-0.7125919617803121,0.4207592178891867,1790750120,565274811,0.13300000131130219,0.18123858394234418,-0.6277570363824315,0.43009671124515503,-3.030358840688072
0.2847770761591907,-0.7138696415701808,0.42064076596578753,1790750120,615432978,0.13500000536441803,0.1812389217744422,-0.6277574344996113,0.43010331469370655,-3.030382970973614
0.2840095867723684,-0.7132293722142543,0.4206839396023624,1790750120,665304412,0.1340000033378601,0.181238507945785,-0.6277569478740023,0.4300951525298537,-3.030353227248166
0.28094106305165134,-0.7106747940437451,0.4209293976052767,1790750120,715732524,0.12999999523162842,0.18123795127026118,-0.6277562899890438,0.4300841748642553,-3.030313195555163
0.28400495004858595,-0.7132092402714509,0.42045912775577454,1790750120,765722476,0.1340000033378601,0.18123503268178523,-0.6277528184774611,0.4300270404401163,-3.0301045569342655
0.28323344815082724,-0.7125523809800043,0.4203184797435794,1790750120,815258492,0.13300000131130219,0.181231755255716,-0.6277488050922624,0.4299625718205868,-3.0298685593949166
0.2847560381574492,-0.713782414627357,0.419678670030359,1790750120,865367159,0.13500000536441803,0.18122422217069106,-0.6277391832953589,0.42981409645578394,-3.0293232759206754
0.2809082503273955,-0.7105463017175879,0.41952235314812514,1790750120,915439668,0.12999999523162842,0.18121605324163276,-0.6277279788940986,0.42965102557550444,-3.0287206351157923
0.2816494606125721,-0.7110949179980449,0.41851568241525905,1790750120,965453565,0.13099999725818634,0.18120218596184362,-0.6277070339461895,0.4293694877498074,-3.0276707186187806
0.2823848623701715,-0.7116323308118464,0.4174263572338382,1790750121,15617510,0.13199999928474426,0.18118774566861717,-0.6276823382649971,0.4290686136237496,-3.0265350408992915
0.2823316921587578,-0.7114803564907392,0.41594574166379616,1790750121,65325665,0.13199999928474426,0.18116739544449612,-0.6276419824801737,0.42863084807824325,-3.0248570183067622
0.2822655152501753,-0.7113097589494989,0.4143634811845734,1790750121,115760509,0.13199999928474426,0.1811468717348689,-0.6275934862094495,0.42816947348178047,-3.023053858395128
0.28369835500402585,-0.712334144131622,0.41205212750935866,1790750121,165683397,0.1340000033378601,0.18112498357434023,-0.6275184379967982,0.42757631383088573,-3.0206972272839185
0.28128331171684073,-0.7101713563612135,0.4102677133423961,1790750121,215375108,0.13099999725818634,0.18110490624272224,-0.627430337030021,0.42697729377827653,-3.018252763706504
0.2810245222109967,-0.7099051507099678,0.40758086373710434,1790750121,265590469,0.13099999725818634,0.18101482297097873,-0.6273624009367021,0.4261753198849465,-3.0145299375202184
0.28224561798695197,-0.7108778692552898,0.40453579576545007,1790750121,315258948,0.13300000131130219,0.18091882915714635,-0.6272845381430704,0.4253693554183084,-3.010614242423149
0.28258548409540546,-0.7111445837014044,0.4010658683495874,1790750121,365432069,0.1340000033378601,0.1807973803202848,-0.6271809768203631,0.4244174324072206,-3.0057482136316387
0.27983826797885347,-0.7088637917082896,0.3982695716730722,1790750121,415632893,0.13099999725818634,0.18067993743496769,-0.6270505751593249,0.423473189732917,-3.0007074850283066
0.28138687938825324,-0.7103657280968303,0.3938872168666147,1790750121,465304104,0.1340000033378601,0.1804479124772443,-0.6269586216317996,0.42235791135438217,-2.994012163119226
0.28057890505666083,-0.7099503987257164,0.39001311685126244,1790750121,515444576,0.1340000033378601,0.18021112385454646,-0.6268419484193759,0.421242828325907,-2.9869480650576343
0.2787929242692714,-0.7088923734255375,0.38599835318375675,1790750121,565611483,0.13300000131130219,0.17989592734661378,-0.6267235677509129,0.4200082300211111,-2.978451062429812
0.2776841495133542,-0.7083955911459846,0.38177668178165036,1790750121,615352620,0.13300000131130219,0.17959405838827072,-0.6265675815777675,0.41881060166576445,-2.9697672830852606
0.27700317784145384,-0.7085175636346916,0.37688774126931457,1790750121,665387536,0.1340000033378601,0.17918054986696252,-0.6264287962422475,0.41748538428833704,-2.9592545758952813
0.2783741253362202,-0.7103904274220477,0.37096211678973656,1790750121,715505546,0.1379999965429306,0.17878068169313538,-0.6262464889248306,0.4161831588314354,-2.948381037539616
0.2736314062075944,-0.7074961674175012,0.36760042709790713,1790750121,765298220,0.1340000033378601,0.17821331775896154,-0.6261303655846633,0.41483384306007043,-2.93573615847183
0.27238467197964267,-0.707579663861606,0.3625718612830534,1790750121,815326877,0.13500000536441803,0.17766283374454184,-0.62597693053466,0.4135009170697811,-2.922692350790201
0.27147723689142744,-0.7083274633794316,0.35705919087016696,1790750121,865275515,0.13699999451637268,0.17697090128503953,-0.6258588343824125,0.4121634217339667,-2.9081906801944437
0.2690714647592578,-0.7077812861710776,0.35229006276608754,1790750121,915724284,0.13699999451637268,0.17630749503688684,-0.6256966446848369,0.41082172984390547,-2.8932583336468514
0.26439422824605285,-0.7055365237125077,0.3490260333175025,1790750121,965728756,0.1340000033378601,0.17551234684938033,-0.625574323166575,0.40954097806494805,-2.8774972712612823
0.2636806192878968,-0.7067964703158528,0.34313753452915446,1790750122,15211976,0.13699999451637268,0.17477174284717703,-0.6254147027357193,0.4082621695996721,-2.8617340704531027
0.2612719814019862,-0.7069433348998245,0.33819425805674164,1790750122,65412975,0.1379999965429306,0.17388242472628715,-0.625290486800573,0.4070410214313128,-2.8452141311241648
0.257552627837087,-0.7058217610220814,0.3342473811416572,1790750122,115824097,0.13699999451637268,0.1730420236381031,-0.6251313703116582,0.40577371980377575,-2.8285269810409246
0.2536114506892065,-0.704811054117831,0.3306011131830283,1790750122,165392187,0.13600000739097595,0.17207421343134083,-0.6250112977754627,0.40462597278031964,-2.8120702581186134
0.25255714052031153,-0.7066362107316749,0.32411052476628804,1790750122,215532631,0.14000000059604645,0.1711516169992587,-0.6248598927268763,0.40339340261979667,-2.795414713155594
0.24888904916883559,-0.7062202979111025,0.32010345473665336,1790750122,265308575,0.14000000059604645,0.1701186001726405,-0.6247436678738247,0.4023030611201355,-2.7796397859182838
0.2451873236434528,-0.7057170898407998,0.3160479235935566,1790750122,315542176,0.14000000059604645,0.16913353185093502,-0.6246008671677288,0.4011124834297546,-2.7638583846679223
0.24172279670500285,-0.7059422470305983,0.31175954351825985,1790750122,365323203,0.14100000262260437,0.16799492158971616,-0.6245026913721794,0.40014958789384786,-2.74970490049941
0.23819410227652468,-0.7060897784927713,0.30741132239731767,1790750122,415296026,0.1420000046491623,0.1668985064829047,-0.6243841193671152,0.39909078906045303,-2.7357639477369977
0.23338050933513424,-0.7052004136651988,0.30467520030260026,1790750122,465405683,0.14100000262260437,0.16567541733167776,-0.6242976079981023,0.3982260276189311,-2.723481982764646
0.22905305557471775,-0.7048129746193654,0.30127564152221664,1790750122,515643971,0.14100000262260437,0.16449183895115066,-0.6241902920264829,0.3972591458299184,-2.711490853981758
0.22446797398114177,-0.7045202449752994,0.29816594875500274,1790750122,565923073,0.14100000262260437,0.16320368559750015,-0.6241108035912664,0.39646146973499546,-2.701085906577589
0.21989536458250328,-0.7041536919574954,0.2950531295683515,1790750122,615999952,0.14100000262260437,0.16195722204436847,-0.624009210040855,0.39555703196581316,-2.6910126826251033
0.21719183109374884,-0.7067307143475555,0.288715794537121,1790750122,665474533,0.1459999978542328,0.16066335145867774,-0.6239402395784445,0.39485847045537975,-2.682834643205576
0.21091040597019595,-0.7041309566642997,0.28886606359228606,1790750122,715800959,0.1420000046491623,0.15937853810562425,-0.6238482690348467,0.39404761131688515,-2.6748167910499268
0.20650202191501577,-0.7044630411817352,0.2857513821988608,1790750122,765384642,0.14300000667572021,0.15806796816519006,-0.6237869535395723,0.3934292036356315,-2.668472494544622
0.20166056408650734,-0.7041669642306408,0.28335860828364073,1790750122,815776319,0.14300000667572021,0.15675683324529488,-0.6237037425408557,0.39271274318990046,-2.6623070976724446
0.19692517424282555,-0.7039598010917967,0.28135950532940357,1790750122,865174158,0.14300000667572021,0.15545981699680367,-0.623648135016533,0.3921731432533123,-2.6576020103436546
0.19238854576508246,-0.704258625385345,0.27857184712166205,1790750122,915453205,0.14399999380111694,0.15415515630352616,-0.6235717855307361,0.39154901304150347,-2.653061541826132
0.18842637547027613,-0.7058120890316947,0.2746685299808078,1790750122,965155555,0.1469999998807907,0.15287338968407044,-0.623542605863209,0.3911877013897591,-2.65008163672587
0.18317424043368977,-0.7045350238122781,0.27476325493567133,1790750123,15735946,0.14499999582767487,0.15158059146425104,-0.6234998121191127,0.3907810751214751,-2.6473283601197775
0.17881260383073821,-0.7044405261196092,0.2736213117289138,1790750123,65152665,0.14499999582767487,0.15039826848056762,-0.6234786828236913,0.39050931054299653,-2.645477890163476
0.1744245177454779,-0.7043120605430939,0.2725037638292283,1790750123,115549796,0.14499999582767487,0.14921068885904606,-0.6234427363216931,0.3901872971840924,-2.643741331334494
0.17040497923441122,-0.7042111792802757,0.27160826065783694,1790750123,165721277,0.14499999582767487,0.14812124977231256,-0.6234143266305051,0.38993113584762,-2.642523310443724
0.1667665352681984,-0.7051968221126992,0.2691167328109148,1790750123,215320969,0.1469999998807907,0.1470607222443272,-0.6233730630952415,0.38963873643794433,-2.641411104567222
0.16314579565760592,-0.7051698750595747,0.2685944236951444,1790750123,265177551,0.1469999998807907,0.14609091522545092,-0.6233709841950693,0.38953685823213435,-2.6410500352702804
0.15916708018054582,-0.7029135503459227,0.2714342366981817,1790750123,315510885,0.14300000667572021,0.14512936507663013,-0.6233654465205023,0.3894344216204837,-2.6408294268812247
0.15643464188715542,-0.7045320265178632,0.26856958535478875,1790750123,365490866,0.1459999978542328,0.1443114240045084,-0.6233495994104337,0.38931079824646364,-2.6406418609788824
0.15369098271550422,-0.7061286403649767,0.26570425796014996,1790750123,415785283,0.14900000393390656,0.14351149870543609,-0.6233239986122404,0.38915777383472494,-2.640458930810151
0.1510804160322547,-0.7050245321951455,0.26721686746040285,1790750123,465518347,0.1469999998807907,0.142850792011616,-0.6233304717676479,0.3891486260153411,-2.6406793096304684
0.14864832791988972,-0.7044802095534566,0.2679457906809836,1790750123,515170243,0.1459999978542328,0.14221304075156999,-0.6233378101909968,0.3891501531363025,-2.6409697684144673
0.14671643981422355,-0.7039230724028398,0.2686944218362816,1790750123,566107024,0.14499999582767487,0.14170198995660532,-0.6233385795187372,0.38913525207778726,-2.641195623021592
0.14504264950707815,-0.7050258775892243,0.2669581822120294,1790750123,615276862,0.1469999998807907,0.14123334016140232,-0.6233356236432538,0.3891105114469001,-2.641400775533121
0.1437913457402839,-0.7066818074014853,0.2644087542258684,1790750123,665332584,0.15000000596046448,0.14088040333385557,-0.6233311675572452,0.3890851314590941,-2.641555121452619
0.14249369296817196,-0.7038898295449284,0.2685136226750997,1790750123,715248101,0.14499999582767487,0.14055278438880467,-0.6233253190625466,0.38905652505697563,-2.641698150755872
0.14170200919575385,-0.7038790783326478,0.2684802903536114,1790750123,765355027,0.14499999582767487,0.1403361865949782,-0.6233205524269375,0.3890350796510422,-2.641792316105624
0.1409868063048485,-0.7038681393043615,0.2684503462561435,1790750123,815462305,0.14499999582767487,0.1401401541020359,-0.6233156208933706,0.38901391350479525,-2.6418773572003866
0.14060178843094462,-0.7055281036271256,0.2659392652892837,1790750123,865384924,0.14800000190734863,0.1400313175862832,-0.6233126308650009,0.38900140880259537,-2.641924367264574
0.14025954686515124,-0.7066330707887418,0.2642619107828973,1790750123,915565804,0.15000000596046448,0.13993754160564487,-0.6233099099994952,0.38899021140806245,-2.6419647929165886
0.1401074913563585,-0.702742190073827,0.2700768068157638,1790750123,966048926,0.14300000667572021,0.13989950205636495,-0.6233087676465511,0.3889855535554257,-2.6419811990427835
0.14000872751743668,-0.7027403849531138,0.2700726571013164,1790750124,15245987,0.14300000667572021,0.1398720772287253,-0.6233079301991311,0.3889821536426403,-2.6419930309513187
0.13998881176133965,-0.7049710457298962,0.2667537558441119,1790750124,65320273,0.1469999998807907,0.13986561749897972,-0.6233104118340342,0.3889851988522519,-2.642004883785079
0.13997764323699208,-0.7033151639796362,0.2692576060474239,1790750124,115494366,0.14399999380111694,0.13986322917750077,-0.6233135337078353,0.3889894910154589,-2.642016724157586
0.13997872142953893,-0.7051155081088201,0.2668823604607804,1790750124,165105651,0.1469999998807907,0.1398628737796554,-0.6233524084374285,0.3890452929583288,-2.6421482409232677
0.13997879329618484,-0.7052758317498334,0.267025447636396,1790750124,216007367,0.1469999998807907,0.1398628936305484,-0.6233989967137462,0.3891121808087327,-2.6423059884509263
0.13997747195608387,-0.7046028047853565,0.26908134250443366,1790750124,265173964,0.14499999582767487,0.13986297776399065,-0.6235280975829034,0.3892973045608187,-2.642745264567246
0.13997940523612168,-0.7062229789038982,0.2678723117567114,1790750124,315287455,0.1469999998807907,0.1398630968879502,-0.6236730800805302,0.38950495803875335,-2.643242439864317
0.13997868705548597,-0.7060499046301005,0.27038165022089006,1790750124,365556947,0.14499999582767487,0.13986338186369796,-0.6239486014466945,0.38989885195488705,-2.64419868766664
0.13998066219803856,-0.7076389760319886,0.27047958750574563,1790750124,415154556,0.1459999978542328,0.13986374962887016,-0.6242413986253225,0.39031626714760775,-2.645232124786569
0.13997995733102592,-0.7069008731933815,0.2751658894070596,1790750124,465433843,0.1420000046491623,0.1398644642770524,-0.6246872352275813,0.3909454459537356,-2.646837966512865
0.1399798045908095,-0.7061668006876337,0.27987611091489956,1790750124,515355638,0.1379999965429306,0.13986518478326465,-0.6251459517173095,0.39158827650252254,-2.648538345346803
0.1399782567510892,-0.705380816491644,0.2860292414692966,1790750124,565423851,0.13300000131130219,0.13986713411236967,-0.6257962265849824,0.39259040254571337,-2.6511330688284622
0.13997792432708364,-0.7051499883181392,0.29139574329459306,1790750124,615353054,0.1289999932050705,0.13986841156450736,-0.6264540503591823,0.3936108869995406,-2.653885245156196
0.13998077059835815,-0.7066470859007432,0.29582525596805526,1790750124,665483054,0.12700000405311584,0.13987215399701436,-0.627286810920007,0.39497633254772385,-2.657619461436809
0.13998002298340012,-0.7055681370838689,0.30337272984671204,1790750124,716002481,0.12099999934434891,0.1398730118519614,-0.6281122575393836,0.3963328025335402,-2.661561702694693
0.13998290959226628,-0.7061282581538199,0.31004580741151994,1790750124,766015805,0.11699999868869781,0.13987917311591921,-0.6291003700465109,0.39811222204063185,-2.666727712507554
0.13998161423920935,-0.7057796491232337,0.3173040867856683,1790750124,815178403,0.1120000034570694,0.1398774025759936,-0.6300305888464631,0.39980299454509866,-2.672011492982492
0.13998452714669185,-0.7044201979828852,0.32685721876057994,1790750124,865614978,0.10499999672174454,0.13988690718136784,-0.6311421947196485,0.40205910716547166,-2.679022028210896
0.13997807871298976,-0.7033465644412472,0.3353751970251212,1790750124,915348884,0.0989999994635582,0.13987880594648747,-0.6321653794115208,0.40418093033613395,-2.686230564738281
0.14083382525529922,-0.6998378049844594,0.3443271140017094,1790750124,965385337,0.09099999815225601,0.14016081048939977,-0.6329439632079117,0.406017961355346,-2.6942726815127136
0.1416741525276159,-0.697364935376798,0.3514782190730581,1790750125,15712236,0.08500000089406967,0.14041314048153763,-0.6336241744417354,0.4076967693570229,-2.702510090113949
0.14390388805545112,-0.696166546340376,0.3534116843888767,1790750125,65453012,0.08299999684095383,0.1411098844265388,-0.6337304505024015,0.4080278629061552,-2.7097614227773836
0.14641238145628438,-0.6953999475541033,0.3541506635421027,1790750125,115956189,0.0820000022649765,0.14190310409500959,-0.6337217024783426,0.40799730571698345,-2.716966026639109
0.14894476703272042,-0.6946948002762805,0.3551671804122362,1790750125,165503492,0.08100000023841858,0.14272087893245983,-0.6337382576259654,0.40814418640218963,-2.725447213296507
0.15178451822403446,-0.6962060196388771,0.3541457206991192,1790750125,215407658,0.08299999684095383,0.1435557621987018,-0.6337363842640877,0.40817193383695416,-2.734237096791352
0.15429021956168504,-0.69478207426885,0.35607040949484114,1790750125,265450889,0.08100000023841858,0.14440804516063316,-0.6337643820016798,0.40841717537507427,-2.7446697030655787
0.1570364302278915,-0.6948191027322402,0.3566107882211789,1790750125,315638195,0.08100000023841858,0.14527953951657477,-0.6337734851315676,0.40853581235384945,-2.755435080298656
0.1597253496571172,-0.6949317212037885,0.3574847083205611,1790750125,365527990,0.08100000023841858,0.14612295209770537,-0.6338114175319463,0.4088683954043165,-2.767614253806312
0.16301249933528683,-0.697261534925203,0.35638401309605483,1790750125,415412202,0.08399999886751175,0.14698757698069947,-0.6338296605251658,0.409067966852102,-2.7800541186237333
0.16466377118787168,-0.6936243369460716,0.36061582862939867,1790750125,465123080,0.07900000363588333,0.14781377009149949,-0.6338765106618718,0.40947557987554106,-2.794003256931726
0.16784512746724087,-0.6952279354713138,0.36042549061894646,1790750125,516139028,0.08100000023841858,0.14869463958398715,-0.6339031151133,0.4097562645893039,-2.8086132293120127
0.1706524735029264,-0.6961544369583856,0.3611632761385956,1790750125,565761007,0.0820000022649765,0.1494844603912453,-0.6339591317871108,0.41023118425593685,-2.824094126389893
0.17269306227464432,-0.6947487096680179,0.3635915876007792,1790750125,615359598,0.07999999821186066,0.15031248398194885,-0.633992338912203,0.41057853091234386,-2.8397744821136253
0.17572130642526104,-0.6964617406199929,0.36397193708611786,1790750125,665345338,0.0820000022649765,0.15106783361904888,-0.6340572916921593,0.41110888017816527,-2.8566181283501235
0.17790382627301746,-0.6958375332472286,0.36602336658900514,1790750125,715504430,0.08100000023841858,0.1518680668808862,-0.6340978138015418,0.41153541240400604,-2.873715727189771
0.18050555206149335,-0.6968142045789784,0.36717018104339216,1790750125,765355596,0.0820000022649765,0.15256279517254734,-0.6341710814618762,0.4121039304422237,-2.891125858259091
0.18173748593833683,-0.6946772402998056,0.37044091345354674,1790750125,815627782,0.07900000363588333,0.15330232438018396,-0.6342176698037244,0.4125963697677739,-2.9087616709027535
0.184524632872266,-0.696436394462191,0.37118787638168965,1790750125,865473058,0.08100000023841858,0.1539369751148871,-0.6342981287470437,0.41319062826123953,-2.926259776517538
0.18662145756151796,-0.696609402422588,0.37298935375768255,1790750125,915895921,0.08100000023841858,0.15461529344385272,-0.6343488293415235,0.41373523130025514,-2.943962953962967
0.18804740780484647,-0.6960759493602788,0.3753495776980658,1790750125,965390575,0.07999999821186066,0.15518006502149997,-0.6344340103148001,0.4143368684858751,-2.960816123725395
0.18944554591072438,-0.6954833693770609,0.37766894503755644,1790750126,15126601,0.07900000363588333,0.15577591493447374,-0.6344867986310997,0.4149083714781668,-2.9776609302661554
0.19193656375193197,-0.6972656810602287,0.3786399416260634,1790750126,65512593,0.08100000023841858,0.15628475950360496,-0.634572642425967,0.41551177097132047,-2.9937223070735777
0.1930809390897864,-0.6966732187364696,0.38096697087728304,1790750126,115385740,0.07999999821186066,0.15680402413061648,-0.634625268514711,0.41609583405588635,-3.009431015437585
0.19492405200852553,-0.6976702881559698,0.38237985497320814,1790750126,165350897,0.08100000023841858,0.15724135117593674,-0.6347031985399024,0.4166750400852259,-3.0238979955428533
0.19628774386685963,-0.6978432159014057,0.38423686086992515,1790750126,215507916,0.08100000023841858,0.15768779299186708,-0.6347495324216745,0.41725550614848655,-3.0381884231480796
0.19646204354751423,-0.6964710251324123,0.38676377860962896,1790750126,265829194,0.07900000363588333,0.15805166616081015,-0.6348094344919029,0.41780394167561147,-3.0508805748987826
0.1985277033132261,-0.6981764230849663,0.3876894945309426,1790750126,315525887,0.08100000023841858,0.15840890148492182,-0.6348405998410896,0.41834981534637894,-3.0631274622839606
0.19892032263539738,-0.6976026651145684,0.3896377215597197,1790750126,365976027,0.07999999821186066,0.15869150906935664,-0.6349215280701432,0.4188390457040874,-3.07378897191291
0.20024659347765386,-0.6985672029845122,0.39080963234459115,1790750126,415289403,0.08100000023841858,0.15895115431579523,-0.6349840687129913,0.41932053866590585,-3.083899855682768
0.2004129789386394,-0.6979124041367485,0.39247199976899294,1790750126,465161615,0.07999999821186066,0.15916894289778538,-0.6350210455592286,0.419741143892567,-3.0924464514796974
0.2010623327300874,-0.6980116014141955,0.3937663371290509,1790750126,515609302,0.07999999821186066,0.159381612532669,-0.6350371354895921,0.4201658431705128,-3.100771275881107
0.2020747042345968,-0.6989447408622298,0.3945074051097654,1790750126,565554708,0.08100000023841858,0.1595419436020552,-0.6350954072414102,0.42049253369855655,-3.107330860708101
0.20093978984162114,-0.6967162545967994,0.3964863037005967,1790750126,615623162,0.07800000160932541,0.1596866258749803,-0.6351498418945527,0.42081228858863057,-3.113602738142086
0.20179417747021183,-0.6975931313537626,0.39695179689141047,1790750126,665396697,0.07900000363588333,0.15979142466564186,-0.6351791049357794,0.42106110292877036,-3.1183098500907644
0.20156258406333155,-0.6968746443619289,0.3979954244533335,1790750126,715570466,0.07800000160932541,0.15988794232340864,-0.6351986897596446,0.4213042449039869,-3.1227784207091687
0.20337017696584853,-0.6992908883389104,0.39761538726332835,1790750126,765472206,0.08100000023841858,0.15995154210769977,-0.6352076847797786,0.4214725708204343,-3.125801818381758
0.20247919574519346,-0.697744006454198,0.39867037664895205,1790750126,815172649,0.07900000363588333,0.16000842754688022,-0.6352128693163428,0.4216288459219997,-3.1285584186108295
0.2025863727424219,-0.6977633769946655,0.39895015905947134,1790750126,865464594,0.07900000363588333,0.16004194721203427,-0.6352146192171424,0.42172350600820996,-3.1302062070421197
0.20321735694391518,-0.6985709080903815,0.398905593378831,1790750126,915396695,0.07999999821186066,0.16007052887188591,-0.6352153076232621,0.4218057861874339,-3.131624933475955
0.2027194340350124,-0.6977857347996917,0.39930179064383237,1790750126,965224388,0.07900000363588333,0.1600834005402952,-0.6352153894505448,0.42184333240998967,-3.1322692714017606
0.20275169120098896,-0.6977908850079205,0.3993877631753269,1790750127,15388101,0.07900000363588333,0.16009340969642716,-0.6352153525601794,0.4218727433271712,-3.1327726282240174
0.2016796724247597,-0.6962079279555361,0.3999782661802919,1790750127,65153423,0.07699999958276749,0.1600959132528708,-0.6352153258267044,0.42188017008005746,-3.1328988700094893
0.2033035871539224,-0.6985848523853936,0.39913506011847943,1790750127,115755453,0.07999999821186066,0.16009706869167262,-0.6352153096816577,0.42188363224484315,-3.1329572374914103
0.2043795280906799,-0.7001684235301562,0.39855504162358796,1790750127,165702805,0.0820000022649765,0.1600957962591443,-0.6352153264112492,0.42187984904381415,-3.1328928584708375
0.20329388701296808,-0.6985833223523665,0.399109087013384,1790750127,215415090,0.07999999821186066,0.16009409583430861,-0.6352153464469146,0.4218747933644724,-3.1328068816024097
0.2021877020782116,-0.6969949873241101,0.3996083742309034,1790750127,265275487,0.07800000160932541,0.16008588668723053,-0.6352153938745494,0.4218506588492943,-3.1323947729304584
0.20377586800595418,-0.6993660481239787,0.39867021776717365,1790750127,315419144,0.08100000023841858,0.16007637089176407,-0.6352153676553882,0.42182284582550666,-3.1319184548279373
0.20102016201114944,-0.69539654478875,0.39994517680926783,1790750127,365211930,0.07599999755620956,0.16005775841344866,-0.6352150986109341,0.42176889454913896,-3.1309910464353536
0.20310877895593787,-0.6985522855734312,0.3986196621004009,1790750127,415868451,0.07999999821186066,0.1600369447446512,-0.6352144179459983,0.42170929908288574,-3.129960253529836
0.20192481066240006,-0.6969493511759192,0.3989174540048866,1790750127,465427504,0.07800000160932541,0.16000311279469853,-0.6352125131271188,0.4216140248181198,-3.1282997691665653
0.202344115135636,-0.6977179054141844,0.3983220122777192,1790750127,515674755,0.07900000363588333,0.15996601551609402,-0.6352092663220503,0.42151182223716227,-3.1264990548179954
0.20270673933372757,-0.6984728591989847,0.39758740359758005,1790750127,565698726,0.07999999821186066,0.15991160383111688,-0.6352024706444807,0.4213662602432007,-3.1239007616171057
0.20145409879836776,-0.696849856508302,0.39772612812803165,1790750127,615834301,0.07800000160932541,0.1598530583618782,-0.6351925081762361,0.4212149570114522,-3.1211546808637696
0.20227229342796837,-0.6983695451150451,0.3965172569381671,1790750127,665126352,0.07999999821186066,0.15977436089731162,-0.6351749557756174,0.4210196919750883,-3.117535905827257
0.20253138822344213,-0.6990862130143035,0.39556306880083364,1790750127,715455733,0.08100000023841858,0.15968817502734517,-0.6351507396697125,0.42081607594573966,-3.113674048929281
0.20113294205473692,-0.6974023639131918,0.39539471855865604,1790750127,765236083,0.07900000363588333,0.15957753339188174,-0.6351093680743632,0.42056873799847494,-3.108841259236925
0.200767856959167,-0.6972790656058387,0.3945742422445945,1790750127,815399167,0.07900000363588333,0.15945719979331513,-0.6350560801830144,0.42031779025309585,-3.103787249321207
0.1997816468682762,-0.6964104281449673,0.393950266865536,1790750127,865192480,0.07800000160932541,0.159301648778452,-0.6350378765517276,0.42000367195273564,-3.097659868010861
0.20031855967833448,-0.6978925821651005,0.3922849194534257,1790750127,915669899,0.07999999821186066,0.15913813011450628,-0.6350148705102617,0.4196813665202854,-3.0912433829027144
0.19972838734569567,-0.6977790587476521,0.39114303558929464,1790750127,965542258,0.07999999821186066,0.15894869827715177,-0.6349826969619394,0.4193145392738422,-3.083787417683758
0.20012731502535436,-0.699208449605792,0.38926635206260224,1790750128,15160451,0.0820000022649765,0.1587557387045979,-0.6349337843265744,0.41895069890460834,-3.0761756142092027
0.1978639673539511,-0.6967284869829359,0.3890599195388039,1790750128,65779407,0.07900000363588333,0.15850757491459044,-0.6348961098300295,0.41853587727132485,-3.0672248730055323
0.19808691263490552,-0.6981410446883406,0.3870149111053674,1790750128,115266441,0.08100000023841858,0.1582605813163417,-0.6348428341550009,0.4181308220771643,-3.058254882330615
0.1962105146827568,-0.6964305134806114,0.38637083953435725,1790750128,165381543,0.07900000363588333,0.1579709271922317,-0.6347972562628114,0.4176770071016044,-3.04800487982259
0.19576916849054948,-0.6970284633099529,0.38453377088648744,1790750128,215552487,0.07999999821186066,0.15768314998956806,-0.6347302991849095,0.41722006243645937,-3.0375211582298496
0.19420208748746084,-0.6961172476106352,0.38346611499881383,1790750128,265430857,0.07900000363588333,0.15731698261798913,-0.6346957860866567,0.4167511518396538,-3.0259444005520835
0.19261914753123463,-0.6951761223755331,0.382396677459784,1790750128,315928303,0.07800000160932541,0.15695287282020956,-0.6346414968991496,0.416271095797616,-3.014013951233939
0.19316283300879633,-0.6981214628895126,0.37908134268822286,1790750128,365447263,0.0820000022649765,0.15654074137813664,-0.6345943951560101,0.41578467279919107,-3.0012584369182886
0.19142145836221766,-0.6971438277052833,0.37793411983957853,1790750128,415297327,0.08100000023841858,0.1561419005529326,-0.6345203695311681,0.4152792041977638,-2.988233963136307
0.19078354267603037,-0.6985163057197425,0.3753507520778665,1790750128,465501587,0.08299999684095383,0.1556684087155586,-0.634467643673898,0.41476769935532143,-2.974088290482963
0.18845677094612948,-0.6967601335934891,0.37465331562875126,1790750128,515245270,0.08100000023841858,0.1552195823404293,-0.634391041197032,0.4142309058264267,-2.9598772615407647
0.18712763620865497,-0.6973903618187862,0.3725870959700218,1790750128,565646948,0.0820000022649765,0.15465093425043544,-0.6343534200019257,0.41376485899511684,-2.9449106721586933
0.18502030507759523,-0.6964469603853145,0.3715142722291617,1790750128,615577863,0.08100000023841858,0.15411297591364895,-0.6342969979368691,0.41326495138809405,-2.929979099232258
0.18313896821380102,-0.6963115848787695,0.3700330994460691,1790750128,665379112,0.08100000023841858,0.15349818594150078,-0.6342578339007098,0.4128321187626709,-2.914781162813949
0.18194773568470327,-0.6976561798261888,0.36740221846377014,1790750128,715758798,0.08299999684095383,0.15291137057563225,-0.6341951860649224,0.4123309536750309,-2.8993516270061224
0.17882801583584979,-0.6952297692137454,0.3676193644064629,1790750128,765812715,0.07999999821186066,0.15223539897837346,-0.63415465386993,0.41192131389301284,-2.883801426892872
0.17647000040484292,-0.6942878735659765,0.36671840239374676,1790750128,815526991,0.07900000363588333,0.15159944192084657,-0.6340929763957835,0.4114289184926869,-2.8683189933447695
0.1748417277593315,-0.6956885413044841,0.3642838948879193,1790750128,865176637,0.08100000023841858,0.15087326814428295,-0.6340552223043467,0.41105832135509157,-2.8530399094122534
0.1725839881660053,-0.6955169604679569,0.36289358353763107,1790750128,915115812,0.08100000023841858,0.1501760556232821,-0.63399772823442,0.410582876499267,-2.837705638887486
0.17035975884803434,-0.6961654840375894,0.36111181344035437,1790750128,965261451,0.0820000022649765,0.14938228122424885,-0.6339642143149619,0.41025393232927354,-2.8227251830304647
0.1676121218027604,-0.695246935237412,0.3604255245159023,1790750129,15798926,0.08100000023841858,0.14861018986392155,-0.6339111090272463,0.40980004268400094,-2.8077111764913725
0.16541031224433445,-0.6966734690398741,0.3582020459645768,1790750129,65325840,0.08299999684095383,0.14777207435586728,-0.633885685736039,0.40954000762628306,-2.7938396930745717
0.16290076528090017,-0.6972878689086157,0.35645171301521134,1790750129,115602998,0.08399999886751175,0.1469453015908949,-0.633839827918848,0.40913728108408237,-2.779909666172987
0.15969300010990217,-0.6957139916080807,0.35691372073174876,1790750129,165355718,0.0820000022649765,0.1460540868385916,-0.633822631808465,0.40894678712599797,-2.767139158312309
0.15685513167843282,-0.6955987268981272,0.3560102816597956,1790750129,215372746,0.0820000022649765,0.14517256169983692,-0.6337843729223008,0.4086078440814763,-2.7544875193405667
0.15374149183383903,-0.6948086956459233,0.35609404368244835,1790750129,265534403,0.08100000023841858,0.14423238905137267,-0.6337765182350767,0.4084929971394331,-2.7429762370627104
0.15098480344580512,-0.6962271408020263,0.35413423672367483,1790750129,315203643,0.08299999684095383,0.1433063170601451,-0.6337465228685115,0.40822871615614315,-2.7317995127808965
0.14763329926175806,-0.6939630056111393,0.3557960356045415,1790750129,365271967,0.07999999821186066,0.14232961265171185,-0.6337493423056381,0.4082000943554803,-2.72171489043727
0.14458519477871817,-0.6946561414634914,0.3547396428853047,1790750129,415460541,0.08100000023841858,0.1413452228180705,-0.6337272963081488,0.40801420011813694,-2.7118373181540956
0.14250604816901932,-0.6948839399986285,0.35127495554022664,1790750129,465074613,0.08299999684095383,0.1407221215994779,-0.6332797732481067,0.4068694131827537,-2.7015681313368387
0.14031702348247097,-0.6932577392340182,0.34862840520040606,1790750129,515366067,0.08299999684095383,0.1400037417721788,-0.6326850601406934,0.4053721438649092,-2.6910650982908884
0.1399777985003329,-0.692104358847817,0.34021768530662594,1790750129,565407484,0.08699999749660492,0.13990252292616295,-0.631250815678556,0.4023935663357202,-2.67975844599757
0.1399632717439035,-0.6917886181432311,0.32830427871931656,1790750129,615532493,0.09399999678134918,0.13987840492316683,-0.6293838600927529,0.3986010664494659,-2.6682762011605297
0.1399646670980584,-0.6942058623724419,0.31309646700350685,1790750129,665300177,0.10599999874830246,0.1398778711273089,-0.6275418812741376,0.39550948675903164,-2.6588898583987985
0.13996086880636593,-0.6930010216844569,0.30027835045931905,1790750129,715357038,0.11400000005960464,0.1398677231199431,-0.6254660615622369,0.3921207181267585,-2.649836664641484
0.13995894031481432,-0.6964636537220856,0.2805928137160496,1790750129,765129870,0.13099999725818634,0.13985828621154553,-0.6234694845063121,0.38937167384473154,-2.642734893559019
0.13996236080004032,-0.6956207056302129,0.26420573675744496,1790750129,816135623,0.14300000667572021,0.13985734362674265,-0.6212264455424352,0.3863306111550935,-2.635824051954233
0.1399505450265422,-0.6928002462310036,0.2509443653057195,1790750129,865449583,0.15199999511241913,0.13984142499457036,-0.6191024672390453,0.38388278706047985,-2.6306885905287114
0.1399525835973544,-0.6893061197744897,0.2363444650603846,1790750129,915792992,0.16200000047683716,0.13984814067143359,-0.6167418865597527,0.3811837598119392,-2.625727480271691
0.13993553557008714,-0.6816679194644948,0.23047547664934853,1790750129,966098261,0.16300000250339508,0.13982613133289215,-0.614493884123561,0.37899024972877876,-2.622287091336321
0.13992872318157895,-0.6727006929265282,0.22752071034363464,1790750130,15741574,0.16099999845027924,0.13983630977874933,-0.6121116601666245,0.3766849153995803,-2.6191514133536686
0.13991356867177254,-0.6646374621966636,0.22336830536002672,1790750130,66450336,0.16099999845027924,0.13981029915010756,-0.6097863688690515,0.37473655301177633,-2.617193741966569
0.13990343690237642,-0.6548336237229286,0.22518997213761782,1790750130,115336340,0.1550000011920929,0.13982240954315608,-0.6073941438439964,0.37275178817731097,-2.6155117862594754
0.13989103281348905,-0.6463713196499346,0.2247724511992494,1790750130,165217487,0.15199999511241913,0.1398016258617688,-0.6050657522619742,0.37105245879882226,-2.614764597243506
0.1398800328971928,-0.6364867836316768,0.23034752769841,1790750130,215474043,0.14300000667572021,0.13982146282540486,-0.6025810900867239,0.36926981685331295,-2.614189694727402
0.13987076506492646,-0.6294302031680051,0.22887465520484976,1790750130,265027596,0.1420000046491623,0.139797307578983,-0.600337723341471,0.3678625091414531,-2.6144720602534037
0.1398616116571623,-0.6222046130297295,0.22750796862478026,1790750130,315818155,0.14100000262260437,0.13980899481106882,-0.5979385523364731,0.3664041754465403,-2.6149194825722866
0.13985373559096004,-0.6156518122556683,0.22869096572229042,1790750130,365621524,0.1379999965429306,0.13979618256893805,-0.5958656810193865,0.3652651387719529,-2.615805827587484
0.13984184164963243,-0.6086252798758188,0.23600126035314142,1790750130,415241661,0.1289999932050705,0.13981283535859704,-0.5937466191309522,0.3641403365944757,-2.616764861159685
0.13983540153479104,-0.6031868785918644,0.23876241225599648,1790750130,465275735,0.125,0.13980121114939123,-0.5919012567854313,0.3632519040673928,-2.6180127169755827
0.13982711027006517,-0.59790704819411,0.24264946634885542,1790750130,515686115,0.11999999731779099,0.13980975770325252,-0.590022226085374,0.3623901387850492,-2.619323636798503
0.13982213100892785,-0.59374984163439,0.2428367489596358,1790750130,565228067,0.11900000274181366,0.1398008013877971,-0.5884392753251566,0.36171819445502906,-2.6206852172759967
0.13981487437926865,-0.5895824620961126,0.2440947026896645,1790750130,615944514,0.11699999868869781,0.13980716362010687,-0.5868121634480588,0.36106189928383814,-2.6220925554295125
0.13981133634800513,-0.5861794656369806,0.246559726346408,1790750130,665271372,0.11400000005960464,0.13979796790492802,-0.5854806159603666,0.3605575835368135,-2.6234418301967026
0.13980689427793197,-0.5828337097520832,0.24308227380091008,1790750130,715349853,0.11699999868869781,0.13979895387990338,-0.5841350767546918,0.360075034577079,-2.6248082163345927
0.1398044433118834,-0.5800663308798532,0.24472819423912873,1790750130,765388779,0.11500000208616257,0.13979096249654352,-0.5830189791668382,0.359690284365302,-2.6260620156493615
0.1398010713917048,-0.5773274923481267,0.24342322901110275,1790750130,815287732,0.11599999666213989,0.13978973785049495,-0.5819245953511194,0.359332097270383,-2.6272912544067384
0.1397974230668455,-0.5750051296952842,0.2421992485465689,1790750130,865438463,0.11699999868869781,0.13979168531731478,-0.5810007183166955,0.35904552609667456,-2.6283444258167044
0.1397918389538115,-0.572918444199275,0.2440016668929209,1790750130,915614991,0.11500000208616257,0.13979918022826932,-0.5800929253392377,0.3587776541302146,-2.6293647605029093
0.13979063796230867,-0.5710226351555746,0.24087618765750163,1790750130,965207758,0.11800000071525574,0.13979282227227355,-0.5794153900736163,0.3585773424050861,-2.6302392516853983
0.13978980321728657,-0.5692932713690082,0.2397677058476293,1790750131,15454333,0.11900000274181366,0.139787130664081,-0.5787593869729324,0.35839060962587216,-2.631101210566311
0.13978872352494823,-0.568195776076977,0.24168519311939113,1790750131,65065164,0.11699999868869781,0.1397851136467938,-0.5782525562383242,0.3582521732334457,-2.6317623955523635
0.13978711172340633,-0.5664980728797084,0.2366398118202359,1790750131,116467354,0.12200000137090683,0.13978526889765752,-0.5777492019596163,0.3581199024751762,-2.6324116425908586
0.13978529659303388,-0.5660158365134977,0.24058225697378938,1790750131,165422794,0.11800000071525574,0.13978652920621842,-0.5774017382516908,0.35803165632895523,-2.6328549207471723
0.13978318539885998,-0.5652038591953764,0.2405471772256784,1790750131,215121830,0.11800000071525574,0.13978861287224173,-0.5770681753441268,0.35794921358649023,-2.633276810139995
0.13978118333734987,-0.5641556650724182,0.2355527505508253,1790750131,265153339,0.12300000339746475,0.13979041954046884,-0.5768484386294171,0.3578960963032594,-2.6335527738047366
0.1397796055280893,-0.5638744844389776,0.23752503556906723,1790750131,315444358,0.12099999934434891,0.13979235114021152,-0.5766493515105513,0.35784877574608065,-2.633801509532378
0.13977864754038383,-0.5637082583861879,0.23851028444266775,1790750131,365321052,0.11999999731779099,0.13979352724666158,-0.5765375123259661,0.3578225192646376,-2.6339408210963313
0.13977739079516202,-0.5632574732067188,0.2365143822863528,1790750131,415664905,0.12200000137090683,0.13979460360441837,-0.576440776703232,0.3577999978684955,-2.6340610541694436
0.13977696266984713,-0.5631639004289027,0.23651157175478535,1790750131,465256504,0.12200000137090683,0.1397950161926971,-0.5764025333943806,0.35779116033331304,-2.634108443049804
0.1397761725756999,-0.562767804065298,0.23352734656348445,1790750131,515510885,0.125,0.13979531566579662,-0.5763740939932724,0.35778461398852485,-2.6341436251958457
0.13977658045683816,-0.5630835822340293,0.23650920392727826,1790750131,565399143,0.12200000137090683,0.1397953625572117,-0.5763696874422878,0.35778360101969453,-2.6341490745544434
0.13977658045683816,-0.5630835822340293,0.23650920392727826,1790750131,615930478,0.12200000137090683,0.1397953625572117,-0.5763696874422878,0.35778360101969453,-2.6341490745544434
0.13977658045683816,-0.5630835822340293,0.23650920392727826,1790750131,665351457,0.12200000137090683,0.1397953625572117,-0.5763696874422878,0.35778360101969453,-2.6341490745544434
0.13977658045683816,-0.5630835822340293,0.23650920392727826,1790750131,715390031,0.12200000137090683,0.1397953625572117,-0.5763696874422878,0.35778360101969453,-2.6341490745544434
0.1397761186021272,-0.5627568748818746,0.23352704801799062,1790750131,765078325,0.125,0.1397953625572117,-0.5763696874422878,0.35778360101969453,-2.6341490745544434
0.13977658045683816,-0.5630835822340293,0.23650920392727826,1790750131,815392011,0.12200000137090683,0.1397953625572117,-0.5763696874422878,0.35778360101969453,-2.6341490745544434
0.13977627255407984,-0.5628657776030551,0.2345211024565091,1790750131,865449807,0.12399999797344208,0.1397953625572117,-0.5763696874422878,0.35778360101969453,-2.6341490745544434
0.13977658045683816,-0.5630835822340293,0.23650920392727826,1790750131,916322375,0.12200000137090683,0.1397953625572117,-0.5763696874422878,0.35778360101969453,-2.6341490745544434
0.1397764265048855,-0.5629746795128489,0.23551514948875982,1790750131,969494750,0.12300000339746475,0.1397953625572117,-0.5763696874422878,0.35778360101969453,-2.6341490745544434
0.1397764265048855,-0.5629746795128489,0.23551514948875982,1790750132,17334370,0.12300000339746475,0.1397953625572117,-0.5763696874422878,0.35778360101969453,-2.6341490745544434
0.1397764265048855,-0.5629746795128489,0.23551514948875982,1790750132,65579918,0.12300000339746475,0.1397953625572117,-0.5763696874422878,0.35778360101969453,-2.6341490745544434
0.13977627255407984,-0.5628657776030551,0.2345211024565091,1790750132,115890085,0.12399999797344208,0.1397953625572117,-0.5763696874422878,0.35778360101969453,-2.6341490745544434
0.1397764265048856,-0.562974679512849,0.2355151494887597,1790750132,166457291,0.12300000339746475,0.13979536255721178,-0.5763696874422879,0.3577836010196944,-2.6341490745544434
0.13977627255407984,-0.5628657776030551,0.2345211024565091,1790750132,215296925,0.12399999797344208,0.1397953625572117,-0.5763696874422878,0.35778360101969453,-2.6341490745544434
0.13977658045683816,-0.5630835822340293,0.23650920392727826,1790750132,265645583,0.12200000137090683,0.1397953625572117,-0.5763696874422878,0.35778360101969453,-2.6341490745544434
0.1397764265048855,-0.5629746795128489,0.23551514948875982,1790750132,321102624,0.12300000339746475,0.1397953625572117,-0.5763696874422878,0.35778360101969453,-2.6341490745544434
0.1397764265048855,-0.5629746795128489,0.23551514948875982,1790750132,368184334,0.12300000339746475,0.1397953625572117,-0.5763696874422878,0.35778360101969453,-2.6341490745544434
0.13977673440879082,-0.5631924849552099,0.23750325836579672,1790750132,415968528,0.12099999934434891,0.1397953625572117,-0.5763696874422878,0.35778360101969453,-2.6341490745544434
0.1397767344087909,-0.56319248495521,0.23750325836579667,1790750132,467676998,0.12099999934434891,0.13979536255721178,-0.5763696874422879,0.3577836010196945,-2.6341490745544434
0.1397764265048855,-0.5629746795128489,0.23551514948875982,1790750132,516195075,0.12300000339746475,0.1397953625572117,-0.5763696874422878,0.35778360101969453,-2.6341490745544434
0.13977627255407987,-0.5628657776030552,0.2345211024565091,1790750132,565395885,0.12399999797344208,0.13979536255721173,-0.5763696874422879,0.35778360101969453,-2.6341490745544434
0.13977673440879082,-0.5631924849552099,0.23750325836579672,1790750132,615835063,0.12099999934434891,0.1397953625572117,-0.5763696874422878,0.35778360101969453,-2.6341490745544434
0.13980821608064625,-0.5627572296961638,0.23352780279112031,1790750132,665770572,0.125,0.13980698925038068,-0.5763698945446607,0.35778437345930425,-2.6339867535323807
0.13984514123417452,-0.5630843450544867,0.23651084884980828,1790750132,715524070,0.12200000137090683,0.13982058341881284,-0.5763701370173128,0.35778527922709547,-2.6337969627709077
0.1400465518960381,-0.5630866225666776,0.23651588297868392,1790750132,765051753,0.12200000137090683,0.1398946425374766,-0.5763714739755066,0.357790323736386,-2.63276233789418
0.14028956023844485,-0.5627626726774226,0.23353989444944323,1790750132,815478884,0.125,0.1399812755079063,-0.5763730514601327,0.35779633311527687,-2.6315520302668753
0.1408367416511156,-0.5629868799348058,0.2355434947250642,1790750132,865826496,0.12300000339746475,0.1401832360620907,-0.5763767742543476,0.3578107613843502,-2.6287304228349404
0.14144596787937444,-0.5629942202800736,0.23556246840911102,1790750132,916191840,0.12300000339746475,0.14040608724936787,-0.5763809711412512,0.3578274036335344,-2.625616895223667
0.14252106674014878,-0.5628988101743245,0.2346062542243489,1790750132,965522161,0.12399999797344208,0.14079424380890693,-0.5763885098568796,0.3578582139753088,-2.6201932770110568
0.14364095180858066,-0.5631317172900704,0.23664189339879754,1790750133,15562614,0.12200000137090683,0.14121623557132176,-0.5763970302928711,0.3578943265975081,-2.6142963422662393
0.14532206632425293,-0.5631557482316919,0.23672441002333044,1790750133,65304103,0.12200000137090683,0.14183434393230288,-0.5764101205157915,0.35795212031422247,-2.6056576309015593
0.14711389430438424,-0.5631834251406346,0.2368289399313388,1790750133,115409928,0.12200000137090683,0.14249314854756695,-0.5764248705646212,0.35802016554703964,-2.5964475496065345
0.14960030411227862,-0.5630068225333528,0.2350090579380515,1790750133,165469669,0.12399999797344208,0.14337035739339585,-0.5764457850213407,0.3581211269992933,-2.5841783456836196
0.15205417576287314,-0.563161341903774,0.23620820207315849,1790750133,215363223,0.12300000339746475,0.1442862312031378,-0.5764691811232635,0.35823918702534774,-2.5713592677907147
0.15528510765583287,-0.5631173642924036,0.23552439758290777,1790750133,265491427,0.12399999797344208,0.14543883564209478,-0.5765008917109987,0.35840617661739615,-2.5552103205189076
0.15867665292023178,-0.5630835477578042,0.2349123146057961,1790750133,315803762,0.125,0.14663771399456127,-0.5765365663050791,0.3586017654151139,-2.5383883959599354
0.16243993084123395,-0.5632867491524078,0.2364178877475292,1790750133,365142971,0.12399999797344208,0.14804174007465673,-0.5765818561259308,0.3588594318844171,-2.51864839937532
0.16661497638051648,-0.5632905813372477,0.23605901169271126,1790750133,415398453,0.125,0.14951051974015633,-0.5766333048049866,0.35916225817102915,-2.497943519702348
0.1710999622282497,-0.5635372180094467,0.23786917988756473,1790750133,465163684,0.12399999797344208,0.15119125969410638,-0.576697320002543,0.35955095656900515,-2.474169536060423
0.1760698258114992,-0.5635917542194143,0.23787051436266154,1790750133,515594509,0.125,0.15293081906756606,-0.5767694177735373,0.360001327633345,-2.449455636308691
0.18089944462553456,-0.5639942624138905,0.24103425043010046,1790750133,565093998,0.12300000339746475,0.1548304482180835,-0.5768550352996041,0.36054997652029636,-2.4223203323023257
0.18651171734527439,-0.5641084073313916,0.24148128065820035,1790750133,615569907,0.12399999797344208,0.15679244723899471,-0.5769511309318393,0.3611801901448207,-2.394106404611705
0.19285593394207196,-0.5641615206840643,0.2412804402483377,1790750133,665559203,0.12600000202655792,0.1589005782277454,-0.5770632428483777,0.36193109252258365,-2.3635453936109956
0.19843244898672807,-0.5645478005227259,0.24416595722908205,1790750133,715328303,0.125,0.16101150256994118,-0.5771849300134854,0.3627618076097161,-2.3326502884202887
0.20563185877643797,-0.5645777395539245,0.24362663634571863,1790750133,765172793,0.12800000607967377,0.1632510160462998,-0.577324649110191,0.3637323482109092,-2.2995048130418976
0.2119612327903146,-0.5649420698235841,0.24619335387435537,1790750133,815227589,0.12800000607967377,0.16549877605246718,-0.5774762614992737,0.36480252598729634,-2.265800637126275
0.2177753227926371,-0.5655472208243788,0.2509765497242196,1790750133,865194894,0.12600000202655792,0.1678428880868884,-0.5776470171890092,0.3660258756804512,-2.2301178403322406
0.22518310761754207,-0.5658037546887161,0.25240917527585005,1790750133,915498303,0.12800000607967377,0.17018756480665478,-0.5778313439723103,0.3673649446976479,-2.1938029566661394
0.23143305201537684,-0.5663882107235553,0.25691931207526664,1790750133,965322070,0.12700000405311584,0.17256420908675113,-0.5780327496081853,0.36884725798646695,-2.1562635370721925
0.23858034669023515,-0.5668267212427857,0.2599924783153466,1790750134,15576534,0.12800000607967377,0.17492704988665186,-0.5782484358880181,0.3704542535907528,-2.1181063877020945
0.24518823411108082,-0.5673922108625146,0.26426057900652067,1790750134,65404172,0.12800000607967377,0.17725938065684818,-0.5784775246248868,0.37218086553124996,-2.0795019217875805
0.2499601239061538,-0.5682392131993691,0.27127156112100115,1790750134,115203337,0.125,0.17953617860128357,-0.5787178901769796,0.3740123283777018,-2.0407776721803987
0.25870943431565946,-0.5685478356597227,0.2729514817754073,1790750134,166012850,0.1289999932050705,0.18180868237187806,-0.5789757420432232,0.3759977401540897,-2.0009413249012584
0.2629395879090646,-0.5694322500914701,0.2803501648840987,1790750134,215223800,0.12600000202655792,0.18394171950187607,-0.5792356613087449,0.37801914883662147,-1.9622991329316832
0.26748712649763584,-0.5702521601753281,0.2871271105770574,1790750134,265246364,0.12399999797344208,0.18601392349096976,-0.5795065273849792,0.38014578277139244,-1.9234066703943757
0.2751573820356508,-0.5707274164722425,0.2904289887058531,1790750134,315490624,0.12700000405311584,0.1880126881158935,-0.5797869367700682,0.38236770983626983,-1.8844141152438105
0.27979545746662166,-0.5714991405796412,0.29676487201403984,1790750134,365248854,0.12600000202655792,0.18988364062862348,-0.580068608173611,0.38461946739037045,-1.8463665333531036
0.2864061778718663,-0.5720932180724695,0.3012711636973523,1790750134,415344447,0.12800000607967377,0.1916801702175035,-0.5803589465085667,0.38696050237891066,-1.8081636723918104
0.29046295951117973,-0.5728820820549457,0.3078436627858082,1790750134,465759282,0.12700000405311584,0.1933445661574914,-0.5806478721642516,0.38930967536693256,-1.7710336436505898
0.29341921470416954,-0.5737307224552678,0.3150944712844063,1790750134,515992662,0.125,0.19491025491404948,-0.580939977524947,0.3917039451268027,-1.734277070022273
0.2974689642833805,-0.5744330144328267,0.32090967069924126,1790750134,565827133,0.125,0.19631692164577544,-0.581222066323492,0.3940340376685763,-1.6994326006714204
0.3029381612677784,-0.5750387661721269,0.325699470903531,1790750134,615574762,0.12700000405311584,0.1976335128979321,-0.581505980826748,0.3963967636084538,-1.6649262166516148
0.3055012110264033,-0.5757635483174766,0.33191842954471373,1790750134,665470807,0.12600000202655792,0.198792484313409,-0.5817748132376362,0.3986500775690489,-1.6327082325844566
0.3086557049146702,-0.5764339795529033,0.33759075447564446,1790750134,715145565,0.12600000202655792,0.19986326082943437,-0.5820420576595203,0.400905476938935,-1.6010645650944022
0.31143923466587153,-0.5770668843657469,0.3429809346161792,1790750134,765412418,0.12600000202655792,0.20080139211773126,-0.5822941631197015,0.403047097002451,-1.5715206970417328
0.3149063153499744,-0.5776548970910406,0.34789943624187164,1790750134,815533353,0.12700000405311584,0.20166259630864203,-0.5825435631448279,0.4051791191267634,-1.542549678680166
0.3161780788815043,-0.5782558052054907,0.35319943891002137,1790750134,865450176,0.12600000202655792,0.20237996178597992,-0.5827673269775815,0.4071033833622215,-1.516744717691341
0.317267758186457,-0.5788448773898165,0.3584240300865232,1790750134,915571824,0.125,0.20303830467341297,-0.5829884058376796,0.40901516688056117,-1.491401163773938
0.318912778346498,-0.5793316774804148,0.3626666331272859,1790750134,965394972,0.125,0.20357653726196656,-0.5831828499965098,0.41070536711083416,-1.4692189263315136
0.3195001684196333,-0.5798382858440781,0.36721779487946943,1790750135,15358073,0.12399999797344208,0.20406826795326202,-0.583373753818899,0.4123728202734874,-1.447524981307208
0.32258561862251617,-0.5801900699534304,0.3700858146074528,1790750135,65246887,0.12600000202655792,0.20445826513209367,-0.583536162814522,0.4137977412477454,-1.4291247854976985
0.32183111318312857,-0.5806401025535141,0.3742856306966414,1790750135,115693824,0.12399999797344208,0.204815369653962,-0.5836953340546382,0.4151999414473371,-1.4111340818802782
0.3255337187334554,-0.5808913247728916,0.3761782377276537,1790750135,165279276,0.12700000405311584,0.20508558264260157,-0.5838238328720374,0.4163360257391843,-1.3966368826534281
0.3263499999156158,-0.5812114062585757,0.37902512273346417,1790750135,215983297,0.12700000405311584,0.2053358567862827,-0.5839503120448299,0.4174578768275795,-1.3823866623065442
0.3278904920222453,-0.5814307376802661,0.38087122277599905,1790750135,265664462,0.12800000607967377,0.2055131291641272,-0.584045037315533,0.4183004634002231,-1.3717244422603336
0.3284300468722231,-0.5816608004363455,0.38292821004372485,1790750135,315650295,0.12800000607967377,0.20567429745363092,-0.5841354922517865,0.4191069806349833,-1.3615497237049956
0.3259154386650123,-0.5818790523532709,0.3852118386543215,1790750135,365123108,0.125,0.2057834213636933,-0.5841994034947251,0.4196779726077538,-1.3543639199716644
0.3281724127230191,-0.5819939409793553,0.3860245055123427,1790750135,415225117,0.12700000405311584,0.20588235110287356,-0.5842594483742853,0.42021528401585106,-1.3476148882904757
0.3274159427838173,-0.5821077526646373,0.3871559656392655,1790750135,465310524,0.12600000202655792,0.20594327631017875,-0.5842975375467537,0.4205565143270763,-1.3433350399457156
0.3275959061741059,-0.5821928557180511,0.3879212409663753,1790750135,515225607,0.12600000202655792,0.2059961198277204,-0.5843313117430208,0.4208593568359158,-1.339540661672852
0.3296211530957156,-0.5822043546564348,0.3878073909548585,1790750135,565233181,0.12800000607967377,0.20602363287383507,-0.5843491722140961,0.4210196523810652,-1.3375336615704685
0.32776739888588624,-0.5822752385851783,0.38866282767599075,1790750135,615531756,0.12600000202655792,0.2060462446269688,-0.5843639997082275,0.42115279833680014,-1.3358673245011425
0.326826691145818,-0.5823041002089122,0.38903136605739724,1790750135,665499329,0.125,0.20605367773838026,-0.5843688974924088,0.4211968109426297,-1.3353168318511315
0.32974149864318303,-0.5822624149085521,0.3883303374694878,1790750135,715598616,0.12800000607967377,0.206058366508525,-0.5843719909279984,0.4212246237632412,-1.3349690925342819
0.33167647600853234,-0.582230633348425,0.38782700832509825,1790750135,765900025,0.12999999523162842,0.2060590623637418,-0.5843724505424867,0.4212287563111575,-1.334917426109314
0.32781133124354667,-0.5822965353064019,0.38885475270880887,1790750135,815257254,0.12600000202655792,0.2060590623637418,-0.5843724505424867,0.4212287563111575,-1.334917426109314
0.32781133124354667,-0.5822965353064018,0.3888547527088091,1790750135,865287855,0.12600000202655792,0.20605906236374177,-0.5843724505424865,0.42122875631115775,-1.334917426109314
0.3287776210344957,-0.5822800597555315,0.38859781565571827,1790750135,915379142,0.12700000405311584,0.2060590623637417,-0.5843724505424867,0.42122875631115775,-1.334917426109314
0.32781133124354656,-0.5822965353064019,0.3888547527088091,1790750135,965077659,0.12600000202655792,0.2060590623637417,-0.5843724505424867,0.42122875631115775,-1.334917426109314
0.3307101862175833,-0.5822471088992953,0.3880839453781891,1790750136,15461263,0.1289999932050705,0.2060590623637418,-0.5843724505424867,0.4212287563111575,-1.334917426109314
0.3307101862175832,-0.5822471088992953,0.3880839453781893,1790750136,65323252,0.1289999932050705,0.2060590623637417,-0.5843724505424867,0.42122875631115775,-1.334917426109314
0.3287776210344958,-0.5822800597555315,0.38859781565571805,1790750136,116092802,0.12700000405311584,0.2060590623637418,-0.5843724505424867,0.4212287563111575,-1.334917426109314
0.32974391082544485,-0.5822635842046612,0.38834087860262734,1790750136,166893166,0.12800000607967377,0.20605906236374177,-0.5843724505424865,0.42122875631115764,-1.334917426109314
0.32491246907010474,-0.5823459618362606,0.3896255619537551,1790750136,218113977,0.12300000339746475,0.2060590623637418,-0.5843724505424867,0.4212287563111575,-1.334917426109314
0.33027450652297047,-0.5819902024671909,0.38648512888712094,1790750136,265331381,0.1289999932050705,0.2058968272930752,-0.5842165150181086,0.4206353073452073,-1.3432005301787824
0.32973360632895193,-0.5816818404267882,0.3845687712192355,1790750136,315765725,0.1289999932050705,0.20569531418053671,-0.5840292741737031,0.4199239671968633,-1.3531531747698302
0.3250174531424504,-0.5807601913651801,0.3793820650525967,1790750136,365536262,0.12600000202655792,0.20500223905349985,-0.5834302145202414,0.4176602556345378,-1.3850161887322994
0.32273814547574387,-0.5796705699398108,0.37271476619864063,1790750136,415382353,0.12600000202655792,0.20413858013213546,-0.5827603952735484,0.4151482033727225,-1.420748260258145
0.3199147505713551,-0.5780649880232884,0.3627566973420098,1790750136,465358269,0.12700000405311584,0.2027171385046375,-0.581789476464348,0.41154039278631804,-1.4728669595049058
0.3180415514074809,-0.5762879229945738,0.35138660239090924,1790750136,515837373,0.12999999523162842,0.20098769412324707,-0.5807575860265377,0.4077640390787042,-1.5286335185161732
0.3101895641167097,-0.574729993906325,0.342834262598833,1790750136,565495325,0.12700000405311584,0.1990399999758217,-0.5797286299548308,0.4040697838135384,-1.584686022815228
0.306152448922994,-0.5729938931455784,0.3321547253272321,1790750136,615291481,0.1289999932050705,0.19687102659567438,-0.5787022224062589,0.4004627333356487,-1.6411140699590956
0.2998395150419473,-0.5713674581475382,0.3227845938870393,1790750136,665291490,0.1289999932050705,0.1945059210777088,-0.5776885814870698,0.39698618166797295,-1.6974839517503078
0.2930108683188769,-0.5697718935103983,0.3137741187252233,1790750136,715345712,0.1289999932050705,0.19194619646543795,-0.576686720796019,0.39364348402678917,-1.7538608976950203
0.2849192870553591,-0.5682647397555817,0.30578949607977923,1790750136,765392462,0.12800000607967377,0.18919426885964555,-0.5756957654697443,0.3904387861220606,-1.8104168225070985
0.2785725089463228,-0.5666186644205838,0.2962119743832323,1790750136,815323592,0.12999999523162842,0.18626827206021254,-0.57472058379031,0.38739467842090997,-1.86687671492529
0.26962036107522735,-0.5651977208721098,0.2891505683987298,1790750136,865656417,0.1289999932050705,0.18317911220252836,-0.573762530410343,0.38452117591388696,-1.9232777085548471
0.2629834133452955,-0.5635684644008696,0.27964163522431656,1790750136,915266248,0.13199999928474426,0.17998329577304623,-0.572835406430814,0.38186249454167376,-1.9787776378004152
0.25382583906987055,-0.5621652486406912,0.2727434364111592,1790750136,965607453,0.13199999928474426,0.17659979807630924,-0.5719136991127861,0.37935068812053585,-2.035018922190102
0.2454726344536471,-0.5606678018744616,0.2647416612471843,1790750137,15458600,0.1340000033378601,0.1731132437615964,-0.5710185732422798,0.3770491899588109,-2.0906987161148645
0.23458069337909299,-0.5595234589355812,0.2605907556073592,1790750137,65826953,0.13199999928474426,0.16948764287949097,-0.5701388007123438,0.3749332634808149,-2.1466278126481657
0.22590516009137465,-0.558038380524355,0.2526858104025982,1790750137,115703656,0.13500000536441803,0.16578714114393894,-0.5692871983363945,0.3730365035624641,-2.2019516025008783
0.21508287443511465,-0.5569347809278477,0.24885274386978742,1790750137,165553017,0.1340000033378601,0.16198881716809274,-0.5684563756481172,0.371344681696628,-2.2572517183123706
0.20379698868048401,-0.5559809117560475,0.24657186312318932,1790750137,215263543,0.13199999928474426,0.15811003185857642,-0.5676475539748796,0.3698625409819123,-2.3123987090487863
0.19304601473673838,-0.5549062023497253,0.24301984480855232,1790750137,265386136,0.13199999928474426,0.1541369870073252,-0.5668567161917107,0.3685876455826232,-2.3677902358489575
0.1824701580998015,-0.5536909189336147,0.23808957921100662,1790750137,316120500,0.1340000033378601,0.15004872051905518,-0.5660780542384521,0.3675168180700812,-2.423817385352313
0.171217869347138,-0.5528326312609942,0.2367021754624838,1790750137,365300765,0.13300000131130219,0.14599904242522188,-0.5653391945638556,0.36668908631061625,-2.4785895323924105
0.15988000217499015,-0.5519222595305333,0.2349106552064702,1790750137,415339246,0.13300000131130219,0.14182780935438022,-0.5646081183859896,0.36606776583442413,-2.5344010402425994
0.14859204661517075,-0.5510832789654522,0.2337499296832068,1790750137,465373913,0.13300000131130219,0.13767594530797403,-0.5639087860416905,0.36567924958327586,-2.589561442931643
0.137202261935638,-0.5503990545941865,0.2341903092420648,1790750137,515618923,0.13199999928474426,0.13349594793335945,-0.5632301791658946,0.36551290931499325,-2.6448319379662033
0.12588359426989165,-0.5496801988425529,0.2342496769382005,1790750137,565677599,0.13199999928474426,0.12931283736608307,-0.5625754434573969,0.3655735238559749,-2.700078581393801
0.11465912764738721,-0.5490254399319093,0.23490960382902423,1790750137,615354662,0.13199999928474426,0.12516355284863115,-0.5619474601325285,0.3658549292755584,-2.7549379798463565
0.10386319207403819,-0.548724173540592,0.23913146834262086,1790750137,665519496,0.1289999932050705,0.12102612569319678,-0.5613418487696948,0.36636049894611744,-2.809896253627428
0.0929453606599059,-0.5481892976349392,0.24095697926569945,1790750137,715583839,0.1289999932050705,0.11693157593457296,-0.5607604437640412,0.36708241686139753,-2.8646615169038334
0.08216598529055825,-0.5477153221568616,0.24335699155080953,1790750137,765467125,0.1289999932050705,0.11288996379312789,-0.560203699117341,0.36802084289824244,-2.9192904202034144
0.07236931996382896,-0.5475850119095501,0.24919010766921734,1790750137,815465551,0.12600000202655792,0.1088898534103467,-0.5596673380071472,0.36917455892664364,-2.9740561908473024
0.062069341418884684,-0.5472236096028662,0.2526670640434714,1790750137,865145299,0.12600000202655792,0.10497110412220237,-0.5591559061819559,0.3705358875974098,-3.0286054939274565
0.05177543612387282,-0.5469116615185794,0.2567659803739874,1790750137,915749172,0.12600000202655792,0.10105375717263626,-0.5586565188919802,0.3721336791054177,-3.0841939921487076
0.04191330360831068,-0.5466623170426751,0.2613209865672514,1790750137,965741320,0.12600000202655792,0.09730173316150688,-0.558189306291773,0.37390540334494937,-3.1386905563111496
0.03433973656923433,-0.5468254704473334,0.26981705537535317,1790750138,15326253,0.12200000137090683,0.09367935953247808,-0.557746665711637,0.3758526011846727,-3.1926713378276497
0.025215516653675288,-0.5466735277949627,0.2752647625955212,1790750138,65291049,0.12200000137090683,0.09013861143954079,-0.5573219994899407,0.3780052227292389,-3.247040900294347
0.015773142802122886,-0.5464856431742868,0.28040221797408393,1790750138,115496244,0.12300000339746475,0.08669737788895682,-0.5569149208716885,0.38035212482663855,-3.3016671913194626
0.009120203714603703,-0.5466820194161133,0.2891373432587004,1790750138,165551217,0.11999999731779099,0.08341164520530227,-0.5565313136868713,0.38285912557141555,-3.3558477158758535
0.001683661682919932,-0.5467487277630558,0.2966626491519578,1790750138,216013043,0.11900000274181366,0.080237316949641,-0.5561633476317177,0.38555409322571216,-3.4104169798375565
-0.0051538713813103765,-0.5468545337530838,0.3043922784566665,1790750138,265450845,0.11800000071525574,0.0772687255090411,-0.5558212150783087,0.388357237318461,-3.463902955692683
-0.011622977666459935,-0.5469954969327151,0.31251403446416637,1790750138,315452540,0.11699999868869781,0.07441547555589226,-0.5554918680562928,0.3913442059595452,-3.5180030860986355
-0.017596787799546668,-0.5471705541686207,0.320900512019246,1790750138,365408160,0.11599999666213989,0.07173192882279057,-0.5551808960967115,0.3944682633401727,-3.571922765077889
-0.022267465618183338,-0.5474403450541813,0.33011153863936127,1790750138,415221797,0.11400000005960464,0.06922111149812127,-0.5548861268303603,0.39771627667276666,-3.6256647232772017
-0.027300315883411627,-0.5476724703174962,0.33904189435185783,1790750138,465459613,0.11299999803304672,0.0668507313601659,-0.5546029555746885,0.4011430073250247,-3.6801905901292207
-0.02834397291303091,-0.5481572303318226,0.3501399006808612,1790750138,515299816,0.1080000028014183,0.06467687318467095,-0.5543354892809611,0.4046646832364241,-3.734347833945936
-0.035717968201143105,-0.5482050967768557,0.35728715684948786,1790750138,565134213,0.11100000143051147,0.06271085151819701,-0.5540839789828189,0.40825976233753014,-3.787951273507101
-0.036467878621560035,-0.5486498551799261,0.3679596398352584,1790750138,615775716,0.10700000077486038,0.06090843865029762,-0.553840719383169,0.4120040257341915,-3.842318236424762
-0.03628367801232611,-0.5490649261384188,0.3777378995742755,1790750138,665538113,0.10300000011920929,0.059426121504222995,-0.5536280097378695,0.41552430677479557,-3.8922962951623963
-0.04122660020878654,-0.5492248182137967,0.3853650254908329,1790750138,715800558,0.10499999672174454,0.05811691390583074,-0.5534243851982991,0.419102677336625,-3.9421682168257686
-0.04095707356115266,-0.5494553763099915,0.3909910031489151,1790750138,765682437,0.10300000011920929,0.05742007337139643,-0.55330656086718,0.4212582356533122,-3.971826859927743
-0.04226644450237191,-0.5495926144033649,0.39541563010037484,1790750138,815261537,0.10300000011920929,0.05685749446050424,-0.5532047978435141,0.4231716543083884,-3.9979444370853168
-0.04261931399158325,-0.5496325154508136,0.39668375039249615,1790750138,865204907,0.10300000011920929,0.056705836271631685,-0.5531760752048216,0.42371998041845693,-4.005395642270514
-0.04183669605133548,-0.5496877634353032,0.397613583437455,1790750138,915837604,0.10199999809265137,0.05662730352781203,-0.5531609349771931,0.4240101263402506,-4.009332665270676
-0.04186337157024687,-0.5496908562935436,0.3977124090735231,1790750138,965388204,0.10199999809265137,0.05661577382372917,-0.5531586976875494,0.4240530926151291,-4.009915351867676
-0.04089789497140028,-0.5497248545548102,0.39797064967314766,1790750139,15661131,0.10100000351667404,0.0566157738237291,-0.5531586976875493,0.42405309261512913,-4.009915351867676
-0.039932411179153394,-0.5497588530693851,0.39822889219682495,1790750139,66229327,0.10000000149011612,0.0566157738237291,-0.5531586976875493,0.42405309261512913,-4.009915351867676
-0.041863371570246936,-0.5496908562935435,0.3977124090735232,1790750139,115370379,0.10199999809265137,0.0566157738237291,-0.5531586976875493,0.42405309261512913,-4.009915351867676
-0.04282885536249376,-0.5496568577789688,0.3974541665498458,1790750139,165816668,0.10300000011920929,0.05661577382372917,-0.5531586976875494,0.4240530926151291,-4.009915351867676
-0.039932411179153325,-0.5497588530693851,0.3982288921968249,1790750139,216111734,0.10000000149011612,0.05661577382372917,-0.5531586976875494,0.4240530926151291,-4.009915351867676
-0.04089789497140025,-0.5497248545548102,0.3979706496731476,1790750139,269768694,0.10100000351667404,0.05661577382372913,-0.5531586976875493,0.4240530926151291,-4.009915351867676
-0.04089789497140021,-0.5497248545548102,0.3979706496731476,1790750139,315852417,0.10100000351667404,0.05661577382372917,-0.5531586976875494,0.4240530926151291,-4.009915351867676
-0.039626644467506786,-0.5495754599821742,0.3971292877795275,1790750139,365496120,0.10000000149011612,0.056750238544389014,-0.5530348543371957,0.4235779041824893,-4.003569762767151
-0.0411771210083606,-0.5492871751243885,0.3952807391174304,1790750139,415550657,0.10199999809265137,0.05691415958890966,-0.5528877773656283,0.42301403941128024,-3.996025722495398
-0.0398211920078694,-0.5485458591391495,0.39082459655875923,1790750139,465534527,0.10199999809265137,0.05750317917094291,-0.5523892442384517,0.421109820291268,-3.9704270429857136
-0.04002813117911499,-0.547628657093438,0.3851555665349314,1790750139,515981417,0.10400000214576721,0.05823335341726383,-0.5518253950078829,0.41896486232932284,-3.9413456272072027
-0.03728173825876515,-0.5464173401355003,0.377862380420284,1790750139,565059904,0.10400000214576721,0.05941060008199763,-0.5510120321192493,0.41588186171723907,-3.8990203474962106
-0.033925372366594285,-0.545113381959179,0.37004608899001845,1790750139,615666879,0.10400000214576721,0.06084763740515219,-0.5501325380384655,0.4125770793073834,-3.8528456898026686
-0.033742522154593654,-0.543613652236182,0.3605510662585578,1790750139,665530887,0.1080000028014183,0.06245050648673814,-0.5492571366532292,0.4093266024375567,-3.8064438263831555
-0.026941076795387445,-0.5424980251942234,0.3543636532143062,1790750139,715189997,0.10499999672174454,0.06420662995086121,-0.5483916320377623,0.406155160866044,-3.7600732452930115
-0.024959908125828698,-0.5410646476397356,0.34538879224575375,1790750139,765334979,0.1080000028014183,0.06612570684684208,-0.5475332111713802,0.4030565391758516,-3.7134739093152693
-0.02245842351110322,-0.5396320952515511,0.3363824459543597,1790750139,815629794,0.11100000143051147,0.06819702335650984,-0.5466840836797314,0.4000445204572829,-3.6667792337769924
-0.01716784677502646,-0.538429166065514,0.32934725312289476,1790750139,865232617,0.11100000143051147,0.07037553967820077,-0.5458620191943655,0.3971846211455369,-3.620880841667531
-0.011502186274002013,-0.537244892559626,0.32251092415138743,1790750139,915271219,0.11100000143051147,0.07270752499299613,-0.5450453134733235,0.3944058355114518,-3.574608338932557
-0.006923314553280727,-0.5359372256344104,0.31453889946186897,1790750139,965509553,0.11299999803304672,0.07519100143856901,-0.5442367412921257,0.39172281426609845,-3.528004578084066
0.0009140431041666369,-0.5349481775230779,0.30955265395691073,1790750140,16029092,0.11100000143051147,0.0778183405693561,-0.5434366898149012,0.38914332243023597,-3.481111624585651
0.0028396694315337007,-0.5333170198497137,0.2984058613645551,1790750140,65495784,0.11800000071525574,0.08050764935697659,-0.5426694456989012,0.3867473419602345,-3.435272973371248
0.0093752725086034,-0.5321592151615004,0.29174305439071513,1790750140,115655312,0.11900000274181366,0.08334752008037315,-0.5419059025936563,0.3844474735185664,-3.388805449436052
0.015582418360336553,-0.5309633975887585,0.284631499085235,1790750140,165460376,0.12099999934434891,0.08625977762105602,-0.5411677636550042,0.38231251895322,-3.342926138145585
0.02335065039032197,-0.5299606707272899,0.2793904343067435,1790750140,215711840,0.12099999934434891,0.08929535517415461,-0.5404387512596618,0.3802988362396982,-3.2966812450110243
0.028771929863552065,-0.5285629846000782,0.27026804968393314,1790750140,265291866,0.12600000202655792,0.09240121283452399,-0.5397321783525347,0.37844643925510707,-3.2508101635399513
0.03677175517031376,-0.5275379899721276,0.2647715461183269,1790750140,315355440,0.12700000405311584,0.0956270071310037,-0.5390338692601303,0.3767220043823769,-3.2044482970143915
0.04539465357018248,-0.5266549768975999,0.2605862452957341,1790750140,365222884,0.12700000405311584,0.09889831967128158,-0.5383604088124648,0.37516958442896065,-3.1585940789618197
0.05541055142111917,-0.5260880662056878,0.25954196968056215,1790750140,415546950,0.12399999797344208,0.10226715462919955,-0.5376980163960625,0.373759600936823,-3.112379581638659
0.06325392482476477,-0.5250110754348961,0.2534225258676173,1790750140,465863312,0.12700000405311584,0.10567261238096537,-0.5370590305739477,0.372521235988543,-3.0665650196633627
0.07347287981097883,-0.5246466231985152,0.25431643843868035,1790750140,515890442,0.12300000339746475,0.1091087338413069,-0.5364410896265456,0.3714487452757932,-3.0210828486528243
0.08118735553239184,-0.5234681510526681,0.24706932242919194,1790750140,565226578,0.12800000607967377,0.11256778070538268,-0.535845436484068,0.37054431292406304,-2.975948750342867
0.0904121170947896,-0.5227038662872038,0.24400061216462798,1790750140,615321847,0.1289999932050705,0.1161245320155935,-0.5352567628689453,0.3697873155686713,-2.9300684476473196
0.09914989754395989,-0.5215977352205085,0.23743487416548575,1790750140,665261532,0.1340000033378601,0.11969496321060448,-0.534689719188376,0.3692017179733454,-2.884460208122197
0.10947238182460453,-0.5214097097351906,0.2401458805185212,1790750140,715694820,0.12999999523162842,0.12332396675538972,-0.5341345658889382,0.3687779542443035,-2.8384263125128477
0.11906644267232105,-0.520684762717316,0.23739745031600223,1790750140,765600292,0.13199999928474426,0.1269553770706361,-0.5336003808980693,0.368526971524007,-2.7926053076300383
0.12893661802706102,-0.5201009332240697,0.2360897495538524,1790750140,815699339,0.13300000131130219,0.13061399293082024,-0.5330807998051728,0.36844423503045187,-2.746557070394654
0.1386733542710471,-0.5197666791682013,0.23723129700183945,1790750140,865299957,0.13199999928474426,0.13421458859462018,-0.5325878650221527,0.3685314737462507,-2.7012765410950226
0.14844519792931185,-0.5193762713279544,0.23783024349005036,1790750140,915288207,0.13199999928474426,0.1378320857078831,-0.5321084568822074,0.36878540036124774,-2.655698242530488
0.15820386219839386,-0.5190311071431554,0.23888667000316743,1790750140,965646764,0.13199999928474426,0.14144547327257984,-0.5316458635451189,0.36920943905256554,-2.6100106497392606
0.16811954142826724,-0.5185446618610573,0.23841094006339833,1790750141,15377818,0.1340000033378601,0.14498843943903747,-0.5312057771921327,0.36979072988620015,-2.5649337267334293
0.1779968739566648,-0.5181988793422457,0.239398714567984,1790750141,65575875,0.13500000536441803,0.14853119411633964,-0.5307796109753329,0.3705417675731531,-2.51950261480721
0.18780044453848174,-0.5179001231017587,0.240835091021961,1790750141,115456911,0.13600000739097595,0.152013275361564,-0.5303721857475848,0.3714479854313828,-2.4743715558671067
0.19633923051296368,-0.5180084349209677,0.24652272265641678,1790750141,165247456,0.13300000131130219,0.1554510119729053,-0.52998168805123,0.37251397291970084,-2.429261526282291
0.20594907524523529,-0.5177932770635806,0.24884790199384518,1790750141,215403855,0.1340000033378601,0.15886234340319338,-0.5296037317658493,0.3737452748193287,-2.3838091684559277
0.21541231647889014,-0.5176247722709421,0.2516022882687344,1790750141,265282206,0.13500000536441803,0.16218880873534738,-0.52924493140238,0.3751224549364733,-2.3387196583986003
0.2239771924105164,-0.5176672091805844,0.25663178423818267,1790750141,315573680,0.1340000033378601,0.16547428923472754,-0.5288981648634762,0.37666210061283745,-2.2932773436562464
0.23265234724877393,-0.5176636328908956,0.2611116174367718,1790750141,365276632,0.1340000033378601,0.1686564363907743,-0.5285701544805952,0.37833606913015744,-2.248276786933975
0.24221634118525387,-0.5175396802968947,0.2643213607171261,1790750141,415369188,0.13600000739097595,0.1717840370412957,-0.5282534797047267,0.38016827282775256,-2.2029069110042223
0.2499948518991818,-0.5176921892630053,0.2704777754680441,1790750141,465405114,0.13500000536441803,0.17481309272622306,-0.5279527424905559,0.382135402092994,-2.157728392197626
0.25755639321607543,-0.5178755857804272,0.2770428468948366,1790750141,516196608,0.1340000033378601,0.17779055449695477,-0.5276610240754434,0.38426997529691675,-2.1118948790244394
0.2644237986695955,-0.518081702566332,0.2836472236284488,1790750141,565198696,0.13300000131130219,0.18054131015682318,-0.5273954086428934,0.38643819282725744,-2.068103454075557
0.27181236781839724,-0.5182495715230103,0.28995052879897176,1790750141,615631827,0.13300000131130219,0.18326415876503713,-0.5271343346290914,0.3887901767485554,-2.023108507458367
0.2789189838384337,-0.5184493313100353,0.2966014322453666,1790750141,665569151,0.13300000131130219,0.1858838485117987,-0.526885110554448,0.39127086539092115,-1.9780139090792626
0.28275765349552945,-0.5189166284214651,0.3062585753213205,1790750141,715190594,0.1289999932050705,0.18837712165993625,-0.5266478040035648,0.3938573331975459,-1.9330991554407189
0.292287644927406,-0.5189397441656577,0.31097906456264096,1790750141,766482988,0.13300000131130219,0.19081161679031214,-0.5264159584770469,0.3966278957391159,-1.887010597670452
0.2950658807351238,-0.519424554717968,0.320762298720265,1790750141,815290826,0.1289999932050705,0.19300210828619468,-0.5262051424240848,0.3993626055311237,-1.843213432812191
0.30317461403871937,-0.5195700672061869,0.32672094199113,1790750141,865267011,0.13199999928474426,0.19512692665918266,-0.5259982893783925,0.40227473092862237,-1.7981741699852922
0.30686112872695065,-0.5199851592106647,0.3358382760231726,1790750141,915254835,0.12999999523162842,0.1971177743542297,-0.5257997962093256,0.40528310972461223,-1.7530885086685881
0.3117604483318059,-0.5203203161761109,0.3439572448164179,1790750141,965118112,0.12999999523162842,0.1989508247681077,-0.5256120746219336,0.40834656756632093,-1.7084898584850827
0.31634867442656406,-0.5206789628654347,0.35241657943146165,1790750142,15811744,0.12999999523162842,0.2006670495599627,-0.5254287994925471,0.4115367915459498,-1.6632195821180185
0.3195550742346993,-0.521079230883448,0.36132728632896,1790750142,65609715,0.1289999932050705,0.2022068810676427,-0.525255073946207,0.41474041338636614,-1.618804483609702
0.3223240193972657,-0.5214841131460743,0.37030617222412376,1790750142,115273121,0.12800000607967377,0.20359588260232828,-0.5250873802698766,0.4179994375310167,-1.5745192284435223
0.32618740822820524,-0.5218002499971663,0.37766409814512186,1790750142,165645910,0.1289999932050705,0.20469841554724508,-0.5249446999935893,0.42092534337100324,-1.535411432116647
0.3277551178566605,-0.522159383795421,0.38548046059773744,1790750142,215340723,0.12800000607967377,0.20564479497757754,-0.5248113353995598,0.42376933307332665,-1.4979055259113043
0.32901078239139203,-0.5223461250740934,0.3896301591792316,1790750142,265208065,0.12800000607967377,0.2061180535850905,-0.5247391153238478,0.42534643502935254,-1.4772966643247483
0.3309732960238914,-0.5224892276638795,0.3929138479281967,1790750142,315479279,0.1289999932050705,0.20649386310594434,-0.5246783116507653,0.4266936782805373,-1.4597873472366587
0.3292429045297225,-0.5225564113847482,0.39417743517246884,1790750142,366241301,0.12700000405311584,0.20656936814427118,-0.5246656444683692,0.42697614911033166,-1.4561266403233446
0.32930138660028585,-0.5225662393103246,0.394396433209523,1790750142,415086852,0.12700000405311584,0.20659149726627127,-0.5246618846103518,0.427059751471785,-1.4550437706100527
0.32931096753560984,-0.5225678537441688,0.3944324043766609,1790750142,465456548,0.12700000405311584,0.20659512254433895,-0.5246612673284147,0.4270734833590585,-1.4548659324645996
0.3312434899838204,-0.5225348867809764,0.39391837444131084,1790750142,515339102,0.1289999932050705,0.2065951225443389,-0.5246612673284146,0.4270734833590586,-1.4548659324645996
0.33027723595896125,-0.5225513701397604,0.3941753874940648,1790750142,565205417,0.12800000607967377,0.2065951225443389,-0.5246612673284146,0.4270734833590586,-1.4548659324645996
0.33220975840717193,-0.5225184031765681,0.3936613575587147,1790750142,615263954,0.12999999523162842,0.2065951225443389,-0.5246612673284146,0.4270734833590586,-1.4548659324645996
0.3312434899838204,-0.5225348867809764,0.39391837444131084,1790750142,665487584,0.1289999932050705,0.2065951225443389,-0.5246612673284146,0.4270734833590586,-1.4548659324645996
0.3312434899838204,-0.5225348867809764,0.39391837444131084,1790750142,715558613,0.1289999932050705,0.2065951225443389,-0.5246612673284146,0.4270734833590586,-1.4548659324645996
0.3312434899838204,-0.5225348867809764,0.39391837444131084,1790750142,770416059,0.1289999932050705,0.2065951225443389,-0.5246612673284146,0.4270734833590586,-1.4548659324645996
0.33027723595896125,-0.5225513701397604,0.3941753874940648,1790750142,816463829,0.12800000607967377,0.2065951225443389,-0.5246612673284146,0.4270734833590586,-1.4548659324645996
0.3309267282717257,-0.5223459157426397,0.39275121703396076,1790750142,865211990,0.1289999932050705,0.20647723114904626,-0.5245459810537852,0.426640457589735,-1.4609381933109864
0.32957269350911,-0.5221360126052997,0.39161612236521154,1790750142,916034938,0.12800000607967377,0.20633157006074226,-0.5244070651314201,0.42611930146517724,-1.468259078033806
0.3291967881014236,-0.5213810201510504,0.3868110039555871,1790750142,965568529,0.1289999932050705,0.20583271564043276,-0.5239567068162627,0.42443639047785786,-1.4920016581921298
0.326619815230827,-0.5205791126230256,0.38207654495247767,1790750143,15394602,0.12800000607967377,0.20522513996828,-0.5234525586456996,0.4225620693068943,-1.5186408574224382
0.32496065490108716,-0.5193640170299729,0.3744871075808382,1790750143,65303343,0.1289999932050705,0.2042511156446442,-0.5227224258977768,0.41986250255743485,-1.5574145641573487
0.31913237692172386,-0.5181985857313545,0.3680589742236234,1790750143,115338296,0.12600000202655792,0.2031045284030625,-0.5219524641113764,0.41704312753804923,-1.5985005459384636
0.3184666783025507,-0.5168444745297727,0.3593080240542534,1790750143,165292537,0.1289999932050705,0.2018213118984783,-0.521174040559598,0.41422716098630386,-1.6402443272201142
0.3164868697226919,-0.5155126791574273,0.35091902062463287,1790750143,215250064,0.13099999725818634,0.20041576746540796,-0.5203976516494386,0.41145525395787097,-1.6821281226905678
0.3089268202597508,-0.5144263567842157,0.34553560807445916,1790750143,265404862,0.12700000405311584,0.198896897317245,-0.5196274427194193,0.4087445140280691,-1.723995073055653
0.3062513555497358,-0.5131015271648152,0.3373233754416695,1790750143,316200828,0.1289999932050705,0.19724492121692608,-0.5188539133316447,0.40606568827985345,-1.766362140280976
0.3017194940109863,-0.5119193324956809,0.3305433011484685,1790750143,365260907,0.1289999932050705,0.1955470815808185,-0.5181149009808705,0.4035503694145748,-1.8072081218009797
0.2967627095923089,-0.5107170442972278,0.32374486121485313,1790750143,415868474,0.1289999932050705,0.19368920138187168,-0.5173594686946603,0.4010282899057799,-1.8493300667700343
0.29313594832371737,-0.5094375591846351,0.315966536269671,1790750143,465619547,0.13099999725818634,0.19175016771309814,-0.5166203501822431,0.39861234853565874,-1.8909768542251757
0.28689538645814605,-0.5083381111197918,0.31026311815346896,1790750143,515328490,0.12999999523162842,0.18971081510297258,-0.51588857874783,0.39627560730087447,-1.932631041870574
0.28403366657087437,-0.5069565129202739,0.30137105077723647,1790750143,565288731,0.1340000033378601,0.18756952258829349,-0.5151631474736907,0.39401726478278065,-1.974416855834153
0.2764978612476807,-0.5059490375280052,0.29676243280746517,1790750143,615654196,0.13199999928474426,0.18531685710049564,-0.5144405264673783,0.3918304027525314,-2.01652710674251
0.27028328692898906,-0.5048644172665409,0.29113500930291325,1790750143,665187045,0.13199999928474426,0.18302090257720385,-0.5137412814010102,0.38977819138638,-2.05781630334916
0.2649322593830311,-0.5036354158405607,0.2840772512641525,1790750143,716031401,0.1340000033378601,0.1805780844515858,-0.5130331364171616,0.3877693768771699,-2.100175840864325
0.2570124331810253,-0.5027398287558118,0.2805201358939801,1790750143,766027243,0.13199999928474426,0.17811703361481215,-0.5123529149026907,0.38591038360785895,-2.1414681123015855
0.25242031277401067,-0.5014291932698989,0.2724081468407012,1790750143,816001150,0.13600000739097595,0.17558461840359013,-0.5116834944682699,0.38415396281559094,-2.1826832740669944
0.24588556925870358,-0.5003744699992337,0.2669996223975064,1790750143,865217018,0.13699999451637268,0.17302241615013095,-0.5110347274641881,0.3825258892260668,-2.2232647471578266
0.23793367971879478,-0.49947928891293797,0.2634606930347417,1790750143,915606316,0.13600000739097595,0.17033136513584293,-0.5103807188213548,0.380964258509688,-2.2648120323999725
0.2295451879371793,-0.4987163003348464,0.26121506018151497,1790750143,965166073,0.1340000033378601,0.16762481374083968,-0.5097489365842954,0.37953728586764357,-2.3056515818946157
0.22266574166476266,-0.4976311809723562,0.2556521863035358,1790750144,15901521,0.13600000739097595,0.16479455290365605,-0.5091131443061974,0.3781882709468857,-2.3474555400458748
0.21482878636024685,-0.49675500333061323,0.25222500666448533,1790750144,65254768,0.13600000739097595,0.16195273210920252,-0.5084985167357982,0.37697361302980054,-2.3886419566599617
0.20734020619370602,-0.4957099338967356,0.24716900455557714,1790750144,115817205,0.1379999965429306,0.15898243562760936,-0.5078789212372479,0.375844724172108,-2.430943159131372
0.19912582296502232,-0.49488896130761767,0.2443487295607204,1790750144,165775205,0.1379999965429306,0.1560312817651915,-0.5072850033235226,0.3748600229684744,-2.4723365533708064
0.18978925523795198,-0.49447276766086073,0.2457134926191156,1790750144,215313472,0.1340000033378601,0.15307011041400542,-0.5067086430589791,0.3740021852275691,-2.5133115517082687
0.18201265369050693,-0.49353837013092056,0.24166947289574997,1790750144,265402398,0.13600000739097595,0.15005122474378654,-0.5061402423413126,0.37325846136675467,-2.554613730068671
0.17343906165321443,-0.49291516749924436,0.24085723295665692,1790750144,315346870,0.13500000536441803,0.14701243446629617,-0.5055857876596119,0.3726376951225949,-2.595772780759509
0.16506129940859793,-0.49223519770555524,0.23941772597467095,1790750144,365052461,0.13500000536441803,0.14395993615199135,-0.5050460348627475,0.3721415609420103,-2.63679109529395
0.15673582981374154,-0.4913867221280236,0.2363216525444648,1790750144,415484176,0.13699999451637268,0.14084133634823973,-0.5045106881762974,0.3717621379619537,-2.6784192476692015
0.1481090062792069,-0.4909708502050297,0.23754254276631792,1790750144,465255962,0.13500000536441803,0.13778260776115983,-0.5040009779302133,0.37151486346542645,-2.719060317024176
0.13947352039525096,-0.4903816055725024,0.23711138006468951,1790750144,516394115,0.13500000536441803,0.13463558268036963,-0.5034909041570632,0.3713862552189069,-2.7607350746669463
0.13121427615991993,-0.49014406488819456,0.24001333348471549,1790750144,565167915,0.13199999928474426,0.131622824880491,-0.5030159423031547,0.37138360284171135,-2.8005761484119556
0.12274113997085147,-0.4895319612203429,0.23926582425767107,1790750144,615588778,0.13300000131130219,0.1285067104414749,-0.5025371116220897,0.3715028259212849,-2.8417787658335625
0.1143085373206276,-0.489053317219155,0.23985169613700516,1790750144,665290249,0.13300000131130219,0.1254049283561579,-0.5020728821013309,0.3717469628643286,-2.8828661301808927
0.10591409793662773,-0.48870002898404846,0.24177555726372607,1790750144,715549084,0.13199999928474426,0.12227104578396833,-0.5016152014499016,0.3721199027048273,-2.9245088674573574
0.09767364602549053,-0.48829342060129455,0.24301811932887904,1790750144,765133730,0.13199999928474426,0.11922548399412096,-0.5011813130546254,0.37260754914264804,-2.965184138594613
0.08870756815230164,-0.48761998969494114,0.24169810911438144,1790750144,815842372,0.13500000536441803,0.11613646715947515,-0.500751077885363,0.3732284534102227,-3.006704570493816
0.08173395565055336,-0.48776744442337644,0.24843634971039588,1790750144,865199193,0.12999999523162842,0.11315524720811011,-0.5003453140572841,0.37395327443591186,-3.0471140296942902
0.07259747848387343,-0.48707183081161615,0.24682531678913952,1790750144,915204332,0.1340000033378601,0.11016395538458067,-0.49994648098814803,0.37480580003032393,-3.088053471547523
0.06511959112017784,-0.48698630769951257,0.2513012072361041,1790750144,965905067,0.13199999928474426,0.1071930978921371,-0.4995587079756932,0.37578315207300755,-3.1291960682381044
0.057696741426944045,-0.48683974381141076,0.25505685789596033,1790750145,15707362,0.13099999725818634,0.10431777238805137,-0.4991903667343418,0.3768556299225447,-3.1695422425096993
0.05000734509958558,-0.4866281141555579,0.2581997302102085,1790750145,65510334,0.13099999725818634,0.10146238893618502,-0.49883144069952395,0.37805154107128724,-3.2102216151497642
0.04284576814054069,-0.4865385207231602,0.26255685283285435,1790750145,115440037,0.12999999523162842,0.09864312123779764,-0.4984828668973924,0.3793643300850985,-3.251065787759013
0.03637071024838196,-0.48656847038568457,0.2680554724000035,1790750145,165278638,0.12800000607967377,0.09588020675038705,-0.4981469711522351,0.38078772023740515,-3.291864367926131
0.029164283053090698,-0.48644399447555947,0.27205881331868415,1790750145,215282629,0.12800000607967377,0.09316467099612179,-0.4978214537592318,0.38232442590840504,-3.332803399794529
0.022163983691526418,-0.4863505192735542,0.2763212849670748,1790750145,265194527,0.12800000607967377,0.09052739133745699,-0.49750979540120155,0.3839591807461161,-3.373494942642209
0.01578000137959261,-0.48636994023701874,0.28176230479425174,1790750145,316073206,0.12700000405311584,0.08790787204569052,-0.4972036909435523,0.38572961286892865,-3.4149417706999468
0.00865271529822309,-0.4862495087128052,0.2856929492477194,1790750145,365746547,0.12800000607967377,0.08543689403874385,-0.4969181506578415,0.38754760810331074,-3.4551369026216343
0.0048529223762378,-0.48656610136741085,0.2937434967220933,1790750145,415104415,0.12399999797344208,0.08305472495229835,-0.49664492202252725,0.3894456124012699,-3.4950328596349496
-0.0006251872699158528,-0.48665492233558416,0.29971421402390175,1790750145,465345379,0.12300000339746475,0.08069617976428921,-0.496376357378022,0.39148201774710367,-3.5358285056775807
-0.005129427237163156,-0.4868411505865341,0.3065772774443975,1790750145,515430648,0.12099999934434891,0.07842350627161522,-0.49611844434306746,0.3936050831386989,-3.576534843172879
-0.011389523291889109,-0.4868194927104133,0.31141505954072046,1790750145,565115008,0.12200000137090683,0.07626250327381555,-0.49587378421806017,0.3957900699331396,-3.6167395745722315
-0.015341942258568497,-0.4870424499051675,0.318617514472983,1790750145,615751696,0.11999999731779099,0.0741498392069666,-0.4956341123272146,0.3980996114711142,-3.6576811055630847
-0.01963959787301453,-0.48720785963659297,0.32517973372850206,1790750145,665462482,0.11900000274181366,0.07216332500686033,-0.49540795593826753,0.4004524540454049,-3.6979407380070155
-0.022911485325298783,-0.48745655474318217,0.3325487038758805,1790750145,715752835,0.11699999868869781,0.07024695869472926,-0.495187855845957,0.4029101349598261,-3.7386810857547594
-0.0282530028814216,-0.48752428040721,0.33820500394602476,1790750145,765324129,0.11800000071525574,0.06844771274488236,-0.4949788990469764,0.4054166132638851,-3.7789955144979226
-0.029221038968874735,-0.48791963641742253,0.3468425948697518,1790750145,815322212,0.11400000005960464,0.06673143193989102,-0.4947760542037358,0.4080154064385512,-3.8196850479574476
-0.03577496259303714,-0.48790949075897294,0.3518189056917338,1790750145,865367972,0.11699999868869781,0.06512870246450306,-0.4945825832466851,0.41066548509751977,-3.860129304260228
-0.04042732134766712,-0.48804383947201996,0.3580978870993994,1790750145,915540695,0.11800000071525574,0.06362842972676121,-0.4943961489457483,0.41337943014485845,-3.9006235939007556
-0.03944159762314076,-0.4885047840247265,0.3671814989609292,1790750145,965658242,0.11299999803304672,0.062237999039779855,-0.4942169963147055,0.4161470971773154,-3.9410556329712008
-0.04165803417297073,-0.48875749830518483,0.3743980665131598,1790750146,15410815,0.1120000034570694,0.06096529506168891,-0.494045507970811,0.41894568176868674,-3.9811900794430493
-0.04448329492300382,-0.48897248216269606,0.38123733621664224,1790750146,65322944,0.1120000034570694,0.05981098261086368,-0.4938820265862985,0.42176634831445753,-4.020981528800239
-0.04612985546671406,-0.489244019053264,0.3886017091885596,1790750146,116040355,0.11100000143051147,0.05875165025055005,-0.49372193906813705,0.4246685680536375,-4.0613268662663256
-0.04677694995341751,-0.48944386222509817,0.39373591910653816,1790750146,165720215,0.10999999940395355,0.05809356351757557,-0.49361513132270907,0.42667185369651695,-4.0888680525891
-0.04716981331462313,-0.48963124157885796,0.3984835620202398,1790750146,215107953,0.10899999737739563,0.05753379101722408,-0.49351851014247994,0.4285342493885268,-4.114273022776028
-0.04864288156773811,-0.48965775032890796,0.4000135518871376,1790750146,265253166,0.10999999940395355,0.05732175487509975,-0.49348021529232783,0.42928614066931403,-4.124480152151452
-0.04706387126775777,-0.4897703048678346,0.40181142652991486,1790750146,315415417,0.1080000028014183,0.05717635358044823,-0.4934533242475165,0.42981877372579746,-4.131694506580739
-0.048083977757361764,-0.48974320541470595,0.4017553104149467,1790750146,366107651,0.10899999737739563,0.057153500405859044,-0.49344904761787023,0.42990383349668454,-4.132845401763916
-0.04615301808901354,-0.4898112024054784,0.4022717962120514,1790750146,415858641,0.10700000077486038,0.057153500405858995,-0.4934490476178703,0.42990383349668465,-4.132845401763916
-0.04615301808901343,-0.4898112024054782,0.40227179621205145,1790750146,465302806,0.10700000077486038,0.05715350040585907,-0.4934490476178701,0.4299038334966847,-4.132845401763916
-0.04808397775736181,-0.4897432054147059,0.4017553104149468,1790750146,515426232,0.10899999737739563,0.05715350040585901,-0.4934490476178702,0.4299038334966846,-4.132845401763916
-0.048083977757361715,-0.4897432054147061,0.40175531041494683,1790750146,565361686,0.10899999737739563,0.05715350040585909,-0.4934490476178704,0.4299038334966846,-4.132845401763916
-0.0490494611882347,-0.48970920679266516,0.40149706655436324,1790750146,615887827,0.10999999940395355,0.05715350040585899,-0.4934490476178701,0.4299038334966847,-4.132845401763916
-0.04808397775736181,-0.4897432054147059,0.4017553104149468,1790750146,671886334,0.10899999737739563,0.05715350040585901,-0.4934490476178702,0.4299038334966846,-4.132845401763916
-0.04518753465814052,-0.48984520102751894,0.40253004007263504,1790750146,715749271,0.10599999874830246,0.05715350040585911,-0.4934490476178702,0.4299038334966846,-4.132845401763916
-0.04686776428234138,-0.48963051769799626,0.40110896614074554,1790750146,765505501,0.1080000028014183,0.05725909568351642,-0.4933529948430963,0.42952974731687094,-4.127831883930684
-0.04366621698244064,-0.4895558027503812,0.4008077073048252,1790750146,817028925,0.10499999672174454,0.057391370887216325,-0.4932351801701824,0.42907120721788583,-4.121677128194004
-0.045511983988836296,-0.4888822130722656,0.39650030963749805,1790750146,865305898,0.1080000028014183,0.05782962648457461,-0.4928622256150277,0.4276237999627753,-4.102178767867741
-0.04609670228163193,-0.48813905790175455,0.39178874135145847,1790750146,915745771,0.10999999940395355,0.05838235749946913,-0.4924249855045243,0.4259319216472467,-4.079239901057959
-0.043060248376525584,-0.4872196473763899,0.3861953048409352,1790750146,965596530,0.10899999737739563,0.059253886710922465,-0.49179587265307184,0.4235031505546286,-4.046000747297376
-0.04341085409240855,-0.48608023004400236,0.37889959998595163,1790750147,15449288,0.1120000034570694,0.06026627047945522,-0.49113458024265044,0.42096512219789173,-4.0108249519797825
-0.03974948251813668,-0.48510449934545946,0.3729996264483472,1790750147,65515168,0.11100000143051147,0.06139455235402782,-0.49046359004385603,0.41841068979460994,-3.974901260548635
-0.036794058044451156,-0.4840991987301536,0.36684640432728394,1790750147,115263695,0.11100000143051147,0.06261250947370131,-0.48979993295653673,0.4159059220696414,-3.9390958285420345
-0.0371385388132085,-0.48289260084456226,0.3589250304061978,1790750147,165216232,0.11500000208616257,0.06391864741221233,-0.4891438563973149,0.41345362286953025,-3.903394468215606
-0.03192277501267818,-0.4820109807349524,0.3538482447039689,1790750147,215698827,0.11299999803304672,0.06532759560195131,-0.48848759078118387,0.4110270737676601,-3.867362360750772
-0.02913212807787685,-0.4809882254250305,0.3474915088062705,1790750147,265362307,0.11400000005960464,0.06680772872465746,-0.4878461680949431,0.40868393082595583,-3.831778614288591
-0.030150605931709387,-0.4796495680352087,0.33830731699074035,1790750147,315565104,0.11999999731779099,0.06839157363530858,-0.4872038763110889,0.406368837903253,-3.7957846255700485
-0.024331747390663683,-0.47882735788587694,0.33372956048135227,1790750147,365486974,0.11800000071525574,0.0700497228978463,-0.4865732517021422,0.4041294139184626,-3.7600367812078486
-0.019915325212429613,-0.47788970922003177,0.3281316330532651,1790750147,415785911,0.11800000071525574,0.07180254060351945,-0.4859451085338867,0.4019350462593104,-3.72402672336729
-0.015341821590227706,-0.47698007150126576,0.3227541482711138,1790750147,465399076,0.11800000071525574,0.07361806115252538,-0.4853310139992677,0.3998281464195883,-3.6883755808305256
-0.011245939967726937,-0.47600519436577743,0.31680360921700496,1790750147,515568123,0.11900000274181366,0.07553288675739546,-0.48471726810672205,0.3977636960246115,-3.652301834089486
-0.0076635223604366864,-0.47497940044735554,0.31032799789967913,1790750147,565404391,0.12099999934434891,0.07750352086581208,-0.48411811464497934,0.39579178258210973,-3.6165970428540195
-0.002388849671851656,-0.4741121148847519,0.30535305582295574,1790750147,615738013,0.12099999934434891,0.07956500006601293,-0.48352148931495686,0.3938744093333272,-3.580559465856708
0.00234716741808684,-0.4731971115198232,0.29987860973394165,1790750147,665439410,0.12200000137090683,0.08167047261218346,-0.48294099314144234,0.392057079880334,-3.5449691643836085
0.0068052597996171305,-0.4722003366389211,0.29368264996846516,1790750147,716175978,0.12399999797344208,0.0838874197480009,-0.48235702507410216,0.3902806923665183,-3.508636768431208
0.013142413182267068,-0.47149524449378666,0.29014962364761954,1790750147,765692115,0.12300000339746475,0.0860991633812643,-0.4817999877346975,0.3886388398233835,-3.4734216278824377
0.01790249786579451,-0.4705563266361679,0.28438718297444815,1790750147,815429549,0.125,0.08837699404115124,-0.481249687335521,0.3870711516637385,-3.4380888443088287
0.02192147621714763,-0.4694521189828589,0.2770406399835588,1790750147,865371678,0.1289999932050705,0.09073424646723058,-0.4807033703819637,0.38557271007978283,-3.402412735850964
0.028350601067712033,-0.4687127762864699,0.2732027036542295,1790750147,915342437,0.1289999932050705,0.0931492023203793,-0.4801653211742537,0.3841575536527733,-3.366679697311952
0.03492635621567364,-0.46799730881933643,0.2695956600297958,1790750147,965385317,0.1289999932050705,0.09561964796150736,-0.4796361279235894,0.3828293143637518,-3.3308874611866397
0.042080275605186304,-0.46739698327564927,0.26711717565634685,1790750148,15514892,0.12800000607967377,0.098142255825841,-0.4791154951138854,0.3815887110283884,-3.295031955262333
0.04727208902857653,-0.4663603333085603,0.2603642942103589,1790750148,65485151,0.13199999928474426,0.10071353048413728,-0.47860421657789043,0.3804396849813715,-3.2591264549546337
0.05480309192718865,-0.46580049701343207,0.2583256004019254,1790750148,116144247,0.13099999725818634,0.10336448319666418,-0.478095450184199,0.3793694961015698,-3.222695445063029
0.06146856585736253,-0.4650999629981677,0.25478657134100047,1790750148,165512327,0.13199999928474426,0.10596992163031714,-0.47761274449601987,0.37842741994989837,-3.1874050046384212
0.06899273193356323,-0.4646070128611234,0.2533425585765405,1790750148,215584532,0.13099999725818634,0.10864348525036073,-0.47713346841992166,0.3775677772488727,-3.151647416516901
0.07490386542706655,-0.4635661732792551,0.2464364012836118,1790750148,265435216,0.13600000739097595,0.1113411817824781,-0.47666573537191115,0.37680789149578137,-3.1159777105498243
0.08264093687788324,-0.4631270801157191,0.2455069053192613,1790750148,315302429,0.13500000536441803,0.11406737809937019,-0.4762076803402491,0.37614487123388873,-3.08028329204485
0.09013970974768115,-0.4626216077873702,0.24389703585103356,1790750148,365205595,0.13500000536441803,0.11680478851075206,-0.47576198227991545,0.3755834268758763,-3.0447477419120093
0.0975718747026301,-0.4620429683067816,0.24156862147158467,1790750148,415427309,0.13600000739097595,0.11957647515027761,-0.47532393779150695,0.3751179210542882,-3.0090190346430536
0.10520948612321697,-0.4615917185347021,0.24049701907023432,1790750148,465210679,0.13600000739097595,0.12235147006309446,-0.47489827037915,0.3747545703474773,-2.9734556419509204
0.11317493892504164,-0.46135746196276844,0.2416727104220614,1790750148,515695968,0.1340000033378601,0.12518000488261358,-0.47447653694346875,0.37448750311305506,-2.937363658762334
0.12063278216718706,-0.46076879734782183,0.23917717271081865,1790750148,565004761,0.13600000739097595,0.12795477730248273,-0.47407441987272986,0.37432653751439027,-2.902069462607907
0.12841667251974817,-0.46029824356086807,0.23793911852577962,1790750148,615269198,0.13699999451637268,0.1307887454184475,-0.47367457995760504,0.3742638976095938,-2.8660833670342547
0.13622189393355644,-0.4599555129745669,0.23797934921856143,1790750148,665333087,0.13699999451637268,0.13361139182243187,-0.4732870051987998,0.37430416387564863,-2.830259531769225
0.1440084464602557,-0.459640897530249,0.2383008300930158,1790750148,715321208,0.13699999451637268,0.1364268469473543,-0.4729101361962808,0.3744457717968338,-2.794493360408666
0.15185381674746382,-0.45925844477118477,0.23791091476124138,1790750148,765298476,0.1379999965429306,0.13923093540198692,-0.47254427192906895,0.37468864945924585,-2.75879601897432
0.15930948424326677,-0.4592843844729628,0.24176634135166344,1790750148,815780228,0.13500000536441803,0.1420522689637995,-0.47218489397618596,0.3750358683402,-2.7227499529736616
0.1675044095260425,-0.45867460041070773,0.238975597257865,1790750148,865397004,0.13899999856948853,0.14480532915827754,-0.47184256478608044,0.3754759857810647,-2.687408607347507
0.17500155760067054,-0.45856576733923865,0.24139420014508328,1790750148,915416875,0.1379999965429306,0.14756240156151257,-0.47150726513888525,0.376018155652301,-2.6517958810567555
0.18215519458516233,-0.4585739188566393,0.24504510808608743,1790750148,965359440,0.13600000739097595,0.15030607841617463,-0.4711809414436518,0.37666083203687684,-2.6160913531484424
0.18990744768673185,-0.4583290010218239,0.24605629655004568,1790750149,15249698,0.13699999451637268,0.15302453578793654,-0.4708642197272828,0.3774013291906376,-2.580396586985543
0.1967501346871857,-0.4583829276302323,0.2502040954058912,1790750149,65229828,0.13500000536441803,0.15571901542234987,-0.47055661246821573,0.3782402235015704,-2.5446521672990676
0.2044033909961739,-0.45819002874685216,0.25176896491963563,1790750149,115346921,0.13600000739097595,0.15838892004709149,-0.4702574817480523,0.3791779404735007,-2.508812516815704
0.21204693799033558,-0.45802520465543595,0.2536291843555452,1790750149,165270347,0.13699999451637268,0.161030897715933,-0.46996689839971945,0.3802141679939074,-2.4728772441932545
0.2192734060159151,-0.457973737419262,0.25670124953121387,1790750149,215327209,0.13699999451637268,0.16364399202444235,-0.46968426903735,0.38134967609839215,-2.4368014991700324
0.22632375827047083,-0.4579471141473476,0.26000473822143405,1790750149,265270801,0.13699999451637268,0.16619388927383372,-0.46941291985643196,0.382568732328084,-2.4010216103740034
0.23472838950791042,-0.4576988067379629,0.2609603102915758,1790750149,315737850,0.14000000059604645,0.1687216395252175,-0.469147742835591,0.38389131120610387,-2.364907045375989
0.2405105111343084,-0.45788431922323225,0.2664815869804521,1790750149,365437663,0.1379999965429306,0.17114269812243715,-0.46889718081878706,0.3852705698167239,-2.329639213957725
0.24709907108326445,-0.45792821691494057,0.2704845768917764,1790750149,415227348,0.1379999965429306,0.17351422794784563,-0.4686544853713503,0.3867352417138999,-2.2943590109591945
0.25312745352877736,-0.4580709929437229,0.2756443571011964,1790750149,465765156,0.13699999451637268,0.17588756712495468,-0.46841414698053047,0.38832096341493655,-2.258236170697847
0.26010037813222153,-0.4580841967398124,0.2793813135406596,1790750149,516061981,0.1379999965429306,0.17819463193362842,-0.46818240698889185,0.3899863492997329,-2.2222268816378943
0.2662737206245255,-0.4581927043733648,0.284117511480787,1790750149,565710915,0.1379999965429306,0.1804172973242645,-0.4679606365347556,0.39171519326448406,-2.18659305303476
0.27166014913917347,-0.45839018587204944,0.2898615036576734,1790750149,615659600,0.13699999451637268,0.1825903433876914,-0.4677446739599754,0.39353436294829125,-2.1507289207221567
0.27745710768300513,-0.45853539881174316,0.2950132022894947,1790750149,665472618,0.13699999451637268,0.18468737475423783,-0.4675366648733398,0.3954211320515393,-2.115030398865746
0.2824171956286119,-0.45876372256866893,0.3011337546362652,1790750149,715815332,0.13600000739097595,0.1867358171916271,-0.4673332772794877,0.39740232979349027,-2.078964050356543
0.2870526147391383,-0.4590019343122832,0.3073261243609741,1790750149,765382692,0.13500000536441803,0.18868549869877582,-0.4671390341985304,0.3994276962028054,-2.043383632463241
0.2907179375451184,-0.4593098761249112,0.3143474458903951,1790750149,815261414,0.13300000131130219,0.1905735961617207,-0.4669496276012266,0.4015354349432,-2.0075673594179726
0.2964331023484029,-0.45945965493050883,0.31958634441817785,1790750149,865367637,0.1340000033378601,0.19239442472193244,-0.4667651295147224,0.4037206685277901,-1.9715634726321323
0.30195755225819054,-0.4596296539789413,0.3250326796327697,1790750149,915268784,0.13500000536441803,0.19412816669965938,-0.4665869346606433,0.40596117463903153,-1.9357020261450364
0.3056514441791274,-0.45991639478986523,0.3318277893835203,1790750149,965181877,0.1340000033378601,0.19577692912006098,-0.4664143769705837,0.4082566325165979,-1.8999232454850887
0.30993100298046905,-0.46016582264948547,0.3382030033297114,1790750150,15289590,0.1340000033378601,0.19734720301471614,-0.4662461648879633,0.41061790730728254,-1.864022065653128
0.3105567503071551,-0.46059777225398213,0.3467955569192722,1790750150,65782028,0.12999999523162842,0.19883865343313326,-0.4660818154396594,0.4130450162484449,-1.8279536875611904
0.3160430061942399,-0.46078056983094023,0.35237801111742806,1790750150,116057622,0.13199999928474426,0.2002344739580428,-0.465922561524835,0.41551234087462197,-1.7920601056821464
0.3186436304749307,-0.46109152321856045,0.3594953466277178,1790750150,165711722,0.13099999725818634,0.201529427889715,-0.46576863764949955,0.41800506748736455,-1.7564901453171742
0.3218635884368306,-0.46137151539879767,0.36621775480323643,1790750150,215068423,0.13099999725818634,0.2027279909905681,-0.4656190770041712,0.42052859095197814,-1.7211128426883138
0.32397220012814876,-0.4616942573885518,0.37356586963444927,1790750150,265308758,0.12999999523162842,0.203856342089239,-0.46546936145014056,0.42314336449980183,-1.6850504340769383
0.32671782260522375,-0.46199042895811704,0.38055810771997617,1790750150,315203313,0.12999999523162842,0.20488233095787806,-0.4653234823614747,0.4257798114725255,-1.649226117126191
0.32985326754361866,-0.4622328955784852,0.3864202379538974,1790750150,365364314,0.13099999725818634,0.2056993855912519,-0.4651992362261666,0.4281097294471324,-1.617959661171337
0.32989619611623494,-0.46253902081366133,0.393130985663411,1790750150,415844742,0.1289999932050705,0.2064263979858162,-0.4650797259989406,0.43041036352441303,-1.5874056397752179
0.3337207341289421,-0.4626225776767725,0.39551311150133095,1790750150,465775992,0.13199999928474426,0.2067785594925124,-0.46501763939027546,0.43162332874154136,-1.5714121608280305
0.33351160109870975,-0.4627593647416071,0.3985008855584741,1790750150,515181823,0.13099999725818634,0.20705783087615628,-0.46496599233258484,0.43264139042909977,-1.5580448809921144
0.3317368774269601,-0.46281814929664233,0.3996028968553392,1790750150,565831076,0.1289999932050705,0.2071162171609328,-0.4649548875626009,0.4328613338503398,-1.5551636523753931
0.3327448663790002,-0.462808431417581,0.3995025282798239,1790750150,615938373,0.12999999523162842,0.20713184424448375,-0.4649518909441077,0.432920682204226,-1.5543867588011306
0.33178462099190953,-0.46282589652428446,0.39978220055308455,1790750150,665463834,0.1289999932050705,0.20713409491672213,-0.46495145868824334,0.4329292453923217,-1.5542746782302856
0.3337171913059024,-0.4627929420036101,0.39926829181262513,1790750150,715295407,0.13099999725818634,0.20713409491672213,-0.46495145868824334,0.4329292453923217,-1.5542746782302856
0.3346834764628988,-0.46277646474327283,0.3990113374423955,1790750150,765212592,0.13199999928474426,0.20713409491672213,-0.4649514586882432,0.4329292453923217,-1.5542746782302856
0.33081835023365486,-0.4628423735390918,0.40003915109440347,1790750150,815363843,0.12800000607967377,0.20713409491672213,-0.46495145868824334,0.4329292453923217,-1.5542746782302856
0.3337171913059024,-0.4627929420036101,0.39926829181262513,1790750150,865060046,0.13099999725818634,0.20713409491672213,-0.46495145868824334,0.4329292453923217,-1.5542746782302856
0.332750906148906,-0.46280941926394725,0.39952524618285484,1790750150,916613265,0.12999999523162842,0.20713409491672213,-0.46495145868824334,0.4329292453923217,-1.5542746782302856
0.33178462099190953,-0.46282589652428446,0.39978220055308455,1790750150,968259032,0.1289999932050705,0.20713409491672213,-0.46495145868824334,0.4329292453923217,-1.5542746782302856
0.3346834764628988,-0.46277646474327294,0.3990113374423955,1790750151,15516826,0.13199999928474426,0.20713409491672213,-0.46495145868824334,0.4329292453923217,-1.5542746782302856
0.33148503971342824,-0.4626523298749981,0.39867602992903706,1790750151,65612494,0.1289999932050705,0.2070225598498278,-0.4648476001978754,0.4325178700285438,-1.5599175340167928
0.33690467895685117,-0.4623432875959839,0.3957708513686185,1790750151,115438576,0.13500000536441803,0.20688891707921822,-0.46472601191163665,0.43203689246227994,-1.566526428195157
0.33088700604619453,-0.46178512700340824,0.39300343788853576,1790750151,165243075,0.12999999523162842,0.2064430422709836,-0.46433991356214793,0.43051572528582305,-1.5875130546771248
0.33036580438459995,-0.46103070173533767,0.388052961863201,1790750151,215537160,0.13099999725818634,0.20589686374877006,-0.4639018907179264,0.4287989846441467,-1.611363051032882
0.327081595171671,-0.45999442943968377,0.38169213928680934,1790750151,265311159,0.12999999523162842,0.20502952469690558,-0.4632684913595539,0.42633036698002275,-1.6459979493985752
0.32617067131979466,-0.4588083874606234,0.37387136902944734,1790750151,315750597,0.13199999928474426,0.20400210751158943,-0.46259136086839536,0.42371643839853407,-1.6831683747990105
0.3212863470061058,-0.4577413718410799,0.3676489282602826,1790750151,365392744,0.12999999523162842,0.20287278111547144,-0.46191484520319087,0.42113545266955377,-1.7204447397304148
0.31885734080769107,-0.456580407612541,0.36028248212751135,1790750151,415318021,0.13099999725818634,0.20163435650294312,-0.46123551928957046,0.4185757164485544,-1.7580586670714995
0.31789655171915615,-0.45534702401165367,0.3520361756092156,1790750151,465488522,0.1340000033378601,0.20030132268484038,-0.4605611150033776,0.41606879431283694,-1.7955996052353147
0.3131498619476702,-0.45427824408329426,0.34580276511254965,1790750151,515521171,0.13300000131130219,0.19887896279813805,-0.4598934983097621,0.4136233436734552,-1.8329888337352085
0.30736114507210677,-0.45327558460775647,0.34033442773466716,1790750151,565251262,0.13099999725818634,0.1973685118980715,-0.4592313828673699,0.411236814127353,-1.8702911852792707
0.30301800425331193,-0.45219360216849114,0.3339562788964628,1790750151,615302679,0.13099999725818634,0.19575626553416986,-0.4585692248197158,0.4088913849843341,-1.9078618082437988
0.2983836664686069,-0.4511132192821438,0.32767351943864886,1790750151,665775941,0.13099999725818634,0.1940362338069161,-0.4579044427736494,0.4065816423541456,-1.9458510004004563
0.2951372116058328,-0.4499547700341523,0.32040121657597687,1790750151,715433486,0.13300000131130219,0.1922565724083876,-0.45725547268999045,0.40437308191111465,-1.9832455752923932
0.2886155659916752,-0.4490395430649119,0.31588185055908324,1790750151,765165309,0.13099999725818634,0.1904100427211295,-0.45661713154258315,0.40224882708174614,-2.020327195346228
0.2848094177174814,-0.4478964171031667,0.3088431904487791,1790750151,815623043,0.13300000131130219,0.18845887772893352,-0.4559766635956843,0.4001683425665926,-2.0578822232641896
0.2793592506926334,-0.4468984449149199,0.30338923248145067,1790750151,865157846,0.13300000131130219,0.1864548324966118,-0.4553499391419598,0.39818554925481175,-2.0949743470486935
0.275617465358452,-0.4457019147498675,0.295831080477819,1790750151,915539200,0.13600000739097595,0.1843380535134569,-0.45471851513231293,0.39624408711102643,-2.1327407545500257
0.2683664336265005,-0.4448653001220754,0.2922201626129988,1790750151,965115726,0.1340000033378601,0.18217550714422964,-0.45410145958355985,0.3944053789854093,-2.1700367035671895
0.26398308388577296,-0.44368196433471335,0.2848977233254838,1790750152,15686340,0.13699999451637268,0.17989679589763188,-0.45347900955458303,0.3926126831723935,-2.20810510238487
0.2581574538257201,-0.4426661751681211,0.2793612725003719,1790750152,65768127,0.1379999965429306,0.17758360051893995,-0.4528725766966911,0.3909304554183441,-2.2456303632574857
0.2493781871785875,-0.4420558114451859,0.2782044204148535,1790750152,115519469,0.1340000033378601,0.17522451603703543,-0.45227834043671683,0.3893472737694187,-2.282877552742017
0.24328409773742032,-0.44109112252281946,0.2731977380857938,1790750152,165513145,0.13500000536441803,0.17280270039809728,-0.45169064871932857,0.3878494895852754,-2.320179159581522
0.2370003077305164,-0.440148210959958,0.26841654361664574,1790750152,215341969,0.13600000739097595,0.17033431711335553,-0.4511133775143805,0.38644794972456226,-2.35733434579475
0.2313918434476047,-0.43905506388462195,0.26206531705741565,1790750152,265191431,0.13899999856948853,0.16780284989176333,-0.4505415137492651,0.3851323758927515,-2.3946476997010406
0.22371851036471876,-0.4383090928263395,0.25946907003649033,1790750152,315227701,0.1379999965429306,0.1652100107038799,-0.44997571232355293,0.3839063815744439,-2.4321304111645228
0.21750251668603066,-0.43724174414666334,0.2534896572073164,1790750152,365313266,0.14100000262260437,0.16255677159624068,-0.44941531725099704,0.3827714036140528,-2.4698146761376565
0.2087678147698221,-0.4367121248868186,0.25326735613178,1790750152,415763999,0.1379999965429306,0.1598381756240432,-0.4488596428067476,0.3817287404746934,-2.507806560007546
0.2015628162954854,-0.435875037669504,0.24968760149810074,1790750152,465331202,0.13899999856948853,0.1571347374131563,-0.4483236697264777,0.38080654356618426,-2.5450477492479244
0.1934811647936421,-0.4352303288874341,0.24823369420655947,1790750152,515837019,0.1379999965429306,0.15434552019763167,-0.4477873513144941,0.37997101449078996,-2.582978965378697
0.18450641313059724,-0.4349947621474605,0.2509804058141789,1790750152,565384730,0.13300000131130219,0.1515659477888798,-0.4472679555602784,0.379250803082329,-2.620356550784995
0.17737443403739298,-0.43403921377346094,0.2462888835824015,1790750152,615764833,0.13600000739097595,0.14870957284290753,-0.4467493856894812,0.3786247414324627,-2.6583906431198097
0.16980964222309605,-0.4333100251915776,0.24384303896915904,1790750152,665213470,0.13699999451637268,0.14590281839897226,-0.4462532306251494,0.37811863505881643,-2.6954578114148995
0.16185491907884844,-0.4326921334745201,0.2426408765931274,1790750152,715527546,0.13699999451637268,0.143030921255683,-0.4457590147950414,0.3777109036753599,-2.733127198300117
0.1541523215256246,-0.4318133257286437,0.23876514340274904,1790750152,765611546,0.14000000059604645,0.14014209447615045,-0.4452740736626579,0.3774104533485677,-2.770816462746623
0.14603406225207632,-0.4312518565442516,0.23815342886514484,1790750152,815478555,0.14000000059604645,0.13725157840971344,-0.4448009887790994,0.37721920164958755,-2.8083771730629903
0.13787002346396762,-0.43081624950858305,0.23883965166914922,1790750152,865823224,0.13899999856948853,0.1343542490035588,-0.44433757518912825,0.3771357567629008,-2.84593358033115
0.12990774701932853,-0.4302251542715091,0.2378373583931246,1790750152,915268416,0.14000000059604645,0.13151030468538716,-0.44389323503231587,0.3771593435359441,-2.8827553197372473
0.12170609527655005,-0.4296517743440935,0.23713722413003394,1790750152,965428593,0.14100000262260437,0.12860801535053956,-0.4434492729773856,0.3772906874134327,-2.9203438821925
0.1137457693649979,-0.42940406701092837,0.23971724039582035,1790750153,15266167,0.13899999856948853,0.1257256652112103,-0.44301795417799006,0.37752922744351597,-2.957734831708828
0.10562190470929124,-0.42898476537010516,0.2406201390229479,1790750153,65249824,0.13899999856948853,0.12282029775164487,-0.4425916615650689,0.37787926351024026,-2.9955426775694005
0.09724489266164199,-0.4284917802373033,0.24086785810758807,1790750153,115954272,0.14000000059604645,0.1198817757727995,-0.44216931380611607,0.3783469356626066,-3.0339561150726384
0.08990286304794823,-0.42843051814606864,0.24528817667874156,1790750153,165419816,0.13699999451637268,0.11705646730833921,-0.4417704574675096,0.3789060134074377,-3.071113689849164
0.08176249327255157,-0.4280023746340524,0.24611750197917703,1790750153,215832086,0.1379999965429306,0.11420249886094136,-0.44137495777223645,0.37958217559540575,-3.1089262649114717
0.07396286073915455,-0.4277030400100072,0.2481992940713761,1790750153,265380585,0.1379999965429306,0.11140018315438757,-0.440992737164512,0.3803576456265022,-3.1463895104270105
0.06706814338075329,-0.4277159499255746,0.25344323151515585,1790750153,315495039,0.13500000536441803,0.10859103251061021,-0.4406159291812908,0.38124949764442123,-3.184337607105436
0.05856780633621326,-0.42718836607357,0.25324665831497795,1790750153,365191872,0.1379999965429306,0.10586857858052927,-0.44025561567159727,0.3822268233748935,-3.221561062406595
0.05143708745376056,-0.42706829913219035,0.25710389203150574,1790750153,415205909,0.13699999451637268,0.10317060693095124,-0.439903628687931,0.38330965963023644,-3.258947675738007
0.04482544218613678,-0.42706380573576463,0.26214980018711875,1790750153,465346049,0.13500000536441803,0.10048657171937493,-0.43955731208146903,0.38450482626560406,-3.2967129149697647
0.03749900766873225,-0.4268980054333884,0.26567047578557823,1790750153,516001487,0.13500000536441803,0.09781685269645457,-0.4392170110268349,0.3858162252767409,-3.334920461967588
0.03091724457789466,-0.42685143877624665,0.2702703024268908,1790750153,565552467,0.1340000033378601,0.09524409505833914,-0.43889178892477426,0.38720227910612903,-3.372441138584837
0.023955756932424313,-0.4267391072279287,0.2742857368130732,1790750153,615619921,0.1340000033378601,0.09269547257081638,-0.4385726089367759,0.38870086092613015,-3.4103778135519924
0.018902605880273718,-0.42691388574516614,0.28098664160708325,1790750153,665239059,0.13099999725818634,0.09024785901052851,-0.43826765855069927,0.3902658527156241,-3.4476382414683604
0.01066715747479309,-0.42659337451000123,0.2829803811994148,1790750153,715511014,0.1340000033378601,0.0878311257349442,-0.43796835677574164,0.3919406155757551,-3.4853277382411396
0.006002109925311527,-0.42680603224534397,0.2901369288310037,1790750153,765813682,0.13099999725818634,0.08545770184573101,-0.43767487428404556,0.3937210804515985,-3.5233422328875648
0.0017951985453937142,-0.42703181696593995,0.2973163481160423,1790750153,815259874,0.12800000607967377,0.0831871316609222,-0.43739472616288927,0.3955607621714462,-3.560763081295507
-0.0021313204269352015,-0.4272674444688285,0.30464319909788495,1790750153,865396357,0.125,0.08095695214756343,-0.4371187160473253,0.3975102621981711,-3.598680182936842
-0.009124603573787013,-0.42712966434311916,0.30841845229823134,1790750153,915247782,0.12700000405311584,0.07881268903364831,-0.4368526672243567,0.3995310025497592,-3.636376613295265
-0.01317824873060798,-0.42731920716960997,0.31530165582759356,1790750153,965540580,0.125,0.07673397308935613,-0.43659249998946276,0.4016428302907362,-3.6742766098320594
-0.019893229164881107,-0.4272335303615,0.31962057166505364,1790750154,15822757,0.12700000405311584,0.07473661202690927,-0.4363404380788904,0.40383018167088913,-3.7121439394075697
-0.02337472270748299,-0.42745365580193606,0.32674179352729316,1790750154,65497043,0.125,0.07283655210729055,-0.4360969804065018,0.4060745329120908,-3.749725290783248
-0.028131749975260065,-0.4275500888479158,0.3327266036152457,1790750154,115192283,0.125,0.07101820507771119,-0.4358604530487543,0.40839181530359825,-3.7873527064308896
-0.03189208182699456,-0.4277294330116791,0.33952810719813503,1790750154,165498618,0.12399999797344208,0.06926957492295685,-0.4356276542930548,0.41080178257417455,-3.825377105137433
-0.03448693887244292,-0.42798079177426557,0.34690865505047613,1790750154,215262802,0.12200000137090683,0.0676299297125391,-0.43540408762210386,0.4132489909228114,-3.8629797623607622
-0.038527453490388094,-0.4281227342936252,0.3533800130917164,1790750154,265348793,0.12200000137090683,0.06606303509255937,-0.43518320734750837,0.4157897859861678,-3.9010733978265506
-0.042324452331759216,-0.42828145759333947,0.3600099145153219,1790750154,315445656,0.12200000137090683,0.06459027497998154,-0.4349681442304673,0.4183925287097397,-3.939221680806143
-0.04497737839414995,-0.4285070767516739,0.36723616062084413,1790750154,365755000,0.12099999934434891,0.06321479319766074,-0.4347579071218878,0.42105419632694774,-3.9774278934097147
-0.046388918669220985,-0.4287873263702986,0.37485301874835386,1790750154,415494425,0.11900000274181366,0.06195465974440881,-0.43455553291540294,0.42373448213003184,-4.015182925059134
-0.048401971889568914,-0.429023099947925,0.3820578349401172,1790750154,465210368,0.11800000071525574,0.060797011575854355,-0.4343591946632056,0.4264550000760595,-4.052860831846127
-0.052029407194892525,-0.4291828771715892,0.38867605565355356,1790750154,515373258,0.11900000274181366,0.05973197577222509,-0.43416604940156567,0.42924158195798245,-4.090866717385015
-0.052105559293052474,-0.42943343652130705,0.3949813634366316,1790750154,565709445,0.11699999868869781,0.05895321494942043,-0.4340136316292895,0.4315049198035511,-4.121351909245348
-0.054745373097841964,-0.4295600423093278,0.4000385341715946,1790750154,615376370,0.11800000071525574,0.058282657812678974,-0.4338725092506636,0.43365500373891464,-4.150031373140744
-0.05552438760509397,-0.42964431007122345,0.40271054362007086,1790750154,665370055,0.11800000071525574,0.05797352172811049,-0.4338036939849405,0.43472498210101823,-4.164211885832961
-0.05419927789304842,-0.42978218225963644,0.4054087284973704,1790750154,715662761,0.11599999666213989,0.05773345388734942,-0.4337482453918383,0.43559702300079295,-4.175727312787035
-0.054293627747929625,-0.429793085770294,0.4057574559973532,1790750154,765569408,0.11599999666213989,0.057695601575633464,-0.43373926724253,0.4357381063058279,-4.177586830490367
-0.05526589732587058,-0.42975980420011795,0.40552436282736914,1790750154,815755928,0.11699999868869781,0.05769286385197494,-0.4337385568580655,0.43574831845214845,-4.177721299747548
-0.054301435544298324,-0.42979391718944865,0.4057863938485132,1790750154,865502992,0.11599999666213989,0.05769246185158161,-0.4337384525213776,0.43574981843103966,-4.177741050720215
-0.05237050950342244,-0.42986192630573694,0.40630300375445927,1790750154,915295251,0.11400000005960464,0.05769246185158161,-0.4337384525213776,0.43574981843103966,-4.177741050720215
-0.05043958346254658,-0.42992993542202523,0.4068196136604054,1790750154,965033694,0.1120000034570694,0.0576924618515816,-0.4337384525213776,0.4357498184310397,-4.177741050720215
-0.05237050950342244,-0.429861926305737,0.4063030037544593,1790750155,15239019,0.11400000005960464,0.05769246185158161,-0.4337384525213776,0.43574981843103966,-4.177741050720215
-0.054301435544298414,-0.4297939171894486,0.4057863938485132,1790750155,65178390,0.11599999666213989,0.05769246185158152,-0.4337384525213776,0.43574981843103966,-4.177741050720215
-0.05237050950342244,-0.429861926305737,0.4063030037544593,1790750155,117307048,0.11400000005960464,0.05769246185158161,-0.4337384525213776,0.43574981843103966,-4.177741050720215
-0.05333597612049652,-0.4298279216209157,0.4060446978392237,1790750155,170089643,0.11500000208616257,0.05769246185158161,-0.4337384525213776,0.43574981843103966,-4.177741050720215
-0.053335976120496606,-0.4298279216209157,0.4060446978392237,1790750155,216131969,0.11500000208616257,0.05769246185158154,-0.43373845252137755,0.43574981843103966,-4.177741050720215
-0.052048219744233924,-0.4296817970633516,0.4051395420118272,1790750155,265875209,0.11400000005960464,0.0578237301255815,-0.4336249515308129,0.4352826370460198,-4.171353667978737
-0.055513594186422925,-0.42933284578700925,0.4027113128348052,1790750155,315303994,0.11800000071525574,0.05797921016438131,-0.43349387217191476,0.43474363071557287,-4.163969989579113
-0.04938524457349654,-0.42882944604542117,0.3996952393149813,1790750155,365415745,0.11299999803304672,0.05851887341236563,-0.43306315394311823,0.43297851731758613,-4.139676364099558
-0.050606913951359335,-0.4279469306693391,0.39383446356026314,1790750155,415626273,0.11599999666213989,0.05918001292425843,-0.4325786117878142,0.43100134993565087,-4.112240152853182
-0.04983980074252926,-0.42675133241452495,0.3859636791734433,1790750155,465191402,0.11800000071525574,0.060238498474159304,-0.43187895672635546,0.4281593623564215,-4.072336165361779
-0.04753054681839501,-0.42550360752633715,0.3778137273416333,1790750155,515950127,0.11900000274181366,0.06152090639735283,-0.4311224855773395,0.42511287546856236,-4.028853938973651
-0.044027067114106214,-0.424339870199677,0.3703212628321469,1790750155,565495737,0.11900000274181366,0.0629057635174225,-0.43038713582069044,0.4221845539366398,-3.9862523476968317
-0.0410468157022756,-0.42312859206589726,0.3624391811150341,1790750155,615487922,0.11999999731779099,0.06443028602206526,-0.4296515245519513,0.41929014170397466,-3.943240451251283
-0.03773990390818825,-0.4219373071599447,0.3547089323983996,1790750155,665188199,0.12099999934434891,0.06606733931473013,-0.4289278917867219,0.41648423346902297,-3.900548767855881
-0.036539749591118956,-0.42056515777877196,0.3453780686610559,1790750155,715406839,0.125,0.06784231005874454,-0.42820471360492846,0.4137229500350943,-3.857424679713048
-0.029970893948107757,-0.4195733300061483,0.3394533325264006,1790750155,765353052,0.12300000339746475,0.06973866329719244,-0.4274883737645186,0.4110379475775806,-3.814264506307721
-0.024769084178875786,-0.4184821318750023,0.3326467041532936,1790750155,815272932,0.12300000339746475,0.07175166943384365,-0.42678035537829434,0.4084351230871812,-3.771077576827741
-0.021521246634266827,-0.41719802020633123,0.32409065473929205,1790750155,865396849,0.12600000202655792,0.07388800397263846,-0.4260773092193636,0.4059089512012961,-3.7276819052594123
-0.01637919394265007,-0.4160726745014459,0.3169684853540768,1790750155,915357498,0.12700000405311584,0.07612606430185215,-0.42538612762831757,0.40348459840513196,-3.684421095069364
-0.01019589652025897,-0.4150427999598069,0.310747253568563,1790750155,965277007,0.12700000405311584,0.0784722794700917,-0.42470321207335854,0.4011553949819998,-3.6411020063145747
-0.003016744730130555,-0.41411057353166186,0.3054815259485373,1790750156,15665037,0.12600000202655792,0.08094287943931855,-0.4240242526397603,0.39890797288172164,-3.5973582437414446
0.0030656112428094906,-0.4130530323329883,0.29903884612261045,1790750156,65763824,0.12700000405311584,0.08350332854402703,-0.4233575491918833,0.39677620641623407,-3.553751451614572
0.008228080738661867,-0.4118590144786246,0.2912694378161708,1790750156,115614639,0.12999999523162842,0.08614350349956473,-0.42270512145320727,0.39476604461904674,-3.5103394163163624
0.016696438505815425,-0.4111045527814141,0.28772927488111605,1790750156,165686121,0.12800000607967377,0.08888804730683242,-0.42205926307238295,0.39285951552365617,-3.466654715957758
0.02204830138661308,-0.40986883807890934,0.27955219565854234,1790750156,215571250,0.13199999928474426,0.09170484948405104,-0.42142756224826144,0.3910795959416057,-3.4231175470188275
0.028777859549120544,-0.4088404386918051,0.2733172398293088,1790750156,265213759,0.1340000033378601,0.09456046949650145,-0.42081506574187627,0.3894432809659503,-3.3801462667743127
0.03685117248134505,-0.4080116109733687,0.26905791307958254,1790750156,315537973,0.1340000033378601,0.097521248860921,-0.42020746366228695,0.3879124624406951,-3.336648156015456
0.04384908222370946,-0.4069407744035277,0.2624389727979791,1790750156,365416427,0.13699999451637268,0.1005434533256502,-0.41961238986509586,0.3865122452801528,-3.2932128211634
0.05252183338631378,-0.40616669787462223,0.2587840601026966,1790750156,416103541,0.13699999451637268,0.10367952413256333,-0.4190200909405387,0.3852225014949025,-3.2490145965358717
0.0604200122124045,-0.4052609864364108,0.2537268260382797,1790750156,465177584,0.13899999856948853,0.10677718336971939,-0.41845710175116124,0.38410272421431924,-3.2061131433926424
0.06919260770897875,-0.40446262622725604,0.2498475069332149,1790750156,515828763,0.14000000059604645,0.1100244279621397,-0.4178893310417389,0.38308596316688376,-3.161814066100345
0.07869753830844091,-0.40400669164720765,0.24929115751373368,1790750156,565158103,0.1379999965429306,0.11323593970276011,-0.41734753316499246,0.38223144419377325,-3.1185816312237513
0.0876434763415702,-0.4032912651508131,0.24621470470427023,1790750156,615191251,0.13899999856948853,0.1165304074425811,-0.4168114483969913,0.3815060549779408,-3.0747170136081117
0.09692687290977041,-0.4027104998927705,0.24450198478604418,1790750156,665269595,0.13899999856948853,0.11985668576020239,-0.4162878749237349,0.38092367724083864,-3.0308390839626087
0.10639463476149508,-0.4022678399090032,0.24418250603360694,1790750156,715325512,0.1379999965429306,0.123204798804513,-0.41577843782095736,0.3804868756435251,-2.9869855644688554
0.11548523264475513,-0.40147320283511617,0.24031160070238794,1790750156,765439624,0.14100000262260437,0.12656192968985366,-0.4152830745265411,0.38019582056299955,-2.94324968465961
0.12490448539765242,-0.4009161632399163,0.23882063606233542,1790750156,815412152,0.1420000046491623,0.12991796717917886,-0.4148031925300237,0.38005100368305683,-2.899669409380536
0.1345169663027464,-0.40039409014676947,0.23773703551832343,1790750156,865539523,0.14300000667572021,0.13331211516223465,-0.41433136632859846,0.3800511338206935,-2.8556626246747396
0.1440953493560829,-0.4001080556977243,0.2390616787409739,1790750156,915534986,0.1420000046491623,0.13669957784924563,-0.413874072792751,0.3801992026583227,-2.8117183346364207
0.153779428608945,-0.3996661592626862,0.23881845341747263,1790750156,965554264,0.14300000667572021,0.14008816219551654,-0.41342828804008186,0.380494686232885,-2.7676615207618305
0.16322008012539152,-0.3994572332304933,0.24097270503136897,1790750157,15493802,0.1420000046491623,0.1434578046014317,-0.4129967504467407,0.38093746938307343,-2.723657756035593
0.17277480715109034,-0.399187979294788,0.2425638074829328,1790750157,65680062,0.1420000046491623,0.14683459911742788,-0.4125741291318874,0.3815311342906078,-2.6792913242277288
0.18291742194547128,-0.39867979287248073,0.2416613827279419,1790750157,115776276,0.14499999582767487,0.1501791983958936,-0.41216559972333017,0.38227198162583864,-2.6349787830284583
0.19044008899476372,-0.3991352558239806,0.25079817539306337,1790750157,165480766,0.1379999965429306,0.15345616375769558,-0.41177324327718473,0.3831479755177347,-2.591122898042797
0.20007415636407616,-0.39879647455436523,0.25165403107790424,1790750157,215324164,0.14000000059604645,0.15670063884903934,-0.41139289473473833,0.3841684391394629,-2.547163698211307
0.2080065734743973,-0.3989405555667594,0.25762257371055475,1790750157,265333080,0.13699999451637268,0.15990571314184898,-0.41102334192944673,0.38533049048343326,-2.503119472505193
0.21835537315677253,-0.3985050333922796,0.25749873953617997,1790750157,315720629,0.14100000262260437,0.16308089731724373,-0.4106636893388463,0.3866416841588453,-2.4587531508005096
0.2278696252296563,-0.39828910398723033,0.2596342083037185,1790750157,365339887,0.14300000667572021,0.166152564330929,-0.4103202132113544,0.388068077334111,-2.415030647146755
0.23504585541360448,-0.39852581383404073,0.2666317772189729,1790750157,415170424,0.14000000059604645,0.16917357025523713,-0.4099869853485197,0.38963374371716936,-2.3711158843553894
0.24295886026726962,-0.3986219095443937,0.27224102430068964,1790750157,465716074,0.13899999856948853,0.1721779095993948,-0.4096582725301444,0.3913596849585246,-2.3264130006175328
0.25097532749870977,-0.39866831558126686,0.2772406378285951,1790750157,515290128,0.13899999856948853,0.17505019178057374,-0.4093468015884498,0.3931817578210069,-2.2825402713459333
0.2577714139028099,-0.3988943889054933,0.2843224668712337,1790750157,565593667,0.13699999451637268,0.1779036845826784,-0.4090381780344342,0.395170325907121,-2.2376913704332404
0.2647815264200816,-0.39906869762514074,0.29085498362454454,1790750157,615748937,0.13600000739097595,0.18066263315079117,-0.4087406975576637,0.3972808555862086,-2.192911937947846
0.27395469600583355,-0.39899028926048197,0.2945429390412939,1790750157,665300398,0.13899999856948853,0.18328544253311185,-0.40845672149546947,0.39947373879883674,-2.1488489611125954
0.2817865242969679,-0.39909052471442874,0.3002611107624726,1790750157,715601927,0.14000000059604645,0.18584642524078046,-0.4081782827926426,0.40181361054999043,-2.1041513405504446
0.28502645979763885,-0.3995908792242662,0.3104526250590704,1790750157,765357594,0.13500000536441803,0.1882809664581584,-0.4079103472338143,0.40424013712187945,-2.0598677882756165
0.29217980890219186,-0.3997343860135309,0.3166808622409967,1790750157,815378483,0.13600000739097595,0.19062013379820997,-0.40764951816062195,0.4067862732117771,-2.01533568895139
0.29906268547563075,-0.39990637212969515,0.3232279957052827,1790750157,865464326,0.13699999451637268,0.19284047610931218,-0.40739629694579543,0.40942394550034733,-1.9709331086327047
0.30565287445711364,-0.40010647375015446,0.33007345063872473,1790750157,915371270,0.1379999965429306,0.1949343618237392,-0.40715162627423934,0.41214522308220586,-1.926724783452166
0.308685090345886,-0.400524151571122,0.3395199319232468,1790750157,965310678,0.13500000536441803,0.19692143586281624,-0.4069111450761163,0.41497252166640314,-1.8822333552095953
0.3138014500388565,-0.40080883075226,0.34744947563275086,1790750158,15409419,0.13500000536441803,0.1987901606209461,-0.40667609043824055,0.41789789661292476,-1.8375533492051865
0.3186040951346465,-0.40111252974856665,0.35567154972970544,1790750158,65919052,0.13500000536441803,0.20054513142010127,-0.4064436038912397,0.42092997587932934,-1.792459911765649
0.32029760825236603,-0.40153482843073207,0.3653321473608442,1790750158,115812876,0.13199999928474426,0.20214481607986756,-0.4062191652092856,0.42400049063010614,-1.7479079432110187
0.32609697294457546,-0.4017912978984574,0.3729624057062422,1790750158,165829201,0.1340000033378601,0.20361681788469008,-0.4059980173329055,0.4271557265368833,-1.7031075377230303
0.330604882740371,-0.4020990154289782,0.3811631073840543,1790750158,215103735,0.13500000536441803,0.2049296692019214,-0.4057841577482166,0.43032774789474,-1.6589478256871737
0.33153060069384555,-0.40244868005086376,0.3894223898292239,1790750158,265393644,0.13300000131130219,0.20595709150375857,-0.40560010604201596,0.4331300854069574,-1.6205693292756098
0.333926507135904,-0.4027370222022685,0.3967226004884191,1790750158,315219773,0.13300000131130219,0.20683960952138708,-0.40542588888837927,0.4358466442399027,-1.583855446414608
0.33412361174203054,-0.4029101330280437,0.4008911201562581,1790750158,365500460,0.13199999928474426,0.20726596580247597,-0.4053347246104845,0.4372952247806745,-1.56445209894021
0.33597589835608993,-0.40301936686958406,0.4038155747966223,1790750158,415392886,0.13300000131130219,0.2075939286443595,-0.4052605493760484,0.43848612862426445,-1.5485824757798718
0.33518112164074176,-0.40306130039012866,0.4047116335037851,1790750158,466024759,0.13199999928474426,0.20765697517728762,-0.40524573351941096,0.4387236921278036,-1.5454250658212254
0.334254166465883,-0.40308351394580694,0.4051161778464657,1790750158,516208936,0.13099999725818634,0.2076715348437897,-0.4052422117153457,0.43877886753713113,-1.5446920085872082
0.3361924573809178,-0.4030513995754541,0.4046237719860216,1790750158,565435693,0.13300000131130219,0.20767364529755214,-0.40524170045900315,0.43878687886356504,-1.5445855855941772
0.33329353096136005,-0.40310080495817724,0.4053943699358163,1790750158,615096405,0.12999999523162842,0.20767364529755214,-0.40524170045900315,0.43878687886356504,-1.5445855855941772
0.337158766187437,-0.40303493111454636,0.4043669060027567,1790750158,665102914,0.1340000033378601,0.20767364529755214,-0.40524170045900315,0.43878687886356504,-1.5445855855941772
0.3342598397678793,-0.4030843364972695,0.4051375039525514,1790750158,715361249,0.13099999725818634,0.20767364529755214,-0.40524170045900315,0.43878687886356504,-1.5445855855941772
0.3361924573809178,-0.4030513995754541,0.4046237719860216,1790750158,765308647,0.13300000131130219,0.20767364529755214,-0.40524170045900315,0.43878687886356504,-1.5445855855941772
0.3352261485743986,-0.4030678680363618,0.4048806379692865,1790750158,815774085,0.13199999928474426,0.20767364529755214,-0.40524170045900315,0.43878687886356504,-1.5445855855941772
0.3342598397678793,-0.4030843364972695,0.4051375039525514,1790750158,870758412,0.13099999725818634,0.20767364529755214,-0.40524170045900315,0.43878687886356504,-1.5445855855941772
0.3342598397678793,-0.4030843364972695,0.4051375039525514,1790750158,916022364,0.13099999725818634,0.20767364529755214,-0.40524170045900315,0.43878687886356504,-1.5445855855941772
0.33482312330303565,-0.40283885367218714,0.4033977227780916,1790750158,965395834,0.13199999928474426,0.20752555236299908,-0.40510690084317524,0.43824286886716723,-1.5519370837067952
0.3324095264585394,-0.40260506350222564,0.4021976621179488,1790750159,15253566,0.12999999523162842,0.20734560987145695,-0.4049480132876158,0.4376028328480248,-1.5606063551952234
0.33258357793989934,-0.4016673964920399,0.3958470367027887,1790750159,66093884,0.13199999928474426,0.20670187663017905,-0.40441635553421323,0.4354732945468913,-1.589618323312402
0.3314229768187532,-0.4006637864727577,0.38924485038644846,1790750159,115335706,0.13300000131130219,0.2059270864868299,-0.40383761086174114,0.4331733001354682,-1.6212708278340429
0.3278622715260573,-0.3991961772233812,0.37990133292109707,1790750159,165802875,0.13300000131130219,0.20462083850262117,-0.4029717021730025,0.42976409404090543,-1.6688884359989347
0.32279236255185373,-0.3977226168363832,0.3708342796026865,1790750159,215234891,0.13199999928474426,0.20309205753851192,-0.40207947267742117,0.4263036819616973,-1.7182277510856294
0.32063771462298785,-0.39606386592493514,0.3598480629693087,1790750159,265494883,0.13500000536441803,0.2013178060983073,-0.40115658893860007,0.42279109316615304,-1.7695384138523873
0.31528707804911416,-0.3945319064173093,0.3504325540492296,1790750159,315307985,0.13500000536441803,0.19936920602464442,-0.40024499490040927,0.41939202775441264,-1.8206104233656235
0.31110134414389634,-0.39292407501098114,0.340170994067421,1790750159,365443329,0.13699999451637268,0.19723996613143763,-0.3993376299308997,0.4160883926521942,-1.8718125562146157
0.3047550220572822,-0.39143368198533357,0.3312892175054546,1790750159,415381486,0.13699999451637268,0.19494983583306258,-0.3984432365531328,0.41291449374089306,-1.9227768994067056
0.3002649508183145,-0.3898036084695771,0.3208332376856346,1790750159,465239088,0.14000000059604645,0.1924967718711818,-0.39755702430502055,0.4098607857603428,-1.973747769195509
0.2906905137610866,-0.3885305371121949,0.3145204860901994,1790750159,515286255,0.13699999451637268,0.18987474373364358,-0.3966777289146695,0.40692612594509975,-2.024929368714627
0.28302252565472696,-0.38712573127946814,0.30669793584418925,1790750159,565659887,0.13699999451637268,0.1871078724300824,-0.39581025887038035,0.4041348732694029,-2.0760069534708743
0.2757563675653544,-0.3857113761973546,0.2986535873383618,1790750159,615281811,0.1379999965429306,0.18424583410461337,-0.3949689791204836,0.4015327305098382,-2.12624328758706
0.2659983346295003,-0.384509235749461,0.2931458847893522,1790750159,665377016,0.13600000739097595,0.18118869973126667,-0.3941215747531573,0.3990275677078431,-2.1775372742997217
0.25781038151558977,-0.3831408038596357,0.285794091725376,1790750159,715272414,0.13699999451637268,0.17800789441496456,-0.39328952781260473,0.3966884782026325,-2.228737081567974
0.2491397318867578,-0.3817966480252207,0.27880009747081785,1790750159,765299692,0.1379999965429306,0.17468389067900492,-0.3924646509170296,0.39450022914833627,-2.2803046777155735
0.2396097163670471,-0.3805753670929477,0.27312432127731456,1790750159,815096423,0.1379999965429306,0.17125957259758276,-0.3916581524161561,0.3924952924638727,-2.3316784251894633
0.23019949848368224,-0.3793096974816131,0.26703468711636913,1790750159,865262137,0.13899999856948853,0.16771745040807262,-0.39086256259050534,0.39066124000194774,-2.383281069646329
0.2204644974754395,-0.3780899212395829,0.2614327598907362,1790750159,915307610,0.14000000059604645,0.16409146507467345,-0.3900858648587189,0.3890187258960994,-2.434730599652234
0.21023644488668553,-0.37689631540140955,0.2562595492071875,1790750159,965982049,0.14100000262260437,0.16032464665456786,-0.38931310656676216,0.3875441120238676,-2.4869746057299236
0.19968084050041496,-0.3758682689960588,0.25265194404182606,1790750160,15291759,0.14100000262260437,0.15658360897150225,-0.3885781623122459,0.38630106669517117,-2.537838502714017
0.18904844386513966,-0.37478349131016736,0.24858355432411341,1790750160,65400556,0.1420000046491623,0.15272543151676252,-0.3878489467151763,0.38523615755347557,-2.5894439651112906
0.17860152968168802,-0.3735641549524707,0.24311690988781454,1790750160,115405724,0.14499999582767487,0.1488223384564691,-0.38713990489780886,0.38437517539259564,-2.6409274952498003
0.16682834473497188,-0.37296125459681945,0.2440731177415229,1790750160,165318381,0.1420000046491623,0.1448868525743379,-0.3864496666365934,0.38371779176374343,-2.6922866501473646
0.15566057589771592,-0.3719316349549573,0.24069233164557516,1790750160,215791717,0.14399999380111694,0.14087432680665832,-0.3857710288270656,0.3832610386951643,-2.7442174987191597
0.1443844599052,-0.3710643450300737,0.23889259594572754,1790750160,265188205,0.14499999582767487,0.13691478872319576,-0.38512225270781514,0.3830160778429623,-2.795199167687797
0.13271119382461963,-0.37043118252288043,0.2396630397846393,1790750160,315706208,0.14399999380111694,0.13285160820780473,-0.3844781730023789,0.3829761953461285,-2.84736656437248
0.12125063918421447,-0.36986185702756086,0.24103445296184592,1790750160,365422189,0.14300000667572021,0.1288270352226256,-0.38385828608688816,0.38314602921766117,-2.8990503965371395
0.10977811653252359,-0.3692508466932379,0.24200911321121482,1790750160,415265605,0.14300000667572021,0.12479777588429823,-0.38325603402757846,0.3835268381432625,-2.9509281117377664
0.09834633900186343,-0.3686949542024344,0.24358222969801588,1790750160,465334578,0.14300000667572021,0.12078372929502015,-0.3826709376457496,0.3841177672423707,-3.002909550390803
0.08668070109723319,-0.3680954317365582,0.2448021526687717,1790750160,515959998,0.14399999380111694,0.11676012278565959,-0.38209996679468106,0.384927452323821,-3.05544369291551
0.0757652170995792,-0.36775509182807625,0.24851226187088762,1790750160,565511746,0.14300000667572021,0.11285412722130304,-0.38155741036529717,0.385927365328389,-3.107027591783926
0.06429634431441317,-0.3672729154881307,0.2509372790922584,1790750160,615895193,0.14399999380111694,0.10893520722204707,-0.3810254416387485,0.38715122168813126,-3.1595073749380247
0.05389226097422275,-0.3670447975618128,0.25573713548969756,1790750160,665267728,0.14300000667572021,0.10517341580797049,-0.3805234585034878,0.38854365177332195,-3.210760361450355
0.0439929067972813,-0.36695672861756734,0.2620479766662628,1790750160,715669526,0.14100000262260437,0.10141094390531151,-0.3800306717899729,0.39016215138615873,-3.2630514490392337
0.03413789921424548,-0.36682561308769296,0.2679064277982057,1790750160,765575406,0.14000000059604645,0.09775824626822242,-0.3795581164843482,0.391964216610028,-3.3150346989302024
0.024162262087510267,-0.36665581584075935,0.27337444999430904,1790750160,815365091,0.14000000059604645,0.09420680529311387,-0.37910491150370046,0.3939513223670252,-3.366933338570096
0.014371274899963288,-0.36653488432114956,0.27942748398830786,1790750160,865587897,0.14000000059604645,0.09072208735767838,-0.3786630108337703,0.39614707168134977,-3.4194465804991516
0.007341221568459774,-0.3668030112928376,0.28914777508159945,1790750160,915373434,0.13600000739097595,0.08738144073545183,-0.3782425389126023,0.39850362784624127,-3.4715321778602015
-0.00042038456879070485,-0.3669336940985157,0.2976771953719712,1790750160,965825520,0.1340000033378601,0.0841100769765686,-0.3778303436393045,0.40107867018863075,-3.5245636805223706
-0.008270146129799968,-0.3670228977095557,0.30576558652296715,1790750161,16005808,0.13300000131130219,0.08099089898520652,-0.37743715281664914,0.40381154240258277,-3.577354525685195
-0.017610760540534717,-0.36692275059638235,0.31195788599449414,1790750161,65109351,0.13500000536441803,0.07807781327016974,-0.37706605839138857,0.40664585564978895,-3.6290850047680907
-0.0246579793568302,-0.3670971241556865,0.32091746637367824,1790750161,115547890,0.1340000033378601,0.07523891088343103,-0.3767005474461566,0.4097115341708897,-3.6822351609741513
-0.028047233043959605,-0.3675765560102126,0.3326686159965785,1790750161,166069736,0.1289999932050705,0.0725719917721453,-0.376349146767365,0.41291705209175666,-3.7352728030760085
-0.03452572749215077,-0.3677322225364328,0.34122069833721325,1790750161,215210251,0.1289999932050705,0.07014365218535482,-0.3760213069586289,0.4161647460279813,-3.786826017254739
-0.04401245331933888,-0.36768321637307894,0.3480949581715133,1790750161,265162094,0.13300000131130219,0.0678498842649652,-0.3756993524628248,0.41959012822636566,-3.8392307814903583
-0.044568926165759165,-0.3682635387616664,0.36059366451931557,1790750161,315277233,0.12700000405311584,0.06572967671211405,-0.37538868106634793,0.4231432574821694,-3.891807504308143
-0.0505932725187733,-0.3684606806245393,0.369754702734056,1790750161,365320114,0.12800000607967377,0.06378914143736969,-0.37508557851184443,0.42682286953433834,-3.9446618442031123
-0.056186707551790886,-0.36869889534291017,0.3793602372752897,1790750161,415752718,0.1289999932050705,0.0620282849046024,-0.3747903680963054,0.43063506311739036,-3.9979965623763634
-0.055172376381292916,-0.36919151192230437,0.39009401891055445,1790750161,465373310,0.12399999797344208,0.06065805295429149,-0.374542160129376,0.4340335421340943,-4.0445265860551665
-0.059239083012596824,-0.3694244051380981,0.39856573582183796,1790750161,515458348,0.125,0.05946019403376064,-0.3743043719517843,0.4374459049645949,-4.090439087601483
-0.05797328290423351,-0.3696994919797405,0.4045281274327643,1790750161,566125703,0.12200000137090683,0.058845417323345944,-0.37417105455448396,0.4394193403635346,-4.116673750525827
-0.060145831998521644,-0.3697992226753962,0.40845200361605644,1790750161,615219375,0.12300000339746475,0.05837567705292324,-0.3740621511294244,0.44106304728136164,-4.138369047762486
-0.06330588632721645,-0.36972828648242717,0.408638490012694,1790750161,665455543,0.12600000202655792,0.058273064456933844,-0.37403735807964605,0.44144079387824287,-4.143336351557391
-0.06050528604477596,-0.3698422685338783,0.40976733358632994,1790750161,715843851,0.12300000339746475,0.058236649391436836,-0.3740284408674956,0.44157660213862254,-4.145120608665893
-0.062449765647691356,-0.3697758996392209,0.40930100928931856,1790750161,765443054,0.125,0.058231394328278153,-0.3740271498482353,0.4415962798179086,-4.145379066467285
-0.059553419131809095,-0.36987792959761273,0.41007609542781426,1790750161,815532813,0.12200000137090683,0.058231394328278153,-0.3740271498482353,0.4415962798179086,-4.145379066467285
-0.059553419131809095,-0.36987792959761273,0.41007609542781426,1790750161,865225276,0.12200000137090683,0.058231394328278153,-0.3740271498482353,0.4415962798179086,-4.145379066467285
-0.05858796789546245,-0.36991193966820807,0.4103344581156289,1790750161,915462731,0.12099999934434891,0.058231394328278153,-0.3740271498482353,0.4415962798179086,-4.145379066467285
-0.05762251665911581,-0.36994594973880346,0.4105928208034435,1790750161,965309082,0.11999999731779099,0.058231394328278153,-0.3740271498482353,0.4415962798179086,-4.145379066467285
-0.059553419131809095,-0.36987792959761273,0.41007609542781426,1790750162,16443329,0.12200000137090683,0.058231394328278153,-0.3740271498482353,0.4415962798179086,-4.145379066467285
-0.059553419131809095,-0.36987792959761273,0.41007609542781426,1790750162,67932891,0.12200000137090683,0.058231394328278153,-0.3740271498482353,0.4415962798179086,-4.145379066467285
-0.06051887036815574,-0.3698439195270174,0.40981773273999966,1790750162,121480258,0.12300000339746475,0.058231394328278153,-0.3740271498482353,0.4415962798179086,-4.145379066467285
-0.05909023206561797,-0.3696222929529901,0.4084117630595604,1790750162,165142852,0.12200000137090683,0.05841247072838928,-0.3738694495896037,0.4409552237100281,-4.136590439334433
-0.05851267159992089,-0.36931496057485,0.40641168353029167,1790750162,215737494,0.12200000137090683,0.05863817407094589,-0.373679689104278,0.44018488056531363,-4.126000451293444
-0.058444977186509005,-0.3682687709611848,0.3995019939007297,1790750162,265071344,0.12399999797344208,0.05940687239228371,-0.3730801230906934,0.4377615278623076,-4.09246390374871
-0.057770009277365295,-0.3670735230089969,0.3915844133137822,1790750162,315327327,0.12600000202655792,0.060391951516630016,-0.37239417392284546,0.4350060922986382,-4.053873313161986
-0.05444578072197955,-0.36542698686117486,0.3807667366704268,1790750162,365601087,0.12700000405311584,0.062012160225822906,-0.3714076171768731,0.4310736057910205,-3.997803355493184
-0.04666725389396219,-0.36393076664071244,0.3713849545643658,1790750162,415543375,0.12399999797344208,0.06394980631132352,-0.37038366856054206,0.42704666084226306,-3.938917660559802
-0.040904357876167446,-0.36229530308360647,0.36092428684379624,1790750162,465636727,0.12399999797344208,0.06617054096939917,-0.3693512157492352,0.4230626778036555,-3.878860303706294
-0.03785705637689682,-0.360456106523243,0.3486288994852095,1790750162,515522978,0.12800000607967377,0.06862557967832292,-0.3683350751412035,0.41922189934104037,-3.818875145361174
-0.02984562383259226,-0.35893108392310774,0.33920738058614075,1790750162,565632080,0.12700000405311584,0.07135064372153296,-0.3673194645999854,0.4154828781736697,-3.7580524816842114
-0.025126555662712463,-0.3571162797962326,0.32711752273152317,1790750162,615525821,0.13099999725818634,0.07429273413287785,-0.36632444265556824,0.4119232644884421,-3.6973857718288925
-0.018125370670184673,-0.35547529056974736,0.31658532672214373,1790750162,665280395,0.13300000131130219,0.07743349924732708,-0.36535174303027823,0.4085633589672909,-3.63703489465098
-0.007647742184218431,-0.35417723027602366,0.30928154354589704,1790750162,715395719,0.13099999725818634,0.08079726802925545,-0.3643927246566414,0.40537588846037625,-3.5762734977269517
-0.0025182560968251833,-0.35222014223965015,0.29576067121408967,1790750162,765424776,0.1379999965429306,0.08434595130395144,-0.3634552175078614,0.40240204030789567,-3.5156386830719684
0.009492470728204666,-0.35113646153674266,0.29046587266616,1790750162,815060812,0.13500000536441803,0.08804092928989647,-0.3625471887635067,0.39966722984697284,-3.4554844212399587
0.01975223060942914,-0.34975692084827126,0.28248689085597095,1790750162,865268739,0.13600000739097595,0.09198080574900526,-0.3616418908993917,0.39710705675419367,-3.394076562306352
0.030531028701121704,-0.3484420948150652,0.27511867484762426,1790750162,915351212,0.13699999451637268,0.09607053606284341,-0.36076178121738456,0.39479238457209753,-3.3327101527512686
0.04083610884124547,-0.3470181936265543,0.26664276509664686,1790750162,965424509,0.14000000059604645,0.10025833074732463,-0.35991327353417757,0.3927487388838299,-3.271939291608251
0.05247383048479783,-0.3458491634634578,0.26060669990050445,1790750163,15294463,0.14100000262260437,0.10454013109997448,-0.35909493857654523,0.3909702320767922,-3.211520801470035
0.06434182638998913,-0.3446420936212923,0.25426687159654693,1790750163,65251473,0.14300000667572021,0.10897552097543947,-0.35829189246407206,0.3894353524212585,-3.1504370306202163
0.0776750485291647,-0.3437818057494399,0.2514526919871957,1790750163,115966069,0.1420000046491623,0.11357644243837972,-0.3575026754956173,0.38815246875784715,-3.0883207243236694
0.09016251228636016,-0.34273185683126206,0.24661731811381488,1790750163,165014130,0.14399999380111694,0.11812711729298074,-0.3567596476155202,0.38717762605050976,-3.0278755781837248
0.10398429597665972,-0.3420206928003434,0.24540596643590448,1790750163,216014866,0.14300000667572021,0.12292044053765873,-0.3560146469797415,0.38645416240042535,-2.9649585711790665
0.11727538869283263,-0.34131629180337053,0.24410144629743766,1790750163,265486633,0.14300000667572021,0.12759652037903838,-0.3553198854222386,0.3860393746877366,-2.904105401195191
0.13070034824611088,-0.3404913147801894,0.24160917708584045,1790750163,315344022,0.14499999582767487,0.13232645935308884,-0.354647605678941,0.3859073197650982,-2.842807585306361
0.14441337566424123,-0.3397451841786741,0.2399399535864792,1790750163,365331272,0.1469999998807907,0.13707274370295114,-0.35399954644231707,0.38606294371403643,-2.7813587608872075
0.15773382807715752,-0.3395645765154869,0.24405948240986725,1790750163,415168809,0.14399999380111694,0.14178932437959096,-0.3533808078904886,0.3865055520894215,-2.720095531257641
0.17162898249645822,-0.338975831235558,0.2440809230068807,1790750163,465487441,0.1459999978542328,0.1465354916019635,-0.3527799299388486,0.3872443364446501,-2.6580442503362876
0.1854153204891765,-0.33856588588266184,0.24595613643199649,1790750163,515872748,0.1469999998807907,0.1512390144017337,-0.35220524604902786,0.3882760153014715,-2.595871053629658
0.19787188560843164,-0.33860100295640305,0.25247516394509795,1790750163,565572247,0.14399999380111694,0.15584618823657725,-0.3516591105426977,0.3895857937350445,-2.5340882258448336
0.21086698501191442,-0.3384324985190441,0.2569209686918563,1790750163,615536868,0.14399999380111694,0.16039663321678668,-0.3511355394219284,0.3911870275310783,-2.471892382461658
0.22404713370540089,-0.3382507406051844,0.2612825637595012,1790750163,665606480,0.14499999582767487,0.16487018286551683,-0.3506330537397339,0.3930769703204689,-2.409331460271806
0.23607266178164507,-0.3383127212578439,0.2682510629834617,1790750163,715691287,0.14399999380111694,0.16922416981095642,-0.3501551243076671,0.39524332584215727,-2.346707683992715
0.24549767836283298,-0.3387514679098147,0.2793163774201631,1790750163,765456712,0.13899999856948853,0.1734336966489055,-0.349700372756111,0.3976713672791432,-2.2841785652051327
0.2602590246194878,-0.338395019432518,0.28180051010248675,1790750163,815294564,0.14499999582767487,0.177495475915365,-0.34926765686974104,0.4003626438176182,-2.2215040167452975
0.27021779873963075,-0.3387165597690518,0.2916976095422067,1790750163,865345500,0.14300000667572021,0.18140182645922198,-0.3488537711439924,0.4033128500906258,-2.158577283264233
0.28013883725216504,-0.33901615182518424,0.3014024621201902,1790750163,915534501,0.1420000046491623,0.18512767230105806,-0.3484597378934896,0.40651049481591783,-2.095480310933111
0.28931842208605196,-0.3393600147732044,0.31159396217928004,1790750163,965274047,0.14100000262260437,0.18862574712694916,-0.3480865679788501,0.40990893163105757,-2.0328386761053823
0.2978951586098231,-0.33975004992411245,0.3223989049597361,1790750164,15514872,0.14000000059604645,0.19193994204795928,-0.3477277904899227,0.41355727213294835,-1.9695460550379067
0.3065535823632731,-0.34012641748441946,0.33309578056357053,1790750164,65970255,0.14000000059604645,0.19503005324011294,-0.34738366620445116,0.4174156178488989,-1.9060984690367242
0.3143560059385105,-0.3405376593522885,0.34407240609389006,1790750164,115359956,0.14000000059604645,0.19781385254221032,-0.3470617834390336,0.42137287474413176,-1.8440102647777228
0.32071007891899533,-0.34103380677041634,0.3561942454912861,1790750164,165190956,0.13899999856948853,0.20039130725751733,-0.3467462417038485,0.42556110267338876,-1.7809243026504622
0.325428139297514,-0.3415936187080326,0.3692084874482049,1790750164,215482448,0.13699999451637268,0.20272516908094645,-0.3464392999821841,0.42994973348833493,-1.7171724021993968
0.3298403122107474,-0.34209837249153846,0.38118917346548065,1790750164,265468551,0.13600000739097595,0.2046553332101674,-0.34616238111477815,0.4341816906436643,-1.6575279790202466
0.33439561403580625,-0.34258311128652136,0.392862429650668,1790750164,315357495,0.13600000739097595,0.20631107836519957,-0.3458968949439198,0.438462567482286,-1.5986829043162125
0.3387627874454638,-0.3428478956063076,0.39957274520393576,1790750164,365271014,0.1379999965429306,0.20720486322716794,-0.34573598480141643,0.4411440160772574,-1.5624555906647866
0.33881450931504575,-0.34316597835663526,0.4067274861890968,1790750164,415410052,0.13600000739097595,0.20791580775983945,-0.3455948307566965,0.4435464027609524,-1.5303490336109993
0.33836131123089486,-0.3432611794394752,0.408839513478206,1790750164,465394627,0.13500000536441803,0.20810145738280397,-0.34555544385499243,0.44422465548242274,-1.5213387539827337
0.3386256602805517,-0.3433024684384018,0.40982169738595514,1790750164,515834889,0.13500000536441803,0.2081977822798716,-0.34553450489382875,0.4445864511157639,-1.516541732609486
0.3396302474344387,-0.34329204802961294,0.40970862724116913,1790750164,565556008,0.13600000739097595,0.2082117272825295,-0.34553144427867516,0.4446394113129222,-1.5158400535583496
0.33769761832653955,-0.34332498039234266,0.41022231625532607,1790750164,615213118,0.1340000033378601,0.2082117272825295,-0.3455314442786751,0.44463941131292206,-1.5158400535583496
0.3367313037725899,-0.3433414465737076,0.41047916076240454,1790750164,665141341,0.13300000131130219,0.2082117272825295,-0.3455314442786751,0.44463941131292206,-1.5158400535583496
0.3367313037725899,-0.34334144657370763,0.4104791607624047,1790750164,715346240,0.13300000131130219,0.2082117272825295,-0.34553144427867516,0.4446394113129222,-1.5158400535583496
0.33769761832653955,-0.3433249803923426,0.410222316255326,1790750164,765049073,0.1340000033378601,0.2082117272825295,-0.3455314442786751,0.44463941131292206,-1.5158400535583496
0.3415628621431581,-0.3432591159122477,0.4091949420542856,1790750164,816870507,0.1379999965429306,0.2082117272825295,-0.3455314442786751,0.44463941131292206,-1.5158400535583496
0.3367313037725901,-0.34334144657370747,0.41047916076240465,1790750164,870051540,0.13300000131130219,0.20821172728252968,-0.345531444278675,0.4446394113129222,-1.5158400535583496
0.3405965475892085,-0.3432755820936127,0.40945178656136416,1790750164,916178413,0.13699999451637268,0.20821172728252946,-0.3455314442786751,0.44463941131292206,-1.5158400535583496
0.3353019272394883,-0.3430916988877908,0.4090365125098708,1790750164,965214030,0.13199999928474426,0.20804158579502222,-0.3453732141178285,0.44401650671892545,-1.5243025066704183
0.3376021688599979,-0.342712983115627,0.40614753545838556,1790750165,15755977,0.13500000536441803,0.2078270472271344,-0.34518062996858445,0.44325993193958135,-1.5346086375217871
0.33533650136180354,-0.3415606759649802,0.398804414336587,1790750165,65364652,0.13500000536441803,0.20700530546788634,-0.3445004207548297,0.44060708780851343,-1.5710065878025468
0.3333498485730239,-0.3402236409272857,0.39016252177920435,1790750165,115781237,0.13600000739097595,0.20594366662990476,-0.343724611072999,0.43761154728090623,-1.6126546781783673
0.3274058778242662,-0.338313812460745,0.37838493719440475,1790750165,165620423,0.13500000536441803,0.2041232027999228,-0.34257662153735424,0.43323210618252483,-1.674794270884295
0.32304677308987506,-0.3362163001606196,0.3649769156827679,1790750165,215458969,0.13699999451637268,0.2018927320338998,-0.3413708018887564,0.42872742897660615,-1.7406248635865982
0.31654361412321436,-0.33407996253939554,0.3517434637801047,1790750165,265684295,0.1379999965429306,0.19924121012833546,-0.3401207162222512,0.4241841592337938,-1.8094847295714847
0.30907100883475624,-0.33197038468737833,0.33890395673742424,1790750165,315691378,0.13899999856948853,0.19626577942997406,-0.3388828687262801,0.4198248896637332,-1.8785228820404365
0.30464720322276245,-0.32964715795092725,0.32352038456413784,1790750165,365265757,0.14499999582767487,0.1930340821654159,-0.3376768299110931,0.41573228382923244,-1.9466919138346643
0.29303357789100537,-0.327787530950155,0.3135922184688744,1790750165,415215433,0.14300000667572021,0.18949718189398201,-0.33648215734100784,0.41184505601124305,-2.0153290451572206
0.282023159872239,-0.32584876615202396,0.3029448573411939,1790750165,465390888,0.14300000667572021,0.18563257676381087,-0.335289402377831,0.40815289783680064,-2.0850816160325887
0.2683541881963427,-0.324182890609093,0.2953807758366028,1790750165,515747112,0.14000000059604645,0.1814864420065586,-0.33411444420183606,0.40472134050514075,-2.155238639720735
0.25731232214359023,-0.3222623948600576,0.2849006226234464,1790750165,565442936,0.1420000046491623,0.17715495236887743,-0.33297782719328045,0.40162241536616516,-2.224608391443715
0.2436253425276613,-0.3206053659442793,0.27754293864985463,1790750165,616255726,0.14100000262260437,0.17250448179187025,-0.3318440502077567,0.3987721260751629,-2.295561353970007
0.23176195429738392,-0.3187645963306492,0.2678709497257394,1790750165,665232158,0.14399999380111694,0.16782947957659042,-0.33077765717907487,0.39634010267635567,-2.3640536596618884
0.2178448438303641,-0.31711522167087075,0.26060539458625553,1790750165,715786753,0.14499999582767487,0.16283131014267244,-0.3297082104293867,0.39417158243088496,-2.4347707170849677
0.20366312694979266,-0.3155822203945211,0.2544088569898116,1790750165,765276761,0.1459999978542328,0.15778750916767792,-0.3286906496357108,0.39239290008673644,-2.504128163756263
0.18796168841950045,-0.31439084278663193,0.25200789331777307,1790750165,815765921,0.14399999380111694,0.15251764931742914,-0.3276865070938308,0.390942927119485,-2.574910248858174
0.17293474677610476,-0.3130378329563623,0.24783665036314884,1790750165,865272707,0.14499999582767487,0.14720326986707857,-0.3267255579157818,0.3898772645252302,-2.6450446840853923
0.15716441935052292,-0.31196295725033013,0.246676847390561,1790750165,915309735,0.14399999380111694,0.1417515670037136,-0.3257890392848925,0.3891804671790798,-2.7160608150319794
0.14151174294488397,-0.31050565556657556,0.24166622020186232,1790750165,965375560,0.14800000190734863,0.13623049757581324,-0.3248840306190061,0.3888714216819001,-2.787455894549942
0.12520930322576007,-0.30953440343389566,0.2417692667546387,1790750166,15959443,0.14800000190734863,0.13063178488375077,-0.32400778772469296,0.38896002191410806,-2.859652201148103
0.10929407724655905,-0.3087863028225033,0.2440082672506044,1790750166,65381821,0.1469999998807907,0.12513056676662085,-0.3231816216980824,0.3894420334780656,-2.9308018320093763
0.09359574181181474,-0.3082375247044546,0.2483813380286217,1790750166,115442229,0.14499999582767487,0.11959163789495168,-0.32238267767152523,0.39032895803120804,-3.002982791328823
0.0776075580099641,-0.3075066626356283,0.2509604799367357,1790750166,165793009,0.1459999978542328,0.11411546399428416,-0.32162023219374547,0.3916160142338412,-3.075323643257234
0.06207651839418073,-0.3069008693622674,0.25460199364824776,1790750166,215183275,0.1469999998807907,0.10884435293094503,-0.32091084940693676,0.3932580071378987,-3.146238814763247
0.047214745919188145,-0.30658363568850533,0.2613322534730383,1790750166,265349684,0.1459999978542328,0.10358629697039609,-0.32022282536924074,0.39531814866492015,-3.218738143747427
0.032923503139354895,-0.30637219596414544,0.26909635706961,1790750166,315517065,0.14499999582767487,0.09847810621602412,-0.3195720585921026,0.3977562048547257,-3.291330648665671
0.018304910603196,-0.3060849036476892,0.2761098015690587,1790750166,365098656,0.1459999978542328,0.0935714781093136,-0.318959062088913,0.4005493420443967,-3.3637078932504734
0.006193742331389196,-0.3062460444337193,0.28764633108746956,1790750166,415656752,0.14300000667572021,0.08877531427920729,-0.31836997345830115,0.4037596215795156,-3.437629328482661
-0.006596461511466395,-0.30624282798228053,0.2974686265640764,1790750166,465353168,0.14300000667572021,0.08428563271837325,-0.3178229297971461,0.4072654757885051,-3.5105642208493575
-0.016627172331510814,-0.3065661796147826,0.3104064590660358,1790750166,515267640,0.14000000059604645,0.08003625444710145,-0.3173068575339418,0.41110809722622543,-3.5838679253827004
-0.027901946479192793,-0.306737785172803,0.3220493493984388,1790750166,565634504,0.14000000059604645,0.07602452363913656,-0.316815168712474,0.41531099916205483,-3.6581875859362283
-0.035753117085970273,-0.30719242012260495,0.33611367315741036,1790750166,615131419,0.13699999451637268,0.07238727772377927,-0.31636167426618933,0.4197233513431803,-3.731291506782376
-0.04406139823407873,-0.30756587776794464,0.34938971679448244,1790750166,665344735,0.13600000739097595,0.06909046512684251,-0.31593532916471384,0.42437378251256713,-3.804151397871001
-0.0513122432823708,-0.3079967154365097,0.36311169320918313,1790750166,715513440,0.13500000536441803,0.06614667693956221,-0.31553587712271997,0.42922950132288007,-3.8767017280988196
-0.05906895322060732,-0.3083624898443614,0.3758722573291866,1790750166,765385699,0.13600000739097595,0.06365152942357781,-0.31517495089860015,0.4340897420250084,-3.946492616204411
-0.06127402572898593,-0.30901173901424767,0.390968412398176,1790750166,815356654,0.13199999928474426,0.06150371814997851,-0.31483488561213546,0.4390903032885328,-4.01600179504434
-0.061789916244226056,-0.3094555275800905,0.4010613358446867,1790750166,865881842,0.1289999932050705,0.06026402796393843,-0.31461660117473056,0.44250040279230524,-4.062334371377613
-0.06630788833316692,-0.3096764574658773,0.40866095111694284,1790750166,915681638,0.13099999725818634,0.05928842203905533,-0.3144269880862139,0.4455933022654209,-4.103744967518683
-0.06422640917756994,-0.30988552857520335,0.41226202748575125,1790750166,965348479,0.12800000607967377,0.05898864029864565,-0.3143641831214908,0.44664217862598465,-4.117672994886728
-0.06570738316102523,-0.3099199578006602,0.41387221024419607,1790750167,16495142,0.1289999932050705,0.05879400553788794,-0.31432192060628195,0.4473539243939868,-4.127093829573181
-0.0667411033658917,-0.30989532098844386,0.4138665177369117,1790750167,66016020,0.12999999523162842,0.05876837231572734,-0.3143162641633509,0.44744963158587947,-4.128358840942383
-0.06481019875790692,-0.30996333513240953,0.41438317824345344,1790750167,115358148,0.12800000607967377,0.05876837231572734,-0.3143162641633509,0.44744963158587947,-4.128358840942383
-0.06384473926069528,-0.30999734245776617,0.4146415104214451,1790750167,165298547,0.12700000405311584,0.05876837231572734,-0.3143162641633509,0.44744963158587947,-4.128358840942383
-0.06481019875790692,-0.30996333513240953,0.41438317824345344,1790750167,215836781,0.12800000607967377,0.05876837231572734,-0.3143162641633509,0.44744963158587947,-4.128358840942383
-0.06481019875790692,-0.30996333513240953,0.41438317824345344,1790750167,265331252,0.12800000607967377,0.05876837231572734,-0.3143162641633509,0.44744963158587947,-4.128358840942383
-0.06384473926069528,-0.30999734245776617,0.4146415104214451,1790750167,316069089,0.12700000405311584,0.05876837231572734,-0.3143162641633509,0.44744963158587947,-4.128358840942383
-0.06384473926069528,-0.30999734245776617,0.4146415104214451,1790750167,368926407,0.12700000405311584,0.05876837231572734,-0.3143162641633509,0.44744963158587947,-4.128358840942383
-0.06481019875790692,-0.30996333513240953,0.41438317824345344,1790750167,419233066,0.12800000607967377,0.05876837231572734,-0.3143162641633509,0.44744963158587947,-4.128358840942383
-0.06230883976597207,-0.30971449141507545,0.41285790603712774,1790750167,465366865,0.12600000202655792,0.05898703794804519,-0.31412111070953885,0.4466793824489056,-4.117826041476925
-0.06447592625153958,-0.30922829632059634,0.40958276309352376,1790750167,515881535,0.1289999932050705,0.05925925116896651,-0.3138881580317337,0.44576134521689037,-4.105231431461944
-0.06289888168850466,-0.3079724938250058,0.4014008943043023,1790750167,565537118,0.12999999523162842,0.06021147030478167,-0.313142909420756,0.44283888164538565,-4.064812721096002
-0.06246202961559843,-0.30648673228005646,0.3915652086481659,1790750167,615235913,0.13300000131130219,0.06142310447423854,-0.3123114372894442,0.43960213935676873,-4.019387554656141
-0.0559731394670316,-0.304553237768586,0.3791458801638672,1790750167,665536600,0.13199999928474426,0.06348490149531859,-0.3110969808072155,0.4349218219995219,-3.9522078854375358
-0.050952942737077095,-0.3024138420802652,0.36515791237634504,1790750167,715502999,0.1340000033378601,0.06599205182942823,-0.3098385733401079,0.43015593162390114,-3.88152953402174
-0.042366527114889224,-0.30049156391357235,0.35307368042158466,1790750167,765334536,0.13300000131130219,0.06883739074107866,-0.3086003882086462,0.42557841110063177,-3.810859480693239
-0.033727331184235765,-0.29856793055346986,0.34100934841729325,1790750167,815417574,0.13300000131130219,0.07202201717856198,-0.3073791794694703,0.4211868861831184,-3.73979919909442
-0.02877880642019856,-0.29629268617835697,0.3256796934699852,1790750167,865424463,0.13899999856948853,0.0755065577853252,-0.30618734304386525,0.41704521311691184,-3.6689826770729583
-0.0161503442977646,-0.29472117447119384,0.3168099149386536,1790750167,915413520,0.13600000739097595,0.07927757525592731,-0.30502413485398666,0.4131601260819107,-3.598215476661519
-0.006562470310591595,-0.292890941909864,0.3054164351488411,1790750167,965221491,0.1379999965429306,0.08323556869931548,-0.30391312078533295,0.4096221106596367,-3.528918697090951
0.004553838769841709,-0.2912051907177636,0.2953828015954786,1790750168,15396715,0.13899999856948853,0.08745169082843396,-0.3028275475065509,0.4063506642813198,-3.459331869699151
0.01593695309291561,-0.2895041909695331,0.2852214918463576,1790750168,65753754,0.14100000262260437,0.09191758252518532,-0.3017673738385743,0.40336360557626766,-3.3893683374935457
0.026449536435288745,-0.2876394179449193,0.27331453863150384,1790750168,115196651,0.1459999978542328,0.09650110927383189,-0.3007583901899013,0.40073772758672366,-3.320652316525937
0.041558002686742715,-0.28656755611839296,0.2691644886629706,1790750168,165230373,0.14300000667572021,0.10131070844313002,-0.2997722891063435,0.39840941541355357,-3.251238226361214
0.05478469630784189,-0.2850269143466714,0.2604962177456901,1790750168,215890350,0.1459999978542328,0.10633583799169914,-0.2988095076355764,0.396395148156343,-3.180980178357843
0.06922018842499525,-0.2838988783566454,0.25569320126395034,1790750168,265310042,0.1459999978542328,0.11134671458634407,-0.29790895593080285,0.3947797674498307,-3.1127533701002186
0.08350181130511969,-0.28256589973516066,0.24892058723932065,1790750168,315472589,0.14900000393390656,0.11653353337851488,-0.297031152047059,0.3934912031497583,-3.0435543696624068
0.09882063120552767,-0.2817362427108367,0.24707414799583724,1790750168,365428303,0.14800000190734863,0.12172739130522284,-0.2962012559747991,0.3925734411129641,-2.9753572545672857
0.11420833478503925,-0.2811105361817148,0.24727253705291002,1790750168,415329553,0.1459999978542328,0.12695974042288283,-0.29540913257490875,0.3920100621418782,-2.907365413208839
0.12934815423908305,-0.28019448098943023,0.24453765953346995,1790750168,465415860,0.14800000190734863,0.13222828177376278,-0.2946516722473302,0.39180169129578346,-2.8393299625053565
0.14459960843542563,-0.2795796339813849,0.2448176181898263,1790750168,515259165,0.14800000190734863,0.13747383559229673,-0.2939332922504533,0.3919474806252209,-2.771664381903823
0.1601880115675937,-0.2787761334103456,0.2431615296955509,1790750168,565722307,0.1509999930858612,0.1427171624192963,-0.2932477916785919,0.3924476256621032,-2.70382554883026
0.17491429974796915,-0.278558710278939,0.24743943689073716,1790750168,615508982,0.14900000393390656,0.14783898497672307,-0.2926063727296973,0.3932838460465621,-2.6370230130272847
0.1884224723514314,-0.27870709605794614,0.2555430832389257,1790750168,665152658,0.14399999380111694,0.1528883052551889,-0.2919991420974001,0.3944554394049021,-2.570370256415711
0.20385555012601309,-0.2782012504701143,0.2569698129030011,1790750168,715931486,0.1469999998807907,0.15796434623415628,-0.29141104397704437,0.3959967841201457,-2.502186003525881
0.2178109383160225,-0.2780689656130783,0.26210824522927223,1790750168,765707356,0.1469999998807907,0.16278702164235564,-0.29087139074260604,0.3978192118813622,-2.4359848415033367
0.23182503245074476,-0.27793858874231553,0.26725350037142115,1790750168,815533291,0.14800000190734863,0.16747859232500253,-0.2903618155642585,0.3999531599152573,-2.369823886134663
0.24265463660945044,-0.2783811009344956,0.27858442504745307,1790750168,865419374,0.14300000667572021,0.17205400365259962,-0.2898780756955806,0.40240838115729083,-2.3032227488430497
0.25634545346318577,-0.2783305027428691,0.2846615397011273,1790750168,915533450,0.14499999582767487,0.17648259852712578,-0.28941971318186954,0.4051769022211278,-2.2362491792243073
0.26763705910196145,-0.2785849776987812,0.29389478317187234,1790750168,965124152,0.14399999380111694,0.18063106956074323,-0.28899761220981274,0.4081643462287723,-2.1707402269988023
0.27905006551801725,-0.2788354887299954,0.3031766623455179,1790750169,15477812,0.14399999380111694,0.1846281581769542,-0.2885946586758274,0.4114599031114175,-2.104365540711606
0.28901059875451685,-0.2792121523194521,0.3137891312385746,1790750169,65351275,0.14300000667572021,0.1883644329200131,-0.2882193738458143,0.4149732266906002,-2.038692257090104
0.29901334329108387,-0.2795833092536034,0.3243856180891078,1790750169,115524045,0.14300000667572021,0.19188388428814046,-0.2878633469974818,0.4187451533674921,-1.9726368051695766
0.3081750047572019,-0.2800047371943847,0.33545784124499334,1790750169,165593814,0.14300000667572021,0.19510886354545884,-0.28753206126272274,0.4226839211357715,-1.907486599211304
0.3148840965279521,-0.2805664273271242,0.3481348959321645,1790750169,215427129,0.14100000262260437,0.19805309594757806,-0.2872203939799557,0.42679392447146247,-1.8427847318142796
0.32499924946296593,-0.2809410724032031,0.3585767332074469,1790750169,265125388,0.14399999380111694,0.20072739853109758,-0.28692451121609797,0.4310798623858592,-1.7781566447968689
0.3292834409384713,-0.28161464804870706,0.3727685783813213,1790750169,315867808,0.14100000262260437,0.20316900438793534,-0.2866362817800595,0.4356250245724911,-1.71215161866513
0.33574044407072773,-0.2821176721610238,0.38433701288287775,1790750169,365392946,0.1420000046491623,0.2051363417574185,-0.28638523335701704,0.43991000723026935,-1.6518390759978694
0.33866302335584053,-0.2827264305073057,0.3972753716322232,1790750169,415261547,0.14000000059604645,0.20683530171055722,-0.28614417502868644,0.4442835729921273,-1.5918197268649403
0.3402475217475846,-0.2830903409310098,0.405107883067484,1790750169,465153177,0.13899999856948853,0.20774016651641616,-0.28600042314589014,0.44699262770633064,-1.555286369101401
0.34417316747940535,-0.2833591310824194,0.4112573058254087,1790750169,515373614,0.14100000262260437,0.20845639468688143,-0.2858751967643385,0.4494099955843385,-1.5230379775008591
0.3417984950453258,-0.2834967194517325,0.413922921129809,1790750169,565365161,0.1379999965429306,0.2086408241575777,-0.2858407629963392,0.4500828324883843,-1.514114757786559
0.34206174599223677,-0.2835410256344596,0.41490022296998563,1790750169,615843747,0.1379999965429306,0.2087354776199671,-0.28582265417947395,0.4504375185755457,-1.5094193545386476
0.3449987878509661,-0.2834981084770139,0.414272661136948,1790750169,664973392,0.14100000262260437,0.2087491788921558,-0.2858200086211466,0.4504894193831852,-1.508732795715332
0.3430661654035577,-0.2835310432969632,0.41478637505138716,1790750169,715057967,0.13899999856948853,0.20874917889215572,-0.2858200086211468,0.45048941938318526,-1.508732795715332
0.3430661654035577,-0.28353104329696316,0.41478637505138716,1790750169,765225247,0.13899999856948853,0.20874917889215572,-0.2858200086211468,0.45048941938318526,-1.508732795715332
0.34499878785096605,-0.28349810847701407,0.414272661136948,1790750169,815293738,0.14100000262260437,0.20874917889215572,-0.2858200086211468,0.45048941938318526,-1.508732795715332
0.3411335429561495,-0.28356397811691225,0.4153000889658263,1790750169,865315906,0.13699999451637268,0.20874917889215572,-0.2858200086211468,0.45048941938318526,-1.508732795715332
0.3420998541798536,-0.28354751070693773,0.41504323200860677,1790750169,915787723,0.1379999965429306,0.20874917889215572,-0.2858200086211468,0.45048941938318526,-1.508732795715332
0.3411335429561495,-0.28356397811691225,0.4153000889658263,1790750169,969308193,0.13699999451637268,0.20874917889215572,-0.2858200086211468,0.45048941938318526,-1.508732795715332
0.3411335429561495,-0.2835639781169123,0.4153000889658263,1790750170,15330917,0.13699999451637268,0.20874917889215572,-0.2858200086211468,0.45048941938318526,-1.508732795715332
0.34059988245885653,-0.2832560305147457,0.41334631685790735,1790750170,66368635,0.13699999451637268,0.20855771482206362,-0.2856379150008931,0.44979067293066394,-1.518265218346381
0.34189059011092027,-0.2828687073262884,0.4105737910484359,1790750170,115278798,0.13899999856948853,0.208331218218113,-0.28543059394153447,0.4489968377637503,-1.5291261901857296
0.3386876832984077,-0.28174127185757303,0.4036141415257102,1790750170,166083348,0.1379999965429306,0.20752944834995973,-0.284753756733286,0.44642116648575825,-1.5646146251896416
0.3349983540457883,-0.28051878049622037,0.3961351850502534,1790750170,215628190,0.13699999451637268,0.2065442125837962,-0.2840150790031264,0.4436357948936993,-1.6034732155965081
0.33132311309920764,-0.27867061287421124,0.38446273612506865,1790750170,265283180,0.1379999965429306,0.20489068947214814,-0.2829335378014702,0.43960499553381227,-1.6607532960280886
0.3300324311142363,-0.27653512593477964,0.37022065145542615,1790750170,315720145,0.14300000667572021,0.2028313659114317,-0.2817694686750801,0.4353473938628654,-1.7228951128467125
0.32177609174262584,-0.2746950367120416,0.3595350573068854,1790750170,365205996,0.14100000262260437,0.20053873453236826,-0.280631515062894,0.4312794799544801,-1.7842190148058916
0.3152460842062412,-0.2727264735076092,0.34754760044104693,1790750170,415763832,0.1420000046491623,0.19793323697585,-0.2794805485773791,0.4272726257782202,-1.8469347796496716
0.30894875102662706,-0.2707864148833845,0.3356178909175066,1790750170,465228942,0.14399999380111694,0.19515646312862822,-0.27837507735319333,0.423536749142463,-1.9079823666186608
0.3017138914733861,-0.26884311420237067,0.3238495320821566,1790750170,515479147,0.1459999978542328,0.19210336187298666,-0.277268935281093,0.41992521429834123,-1.96994257972016
0.2944087576394706,-0.26687351284292327,0.3117855730888169,1790750170,565539695,0.14900000393390656,0.18883795843316584,-0.2761840872351293,0.4165191433121863,-2.0317244909109697
0.28501043745215937,-0.26508206616204466,0.3016543348286087,1790750170,615073777,0.15000000596046448,0.18539862661734344,-0.27512900235336896,0.4133528039475527,-2.092867069836106
0.2736318468976401,-0.26346883043870184,0.2935728206892968,1790750170,665332889,0.14900000393390656,0.18173724518947496,-0.27408582501144485,0.4103789111788094,-2.1545159285092113
0.26365491743780656,-0.26171829486692266,0.28387312847697105,1790750170,715068602,0.1509999930858612,0.17793866720972565,-0.27307577722998966,0.40766622179457007,-2.215447451111613
0.2513322755999381,-0.2602394843599503,0.2772212700169664,1790750170,765425836,0.15000000596046448,0.17393892462190372,-0.2720789273802989,0.40516695615564824,-2.276966513158504
0.24022790949719208,-0.2586089825297597,0.26880613740689163,1790750170,815124474,0.15199999511241913,0.1698442490025227,-0.271118751865428,0.40294652849292856,-2.337646285990305
0.2283815950768635,-0.2570216576125564,0.26096540498422255,1790750170,865417365,0.15399999916553497,0.16557313950692742,-0.2701732758091419,0.40095873550648486,-2.3989691800267035
0.21570893543456382,-0.25559575817435376,0.25478725190622686,1790750170,915330893,0.1550000011920929,0.16121663138760292,-0.2692601902217632,0.3992478779121531,-2.4598136679275506
0.20289873374787704,-0.25414959605280085,0.24841294000289565,1790750170,965524598,0.15700000524520874,0.1567553300276295,-0.2683724200023449,0.39780336546251505,-2.5207260905604114
0.1894141283920049,-0.25287045475294656,0.24377462558386556,1790750171,15582118,0.15800000727176666,0.15222465096878116,-0.26751415952543844,0.39663569642075963,-2.5814220319770307
0.1748304726765705,-0.25204099659858714,0.2438545330520632,1790750171,65708582,0.1550000011920929,0.1476035485033811,-0.26667906293555266,0.39574074698713624,-2.6424368540337526
0.16078825216328152,-0.2509110417450907,0.2408772570959192,1790750171,116252076,0.15600000321865082,0.1428882488802122,-0.26586452403982347,0.39512376193134907,-2.704002568263256
0.14697014462668878,-0.2497923185788568,0.2377869328041014,1790750171,165694611,0.15800000727176666,0.13827004541611995,-0.2651002106995908,0.39480278872452923,-2.7638903006190096
0.13281585066236948,-0.24904157323396447,0.23850901877487038,1790750171,215411240,0.15700000524520874,0.13361399847879044,-0.2643599612458129,0.39475789587732246,-2.824054590406855
0.11824411828406585,-0.24768599777742406,0.23313059222925744,1790750171,265635297,0.16300000250339508,0.12893287213948781,-0.2636439464043061,0.3949950269663139,-2.8845749582563127
0.10436749341983528,-0.24739890786944974,0.23853287159481937,1790750171,315530807,0.1589999943971634,0.12430320496988714,-0.2629611545169589,0.395508608900217,-2.9446529563592403
0.09102114285989027,-0.24710240922656565,0.24371527129733303,1790750171,365398603,0.15600000321865082,0.11975319710455765,-0.26231283280635503,0.3962902137932224,-3.0041591985911618
0.0769996003682702,-0.24640115583520827,0.24480464527336462,1790750171,415225159,0.15800000727176666,0.1152636868470327,-0.26169328172265155,0.3973366513234612,-3.0635188911977433
0.06280943339088976,-0.2457806454547477,0.24679808584576296,1790750171,465398531,0.1599999964237213,0.11079592282568981,-0.26109513517869454,0.3986623742476443,-3.1234935569071856
0.05157067779618836,-0.2460037347407178,0.2570817035813982,1790750171,515262679,0.15399999916553497,0.10643466170223165,-0.2605272953678729,0.40024248452244904,-3.183137457241958
0.03830926578264732,-0.24563654056683248,0.26157856343874286,1790750171,565285958,0.1550000011920929,0.10213750105899237,-0.25998204651092344,0.40209604708495816,-3.243278531033923
0.025689563674116428,-0.24544149886045097,0.26779865255999485,1790750171,615502256,0.1550000011920929,0.09793452007538178,-0.2594608375839774,0.4042139185161301,-3.3037148803006717
0.013572099777914348,-0.24532481333376227,0.27470296466607835,1790750171,665345811,0.1550000011920929,0.09389992318255193,-0.2589704883743716,0.40655984430953207,-3.363616966293236
0.0029589467545977632,-0.24545292782696798,0.2839974333686479,1790750171,715487035,0.15299999713897705,0.08998657273472367,-0.2585026071815054,0.4091569208617424,-3.4238610511942187
-0.00619142455094443,-0.24572307673412544,0.2944890640778507,1790750171,765351516,0.15000000596046448,0.08629255653550617,-0.25806657253513177,0.41193842823939464,-3.483149664040155
-0.015231627956706392,-0.2459619591477118,0.30464239465156157,1790750171,815311702,0.14800000190734863,0.08276528243207641,-0.257653513986478,0.41493252868122077,-3.5424408908573355
-0.02565531828407433,-0.24602372625956226,0.3130879596137677,1790750171,865254814,0.14900000393390656,0.07942964165999856,-0.25726413670370435,0.41812036194230623,-3.601548496102727
-0.033383599936850555,-0.2463686527052971,0.3241779865733819,1790750171,915316380,0.1469999998807907,0.07627826837793764,-0.2568951078417287,0.421504593135633,-3.660764982879759
-0.04359422967368892,-0.24648798456921142,0.3332636828969311,1790750171,965767095,0.14900000393390656,0.07329951486553181,-0.2565427877827402,0.4251100469634569,-3.720633882189152
-0.04752998634723714,-0.24711981489117174,0.34695030281352335,1790750172,15887893,0.14399999380111694,0.0705533751722356,-0.25621174695713034,0.4288627848800022,-3.7801454786952373
-0.05719156432322145,-0.24728253598512123,0.35626510390546334,1790750172,65464280,0.1469999998807907,0.06807168734946761,-0.25590357610337816,0.43270982519226275,-3.8387168051098817
-0.06385228209700805,-0.2476884183495558,0.367900792864432,1790750172,116003413,0.1469999998807907,0.06577580495924243,-0.25560626163595324,0.4367692672832956,-3.8983741586870644
-0.0660394986056822,-0.24832363788753614,0.38127948190417077,1790750172,165561912,0.14300000667572021,0.06377091966293755,-0.2553323542907419,0.4408540999269618,-3.956569688064492
-0.06920415415083728,-0.2488678429709689,0.39379110531532857,1790750172,215043586,0.14100000262260437,0.062007072378715326,-0.2550726603051172,0.44503673941263217,-4.014622959249913
-0.07336232677935295,-0.24917471322477144,0.40218709265897307,1790750172,265147458,0.1420000046491623,0.06086861061891583,-0.25488944543951225,0.44815880788973184,-4.057120411536457
-0.0731367116999467,-0.24962296893985048,0.4112423574231186,1790750172,315210153,0.13899999856948853,0.05993465835910547,-0.2547254307545684,0.45107921167083687,-4.096333550848096
-0.0750802814754771,-0.2497262330070256,0.41432492116623576,1790750172,365448470,0.14000000059604645,0.0595832703140233,-0.2546593482530537,0.4522905946134295,-4.112465178724137
-0.07575879846366354,-0.24982863159885838,0.4167677937412579,1790750172,415826269,0.14000000059604645,0.05934146196720336,-0.25461210184150546,0.4531688680501661,-4.124116445529725
-0.07295856715155671,-0.2499456156819173,0.41789808922578,1790750172,465617278,0.13699999451637268,0.059307207734593005,-0.25460527740217614,0.4532965474394544,-4.125807285308838
-0.07392401275903518,-0.24991160348228342,0.4176397057851407,1790750172,515532954,0.1379999965429306,0.059307207734593005,-0.25460527740217614,0.4532965474394544,-4.125807285308838
-0.07488945836651367,-0.24987759128264952,0.4173813223445015,1790750172,565080731,0.13899999856948853,0.059307207734592936,-0.25460527740217614,0.4532965474394544,-4.125807285308838
-0.07585490397399208,-0.24984357908301563,0.4171229389038622,1790750172,615278038,0.14000000059604645,0.059307207734593005,-0.25460527740217614,0.4532965474394544,-4.125807285308838
-0.07488945836651364,-0.24987759128264955,0.4173813223445013,1790750172,665331132,0.13899999856948853,0.059307207734593,-0.25460527740217614,0.45329654743945424,-4.125807285308838
-0.07392401275903518,-0.24991160348228342,0.4176397057851407,1790750172,716209108,0.1379999965429306,0.059307207734593005,-0.25460527740217614,0.4532965474394544,-4.125807285308838
-0.07295856715155671,-0.2499456156819173,0.41789808922578,1790750172,767599050,0.13699999451637268,0.059307207734593005,-0.25460527740217614,0.4532965474394544,-4.125807285308838
-0.07295856715155671,-0.2499456156819173,0.41789808922578,1790750172,817032113,0.13699999451637268,0.059307207734593005,-0.25460527740217614,0.4532965474394544,-4.125807285308838
-0.07730827633504382,-0.24951438277505017,0.4148888147782752,1790750172,865936961,0.1420000046491623,0.05947697554724789,-0.2544510120384304,0.45269656371121314,-4.117602529595737
-0.07383753282894912,-0.24931011099845723,0.4136695274406439,1790750172,915989388,0.13899999856948853,0.05968626975355798,-0.25426700460403195,0.4519817050348306,-4.107802495484918
-0.07178461824907764,-0.2482989901259182,0.40706588210834194,1790750172,966507410,0.13899999856948853,0.060425291619914716,-0.25366252431798864,0.44964254045210145,-4.0755348711219535
-0.07120874972010122,-0.24713417100203508,0.3993360730056001,1790750173,15451054,0.14100000262260437,0.06130828729833457,-0.2530136661217764,0.4471447246971704,-4.040703937373377
-0.06799029035506986,-0.24549480216727815,0.3885406571089406,1790750173,65450999,0.1420000046491623,0.06278155968100303,-0.25205893922891964,0.4434918778700936,-3.9889521061562796
-0.06121096698910668,-0.2439378865094347,0.3786036150744283,1790750173,115504250,0.14000000059604645,0.06454503742404581,-0.25106063011834723,0.4397157582573824,-3.934236166044437
-0.05733061595624481,-0.24218231888128908,0.36702237431882606,1790750173,165619400,0.1420000046491623,0.06655375007082105,-0.25005678253552505,0.435976402457813,-3.8785433949921027
-0.05274419343721516,-0.24044589165523625,0.35556784606356395,1790750173,215629252,0.14399999380111694,0.06877230959536637,-0.24906590158017694,0.4323495700240758,-3.8228068514984197
-0.047477021558283414,-0.23873825969173082,0.34432073261595636,1790750173,265246557,0.1459999978542328,0.07118819953777178,-0.2480929360894514,0.4288609875549749,-3.7672170625283385
-0.040628298821594216,-0.23710517613650176,0.33377550023905883,1790750173,315535309,0.1469999998807907,0.07383642579649395,-0.24712213001163527,0.4254623990748313,-3.710822595193282
-0.03248490974507226,-0.23559858972167658,0.3243364047846913,1790750173,365663014,0.1469999998807907,0.07665190694228367,-0.24617733915940798,0.4222457775159913,-3.654918090777641
-0.022454736190482244,-0.23430080246224141,0.31681450011148193,1790750173,415610524,0.14499999582767487,0.0796317356840038,-0.245254720828368,0.41920279398667915,-3.5992685163563434
-0.015509018426937221,-0.2326889169664086,0.3062979745923471,1790750173,465232968,0.14800000190734863,0.0827489339303122,-0.2443601395251675,0.4163577671013266,-3.5441750774774805
-0.004660234500686172,-0.23150946295741265,0.29989045807557524,1790750173,515372321,0.1459999978542328,0.08605371723795496,-0.24347616160928726,0.41366117687778153,-3.4885424527769886
0.002322904367449044,-0.22981578471699202,0.2885308462708217,1790750173,565334053,0.1509999930858612,0.08948005407241548,-0.2426196442185082,0.41117133856069166,-3.4333544071176787
0.01337500091448783,-0.228675488260916,0.2824542180669809,1790750173,615481119,0.15000000596046448,0.09305177992513675,-0.2417812901217691,0.4088656520126951,-3.3780079434188868
0.02320175042164893,-0.22733785899331455,0.2744392439760578,1790750173,665202906,0.15199999511241913,0.09673314300464757,-0.24096831425304446,0.4067696770154493,-3.322913531013882
0.03454624730275538,-0.2262268012155461,0.26865709445843733,1790750173,715409833,0.15199999511241913,0.1005674658190604,-0.24016874051608317,0.4048584878005683,-3.2672412530891606
0.04504047565356263,-0.22490195267731836,0.26075927704361107,1790750173,765469279,0.1550000011920929,0.10450417148912244,-0.2393926771463069,0.40316394042051273,-3.2116055305970757
0.056749226501453885,-0.22382760404619417,0.2552809307603841,1790750173,815376168,0.15600000321865082,0.1085211260454433,-0.23864147271611186,0.4016920666649203,-3.1561148680899804
0.06969772296281687,-0.2231038283547676,0.25328975721439495,1790750173,865501586,0.15399999916553497,0.11263796978091561,-0.2379104243069084,0.40043900003438226,-3.100354611702014
0.08175937494967907,-0.2220640468242891,0.24816176376234259,1790750173,915728569,0.15600000321865082,0.11682977015100553,-0.2372015504646931,0.3994129600160536,-3.0444767952980527
0.09441190548672525,-0.22129559309798488,0.24567309028178258,1790750173,965680144,0.15600000321865082,0.12103345394452164,-0.2365239453746389,0.3986286114272005,-2.9891652665232367
0.10699601627432972,-0.22050321191019906,0.24290236891674527,1790750174,15386616,0.15700000524520874,0.12525214946314914,-0.23587361660282505,0.3980779659272693,-2.9341701961322295
0.11986512199657329,-0.21987719915529585,0.24181060116564435,1790750174,65270597,0.15700000524520874,0.12950947618771516,-0.23524565662328403,0.39775866493780543,-2.879037610825886
0.13289120819972566,-0.2193167906659237,0.2414242899320366,1790750174,115602961,0.15700000524520874,0.1338178633349374,-0.23463598709266825,0.3976723784902483,-2.8234202645684374
0.1456028100650155,-0.21902960640439417,0.2437354017881655,1790750174,165193043,0.1550000011920929,0.13805527686476488,-0.2340604039081921,0.3978201519698098,-2.768747523153749
0.15843713695480244,-0.21860994207457007,0.24476286034912334,1790750174,215466027,0.1550000011920929,0.1423367553355184,-0.23350047819173572,0.39820356555933023,-2.7133453370762735
0.17133581142285217,-0.21816528159661636,0.2455096182446989,1790750174,265581408,0.15600000321865082,0.14658761205920445,-0.2329651930245899,0.3988213603070744,-2.658030960454006
0.18334765875990144,-0.21816556755705205,0.25085725025622274,1790750174,315559075,0.15299999713897705,0.15078963053166777,-0.23245404927315183,0.39966858454452625,-2.6028528089096326
0.19482668204448023,-0.21822344341712108,0.25679949723205436,1790750174,365213796,0.15000000596046448,0.15492164348760107,-0.23196829663396212,0.4007393065134372,-2.547952023862876
0.2071738272442451,-0.21797369087923046,0.25956787137035997,1790750174,415246649,0.1509999930858612,0.15902249585638634,-0.23150077039789768,0.40204406347697963,-2.4926183948196945
0.2201574093303634,-0.21761725162006504,0.2611858186315142,1790750174,465455058,0.15399999916553497,0.1630529343141212,-0.231054976801492,0.4035743933770063,-2.437224678021258
0.23056069261872597,-0.21784584363308912,0.2689530043627485,1790750174,515267586,0.1509999930858612,0.16696198218891745,-0.23063378145591665,0.4053079477635471,-2.382293481990959
0.24329683425827664,-0.21762682951463594,0.27198445354240486,1790750174,565456514,0.15399999916553497,0.17080682719135226,-0.2302298375659532,0.4072706790292609,-2.3268751374774252
0.25496592074668767,-0.21764169959897406,0.2775036319160723,1790750174,615687080,0.1550000011920929,0.17454295620081384,-0.2298453430323002,0.409443838942415,-2.2713970965981254
0.265138281207443,-0.21786950039511915,0.28526814496416963,1790750174,665548099,0.15399999916553497,0.1781262077155642,-0.22948360332839682,0.41179881880527386,-2.2163923060141637
0.2753972305108255,-0.21807076087460184,0.2927266432571455,1790750174,715236265,0.15399999916553497,0.18156392032452312,-0.229141132529649,0.41433567464003684,-2.1615891091128483
0.283971679249462,-0.21846033652407834,0.30227885163982526,1790750174,765465137,0.15199999511241913,0.1848750309429538,-0.22881494692330379,0.4170683757788856,-2.1065474880483364
0.2911351231524214,-0.21894282238172935,0.3128352919936762,1790750174,815201137,0.14900000393390656,0.18799856307491547,-0.22850844466058148,0.4199443486513721,-2.052113047201579
0.30207914550017345,-0.21908866216989162,0.3196693571925564,1790750174,865150703,0.15199999511241913,0.19099707242478212,-0.22821435921936115,0.4230206668543607,-1.9970605516908682
0.3097369024911697,-0.21952792947454966,0.3298483208352043,1790750174,915436093,0.1509999930858612,0.19384548372344687,-0.22793251820382088,0.4262824426812928,-1.9415645663094518
0.3142957512822728,-0.2201469272068203,0.3420636680979075,1790750174,965306057,0.1469999998807907,0.19648304134111588,-0.22766783774241298,0.42965705395545334,-1.8866953996535272
0.32228673897851584,-0.22053615697186987,0.3516801142157049,1790750175,15714605,0.14800000190734863,0.19895720792908259,-0.22741290174364945,0.43320641498451123,-1.83126505461149
0.327059891817172,-0.22108385874957168,0.36308346837820843,1790750175,65033937,0.1459999978542328,0.2011941934453883,-0.22717412062053916,0.43681768063522103,-1.77685885928078
0.33761585121069604,-0.22140445685635027,0.37190269790442637,1790750175,116437638,0.1509999930858612,0.20331581032514692,-0.22693558114344664,0.4407060669657643,-1.7201211035713881
0.34020835211934786,-0.22202894283464925,0.38421465299130464,1790750175,165689922,0.14800000190734863,0.20512706862544586,-0.22671898635261212,0.44450603633929964,-1.6662061805524389
0.3486420329262418,-0.22246264374987282,0.39409053573258346,1790750175,215420950,0.15199999511241913,0.20674460734964206,-0.22650823671639492,0.44842976931622913,-1.6118413182514846
0.34986450540316705,-0.22293166464061062,0.4033552273408621,1790750175,265442803,0.15000000596046448,0.20779816901368098,-0.22635636855955799,0.4513701131167996,-1.5718289764891709
0.3524222017141707,-0.22332458124274382,0.41139033757990784,1790750175,315284359,0.15000000596046448,0.2086699478580397,-0.22621791649107773,0.45413282125321097,-1.53471347234254
0.3515009088632639,-0.2235304192517027,0.4154008250355681,1790750175,365731306,0.14800000190734863,0.2090120819951209,-0.22615930762942538,0.4553260517501784,-1.5188096584225597
0.35606137740022714,-0.22358755223617965,0.41690694630745134,1790750175,415533926,0.15199999511241913,0.20925160510194785,-0.22611645300982852,0.4562069963427866,-1.5071128600343968
0.3523042403871255,-0.22367348299282322,0.4183389825835178,1790750175,466308884,0.14800000190734863,0.20928811733117114,-0.22610977117864678,0.45634495067400244,-1.5052844285964966
0.3523042403871255,-0.22367348299282322,0.4183389825835178,1790750175,515792651,0.14800000190734863,0.20928811733117114,-0.22610977117864678,0.45634495067400244,-1.5052844285964966
0.35616953439433413,-0.22360763747888204,0.41731179601490387,1790750175,565283789,0.15199999511241913,0.20928811733117114,-0.22610977117864678,0.45634495067400244,-1.5052844285964966
0.3542368945904132,-0.2236405601132056,0.4178253873859235,1790750175,615282447,0.15000000596046448,0.20928811733117114,-0.22610977117864678,0.45634495067400244,-1.5052844285964966
0.3523042403871255,-0.22367348299282322,0.4183389825835178,1790750175,665203345,0.14800000190734863,0.20928811733117114,-0.22610977117864678,0.45634495067400244,-1.5052844285964966
0.3523042403871255,-0.22367348299282322,0.4183389825835178,1790750175,717944265,0.14800000190734863,0.20928811733117114,-0.22610977117864678,0.45634495067400244,-1.5052844285964966
