x,y,z,stamp_sec,stamp_nanosec,raw_range,ox,oy,oz,j7
0.13926399360270245,-0.20116372327618842,0.238966136648881,1790750827,566112907,0.1589999943971634,0.13928879000995917,-0.21849258876344582,0.39701900129979684,-2.7923471927642822
0.13926399360270245,-0.20116372327618842,0.238966136648881,1790750827,616693343,0.1589999943971634,0.13928879000995917,-0.21849258876344582,0.39701900129979684,-2.7923471927642822
0.13926414955294697,-0.2012727084522617,0.23996016705990225,1790750827,665468552,0.15800000727176666,0.1392887900099591,-0.21849258876344602,0.39701900129979684,-2.7923471927642822
0.13926414955294703,-0.2012727084522615,0.23996016705990222,1790750827,718172773,0.15800000727176666,0.13928879000995917,-0.21849258876344582,0.39701900129979684,-2.7923471927642822
0.13926414955294703,-0.2012727084522615,0.23996016705990222,1790750827,768049119,0.15800000727176666,0.13928879000995917,-0.21849258876344582,0.39701900129979684,-2.7923471927642822
0.13926368169756556,-0.20094574967598916,0.23697804620204235,1790750827,815744014,0.16099999845027924,0.13928879000995917,-0.21849258876344582,0.39701900129979684,-2.7923471927642822
0.13926399360270245,-0.20116372327618842,0.238966136648881,1790750827,865294053,0.1589999943971634,0.13928879000995917,-0.21849258876344582,0.39701900129979684,-2.7923471927642822
0.13926399360270245,-0.20116372327618842,0.238966136648881,1790750827,915981786,0.1589999943971634,0.13928879000995917,-0.21849258876344582,0.39701900129979684,-2.7923471927642822
0.13926414955294703,-0.2012727084522615,0.23996016705990222,1790750827,965154998,0.15800000727176666,0.13928879000995917,-0.21849258876344582,0.39701900129979684,-2.7923471927642822
0.13926430550551547,-0.20138169525236113,0.24095421228332156,1790750828,16427967,0.15700000524520874,0.13928879000995917,-0.21849258876344582,0.39701900129979684,-2.7923471927642822
0.13926399360270245,-0.20116372327618842,0.238966136648881,1790750828,65900987,0.1589999943971634,0.13928879000995917,-0.21849258876344582,0.39701900129979684,-2.7923471927642822
0.139263837650134,-0.2010547364760888,0.23797209142546166,1790750828,115796537,0.1599999964237213,0.13928879000995917,-0.21849258876344582,0.39701900129979684,-2.7923471927642822
0.13792570001729818,-0.20138520578002933,0.2409426949180111,1790750828,165800885,0.15700000524520874,0.13884073252409052,-0.21850021865365432,0.3970043516336911,-2.7980185056349507
0.1363279532198034,-0.20117223283072194,0.23895084597687144,1790750828,215271942,0.1589999943971634,0.13831429793594935,-0.21850950634293465,0.39699030813784364,-2.8046820846982032
0.12989265680309697,-0.20131306346172761,0.240036951663692,1790750828,265549421,0.15800000727176666,0.13616520753006103,-0.2185510459019139,0.39696849523173255,-2.8318941132344655
0.12248689335214871,-0.20115216655035656,0.2383659554438428,1790750828,315321980,0.1599999964237213,0.133743676326732,-0.2186049229555007,0.39701237042545107,-2.8625914486719806
0.11144807788111828,-0.20172452069570687,0.24326178256681172,1790750828,365574172,0.15600000321865082,0.12993824117007985,-0.2187050143704391,0.39722858970500297,-2.9109758330260367
0.09833702066167924,-0.2011717541111941,0.23797917646291317,1790750828,415557640,0.16300000250339508,0.12592880682605012,-0.21883142213176868,0.39765331424912304,-2.962254532926628
0.08519995319175544,-0.20124436756173225,0.23839703250630873,1790750828,465542358,0.16500000655651093,0.12178428387897137,-0.2189855855217694,0.3983090023431897,-3.015732457877584
0.07306207791556597,-0.20181925494983566,0.24336938497710894,1790750828,515304862,0.16300000250339508,0.1176757550170888,-0.21916313280461716,0.39918276865305086,-3.0693830470347576
0.06064870523964984,-0.20225103304187922,0.24707256475798223,1790750828,565471173,0.16300000250339508,0.11362122180448217,-0.21936388470724003,0.40027198908057793,-3.1231277909344795
0.048938791799514485,-0.20285243600090458,0.25231041076477645,1790750828,615268279,0.16200000047683716,0.10967300727479229,-0.21958541002103416,0.40155974177010934,-3.176414561985519
0.03838420678497104,-0.20372392769335007,0.25995607282815975,1790750828,665307432,0.1589999943971634,0.10579202937273632,-0.21983013355001585,0.4030566451721481,-3.229914297348885
0.02593544954712447,-0.20416181658162477,0.26375319621842824,1790750828,715853275,0.16099999845027924,0.1019678606574141,-0.22009971673078732,0.4047711216767938,-3.283947338606708
0.017521093985514935,-0.2053352958358931,0.274053245766099,1790750828,765359610,0.15600000321865082,0.09833872365720239,-0.22038420523639196,0.4066354544681893,-3.3366789220567297
0.008120522944973937,-0.20627041249390526,0.28222543132932554,1790750828,815316559,0.15399999916553497,0.09479191180022438,-0.22069212517617914,0.40870105862643247,-3.3898577313559697
-0.0007583887823112978,-0.2072575669450819,0.2908327876692545,1790750828,865259712,0.15199999511241913,0.09136068119198534,-0.22102149585113237,0.41095201894516326,-3.4431591412478433
-0.009095056127469456,-0.20829411662741842,0.2998452486131826,1790750828,915298856,0.15000000596046448,0.08805510138294761,-0.2213719808457062,0.41338298749910796,-3.4965888686342668
-0.018930181092678286,-0.20912632589214375,0.3070652067051136,1790750828,965206009,0.1509999930858612,0.08488604107177002,-0.2217430682492163,0.41598723266739224,-3.5501358937428096
-0.02776287552403907,-0.2101139138139406,0.3156122025021733,1790750829,15628980,0.1509999930858612,0.08183669369832708,-0.22213787593539092,0.41878369407374955,-3.6042857090380758
-0.03526995526875498,-0.21122279194486063,0.3251718853124672,1790750829,65592531,0.15000000596046448,0.07897913270181584,-0.22254755842888718,0.42170632139677044,-3.6579168363651515
-0.04457723787680966,-0.21215966611777998,0.3332424926342999,1790750829,115442673,0.15199999511241913,0.07629748233760368,-0.22297403040141722,0.4247648945499158,-3.711421220272507
-0.04769017804156345,-0.21362811433988488,0.3457675428087253,1790750829,165305464,0.1469999998807907,0.07379786166107517,-0.22341638308809736,0.42794932892386967,-3.7648007965782306
-0.05254275543978458,-0.21491156160537858,0.35667252286233947,1790750829,215214812,0.14499999582767487,0.07147972345818447,-0.22387494903090577,0.43125858861116717,-3.818205074709616
-0.0600115413599549,-0.2159369415701471,0.36538522620426633,1790750829,265832923,0.1469999998807907,0.06944187457949536,-0.22432711365030514,0.43452579373900313,-3.869217797452928
-0.06689664259973764,-0.21697938323218022,0.3742138537820725,1790750829,315357831,0.14900000393390656,0.06764002616894275,-0.2247767271381289,0.43777553529651103,-3.918550459452854
-0.06720496196853927,-0.21848899372561084,0.38681733957962783,1790750829,365211326,0.14399999380111694,0.0659010447815876,-0.22527025066136808,0.44134076331776206,-3.9713259070791818
-0.07435743958024911,-0.21966933516603226,0.3967238345265025,1790750829,415399240,0.1469999998807907,0.06433643455808592,-0.22578470629560377,0.4450519989588473,-4.025025320387895
-0.07478552970862229,-0.22055491853836298,0.4040507885514883,1790750829,465681367,0.14499999582767487,0.06349852520760563,-0.22609891782692104,0.4473148962834161,-4.057249174475192
-0.07565349442077643,-0.22129516844814276,0.4101634396348786,1790750829,515442111,0.14399999380111694,0.06283386411477054,-0.22637457365930203,0.44929717678416503,-4.085199846169957
-0.07809669608720714,-0.22143904105428264,0.41139348717336516,1790750829,565692960,0.1459999978542328,0.0626453799366858,-0.22645800101697766,0.4498964409667249,-4.093603515656326
-0.07452496367041514,-0.22169694467245504,0.4134420636583324,1790750829,615493779,0.1420000046491623,0.06254037235305196,-0.2265056338093669,0.45023841524270436,-4.098390169034126
-0.07553441827317298,-0.22168200998302914,0.4133391754300716,1790750829,666041640,0.14300000667572021,0.06252410516088056,-0.22651309014473092,0.4502919382623164,-4.0991387367248535
-0.07939618841204138,-0.22154687510947785,0.4123055335186222,1790750829,715243907,0.1469999998807907,0.06252410516088056,-0.22651309014473092,0.4502919382623164,-4.0991387367248535
-0.07553441827317298,-0.22168200998302914,0.4133391754300716,1790750829,766006214,0.14300000667572021,0.06252410516088056,-0.22651309014473092,0.4502919382623164,-4.0991387367248535
-0.07843074228076446,-0.22158065895372006,0.4125639449591402,1790750829,815389418,0.1459999978542328,0.06252410516088056,-0.22651309014473092,0.4502919382623164,-4.0991387367248535
-0.07939618841204138,-0.22154687510947785,0.4123055335186222,1790750829,865597026,0.1469999998807907,0.06252410516088056,-0.22651309014473092,0.4502919382623164,-4.0991387367248535
-0.07939618841204138,-0.22154687510947785,0.4123055335186222,1790750829,915893950,0.1469999998807907,0.06252410516088056,-0.22651309014473092,0.4502919382623164,-4.0991387367248535
-0.07746529614948762,-0.2216144427979621,0.41282235639965825,1790750829,965205265,0.14499999582767487,0.06252410516088049,-0.22651309014473078,0.4502919382623164,-4.0991387367248535
-0.07456897214189606,-0.22171579382727136,0.4135975868705896,1790750830,15615865,0.1420000046491623,0.06252410516088056,-0.22651309014473092,0.4502919382623164,-4.0991387367248535
-0.07649985001821061,-0.22164822664220443,0.4130807678401763,1790750830,66586831,0.14399999380111694,0.06252410516088056,-0.22651309014473092,0.4502919382623164,-4.0991387367248535
-0.07649985001821061,-0.22164822664220443,0.4130807678401763,1790750830,115872173,0.14399999380111694,0.06252410516088056,-0.22651309014473092,0.4502919382623164,-4.0991387367248535
-0.07409252027942916,-0.22160494379956236,0.41186495550950586,1790750830,165478841,0.1420000046491623,0.06269279122525238,-0.22653294576847205,0.4496736142204911,-4.090952387699038
-0.07639726811710387,-0.22136818505493333,0.40901025345993947,1790750830,215213862,0.14499999582767487,0.06289709631404569,-0.22655649009777273,0.44894971162514574,-4.081345315311869
-0.075320707045481,-0.22090556712294046,0.4020917077478599,1790750830,265220932,0.1459999978542328,0.06360495754964499,-0.22663512832592003,0.4466207007598273,-4.05025802331609
-0.0727440429391194,-0.2204290193831688,0.3945881890832804,1790750830,315705700,0.1459999978542328,0.06449963851606982,-0.22672871481981613,0.4439894553774557,-4.014769294014307
-0.06584410827029985,-0.21991500953427554,0.38519957051444503,1790750830,365214413,0.14300000667572021,0.06593450186519775,-0.22686850723708593,0.4402908464999364,-3.9641129431016986
-0.06266836605509957,-0.2191449535741961,0.3733748590899017,1790750830,415520819,0.14499999582767487,0.06768251798793051,-0.22703001679303733,0.43639447188830865,-3.909588862816957
-0.05611730181340148,-0.218562793310366,0.3629766068855218,1790750830,465484026,0.14399999380111694,0.06965945149534088,-0.22720712432950205,0.4325573663170277,-3.8544779537166955
-0.05324257700102086,-0.21770402088033114,0.35032109259010685,1790750830,515409493,0.14800000190734863,0.07184647191652277,-0.22739937833670018,0.4288241527169121,-3.799235892426869
-0.04466407819817633,-0.21727292743085344,0.3411208559044975,1790750830,565339683,0.1459999978542328,0.07423398786414193,-0.2276078804031706,0.42521864426505174,-3.744009107421138
-0.03489574482054726,-0.21698847253787332,0.333134441226114,1790750830,615151973,0.14300000667572021,0.07680684874571483,-0.22783304148487332,0.42175683018161586,-3.6889169360401013
-0.030727518260987657,-0.21613741699667646,0.32047749160880745,1790750830,665046866,0.14800000190734863,0.07958073820699751,-0.22807825537259532,0.4184239335985428,-3.6335157574949797
-0.021969773443380927,-0.21571479938048999,0.31120892961336555,1790750830,715848997,0.14800000190734863,0.08258881377825956,-0.2283483768743174,0.4151891927525655,-3.5770649159907366
-0.014973361242833313,-0.21509478422780312,0.3004699508778046,1790750830,765374887,0.1509999930858612,0.08567967537499124,-0.22863182553371694,0.4122139110914241,-3.522220507773159
-0.002164523386931849,-0.21525860870332134,0.2961339391614047,1790750830,815505263,0.1459999978542328,0.08896375196747154,-0.2289403299906834,0.40937901546489325,-3.4667398590154397
0.006030538931141971,-0.21474649741795682,0.2861870535994575,1790750830,865792298,0.14900000393390656,0.09240751608328522,-0.22927298819658912,0.406723355417709,-3.4111058970824195
0.016383134666963145,-0.2145860307318632,0.27921112206167903,1790750830,915509143,0.14900000393390656,0.09594799599602855,-0.229625333044133,0.40428811195171005,-3.3561059630406374
0.02754664067594076,-0.21459983181142095,0.2737038259634935,1790750830,965193034,0.14800000190734863,0.09960016744105693,-0.23000068763410675,0.4020592056139497,-3.301321151117637
0.03865310417241531,-0.21458409098403747,0.26787161754173383,1790750831,15566282,0.14800000190734863,0.10341543376619039,-0.23040621382942408,0.40000602509263605,-3.245809859240383
0.04809890697194639,-0.21409618586178408,0.2580970765827598,1790750831,65525944,0.15299999713897705,0.1073260234805843,-0.23083701910098703,0.3981716720562304,-3.1904410976239266
0.060337712801895746,-0.21433235615573962,0.25437028306111914,1790750831,115417040,0.15199999511241913,0.11132644194805787,-0.23129416292554986,0.39655482907558015,-3.135090480895482
0.07221536374105678,-0.2144265128729327,0.2494136576983174,1790750831,165430971,0.15299999713897705,0.11543180525481357,-0.2317816671237346,0.39515362108635277,-3.0794115463163014
0.0846383811546121,-0.21471420530836915,0.2460712323601688,1790750831,215444846,0.15299999713897705,0.11960689648963671,-0.23229726778543,0.3939801163858382,-3.0236969817017427
0.09722083760499053,-0.21508492799047918,0.24342324212668096,1790750831,265373942,0.15299999713897705,0.12383643728139127,-0.23284125363869415,0.39304049339760594,-2.9680002851261866
0.11018278827216417,-0.21577361721714733,0.2434444331565675,1790750831,315359965,0.1509999930858612,0.1281128655185827,-0.2334144437418401,0.3923346997336453,-2.912226015861309
0.12289792368444308,-0.21631499086698963,0.24221130731105434,1790750831,365527397,0.1509999930858612,0.1324244377231125,-0.23401757173378177,0.39186711933603335,-2.8563781956949743
0.13555279697095038,-0.21670128611633285,0.239699791794447,1790750831,415363900,0.15299999713897705,0.1367199127497565,-0.23464498523910723,0.39163945293358865,-2.8009224952569314
0.14817157625226132,-0.21775565439986821,0.2428509261733996,1790750831,465092763,0.15000000596046448,0.14100985789454504,-0.23530002994179436,0.39164913337075796,-2.7455720092358904
0.16090088544906017,-0.2185512854412372,0.2437306628516006,1790750831,515481947,0.15000000596046448,0.1453443846955451,-0.23599260823567345,0.39189880157118345,-2.689483917644104
0.17322981730286224,-0.21953419200112,0.24627358854995016,1790750831,565362423,0.14900000393390656,0.14959740491288576,-0.23670476697073117,0.39238204693668155,-2.634139772134287
0.18564253225090194,-0.22048859127851103,0.24852834172429114,1790750831,615640855,0.14900000393390656,0.15384273471415869,-0.23745030532070024,0.39310383863050036,-2.5783866546354246
0.19840596520645917,-0.22129704234695977,0.2495441848601037,1790750831,665588331,0.1509999930858612,0.15802592529207682,-0.2382220778970072,0.39405713742862836,-2.522786925415327
0.20957033776686215,-0.22274074937417143,0.25599247787160234,1790750831,715414029,0.14800000190734863,0.16213676044458575,-0.23901969965643682,0.3952370543717101,-2.467285569802899
0.22286198552046668,-0.2235014862865109,0.25655963304125584,1790750831,765180263,0.15199999511241913,0.1661913260812084,-0.23984869113899732,0.39664961757407635,-2.4115132558443064
0.23263419970712543,-0.22532040222713914,0.2661148232358432,1790750831,815545455,0.1469999998807907,0.17020647215692147,-0.24071548379055277,0.3983069949462959,-2.3550063278821436
0.24383583036572698,-0.2266615586780862,0.27163823427484046,1790750831,865376801,0.1469999998807907,0.17407244379612918,-0.24159868317065727,0.40016431011623055,-2.2991569948095343
0.25477923429341287,-0.22808440828606824,0.27781935397859286,1790750831,915566798,0.1469999998807907,0.1778483874411493,-0.24251330871067783,0.4022478539297003,-2.242916701268812
0.26414061570188685,-0.22975666253161744,0.286186503994915,1790750831,965491052,0.14499999582767487,0.18147268230746594,-0.2434466519659347,0.4045232935728379,-2.1870547971767498
0.27424712392245865,-0.2313137964461554,0.2935008270645062,1790750832,15913180,0.14499999582767487,0.1849910306348808,-0.2444126287434714,0.40702073366027347,-2.130650289263157
0.28315123442708084,-0.23300315758279355,0.3020240359742804,1790750832,65509792,0.14399999380111694,0.1883208706943161,-0.24539049030024185,0.40967975722113514,-2.0748902426453446
0.2909253001103069,-0.234845290789392,0.3118035487719228,1790750832,115673316,0.1420000046491623,0.19152885250650312,-0.24640189614112568,0.41255468969276143,-2.0184430073847635
0.2979182029738547,-0.23669905728370275,0.3217816442711309,1790750832,165421041,0.14000000059604645,0.19451844942902163,-0.24741810277181053,0.4155558048783294,-1.9628841439629392
0.30504072473259075,-0.2385135751481226,0.3314206165089006,1790750832,215245099,0.13899999856948853,0.19733063971239045,-0.24845319406822125,0.4187174730558706,-1.9073147924854805
0.31412843661261514,-0.24020048089614873,0.3398129440333608,1790750832,265538263,0.14100000262260437,0.20000329517694124,-0.2495253530260671,0.4220899128133453,-1.8507565967980444
0.3227661344159215,-0.2419512309040767,0.3487708442130516,1790750832,315635870,0.14300000667572021,0.20246836428958792,-0.25061166896850734,0.4255982170981112,-1.7943324953926996
0.3291346339816459,-0.24385929757838304,0.3591677845289843,1790750832,365331149,0.14300000667572021,0.20470573349133395,-0.25170354544797535,0.4292029071988881,-1.7384613118199852
0.332343576004185,-0.24599913726976236,0.37148318985948336,1790750832,416238642,0.14000000059604645,0.2067773446533135,-0.2528358632485755,0.43301676515885174,-1.6812453342311455
0.338163817765731,-0.2478494789871768,0.38160562228253453,1790750832,465314371,0.14100000262260437,0.20852119932440893,-0.2539140680803664,0.4367147230044932,-1.6273029690736394
0.33883131244217135,-0.24996645251006944,0.39401864314865565,1790750832,515666266,0.13699999451637268,0.21008763203221364,-0.2550261657491499,0.4405853968890989,-1.5721649934361017
0.3422962116427364,-0.2512212937132928,0.4009413421113698,1790750832,565553335,0.1379999965429306,0.21099272034231176,-0.2557600755727807,0.443164459919037,-1.536051909048715
0.34436004138701937,-0.25240446296809305,0.40762269662865963,1790750832,615490959,0.1379999965429306,0.21173170000748578,-0.25643075654832875,0.44553721981923294,-1.5032034945244181
0.34309034601222055,-0.252869116885504,0.4104655384332084,1790750832,665151164,0.13600000739097595,0.21196732199903665,-0.25666221534228195,0.44635936782045404,-1.4918969651888812
0.34158004436181044,-0.25319556413800764,0.4125179843893693,1790750832,716306455,0.1340000033378601,0.2121196437219494,-0.2568173085359674,0.44691113091929646,-1.4843289896476333
0.34453562847503916,-0.2531519913957999,0.4119603723858605,1790750832,765607352,0.13699999451637268,0.212140201673605,-0.2568385938322695,0.4469869112104098,-1.4832907915115356
0.3406700749802551,-0.2532596292446023,0.4129830433559574,1790750832,815647653,0.13300000131130219,0.2121402016736049,-0.25683859383226953,0.4469869112104098,-1.4832907915115356
0.34453562847503905,-0.2531519913958,0.4119603723858605,1790750832,865581499,0.13699999451637268,0.2121402016736049,-0.25683859383226953,0.4469869112104098,-1.4832907915115356
0.3464684124225976,-0.2530981722709073,0.41144903499593555,1790750832,915346918,0.13899999856948853,0.21214020167360487,-0.2568385938322695,0.4469869112104097,-1.4832907915115356
0.3426028589278137,-0.25320581011970966,0.41247170596603244,1790750832,965282357,0.13500000536441803,0.21214020167360487,-0.2568385938322695,0.4469869112104097,-1.4832907915115356
0.344535628475039,-0.2531519913957999,0.41196037238586036,1790750833,18256440,0.13699999451637268,0.21214020167360487,-0.2568385938322695,0.4469869112104097,-1.4832907915115356
0.34356925090159307,-0.2531789005572634,0.4122160372710702,1790750833,68671604,0.13600000739097595,0.2121402016736049,-0.25683859383226953,0.4469869112104098,-1.4832907915115356
0.34550202044881834,-0.25312508183335375,0.411704703690898,1790750833,116281340,0.1379999965429306,0.2121402016736049,-0.25683859383226953,0.4469869112104098,-1.4832907915115356
0.3430770967239021,-0.25306265554462737,0.41039681121234134,1790750833,165677506,0.13600000739097595,0.2119620602182306,-0.25685916701509975,0.44631944632053644,-1.492124423207912
0.3405576725830956,-0.25298528192847625,0.4088199091419229,1790750833,215394897,0.1340000033378601,0.211745961907506,-0.2568834795890391,0.44553976946809914,-1.5024698672480663
0.340362121344461,-0.25248664654717745,0.4013280301654234,1790750833,265864293,0.13600000739097595,0.2109786485301797,-0.25696584795791316,0.44299163211705145,-1.536497498873848
0.33773882880281125,-0.25200789375407934,0.39371989812152763,1790750833,315577536,0.13600000739097595,0.21002761963339536,-0.2570607009757125,0.44019912145854373,-1.574217292040298
0.33522336377535006,-0.25123968113915296,0.38199200061281174,1790750833,365365446,0.1379999965429306,0.20844839969265874,-0.2572054126865893,0.4361816451474007,-1.6294142157231903
0.33079837575922194,-0.25048496415206106,0.370117164882129,1790750833,415309181,0.13899999856948853,0.20653517333525603,-0.2573699690420921,0.43202235717908033,-1.6879500012867485
0.32550677683296264,-0.2497400370069513,0.3582071642833128,1790750833,465432269,0.14000000059604645,0.20433036312373723,-0.25755331361699735,0.42788664215218436,-1.7478743040154032
0.3177913390566176,-0.24914853432554043,0.3476505282569198,1790750833,515508366,0.13899999856948853,0.20187637587814333,-0.2577530938995496,0.42387836089164777,-1.8079602064433509
0.31353761836248517,-0.2482835185849875,0.33470123706961313,1790750833,565497555,0.14300000667572021,0.19920790443800865,-0.2579699335004912,0.4200469562902518,-1.8676706778086043
0.30612176577331063,-0.2476487208760189,0.3238188397046765,1790750833,615293882,0.14399999380111694,0.19633152793635947,-0.2582046748999416,0.416396772955923,-1.9271016407492116
0.29684605138159537,-0.24711585772950756,0.31355028801970247,1790750833,667479440,0.14399999380111694,0.19308503195788482,-0.25847416512599386,0.4127502775154731,-1.989563890495135
0.28625110525523273,-0.24684697003095576,0.305945552931475,1790750833,716247999,0.1420000046491623,0.18985112559147338,-0.258748014433769,0.40952842016013963,-2.047966889596218
0.2767465592999685,-0.246379753113373,0.29634826564873795,1790750833,767100491,0.14300000667572021,0.18627091554746694,-0.25905991134933365,0.4063590532285815,-2.109172427243349
0.2668725092181515,-0.24598283064792456,0.28748859553299894,1790750833,816764039,0.14399999380111694,0.18259274236087022,-0.25938998186291445,0.40347638544858627,-2.1689981080353795
0.2545099587603695,-0.24604471846834866,0.2826891762715065,1790750833,865598932,0.14100000262260437,0.1788296889568398,-0.25973973113951343,0.4008667719907291,-2.2276583087089947
0.24596272660074225,-0.24529064396572828,0.2706419806687139,1790750833,916385849,0.1469999998807907,0.17476530547479757,-0.26013111464705907,0.3983905134192857,-2.2886359373325194
0.23339775907952828,-0.2454149670925328,0.26636614172958456,1790750833,965317586,0.14499999582767487,0.17072522137434318,-0.26053602610570564,0.39624495209500954,-2.3472885959554355
0.22187015201901525,-0.2452040860783053,0.25905166586650086,1790750834,15697621,0.1469999998807907,0.16644534271109823,-0.26098221182298975,0.39428532005848976,-2.4076613426567546
0.2088306370844733,-0.24540077783976638,0.2552153233221647,1790750834,65535707,0.1459999978542328,0.16205353999916217,-0.26146043727172813,0.3925834051339042,-2.4681224060585523
0.19613931828847578,-0.2453607499102961,0.24922994944917862,1790750834,116361606,0.14800000190734863,0.15746946908123732,-0.2619818938637759,0.39111857091172697,-2.5299258007863608
0.18371310997435406,-0.24528365847611505,0.24314418173896435,1790750834,165173452,0.1509999930858612,0.15298806990747435,-0.26251579409299436,0.3899774999160738,-2.589372477117508
0.16961760379963992,-0.24588008974713224,0.24261958572782572,1790750834,215551672,0.14900000393390656,0.1483022770183474,-0.26310015494282574,0.3890782057239425,-2.650742728229817
0.15561149935111962,-0.24624149917733487,0.23997465720003053,1790750834,266926297,0.15000000596046448,0.14348117596437307,-0.2637318949615711,0.3884567877679312,-2.7133376532713376
0.14216930529763286,-0.24655593847608415,0.23722692752543,1790750834,315643856,0.15199999511241913,0.13888521358276423,-0.2643640882132298,0.3881443985442725,-2.7726969186287085
0.1283014203905728,-0.24721161068336533,0.2372699343367871,1790750834,365506146,0.15199999511241913,0.13420114650322934,-0.26504149285295564,0.38810523208830683,-2.8331303671266497
0.11447401360338931,-0.24796561276119813,0.23814285763957793,1790750834,415386954,0.15199999511241913,0.12952971291703133,-0.26575209607055866,0.3883459383131729,-2.8935282958473483
0.10060705489748013,-0.24895322015598853,0.24086737468240813,1790750834,465711840,0.1509999930858612,0.12479183203865901,-0.26651236067217016,0.38888011417092183,-2.9551740660089796
0.08760213056925395,-0.25025864877925835,0.24632416288782544,1790750834,515332138,0.14800000190734863,0.12015507584245798,-0.2672977312918364,0.38969074192821596,-3.0160908254892447
0.07274858314001731,-0.25089412227570596,0.24596094633129775,1790750834,566355991,0.15199999511241913,0.11543522250940647,-0.2681442182579787,0.390820476642995,-3.0789887618008818
0.05919933112558455,-0.2519355527004222,0.24922273769519465,1790750834,615434053,0.15299999713897705,0.11097194104878405,-0.26899234834148983,0.39218308782321465,-3.1395324516762155
0.047430676406947855,-0.2536587758322198,0.258030766289454,1790750834,665825014,0.14900000393390656,0.10648095245764902,-0.26989890322440163,0.39386273724226706,-3.201830102875854
0.03481935604954782,-0.2550141466511674,0.2638200057287273,1790750834,715543460,0.14900000393390656,0.10216369415685364,-0.2708263477362188,0.39578862167221196,-3.2633215179185577
0.022541437278001758,-0.2564675794609135,0.2703996912149468,1790750834,765458351,0.14900000393390656,0.09796162969558939,-0.2717899941901198,0.39798503267259394,-3.3250881471438207
0.011842244661587523,-0.2582054451386416,0.27934823139568665,1790750834,815260169,0.1469999998807907,0.09391657084360718,-0.2727823306684208,0.4004280371230317,-3.38672045714631
0.0012198750244355738,-0.25991708348308684,0.2880722280373105,1790750834,865128885,0.1459999978542328,0.09003857109696052,-0.27380414222270166,0.40311303906094204,-3.4483275179924897
-0.008915883777662156,-0.2617228185584456,0.29749660466832706,1790750834,915623873,0.14499999582767487,0.08629410559662806,-0.2748674288730177,0.406065826518036,-3.51068786028847
-0.01974153593110159,-0.2634167141096495,0.30602465767584547,1790750834,965485858,0.1459999978542328,0.08276692850680166,-0.27595285456191426,0.40922765799356975,-3.5727190682383156
-0.026395851265229406,-0.26561282722412344,0.3186310401650631,1790750835,15655937,0.1420000046491623,0.07942372926020932,-0.2770727631550836,0.4126251227779627,-3.6352134298317473
-0.035137026900859125,-0.2675160195129472,0.328876013846105,1790750835,65219493,0.1420000046491623,0.07633644830199315,-0.27820651052033474,0.4161879777948226,-3.697102659763305
-0.044147770590741306,-0.2694412034262054,0.33922217692197537,1790750835,115441942,0.14300000667572021,0.0734431793321925,-0.2793791163185016,0.4199848433763665,-3.7598412870376574
-0.05167335667632286,-0.27150683554470956,0.3506980257718182,1790750835,165303362,0.14300000667572021,0.07079711978947067,-0.2805763383279951,0.4239628087358148,-3.822704305332637
-0.05496223222657502,-0.27387627674177306,0.3645577301684297,1790750835,215530330,0.13899999856948853,0.06839135192388959,-0.28180469927435164,0.4281347149640061,-3.8861378579989805
-0.05878374079008117,-0.27602729632432116,0.376919493909709,1790750835,265191525,0.13699999451637268,0.06636691366157924,-0.28298400663228007,0.43221792399138836,-3.946223826007439
-0.06372503267274156,-0.2781275025318003,0.38880933702152803,1790750835,315819256,0.13699999451637268,0.0645778455858206,-0.2841911258808634,0.43646017541851134,-4.006980298136501
-0.06745344535666734,-0.2794532050201768,0.39626318697128693,1790750835,365235236,0.1379999965429306,0.06357056899242666,-0.2849723165467684,0.43923115315138805,-4.045914706250936
-0.06589551121201237,-0.28086180302715186,0.4045945386686201,1790750835,415404806,0.1340000033378601,0.0627463434145204,-0.2856909821851285,0.4417960596247947,-4.081510381800637
-0.06560909364463113,-0.2813069718076709,0.4071939705027387,1790750835,465293531,0.13300000131130219,0.06249710663316519,-0.285926766820276,0.44264054005795844,-4.093147735315351
-0.06698772106315165,-0.2815333607493612,0.4084125179042694,1790750835,515789113,0.1340000033378601,0.062344071689441706,-0.2860766713462884,0.44317811306337185,-4.100536104632037
-0.06994265456650975,-0.2814694576007002,0.407850298433024,1790750835,566391528,0.13699999451637268,0.06232247137825255,-0.2860981665727038,0.44325524172566044,-4.101594924926758
-0.06608090546998974,-0.28160460216403865,0.40888401769043264,1790750835,615145411,0.13300000131130219,0.06232247137825261,-0.286098166572704,0.44325524172566044,-4.101594924926758
-0.06704634634065995,-0.2815708158973407,0.40862558691335277,1790750835,665287147,0.1340000033378601,0.06232247137825261,-0.286098166572704,0.44325524172566044,-4.101594924926758
-0.06801178721133017,-0.28153702963064253,0.4083671561362729,1790750835,715369726,0.13500000536441803,0.06232247137825261,-0.2860981665727038,0.44325524172566044,-4.101594924926758
-0.06704634634065998,-0.28157081589734073,0.40862558691335266,1790750835,765480702,0.1340000033378601,0.06232247137825261,-0.28609816657270404,0.44325524172566033,-4.101594924926758
-0.07090809543717988,-0.2814356713340024,0.4075918676559441,1790750835,815714096,0.1379999965429306,0.062322471378252635,-0.286098166572704,0.44325524172566044,-4.101594924926758
-0.06608090546998974,-0.28160460216403865,0.40888401769043264,1790750835,868783050,0.13300000131130219,0.06232247137825261,-0.286098166572704,0.44325524172566044,-4.101594924926758
-0.06608090546998976,-0.2816046021640388,0.40888401769043253,1790750835,915430712,0.13300000131130219,0.062322471378252614,-0.28609816657270415,0.44325524172566033,-4.101594924926758
-0.07035579043858076,-0.2813112844282544,0.40558879499418526,1790750835,965559263,0.1379999965429306,0.06252168492777171,-0.2861234042557979,0.44252683891747147,-4.091944826163694
-0.06871859153442354,-0.2812013825717455,0.4035072605633805,1790750836,15309700,0.13699999451637268,0.06276596596550128,-0.28615356608346487,0.44166856969974755,-4.080541773580097
-0.06254318301079782,-0.2808990186029011,0.39716539892628205,1790750836,65552474,0.13300000131130219,0.06362789227920417,-0.2862552097702567,0.43889274397901423,-4.04340172126513
-0.05959728918997642,-0.2804123029196393,0.38891359726921687,1790750836,115496930,0.13300000131130219,0.06471376402346322,-0.28637454634423576,0.43582003660453217,-4.001761949197097
-0.05557470095071604,-0.279676028145724,0.3766384323840582,1790750836,165435822,0.1340000033378601,0.06653090567974851,-0.2865590695513855,0.4314001477056287,-3.9406981630364655
-0.05307196579122525,-0.278756148322626,0.36249156024831164,1790750836,215474650,0.1379999965429306,0.06874087440378245,-0.28677102052759945,0.4268452146357069,-3.8760049903584446
-0.04261263030183421,-0.278343826667835,0.35230410012721575,1790750836,265443903,0.1340000033378601,0.07127890315371488,-0.2870067754924854,0.42237315763016453,-3.8102905800413764
-0.03895068688265163,-0.27740269193637496,0.33780408637808085,1790750836,315418267,0.13899999856948853,0.07410878889277255,-0.28726559681983543,0.4180616570301003,-3.7443704789038588
-0.031067660823511173,-0.2767758283083265,0.32586022985103946,1790750836,365168315,0.14000000059604645,0.0772064731149051,-0.28754799187923674,0.4139549094791558,-3.678606213267826
-0.017781547516070986,-0.2766967746447412,0.3182480744139041,1790750836,416005834,0.13500000536441803,0.0806394401356381,-0.28786379835545683,0.4099737971938274,-3.61137767502219
-0.01001096121313777,-0.2760584143197293,0.30624985828688334,1790750836,465157035,0.1379999965429306,0.0842195533591713,-0.28819850102700123,0.40633595854074794,-3.546087898847917
0.00020170468024220678,-0.2756504210002508,0.2959713467868184,1790750836,515447160,0.13899999856948853,0.08811754073029214,-0.2885717596880219,0.4028584104589694,-3.4792348995277513
0.01102191276081231,-0.2753244881759241,0.2864320011488538,1790750836,565342302,0.14000000059604645,0.09219737456260256,-0.288973612165365,0.39967618856030546,-3.412995155571579
0.02364083886555765,-0.2752862043241441,0.2792223057658552,1790750836,615612067,0.13899999856948853,0.09650472961753581,-0.2894122859817395,0.3967480767431373,-3.346274411911046
0.036229265105607714,-0.2752483140070787,0.271996808959486,1790750836,665462782,0.13899999856948853,0.10100995223544366,-0.28988791082215176,0.3941039110559497,-3.2793274146422604
0.04872162270514709,-0.27509839918162815,0.2636894393198661,1790750836,716188680,0.14100000262260437,0.10576911880553312,-0.29041095622955065,0.3917211132326327,-3.211061238577687
0.06205333086654685,-0.27526146906745036,0.2582513075556207,1790750836,765107943,0.14100000262260437,0.11049678598075145,-0.29095242354148737,0.3897352470458344,-3.1452567343886044
0.07467391058620557,-0.27497120869508185,0.24882014258476098,1790750836,815310198,0.1459999978542328,0.11546639733199768,-0.29154720300837456,0.3880221857129279,-3.077732017045763
0.08983826201523022,-0.2755869335234589,0.24693898810138018,1790750836,865149200,0.14399999380111694,0.12057563963420405,-0.2921873087097025,0.3866373752628155,-3.0096868322062766
0.10541084958114824,-0.27656663957675764,0.24804965383326824,1790750836,915391631,0.14000000059604645,0.12581791724740243,-0.29287685229007093,0.38559066123616753,-2.9408881815247185
0.12015097653333622,-0.2770854812960967,0.24530630198366735,1790750836,965356320,0.14100000262260437,0.1310967464461235,-0.2936066195831939,0.38490659872507604,-2.872329020083086
0.13524347650761853,-0.27796536284197537,0.24555317604776555,1790750837,15695621,0.14000000059604645,0.1364444821273149,-0.29438559154552735,0.3845817121175865,-2.803227996060554
0.15041679652222198,-0.278376652277428,0.24187186471154146,1790750837,65477910,0.14399999380111694,0.1417643992986064,-0.2952028913276003,0.38462343884098127,-2.7345485132335745
0.16548784885798565,-0.2794992850697132,0.2441902143997964,1790750837,115397014,0.14300000667572021,0.14708019957026328,-0.2960663224999015,0.3850294618691825,-2.665619011798684
0.18021822740900348,-0.28073513630171754,0.24751008422484586,1790750837,165206498,0.1420000046491623,0.15232553877646152,-0.2969680942901079,0.38579417700545937,-2.5970138898705772
0.19496999785159713,-0.28198207599004227,0.25087697895182515,1790750837,215366984,0.1420000046491623,0.15753162687077132,-0.2979180778829624,0.3869226093202167,-2.5279569617079463
0.2102463208562907,-0.28314117460325156,0.2534196655481,1790750837,265375931,0.14399999380111694,0.16269106983001758,-0.2989193761752225,0.38842168282822853,-2.4582276652220387
0.22385788146444907,-0.2848566881546441,0.2607176492105976,1790750837,315299683,0.1420000046491623,0.16772774709474206,-0.29996274908567205,0.39027542110849966,-2.3884543238154716
0.23751646737596496,-0.28660213097980664,0.26813368738458127,1790750837,365581624,0.14100000262260437,0.1727114734279034,-0.3010679217500164,0.39252040048673964,-2.317307374005784
0.2499842156380894,-0.2885466955252523,0.27728904133301085,1790750837,415619155,0.13899999856948853,0.17750110773750047,-0.3022103870395773,0.39510458447393415,-2.246344709668575
0.26126829182899375,-0.29052346954158065,0.2869608542095833,1790750837,465394499,0.13699999451637268,0.18195392802741406,-0.3033550318118354,0.3979274311683297,-2.1775191533138165
0.27383225335201716,-0.2923425562157185,0.2951486848152669,1790750837,516233472,0.1379999965429306,0.1862617209413126,-0.30455412022625866,0.40110281924885605,-2.1075393140053835
0.28384980143363275,-0.2949555658916563,0.3092060244813645,1790750837,570871853,0.1340000033378601,0.19086128241724454,-0.3059559853603534,0.405060742660482,-2.0280859016936477
0.2965197721058764,-0.29707531483785543,0.3193275404263841,1790750837,622706454,0.13600000739097595,0.19495375794370848,-0.30733886987520903,0.4091885787886857,-1.9518457291037947
0.3026537436367017,-0.29947133682801186,0.3327746207533278,1790750837,670308411,0.13199999928474426,0.19832727528968802,-0.3086025586985276,0.41312764559099924,-1.8837565990082112
0.3147266344933589,-0.3012025050603437,0.3407743413582868,1790750837,715419608,0.13699999451637268,0.20125914636316994,-0.30982260913159526,0.41706209555719065,-1.8192508279195085
0.31776645943781767,-0.30393672960752266,0.35674414843539715,1790750837,765491445,0.13099999725818634,0.20423505566682293,-0.3112178239140229,0.4216949398480662,-1.7467936809926354
0.32660282129152185,-0.306249685956462,0.36900709840745927,1790750837,815284372,0.13300000131130219,0.20684757451752436,-0.31263070183404007,0.4265133055096099,-1.6745861786977272
0.32918635966587595,-0.3085174925795601,0.3820225548519647,1790750837,865485043,0.12999999523162842,0.2088182473168396,-0.31387059392161326,0.43083710796653174,-1.6119379262544156
0.33264786813646596,-0.3106462014726852,0.3940190244267436,1790750837,915755975,0.1289999932050705,0.21046046967543972,-0.31508637563788366,0.4351471505403576,-1.5510870638934224
0.33276748575691945,-0.3118265267777706,0.40086512938475,1790750837,965881664,0.12700000405311584,0.21122081048162136,-0.3157357843564184,0.4374728398320925,-1.5187959871459344
0.33718198740876415,-0.3126740623563786,0.4052961599641797,1790750838,15388015,0.12999999523162842,0.21179447612083732,-0.3162785880042708,0.43942793647957834,-1.4919011555741206
0.33941426150212173,-0.3128143370129517,0.4058793823931617,1790750838,67551701,0.13199999928474426,0.21190603702109,-0.3163908034979291,0.43983319496773354,-1.4863523264916174
0.33755806479091344,-0.312918281923874,0.406674621675598,1790750838,116114563,0.12999999523162842,0.2119341676796955,-0.3164195217169621,0.4399368608474404,-1.4849343135353381
0.33563620089575275,-0.3129792868853828,0.4072265129134419,1790750838,165507247,0.12800000607967377,0.21193821780442626,-0.31642366960983337,0.4399518358787228,-1.484729528427124
0.33660257890085893,-0.3129523779930719,0.40697084963152486,1790750838,215357517,0.1289999932050705,0.21193821780442615,-0.3164236696098333,0.4399518358787228,-1.484729528427124
0.3395017561171973,-0.3128716501132026,0.4062038483565873,1790750838,265140963,0.13199999928474426,0.21193821780442618,-0.3164236696098334,0.4399518358787228,-1.484729528427124
0.3404681485226434,-0.31284474081991287,0.4059481812649414,1790750838,315377421,0.13300000131130219,0.21193821780442618,-0.3164236696098334,0.4399518358787228,-1.484729528427124
0.33466980849030653,-0.3130061961786724,0.4074821800050879,1790750838,365341026,0.12700000405311584,0.21193821780442615,-0.3164236696098332,0.4399518358787229,-1.484729528427124
0.33756897130630503,-0.31292546869978216,0.406715182539879,1790750838,415624346,0.12999999523162842,0.21193821780442615,-0.31642366960983337,0.4399518358787228,-1.484729528427124
0.3375689713063051,-0.3129254686997821,0.40671518253987904,1790750838,466024314,0.12999999523162842,0.2119382178044262,-0.3164236696098333,0.4399518358787228,-1.484729528427124
0.33756897130630503,-0.3129254686997822,0.40671518253987904,1790750838,516314949,0.12999999523162842,0.21193821780442618,-0.3164236696098334,0.4399518358787228,-1.484729528427124
0.3379704738859883,-0.31277251041984305,0.4043760581735237,1790750838,565283343,0.13099999725818634,0.2117288806413295,-0.31645205566217854,0.43916859133086306,-1.4950915877036983
0.33726447032157836,-0.31262213163856867,0.40188514411133835,1790750838,615320911,0.13099999725818634,0.21146715998291907,-0.31648639875135237,0.43823213068361033,-1.507519544982855
0.33287650694911924,-0.31221171756260224,0.3945338689910338,1790750838,665309034,0.1289999932050705,0.2105429741598576,-0.3166005092955784,0.4352308407374849,-1.5476618087306548
0.331560060270289,-0.3116143146109195,0.3849748128944351,1790750838,715446714,0.13099999725818634,0.20934995206515286,-0.3167350688458295,0.43187328419360854,-1.593214941289686
0.32165565290944786,-0.31110668680764053,0.37441358227525057,1790750838,765353503,0.12600000202655792,0.20735491201721284,-0.3169389514101324,0.4271139222341661,-1.6592048710948606
0.319586604577223,-0.3101352468197922,0.35929979977706705,1790750838,815425062,0.13099999725818634,0.20489850578433366,-0.3171721083629169,0.4222134060680768,-1.7293088414943178
0.31203767975978425,-0.3094463069625078,0.34669056900117634,1790750838,865309897,0.13099999725818634,0.2020916887270268,-0.3174275359513528,0.41746611789553156,-1.799855882245386
0.30679751312494535,-0.3085475320023878,0.33222911335696237,1790750838,915199825,0.13500000536441803,0.19895373177990552,-0.3177067887287841,0.41291881709799805,-1.8705381455327939
0.2996067988202994,-0.3077396925157796,0.3185899442581995,1790750838,965220226,0.1379999965429306,0.1955047970251329,-0.31801181334023443,0.408596920664786,-1.9413100917584019
0.28632709026610165,-0.30753526665866476,0.31020604742852864,1790750839,15516213,0.1340000033378601,0.1917419107366637,-0.3183471371563341,0.40450741626415126,-2.0124525563904814
0.274131847048717,-0.30729543155297434,0.30157675359920894,1790750839,65442493,0.13199999928474426,0.18775175492092408,-0.3187087033291045,0.40073428847443,-2.082797035353511
0.26496994348398656,-0.3066135433520877,0.2890626013156529,1790750839,115821906,0.13600000739097595,0.18347334919158462,-0.31910643877377937,0.3972209791375666,-2.1537301491192316
0.2523800391526885,-0.3064770084122253,0.2814798687231092,1790750839,165205774,0.13500000536441803,0.17909928178334605,-0.31952553789672794,0.39410609979767075,-2.2225847129863725
0.2407079553946745,-0.30614266697332726,0.2721445400697755,1790750839,215071230,0.13699999451637268,0.17448745240728317,-0.31998352411388115,0.39127587161273203,-2.2919927947003473
0.22779592981029775,-0.30599964507349686,0.26443514522679945,1790750839,265371003,0.1379999965429306,0.16966899470194172,-0.3204809103718805,0.3887555032383321,-2.3618073100360073
0.2140031147516483,-0.30606686248257386,0.25855603760681023,1790750839,315542664,0.1379999965429306,0.16470626381029058,-0.3210157483977644,0.38658084123098707,-2.43140617793508
0.20064421326291704,-0.30601942976194163,0.25180995539458845,1790750839,365453407,0.14000000059604645,0.15969060388612505,-0.3215806707912505,0.3847785600482205,-2.4999400651036607
0.1863518933989983,-0.30629977663016067,0.24790537093741527,1790750839,415185343,0.14000000059604645,0.15459561361300328,-0.322182211549248,0.3833279950520275,-2.5681026695459854
0.1715104867105276,-0.30681306230720656,0.24592795350292412,1790750839,465459181,0.13899999856948853,0.14936301436995167,-0.32283041839668725,0.38221417208405584,-2.6370237918489257
0.15694881469690677,-0.30720954298178293,0.24301114918599573,1790750839,515309905,0.14000000059604645,0.144115231512159,-0.3235146218426628,0.3814649093836648,-2.7053677013382074
0.142160172233988,-0.30772020175080755,0.24108277642683867,1790750839,565298269,0.14100000262260437,0.13883624100039063,-0.32423926963541605,0.3810723210969763,-2.773709926478546
0.12736171140439528,-0.30870004652119143,0.2431361481242315,1790750839,615258169,0.13899999856948853,0.1335533916625428,-0.3250049717838921,0.3810376060935961,-2.841976917769407
0.11254409768509564,-0.3095686025568722,0.24421288291075993,1790750839,665658666,0.13899999856948853,0.1282481200041779,-0.3258175789523157,0.38136372706208077,-2.9107669201270574
0.09777946813487343,-0.3104320076884247,0.2452984538648806,1790750839,715663807,0.14000000059604645,0.12302507492665926,-0.32666551256916804,0.38204322643002997,-2.979002885129208
0.08383222349376812,-0.31161957287485575,0.24925051924455316,1790750839,765194723,0.13899999856948853,0.11796684248534813,-0.32753594782545703,0.3830507299956927,-3.045928232265766
0.06946578547527775,-0.312704141778912,0.2522633818300351,1790750839,815411774,0.14000000059604645,0.11293296251901921,-0.3284568612257094,0.38440897016642844,-3.113659720684375
0.05617506221162006,-0.3141081542208896,0.2580398700363259,1790750839,865413387,0.13899999856948853,0.10806312260411197,-0.32940524567735624,0.3860813780874084,-3.1806601654832454
0.04383378401809253,-0.31571698217402405,0.26553736831980024,1790750839,915359769,0.13699999451637268,0.10333213525250656,-0.3303891123979362,0.38806766372695667,-3.24750616333898
0.031736218541859526,-0.3172992096349394,0.27286450842734594,1790750839,965095955,0.13600000739097595,0.09878209620336324,-0.3314012326712594,0.39034635913300725,-3.313912540649823
0.01891905161743347,-0.31879875529090684,0.27940404886234044,1790750840,15682268,0.13699999451637268,0.09432704005587984,-0.33246603212400444,0.39296389793374753,-3.381425092893109
0.00860870768170581,-0.32064694010841605,0.2889959170264347,1790750840,65231535,0.13500000536441803,0.09016433902113993,-0.3335379396113482,0.3958018278040438,-3.4473609437108013
-0.0030062413127499577,-0.32231005059455264,0.29699459067506123,1790750840,115291538,0.13600000739097595,0.08616525039203658,-0.33465247735058296,0.3989362974454539,-3.5139412168858533
-0.012721647390874821,-0.3242425013733101,0.30722228665528734,1790750840,165342143,0.13500000536441803,0.08238182529195025,-0.335799256493155,0.40233680890693924,-3.5807044972298288
-0.020959821001765702,-0.3263314781478664,0.3187100730015875,1790750840,215530629,0.13300000131130219,0.07882781772516173,-0.33697903724336437,0.4059915543789019,-3.6476894388563332
-0.028167991611065785,-0.3284353991743831,0.33042752237941586,1790750840,265248277,0.13099999725818634,0.07558976384792443,-0.3381633628532566,0.4098044345543029,-3.713514117138519
-0.03706621027345178,-0.33039651683432264,0.3409254888855413,1790750840,315494420,0.13199999928474426,0.07258889340642012,-0.3393832946449507,0.41385693527673406,-3.7799416991959136
-0.04433053910541268,-0.33246932635442095,0.35240694388313665,1790750840,365507543,0.13199999928474426,0.06990053606710925,-0.34061125994239266,0.41804969057727787,-3.8456356919116126
-0.049863804086062044,-0.33463231472984334,0.36465922762743724,1790750840,415104135,0.13099999725818634,0.06751994234465628,-0.341847553033723,0.4223653424832468,-3.9107064918029284
-0.05127238985306749,-0.336760280145426,0.37712693270717024,1790750840,465872458,0.12700000405311584,0.065625069268865,-0.34297453844112646,0.42637495880123705,-3.9693019567191308
-0.0572897202414636,-0.3385117123165598,0.38683706769266046,1790750840,515256456,0.1289999932050705,0.06405397161095809,-0.34405296637055055,0.43026518298727,-4.024773339066428
-0.05688400784536933,-0.3398748732691168,0.39484052992862806,1790750840,565137096,0.12600000202655792,0.06313071009196838,-0.3447766932167769,0.43289890811680887,-4.061690312988783
-0.05884968972146907,-0.3410041707120521,0.4012571543541153,1790750840,615347360,0.12600000202655792,0.06237886721431974,-0.34543690695267515,0.4353157559604626,-4.09518394496151
-0.05930124239023817,-0.3412841053036417,0.4028497439081805,1790750840,665520641,0.12600000202655792,0.062206023944648865,-0.3456003288011879,0.4359156622113921,-4.10344674005802
-0.060470245960312946,-0.3413795105509767,0.4033261721174871,1790750840,717732494,0.12700000405311584,0.06212804173663723,-0.3456757654503223,0.43619261514235846,-4.1072550364573575
-0.06242225207716443,-0.34132543750032035,0.4028862618601214,1790750840,765316932,0.1289999932050705,0.06211999016359148,-0.345683615748929,0.436221444879065,-4.107651233673096
-0.061456820717716014,-0.3413592213946485,0.40314467081824207,1790750840,815261230,0.12800000607967377,0.062119990163591536,-0.34568361574892886,0.4362214448790651,-4.107651233673096
-0.057595037734988606,-0.3414943589856646,0.4041783220532969,1790750840,865177463,0.12399999797344208,0.06211999016359152,-0.34568361574892875,0.43622144487906506,-4.107651233673096
-0.061456820717716125,-0.3413592213946486,0.40314467081824196,1790750840,915322772,0.12800000607967377,0.062119990163591425,-0.3456836157489289,0.436221444879065,-4.107651233673096
-0.0614568207177161,-0.34135922139464864,0.403144670818242,1790750840,965195265,0.12800000607967377,0.06211999016359148,-0.345683615748929,0.436221444879065,-4.107651233673096
-0.061456820717716014,-0.34135922139464875,0.40314467081824196,1790750841,15683197,0.12800000607967377,0.062119990163591564,-0.34568361574892903,0.436221444879065,-4.107651233673096
-0.05952592922635239,-0.3414267901901567,0.40366149643576954,1790750841,65258205,0.12600000202655792,0.06211999016359148,-0.345683615748929,0.4362214448790651,-4.107651233673096
-0.0614568207177161,-0.34135922139464864,0.403144670818242,1790750841,116149538,0.12800000607967377,0.06211999016359148,-0.345683615748929,0.436221444879065,-4.107651233673096
-0.06203722944607618,-0.3412452006651802,0.40148125039004395,1790750841,165336423,0.1289999932050705,0.06226485458431134,-0.3457056639449968,0.43568789331126806,-4.100618069137248
-0.05863188123937462,-0.34124692356316993,0.40045691979768777,1790750841,215879661,0.12600000202655792,0.0624612800723268,-0.3457349063871043,0.43498668673004526,-4.091354392948292
-0.05957426164107925,-0.3407820673224099,0.39327622014555463,1790750841,265354215,0.1289999932050705,0.06319088477167656,-0.3458392454415244,0.4325717927032159,-4.05926196052698
-0.05615710625461082,-0.3404250131875619,0.38639790774522675,1790750841,315941685,0.12800000607967377,0.0641215479330882,-0.345962917056507,0.42983036708073713,-4.022430367121552
-0.051105765494354014,-0.3399071421145999,0.37633030387729927,1790750841,365282098,0.12700000405311584,0.0656800303684872,-0.3461512528596895,0.4258387879500043,-3.9679023051656017
-0.04873158395098713,-0.3391701168771511,0.36405297122011204,1790750841,415498399,0.12999999523162842,0.06759600955622892,-0.3463665589650938,0.42163856812001577,-3.909142366712904
-0.041988217678714315,-0.3386728543959749,0.35358850235916583,1790750841,465348687,0.1289999932050705,0.06979014715017347,-0.34660017239188573,0.4174927512983405,-3.8494360680874675
-0.03542132943793577,-0.33816049406518,0.3429291151714364,1790750841,515545505,0.1289999932050705,0.0722526595492875,-0.3468536763109423,0.4134396741319887,-3.789051813525139
-0.02989415939860099,-0.3375551604335246,0.3315917276083121,1790750841,565633082,0.13099999725818634,0.07492663060431207,-0.34712174696003534,0.40957942976090034,-3.7292578926781887
-0.020632722553585975,-0.33729896064678533,0.3231485128543011,1790750841,615412518,0.1289999932050705,0.07779985022379594,-0.34740751913107454,0.40591229665315454,-3.6699159183464394
-0.013793105117497484,-0.3367822277373096,0.3125454625806174,1790750841,665394372,0.13099999725818634,0.08090847219740452,-0.3477150823976473,0.4023958005025774,-3.610123899392806
-0.005524689672409849,-0.33639526680936205,0.3029737040442422,1790750841,715564486,0.13199999928474426,0.08423263130857027,-0.3480469672362497,0.39905627800358123,-3.5500682111794557
0.0038852007042429887,-0.3361585011019129,0.294724482105069,1790750841,765487331,0.13199999928474426,0.0877126253485836,-0.34839781132219694,0.39595274877995357,-3.4906283369661466
0.01256919617444116,-0.3357973621771114,0.28545683741873484,1790750841,815343545,0.1340000033378601,0.09135806350413503,-0.3487728743431638,0.3930670198527362,-3.4313244923902415
0.02195698852571701,-0.3354899756626969,0.27660729655506605,1790750841,865546993,0.13600000739097595,0.09519170315106974,-0.3491750578149624,0.3903851375900163,-3.371634848568295
0.03384815658747431,-0.3356612653635385,0.27177184426053363,1790750841,915485402,0.1340000033378601,0.09915235369017174,-0.34960236118977217,0.3879484709221919,-3.312265349316195
0.04492632296702755,-0.33570613372284325,0.2659647798121644,1790750841,965250264,0.1340000033378601,0.1032107730995786,-0.35005188836580564,0.3857693001401412,-3.2534351071696985
0.055235516575292624,-0.3355013728864505,0.2580404100988749,1790750842,15294192,0.13699999451637268,0.10740502432078616,-0.35053208471683356,0.38382363100274197,-3.1943373533178643
0.06745043349016724,-0.33580986561392084,0.25443482086673885,1790750842,65486223,0.13600000739097595,0.11169979514615547,-0.35103952468593336,0.38212997930249687,-3.135303195859869
0.07936046699195781,-0.33598120390921776,0.24962994082992246,1790750842,116128555,0.13699999451637268,0.11611849019357237,-0.3515814624093156,0.380681374101466,-3.075784653847663
0.09094193514157398,-0.33610429608446935,0.24465239757548227,1790750842,165251448,0.13899999856948853,0.1204554062011626,-0.35213231242981846,0.3795340394707597,-3.0183360029293533
0.10356126805023874,-0.33666180722355693,0.24323650648785575,1790750842,215186885,0.1379999965429306,0.12491535344380883,-0.3527217165234998,0.3786251374585934,-2.959986714925929
0.11608347849888939,-0.3370749283104298,0.2405774545785093,1790750842,265354397,0.13899999856948853,0.12945233924445848,-0.353344775455675,0.37797310676064255,-2.9011919888614908
0.12869856561003498,-0.3374547309098542,0.23766334640188624,1790750842,315259176,0.14100000262260437,0.1339931078652849,-0.35399574843164583,0.37758962449583683,-2.842672300696369
0.14149249146256362,-0.3385074988917866,0.24045368320967814,1790750842,365210206,0.1379999965429306,0.13855268718194372,-0.354677149543265,0.37747156158490935,-2.784055791664774
0.15434562351718684,-0.33930782024435124,0.24102244312962123,1790750842,415894695,0.1379999965429306,0.14317306740735128,-0.35540021909649494,0.377624814027805,-2.7245701523988957
0.16703710952358108,-0.33993645127776756,0.24033473015859227,1790750842,465390137,0.14000000059604645,0.14763666612948037,-0.35613056799117276,0.37803503352382783,-2.666846150630638
0.17936600464818384,-0.3411346936995779,0.24435043957845567,1790750842,516119580,0.1379999965429306,0.15216818959845116,-0.3569089352629436,0.3787210137584821,-2.6077468092756395
0.19145647648446434,-0.342153570547233,0.24704465195303568,1790750842,565490429,0.1379999965429306,0.156515325288615,-0.3576919527129212,0.3796405556553397,-2.5503999544940776
0.20317717759583495,-0.3433746452105025,0.25140918400097856,1790750842,615387893,0.13699999451637268,0.16083964866554673,-0.3585117363335778,0.38082093236214887,-2.492470025897552
0.21458782799438544,-0.3446716030458517,0.25643276693896455,1790750842,665644768,0.13600000739097595,0.16509291453785008,-0.3593601636994812,0.382252088738918,-2.434419522039738
0.22649851174176994,-0.34583513843481367,0.2602987086061732,1790750842,716115069,0.13699999451637268,0.16926294110153794,-0.36023932418589083,0.3839336849834979,-2.3761785022859336
0.23748961429801496,-0.34715040673627057,0.2656216005755404,1790750842,765419742,0.13699999451637268,0.1732331760323622,-0.3611235405458816,0.3858083726032357,-2.319249762965281
0.24676081106467423,-0.3488548383511866,0.2742073328775839,1790750842,815507847,0.1340000033378601,0.17714416629778268,-0.362047727546823,0.3879415464661897,-2.261411221965059
0.25876571740340754,-0.35003645688359347,0.2783090232179445,1790750842,865555006,0.13699999451637268,0.18091754036297206,-0.36299481671272044,0.3902944720026238,-2.2036189083387137
0.26517210399657193,-0.3521335977808432,0.290296228222399,1790750842,915922373,0.13099999725818634,0.18456425841273336,-0.3639722284083017,0.39287898182573855,-2.14545603814119
0.27570821670781687,-0.3535248891313597,0.2963026706432704,1790750842,965460315,0.13300000131130219,0.18798935102773942,-0.36495360280915834,0.3956192626925238,-2.0883207078887165
0.2861021111404185,-0.35502098672078647,0.3031176367103459,1790750843,15823496,0.13500000536441803,0.19129714188061164,-0.36597290695938584,0.3986010106302454,-2.0302448698951663
0.29231490360430007,-0.3569467016782703,0.3137946456351302,1790750843,65609172,0.13199999928474426,0.1943738755541513,-0.3669952493975031,0.4017183712408321,-1.9730710848178612
0.2994767215741385,-0.3587833915629487,0.3236000781977561,1790750843,116326494,0.13099999725818634,0.19730991954815583,-0.3680552127985388,0.40506772316435463,-1.914869682081318
0.3049491754244226,-0.36065882660394927,0.3339929306862928,1790750843,165263229,0.1289999932050705,0.19994826432403853,-0.36909374867368605,0.4084553977732417,-1.8587113893365366
0.3132846236066919,-0.36235808715436435,0.3426933764198648,1790750843,215354046,0.13099999725818634,0.20243967865663318,-0.37017275384188264,0.41207153180919665,-1.8012282433305273
0.31672140366311996,-0.3643713629724519,0.35425537655568995,1790750843,265274270,0.12800000607967377,0.20469217253613065,-0.37125530523848305,0.4157863790533747,-1.7443122097395027
0.32307726357039035,-0.3662187694927058,0.36426367705228624,1790750843,315922730,0.1289999932050705,0.20674728124345734,-0.3723656101150027,0.4196762190359181,-1.686636802247083
0.3258290579948055,-0.36812432964947606,0.3752013545721514,1790750843,366267975,0.12700000405311584,0.20847156169492298,-0.37342215552711516,0.4234522833993224,-1.6321871975262365
0.3278118486023014,-0.36997128674415863,0.38584083915986234,1790750843,415422174,0.125,0.20993481825358115,-0.37445295524548844,0.42719202249977506,-1.57949233316075
0.3319069965267883,-0.37105641900541725,0.3917211236032705,1790750843,465802457,0.12700000405311584,0.21076956229540475,-0.3751226059968198,0.42964458838010255,-1.5454917017273886
0.3355846343955028,-0.3720220498838097,0.39698992520418264,1790750843,515493734,0.1289999932050705,0.21143131002958787,-0.3757134639188151,0.4318227223675216,-1.515613330601632
0.3312570329727269,-0.37247038849198755,0.4000689245854521,1790750843,565728274,0.12399999797344208,0.21161687181014366,-0.3758914137278434,0.4324807730477102,-1.5066392849061845
0.33539162464499533,-0.37253713374205527,0.4000333631897134,1790750843,615416403,0.12800000607967377,0.2117201984711127,-0.3759932727444067,0.4328576683264691,-1.5015097321523243
0.331568711020373,-0.37267254111457326,0.4012144563807285,1790750843,666370431,0.12399999797344208,0.21173621204408336,-0.3760092427182628,0.4329167923974816,-1.5007057189941406
0.33446789030542723,-0.3725918142979545,0.40044746281343435,1790750843,715390657,0.12700000405311584,0.21173621204408336,-0.3760092427182628,0.4329167923974816,-1.5007057189941406
0.3344678903054271,-0.37259181429795446,0.4004474628134344,1790750843,765833616,0.12700000405311584,0.2117362120440833,-0.37600924271826275,0.43291679239748165,-1.5007057189941406
0.33350149721040906,-0.3726187232368274,0.4007031273358657,1790750843,815347605,0.12600000202655792,0.2117362120440833,-0.37600924271826275,0.4329167923974816,-1.5007057189941406
0.3335014972104091,-0.37261872323682743,0.4007031273358657,1790750843,865093808,0.12600000202655792,0.21173621204408336,-0.3760092427182628,0.4329167923974816,-1.5007057189941406
0.33543428340044523,-0.37256490535908154,0.40019179829100293,1790750843,915908270,0.12800000607967377,0.2117362120440833,-0.37600924271826275,0.4329167923974816,-1.5007057189941406
0.3335014972104091,-0.37261872323682743,0.4007031273358657,1790750843,967042290,0.12600000202655792,0.21173621204408336,-0.3760092427182628,0.4329167923974816,-1.5007057189941406
0.33253510411539106,-0.37264563217570035,0.4009587918582971,1790750844,15808643,0.125,0.21173621204408336,-0.3760092427182628,0.4329167923974816,-1.5007057189941406
0.3322568083418773,-0.37258698415448477,0.3999209744065409,1790750844,66783791,0.125,0.21163003997935168,-0.37602613463026346,0.4325147621339367,-1.5060369065583499
0.33288988901064104,-0.372490805299322,0.39845028747303746,1790750844,115410180,0.12600000202655792,0.21150400359477728,-0.376045829802577,0.4320483399951801,-1.5122317392182787
0.332397129385855,-0.3721797671955577,0.3931873676765905,1790750844,165148365,0.12700000405311584,0.210953589571554,-0.3761292289110576,0.43013150684671503,-1.537804162415374
0.3296141651549395,-0.3718930880878784,0.3877959069303648,1790750844,215422036,0.12600000202655792,0.21025919618276426,-0.37622717006744766,0.4279407400442047,-1.567279939224884
0.32640813324539397,-0.37140184469952675,0.3789816871510956,1790750844,265407046,0.12600000202655792,0.2090394582614972,-0.376381791955928,0.42454257792970596,-1.6136052036578505
0.3233925718837942,-0.3708429146802376,0.36920539680898506,1790750844,315994126,0.12700000405311584,0.20754391458506832,-0.37655568361076036,0.4209301868300209,-1.6637887726907252
0.31804934658487505,-0.3703924512144527,0.36037240064442805,1790750844,365704024,0.12600000202655792,0.20585596172775375,-0.37673987994535046,0.4173667429382087,-1.7144127399895552
0.31223076511988423,-0.3699727232308872,0.351757439089451,1790750844,415789758,0.125,0.20396834414461795,-0.37693594379956213,0.4138522195777191,-1.765647065617729
0.3077218596458966,-0.36947212281242015,0.3424625644540217,1790750844,465368348,0.12600000202655792,0.2019204994369019,-0.3771404535088125,0.4104571921311398,-1.8165736026296058
0.30423112403037483,-0.368853299793315,0.3320507312765779,1790750844,515807872,0.1289999932050705,0.1996632906306722,-0.37736042008914045,0.40711200870557335,-1.868421865190429
0.30102883714506445,-0.36817551310909913,0.32125252458558096,1790750844,565508659,0.13300000131130219,0.1972896264180033,-0.377587033907686,0.40394835146209596,-1.91924868611311
0.29117357813921474,-0.368100343691839,0.31575616735217715,1790750844,615264991,0.1289999932050705,0.19476017445394633,-0.3778269483499068,0.4009080727833263,-1.9700875592570406
0.28397231970048314,-0.3677767254652763,0.3080456989411697,1790750844,665267836,0.1289999932050705,0.19205665414121495,-0.3780822390187737,0.39796958376663566,-2.0214305944639586
0.2797590098026317,-0.367074264071318,0.2970433064998843,1790750844,715273004,0.1340000033378601,0.18920566184301052,-0.37835316021600235,0.39517015588173143,-2.0728242783358084
0.26784374116282844,-0.367346383252055,0.29456985826536586,1790750844,765375784,0.12800000607967377,0.18624033987671457,-0.3786369245728889,0.3925362307184507,-2.1238588764720214
0.2608987156333868,-0.3669766032073265,0.28655889062111456,1790750844,815220997,0.12999999523162842,0.183168606029062,-0.37893543414166886,0.3900722481350455,-2.1745460392208082
0.2528264725388883,-0.36673263065212497,0.2796083049939621,1790750844,865457177,0.13099999725818634,0.17994495714655795,-0.3792534867744193,0.38774022515506507,-2.22578241361659
0.24487274435358203,-0.3664337903731869,0.27219095202936494,1790750844,915715078,0.13300000131130219,0.17660527742804333,-0.3795903650855663,0.3855728635065245,-2.277071474815333
0.23526529224872433,-0.36648050873114446,0.2678784962170672,1790750844,965263456,0.13199999928474426,0.1732401899605705,-0.3799369647911746,0.3836187670290064,-2.3272279614040916
0.22667644851194918,-0.3662716471019494,0.26132553955779547,1790750845,15409774,0.1340000033378601,0.16974696468313133,-0.38030647606819057,0.38181644519560387,-2.3779144525819422
0.21648694704343924,-0.366428284006277,0.25790471322332353,1790750845,65648879,0.13300000131130219,0.16615101855892453,-0.38069665205419106,0.3801818914932586,-2.4288828301068497
0.20726397730017346,-0.3663173905953777,0.25223757784905876,1790750845,115439276,0.13500000536441803,0.16250968259640805,-0.38110398773604354,0.37874216708977,-2.4794310750248068
0.19700009672704344,-0.366479430516854,0.24887899167094554,1790750845,165350268,0.13500000536441803,0.15876551683866302,-0.3815351524392973,0.37747309568254483,-2.530504634971679
0.18700336425440023,-0.3664766582895996,0.24410028028403324,1790750845,215403798,0.13699999451637268,0.15494736932153402,-0.3819899212901275,0.37639068189135566,-2.5818023229662277
0.17598120439340165,-0.36698583676167423,0.24372418447666827,1790750845,265812413,0.13500000536441803,0.15109730620968423,-0.38246355105680957,0.37550519001150795,-2.632909721050066
0.16564468785268874,-0.3672087425540488,0.24099447799234053,1790750845,315453763,0.13600000739097595,0.1472766643617853,-0.38295074253266853,0.37482574175405003,-2.6831401364438623
0.15507610055695678,-0.36749145892219953,0.23876877713001424,1790750845,365388237,0.13699999451637268,0.14340845094689328,-0.3834611687790229,0.3743336428480601,-2.733659612069838
0.14435814993382085,-0.36783559098200497,0.237070052071253,1790750845,415340414,0.1379999965429306,0.13952168341503476,-0.38399388936903245,0.37403543832156555,-2.784195211007857
0.13352539849042402,-0.3684761298369329,0.2378929073018046,1790750845,465490101,0.13699999451637268,0.13561954053219274,-0.38454868437950546,0.3739307184319131,-2.8348523695534937
0.12295743339108829,-0.3692922127874455,0.2402400034495684,1790750845,515230925,0.13500000536441803,0.13175263968978715,-0.3851209024337425,0.3740200407445155,-2.885081822875212
0.1122843575115098,-0.36981607727880356,0.24013828571983264,1790750845,565158009,0.13600000739097595,0.127901137363384,-0.3857133006862444,0.3743001151846157,-2.935283313654424
0.10183958128684865,-0.37063949076786395,0.2425415141001308,1790750845,615423596,0.13500000536441803,0.12404844821096744,-0.38633131893409395,0.3747743927920098,-2.9857840848871517
0.09183533431804923,-0.3716334167332255,0.24641386996812284,1790750845,665465079,0.13300000131130219,0.12024319503717613,-0.38696745591882603,0.37543658517914114,-3.0360899397249486
0.08161442993285334,-0.3724551694546834,0.24883778291535985,1790750845,715501506,0.13300000131130219,0.11647861726403054,-0.3876253184761731,0.37628720570420093,-3.0863965394919735
0.0712166370217469,-0.37322244840649577,0.25082302958068853,1790750845,765381368,0.1340000033378601,0.11276372360605778,-0.38830350270187886,0.3773236315248769,-3.136725642454164
0.06084979729000526,-0.3740559504278558,0.2533528549621633,1790750845,815419786,0.13500000536441803,0.10909436487317638,-0.38900561248863896,0.37854858472709624,-3.1872475982697956
0.0521950610148801,-0.37538494699825686,0.2600487558624509,1790750845,865714836,0.13199999928474426,0.10549524537063305,-0.3897272891232659,0.37995449959970656,-3.237772877332242
0.04320223450905993,-0.37653675709792656,0.26529411150040044,1790750845,915672273,0.13099999725818634,0.10200096213202967,-0.39046380012745596,0.3815255460782214,-3.2879113931769286
0.034573906435318255,-0.3777309020796856,0.27093030652486794,1790750845,965227261,0.12999999523162842,0.09860988594484647,-0.3912150024822728,0.3832582688709002,-3.33780862370149
0.0245579436175222,-0.37868552090612734,0.27451705501651447,1790750846,15428079,0.13199999928474426,0.09526765909874747,-0.3919960002033118,0.38518307097722343,-3.3883871173523397
0.01644063631843301,-0.3799887190570075,0.28104981393107903,1790750846,65452645,0.13099999725818634,0.09205051204881672,-0.39278970824551435,0.3872584795355225,-3.4386542898198966
0.009312759032489876,-0.38143172874488307,0.2887353460052954,1790750846,115559582,0.1289999932050705,0.08894070585765379,-0.39360265538678507,0.3894937544682845,-3.4889804840545358
0.0027949400382094453,-0.3828845960086136,0.29658750073706003,1790750846,165308415,0.12700000405311584,0.08600193074344695,-0.39441737694835033,0.3918376592202143,-3.5384326230653165
-0.0025873055888386565,-0.3844595040620876,0.3054251591936764,1790750846,215341509,0.12399999797344208,0.08317439181201629,-0.3952517551940789,0.3943321784432377,-3.5880759530947133
-0.010349846659551423,-0.38572492128379704,0.31171130460810215,1790750846,265046637,0.125,0.08046740664017492,-0.39610401790713445,0.3969726725092611,-3.6379183209549146
-0.017926664252056315,-0.3870625064672693,0.3185305412522891,1790750846,315461910,0.12600000202655792,0.07785709008399444,-0.39698571789760223,0.3997894040974741,-3.688573309622476
-0.021140427306380702,-0.38880035239360533,0.3286913321985745,1790750846,365505254,0.12200000137090683,0.07542657674675483,-0.397869579896896,0.4026951373385572,-3.7385943029845934
-0.028682420467405503,-0.39012912481349743,0.33548782844493924,1790750846,415905203,0.12399999797344208,0.07313322671770658,-0.3987726552007139,0.40573640756320817,-3.7889246209166036
-0.03496532393870298,-0.3915430307679254,0.3430842226200931,1790750846,465413608,0.125,0.07104217069196624,-0.39966826131111727,0.40882151577054626,-3.8382179908983356
-0.03839741183649517,-0.3932187100655346,0.3526963180209432,1790750846,516269875,0.12300000339746475,0.06905856825302578,-0.4005997435292497,0.4120910444180262,-3.888827730477987
-0.04287884439047192,-0.39472260228450906,0.36109472281046906,1790750846,565170395,0.12300000339746475,0.0673249507057973,-0.40150001768707644,0.415299805806595,-3.9371295225329725
-0.04795512084465019,-0.39623847621708863,0.3695058146072543,1790750846,615292147,0.12399999797344208,0.0657149722059899,-0.40243156756320736,0.41866631768493945,-3.9865753302100475
-0.048617357228443014,-0.39784288630492176,0.378911754759061,1790750846,665375436,0.12099999934434891,0.06437997573786812,-0.40329707762391837,0.4218402345934184,-4.0322124714176155
-0.05162293990935646,-0.3993013545469618,0.3871939820670407,1790750846,715784987,0.12099999934434891,0.06320308466789566,-0.40416078065487154,0.4250406450509617,-4.07742260992048
-0.052228423252698886,-0.40018751139585607,0.3923196181215411,1790750846,765447106,0.11999999731779099,0.06259082575978772,-0.4046618302048845,0.4269103666487647,-4.103512607344129
-0.05444703053815156,-0.40089641938726284,0.396292457756872,1790750846,815455885,0.12099999934434891,0.06209600017652815,-0.40510138475557306,0.4285576107771347,-4.126324459138068
-0.05281684026910541,-0.40115131071248183,0.39788077763038115,1790750846,865454747,0.11900000274181366,0.06197862465600806,-0.40521130448416576,0.428969655637678,-4.132007523930919
-0.053914721599525484,-0.4012019209583215,0.3981017715696826,1790750846,915447405,0.11999999731779099,0.061926076168757144,-0.4052614175666543,0.42915703547074496,-4.134589320607516
-0.05490120832075836,-0.4011815953053384,0.397919973088565,1790750846,966173301,0.12099999934434891,0.061917776986132364,-0.4052693764190806,0.4291868014977117,-4.1349992752075195
-0.05200487114991774,-0.40128294520454266,0.3986951833602328,1790750847,15401879,0.11800000071525574,0.061917776986132364,-0.4052693764190806,0.4291868014977117,-4.1349992752075195
-0.052970319271242766,-0.40124916182090614,0.39843677929459137,1790750847,65378047,0.11900000274181366,0.061917776986132364,-0.4052693764190806,0.4291868014977117,-4.1349992752075195
-0.05393576019943333,-0.40121537868897494,0.3981783771542064,1790750847,116589215,0.11999999731779099,0.061917776986132364,-0.4052693764190806,0.4291868014977117,-4.1349992752075195
-0.05490120832075836,-0.4011815953053384,0.397919973088565,1790750847,165822543,0.12099999934434891,0.061917776986132364,-0.4052693764190806,0.4291868014977117,-4.1349992752075195
-0.05393576019943333,-0.40121537868897494,0.3981783771542064,1790750847,216013758,0.11999999731779099,0.061917776986132364,-0.4052693764190806,0.4291868014977117,-4.1349992752075195
-0.055866656442083384,-0.4011478119217019,0.39766156902292366,1790750847,267045137,0.12200000137090683,0.061917776986132364,-0.4052693764190806,0.4291868014977117,-4.1349992752075195
-0.05490120832075836,-0.4011815953053384,0.397919973088565,1790750847,315851852,0.12099999934434891,0.061917776986132364,-0.4052693764190806,0.4291868014977117,-4.1349992752075195
-0.05457316284682782,-0.4011174245700474,0.3967205746345148,1790750847,365588156,0.12099999934434891,0.06204625499097289,-0.40529037267642615,0.42871272568139424,-4.128780332021348
-0.052255992650122846,-0.40111325192500075,0.39586182562483896,1790750847,415335877,0.11900000274181366,0.062200349079623476,-0.40531507655078347,0.4281587474628309,-4.121499746554191
-0.05183856784375379,-0.4008344996382107,0.3909608074324087,1790750847,465476101,0.11999999731779099,0.06274293110702243,-0.40539897927455365,0.42631961086398035,-4.097220268729887
-0.04825180309265087,-0.4006468565760035,0.3864107335337666,1790750847,515637631,0.11800000071525574,0.06340897186874503,-0.405495836865139,0.4242572511275483,-4.0697749816248425
-0.04836582509212392,-0.40013722995764295,0.37796415064665406,1790750847,565502853,0.12099999934434891,0.06447397190240767,-0.4056391152140364,0.42129900168125234,-4.029946316407439
-0.04700286593246435,-0.3996450811712814,0.36939856259024817,1790750847,615289455,0.12300000339746475,0.06572218354291838,-0.4057959159148691,0.4182271534823263,-3.9879315948637584
-0.04156075552353673,-0.39936220510662096,0.36237982259500046,1790750847,665464318,0.12099999934434891,0.06713105091074148,-0.405963765772249,0.4151388071584269,-3.944906776953106
-0.03849969365445731,-0.3989409032401416,0.3542613297258187,1790750847,715441291,0.12200000137090683,0.06866806778558815,-0.4061391483529735,0.41211680923922667,-3.9019187718431523
-0.03509665719048549,-0.3985334275706979,0.34629140624413757,1790750847,765313236,0.12300000339746475,0.07032224894233509,-0.4063204455436864,0.40918192553460186,-3.8591969008526363
-0.028816386008203132,-0.39834223637794375,0.3400601494562919,1790750847,815363450,0.12099999934434891,0.0721036492625703,-0.40651083109135944,0.4063128504026401,-3.8163557096588376
-0.026318512887675324,-0.3978296637817898,0.3311890636293109,1790750847,865740083,0.12399999797344208,0.07402592285534476,-0.4067112290320856,0.40349474467536206,-3.7730760689618346
-0.02024428153524349,-0.39762308977144467,0.32482357696056063,1790750847,915917678,0.12300000339746475,0.07605964394554587,-0.40692087145978056,0.4007716251806628,-3.72993799990622
-0.01555524859404439,-0.397296971704282,0.31759367548657247,1790750847,965205359,0.12399999797344208,0.07816347363623452,-0.40713516444973835,0.398191507743034,-3.6876783092385157
-0.009662672243481663,-0.39706991752048076,0.31106383409930927,1790750848,15733669,0.12399999797344208,0.08042846873997178,-0.40736573853389874,0.395642684194193,-3.644374736368081
-0.005611689930567848,-0.39661388693881605,0.30268819454114826,1790750848,65871097,0.12700000405311584,0.0827889413347959,-0.40760546952216264,0.3932062288419996,-3.601286900015874
0.0034752513027103,-0.3968010060214257,0.2996621472481669,1790750848,115458104,0.12300000339746475,0.08522383244091715,-0.40785455282703326,0.3908980470940203,-3.558651561959927
0.006868064904545584,-0.3962080186729081,0.29020869197074395,1790750848,165398900,0.12800000607967377,0.08775584998457421,-0.40811491479169365,0.3886941914417832,-3.5159862378805578
0.015609816138735508,-0.39638737659247125,0.28714836607866123,1790750848,215343364,0.125,0.09037460861715733,-0.4083877187591012,0.3866029667442027,-3.4733673784802463
0.022690707940380514,-0.39632153333185094,0.2820681901519555,1790750848,265491616,0.125,0.09308379197359871,-0.40867304911237345,0.3846218530715011,-3.4306735121440597
0.028353306707536982,-0.39598809652061007,0.27479320855977224,1790750848,315346097,0.12800000607967377,0.09585512146488451,-0.4089700549632677,0.3827699436273523,-3.3882481917389673
0.03694834078439755,-0.3961951258501954,0.27198958591691125,1790750848,365437237,0.12600000202655792,0.09872593444346059,-0.40928241525953013,0.3810228482193142,-3.3454592308293734
0.04420573976436825,-0.39613192812878595,0.2669478420402779,1790750848,415394904,0.12700000405311584,0.10166075093930464,-0.4096085097879583,0.37940363098492513,-3.302753806901886
0.05045381503093339,-0.39577792093193914,0.2594972038073866,1790750848,465484461,0.13099999725818634,0.10465502038252981,-0.4099474286604779,0.3779136455323844,-3.2601270793491475
0.05901453323471597,-0.3959990637969836,0.2568683407643635,1790750848,515433369,0.12999999523162842,0.10769653910992656,-0.4102999340645212,0.37655771445217434,-3.2176544786052124
0.066978413513759,-0.39604038976008066,0.2527451301664739,1790750848,565414073,0.13099999725818634,0.11079516522033642,-0.41066677855848766,0.37533044862772685,-3.1751295916937314
0.07484795986714007,-0.3960075942933138,0.2480044201633072,1790750848,615339165,0.13300000131130219,0.11393750434360879,-0.4110485363658803,0.3742374504010317,-3.1326470983050747
0.08434116627234757,-0.39658526041751924,0.2483600666246729,1790750848,665308713,0.12999999523162842,0.11715307672380125,-0.41144863633678036,0.3732698634743673,-3.089747839204295
0.0924483043043922,-0.3965224046332957,0.24332113882573558,1790750848,715356019,0.13300000131130219,0.12041535852440485,-0.4118661097479407,0.37243897237484713,-3.04670585719352
0.10158625579268146,-0.3970730510581207,0.24353114544114862,1790750848,765173953,0.13099999725818634,0.1236548579615973,-0.41229161026547073,0.3717589565259805,-3.0043597591793527
0.10989657057020345,-0.39697100364766824,0.2382251978589981,1790750848,815294890,0.13500000536441803,0.12693011497594758,-0.41273467172629075,0.37121529742312903,-2.9618502555847788
0.11921667613003309,-0.3978435838124322,0.24117968179365876,1790750848,865232650,0.13099999725818634,0.13020603030411085,-0.413190236685499,0.3708126776784839,-2.9195634816522382
0.12822987829704202,-0.3983017970625681,0.24055941914728865,1790750848,916123194,0.13099999725818634,0.13355491706712894,-0.4136707203047554,0.3705457239725188,-2.8764828693074707
0.13701631637061118,-0.39855532287381357,0.23834204823044655,1790750848,965577506,0.13300000131130219,0.1368190023976221,-0.4141529752759224,0.37042412368183186,-2.8345683097045606
0.14627331039827723,-0.3989915939069768,0.2375018931777983,1790750849,16945184,0.1340000033378601,0.1402091505928119,-0.4146705842268267,0.37044321904357397,-2.7910235986998484
0.1550724132688256,-0.3994388621780401,0.23702481638456677,1790750849,65238791,0.13500000536441803,0.1434010265261484,-0.415173171285899,0.37059581509609135,-2.7499498842499523
0.16360796389632012,-0.4005323282537563,0.24187846983084477,1790750849,115336117,0.13099999725818634,0.14670098658717448,-0.41571060677050053,0.3708930940452376,-2.707321376576717
0.1725863387356885,-0.40108536141053414,0.2421684303308407,1790750849,165409479,0.13199999928474426,0.1499738602350108,-0.41626145802467257,0.3713286475758857,-2.664808407594641
0.18162298812838346,-0.401687347721149,0.2428562705380439,1790750849,215730584,0.13300000131130219,0.15323656599224778,-0.4168306713037707,0.37190622651629096,-2.622102697554476
0.19003814460604287,-0.4025494239351091,0.24583023413905733,1790750849,265530111,0.13199999928474426,0.15642775283896404,-0.41740711019814136,0.3726118989622693,-2.5799424512695204
0.19922705936295285,-0.4031237741133132,0.2463177855884022,1790750849,315732492,0.1340000033378601,0.15960693304134438,-0.4180033223665077,0.37345883139418107,-2.5374591334755086
0.20704270663465438,-0.4041752548074979,0.2509354104464339,1790750849,365440796,0.13199999928474426,0.1627161505280309,-0.41860811620319033,0.37442973722637785,-2.4953614124708574
0.21572282908902513,-0.40494042273707775,0.25309571536910375,1790750849,415285953,0.13300000131130219,0.1657870080009993,-0.4192294004140924,0.37553443162346845,-2.4531419804928203
0.22308722545386175,-0.40606378954536493,0.2583436743213686,1790750849,465432862,0.13099999725818634,0.1688027317524008,-0.4198635947492374,0.3767656249958785,-2.410962913741174
0.23196666602815305,-0.4068069726678451,0.26032534182675854,1790750849,515736031,0.13300000131130219,0.17176549618887976,-0.4205131353451203,0.3781258537248544,-2.3687075707994785
0.2387775173885369,-0.40798813979191795,0.26613346026068174,1790750849,565212139,0.13099999725818634,0.1746328747470485,-0.42116807182055827,0.3795916177186671,-2.3269278271379803
0.2453654858110672,-0.4092101266129552,0.2722417107793455,1790750849,615336214,0.1289999932050705,0.1774716648430433,-0.42184574025421934,0.38119935662936766,-2.2845611543080016
0.2527901435506127,-0.41027404810670887,0.27696886204963733,1790750849,665714218,0.1289999932050705,0.18025744226540036,-0.42254099523996363,0.38293832698745955,-2.2418730969321774
0.2617431456927908,-0.41108971253585663,0.2795820762183251,1790750849,715722811,0.13199999928474426,0.18294419943114204,-0.423244376144424,0.38478183872655913,-2.199478635443158
0.2686594527555458,-0.41220382832770125,0.2848632704371947,1790750849,765179131,0.13199999928474426,0.18550200214614845,-0.4239466232819993,0.38670110714821015,-2.157832418971203
0.27343701232100065,-0.413621097849877,0.29272993488532084,1790750849,815291420,0.1289999932050705,0.18800310459798847,-0.4246691462062744,0.38875069454487976,-2.1156837156919055
0.2798427248699097,-0.4147986594258885,0.2985405312644157,1790750849,865263763,0.1289999932050705,0.19040642888780754,-0.42540034616228733,0.39089718476730806,-2.0736415856995034
0.285990045445731,-0.4160054055964192,0.3046123503890616,1790750849,915209022,0.1289999932050705,0.19271231038903167,-0.4261420300814003,0.39314206988286166,-2.031620414883993
0.2904330769604001,-0.4174035007889895,0.31231854093787714,1790750849,965889222,0.12700000405311584,0.19494339692357066,-0.4269019271539016,0.3955080951652302,-1.9891162244403033
0.2959166239214748,-0.4186424379298383,0.3187434829828108,1790750850,15437766,0.12700000405311584,0.19702031509433224,-0.42765411319919516,0.3979098321388604,-1.947586608039174
0.30038319647696216,-0.4199884296219619,0.32606441094192723,1790750850,65433182,0.12600000202655792,0.19901717714689035,-0.42842435465736667,0.4004268060396185,-1.9055252486034444
0.3037062288102385,-0.4214204625144064,0.3341290436186173,1790750850,115683157,0.12399999797344208,0.20091291607121403,-0.42920788969054696,0.40304123652761603,-1.8632201827211043
0.3091395652187493,-0.4226668385842957,0.34061368511925855,1790750850,165413183,0.125,0.2026743900520417,-0.42999020152162903,0.40570235411786654,-1.8213772026118351
0.3117157838986344,-0.4241122084838512,0.3488496447767611,1790750850,215418118,0.12300000339746475,0.2043274752819223,-0.4307843413965246,0.40845027103700904,-1.7793070944838116
0.3147756609430361,-0.4255035731454564,0.3566353445359562,1790750850,265186506,0.12200000137090683,0.20585421647000052,-0.4315821431008988,0.41125375036865586,-1.7373998167537497
0.31659162054322104,-0.4269565276029385,0.3649599384212552,1790750850,315242442,0.11999999731779099,0.20726585538447723,-0.43239116983953374,0.4141365699903781,-1.6952439652138729
0.3198403701739113,-0.4283114034346129,0.3724615771878776,1790750850,365266868,0.11999999731779099,0.20853842717446824,-0.4331974809830224,0.4170486054249052,-1.6534966211573583
0.32090879298029895,-0.4297652761308823,0.3808330422418742,1790750850,415865410,0.11800000071525574,0.20969442812798275,-0.434016743759045,0.4200413352715756,-1.6113437331893161
0.32565164263891055,-0.430655991356396,0.3854441866444186,1790750850,465417147,0.12099999934434891,0.21043972228465696,-0.4346055152956987,0.4222084969231445,-1.5812299528430245
0.32729881746506423,-0.4316029391750102,0.3907822781655673,1790750850,515423759,0.12099999934434891,0.21108013624283514,-0.4351626479425534,0.4242717757698702,-1.5528416057152215
0.33082840370891087,-0.43191326960892706,0.3922161158221363,1790750850,565295397,0.12399999797344208,0.211328201029165,-0.43539447703777373,0.4251339263773759,-1.5410532861962514
0.3293606106515646,-0.432264260225935,0.3944186527383178,1790750850,615605983,0.12200000137090683,0.21150581958052267,-0.43556702026871563,0.4257769105375345,-1.5322882291790156
0.3304000489292789,-0.43228514876898366,0.39443414589971515,1790750850,665542307,0.12300000339746475,0.21153404200070586,-0.4355949835431049,0.4258812161352839,-1.530868411064148
0.3313664339610951,-0.4322582396898773,0.39417848005583445,1790750850,715537474,0.12399999797344208,0.21153404200070589,-0.4355949835431049,0.4258812161352839,-1.530868411064148
0.3275008722333243,-0.43236587660777076,0.3952011491459653,1790750850,765435779,0.11999999731779099,0.21153404200070589,-0.4355949835431049,0.4258812161352839,-1.530868411064148
0.3284672644653092,-0.432338967328175,0.3949454813972152,1790750850,815426270,0.12099999934434891,0.2115340420007059,-0.43559498354310483,0.42588121613528385,-1.530868411064148
0.329433656697294,-0.4323120580485794,0.39468981364846517,1790750850,865463493,0.12200000137090683,0.21153404200070589,-0.43559498354310494,0.42588121613528385,-1.530868411064148
0.3313664339610951,-0.4322582396898773,0.39417848005583445,1790750850,919141317,0.12399999797344208,0.21153404200070589,-0.4355949835431049,0.4258812161352839,-1.530868411064148
0.3304000489292789,-0.4322851487689835,0.3944341458997152,1790750850,966144100,0.12300000339746475,0.21153404200070589,-0.4355949835431047,0.42588121613528396,-1.530868411064148
0.3304000489292789,-0.43228514876898366,0.39443414589971515,1790750851,16300102,0.12300000339746475,0.21153404200070589,-0.4355949835431049,0.4258812161352839,-1.530868411064148
0.328192988780916,-0.4322810251193233,0.393922404587515,1790750851,65328067,0.12099999934434891,0.21142732201529466,-0.4356106044707158,0.42547700500417496,-1.5362098541450395
0.3278577416011199,-0.4322119116144874,0.39270064173029506,1790750851,115305687,0.12099999934434891,0.2112968522234123,-0.43562936062449514,0.4249942935998847,-1.542598994001144
0.32668899158879144,-0.43198459022655356,0.38866097814575473,1790750851,165446105,0.12099999934434891,0.21084178592839925,-0.435692716250162,0.4233982000180385,-1.5638077735790714
0.3252688971969913,-0.43173146367862336,0.3841379347871619,1790750851,215474586,0.12099999934434891,0.21028850826536735,-0.4357653343079646,0.42161109705311783,-1.5877187745040957
0.32578757472949255,-0.43125060997267445,0.37648689504272664,1790750851,265565004,0.12399999797344208,0.20939284824785084,-0.4358738547275451,0.41899445616559056,-1.6230789804906018
0.3211765149417355,-0.4309353135894907,0.3701364642557542,1790750851,316223277,0.12200000137090683,0.20833164250626784,-0.4359936850965692,0.41622819862560273,-1.6609710182876758
0.3191313118337457,-0.4305170623716901,0.3628922139456864,1790750851,365278104,0.12300000339746475,0.2071837055371689,-0.43611660688991066,0.41354178829169086,-1.6983429203069271
0.3131360420277369,-0.43029207199533764,0.35730108512342074,1790750851,415496411,0.11999999731779099,0.20590206411014247,-0.43624773297524894,0.41083054839862154,-1.7367163258616836
0.30966226351260734,-0.4299489721696454,0.35069475450899046,1790750851,465181251,0.11999999731779099,0.2045383361901912,-0.43638204173742057,0.4082062740204534,-1.7745608542767315
0.3075628122536147,-0.4294978046234092,0.3430466277673728,1790750851,516083082,0.12200000137090683,0.20304096205373517,-0.4365253799344475,0.405574992135417,-1.8133096143795606
0.30109258854317084,-0.4293653345931318,0.33836563155198707,1790750851,565167511,0.11900000274181366,0.20150211057115058,-0.43666915776656967,0.40309114056433365,-1.8507012809010055
0.30093048884299556,-0.428743519758819,0.3292660387291334,1790750851,615508421,0.12399999797344208,0.19982919512182717,-0.4368231631526566,0.4006049991080743,-1.889054725580808
0.2964327864627896,-0.42845239012475256,0.3231714411409341,1790750851,665428698,0.12399999797344208,0.1980985976133427,-0.4369805669611162,0.3982291322896942,-1.9266709582159458
0.2917037371899674,-0.42818018436370614,0.3172429198378286,1790750851,715504865,0.12399999797344208,0.19627858826155611,-0.4371453432321424,0.39591735263443584,-1.9643299684267435
0.2889863272931985,-0.42770028636772683,0.30950108108123753,1790750851,765227909,0.12700000405311584,0.19437314183097879,-0.43731732495152187,0.39367268398305266,-2.002012941795334
0.2822193807494717,-0.4276133628685002,0.30514641371071505,1790750851,815684756,0.125,0.19235242443199996,-0.43750027530385704,0.391466626434788,-2.040307367563144
0.2795696648336529,-0.42707084317479727,0.29687026041923925,1790750851,865378429,0.1289999932050705,0.19027803566402204,-0.43768881436953216,0.3893649191561044,-2.0781048176499075
0.2724694238303521,-0.4270381230356316,0.2930157642790254,1790750851,915411189,0.12700000405311584,0.18811076087950873,-0.43788758732370525,0.38732857432781603,-2.1161755053145845
0.2665944504296739,-0.42686614514465826,0.2879768547797013,1790750851,965248836,0.12700000405311584,0.1858836176989599,-0.4380937728273028,0.3853868280166654,-2.1540014442111497
0.26043578244535515,-0.4267175933012264,0.2830880363573029,1790750852,15901591,0.12700000405311584,0.18354851222382787,-0.43831293545700417,0.38350166465378327,-2.1924275680426155
0.254257923980094,-0.426598512724179,0.27855213819118724,1790750852,65353077,0.12700000405311584,0.18120658243366908,-0.43853581598962715,0.38175099147215996,-2.2298688066782653
0.24781308014325654,-0.4265048727284962,0.2741832101517267,1790750852,115605588,0.12700000405311584,0.17876301731604258,-0.4387724023775361,0.38006331956496436,-2.2679036579632696
0.2418117860269032,-0.42634070007414315,0.26926207090510396,1790750852,165494948,0.12800000607967377,0.1762940102279531,-0.439015580280548,0.37849013516749175,-2.305404167586926
0.23655968662735702,-0.4259975919395882,0.26280808307626813,1790750852,215422679,0.13099999725818634,0.17376988321057707,-0.4392691616007753,0.37701099594303883,-2.34288647193282
0.22872786138005022,-0.42618737543857127,0.26094101995588415,1790750852,265211788,0.1289999932050705,0.17118965399154462,-0.43953350597006924,0.3756242085114077,-2.380422648410373
0.2218856780432521,-0.42610007187716425,0.2565703982528915,1790750852,316720198,0.12999999523162842,0.16846636928259648,-0.4398188377094127,0.37429113421642973,-2.4192846968404624
0.21519512885188694,-0.42603809448171887,0.25259520238799904,1790750852,365878238,0.13099999725818634,0.16582607443926312,-0.44010158264548094,0.3731187023733378,-2.45632014946455
0.20787946441404898,-0.4261135068020705,0.24975032595459049,1790750852,415764496,0.13099999725818634,0.1631057016697816,-0.4403999002246918,0.3720295491052916,-2.4938960324250012
0.20083521928014705,-0.42610857712722994,0.24625592298786286,1790750852,465160630,0.13199999928474426,0.16037273443293312,-0.4407066642823685,0.3710504861008945,-2.5311324847729115
0.1920813759074812,-0.42669675242356986,0.24773908178865517,1790750852,515854580,0.12800000607967377,0.15753270445544187,-0.4410336762524845,0.3701516770246825,-2.5693523433328824
0.1852937869834052,-0.4265326449526888,0.242859977126683,1790750852,565768718,0.13099999725818634,0.1547080953628988,-0.4413672274827531,0.3693726243636246,-2.6069589818887913
0.17785390492281383,-0.42662267444276575,0.2401679872797356,1790750852,615494327,0.13199999928474426,0.15186840180362587,-0.44171163238260813,0.3687023281661494,-2.6444193757758945
0.16979415258313643,-0.4270897507664717,0.24068779652128036,1790750852,665537197,0.12999999523162842,0.1490044799847926,-0.4420683175941181,0.3681375152705456,-2.6819111350661173
0.1619530906341712,-0.4274779224617855,0.24053209990596772,1790750852,715664744,0.1289999932050705,0.14612059970223656,-0.442437644112703,0.3676797982961687,-2.7194275159478156
0.15435561164834066,-0.42766611530408943,0.23869673241388825,1790750852,765327112,0.12999999523162842,0.14323644500733762,-0.442817388116045,0.3673311050582585,-2.7567698317146907
0.14648949513548487,-0.4280095033895869,0.23812803654326536,1790750852,815716226,0.12999999523162842,0.14029736643790014,-0.4432157873526642,0.3670870425507956,-2.7946931673820172
0.1387393680848236,-0.42826404509056715,0.23686505418071094,1790750852,865510946,0.13099999725818634,0.13739824893086536,-0.44362032954475017,0.3669549661985993,-2.8320289230172544
0.13088354725305565,-0.42867260803924173,0.23688519408286873,1790750852,915687189,0.13099999725818634,0.13447711644992513,-0.4440403837615055,0.36693102066497146,-2.8696265985328346
0.12322078656084574,-0.42934647677002935,0.23917769222279608,1790750852,965418436,0.1289999932050705,0.1315799968320927,-0.44446967349403477,0.3670151310715009,-2.906948531738087
0.11510368594556576,-0.42947552808375017,0.2368183829542082,1790750853,15846902,0.13199999928474426,0.1286480392534646,-0.4449179253272229,0.3672104174962694,-2.9448041232571254
0.10777038211262865,-0.4303312070201712,0.24066106315838054,1790750853,65316842,0.1289999932050705,0.12577965092457613,-0.44537036811719827,0.3675093509563044,-2.9819783719150266
0.10073059651852084,-0.43134401114726384,0.24575706480064133,1790750853,115735827,0.125,0.12287061065330596,-0.4458443338037852,0.36792318292251786,-3.019872570882161
0.09265366712064328,-0.4315692126586684,0.2442718683634066,1790750853,165616631,0.12800000607967377,0.1200242930990328,-0.44632348761208523,0.3684377322735273,-3.0571972398276333
0.08506011104060231,-0.4321846499359347,0.2460254671550809,1790750853,216266515,0.12800000607967377,0.11715943180047118,-0.44682231457638744,0.3690676304042095,-3.0950686341621165
0.07805731173490676,-0.4329264404052471,0.2489488051273075,1790750853,265468703,0.12700000405311584,0.11440987593430081,-0.4473176003780772,0.3697808646986679,-3.131764772159451
0.07077515073625143,-0.43359539653462836,0.25121025462496294,1790750853,315432989,0.12700000405311584,0.11164905258454635,-0.4478324152870112,0.3706072079957743,-3.169013920767181
0.06398316069837351,-0.4344025527592336,0.254652608817106,1790750853,365201608,0.12600000202655792,0.10893916918494487,-0.4483558805513381,0.37152973427445973,-3.206036977665612
0.05574359915016464,-0.4348064457305729,0.2546956966153828,1790750853,415355359,0.1289999932050705,0.10624745014498717,-0.4488950485780285,0.3725594762569999,-3.2433309845631126
0.050391595671127914,-0.4360037361251752,0.26137943951124865,1790750853,465315765,0.125,0.10359915690951768,-0.44944558241937804,0.3736882646109087,-3.2806084652797582
0.04352613474364335,-0.43680271102076834,0.26469764445363997,1790750853,515746324,0.125,0.10097055697777867,-0.4500133945844024,0.37492747795604486,-3.318260165224418
0.03687565897790865,-0.437621449061293,0.2682257923397108,1790750853,565296589,0.125,0.09842465687166754,-0.45058532294252,0.37624735885429944,-3.3554387519168993
0.030823489831988293,-0.43857969220835674,0.27288235575045355,1790750853,615303061,0.12399999797344208,0.09590643784430976,-0.451174310498521,0.3776754135623342,-3.39299300344651
0.0250207226624177,-0.439557238416372,0.27771924889856225,1790750853,665511182,0.12300000339746475,0.09345995583276002,-0.45177076679950834,0.3791879727659007,-3.4303298740071884
0.018883175201100597,-0.44045610260678353,0.281919774239099,1790750853,715532358,0.12300000339746475,0.09108654956217041,-0.45237458010554116,0.3807814122022804,-3.4674602981844194
0.014137958708997395,-0.4415712378658416,0.2879117851066011,1790750853,765384143,0.12099999934434891,0.08877484457080381,-0.4529890879739862,0.38246318810566854,-3.5046139199335555
0.007710285052285118,-0.44243251337201217,0.29178177940805,1790750853,815485598,0.12200000137090683,0.08651642384087427,-0.4536173536036962,0.3842398356969781,-3.541981572711441
0.0028419390265357752,-0.4434870657282144,0.2973026923803907,1790750853,865180336,0.12099999934434891,0.08436283378688761,-0.4542453273437349,0.3860698223656284,-3.5787530583201317
-0.002535217669768247,-0.44448264649435215,0.3023082783297765,1790750853,915374762,0.12099999934434891,0.08226238215760306,-0.45488819740199377,0.387994283109775,-3.6158409987963074
-0.005545722757280908,-0.44575221547992105,0.3095629941916798,1790750853,965290086,0.11800000071525574,0.08023488270491015,-0.45554112761573057,0.3899984658104729,-3.652975485040753
-0.012001433664001554,-0.4466346503807715,0.3136113884187008,1790750854,15514476,0.11999999731779099,0.078271096934978,-0.4562079548313749,0.39209209571305564,-3.690386975303264
-0.015932772040169615,-0.44776228284186215,0.3197308078056209,1790750854,65118945,0.11900000274181366,0.07642324593045445,-0.4568711592728077,0.3942183568814711,-3.72711944175462
-0.0204599249288189,-0.4488433227958957,0.3254311423208887,1790750854,115358844,0.11900000274181366,0.07463669244978297,-0.4575503528356352,0.39643692830757105,-3.7642824891435582
-0.023947225881179243,-0.45001418004374794,0.33186387326232925,1790750854,165254065,0.11800000071525574,0.07293683056672373,-0.4582374213791698,0.3987208704798181,-3.801444136250402
-0.0263562351243211,-0.45127177818074166,0.3389724337207821,1790750854,215468399,0.11599999666213989,0.0713132552118669,-0.4589374061457182,0.40108449399081597,-3.8388919303648965
-0.03274666307028587,-0.45221644078389883,0.3435612412769144,1790750854,265669141,0.11900000274181366,0.06978844677712498,-0.4596417958719833,0.4034980079810577,-3.876189371803853
-0.0345798524974575,-0.45348286012445166,0.35077791962669347,1790750854,315427657,0.11699999868869781,0.06837031321792374,-0.4603461950249266,0.4059427427150961,-3.9131318299181554
-0.04059697556779181,-0.45447804793511604,0.3558107631981412,1790750854,365328776,0.11999999731779099,0.06704391557351462,-0.46105828870541987,0.4084428669180202,-3.9501413194612827
-0.03917570954529344,-0.4559233670006651,0.36442768473347886,1790750854,415426999,0.11500000208616257,0.06580888736839745,-0.46177900234940894,0.41099963364427483,-3.987289524208573
-0.04106182282491733,-0.45715227213933074,0.37131863465010845,1790750854,465428803,0.11400000005960464,0.06467397947434414,-0.4625031992854891,0.4135951967666981,-4.024368937759207
-0.041722718008759346,-0.4584236443732703,0.3785487498299594,1790750854,515227672,0.1120000034570694,0.06364235870740512,-0.4632293688026088,0.4162197784287327,-4.06129859724357
-0.04448805494247696,-0.4593235295398076,0.38343100689928844,1790750854,565422367,0.11299999803304672,0.06289755378819091,-0.4638074219663058,0.4183197629923344,-4.090489354312502
-0.04702727211442421,-0.46018382721164014,0.3881250983940471,1790750854,615412876,0.11400000005960464,0.062251810379473214,-0.4643561540969092,0.4203225180304757,-4.118066983860716
-0.04579892307660729,-0.4606776473884433,0.39102373928482137,1790750854,665240651,0.1120000034570694,0.06196871786723244,-0.46461397855241654,0.4212667820674306,-4.130988663215757
-0.048271163921449166,-0.4609556229760686,0.39242500617018017,1790750854,716666078,0.11400000005960464,0.061745814833908556,-0.4648258043216297,0.4220440219452781,-4.141588877568488
-0.04447941432131232,-0.46113630489818663,0.3937127165164055,1790750854,767240499,0.10999999940395355,0.06171734618232136,-0.46485347486475076,0.42214563009984474,-4.142972376077522
-0.04641344909002713,-0.46107080648360993,0.39320732733487423,1790750854,815316391,0.1120000034570694,0.061716038837353805,-0.46485475242893215,0.42215031211579845,-4.143036146192845
-0.04737942260069431,-0.4610373730982774,0.3929508634145887,1790750854,865605726,0.11299999803304672,0.061715819300931736,-0.4648549669947364,0.4221510984604917,-4.143046855926514
-0.04641398320188433,-0.4610711569324028,0.3932092711771678,1790750854,915543623,0.1120000034570694,0.06171581930093167,-0.4648549669947362,0.4221510984604917,-4.143046855926514
-0.04737942260069431,-0.4610373730982774,0.3929508634145887,1790750854,965685920,0.11299999803304672,0.061715819300931736,-0.4648549669947364,0.4221510984604917,-4.143046855926514
-0.046413983201884425,-0.4610711569324029,0.39320927117716786,1790750855,16674047,0.1120000034570694,0.06171581930093157,-0.4648549669947363,0.4221510984604917,-4.143046855926514
-0.045448536609951164,-0.4611049410182392,0.39346768086504524,1790750855,65873652,0.11100000143051147,0.061715819300931736,-0.4648549669947364,0.4221510984604917,-4.143046855926514
-0.04641398320188426,-0.461071156932403,0.3932092711771678,1790750855,118422976,0.1120000034570694,0.061715819300931736,-0.4648549669947364,0.4221510984604917,-4.143046855926514
-0.04614296491036343,-0.46101652603413756,0.39221794706512786,1790750855,165297701,0.1120000034570694,0.061827029015390236,-0.464868521458183,0.4217415531678621,-4.1375728893125245
-0.045806163522128865,-0.4609503500604538,0.39101433530952523,1790750855,215984511,0.1120000034570694,0.06196520588570892,-0.4648851132431755,0.42124429311695233,-4.13091588959129
-0.04467304144640804,-0.4607405330910576,0.38717016464555937,1790750855,265581165,0.1120000034570694,0.06242990576625653,-0.46493949519460886,0.41965597985770525,-4.109571171301198
-0.04424971999813242,-0.4604680417623685,0.38255860780033957,1790750855,315626173,0.11299999803304672,0.0629923874344869,-0.46500232753185516,0.4178795676038292,-4.0855391222609105
-0.043023185802315594,-0.4600927478719817,0.37605454997617976,1790750855,365345180,0.11400000005960464,0.06387419828699586,-0.46509493201577023,0.41534739210097027,-4.050957675527835
-0.040480246599077244,-0.45974723772361376,0.36955723311709987,1790750855,415464986,0.11400000005960464,0.06490422523354213,-0.4651976883676626,0.41268965361405907,-4.014197597107993
-0.037660067170046926,-0.45940944449898374,0.36306040717163024,1790750855,465461929,0.11400000005960464,0.0660458980586428,-0.4653074498179431,0.41003152939404663,-3.9768886518179167
-0.03637591572556652,-0.45897268389371676,0.3557520911871399,1790750855,515517281,0.11599999666213989,0.06728869149588246,-0.4654233237829358,0.40740514221279367,-3.939415760136772
-0.03306604248415751,-0.45865715066197493,0.3494441129589456,1790750855,565267028,0.11599999666213989,0.06861385129570033,-0.46554405590012604,0.404849608740267,-3.902282805403096
-0.028633423161084873,-0.4584174225558775,0.34371036432806085,1790750855,615532131,0.11500000208616257,0.07004449050681069,-0.465672324487533,0.4023195464749805,-3.8647863879681927
-0.024839463072827986,-0.45813455144652804,0.3376204366080454,1790750855,665784457,0.11500000208616257,0.07157130171061686,-0.46580776479294167,0.39983849436163565,-3.8271877105486376
-0.021701593762062404,-0.4578031353505216,0.33119097052781804,1790750855,715261748,0.11599999666213989,0.07316282197219307,-0.4659482339581138,0.39745105822537097,-3.7901493825214314
-0.01901498421714788,-0.45740462866166154,0.3241329425087567,1790750855,765733028,0.11800000071525574,0.074875585668896,-0.46609924794002905,0.39507633297523004,-3.7523371967267805
-0.011416998762747557,-0.45747645449546526,0.3209416749384709,1790750855,815848565,0.11400000005960464,0.07666140904351337,-0.4662571818994413,0.39278242185942736,-3.714786237784471
-0.00906394940303977,-0.457034231330713,0.3135625923851071,1790750855,865481849,0.11699999868869781,0.07852194766848397,-0.4664227168367072,0.3905662719545632,-3.6773935173333117
-0.006331303025691071,-0.45659318036564694,0.30615812057400593,1790750855,915397848,0.11999999731779099,0.08047446363869773,-0.466598004363481,0.38840568422697924,-3.6397516056763637
-0.0011900921411391735,-0.4564169920524615,0.3009514343855205,1790750855,965237540,0.11999999731779099,0.08249125715837004,-0.4667811013448671,0.38633302709881234,-3.602354323202351
0.005584552716042787,-0.4564400303631039,0.2973151517174073,1790750856,16098786,0.11800000071525574,0.08462290697204045,-0.4669772583286415,0.3842973657160523,-3.564226573997054
0.010996450689272255,-0.4563183953462281,0.29259133205143256,1790750856,65667986,0.11800000071525574,0.08676767008979969,-0.4671776149203648,0.38239556262882896,-3.527131055701607
0.01606244594224812,-0.45612482517465125,0.2872059898702948,1790750856,116116572,0.11900000274181366,0.0890179071041788,-0.467391367282727,0.38054176204864365,-3.4893883540988826
0.02002428578479308,-0.45575975698367743,0.280496515207635,1790750856,165293815,0.12200000137090683,0.09127082469554477,-0.46760927326357643,0.37882006270096147,-3.4526644301959086
0.026661007992681632,-0.4558028639983629,0.2770921128797801,1790750856,215540852,0.12099999934434891,0.09363292474413216,-0.4678421499334685,0.3771461872702915,-3.415153749053686
0.033382200353678476,-0.4558781253675389,0.2739580540370511,1790750856,265505823,0.11999999731779099,0.09605251165183713,-0.46808570683710876,0.3755622192702026,-3.3776632175621177
0.039197427381293094,-0.4557776740817715,0.2693628387023192,1790750856,315399571,0.12099999934434891,0.09852576801308897,-0.46834003603015023,0.3740687836218316,-3.3401907980135723
0.044782342982259686,-0.45559624898246404,0.26406981605453006,1790750856,365274180,0.12300000339746475,0.10106294095349372,-0.46860688481570884,0.37266179772440916,-3.3025430073433517
0.05197805085465691,-0.45576027687279,0.26161355873137315,1790750856,415692470,0.12200000137090683,0.10367944984718633,-0.4688885231964701,0.3713341804265738,-3.264448400877268
0.05791074962892353,-0.45562862648163704,0.25676269878520486,1790750856,465193687,0.12399999797344208,0.10628660812612689,-0.469175984838355,0.370130440641638,-3.227142988382959
0.06526748025506032,-0.4558549907327472,0.2548440787259436,1790750856,515538985,0.12300000339746475,0.10897835647885491,-0.469480074581108,0.3690050056039678,-3.1892188936837544
0.07227647275008481,-0.4560022962430573,0.2522924886338742,1790750856,565512715,0.12300000339746475,0.11168693851264731,-0.46979388348342055,0.36798867761841114,-3.1515921852308133
0.07907075937479795,-0.4560668176228797,0.2490543604969518,1790750856,615367297,0.12399999797344208,0.11442230210950811,-0.47011894310287883,0.36707472184694917,-3.114058204079165
0.08599339469150384,-0.45616015370323443,0.24606459922990226,1790750856,665364249,0.125,0.11718017034788834,-0.470455342891667,0.36626456840720806,-3.076626082210205
0.09368816713684444,-0.4566285956379875,0.24623409754135359,1790750856,715354147,0.12300000339746475,0.11996051440039245,-0.4708035104191615,0.36555650279697327,-3.0392369156177375
0.10078128043001491,-0.45678487828050046,0.2437652875329533,1790750856,765243256,0.12399999797344208,0.12277012430195756,-0.47116500102277303,0.36494986704910354,-3.0017546454580026
0.10804848874948075,-0.4569740957456355,0.24154446533664903,1790750856,815448368,0.125,0.12561815735365206,-0.47154159541241875,0.36444318257404684,-2.964003778947833
0.11555156556458726,-0.45731352449245133,0.24057558547262087,1790750856,865752036,0.125,0.12848903853124935,-0.4719321733436873,0.36404184361224845,-2.9261477968703535
0.1229663083990879,-0.45756618334989546,0.23889796764283766,1790750856,915712525,0.12600000202655792,0.13135114470413395,-0.47233276276599656,0.36374845087449426,-2.8885446519036244
0.13033949162316996,-0.4576132157957692,0.23551063659416488,1790750856,965176233,0.1289999932050705,0.13419260843014474,-0.47274216312933565,0.363562449116902,-2.851301400075848
0.1380587633132334,-0.4585232959481247,0.2393442922045409,1790750857,15742218,0.125,0.1371000835378083,-0.47317349511492657,0.3634791084224788,-2.8132257210953258
0.1457209085733138,-0.4586428743545804,0.2365120879686106,1790750857,65535057,0.12800000607967377,0.1399803833088947,-0.4736139299237334,0.36350388070038686,-2.77549177637467
0.15339653054586494,-0.459150706557116,0.2369444502375878,1790750857,115596269,0.12800000607967377,0.14287398340437704,-0.4740700286036818,0.36363577349108667,-2.7375105305121896
0.1611147241532089,-0.4595728062134851,0.23667007082775163,1790750857,165439915,0.1289999932050705,0.14573914147655154,-0.474535948519264,0.36387342800278266,-2.699782909794533
0.1684529079534117,-0.4603789011868113,0.23963570712667748,1790750857,215629545,0.12700000405311584,0.14860935078518278,-0.47501756618121865,0.36421878685897574,-2.6618097240772136
0.175557733203081,-0.4612118727910618,0.24285143224980998,1790750857,265523552,0.125,0.15144743353035833,-0.4755093890667468,0.36466799302065933,-2.624035673124963
0.18345587303331012,-0.4616264729173934,0.24246190037766513,1790750857,315931091,0.12700000405311584,0.15429329947465434,-0.47601891669762714,0.36522754253767764,-2.5858684411713404
0.1904304834678815,-0.4623960850703495,0.24520372853402395,1790750857,365262798,0.12600000202655792,0.15703626500358767,-0.4765266584777036,0.3658733335678973,-2.5487555201222096
0.19801092823360217,-0.4629867129552079,0.24633670968398247,1790750857,415679920,0.12700000405311584,0.15980746343676716,-0.47705710895961445,0.36663434167766557,-2.5108676313454614
0.20549173101563084,-0.46360360443326687,0.24773226175049745,1790750857,465269027,0.12800000607967377,0.16251459465280907,-0.47759361538011524,0.36748720695175,-2.4734185903237638
0.21226626073533528,-0.4644760016596891,0.25128152461276104,1790750857,515234812,0.12700000405311584,0.16520809143109194,-0.4781464672350657,0.3684465710309529,-2.4356526670282848
0.21994619595804393,-0.4651957326919466,0.25336454655322027,1790750857,566828055,0.12800000607967377,0.16796400216992952,-0.4787334691904044,0.36954794801775726,-2.3964200285713955
0.2267971958016196,-0.4660145621789197,0.2564878370269171,1790750857,615952547,0.12800000607967377,0.17054660685812897,-0.4793045350508488,0.3706948833111563,-2.359023588561274
0.2335293606138559,-0.46686343136317554,0.2598613000706121,1790750857,665233568,0.12800000607967377,0.1730848653680134,-0.4798873825951617,0.37193645898273986,-2.3215992572257718
0.23986874795312957,-0.4678735636359976,0.2644755633883671,1790750857,716384918,0.12700000405311584,0.17566513181167745,-0.48050356419442636,0.3733212329841144,-2.2827707944485085
0.24619228910342883,-0.46876352193686943,0.26825918535445425,1790750857,765311002,0.12700000405311584,0.17806097665679305,-0.4810991539940227,0.37472494264542955,-2.245922839041355
0.2530658763018418,-0.46960434927831274,0.2715354090583946,1790750857,815321222,0.12800000607967377,0.1804497925159761,-0.4817175417393253,0.37624537276960557,-2.2083050653108325
0.2592769863698469,-0.47057493757086327,0.2759043250229657,1790750857,865237999,0.12800000607967377,0.18279151726576842,-0.48235001744837736,0.3778617772577275,-2.170472483630004
0.264096317443163,-0.47175573916284586,0.2820728069995885,1790750857,915359517,0.12600000202655792,0.1850808875826926,-0.48299613326522045,0.379572632102411,-2.132430186108491
0.26926961950004163,-0.47286371083459083,0.2876124631086837,1790750857,965356080,0.125,0.18730011977141453,-0.4836517454480387,0.3813654333198597,-2.094426531480296
0.2749246827353208,-0.47391469326700664,0.29262700341222986,1790750858,15706359,0.125,0.18946324776909698,-0.48432182548445907,0.38325279848472765,-2.0561432312313155
0.2796369814055502,-0.4750630708847135,0.29851232431980124,1790750858,65333337,0.12399999797344208,0.19153796353428965,-0.4849970844804688,0.38520648745326885,-2.018113216536247
0.2819453114089134,-0.4764708791988223,0.30662010356356584,1790750858,115466262,0.11999999731779099,0.19355779801141643,-0.48568923884654835,0.38725922978082045,-1.9796411279578028
0.2891585429117654,-0.4773571583906788,0.310172763108886,1790750858,165768744,0.12300000339746475,0.19549118160377785,-0.48638854874631726,0.38938046633034884,-1.9412729263283477
0.2954603421089548,-0.47834161881512594,0.31462547913542593,1790750858,215540047,0.125,0.1973189638549466,-0.4870878952152551,0.39154603895876733,-1.9033513833109184
0.2992301396347382,-0.47956469885200503,0.32115030633760566,1790750858,265730315,0.12399999797344208,0.19907023073689464,-0.48779848815044324,0.39378774063135147,-1.865259656421057
0.30104397842778785,-0.48091782459051424,0.3288538972641968,1790750858,315652230,0.12099999934434891,0.20072340429740118,-0.4885121746729643,0.39607820904429025,-1.8273974667758892
0.3059040092020678,-0.482030895678141,0.3344290171923557,1790750858,365360467,0.12200000137090683,0.20228866135891488,-0.4892334110960173,0.39842889061019104,-1.789520073364361
0.30798406298797826,-0.48334044034303114,0.34172534564337265,1790750858,415307280,0.11999999731779099,0.2037703178878562,-0.4899654069821023,0.4008489830949692,-1.7514264189249453
0.30887604632559723,-0.4847059953622517,0.34951122219809916,1790750858,465259871,0.11699999868869781,0.20516308632847471,-0.4907066587060872,0.4033314197193319,-1.7131902192417248
0.3139523180016093,-0.4858318314970154,0.35512443018485385,1790750858,515433038,0.11900000274181366,0.2064646685985707,-0.49145760180161163,0.405876342334457,-1.674759025090782
0.31512544689681476,-0.48714360479151575,0.36247045622736807,1790750858,565226137,0.11699999868869781,0.20765015316611224,-0.4922041304657412,0.4084318749451906,-1.6368504120815217
0.3178676816640756,-0.4883778581553837,0.36909619890919737,1790750858,615280747,0.11699999868869781,0.20874037251612274,-0.492958741329868,0.41103956072753683,-1.598785352577966
0.31921768413325574,-0.4895554223524087,0.3755930416030282,1790750858,665735897,0.11599999666213989,0.20965179706569734,-0.4936548542235995,0.41346797097654614,-1.5638301645236667
0.32217984181654075,-0.49063543532770604,0.3813207198492242,1790750858,715558264,0.11699999868869781,0.21045241243116242,-0.4943329723495343,0.4158505538491553,-1.5299362288715923
0.32516326615924807,-0.49121869302420473,0.38426251786784515,1790750858,765463883,0.11900000274181366,0.21087365224466045,-0.49472285202889954,0.417226220230838,-1.5105264801066698
0.3250691343848956,-0.49180570120772615,0.3875861475018423,1790750858,815404742,0.11800000071525574,0.21121505147188657,-0.4950599332168639,0.4184188889769158,-1.4937847796090218
0.32430386261202215,-0.49196710099649066,0.3885780368652081,1790750858,865364185,0.11699999868869781,0.21129408698175992,-0.49514107656781,0.4187063654651446,-1.4897605650587655
0.3234200849384032,-0.4920500035085423,0.38913948768480516,1790750858,915380656,0.11599999666213989,0.21132677496433155,-0.49517501357414345,0.41882657910116067,-1.4880788605872002
0.32536550368063943,-0.4920047995009029,0.38867509504208586,1790750858,965326274,0.11800000071525574,0.21133180623285788,-0.4951802567470742,0.4188451544796461,-1.4878190755844116
0.32536550368063943,-0.4920047995009029,0.38867509504208586,1790750859,16450531,0.11800000071525574,0.21133180623285788,-0.4951802567470742,0.4188451544796461,-1.4878190755844116
0.32536550368063943,-0.4920047995009029,0.38867509504208586,1790750859,65241604,0.11800000071525574,0.21133180623285788,-0.4951802567470742,0.4188451544796461,-1.4878190755844116
0.3243991144615508,-0.4920317102099044,0.38893077402849313,1790750859,115640716,0.11699999868869781,0.21133180623285788,-0.4951802567470742,0.4188451544796461,-1.4878190755844116
0.326331892899728,-0.49197788879190146,0.3884194160556786,1790750859,165131035,0.11900000274181366,0.21133180623285788,-0.4951802567470742,0.4188451544796461,-1.4878190755844116
0.32536550368063943,-0.4920047995009029,0.38867509504208586,1790750859,216033540,0.11800000071525574,0.21133180623285788,-0.4951802567470742,0.4188451544796461,-1.4878190755844116
0.3243991144615508,-0.4920317102099044,0.38893077402849313,1790750859,267717107,0.11699999868869781,0.21133180623285788,-0.4951802567470742,0.4188451544796461,-1.4878190755844116
0.3243991144615508,-0.4920317102099044,0.38893077402849313,1790750859,319491915,0.11699999868869781,0.21133180623285788,-0.4951802567470742,0.4188451544796461,-1.4878190755844116
0.3221623577597431,-0.492017991465969,0.38831186923465455,1790750859,365473883,0.11500000208616257,0.21120978370280985,-0.49519250630743084,0.41838593190466095,-1.4937868101393765
0.32371928916705395,-0.4918814429820515,0.38643923099058547,1790750859,415298898,0.11699999868869781,0.21106169878604975,-0.4952071228092421,0.41784316189721205,-1.50085253671542
0.3262913950814391,-0.49150035447834955,0.3809919064911263,1790750859,465209368,0.12099999934434891,0.21056336970896797,-0.49525500791781685,0.4161191973384234,-1.5233867780067085
0.32281642484140977,-0.49126820517289815,0.37668238788536396,1790750859,515554489,0.11900000274181366,0.2099483499247473,-0.49531120229992953,0.4141717529291886,-1.5490267430203613
0.31748376860482413,-0.49095835301244795,0.3706300127126975,1790750859,565959334,0.11599999666213989,0.20895318545617386,-0.49539615405369564,0.4113414075420162,-1.5866882933772035
0.31831817750498365,-0.49037429697167495,0.3619593525684858,1790750859,615183354,0.11999999731779099,0.2078124545569216,-0.49548861267860417,0.4084601947850076,-1.625575788503832
0.3123124931971276,-0.4900862410868145,0.3558769900225669,1790750859,665168472,0.11699999868869781,0.2065200430125851,-0.4955899932578,0.40554253028084614,-1.6656083166813205
0.30876125707586866,-0.4896843073512032,0.3487414477072752,1790750859,715219656,0.11699999868869781,0.2051041272347647,-0.495698235333842,0.40266761757385705,-1.7057972384936542
0.30487380508270084,-0.48929555363282784,0.3416744726510936,1790750859,765755890,0.11699999868869781,0.2035545080080527,-0.495815399130822,0.3998199053877821,-1.7464573102903906
0.3024441825080848,-0.4888107720746814,0.3338017381671632,1790750859,815589332,0.11900000274181366,0.2019119938692,-0.4959386040006899,0.39707474751603106,-1.7865666445297872
0.29966376892706853,-0.4883312576686951,0.3259867650711026,1790750859,865215818,0.12099999934434891,0.2001660999779124,-0.49607010325590695,0.39440696664924657,-1.826548976838228
0.2955696482456548,-0.48791484978366745,0.3186235123000867,1790750859,916354714,0.12200000137090683,0.19825498924407692,-0.49621465094985057,0.3917328193581467,-1.86775767826293
0.28905128212711423,-0.4877443788356941,0.3135708857127794,1790750859,965432557,0.11999999731779099,0.1963225412666377,-0.49636280863470383,0.38924850884207685,-1.9072261989141934
0.28601249549463836,-0.48722894234168396,0.30541733453068576,1790750860,15506528,0.12300000339746475,0.19425069940828957,-0.49652357607983577,0.3867953622682593,-1.9474828233535786
0.2804659465617847,-0.48695842668368555,0.2994439550636705,1790750860,65288728,0.12300000339746475,0.19210611668855673,-0.4966932737652731,0.3844543900281421,-1.9872948290866888
0.2746237907674323,-0.4867120750160024,0.2936438765161018,1790750860,115602423,0.12300000339746475,0.18984674571610613,-0.4968752501172601,0.3821795379187418,-2.027492565823197
0.26920698840108753,-0.4864086768683498,0.2873381971988948,1790750860,165385179,0.12399999797344208,0.1874975756926281,-0.49706903494707416,0.379998480696657,-2.0676930964373943
0.2641084983141865,-0.4860382558990265,0.2804391725704519,1790750860,215247880,0.12600000202655792,0.1850527462513909,-0.49727514716554255,0.37790670999262593,-2.1080374896119816
0.25920336344343,-0.4855937149542329,0.2728638922611628,1790750860,265600436,0.1289999932050705,0.1825047045933529,-0.4974959287125027,0.37590102772775164,-2.1487131002180027
0.2495046573936162,-0.4859274110730775,0.27207656139786596,1790750860,315208404,0.12399999797344208,0.17991660516466015,-0.4977257939729288,0.374029004455118,-2.1887750824339416
0.2440594060438468,-0.48553818220994716,0.2649709872306371,1790750860,365539173,0.12700000405311584,0.17721427296288736,-0.4979730012780722,0.37223749872245016,-2.2294567958095715
0.2368171812913202,-0.485469630354431,0.2606705129285987,1790750860,415364846,0.12700000405311584,0.17446843112779664,-0.4982310349064982,0.3705740203175644,-2.2697374102402623
0.2294203109114738,-0.48543714702126856,0.2566773907885914,1790750860,465057907,0.12700000405311584,0.17166454098107153,-0.4985027909630909,0.36902756220645533,-2.309931398255987
0.2220993170834034,-0.48533562870397495,0.2520003796738973,1790750860,515941726,0.12800000607967377,0.16873082128791053,-0.49879538631243237,0.3675626578534337,-2.351092916065881
0.2136673487961237,-0.48558898529175065,0.25047910346754465,1790750860,565185061,0.12600000202655792,0.16583655348815068,-0.4990935152099071,0.36626270853574505,-2.390939470646457
0.20575086748301546,-0.48567066288874294,0.24739142174369727,1790750860,615625025,0.12600000202655792,0.16282043763968423,-0.499413521893526,0.36505242858340636,-2.431756649822688
0.19812253098606145,-0.48567967957244623,0.2437218283205484,1790750860,665682163,0.12700000405311584,0.1597996679780084,-0.4997448565681092,0.36398208774334406,-2.47202959734228
0.18932656559897415,-0.48617147796734284,0.24420629191916932,1790750860,715382603,0.12399999797344208,0.15676352405145652,-0.5000881889040347,0.3630421997050437,-2.511974469812808
0.18150090115037543,-0.486258513114139,0.2411877486625402,1790750860,765247869,0.125,0.15366731887414137,-0.5004504076055666,0.3622203138192628,-2.552261463564709
0.1736713790680514,-0.4862684705124787,0.2375003952582671,1790750860,815237700,0.12700000405311584,0.1505301113717092,-0.5008292452264503,0.36152243603581047,-2.592688708617791
0.16498735441835924,-0.48678041133264616,0.2380481340486833,1790750860,865256041,0.125,0.14734538619173837,-0.5012275356985452,0.3609507034060696,-2.633417204117341
0.1566844790346867,-0.4869887555665564,0.23599513063243796,1790750860,915403216,0.12600000202655792,0.14412834916037393,-0.5016433624413196,0.3605085299540296,-2.6743042854261714
0.14809475518007495,-0.4877030642203894,0.2382557144617608,1790750860,965343946,0.12300000339746475,0.14092301191709103,-0.5020728447479766,0.3602027371475778,-2.7148755315202067
0.1397725518194824,-0.4877604918970139,0.23491231005109986,1790750861,15680678,0.12600000202655792,0.1376857406804621,-0.5025215529795365,0.36002728439742143,-2.7557404326109944
0.13134566936312306,-0.488325942808485,0.23588844912038326,1790750861,65519323,0.125,0.13446626142744644,-0.5029845189604698,0.3599867490699174,-2.7963548262089346
0.12300687531333133,-0.48905389652764936,0.23820314681795995,1790750861,115739091,0.12300000339746475,0.1312224250712098,-0.503467575412239,0.36007911425602424,-2.837307804258803
0.11488127727238091,-0.4896982551481379,0.2398554782269912,1790750861,165475651,0.12200000137090683,0.12803922926022887,-0.5039598767572852,0.3603024573633077,-2.877610696587154
0.10637770219338902,-0.49003585580443737,0.2388935556590759,1790750861,215567613,0.12399999797344208,0.12485030496225734,-0.5044710365604969,0.3606572119810554,-2.9181571123640793
0.09874527153632554,-0.4909937259633669,0.24316601492350426,1790750861,265235257,0.12099999934434891,0.1216952210074079,-0.5049967880123937,0.36114149506178683,-2.9585276083768215
0.09011752210349094,-0.4914245457894866,0.2429233882295146,1790750861,315800296,0.12300000339746475,0.11850563543436998,-0.5055485411098463,0.3617662618630647,-2.999658290429892
0.08210270772546176,-0.49211572793935526,0.2449333953172868,1790750861,365309818,0.12300000339746475,0.11540697490718207,-0.5061066677759504,0.3625092441373302,-3.0400170574254752
0.07496798115735896,-0.49319700531214955,0.2501461456429783,1790750861,415710634,0.11999999731779099,0.11228724352374618,-0.50669086555416,0.3633944910987407,-3.0811181113012465
0.06722628852035342,-0.49396802580074023,0.2527866654899234,1790750861,465225684,0.11999999731779099,0.10924869447944974,-0.5072842976249049,0.3643966724713035,-3.1217042562940707
0.05869340952293029,-0.49457273119656614,0.25396758823599314,1790750861,515552462,0.12200000137090683,0.10620468471492216,-0.5079035938061627,0.3655425279232551,-3.162992588794517
0.05194155426751201,-0.49564464666764335,0.259090587029971,1790750861,565581552,0.11999999731779099,0.10324887160052307,-0.5085320670364094,0.3668007209106708,-3.2038079928939456
0.04603594042359154,-0.49684065731435234,0.2652867083910452,1790750861,615078463,0.11699999868869781,0.10038335081499612,-0.5091678727936384,0.36816235388321594,-3.244147955306082
0.037830588964753074,-0.4975673742700223,0.2674604054739098,1790750861,665544252,0.11900000274181366,0.097512827786703,-0.5098349244862075,0.36967849699123745,-3.2854610304978307
0.03133064985235727,-0.4986328594968749,0.272490817354854,1790750861,715508407,0.11800000071525574,0.09473600329651163,-0.5105104284224119,0.3712971161411224,-3.3263991547028486
0.025102961681216243,-0.4997270077496858,0.27775382372285873,1790750861,765489256,0.11699999868869781,0.09203973630439957,-0.5111992986732888,0.3730263509128344,-3.3672303053874035
0.017949578132554544,-0.5006548572311996,0.2816472336486482,1790750861,815313133,0.11800000071525574,0.08942949949472331,-0.5118992453169274,0.3748576662591455,-3.4079115610651427
0.012119554605179605,-0.5018231017949911,0.28746413727712217,1790750861,865670810,0.11699999868869781,0.08686443170924563,-0.5126241528986283,0.37682598783377735,-3.449195018557007
0.00798023707606263,-0.5031842107257675,0.2949081039605365,1790750861,915463806,0.11400000005960464,0.08441236044055535,-0.5133544636841972,0.37887652949267553,-3.490045706275712
0.0006943440380989541,-0.50413847861972,0.2989442842926071,1790750861,965673842,0.11599999666213989,0.08203058958218153,-0.5141051844160244,0.38104835947757637,-3.5312702428472997
-0.002764267627885092,-0.5055370584501435,0.3066732727270515,1790750862,15387949,0.11299999803304672,0.07976647056061435,-0.5148607038251914,0.38329406916281217,-3.5720930245627187
-0.009669311420257634,-0.5065650284897348,0.31129212422849284,1790750862,65436262,0.11500000208616257,0.07757388835292153,-0.5156391741555412,0.3856647297603032,-3.613457705142688
-0.013274712126834134,-0.5079342212348575,0.31870932316271383,1790750862,115358518,0.11299999803304672,0.0754885298240464,-0.516428018084568,0.38812071883312127,-3.654767761042335
-0.01652620411328827,-0.5093206684372311,0.3262319096284765,1790750862,165744676,0.11100000143051147,0.07350510871715668,-0.5172320962235355,0.3906739171855211,-3.6962451459787613
-0.02102901474653507,-0.5105684209946002,0.332655399185565,1790750862,215667868,0.11100000143051147,0.07165252407059408,-0.5180383089196388,0.3932799276740399,-3.7373024899288905
-0.02351821645948421,-0.511960436828884,0.340251829073698,1790750862,265484152,0.10899999737739563,0.0699235376591552,-0.5188511800535827,0.3959488278556365,-3.778155297423165
-0.029166248272369646,-0.5131248151285693,0.34599306597407187,1790750862,315482270,0.11100000143051147,0.06830502702520819,-0.5196756876047092,0.3986944594968118,-3.819137089075832
-0.031024267489080326,-0.5145508745627323,0.3538142036511734,1790750862,365355007,0.10899999737739563,0.06680232368806759,-0.520512719502959,0.4015155022901006,-3.860253647240485
-0.032528345452059404,-0.5159848714407734,0.36166516348867134,1790750862,415436144,0.10700000077486038,0.0654150945893464,-0.5213622402772309,0.40441053309840064,-3.901585765328762
-0.0345152611000176,-0.5173340413669619,0.36893441050714737,1790750862,465371715,0.10599999874830246,0.06418734043134505,-0.522194521409762,0.4072772314692873,-3.941772413746582
-0.036195087194034914,-0.5186946966541665,0.37627028154610476,1790750862,515775522,0.10499999672174454,0.06307576262232367,-0.5230368774568688,0.41020320293788864,-3.9821449560835536
-0.037761346953980555,-0.5195724223747791,0.3809394893175398,1790750862,565333516,0.10499999672174454,0.06240831195503343,-0.5235979479322262,0.4121618193011349,-4.008855647117154
-0.03812566987817953,-0.5204198228109305,0.38554087700220824,1790750862,615295338,0.10400000214576721,0.06184293157452399,-0.5241160385440583,0.413977071528978,-4.033413636848579
-0.040497059498962054,-0.5206406081379814,0.386555229375435,1790750862,665346827,0.10599999874830246,0.06165236173562591,-0.5243014554843423,0.4146282354984969,-4.042180414630433
-0.04078325833832227,-0.5208319633313515,0.38757933287423274,1790750862,715926208,0.10599999874830246,0.06153082555313074,-0.5244229667300331,0.4150553709198371,-4.0479195068136296
-0.04082325073000489,-0.5208590493712624,0.38772432698557935,1790750862,765527963,0.10599999874830246,0.061513839960570936,-0.5244401630140998,0.41511584444456767,-4.048731327056885
-0.039857804510277865,-0.5208928335310968,0.3879827380543806,1790750862,815531386,0.10499999672174454,0.061513839960570936,-0.5244401630140998,0.41511584444456767,-4.048731327056885
-0.039857804510277865,-0.5208928335310968,0.3879827380543806,1790750862,865529421,0.10499999672174454,0.061513839960570936,-0.5244401630140998,0.41511584444456767,-4.048731327056885
-0.038892365483671136,-0.5209266174392203,0.38824114719787334,1790750862,915486205,0.10400000214576721,0.061513839960570936,-0.5244401630140998,0.41511584444456767,-4.048731327056885
-0.038892365483671136,-0.5209266174392203,0.38824114719787334,1790750862,965302646,0.10400000214576721,0.061513839960570936,-0.5244401630140998,0.41511584444456767,-4.048731327056885
-0.039857804510277865,-0.5208928335310968,0.3879827380543806,1790750863,16590478,0.10499999672174454,0.061513839960570936,-0.5244401630140998,0.41511584444456767,-4.048731327056885
-0.04082325073000489,-0.5208590493712624,0.38772432698557935,1790750863,67065488,0.10599999874830246,0.061513839960570936,-0.5244401630140998,0.41511584444456767,-4.048731327056885
-0.04082325073000489,-0.5208590493712624,0.38772432698557935,1790750863,117955233,0.10599999874830246,0.061513839960570936,-0.5244401630140998,0.41511584444456767,-4.048731327056885
-0.03952135030077928,-0.5208260568625925,0.3867571278836999,1790750863,165346989,0.10499999672174454,0.06165721902588752,-0.5244553672681305,0.414591001608992,-4.04160845134905
-0.038150918617818066,-0.5207829418862596,0.38558294099078083,1790750863,215305773,0.10400000214576721,0.061831500165668074,-0.5244735367719916,0.4139712465040128,-4.033180869381759
-0.03865585806159536,-0.5204573742830717,0.3803354745756858,1790750863,265453670,0.10599999874830246,0.06243193423904595,-0.5245343960500722,0.411968303660893,-4.005813122119082
-0.03497235561503158,-0.5202531172035066,0.3756005122119682,1790750863,316589861,0.10400000214576721,0.06319187433946659,-0.5246076531244913,0.4096713563557937,-3.974156391283884
-0.03500314504929035,-0.5197318027653279,0.3671422900240146,1790750863,365319562,0.10700000077486038,0.06436988168537909,-0.5247142560095203,0.40650187441054264,-3.929928057606821
-0.029801333979054087,-0.5194259487024904,0.36003655408393126,1790750863,415367578,0.10499999672174454,0.06579082738947589,-0.524837060428682,0.40313942946766823,-3.8821978834311204
-0.025164563951905056,-0.519100687040614,0.3527277688426804,1790750863,465629513,0.10400000214576721,0.06738189255334205,-0.5249708988011081,0.39980955352135356,-3.833956641324028
-0.024546908453822347,-0.5185017226345668,0.34320943777610596,1790750863,515858623,0.1080000028014183,0.06912604849235869,-0.5251149160717945,0.39655401027066334,-3.785689363330711
-0.02169099540615417,-0.5180231006168294,0.3346305277738631,1790750863,565645906,0.10999999940395355,0.07102282392758613,-0.5252709746479232,0.39338098220146517,-3.7373656836259648
-0.015105282419500321,-0.517834935781906,0.328393394011559,1790750863,615441921,0.1080000028014183,0.0730686133903448,-0.5254391922221525,0.39029282847433827,-3.6889459113668615
-0.01216513520163158,-0.5173184061747529,0.3194133868514904,1790750863,665506243,0.11100000143051147,0.07528369654375024,-0.5256233807386139,0.3872715443672605,-3.6399593501883767
-0.005705815582587814,-0.5171259572835499,0.3130959585143443,1790750863,715276600,0.10999999940395355,0.07762652392215884,-0.5258203700928444,0.3843709769109536,-3.5912029512091483
0.00027234374318420296,-0.5168948134699668,0.3064633088079601,1790750863,765160902,0.10999999940395355,0.0800968002041145,-0.526032246088044,0.3815936179031377,-3.5425799607562944
0.006638101594645424,-0.5166968666175581,0.3000409533412107,1790750863,815719005,0.10999999940395355,0.08272659553382951,-0.5262620600738829,0.37890189445326955,-3.4933466439125045
0.01129125722072244,-0.5162676444994495,0.2917241794240795,1790750863,865828911,0.11299999803304672,0.08546313337183556,-0.526507411908716,0.37635679433757857,-3.4444353601292934
0.017617573391481706,-0.5160459063299648,0.2851573607158712,1790750863,915446832,0.11400000005960464,0.08828764359166409,-0.5267666990983115,0.3739650506639231,-3.395984110305286
0.023138409827852743,-0.5156650809678031,0.2772416068946308,1790750863,965438079,0.11699999868869781,0.0912277524675437,-0.5270445349941884,0.37170508734136976,-3.347420120676563
0.029773269552112264,-0.5154081831038168,0.2702921787466712,1790750864,16020211,0.11900000274181366,0.09430212946895457,-0.5273430675932438,0.3695624432905326,-3.298327656693815
0.038219976854357136,-0.5154961686472778,0.26625420650055565,1790750864,65603020,0.11800000071525574,0.09743487285275136,-0.5276571456418111,0.36759376886016987,-3.2498357733288112
0.04686591897398917,-0.5156352668508009,0.2626072541963472,1790750864,115492998,0.11699999868869781,0.10067849353482601,-0.5279921271996274,0.365760123834614,-3.2009796472977867
0.055281968795885636,-0.5157210125575521,0.258463276206912,1790750864,165548560,0.11699999868869781,0.1040311929405202,-0.5283503222804704,0.364071104393908,-3.1517338246148556
0.06349672081819388,-0.5157452037300982,0.25380973508847077,1790750864,215469992,0.11800000071525574,0.10745138533830473,-0.5287276022301797,0.3625454006490859,-3.102577469920705
0.072604918865473,-0.516040399997883,0.2514215640542287,1790750864,265371016,0.11699999868869781,0.11093147935999241,-0.5291253350014499,0.3611888584991938,-3.0535281370844802
0.08065781070545608,-0.5159359464207985,0.24566670731011891,1790750864,315382486,0.11999999731779099,0.11447564369853279,-0.5295441949539834,0.3599959209861575,-3.004386224980536
0.09082564193503306,-0.5166816176774844,0.2470072516740866,1790750864,365438216,0.11599999666213989,0.11809580881573485,-0.5299880396522101,0.3589683000710433,-2.9549079121762367
0.09965343178862525,-0.5167964642515274,0.24301030965536807,1790750864,415742650,0.11800000071525574,0.1217802253909308,-0.5304560215827692,0.3581094915255962,-2.9051242479869486
0.10897599658642568,-0.5171934421792559,0.24140594273555246,1790750864,465653526,0.11800000071525574,0.125475094920208,-0.5309435441066819,0.35743488145326174,-2.8556713189239247
0.1182504467995299,-0.5174132675703249,0.2382644236566297,1790750864,515934053,0.11999999731779099,0.12922259519561055,-0.5314565012276014,0.35693370740053443,-2.805841636348946
0.1277432711735034,-0.518146847021939,0.23954834429360616,1790750864,565631706,0.11800000071525574,0.13291249327408927,-0.5319817662516647,0.3566204345695645,-2.7570081382189358
0.137102757908414,-0.5184656554542916,0.23730873230056632,1790750864,615522202,0.11999999731779099,0.13661806543247423,-0.5325294596652494,0.35648076694204356,-2.7080558442976073
0.1465706000836072,-0.5193162546333956,0.23949299383125788,1790750864,665713757,0.11800000071525574,0.14037377484825944,-0.533107427006669,0.35652035426621587,-2.6584440912308764
0.15613949702131252,-0.5198712207106867,0.23915910524932363,1790750864,715929857,0.11900000274181366,0.14412554311737927,-0.5337081768842359,0.3567397337899004,-2.6087426654255403
0.16565060105562937,-0.520475002041328,0.23927904692699753,1790750864,765260822,0.11999999731779099,0.1478174216841434,-0.5343246503552154,0.35713558815978563,-2.55960728601862
0.1757499664782041,-0.5209192801106903,0.23794381367886253,1790750864,815425636,0.12300000339746475,0.15154729596740807,-0.534973793281889,0.3577173593199714,-2.5095872344910988
0.18548912874559897,-0.5216476971252324,0.23904388157035877,1790750864,865322021,0.12399999797344208,0.1552166594998455,-0.5356410915205335,0.3584748742668783,-2.4599069555347177
0.19460058825258342,-0.5226529570277484,0.24251739447579088,1790750864,915107961,0.12300000339746475,0.1588313443144137,-0.5363276740394586,0.35940436611299986,-2.4103505134653105
0.20352868300724664,-0.5237136970260239,0.24642694156276257,1790750864,965151301,0.12200000137090683,0.16241182674802587,-0.537039695457693,0.36051384804926084,-2.360545924370629
0.2126925992319011,-0.5247270681376249,0.24986940179948935,1790750865,15783016,0.12200000137090683,0.1659701418777978,-0.5377809036616992,0.3618096076747944,-2.3101573275336387
0.22243392200765755,-0.5255736975132855,0.25191810341948395,1790750865,65515456,0.12399999797344208,0.16942143125285297,-0.5385358206877244,0.36326287736148843,-2.2602964648240724
0.23130833963456474,-0.5266981855074874,0.25628489844648683,1790750865,115780872,0.12399999797344208,0.1728330479769071,-0.5393198584228167,0.3649004274273096,-2.209833755792916
0.23980054340892543,-0.5278531168810918,0.2609929325880723,1790750865,165484005,0.12399999797344208,0.17609853017072727,-0.5401102435871282,0.3666708198290947,-2.1602695496595583
0.24749641258931704,-0.5291509465515575,0.26693061366607995,1790750865,215259454,0.12300000339746475,0.17927026140371846,-0.5409192387135557,0.3685952605683637,-2.1106922558587806
0.2561639095194637,-0.5303246097003906,0.27169715487925244,1790750865,265500231,0.12399999797344208,0.18238979187884105,-0.5417604501349462,0.370705238475071,-2.0603317143265016
0.2626758271693315,-0.5318089349075193,0.2791818117204905,1790750865,315404737,0.12200000137090683,0.18538012355822103,-0.5426146278637755,0.3729507380100655,-2.010249331036715
0.2694810500659942,-0.5332519955745713,0.28624234585770664,1790750865,365497716,0.12099999934434891,0.18828364421180788,-0.5434961265615978,0.37536607392270416,-1.9596383591442026
0.2780608011476051,-0.5344977396232934,0.2915384346335587,1790750865,415915744,0.12300000339746475,0.19107956064478684,-0.5444011207508758,0.37793975220805565,-1.9086369054278545
0.28404081750010524,-0.5359946155253434,0.29914628409603883,1790750865,465282523,0.12200000137090683,0.19367657120836576,-0.5453003245643115,0.38058157807788173,-1.8588948233160378
0.28820408338783743,-0.5376973579635298,0.3084303679973157,1790750865,515854275,0.11900000274181366,0.19619332563101854,-0.5462357923879688,0.3834111405136562,-1.8079729741608395
0.29403855059378053,-0.5391618996564559,0.3157863816082305,1790750865,565092887,0.11900000274181366,0.19849370484440923,-0.5471577628728238,0.3862721906388832,-1.758586634367229
0.29795074316820547,-0.5408134842276061,0.32467723912854407,1790750865,615381941,0.11699999868869781,0.2006907928385203,-0.5481117506847,0.3893010510073223,-1.7081805145941802
0.30566896390058396,-0.5421954054871336,0.3311425795023071,1790750865,665390790,0.11999999731779099,0.20274009751170669,-0.5490826243700323,0.3924468537107955,-1.6575871117380159
0.3087119365953605,-0.5438964534503903,0.34044322259138277,1790750865,715293028,0.11800000071525574,0.2046248323448599,-0.5500644692292027,0.3956865975688232,-1.60701504375043
0.3103285646187664,-0.5456474785000305,0.3502023287181507,1790750865,765190728,0.11500000208616257,0.20633956603706302,-0.5510560910190372,0.3990084304310629,-1.5565376758337242
0.316939498358725,-0.5471394413196959,0.3576165909170822,1790750865,815111104,0.11800000071525574,0.20788237682017566,-0.5520572990860507,0.402408990780411,-1.5060544516760799
0.31905818494917576,-0.548625594160434,0.36573166290067627,1790750865,865331075,0.11699999868869781,0.20909163901086741,-0.5529418977078012,0.4054522871560955,-1.461735884909609
0.3207283128110457,-0.55007248586376,0.37365565227772835,1790750865,915465786,0.11599999666213989,0.21013298914006964,-0.5538054842444373,0.40845131768045306,-1.418729782324776
0.322949872960735,-0.5508017738484884,0.3774752916442712,1790750865,965334208,0.11699999868869781,0.21063578087455073,-0.5542694095865237,0.41007160914180013,-1.3957320571510021
0.3210540095729779,-0.5515312325555078,0.3817650479668975,1790750866,15807782,0.11400000005960464,0.21103169655263407,-0.5546631686160935,0.41145143588721766,-1.3762641259361077
0.324134778860951,-0.5515742806585457,0.38166466138848304,1790750866,66197560,0.11699999868869781,0.21110510719263384,-0.5547394965396979,0.41171918557592313,-1.3724980644133746
0.32322175530482716,-0.5516376895100444,0.3821182128140613,1790750866,115882434,0.11599999666213989,0.21112620243892946,-0.5547617030182315,0.41179693908231374,-1.371405149887322
0.3222630239159742,-0.5516698546992045,0.3824023271092587,1790750866,165329612,0.11500000208616257,0.21112924233378222,-0.5547649107821356,0.4118081717477408,-1.3712472915649414
0.3232293993661831,-0.5516429413145164,0.38214662550397976,1790750866,215397702,0.11599999666213989,0.21112924233378222,-0.5547649107821356,0.4118081717477408,-1.3712472915649414
0.3232293993661831,-0.5516429413145164,0.38214662550397976,1790750866,265275643,0.11599999666213989,0.21112924233378222,-0.5547649107821356,0.4118081717477408,-1.3712472915649414
0.3222630239159742,-0.5516698546992045,0.3824023271092587,1790750866,315670874,0.11500000208616257,0.21112924233378222,-0.5547649107821356,0.4118081717477408,-1.3712472915649414
0.32033025861536196,-0.5517236818696235,0.3829137341300881,1790750866,365478777,0.11299999803304672,0.21112924233378222,-0.5547649107821356,0.4118081717477408,-1.3712472915649414
0.3241957820164893,-0.5516160277293068,0.38189092199356506,1790750866,415571182,0.11699999868869781,0.21112924233378222,-0.5547649107821356,0.4118081717477408,-1.3712472915649414
0.3222630239159742,-0.5516698546992045,0.3824023271092587,1790750866,465695272,0.11500000208616257,0.21112924233378222,-0.5547649107821356,0.4118081717477408,-1.3712472915649414
0.32516216466679543,-0.5515891141440974,0.38163521848315035,1790750866,516595137,0.11800000071525574,0.21112924233378222,-0.5547649107821356,0.4118081717477408,-1.3712472915649414
0.3238535007163903,-0.5515404302095879,0.3806199113431521,1790750866,565529561,0.11699999868869781,0.21099335425405433,-0.5547797202075244,0.4112971673150384,-1.377876957077152
0.32054558838562597,-0.5515362124504575,0.3799132050660675,1790750866,615453206,0.11400000005960464,0.21082634490459107,-0.5547975660250895,0.41068740199142173,-1.3858031665543984
0.3199194097587196,-0.5511962280155973,0.37430184867976446,1790750866,665126496,0.11500000208616257,0.2101885364544921,-0.5548636706552943,0.40851713456478234,-1.414155068631064
0.3188437959930078,-0.550808995064285,0.36788604263055225,1790750866,715539959,0.11599999666213989,0.20937716988603786,-0.554942528180321,0.4060432293501199,-1.446777847881827
0.3145372801026529,-0.5503357978869483,0.3593284940719265,1790750866,765405187,0.11500000208616257,0.2080248110492992,-0.5550627900461008,0.4024301177200337,-1.4951086911646492
0.3122540767637757,-0.549717701444448,0.34914228312102624,1790750866,815919262,0.11699999868869781,0.20637743029528102,-0.5552005242464843,0.3986304037143783,-1.5469670437385172
0.3084353520555342,-0.5491492011010398,0.33933655350769665,1790750866,865489190,0.11800000071525574,0.20450455460230504,-0.555351997903611,0.3948695601016334,-1.5995557280028143
0.3031420848275434,-0.548651395400318,0.33010106136151474,1790750866,915417168,0.11800000071525574,0.20240466336399113,-0.5555178898591397,0.39116515342487024,-1.652827791026177
0.2957013738171522,-0.5483158505060223,0.32228302906131995,1790750866,965266303,0.11599999666213989,0.20010758059142975,-0.5556989542689786,0.38757710001083034,-1.7061536069843777
0.29090231847088344,-0.5477520868011753,0.3123112146728657,1790750867,16433216,0.11800000071525574,0.1975499973801596,-0.5559006555010758,0.3840255447883856,-1.7609169460916407
0.28272865762788957,-0.5475216903582018,0.30544942393896624,1790750867,65372704,0.11599999666213989,0.19490929696866077,-0.5561120277367847,0.38074859540016415,-1.8136123759112839
0.27841768377913817,-0.5468718011487494,0.2947958151815607,1790750867,115440239,0.11999999731779099,0.1920276337010233,-0.5563461166628173,0.37754239184374383,-1.8675740904286258
0.27073963269669704,-0.5465705114056912,0.2872393395808537,1790750867,165170937,0.11999999731779099,0.18901394397429566,-0.5565973346273807,0.3745340930039546,-1.9209147237602813
0.26318073359777006,-0.5462271553156177,0.2792440946267358,1790750867,215667761,0.12099999934434891,0.18579509752264878,-0.5568722498695006,0.37165158962860356,-1.9750290092599652
0.2541442456978342,-0.5461182715013845,0.27337711829233036,1790750867,265206227,0.11999999731779099,0.1824993098966705,-0.5571629954669862,0.36900669845893275,-2.027994460652505
0.24643266248878848,-0.5457820523666082,0.26550078179221687,1790750867,315173631,0.12200000137090683,0.1790379894034577,-0.5574776262628041,0.36652143277735594,-2.081396052846822
0.23711372674197562,-0.5456879961363728,0.2596599359121154,1790750867,365196933,0.12200000137090683,0.17541701693253647,-0.5578191176176325,0.36420826074230117,-2.135291194341399
0.22785038308521044,-0.5455513728312782,0.25340316829877607,1790750867,415625980,0.12300000339746475,0.1716391532349208,-0.5581879656881255,0.3620752208029251,-2.18970869530405
0.21747735788020892,-0.5456849079469963,0.2494973475030003,1790750867,465405289,0.12200000137090683,0.16778625071138656,-0.5585796090420234,0.36017038345353247,-2.2436719400217897
0.20648973567582307,-0.54599789088892,0.2470695542581522,1790750867,515685816,0.11999999731779099,0.16379252808727016,-0.559001134151827,0.3584601440090622,-2.2982249107273414
0.19708483478016386,-0.5458343888058979,0.24058281850742944,1790750867,565398968,0.12300000339746475,0.1597438188243738,-0.5594470667700889,0.35698446953441876,-2.3523923254621897
0.18563101505152357,-0.5464028651682578,0.24033331591877719,1790750867,615276130,0.11999999731779099,0.15560489804150396,-0.5599214954438771,0.35572689584869166,-2.4067796199682037
0.17465196451563672,-0.5468269965844333,0.2387877698766709,1790750867,665644731,0.11900000274181366,0.15137259722063967,-0.5604287158790828,0.3546931836550007,-2.4616186998181453
0.16449929524739557,-0.5467414364238732,0.23296600133061507,1790750867,715411837,0.12300000339746475,0.1471439807669581,-0.5609572639166154,0.35390277879619025,-2.5157871050048612
0.153159578820119,-0.547538083077113,0.23460765718027088,1790750867,765433408,0.11999999731779099,0.14285950418423607,-0.5615179793437334,0.3533446367575686,-2.570259382508426
0.14222940796049482,-0.5480570526797982,0.23390402719716732,1790750867,815270321,0.11999999731779099,0.13856865037239763,-0.5621046809444241,0.3530227173775497,-2.6245352428787316
0.13127574012621954,-0.5488867520196742,0.2357907562165689,1790750867,865431772,0.11800000071525574,0.13424977114175032,-0.562724080773701,0.35293888313830846,-2.67909353243596
0.12052477979213358,-0.5497897826478082,0.23827495479542563,1790750867,915765855,0.11599999666213989,0.129921851338353,-0.5633740142733835,0.353092910373438,-2.73382578053271
0.10966293365330734,-0.5504125863216303,0.23838628965756753,1790750867,965706508,0.11699999868869781,0.12562536376556413,-0.5640522252045791,0.353486944604485,-2.788428695276841
0.09936734780243422,-0.5514524815451799,0.24202569763933027,1790750868,15501689,0.11500000208616257,0.12136876072925884,-0.5647572633927826,0.35411459579177196,-2.8429233010726183
0.08856882974766953,-0.5522243261926257,0.2433418567499946,1790750868,65539639,0.11599999666213989,0.1171195706660061,-0.5654987332909918,0.35498702921534275,-2.897940029665822
0.07873553894801424,-0.5534048162167358,0.24810528766414508,1790750868,115416338,0.11400000005960464,0.11293901138686191,-0.5662664993334637,0.356090006926269,-2.95282699037158
0.06857297305740317,-0.5544281600296579,0.25152201668501295,1790750868,165122740,0.11400000005960464,0.10882541178006519,-0.5670647788488967,0.357427904412209,-3.007818295875734
0.05726733333375458,-0.5552084818899318,0.25283454502543473,1790750868,215476878,0.11699999868869781,0.10474081241865518,-0.567902064687721,0.3590143050199199,-3.063580994735759
0.04964759483957688,-0.5569100546921508,0.26188115560604597,1790750868,265367837,0.1120000034570694,0.10079405162119748,-0.56876045802844,0.36081349952772124,-3.118857919169897
0.038220923383362505,-0.5577254361491437,0.2635119682197276,1790750868,315403768,0.11599999666213989,0.09694725247712101,-0.5696477951330947,0.3628350514030735,-3.1743004053781383
0.03171439627709722,-0.559525648265685,0.27333589261800273,1790750868,365443654,0.11100000143051147,0.09323064951846714,-0.5705614052973503,0.36506899989915415,-3.2297003765197387
0.02184488832744387,-0.560674394166978,0.27776008313495726,1790750868,415281872,0.11299999803304672,0.08966462226413204,-0.571495810854821,0.3674951386322013,-3.2848688472993577
0.01466599070858604,-0.5622775195187463,0.28589519069337094,1790750868,465532120,0.11100000143051147,0.08621873926402894,-0.5724635726092483,0.370141548562258,-3.340516045590332
0.008787790146041419,-0.5639976214228809,0.29501975928402346,1790750868,515455477,0.1080000028014183,0.08295313176556085,-0.5734479716749427,0.37295687231549063,-3.3958053329161753
0.0013236193137801527,-0.5655084154734166,0.302357252772941,1790750868,565541447,0.1080000028014183,0.07983388053957852,-0.5744637875854948,0.37597749997231866,-3.451552996863985
-0.005682001158063277,-0.567063380100597,0.31007451982056244,1790750868,615411090,0.1080000028014183,0.07690519149584775,-0.575496942366521,0.3791558576923707,-3.507110187777045
-0.0107114506948002,-0.5688336687664508,0.3194730773999812,1790750868,665450967,0.10599999874830246,0.07413432567995652,-0.5765648169770075,0.382539893661398,-3.5633937986818163
-0.013532574659561272,-0.5707850783923475,0.3302615454089755,1790750868,716101236,0.10199999809265137,0.07153210517260794,-0.5776667615490672,0.38612425473176026,-3.6204638101861493
-0.018870472743170066,-0.5724308009546276,0.338708653844211,1790750868,765449635,0.10199999809265137,0.06922668504126782,-0.578750910131628,0.3897277347962973,-3.6756310432420634
-0.022872495261463233,-0.5741845407479645,0.34797510454004177,1790750868,815346668,0.10100000351667404,0.06711233670809193,-0.5798613258616593,0.39348889186379704,-3.7313374925039566
-0.02625897218820908,-0.5759358043275074,0.3572862961219351,1790750868,865282868,0.10000000149011612,0.0652424949581849,-0.5809702305501561,0.39731299172236295,-3.7863530253570863
-0.029087095754744302,-0.5777011241228027,0.3667078885214344,1790750868,915302828,0.0989999994635582,0.06359546792150936,-0.5820900054594322,0.40122860700750734,-3.8413177421403355
-0.03037973366386304,-0.5789175173310677,0.3732391787136553,1790750868,965262101,0.09799999743700027,0.06260810718691302,-0.5828553690055639,0.4039271938947072,-3.8785339383559347
-0.03412976489445846,-0.5799273258694141,0.3784089889871275,1790750869,15517442,0.10000000149011612,0.06179589179842204,-0.5835604722132658,0.4064280705871196,-3.9126152483725116
-0.03283222740220651,-0.580399045817721,0.38108567003407623,1790750869,65236446,0.09799999743700027,0.06152027847557398,-0.5838200506539918,0.4073516339064658,-3.9251132415991785
-0.03420423254124062,-0.5806372853457628,0.38227027691454923,1790750869,115307998,0.0989999994635582,0.061339598932559844,-0.5839970023991252,0.40798191751587765,-3.9336173968274606
-0.03523489028418943,-0.5806478711855073,0.3822479415175197,1790750869,166768376,0.10000000149011612,0.06131080626329759,-0.5840257340377202,0.40808432707617354,-3.934997320175171
-0.0342694313765466,-0.5806816498819805,0.3825063058928457,1790750869,216225071,0.0989999994635582,0.061310806263297546,-0.5840257340377202,0.4080843270761736,-3.934997320175171
-0.0342694313765466,-0.5806816498819805,0.3825063058928457,1790750869,265243014,0.0989999994635582,0.061310806263297546,-0.5840257340377202,0.4080843270761736,-3.934997320175171
-0.03523489028418947,-0.5806478711855073,0.38224794151751973,1790750869,316011738,0.10000000149011612,0.061310806263297546,-0.5840257340377202,0.4080843270761736,-3.934997320175171
-0.03330397246890369,-0.5807154285784532,0.38276467026817157,1790750869,365397110,0.09799999743700027,0.06131080626329758,-0.5840257340377198,0.4080843270761736,-3.934997320175171
-0.031373061846832806,-0.5807829857197294,0.3832813970938627,1790750869,417126332,0.09600000083446503,0.061310806263297546,-0.5840257340377202,0.4080843270761736,-3.934997320175171
-0.033303972468903785,-0.5807154285784533,0.3827646702681715,1790750869,466790751,0.09799999743700027,0.06131080626329748,-0.58402573403772,0.40808432707617354,-3.934997320175171
-0.03523489028418947,-0.5806478711855073,0.38224794151751973,1790750869,518020220,0.10000000149011612,0.061310806263297546,-0.5840257340377202,0.4080843270761736,-3.934997320175171
-0.03523489028418947,-0.5806478711855073,0.38224794151751973,1790750869,565183426,0.10000000149011612,0.061310806263297546,-0.5840257340377202,0.4080843270761736,-3.934997320175171
-0.03330397246890372,-0.5807154285784536,0.38276467026817157,1790750869,616188014,0.09799999743700027,0.061310806263297546,-0.5840257340377202,0.4080843270761736,-3.934997320175171
-0.03330397246890372,-0.5807154285784536,0.38276467026817157,1790750869,665636811,0.09799999743700027,0.061310806263297546,-0.5840257340377202,0.4080843270761736,-3.934997320175171
-0.032338520754475686,-0.5807492070232563,0.3830230327185368,1790750869,716922530,0.09700000286102295,0.061310806263297546,-0.5840257340377202,0.4080843270761736,-3.934997320175171
-0.0342694313765466,-0.5806816498819805,0.3825063058928457,1790750869,766895211,0.0989999994635582,0.061310806263297546,-0.5840257340377202,0.4080843270761736,-3.934997320175171
-0.03523489028418947,-0.5806478711855073,0.38224794151751973,1790750869,816311416,0.10000000149011612,0.061310806263297546,-0.5840257340377202,0.4080843270761736,-3.934997320175171
-0.03330397246890372,-0.5807154285784535,0.3827646702681715,1790750869,865626481,0.09799999743700027,0.061310806263297546,-0.5840257340377202,0.40808432707617354,-3.934997320175171
-0.03330397246890372,-0.5807154285784536,0.38276467026817157,1790750869,917269740,0.09799999743700027,0.061310806263297546,-0.5840257340377202,0.4080843270761736,-3.934997320175171
-0.03330397246890372,-0.5807154285784536,0.38276467026817157,1790750869,969189677,0.09799999743700027,0.061310806263297546,-0.5840257340377202,0.4080843270761736,-3.934997320175171
-0.02944214403154706,-0.5808505431126757,0.3837981258445146,1790750870,15807611,0.09399999678134918,0.061310806263297546,-0.5840257340377202,0.4080843270761736,-3.934997320175171
-0.0313730618468327,-0.5807829857197293,0.3832813970938627,1790750870,66354037,0.09600000083446503,0.06131080626329765,-0.5840257340377201,0.4080843270761736,-3.934997320175171
-0.032338520754475686,-0.5807492070232563,0.3830230327185368,1790750870,117134427,0.09700000286102295,0.061310806263297546,-0.5840257340377202,0.4080843270761736,-3.934997320175171
-0.03426943137654656,-0.5806816498819805,0.3825063058928457,1790750870,166349917,0.0989999994635582,0.06131080626329759,-0.5840257340377202,0.4080843270761736,-3.934997320175171
-0.0342694313765466,-0.5806816498819805,0.3825063058928457,1790750870,216229190,0.0989999994635582,0.061310806263297546,-0.5840257340377202,0.4080843270761736,-3.934997320175171
-0.03330397246890372,-0.5807154285784536,0.38276467026817157,1790750870,266063232,0.09799999743700027,0.061310806263297546,-0.5840257340377202,0.4080843270761736,-3.934997320175171
-0.0342694313765466,-0.5806816498819805,0.3825063058928457,1790750870,316773798,0.0989999994635582,0.061310806263297546,-0.5840257340377202,0.4080843270761736,-3.934997320175171
-0.03233852075447569,-0.5807492070232559,0.3830230327185369,1790750870,365974464,0.09700000286102295,0.06131080626329754,-0.5840257340377198,0.40808432707617365,-3.934997320175171
-0.03330397246890372,-0.5807154285784536,0.38276467026817157,1790750870,416145193,0.09799999743700027,0.061310806263297546,-0.5840257340377202,0.4080843270761736,-3.934997320175171
-0.03330397246890368,-0.5807154285784536,0.38276467026817157,1790750870,465476998,0.09799999743700027,0.06131080626329759,-0.5840257340377202,0.4080843270761736,-3.934997320175171
-0.031373061846832806,-0.5807829857197294,0.3832813970938627,1790750870,516975191,0.09600000083446503,0.061310806263297546,-0.5840257340377202,0.4080843270761736,-3.934997320175171
-0.034269431376546575,-0.5806816498819805,0.38250630589284573,1790750870,566310340,0.0989999994635582,0.061310806263297574,-0.5840257340377202,0.40808432707617365,-3.934997320175171
-0.032338520754475686,-0.5807492070232563,0.3830230327185368,1790750870,616968174,0.09700000286102295,0.061310806263297546,-0.5840257340377202,0.4080843270761736,-3.934997320175171
-0.031373061846832806,-0.5807829857197294,0.3832813970938627,1790750870,665515427,0.09600000083446503,0.061310806263297546,-0.5840257340377202,0.4080843270761736,-3.934997320175171
-0.0342694313765466,-0.5806816498819805,0.3825063058928457,1790750870,716382865,0.0989999994635582,0.061310806263297546,-0.5840257340377202,0.4080843270761736,-3.934997320175171
-0.03523489028418942,-0.5806478711855072,0.3822479415175198,1790750870,767638658,0.10000000149011612,0.061310806263297594,-0.5840257340377201,0.40808432707617365,-3.934997320175171
-0.032338520754475686,-0.5807492070232563,0.3830230327185368,1790750870,815526527,0.09700000286102295,0.061310806263297546,-0.5840257340377202,0.4080843270761736,-3.934997320175171
-0.03426943137654655,-0.5806816498819805,0.3825063058928456,1790750870,866855403,0.0989999994635582,0.0613108062632976,-0.5840257340377202,0.4080843270761736,-3.934997320175171
-0.032338520754475686,-0.5807492070232563,0.3830230327185368,1790750870,916095181,0.09700000286102295,0.061310806263297546,-0.5840257340377202,0.4080843270761736,-3.934997320175171
-0.0342694313765466,-0.5806816498819805,0.3825063058928457,1790750870,966653866,0.0989999994635582,0.061310806263297546,-0.5840257340377202,0.4080843270761736,-3.934997320175171
-0.032338520754475686,-0.5807492070232563,0.3830230327185368,1790750871,15974968,0.09700000286102295,0.061310806263297546,-0.5840257340377202,0.4080843270761736,-3.934997320175171
-0.03233852075447569,-0.5807492070232559,0.3830230327185369,1790750871,66487449,0.09700000286102295,0.06131080626329754,-0.5840257340377198,0.40808432707617365,-3.934997320175171
-0.03330397246890372,-0.5807154285784536,0.38276467026817157,1790750871,117445915,0.09799999743700027,0.061310806263297546,-0.5840257340377202,0.4080843270761736,-3.934997320175171
-0.032338520754475686,-0.5807492070232563,0.3830230327185368,1790750871,166755943,0.09700000286102295,0.061310806263297546,-0.5840257340377202,0.4080843270761736,-3.934997320175171
-0.0342694313765466,-0.5806816498819805,0.3825063058928457,1790750871,216461399,0.0989999994635582,0.061310806263297546,-0.5840257340377202,0.4080843270761736,-3.934997320175171
-0.035234890284189434,-0.5806478711855072,0.3822479415175198,1790750871,265763826,0.10000000149011612,0.06131080626329758,-0.5840257340377201,0.40808432707617365,-3.934997320175171
-0.031373061846832806,-0.5807829857197294,0.3832813970938627,1790750871,316794588,0.09600000083446503,0.061310806263297546,-0.5840257340377202,0.4080843270761736,-3.934997320175171
-0.03330397246890368,-0.5807154285784536,0.3827646702681715,1790750871,365681928,0.09799999743700027,0.06131080626329759,-0.5840257340377202,0.40808432707617354,-3.934997320175171
-0.032338520754475686,-0.5807492070232563,0.3830230327185368,1790750871,415979268,0.09700000286102295,0.061310806263297546,-0.5840257340377202,0.4080843270761736,-3.934997320175171
-0.032338520754475686,-0.5807492070232563,0.3830230327185368,1790750871,465514640,0.09700000286102295,0.061310806263297546,-0.5840257340377202,0.4080843270761736,-3.934997320175171
-0.032338520754475686,-0.5807492070232563,0.3830230327185368,1790750871,516440300,0.09700000286102295,0.061310806263297546,-0.5840257340377202,0.4080843270761736,-3.934997320175171
-0.03330397246890384,-0.5807154285784533,0.3827646702681715,1790750871,566603011,0.09799999743700027,0.06131080626329743,-0.58402573403772,0.40808432707617354,-3.934997320175171
-0.03330397246890372,-0.5807154285784536,0.38276467026817157,1790750871,616318847,0.09799999743700027,0.061310806263297546,-0.5840257340377202,0.4080843270761736,-3.934997320175171
-0.03233852075447561,-0.580749207023256,0.3830230327185369,1790750871,666460075,0.09700000286102295,0.06131080626329762,-0.58402573403772,0.40808432707617365,-3.934997320175171
-0.03330397246890372,-0.5807154285784536,0.38276467026817157,1790750871,717024733,0.09799999743700027,0.061310806263297546,-0.5840257340377202,0.4080843270761736,-3.934997320175171
-0.03330397246890372,-0.5807154285784536,0.38276467026817157,1790750871,766333010,0.09799999743700027,0.061310806263297546,-0.5840257340377202,0.4080843270761736,-3.934997320175171
-0.031373061846832806,-0.5807829857197294,0.3832813970938627,1790750871,815731187,0.09600000083446503,0.061310806263297546,-0.5840257340377202,0.4080843270761736,-3.934997320175171
-0.032338520754475686,-0.5807492070232563,0.3830230327185368,1790750871,866276557,0.09700000286102295,0.061310806263297546,-0.5840257340377202,0.4080843270761736,-3.934997320175171
-0.032338520754475686,-0.5807492070232563,0.3830230327185368,1790750871,917321255,0.09700000286102295,0.061310806263297546,-0.5840257340377202,0.4080843270761736,-3.934997320175171
-0.03523489028418947,-0.5806478711855073,0.38224794151751973,1790750871,965788638,0.10000000149011612,0.061310806263297546,-0.5840257340377202,0.4080843270761736,-3.934997320175171
-0.032338520754475686,-0.5807492070232563,0.3830230327185368,1790750872,16287063,0.09700000286102295,0.061310806263297546,-0.5840257340377202,0.4080843270761736,-3.934997320175171
-0.02847669231711901,-0.5808843215574784,0.3840564882948798,1790750872,65808481,0.09300000220537186,0.061310806263297546,-0.5840257340377202,0.4080843270761736,-3.934997320175171
-0.03330397246890372,-0.5807154285784536,0.38276467026817157,1790750872,116864865,0.09799999743700027,0.061310806263297546,-0.5840257340377202,0.4080843270761736,-3.934997320175171
-0.03426943137654656,-0.5806816498819805,0.3825063058928457,1790750872,165896325,0.0989999994635582,0.06131080626329759,-0.5840257340377202,0.4080843270761736,-3.934997320175171
-0.032338520754475686,-0.5807492070232563,0.3830230327185368,1790750872,215570013,0.09700000286102295,0.061310806263297546,-0.5840257340377202,0.4080843270761736,-3.934997320175171
-0.032338520754475686,-0.5807492070232563,0.3830230327185368,1790750872,265665370,0.09700000286102295,0.061310806263297546,-0.5840257340377202,0.4080843270761736,-3.934997320175171
-0.032338520754475686,-0.5807492070232563,0.3830230327185368,1790750872,316634058,0.09700000286102295,0.061310806263297546,-0.5840257340377202,0.4080843270761736,-3.934997320175171
-0.03330397246890372,-0.5807154285784536,0.38276467026817157,1790750872,366050281,0.09799999743700027,0.061310806263297546,-0.5840257340377202,0.4080843270761736,-3.934997320175171
-0.032338520754475686,-0.5807492070232563,0.3830230327185368,1790750872,415757951,0.09700000286102295,0.061310806263297546,-0.5840257340377202,0.4080843270761736,-3.934997320175171
-0.03137306184683283,-0.5807829857197294,0.3832813970938627,1790750872,467237550,0.09600000083446503,0.061310806263297525,-0.5840257340377202,0.4080843270761736,-3.934997320175171
-0.03330397246890372,-0.5807154285784536,0.38276467026817157,1790750872,516153223,0.09799999743700027,0.061310806263297546,-0.5840257340377202,0.4080843270761736,-3.934997320175171
-0.03330397246890369,-0.5807154285784533,0.38276467026817157,1790750872,566462804,0.09799999743700027,0.06131080626329758,-0.5840257340377198,0.4080843270761736,-3.934997320175171
-0.0342694313765466,-0.5806816498819805,0.3825063058928457,1790750872,615575802,0.0989999994635582,0.061310806263297546,-0.5840257340377202,0.4080843270761736,-3.934997320175171
-0.03233852075447564,-0.5807492070232562,0.38302303271853677,1790750872,665505927,0.09700000286102295,0.061310806263297594,-0.5840257340377201,0.40808432707617354,-3.934997320175171
-0.0342694313765466,-0.5806816498819805,0.3825063058928457,1790750872,715786350,0.0989999994635582,0.061310806263297546,-0.5840257340377202,0.4080843270761736,-3.934997320175171
-0.032338520754475686,-0.5807492070232563,0.3830230327185368,1790750872,765380380,0.09700000286102295,0.061310806263297546,-0.5840257340377202,0.4080843270761736,-3.934997320175171
-0.03330397246890372,-0.5807154285784536,0.38276467026817157,1790750872,815771055,0.09799999743700027,0.061310806263297546,-0.5840257340377202,0.4080843270761736,-3.934997320175171
-0.032338520754475686,-0.5807492070232563,0.3830230327185368,1790750872,865815875,0.09700000286102295,0.061310806263297546,-0.5840257340377202,0.4080843270761736,-3.934997320175171
-0.032338520754475686,-0.5807492070232563,0.3830230327185368,1790750872,916922240,0.09700000286102295,0.061310806263297546,-0.5840257340377202,0.4080843270761736,-3.934997320175171
-0.03426943137654652,-0.5806816498819805,0.38250630589284557,1790750872,965584549,0.0989999994635582,0.06131080626329763,-0.5840257340377202,0.4080843270761735,-3.934997320175171
-0.03330397246890372,-0.5807154285784536,0.38276467026817157,1790750873,16759573,0.09799999743700027,0.061310806263297546,-0.5840257340377202,0.4080843270761736,-3.934997320175171
-0.03233347981493437,-0.5807471067239898,0.3830060740049057,1790750873,65173463,0.09700000286102295,0.06131320488067567,-0.5840247216225112,0.4080770979396486,-3.9348932727220114
-0.0342579700509251,-0.5806768763525265,0.38246771826455117,1790750873,116563043,0.0989999994635582,0.06131620148280651,-0.5840234573446538,0.4080680703146403,-3.9347633366845347
-0.03324506964919714,-0.5806909909297535,0.3825670483634557,1790750873,165354058,0.09799999743700027,0.06133872632174947,-0.5840140138188383,0.40800054116835804,-3.933792184387037
-0.03222390012715167,-0.5807017685107024,0.3826395594158416,1790750873,216015243,0.09700000286102295,0.06136543400380307,-0.5840028600872876,0.4079207754935142,-3.932644707072933
-0.0311308997878292,-0.5806832982147649,0.38247578929613735,1790750873,265286316,0.09600000083446503,0.06142683341274539,-0.5839774061461096,0.40773870753463837,-3.930023615501071
-0.03002276017677155,-0.5806592438643727,0.382267260115343,1790750873,315412238,0.0949999988079071,0.061496151554634795,-0.5839489531034175,0.4075351524319561,-3.9270907493452873
-0.03264803133863316,-0.5804496593139804,0.3806134174015103,1790750873,365559254,0.09799999743700027,0.061621431196912616,-0.5838982414592157,0.4071723182089413,-3.9218564948407035
-0.03235656990041516,-0.5803356558578018,0.3796897497157397,1790750873,415595962,0.09799999743700027,0.06175915690382401,-0.5838435354008527,0.40678078599849055,-3.9161988499157605
-0.03383133227168676,-0.5800940944798352,0.3777571206065849,1790750873,465386077,0.10000000149011612,0.061967341173434304,-0.5837628106270921,0.40620277029171503,-3.9078283461783
-0.03238960148938106,-0.5799520178895996,0.37658998194445303,1790750873,515257034,0.0989999994635582,0.06219397156491626,-0.5836774359711888,0.4055911691991896,-3.89894690058043
-0.029807994092502746,-0.5797882244785452,0.3752349147279372,1790750873,565429355,0.09700000286102295,0.06251103153527242,-0.5835620042507599,0.40476382680419687,-3.886890642740788
-0.030976619449941928,-0.5794593183309805,0.3725824788196727,1790750873,615403915,0.0989999994635582,0.06285386234267161,-0.5834419806731598,0.40390306280239463,-3.8742936724159667
-0.02812940955043078,-0.5792293496763645,0.370688147488725,1790750873,665492392,0.09700000286102295,0.06330163736452378,-0.5832919318877796,0.40282628123742503,-3.8584542132595203
-0.027100548287888618,-0.5789104248879207,0.36808787129387455,1790750873,715511027,0.09700000286102295,0.06378457926210754,-0.583137674722517,0.4017185790487716,-3.842059631909243
-0.028595731920280365,-0.5783938530498335,0.3638910515276136,1790750873,765286586,0.10000000149011612,0.06439067222575452,-0.5829538493415676,0.40039769990613316,-3.8223671913862605
-0.02623047933098134,-0.5780425848321354,0.3610050154320896,1790750873,815729010,0.0989999994635582,0.0650538258451596,-0.5827636000193904,0.39902984334616953,-3.8017987133129427
-0.02543353624406465,-0.5775481697379068,0.35695208213576324,1790750873,865377725,0.10000000149011612,0.06584177568290275,-0.5825503447785777,0.3974958359767745,-3.778501419957354
-0.023549047626940572,-0.5770889816927146,0.3531731623703724,1790750873,915918669,0.10000000149011612,0.06670350940106916,-0.582330879738928,0.39591656832734057,-3.7542399105476267
-0.023149477891083986,-0.5764816554497397,0.34816921981058785,1790750873,965325429,0.10199999809265137,0.0676985028930063,-0.5820928795242872,0.39420353486728943,-3.727574860979002
-0.02075809932074084,-0.5759724002134072,0.343955134167952,1790750874,15240368,0.10199999809265137,0.06877541789968447,-0.5818513008713894,0.3924647974536754,-3.7001017266010723
-0.01883396943659417,-0.5753586018818023,0.3388643688439134,1790750874,65489281,0.10300000011920929,0.07002780373734888,-0.5815883539625335,0.39057293179002933,-3.669692042966828
-0.01497230735633523,-0.5748650231645888,0.3347613348482058,1790750874,115992549,0.10199999809265137,0.07137282283781773,-0.5813245183693277,0.38867601767538756,-3.6385987590235334
-0.013265464428467988,-0.5741547438910072,0.3288368139248321,1790750874,165687968,0.10400000214576721,0.07287857796782483,-0.5810487980824464,0.3866959223067523,-3.6054203167263483
-0.008044058147625335,-0.5737185022315291,0.3252019347460372,1790750874,215202728,0.10199999809265137,0.07447176187156743,-0.5807766195093927,0.3847445416586757,-3.5719098942669967
-0.004843933728697028,-0.57305582605062,0.31965198486495555,1790750874,265499559,0.10300000011920929,0.0762510591857569,-0.5804932623550426,0.3827177179533724,-3.536132606877717
-0.0014132030860030953,-0.572404922203418,0.31418534514272145,1790750874,315379063,0.10400000214576721,0.0781103373463745,-0.5802174509144297,0.380750886968498,-3.500333081991394
0.003956005872332732,-0.5718946412223631,0.30991069955052314,1790750874,365644467,0.10300000011920929,0.08014824734458746,-0.5799359972733036,0.37875166814374345,-3.462683977648128
0.00518648189321444,-0.570925543369604,0.3016863728461632,1790750874,415570064,0.1080000028014183,0.08226970940020696,-0.5796634302236805,0.3768250844104225,-3.425007321269568
0.009078093705518528,-0.5701867856843967,0.29541530286055584,1790750874,465690319,0.10999999940395355,0.08453255789487263,-0.5793930481326076,0.374925481042358,-3.386285248742684
0.01589793258210978,-0.569807950718921,0.29224490626100436,1790750874,515528499,0.1080000028014183,0.08687232484618616,-0.5791331795219711,0.37311317170315506,-3.347619821400789
0.019061733602387193,-0.5689274753102066,0.2847126576451693,1790750874,565514753,0.1120000034570694,0.08930633992158901,-0.5788819268651555,0.37137640411209794,-3.3086794352443394
0.025074415034940525,-0.5684156006694372,0.2803733298417254,1790750874,615779667,0.1120000034570694,0.0918307770023377,-0.5786399244063986,0.3697212571561473,-3.2694931114224723
0.03068108400782224,-0.567838679757986,0.2754586361990277,1790750874,665829949,0.11299999803304672,0.09441961837226469,-0.5784096244103849,0.36816599255059923,-3.230412979623652
0.03813813307293579,-0.5675702758459409,0.273250914345268,1790750874,716072909,0.11100000143051147,0.09708687683712869,-0.5781896795040387,0.3667029030461162,-3.191171600666025
0.04288097212032795,-0.5668656918926653,0.26719555605031814,1790750874,765323390,0.11400000005960464,0.09971443250114219,-0.5779888621261791,0.3653904280075062,-3.153402986295852
0.04898175879893978,-0.56637027550988,0.2629789588752285,1790750874,815426052,0.11500000208616257,0.10243573632661465,-0.5777962635835955,0.36415761059004204,-3.115102282511195
0.054636996096054324,-0.5658098094502125,0.25817535268293645,1790750874,865307204,0.11699999868869781,0.10512234484338454,-0.5776204544271144,0.363059755337694,-3.0780058375612867
0.061512677416906775,-0.5654666749723443,0.2553046025221684,1790750874,916737849,0.11699999868869781,0.10792640982754667,-0.5774512080091918,0.3620338679780757,-3.0399531240225333
0.06666748275885633,-0.5648728702628817,0.250179429231871,1790750874,965248703,0.11999999731779099,0.11047435798371177,-0.5773093448135698,0.3612032606378078,-3.005893969717672
0.07427748669598733,-0.5649168670192447,0.25075835405351665,1790750875,15568460,0.11699999868869781,0.1131294449878512,-0.5771729839451543,0.3604365771788982,-2.9708638514611683
0.08036833250766492,-0.5646920404362411,0.2489294326806633,1790750875,65293870,0.11699999868869781,0.11561105380314701,-0.577055644626687,0.35980815733181654,-2.9384966772918046
0.08594887932886204,-0.5642762847026608,0.24538963239695405,1790750875,115385282,0.11900000274181366,0.11810435472552694,-0.5769471967543464,0.3592600589454859,-2.906296110531175
0.09169576598291763,-0.5641065965566673,0.24404856285502596,1790750875,165679353,0.11900000274181366,0.12042132565841716,-0.5768546039218969,0.35882369597233943,-2.87662367291895
0.09730520980903584,-0.5639592895063551,0.24290974324795234,1790750875,215250734,0.11900000274181366,0.1226825038168537,-0.5767716088851994,0.35846422422349444,-2.8478687104310407
0.10152945644869343,-0.563298918720536,0.2371260509467849,1790750875,265247933,0.12399999797344208,0.12476266703736982,-0.576701511372296,0.35819044675895934,-2.8215697054744666
0.107263623648243,-0.5635179345858429,0.2392868163058136,1790750875,315581505,0.12099999934434891,0.1268263220321432,-0.5766377543447028,0.3579719923084131,-2.795605096871591
0.11179078898211603,-0.5634375515601082,0.23872526747925565,1790750875,365657944,0.12099999934434891,0.12863248058665702,-0.5765865923835165,0.35782379807747217,-2.7729679324411416
0.1163294560931978,-0.5634783033059305,0.2392628398525319,1790750875,415652949,0.11999999731779099,0.13039632618737512,-0.5765407335988804,0.35771745325726684,-2.750928169104303
0.11989614462975293,-0.563210275191255,0.2369789260788211,1790750875,465532925,0.12200000137090683,0.13190513038020235,-0.5765046797399683,0.35765636143208807,-2.732119508737621
0.123612856089623,-0.5631682179168308,0.2367446965197672,1790750875,515723837,0.12200000137090683,0.13338035582977234,-0.576472222956565,0.35762314676310125,-2.713762102684151
0.1266231260916404,-0.5631392828264211,0.23660446629370657,1790750875,565353376,0.12200000137090683,0.13457514522073577,-0.5764479341303981,0.35761539772860185,-2.6989138091108273
0.12953796096727982,-0.5631156156909753,0.2365107553162123,1790750875,615386732,0.12200000137090683,0.13573202717785038,-0.5764261106794373,0.3576241922315375,-2.684549982196622
0.13182416259466503,-0.5632093837350054,0.23745995860748684,1790750875,665141105,0.12099999934434891,0.13662363420232823,-0.5764104253411402,0.35764189324881623,-2.673486450835175
0.13394474325110992,-0.5630879196236778,0.23644748603433532,1790750875,715775179,0.12200000137090683,0.13748097921115762,-0.5763962677326538,0.3576678772247058,-2.662852380172979
0.13549021096981909,-0.5630805108826398,0.2364476367832481,1790750875,765395847,0.12200000137090683,0.13809433695420595,-0.5763866991187292,0.3576918705306081,-2.6552467198698615
0.13694570092681788,-0.5630746214584987,0.23645837563374167,1790750875,815495167,0.12200000137090683,0.1386719831522706,-0.5763781102280714,0.35771858126913225,-2.6480850494507937
0.13789410263925625,-0.5633985206610236,0.23945242689906898,1790750875,865231179,0.11900000274181366,0.13903694918720827,-0.5763728891800471,0.35773750759757494,-2.6435606879622995
0.13869089718340427,-0.562959903830712,0.23549086449233736,1790750875,915440073,0.12300000339746475,0.139366796478033,-0.5763683088864374,0.3577559808165836,-2.6394718731368654
0.1391383620391803,-0.5628496883303745,0.23450599881175918,1790750875,965568227,0.12399999797344208,0.13954480060108668,-0.5763658887800872,0.35776648165404007,-2.637265243774648
0.13951488855758387,-0.5628487613410326,0.23451435535368703,1790750876,15224562,0.12399999797344208,0.13969276561516109,-0.5763639052637833,0.35777549579102585,-2.6354309485397707
0.1396530515559731,-0.5628484475566344,0.23451760415907508,1790750876,65289001,0.12399999797344208,0.1397470637879316,-0.5763631891028476,0.35777888120930257,-2.634757886785608
0.1397460068940443,-0.5630662226849912,0.23650791555854522,1790750876,115578739,0.12200000137090683,0.13978335667091676,-0.5763627150837258,0.3577811699446044,-2.634308046445753
0.1397599045795603,-0.5630661920096961,0.23650825798663094,1790750876,166037719,0.12200000137090683,0.1397888727739423,-0.5763626431783219,0.3577815191849072,-2.634239673614502
0.13975942969193986,-0.5628482177731042,0.23452017513704532,1790750876,215216735,0.12399999797344208,0.1397888727739423,-0.5763626431783219,0.3577815191849072,-2.634239673614502
0.13976014202425507,-0.5631751795340013,0.23750230311452292,1790750876,265296277,0.12099999934434891,0.1397888727739423,-0.5763626431783219,0.3577815191849072,-2.634239673614502
0.13975966713486548,-0.5629572044853905,0.235514212858739,1790750876,315430069,0.12300000339746475,0.13978887277394225,-0.5763626431783216,0.3577815191849072,-2.634239673614502
0.13975942969193986,-0.5628482177731042,0.23452017513704532,1790750876,365391175,0.12399999797344208,0.1397888727739423,-0.5763626431783219,0.3577815191849072,-2.634239673614502
0.1397599045795603,-0.5630661920096961,0.23650825798663094,1790750876,415346281,0.12200000137090683,0.1397888727739423,-0.5763626431783219,0.3577815191849072,-2.634239673614502
0.13975942969193986,-0.562848217773104,0.23452017513704546,1790750876,465268386,0.12399999797344208,0.1397888727739423,-0.5763626431783216,0.3577815191849073,-2.634239673614502
0.13975966713486554,-0.5629572044853908,0.23551421285873897,1790750876,515716560,0.12300000339746475,0.1397888727739423,-0.5763626431783219,0.3577815191849072,-2.634239673614502
0.13975942969193986,-0.5628482177731042,0.23452017513704532,1790750876,565772509,0.12399999797344208,0.1397888727739423,-0.5763626431783219,0.3577815191849072,-2.634239673614502
0.13975990457956025,-0.5630661920096959,0.23650825798663094,1790750876,615849199,0.12200000137090683,0.13978887277394225,-0.5763626431783216,0.3577815191849072,-2.634239673614502
0.13977110745990484,-0.5640919772644626,0.23654132035126202,1790750876,666273863,0.12200000137090683,0.1397871779126297,-0.5767807506328807,0.3578796700460174,-2.6336842804550695
0.13978300746142264,-0.5651702699141153,0.2355906790125237,1790750876,715561696,0.12300000339746475,0.1397868107805835,-0.577256462630184,0.35799543695493846,-2.6330454100507326
0.1398024520077128,-0.5706417466973122,0.23589032628597822,1790750876,765151178,0.12300000339746475,0.1397638529001966,-0.5794605567878914,0.35857377233503385,-2.6304216479534723
0.13980256070527722,-0.5769961662896973,0.23940713699262067,1790750876,815251452,0.11999999731779099,0.13978429589553007,-0.5818656119595833,0.35930829429118305,-2.6273974619404385
0.13981784444507253,-0.5842950788043573,0.24231166673671684,1790750876,865674144,0.11800000071525574,0.13975919240110954,-0.5847897955956382,0.3603106158169291,-2.6244379273131333
0.13982055963941994,-0.5914449728595876,0.24443486664212527,1790750876,915516008,0.11699999868869781,0.13978869694023185,-0.5875824664454741,0.36137108738713064,-2.6215279560525344
0.13982384238664058,-0.5948125287706533,0.24203219786004865,1790750876,965317612,0.11999999731779099,0.13980179894056982,-0.588834084792279,0.3618831764874832,-2.6203451569639706
0.13982587452245998,-0.5972441785021476,0.24452886888500155,1790750877,15218347,0.11800000071525574,0.13981243294001638,-0.5898097950997769,0.36229444081309425,-2.619469294122054
0.13968858706721593,-0.5977908783724255,0.24261824057429598,1790750877,65152008,0.11999999731779099,0.13976330863052377,-0.5899687154717704,0.3623630005453003,-2.6196403787911486
0.13952812607846962,-0.5976125788697746,0.24561635014984579,1790750877,115367013,0.11699999868869781,0.13970140999603356,-0.5899755876585472,0.36236670788411074,-2.6200124163360377
0.1385726095878936,-0.5977508701367799,0.24363026662038584,1790750877,165712566,0.11900000274181366,0.1393413560063759,-0.5899799718348379,0.36237378358479366,-2.6222051996951565
0.1374977275076036,-0.5976915743827826,0.24464350602491886,1790750877,215625829,0.11800000071525574,0.1389303492449788,-0.589983683771143,0.36238277808856356,-2.6247083530124966
0.13494751675412456,-0.5977062028089516,0.24470106927499413,1790750877,265294339,0.11800000071525574,0.1379605804204782,-0.5899916388353283,0.3624100626393065,-2.6306117468634262
0.13206746833510355,-0.597788688907619,0.24380296740235993,1790750877,315477206,0.11900000274181366,0.13687997124560722,-0.5899992058594443,0.3624501941804446,-2.6371856359125236
0.1274948351620301,-0.5976924466989532,0.24604662602044536,1790750877,365421005,0.11699999868869781,0.13509896092472626,-0.5900128245209001,0.362546413006271,-2.648018459778349
0.12241147538451047,-0.5977983610527704,0.24543207804477027,1790750877,415377842,0.11800000071525574,0.1331856687443839,-0.5900237616496032,0.3626816943783203,-2.6596519629682165
0.11544687228699639,-0.5979021449895844,0.24622167214680823,1790750877,465337133,0.11800000071525574,0.13053623616190085,-0.5900669692238888,0.3629903378383016,-2.6758212126087515
0.10843299006810544,-0.597888625324682,0.2492768026317796,1790750877,515505666,0.11599999666213989,0.12773581267218617,-0.5901083160541386,0.363394579742914,-2.6929415658632707
0.09872722307764807,-0.5983232796382197,0.2481651652880707,1790750877,565390178,0.11900000274181366,0.12425595213132043,-0.5902060861059715,0.364110824174533,-2.714402375144073
0.08943559001123144,-0.5985168370705027,0.2514919038226576,1790750877,615589526,0.11800000071525574,0.12063274724033668,-0.5903009449083247,0.3649962502839377,-2.7368833728114375
0.07857088677365681,-0.5989324014171187,0.2549071184458754,1790750877,665345195,0.11800000071525574,0.11650772059030687,-0.5904718149336876,0.36632172828284704,-2.762908282597024
0.06717029073415327,-0.5994587313534241,0.2581261779377343,1790750877,715396014,0.11900000274181366,0.11230368829177216,-0.5906353445892683,0.3678810180290382,-2.789784202946579
0.05536622084978458,-0.6000989687012354,0.2635588791445399,1790750877,765307813,0.11900000274181366,0.10784720638117987,-0.5908912205022188,0.36996359794642686,-2.819103054674228
0.04667577182800296,-0.6002922028905656,0.27502215175099687,1790750877,815503559,0.11299999803304672,0.10340085556500629,-0.591135179834479,0.3723227856607964,-2.8490531520711455
0.034748709659743277,-0.6012247268006599,0.28152894877214035,1790750877,865257349,0.11400000005960464,0.09897314845246817,-0.591479178899871,0.3752105679482777,-2.8802468292691814
0.02157737755902188,-0.6023983951126437,0.28762055176738965,1790750877,916317860,0.11699999868869781,0.09455770781783406,-0.5918126857810255,0.3784545423569068,-2.9125447343877537
0.012994888929026394,-0.6031982674523583,0.29922626447297235,1790750877,965529395,0.11400000005960464,0.09051557009606352,-0.5922472674925587,0.38209133313805527,-2.944206737228554
0.0030302010656419603,-0.6042974870888365,0.30938659888413444,1790750878,15446908,0.11400000005960464,0.08662291247736235,-0.5926616351963051,0.38602122267235284,-2.9764093155741036
-0.00356089734649348,-0.6052032774084533,0.322024487004076,1790750878,65522644,0.11100000143051147,0.08316996534774465,-0.5931562517006556,0.3902419843598309,-3.007741406676535
-0.009069531270020803,-0.6060601238730605,0.3348190953506845,1790750878,115502443,0.1080000028014183,0.07999646239955668,-0.5936183412936538,0.39462253524341906,-3.038838404739858
-0.0156695889039679,-0.6072957673120567,0.34578816076590446,1790750878,165235778,0.1080000028014183,0.07735932699745446,-0.5941253296291457,0.39904378002390395,-3.0680308270225454
-0.018840111314163535,-0.6081306416464862,0.35844141915634375,1790750878,215400070,0.10499999672174454,0.07498717609925813,-0.5946016476761098,0.40359012645073966,-3.0971536618971256
-0.025112071473414432,-0.6095791034855592,0.3681855834181559,1790750878,265293823,0.10700000077486038,0.07318839127324298,-0.5950925825370768,0.40788646376635884,-3.1232110122879013
-0.02608059079098965,-0.610316154672266,0.3798444532260323,1790750878,315604135,0.10400000214576721,0.07164627510298327,-0.5955544746817094,0.41221037562471297,-3.148927302289112
-0.02964389650408325,-0.6114864614216984,0.3888029991243907,1790750878,365414470,0.10499999672174454,0.07057934469188507,-0.595978670810549,0.41600244151025345,-3.1707672705216314
-0.028838587498224155,-0.6120142207296045,0.398587914552039,1790750878,415543864,0.10199999809265137,0.06971134313317585,-0.5963733222688783,0.41973674616961043,-3.192069965299958
-0.02816337064229453,-0.6125093909341618,0.4062456887930646,1790750878,465418246,0.10000000149011612,0.06918616553883794,-0.5967133487061098,0.4227851311437369,-3.2090854699359737
-0.030069231768144467,-0.6134370735221943,0.41315623325200335,1790750878,515868475,0.10100000351667404,0.0687918776741819,-0.5970317053371509,0.42573977984720834,-3.2255021565734654
-0.027602284848895403,-0.6135122683211491,0.41860793081848385,1790750878,565732404,0.09799999743700027,0.06859499987800888,-0.5972735652122497,0.4279023608797621,-3.2373827683451415
-0.029871012909414574,-0.6143692550987221,0.4232095853726474,1790750878,615491295,0.10000000149011612,0.06846645647519743,-0.597494611332508,0.429916955260845,-3.248434740892317
-0.02999396818649333,-0.6146947314004163,0.42619497674317997,1790750878,665179620,0.10000000149011612,0.06841359500916153,-0.5976305236127447,0.4311713827249697,-3.2553099217952717
-0.030061989184857654,-0.6149863207167846,0.42889221538442507,1790750878,715655776,0.10000000149011612,0.06838244823300234,-0.5977510268044213,0.4323036202649291,-3.261520341447705
-0.028110664663231852,-0.6147715817327913,0.4301725305678164,1790750878,765299138,0.09799999743700027,0.06837317090818402,-0.5978048201039305,0.4328178983890204,-3.2643452321938407
-0.028118901310393435,-0.6148759675524381,0.4311504366763968,1790750878,815638736,0.09799999743700027,0.06836790926422714,-0.5978477699730466,0.4332325918066745,-3.2666250414698346
-0.02713556980711801,-0.6147283452448662,0.4314171172854958,1790750878,865277766,0.09700000286102295,0.06836691010744225,-0.5978585512879798,0.4333372571396943,-3.267200688796926
-0.02910515627205272,-0.6150891825704708,0.4314997038694654,1790750878,915709374,0.0989999994635582,0.06836647670933514,-0.5978638473176718,0.4333887467897902,-3.2674838951334046
-0.027135814760489735,-0.6147349845784481,0.43147945768499407,1790750878,965677961,0.09700000286102295,0.06836668805117802,-0.5978612879424413,0.4333638338634337,-3.2673469297200937
-0.028119994554620206,-0.6148992857414812,0.4313693178433884,1790750879,15527463,0.09799999743700027,0.06836702633304143,-0.5978573329295204,0.4333253705601909,-3.2671354591119632
-0.028117725354518203,-0.6148562068766078,0.43096495568822923,1790750879,65504985,0.09799999743700027,0.06836877547568726,-0.5978396570803488,0.4331539482022091,-3.2661925754242933
-0.027129423141445716,-0.6146328458533576,0.43052134287960186,1790750879,115429266,0.09700000286102295,0.0683712271194275,-0.5978190822832257,0.43295521004864257,-3.265099783574254
-0.027118204958317627,-0.614532478368346,0.4295834669313313,1790750879,165349074,0.09700000286102295,0.06837754093624437,-0.5977773908808437,0.43255501776647637,-3.2629007582294665
-0.026115822588327245,-0.6142495955698362,0.4285889848194476,1790750879,215425708,0.09600000083446503,0.06838660437978683,-0.5977311156105344,0.4321147864570465,-3.2604835023067227
-0.028041715618723206,-0.6144086965088899,0.42680344892609096,1790750879,265249275,0.09799999743700027,0.06840649011667697,-0.5976537527561403,0.4313876574636879,-3.25649516492549
-0.029944878326577024,-0.614547158885308,0.4248414536418088,1790750879,315326834,0.10000000149011612,0.06843473238382326,-0.5975688962903626,0.4306026248552345,-3.252194274490208
-0.028835848622193752,-0.6140821663508931,0.42222447490905407,1790750879,365186263,0.0989999994635582,0.06848647825104386,-0.5974430888024966,0.4294705555118117,-3.246006376292804
-0.028659477805622086,-0.6137638391561792,0.41937601358032933,1790750879,415354147,0.0989999994635582,0.06855752028120664,-0.5973055548423627,0.4282630858887808,-3.2394166829517457
-0.02736348375781522,-0.6132025356482111,0.4158125696118306,1790750879,465378679,0.09799999743700027,0.06869489123306012,-0.5971403156842796,0.4267117980980455,-3.2308500326585134
-0.029885529303051994,-0.6132686955048594,0.4115843183499727,1790750879,515726787,0.10100000351667404,0.06887112747957871,-0.596963339634538,0.42508464506557564,-3.2218587103567384
-0.0282701253367533,-0.6125826243292676,0.40693498112761045,1790750879,565956810,0.10000000149011612,0.06913955776668887,-0.5967429904355661,0.4230737522649587,-3.2107074022283433
-0.027483384981435516,-0.6120334463871029,0.40202892466837403,1790750879,615953870,0.10000000149011612,0.06946409171588887,-0.5965072646832967,0.42100587757829533,-3.1992368821824897
-0.0263586832068166,-0.611415775343935,0.3963414723539844,1790750879,665601129,0.10000000149011612,0.06994180161180527,-0.5962509767495866,0.4186180476139847,-3.1857618036556987
-0.026916694522538642,-0.611064427898064,0.3899881019927748,1790750879,715608522,0.10199999809265137,0.07050711978816587,-0.5959765303552977,0.41615975390459026,-3.171834772334891
-0.02505655927326851,-0.6103339168107366,0.3832473189000959,1790750879,765411367,0.10199999809265137,0.07128764895921627,-0.5956778743086649,0.413363652825957,-3.1556689816260763
-0.024735248235938603,-0.6098466328571746,0.37569342386753507,1790750879,815504352,0.10400000214576721,0.07219088326129439,-0.5953557604120755,0.41049773531138567,-3.138978000796477
-0.021895210158270534,-0.6090167737358848,0.36805241309503334,1790750879,865421938,0.10400000214576721,0.07336587003159274,-0.5950199920381645,0.40736420712031773,-3.1202134536007353
-0.019518176238783394,-0.6082768211374033,0.3598739488244563,1790750879,915917353,0.10499999672174454,0.0747021698032311,-0.5946560096282683,0.40416840894219586,-3.1008381963345686
-0.015497546878636984,-0.6073905718754508,0.35167151905043437,1790750879,965424084,0.10499999672174454,0.0763574380996813,-0.5943022724789752,0.4008279780879556,-3.079724815712439
-0.011814454060080873,-0.6065907625013248,0.3429421025819582,1790750880,15353096,0.10599999874830246,0.07820148331628468,-0.5939211317298068,0.39746376074646894,-3.0580351097228125
-0.008792468281795418,-0.6060039210634275,0.33263163706067517,1790750880,65493128,0.10899999737739563,0.08044264208771842,-0.5935540090352701,0.3939757011264353,-3.034315396394599
-0.00026577550757446444,-0.6047043670104569,0.32580589538127364,1790750880,116040441,0.10599999874830246,0.08289993645905319,-0.5931584485088657,0.39050640429487227,-3.0100239873790127
0.0036631478441924714,-0.6042004233775293,0.3147199716549344,1790750880,165433718,0.10999999940395355,0.08571997994241934,-0.5927932192535085,0.38708399496034573,-2.9844145554974704
0.012106463460789071,-0.6031352610995075,0.30697877949142827,1790750880,215503694,0.10899999737739563,0.08877782344722626,-0.5923955076150084,0.38370660808832396,-2.9581282713141266
0.01802009507071041,-0.6026453522174898,0.29593878714153515,1790750880,265024814,0.11299999803304672,0.09220824754428748,-0.5920640184716369,0.380515101581127,-2.9307429002844305
0.026370331439229816,-0.6019178932654747,0.28638219048001534,1790750880,316026213,0.11500000208616257,0.09593578851416573,-0.5917020192952622,0.37738374860292545,-2.902283225205621
0.03575348912236467,-0.6012761661420726,0.27722941407971025,1790750880,365670288,0.11699999868869781,0.10000440266501939,-0.5914007221149695,0.3745088847164132,-2.872888145415394
0.04648980254292117,-0.6005406043786418,0.269360116362143,1790750880,415678893,0.11800000071525574,0.10428342528428272,-0.5910731536402875,0.37180163487756906,-2.842990707906824
0.058704433850632835,-0.5998586466408783,0.2630352457735535,1790750880,465713138,0.11800000071525574,0.10894820350048758,-0.5908277009244292,0.36942136234728334,-2.811793317640825
0.07146744851409297,-0.599200434764661,0.25746395433000774,1790750880,516069968,0.11800000071525574,0.11379304770171517,-0.5905627626141585,0.3672725807763373,-2.780167908310913
0.08465613071488137,-0.5987203884724964,0.25295365912889917,1790750880,565205344,0.11800000071525574,0.11882821094559941,-0.590396610033491,0.36559017103336144,-2.748278270391815
0.09869698792664572,-0.598202011593004,0.25022142183302754,1790750880,615429275,0.11699999868869781,0.12408118168368391,-0.590213180403137,0.3641548277185721,-2.7154887544834714
0.11202742563827169,-0.5982666196810523,0.24274315138549107,1790750880,665252073,0.12200000137090683,0.12946603719650285,-0.5901251952828594,0.363215606204802,-2.6824365556825343
0.1270420147695517,-0.5977741706453237,0.24509636888422445,1790750880,715633802,0.11800000071525574,0.13495476182545751,-0.5900242663600567,0.36257542057599973,-2.6489142637219367
0.14144736168840252,-0.5978020375047094,0.24371864477264077,1790750880,765402534,0.11900000274181366,0.1404408213454523,-0.5900225056783552,0.3624598188179247,-2.615630798402037
0.15613575964295873,-0.5978812277708444,0.2433482775277162,1790750880,815663920,0.11999999731779099,0.14596411027211018,-0.5900103523031067,0.3626570627227626,-2.5819861487692575
0.1705361904358822,-0.5980910716264678,0.24519295805150432,1790750880,865503570,0.11999999731779099,0.1513922517311474,-0.5901036833166763,0.36338648831068476,-2.5486942981706955
0.1850506540573475,-0.598421664507637,0.24706192022802392,1790750880,915578509,0.12099999934434891,0.15677006943003677,-0.5901881144764712,0.36442212229139054,-2.515257425112963
0.19923609365443662,-0.5989398673318678,0.25010341900012617,1790750880,965365427,0.12200000137090683,0.161971192550135,-0.590371347534924,0.36595637730796254,-2.4822213480490984
0.21212441235304758,-0.5992955548101918,0.25690496859031753,1790750881,15274781,0.11999999731779099,0.16705765850209728,-0.5905470759554018,0.3677762956831912,-2.4491434444953626
0.2258067213518097,-0.600096830954015,0.2609804073516122,1790750881,65260266,0.12200000137090683,0.17187481291335058,-0.5908038995172304,0.37001705720842937,-2.4167165240583035
0.2378301308224819,-0.6007175775720236,0.26862983816068653,1790750881,115642503,0.12099999934434891,0.1765508960854003,-0.5910519208231538,0.3725164605477057,-2.384164795843344
0.24923276783756643,-0.6015299031338871,0.2760295824293568,1790750881,165748757,0.12099999934434891,0.180818836253029,-0.5913651015255827,0.37531306854231766,-2.3529805429555757
0.25936965154946995,-0.6022765794308241,0.28481458881154337,1790750881,215616453,0.11999999731779099,0.1848591848134738,-0.5916642516171369,0.37827885043826726,-2.3221560661141774
0.26900797134151383,-0.6032056762678655,0.293208968833016,1790750881,265382316,0.11999999731779099,0.1884797464117422,-0.5920255175984568,0.3814711260582776,-2.2926747241782763
0.2752406133835679,-0.6037698711439411,0.3049392671846879,1790750881,315656108,0.11599999666213989,0.19191639100423036,-0.5923790524927985,0.3848349644465051,-2.2631300924926414
0.28452955685006254,-0.6049425812472102,0.31246537163759147,1790750881,365693722,0.11800000071525574,0.1948985267619302,-0.5927565280035955,0.3882398971754294,-2.235437337441837
0.2917025314537387,-0.6059127764895955,0.32159938134073646,1790750881,415317936,0.11800000071525574,0.19764150251001947,-0.5931153058681858,0.3916903775424122,-2.208286973641693
0.29623838034479977,-0.6066866041435949,0.3317767910964534,1790750881,465314846,0.11599999666213989,0.199989277296923,-0.5935035454312241,0.39516698238092457,-2.182622261368529
0.30265279268696443,-0.6077926736220433,0.3404467823646527,1790750881,515287349,0.11699999868869781,0.20213376085704637,-0.5938783544726591,0.3986817860629466,-2.157288771013726
0.309103125990433,-0.6090214885955877,0.3484513817400012,1790750881,565531428,0.11900000274181366,0.2039156320874772,-0.5942594218721771,0.40210464972081356,-2.133646974858937
0.3141947250075276,-0.6101236154104284,0.3570605290128346,1790750881,615474273,0.11999999731779099,0.20550857662612643,-0.5946232527632447,0.4055069867171052,-2.110494463116417
0.31750838592572694,-0.6110332341984411,0.3653403584618916,1790750881,665203747,0.11999999731779099,0.20674947710386296,-0.594969591952191,0.40863496402245014,-2.0898184544979066
0.31947776063355665,-0.6117914711966315,0.37394774001017234,1790750881,715347019,0.11900000274181366,0.2078523600636373,-0.595303377129892,0.4117487102914107,-2.069410989133647
0.3217020165246829,-0.6126106296817997,0.3814097820484409,1790750881,765722247,0.11900000274181366,0.2086890901988781,-0.5956160920970506,0.4145800221457093,-2.0512099723764146
0.3254863355658271,-0.6136909604156879,0.38817728645732996,1790750881,815412285,0.12099999934434891,0.20940169638853676,-0.5959109623027785,0.4173188041857475,-2.0336792535606825
0.3249263098169806,-0.61408721787982,0.3949623532733221,1790750881,865098017,0.11900000274181366,0.20991430204849984,-0.5961730593806246,0.4197074870753502,-2.018554384785123
0.32800747765365534,-0.6150704955846136,0.4008348618937367,1790750881,915442690,0.12099999934434891,0.21035144097180422,-0.5964256542161243,0.4220581218694144,-2.0036888599925433
0.3258539500157427,-0.6151725644297744,0.4065117425894721,1790750881,965215339,0.11800000071525574,0.2106409456520186,-0.5966410095273905,0.42402017676231507,-1.9913682430783919
0.3274526357393388,-0.6158857702601908,0.4114717058500537,1790750882,16007616,0.11900000274181366,0.2108809241253819,-0.5968498918045005,0.425951762319706,-1.9792365456135768
0.325864163550486,-0.615999933989338,0.4156602195115032,1790750882,65506597,0.11699999868869781,0.21101933398999867,-0.5970174559759922,0.4274640470623764,-1.969769821366246
0.32614565966484055,-0.6164175584069228,0.419470041356361,1790750882,115412479,0.11699999868869781,0.2111262112846164,-0.5971776484244846,0.42892266275637014,-1.9606299023837914
0.32630368049693403,-0.6167321208259132,0.4223332601703388,1790750882,165195388,0.11699999868869781,0.21118521026804615,-0.5972985982352225,0.43001933231630834,-1.9537588222285667
0.32739947114745094,-0.6171963363197387,0.42499002551403725,1790750882,215340169,0.11800000071525574,0.211228096986945,-0.5974119394813346,0.43105547159826213,-1.9472579808601411
0.3274550830939976,-0.6173963450897159,0.42682589480667515,1790750882,265338024,0.11800000071525574,0.2112511532845922,-0.5974873423119584,0.4317532139607771,-1.9428731618273747
0.32650677420224083,-0.6174081393988645,0.42853066802842993,1790750882,315411944,0.11699999868869781,0.21126794832634768,-0.5975553211839837,0.43238790963711315,-1.9388789214421307
0.32553705516966014,-0.6173435873486421,0.4295351001965363,1790750882,365457716,0.11599999666213989,0.2112760054924988,-0.5975949258809025,0.43276033236218625,-1.936532533718839
0.3265315741682383,-0.6176046721701661,0.4303482413135278,1790750882,415158244,0.11699999868869781,0.21128184937417402,-0.5976288472495136,0.4330808310718287,-1.9345116336237778
0.32554984962664635,-0.617476192556485,0.4307634077951031,1790750882,465617074,0.11599999666213989,0.21128427460904345,-0.5976446718776238,0.4332308718935121,-1.9335647592695167
0.3255518974823761,-0.6175083752488529,0.43106208552031344,1790750882,515310399,0.11599999666213989,0.21128598898152712,-0.5976567077622348,0.4333452145339308,-1.9328428290812232
0.3225972531652528,-0.6170040163001871,0.4312051583906178,1790750882,565404783,0.11299999803304672,0.21128645707701826,-0.5976601430810655,0.4333778982633556,-1.9326364537032354
0.3245676165079816,-0.61735123587291,0.43121176076348294,1790750882,615385563,0.11500000208616257,0.211286702503316,-0.5976619636028477,0.4333952349584994,-1.9325269909606757
0.32555022031436925,-0.6174813109723467,0.4308109883304123,1790750882,665221796,0.11599999666213989,0.21128457134788822,-0.5976465840286945,0.433249081633827,-1.9334497733208527
0.32456124779071394,-0.6172603714157232,0.43036873508257395,1790750882,715558061,0.11500000208616257,0.21128167810320506,-0.5976277774673432,0.4330707391699585,-1.9345753405600394
0.3255237961353826,-0.6172498921894628,0.42866959270991567,1790750882,765780584,0.11599999666213989,0.2112689798288655,-0.5975596286571989,0.43242854181977236,-1.9386230843796444
0.3235129113809562,-0.6167087687385586,0.42687616754379965,1790750882,815625067,0.11400000005960464,0.21124981070285836,-0.597482469936334,0.4317079036807076,-1.943158056253359
0.3253497226018933,-0.6166340837210446,0.42302323630553607,1790750882,865302289,0.11599999666213989,0.21119726210920148,-0.5973245468176894,0.4302590343720153,-1.95225274525878
0.32512517748011,-0.6161781808124303,0.41888783563310306,1790750882,915337404,0.11599999666213989,0.2111153717098965,-0.597147339293,0.4286648742909479,-1.9622304724110418
0.3236058351263818,-0.6153452631178751,0.4128081453467839,1790750882,965359537,0.11500000208616257,0.21089916320444546,-0.5968922200003598,0.4262874548172845,-1.9771715307132458
0.3238036104573746,-0.614785550188274,0.40612612148400834,1790750883,15291965,0.11599999666213989,0.21060088998629267,-0.5966140153633904,0.42375957337723114,-1.993015564037839
0.32529737759418625,-0.614312148232515,0.39696709426312005,1790750883,65315986,0.11900000274181366,0.21004710061386242,-0.5962615892518535,0.4204735110252716,-2.0137658969503986
0.32531443941528176,-0.6136079543863397,0.3874336528084897,1790750883,115401721,0.12099999934434891,0.20933910894031516,-0.5958789031510887,0.4170377624024728,-2.035444287947804
0.32329722581574705,-0.6125779710586919,0.3762951632943946,1790750883,165226778,0.12200000137090683,0.20821526502633,-0.5954474845526502,0.4129924256913455,-2.061481969223669
0.3167683612083691,-0.6109332979715418,0.36611683907249065,1790750883,215659913,0.11900000274181366,0.2068302886012975,-0.5949764151880316,0.40877828227155777,-2.0887463753340394
0.3126827755296399,-0.609777362704163,0.3537294962483855,1790750883,265465229,0.11999999731779099,0.20492399891026272,-0.5945016130827406,0.40427350569825626,-2.118996975229712
0.30498984706956855,-0.6082037614264145,0.3426247141455341,1790750883,315762123,0.11800000071525574,0.20269511344602445,-0.5939900315283201,0.39970148283536555,-2.1501413570411403
0.29861670335617574,-0.6070346025061096,0.3300359461780624,1790750883,365311261,0.11900000274181366,0.1999349741905031,-0.5935155765696869,0.3951524027705001,-2.1829938882527724
0.2887714225542018,-0.6055096286972309,0.31937136742488065,1790750883,415402940,0.11699999868869781,0.19681684811070405,-0.5930083506075224,0.39062495665513836,-2.2166057670664285
0.27722740384160877,-0.6040172079727634,0.3101392586369227,1790750883,465116043,0.11400000005960464,0.193231691177412,-0.5925665579065869,0.3863600096217138,-2.250946314192216
0.26775694763187585,-0.6029399696696297,0.2988345633017019,1790750883,515399048,0.11500000208616257,0.1892979485297837,-0.5920976655041537,0.38221100110099027,-2.28586174345869
0.2588223873101194,-0.602205848189008,0.2870287959494686,1790750883,565392763,0.11800000071525574,0.1851103138157424,-0.5917223694042151,0.378574560802512,-2.3199791854045433
0.24534134155431847,-0.6009597852406232,0.2805505688985505,1790750883,616086956,0.11500000208616257,0.18063172778439254,-0.5913279561601966,0.3751280198799015,-2.354464968958009
0.23689418482731533,-0.6006812435902041,0.26811857964596725,1790750883,665669493,0.12099999934434891,0.17619590756114686,-0.5910475860887788,0.37234866945403083,-2.3866278651846056
0.22456417281632732,-0.5999378535208539,0.26140548244450823,1790750883,715683070,0.12099999934434891,0.17157916947138818,-0.5907561550008232,0.36979960439840615,-2.4188110868601953
0.21292481015572332,-0.5994043066606081,0.2561855790978602,1790750883,765264282,0.12099999934434891,0.16721568628440792,-0.5905676611423215,0.3678708043169254,-2.4480730827830013
0.20031213787903196,-0.5987680644198049,0.25355937752334046,1790750883,815763668,0.11900000274181366,0.1627263197138263,-0.5903734645616522,0.36615528161680766,-2.4773943257727193
0.18973752713616193,-0.598384683878022,0.2514009499880916,1790750883,865521771,0.11800000071525574,0.15882161919972476,-0.5902610177526033,0.364988858032693,-2.5023147057422253
0.1794993378829109,-0.5981064318844269,0.24886793878201074,1790750883,915834933,0.11800000071525574,0.15492331280446453,-0.5901473717927754,0.36400556305227877,-2.5268023770761903
0.1711657895448753,-0.5979517687082584,0.24728461335820287,1790750883,965501804,0.11800000071525574,0.1517515031085858,-0.590092101836387,0.3634108863873209,-2.546478782342103
0.1633327472181432,-0.5979550010740342,0.24410578731033472,1790750884,15291286,0.11999999731779099,0.1486750460381827,-0.5900385907508218,0.36294383508958494,-2.56539962832418
0.15719828170666023,-0.5979592437785315,0.24244724516634264,1790750884,65335391,0.12099999934434891,0.14633059181483196,-0.5900168273512869,0.36269620016822085,-2.5797385691005053
0.15124116787177858,-0.597848049645686,0.2429898377449124,1790750884,115584099,0.11999999731779099,0.14411931009041304,-0.5899974347365208,0.3625207807829385,-2.5932078500771425
0.14744313873442944,-0.5978314938852017,0.24279848755857525,1790750884,165173580,0.11999999731779099,0.14268812205178752,-0.5899906767639856,0.3624476027224129,-2.6019048193082477
0.14390508187997914,-0.5976248802921873,0.24567842668477502,1790750884,215394445,0.11699999868869781,0.14137872920502356,-0.5899849427447771,0.36240138325111937,-2.6098485417288346
0.1421280898497223,-0.5976197519342153,0.24564147034158715,1790750884,265879673,0.11699999868869781,0.14069779464085472,-0.5899811593081852,0.3623830903897274,-2.613974597711028
0.1406776386900148,-0.5978115759805085,0.2426282016244901,1790750884,315867500,0.11999999731779099,0.14013657809555563,-0.5899776321057693,0.362370992359759,-2.6173730254215313
0.1401928736564343,-0.5978102972677852,0.24262384511158164,1790750884,365498564,0.11999999731779099,0.13995359696223478,-0.5899763984155866,0.3623676221177667,-2.6184807020265524
0.1398750338244715,-0.5976789036217408,0.24461728635307114,1790750884,415628188,0.11800000071525574,0.13983387850054935,-0.58997556766173,0.3623655648548262,-2.619205327424632
0.1398288835356483,-0.5984996420106784,0.24479849841027337,1790750884,465344920,0.11800000071525574,0.13981175854455027,-0.5903030598483188,0.36251347586170357,-2.619092811075254
0.13983003656210893,-0.5997785991260907,0.2410293628838442,1790750884,516034955,0.12200000137090683,0.1398077588293067,-0.5906922497285647,0.3626905238713589,-2.6188287461047772
0.13983541454662413,-0.6040950808209524,0.2461319175281231,1790750884,565263248,0.11800000071525574,0.13978844725417097,-0.5925201603305583,0.36356282989158406,-2.6177036239742657
0.13984374260337892,-0.6101626975129723,0.2415449465725681,1790750884,615409641,0.12399999797344208,0.13980304442992625,-0.5945542759921786,0.36455866539572024,-2.6163868931198477
0.13985391032495148,-0.6194705885282874,0.23922305039621497,1790750884,665294744,0.1289999932050705,0.1397622184592578,-0.5977691887876743,0.3663845189659359,-2.6153439707874897
0.13986809490070365,-0.6292048855710636,0.23929778418795125,1790750884,715898427,0.13199999928474426,0.13980445878276185,-0.6009679609062173,0.36824223675218054,-2.614338232707255
0.13987807917051442,-0.6390312015090478,0.23464879549761872,1790750884,765251277,0.14000000059604645,0.1397908123876554,-0.6037212327409787,0.37012277328302073,-2.6145662770784592
0.1398945952020033,-0.6486298580990868,0.23218114286970742,1790750884,815792607,0.1459999978542328,0.13981914119033356,-0.6062916073803756,0.37190754054104097,-2.6150200379182658
0.13990330411860266,-0.6536079936895615,0.22896148465398017,1790750884,865466811,0.1509999930858612,0.13983042529923934,-0.6073799343907739,0.37271112511988047,-2.6154231100587535
0.1399086011993713,-0.6563380745363239,0.23021948959653277,1790750884,915296183,0.1509999930858612,0.13983858914170014,-0.6082186976155388,0.37334711996536596,-2.6158199271484137
0.1398785453421667,-0.657475880791284,0.22855585666628986,1790750884,965177712,0.15299999713897705,0.13983143674710094,-0.6083694533957903,0.37346119022499075,-2.6159350792061056
0.13984038466621931,-0.6578671868384468,0.22764179559874723,1790750885,15282113,0.15399999916553497,0.13982049981511802,-0.6083905987034757,0.37347754764227015,-2.615996187794843
0.13945099919309698,-0.6575609546908407,0.22860070638138946,1790750885,65143327,0.15299999713897705,0.13970606376226563,-0.6083961457555872,0.37348602526826824,-2.6165140039168002
0.13899509662171564,-0.6572442104088558,0.22955629320537307,1790750885,115411665,0.15199999511241913,0.13957081158084111,-0.6083986820303858,0.373493020359666,-2.6171235957023464
0.1378544263129639,-0.6575765141732215,0.22863354204073202,1790750885,165329509,0.15299999713897705,0.13923612128126828,-0.6084045289496331,0.37351006157620664,-2.6186312003270817
0.13656955075538846,-0.6579094269523981,0.22771853097428799,1790750885,215574661,0.15399999916553497,0.13886186060756273,-0.6084103525644559,0.3735286358822242,-2.6203155441901944
0.13438125558180355,-0.6569635176032895,0.2306274598762706,1790750885,265606933,0.1509999930858612,0.1381965992051715,-0.6084188589871683,0.3735605112842987,-2.6233046973036442
0.1319043865397446,-0.6576236447448657,0.22882623859038137,1790750885,315510536,0.15299999713897705,0.13747882911342774,-0.6084253777260357,0.3735931382493282,-2.626524041087428
0.12860102582295327,-0.6560328265392387,0.23371686259570457,1790750885,365311462,0.14800000190734863,0.13641986678226628,-0.608428371321321,0.37363355971950546,-2.631256485357596
0.12453297268351386,-0.6576525196757402,0.22920744126826856,1790750885,415434604,0.15299999713897705,0.13528635718061494,-0.6084247611686721,0.3736719408477648,-2.636307301189071
0.11985289273186696,-0.6564446430296532,0.23347695641203864,1790750885,465290448,0.14900000393390656,0.13379640875879803,-0.608456092620851,0.37384674861382516,-2.643183495850641
0.11425500265858918,-0.6574933123376848,0.23128697562067915,1790750885,515735676,0.15199999511241913,0.13221593702305934,-0.6084828611782525,0.37404333809913237,-2.6504885477863485
0.10796863618940071,-0.6573028446182476,0.23320985438308744,1790750885,565543233,0.1509999930858612,0.13030826480923502,-0.6085286832034403,0.37435878311915805,-2.659451994049113
0.10136507307638852,-0.6574264125049054,0.23438118984854145,1790750885,615469382,0.1509999930858612,0.12832747593219904,-0.6085599073551001,0.37468832230664273,-2.668747492100677
0.09471922324367216,-0.6560256473784107,0.24074068708889804,1790750885,665429107,0.1459999978542328,0.1260300245101177,-0.6086345636226262,0.3752387104124449,-2.67985995122524
0.08600135263278816,-0.6575388867008828,0.23908955542718868,1790750885,715558767,0.15000000596046448,0.12365866155319517,-0.6086911247878116,0.37582223268137077,-2.691343990812128
0.07905882446257881,-0.655920032793297,0.24726455145596743,1790750885,765657640,0.14399999380111694,0.12106340516012495,-0.6088062065351845,0.3766936856973176,-2.704395736961216
0.07024987241815114,-0.6565726284093123,0.24942174819982066,1790750885,815585772,0.14499999582767487,0.11843067634844254,-0.6088970714338452,0.3776038459737904,-2.7176817872892265
0.0607864169305297,-0.6573769203919725,0.2524739051462844,1790750885,865117891,0.1459999978542328,0.11565585351267449,-0.609056177861376,0.3788481515095596,-2.732318314872714
0.052815478835672,-0.6568458967664759,0.2594229719870357,1790750885,915319274,0.14300000667572021,0.11281172832582077,-0.6091874607552658,0.3801628801919753,-2.7474205505907037
0.042507171217971124,-0.6581351656619931,0.2630689636695875,1790750885,965234804,0.14499999582767487,0.1099165744534237,-0.6093897038785375,0.38183280960337135,-2.7635938123028483
0.034622511801193606,-0.6577276001720472,0.2712984111369712,1790750886,15606577,0.1420000046491623,0.10698836979742883,-0.6095576916135906,0.3835786134270488,-2.780139287823812
0.026677104124500833,-0.6578289628217502,0.27946890899370114,1790750886,65543514,0.14000000059604645,0.10419634130670509,-0.609822576583425,0.3857052253545337,-2.797119608293523
0.01968843473230643,-0.6575554425047049,0.28875029626330184,1790750886,116064353,0.13699999451637268,0.10141110909475974,-0.6100533782950021,0.3879166055036473,-2.8144029281470693
0.01224441614031789,-0.6580846419915604,0.2970228574203454,1790750886,165371174,0.13600000739097595,0.09885541067626258,-0.610350670731578,0.3903824076741424,-2.831532467556751
0.0030986054878797548,-0.6596492282195991,0.3037683670849147,1790750886,215447260,0.1379999965429306,0.09631991811133421,-0.6106087471572268,0.39292450616563157,-2.8489750361692874
-0.004773471602917301,-0.6609914641052346,0.31174483528815206,1790750886,265196612,0.13899999856948853,0.09406535756908586,-0.6109345011432226,0.3956863977542221,-2.866079884581762
-0.007859334509954088,-0.6601263222642695,0.32355692616532383,1790750886,315513394,0.1340000033378601,0.09187834191070177,-0.6112222232229229,0.3985021454505406,-2.883337932071581
-0.012112185150288293,-0.6604156337661155,0.3335851249690492,1790750886,365596017,0.13199999928474426,0.09002252446646282,-0.6115709578416084,0.4014577891019996,-2.8999417277537387
-0.020541543518562577,-0.6628896936638047,0.34075840239099564,1790750886,415449426,0.13600000739097595,0.08828740694810086,-0.6118798128352801,0.4044000052033837,-2.9163626407172907
-0.020075327692635966,-0.6616304953405482,0.3523676344486414,1790750886,465404020,0.12999999523162842,0.08686757930047775,-0.6122170484579951,0.4073360314715741,-2.931821599951315
-0.024780908090791365,-0.6629585646456835,0.36082669935177114,1790750886,515306892,0.13099999725818634,0.0855616245062275,-0.6125162854145763,0.4102342012891458,-2.9470840628048243
-0.028721123265933637,-0.6642898493738044,0.36893136121621595,1790750886,565535201,0.13199999928474426,0.08455531714579886,-0.6128320754519464,0.4130283606813344,-2.9611275883850796
-0.02875395000352461,-0.6639988713108707,0.3781415431825895,1790750886,615251942,0.1289999932050705,0.08366563927785843,-0.6131137998676234,0.4157386667019361,-2.9747907342375797
-0.028033699224492947,-0.6636328100793734,0.3863524312115848,1790750886,665260490,0.12600000202655792,0.08303334273276584,-0.6133950996748472,0.4182316588507242,-2.986933589848494
-0.03048903570330297,-0.6648131301894584,0.39332582181350406,1790750886,715280576,0.12700000405311584,0.08249276927408909,-0.6136522933726839,0.42065129618723385,-2.99877528731881
-0.034222550836576104,-0.6667202091901245,0.3989365429785637,1790750886,765359560,0.12999999523162842,0.08214947438083944,-0.6138893102105625,0.42273668205445825,-3.008748513386226
-0.03235684514497579,-0.6661542666817813,0.40545523450308396,1790750886,815592388,0.12700000405311584,0.08187172418116384,-0.6141082332336459,0.42474371245004305,-3.01840471980527
-0.03193693096250608,-0.6662537408839909,0.4102193642099063,1790750886,865258785,0.12600000202655792,0.0817121584903878,-0.6142823530050933,0.4263084853531477,-3.0258788657234343
-0.03229192470526239,-0.6667362043390717,0.4146584721256888,1790750886,915628596,0.12600000202655792,0.0815878735770576,-0.6144434895557233,0.4278062489133472,-3.0330835721554403
-0.03246683599269799,-0.6670841241836662,0.41782314355590255,1790750886,965395152,0.12600000202655792,0.0815295697645874,-0.614561674511093,0.4288781092051015,-3.03821181597705
-0.03348598039572162,-0.6678252752450194,0.42070696627475523,1790750887,15463580,0.12700000405311584,0.08148982478755423,-0.6146699698270057,0.4298764132518912,-3.043009378044125
-0.03081751873807595,-0.666759879988998,0.422689249327204,1790750887,65468693,0.12399999797344208,0.08147045682983627,-0.6147332327737259,0.4304762911154067,-3.045912597710566
-0.02903489083418402,-0.6660837181282871,0.42434084665529925,1790750887,115349435,0.12200000137090683,0.08145648179457103,-0.6147872228691595,0.43099866035389184,-3.048453401426666
-0.03266735626864847,-0.6678461207048262,0.42488115442877816,1790750887,165391141,0.12600000202655792,0.08145058555173043,-0.6148130711419632,0.4312523018478964,-3.049691394915336
-0.03357877901277598,-0.668330329360985,0.4254288754018007,1790750887,215463143,0.12700000405311584,0.0814463792586587,-0.6148331559938361,0.4314510374594066,-3.050663379071191
-0.03176857297773569,-0.6675038897010926,0.4256756196117864,1790750887,265335273,0.125,0.08144532721093775,-0.6148382832907973,0.43150199974913894,-3.050912893485383
-0.030863420602765326,-0.6670900468033502,0.4257931865559565,1790750887,315196580,0.12399999797344208,0.08144481442307765,-0.6148406877793948,0.43152592799260586,-3.0510300729989397
-0.03267477965474372,-0.6679323222237825,0.42569625131045524,1790750887,365340176,0.12600000202655792,0.08144487566300826,-0.6148405424755511,0.43152443318951217,-3.051022728627468
-0.03086317022878013,-0.6670876713745134,0.4257703787364635,1790750887,415205760,0.12399999797344208,0.08144504275147632,-0.6148399250681454,0.4315182305526134,-3.050992324074987
-0.03086212817560975,-0.667073489510601,0.4256359853534692,1790750887,465251234,0.12399999797344208,0.0814459673538482,-0.6148353664445578,0.43147290872942035,-3.0507703976093214
-0.0290493853108771,-0.6662144959133497,0.4255743959670785,1790750887,515657841,0.12200000137090683,0.08144706967507008,-0.6148300146480171,0.43141980913746286,-3.05051050793406
-0.0290461420999525,-0.6661784733435557,0.42523383677578575,1790750887,565530138,0.12200000137090683,0.08144950244898345,-0.614818272166092,0.43130364774705326,-3.0499422642234313
-0.029947570510921173,-0.6665594136182452,0.42480623132394174,1790750887,615708262,0.12300000339746475,0.08145234469667882,-0.6148052468078733,0.43117537139777173,-3.049315440894345
-0.02993922752262379,-0.6664947269445257,0.4241974783730293,1790750887,665850514,0.12300000339746475,0.08145721639980642,-0.6147841230315859,0.4309684871732191,-3.04830618551598
-0.03264526577462615,-0.6676865125775551,0.42338102920786247,1790750887,715356438,0.12600000202655792,0.08146282128904571,-0.61476168317993,0.4307503853937421,-3.047244246546807
-0.03081386662252915,-0.6667428732390115,0.42253073027875804,1790750887,765328264,0.12399999797344208,0.0814720714510342,-0.6147276142320376,0.4304225259420377,-3.0456517653446413
-0.03169267113623413,-0.6670510977874532,0.42143330252336986,1790750887,815337044,0.125,0.08148311558114159,-0.614690888846752,0.43007331528893955,-3.0439606214906685
-0.031647939053735294,-0.6668989579939001,0.4200288615128834,1790750887,865293342,0.125,0.08149998647929203,-0.6146401518277259,0.4295977760625461,-3.041666062541714
-0.029780124290611623,-0.6659023439336565,0.4187115585994879,1790750887,915560420,0.12300000339746475,0.08152034507853262,-0.6145854054155822,0.429093185404411,-3.0392415488457725
-0.029692976521977027,-0.6656966911209433,0.4168500401586346,1790750887,965232975,0.12300000339746475,0.08154877969608769,-0.6145139073488122,0.42845155534555146,-3.0361784969019197
-0.030486371181240354,-0.6658927069389511,0.4147844606799499,1790750888,15419719,0.12399999797344208,0.08158309100316113,-0.614436596038264,0.4277730631486084,-3.032957794331992
-0.030315666668757416,-0.6656291834764295,0.41239759831618533,1790750888,65229895,0.12399999797344208,0.08164003507264916,-0.6143455309196778,0.42695463528945776,-3.029051837053122
-0.031008082823077557,-0.66576415317797,0.4097819477653005,1790750888,115341833,0.125,0.08170777178202819,-0.6142483732899767,0.4260994397040911,-3.0249904808305774
-0.029796081384173542,-0.6650441929655591,0.4070379006810438,1790750888,165374427,0.12399999797344208,0.08182085475352867,-0.6141469247003989,0.42512455730381593,-3.020262285480898
-0.03212472027225101,-0.6659515825216153,0.4036006379746074,1790750888,215424827,0.12700000405311584,0.08195056802153142,-0.6140404602160823,0.424120506667215,-3.0154077408284516
-0.03074129740518923,-0.6651562048818017,0.40026852925968975,1790750888,265275726,0.12600000202655792,0.08211194015034527,-0.6139080934727712,0.4229352087900995,-3.0097357819169765
-0.028385903850230043,-0.6639337417373927,0.39701483779270935,1790750888,315952640,0.12399999797344208,0.08229436470560332,-0.6137623563000564,0.4216868813465066,-3.0038154820942577
-0.029425787286076144,-0.6643244317179842,0.3927050399743596,1790750888,365336748,0.12600000202655792,0.08255669444227146,-0.6136260613085833,0.4203745093311088,-2.9973919209149313
-0.02679815747843957,-0.6630858116228949,0.3891445754269226,1790750888,415582696,0.12399999797344208,0.08285221555588608,-0.613480309262257,0.4190124398700933,-2.990743403820675
-0.028383097128467635,-0.6637952715805306,0.3839340724259898,1790750888,465420224,0.12700000405311584,0.08321397706045824,-0.6133163694464189,0.4175045133122455,-2.98336935063745
-0.026310267653803746,-0.6628834635736716,0.3796252790339234,1790750888,515592292,0.12600000202655792,0.08360844546532806,-0.6131371798177669,0.4159458554253248,-2.975805371145071
-0.023126055255570488,-0.6615698783489103,0.3753885967542615,1790750888,565202346,0.12399999797344208,0.08410552831476499,-0.6129604771776909,0.4143053425096204,-2.967644232812773
-0.02579813314119457,-0.6629651492874361,0.36876314366462715,1790750888,615418276,0.1289999932050705,0.08464869529585435,-0.6127686309398586,0.4126129541646354,-2.9592543012633814
-0.023798450888025055,-0.6623882099758346,0.3633824832549485,1790750888,665617066,0.1289999932050705,0.08532840753512216,-0.6125833343335929,0.4108356325694404,-2.950142461187707
-0.024963352878193873,-0.6633249122154978,0.3564096595981728,1790750888,715540845,0.13300000131130219,0.08605126531646172,-0.61238434296217,0.4090386753599,-2.9409452742751143
-0.018235518017907792,-0.6607982138993317,0.35271467533495077,1790750888,765476179,0.12800000607967377,0.08691832683778854,-0.612185518733836,0.4071524961694337,-2.931004497726336
-0.016292356891363963,-0.6605395927185699,0.3465920668789267,1790750888,815176734,0.1289999932050705,0.08783094717429765,-0.6119685493864657,0.4052451959257974,-2.9209735551424285
-0.01781456341440847,-0.662135913583191,0.3377346134014656,1790750888,865273681,0.13500000536441803,0.08891543069734967,-0.6117603222557385,0.40327856509577886,-2.9101997650581133
-0.0127107226166394,-0.6607080140654469,0.33266131657895265,1790750888,915324665,0.13300000131130219,0.09005350182325161,-0.6115318971584992,0.4012923886238239,-2.8993101831968304
-0.008682463399752316,-0.6600389211169163,0.3264667178148962,1790750888,965792864,0.13300000131130219,0.09138125124186132,-0.6113202389342133,0.3992866557941947,-2.8877312211827912
-0.0037675176392943377,-0.6589966940399982,0.3210466671278678,1790750889,15139361,0.13199999928474426,0.09273375337507517,-0.6110917543297133,0.3973134440044192,-2.8763021245524016
-0.0004614728770761384,-0.659061626363741,0.3137580164482146,1790750889,65164057,0.1340000033378601,0.09429693989466109,-0.6108849938822991,0.3953414472799446,-2.864139683592264
0.0032238486292063134,-0.6590856774796535,0.3064247555026942,1790750889,115356078,0.13600000739097595,0.09592221744818043,-0.610654160640081,0.39335807825792524,-2.851826082580791
0.008856648228222713,-0.6584357922674158,0.30037819859955617,1790750889,165547341,0.13600000739097595,0.09774975592074393,-0.6104543758620485,0.3914375259353436,-2.838969772978488
0.013519788488538659,-0.6584594070062257,0.293070261808518,1790750889,215807335,0.1379999965429306,0.09963476092261785,-0.6102291142511711,0.3895173946289827,-2.825993517426483
0.021099392786383342,-0.6571566206592099,0.2888278564419633,1790750889,265196433,0.13600000739097595,0.10168818001072412,-0.6100453074573184,0.3877317165913464,-2.8127657385616565
0.026234974466310207,-0.657537151727216,0.280924188264149,1790750889,316264868,0.13899999856948853,0.10386072756279513,-0.6098273678318478,0.3858957014435761,-2.7990021739306745
0.03242288728605139,-0.6576535795613433,0.27407632490282285,1790750889,365475151,0.14100000262260437,0.1061705590015719,-0.6096596967571769,0.38425285992500535,-2.7852247153240484
0.041520049697882616,-0.6560402307654777,0.2713338110557347,1790750889,415213558,0.1379999965429306,0.10854866227068997,-0.6094607499457498,0.3826060722396343,-2.7712139899329107
0.04820036567263536,-0.6565379682796596,0.2641180052499119,1790750889,465371718,0.14100000262260437,0.11111628282048977,-0.6093091631888299,0.3811309450416767,-2.756862455809714
0.05496767965987307,-0.6573317849063504,0.2561922480562536,1790750889,515705176,0.14499999582767487,0.11372673716992612,-0.6091285771977872,0.37967837163765494,-2.7424184783109653
0.06429653298721558,-0.6565561335575658,0.2529392431451064,1790750889,565377027,0.14399999380111694,0.11649749099338715,-0.6089999859804914,0.37843613962301603,-2.727798440380328
0.07290230345315003,-0.6567436363839085,0.24733987742691368,1790750889,615583724,0.1459999978542328,0.11933068167116395,-0.608839045331512,0.3772073299528783,-2.712951428817591
0.08293679629456466,-0.6557629142613502,0.2459745438276195,1790750889,665287520,0.14399999380111694,0.12225490661265143,-0.6087531395897933,0.376282507901447,-2.6983773810684513
0.09185304722817313,-0.656397510853713,0.2404263734869513,1790750889,715320808,0.1469999998807907,0.1252094239430675,-0.6086392814365255,0.37539119712756447,-2.683729133557154
0.10169165495479796,-0.6565022742474305,0.23729079528550714,1790750889,765277884,0.14800000190734863,0.12827965455739931,-0.6085878601702763,0.37477274961170326,-2.669127495714759
0.11174705001273066,-0.6565865355117977,0.23452606376195853,1790750889,815249459,0.14900000393390656,0.13135680433869631,-0.608505442303216,0.3741851743972734,-2.6545262025224017
0.12189232115979294,-0.6574428999098167,0.23053713036547185,1790750889,865253775,0.15199999511241913,0.13450550458624788,-0.608484678314464,0.3738828615758793,-2.6401488178810104
0.13243651888944202,-0.6582759490817703,0.22693354560833165,1790750889,915465371,0.1550000011920929,0.13766047673678625,-0.6084320988467405,0.3736076783915388,-2.625756127077741
0.14322172937631578,-0.6579590167304716,0.22782789467023382,1790750889,965359899,0.15399999916553497,0.14083733357542735,-0.6084425741141474,0.37363062547550285,-2.6118401420925657
0.15387911017755806,-0.6569738926893184,0.23103178226295507,1790750890,15664875,0.1509999930858612,0.14402534838071432,-0.6084192128281241,0.37367239483159953,-2.597879606810299
0.1643211565853631,-0.6574392845549736,0.23119175226891392,1790750890,65194614,0.15199999511241913,0.14711848073659886,-0.6084743779277397,0.3740570887813236,-2.584932605065433
0.17593798984649148,-0.6598200010668763,0.2261860565451026,1790750890,115566997,0.1589999943971634,0.15023402844862122,-0.6084994913971726,0.3744645441081899,-2.5719084275858624
0.1846565891268271,-0.6575085138117817,0.23582596470912254,1790750890,165335886,0.1509999930858612,0.15322756938327084,-0.6085941361296638,0.3751837714006044,-2.5599502290948
0.1951339341810604,-0.658399309921781,0.23655600267135096,1790750890,215423092,0.15299999713897705,0.15620650210483591,-0.6086577462988932,0.375909621227986,-2.5480807331687307
0.20534899419574137,-0.6594262446412225,0.23792041720922158,1790750890,265298120,0.1550000011920929,0.15904986552451697,-0.6087787180067837,0.3769032186619482,-2.5372968573594554
0.2153874375760958,-0.6600966334238532,0.24060115837885424,1790750890,315891607,0.15600000321865082,0.16189798061461658,-0.6088688636107105,0.37789862593800766,-2.5265605814837926
0.22406915467747654,-0.6602362873181548,0.24550204707523507,1790750890,365396234,0.1550000011920929,0.16453591081382768,-0.6090146328095801,0.3791326399573455,-2.517250521017949
0.23303893036584528,-0.6606602983693075,0.2498477353689036,1790750890,415498291,0.1550000011920929,0.1671757923172405,-0.6091288978031443,0.3803527627495714,-2.508043637715375
0.2408359030452731,-0.6608675218126184,0.25537107929497094,1790750890,465443950,0.15399999916553497,0.1695853150395433,-0.6092944133776553,0.38178139508517084,-2.5003998508033183
0.2493740802806791,-0.6616888141521233,0.2594685313591879,1790750890,515497071,0.1550000011920929,0.17196821732639037,-0.6094282426585982,0.38317045299753927,-2.4930204668171183
0.25688159718805154,-0.662297191894566,0.26474541457221273,1790750890,566035855,0.1550000011920929,0.17415218266256316,-0.6096120761446155,0.38476675817506123,-2.487215443415659
0.26344463396615037,-0.6624844961445436,0.270792364759101,1790750890,615267239,0.15399999916553497,0.17626154168657343,-0.6097603220376299,0.38627080269579717,-2.4818610394432588
0.2698482672549006,-0.6631158369011846,0.2762241193265912,1790750890,665176980,0.15399999916553497,0.1781242527177223,-0.6099508402230102,0.3879209770638525,-2.478333682272208
0.2748953095811945,-0.6629878311288788,0.28321202929627687,1790750890,715783172,0.15199999511241913,0.17999862494641974,-0.6101130968297369,0.3895270340336077,-2.475114987277557
0.28154897422958153,-0.6643248420578611,0.28726205135175015,1790750890,765340447,0.15399999916553497,0.18155917047249248,-0.6103053927511584,0.3911848014318176,-2.4739710021272336
0.2882419798869525,-0.6656063374983449,0.29154483668919057,1790750890,815823498,0.15600000321865082,0.18315167295069945,-0.610471192487069,0.39279770912671097,-2.4731611945012735
0.2927494252823135,-0.6662333026396691,0.29685288819644506,1790750890,865090485,0.15600000321865082,0.18443203931300242,-0.6106554693551356,0.3943949270740026,-2.474384835456865
0.29865433582737,-0.6675111771813758,0.30106119591690694,1790750890,915510211,0.15800000727176666,0.18575506152195637,-0.6108161312082298,0.3959475907335094,-2.475992836886619
0.2988861797755843,-0.6663024986633324,0.3091751316228629,1790750890,965342998,0.15299999713897705,0.18685756273897983,-0.6109885595342609,0.397486830889824,-2.4794251140136985
0.3056368106806622,-0.6682683196210071,0.31208820034358076,1790750891,15706901,0.15700000524520874,0.18800125313550836,-0.611137107698249,0.39896110677748153,-2.4832479142451453
0.3088088630063764,-0.6688219576864146,0.31695356645279704,1790750891,65355631,0.15700000524520874,0.18890383374860717,-0.61129736581264,0.4003964027866894,-2.4889617149473535
0.3103622045294754,-0.6685623777459909,0.3227848075526971,1790750891,115185205,0.1550000011920929,0.18984231508965865,-0.6114363227512725,0.4017567675113024,-2.4950433778059886
0.3120342841963747,-0.6687415262324174,0.3277427917143005,1790750891,165407587,0.15399999916553497,0.1905115458575881,-0.611593992921306,0.40312437597785244,-2.503700783887181
0.3167824635997753,-0.6703434207450116,0.33064547142899037,1790750891,215229957,0.15700000524520874,0.1911912719537305,-0.6117339979168815,0.4044071808972197,-2.51277451351797
0.31737482147235374,-0.670019918583885,0.3356875104622402,1790750891,265418737,0.1550000011920929,0.19185271111183944,-0.6118586254145114,0.40559075900662367,-2.522177897465448
0.3195651142118644,-0.6703627867617692,0.33969487375325647,1790750891,315428960,0.1550000011920929,0.19257440286590405,-0.6119640736317956,0.4066870367737086,-2.531597412403718
0.3236359588815362,-0.6719796851199867,0.3422287514146158,1790750891,365462360,0.15800000727176666,0.19298114661042096,-0.6121000877166827,0.40786225004981097,-2.544037376686628
0.3226608248392413,-0.6712918175860025,0.3471594003799095,1790750891,415370268,0.1550000011920929,0.19337925675009873,-0.6122281871397784,0.40898790578375266,-2.5570116975608967
0.3207435761006182,-0.6701355360392277,0.35215009658761365,1790750891,465078081,0.1509999930858612,0.19380355533436305,-0.6123379357457911,0.4100004763626245,-2.569518507235294
0.32135686380796447,-0.6700631347174701,0.35588191167997324,1790750891,515416603,0.15000000596046448,0.19429004993674023,-0.61243514004276,0.4109549616275348,-2.5821064947396097
0.3259915697440506,-0.6719968001947768,0.3578437592401949,1790750891,565489272,0.15399999916553497,0.1946404220867954,-0.6125592447274343,0.41197372092661494,-2.5955931925398157
0.327219328597682,-0.6723712524732859,0.3612818984925533,1790750891,615943804,0.15399999916553497,0.1950059356157634,-0.6126766067058832,0.4129749127778304,-2.609358959967696
0.3291270848417743,-0.6731358167987083,0.36421891846951254,1790750891,665582052,0.1550000011920929,0.19529626706058256,-0.6127899620437576,0.41394507250801277,-2.622797831268324
0.3293002170098265,-0.6730919615239461,0.3677962306135379,1790750891,715742657,0.15399999916553497,0.19560935034810165,-0.6128908844672827,0.4148980589797421,-2.636360633410871
0.3320036089264691,-0.674179052969686,0.3702503277082023,1790750891,765249895,0.15600000321865082,0.19591930286779202,-0.6129805695102603,0.41576744834443935,-2.648859802718917
0.33122296590878947,-0.6736640014528132,0.3738614204185857,1790750891,815239979,0.15399999916553497,0.19626038102697257,-0.613057760479162,0.41661634972558925,-2.661321548661392
0.3329325644845871,-0.6744811859006371,0.37698913096859166,1790750891,865355481,0.1550000011920929,0.19647264148062424,-0.6132046565533141,0.41759549419466735,-2.6732197659264583
0.3346117506488662,-0.6753034684991573,0.38027134815226965,1790750891,915805605,0.15600000321865082,0.19667754711808408,-0.6133427400625743,0.41862528709152125,-2.6850789093244476
0.3335468984222694,-0.6748511609807438,0.38393882444210453,1790750891,965384474,0.15399999916553497,0.19688767465606263,-0.6134413903418099,0.4195632033514429,-2.6957671467858932
0.33334318371496396,-0.6747560909361625,0.3873182233957842,1790750892,15281826,0.15299999713897705,0.19711774604878657,-0.6135166178426537,0.42050491037135923,-2.7063422895697418
0.32856459848111463,-0.6726978504504164,0.3916457054888073,1790750892,65351809,0.1469999998807907,0.19728516156288323,-0.6136300451652881,0.42140648145622345,-2.715389356622245
0.3299903173653027,-0.6734294647022675,0.39449765601210174,1790750892,115329096,0.14800000190734863,0.19745319917946944,-0.6137318092404548,0.4223203589708791,-2.7241325157518057
0.33222037462467546,-0.674590892319616,0.3971259141807275,1790750892,165611155,0.15000000596046448,0.19757036453845989,-0.6138508395482478,0.4232031563902258,-2.7315955493830355
0.3326247562677009,-0.6749283160941915,0.4001425704439676,1790750892,215889047,0.15000000596046448,0.19768737302937883,-0.613955236523312,0.4241047898857636,-2.7388120759398324
0.3329621507453564,-0.6751949300693414,0.40277829241949836,1790750892,265472841,0.15000000596046448,0.19780160652234827,-0.614025052263532,0.4249114151702986,-2.7450923025775027
0.33328471179834684,-0.6754390809308988,0.405423082741621,1790750892,315943771,0.15000000596046448,0.19792542244936467,-0.6140775631957142,0.4257363472826178,-2.751338934737239
0.3335055022413602,-0.6757007624799405,0.40777925012423494,1790750892,365419509,0.15000000596046448,0.19799008569955318,-0.6141584970517238,0.426437310945307,-2.756076143261896
0.334606673007194,-0.6763700118461912,0.4100346081374923,1790750892,415637919,0.1509999930858612,0.19805072246548241,-0.6142357552211998,0.4271461375033751,-2.760644484750309
0.33201427772885156,-0.6753851312573171,0.41241141671579806,1790750892,465353797,0.14800000190734863,0.19807209765069592,-0.6143239382656709,0.42774189847349464,-2.7640635586105735
0.3339261772743415,-0.6764573841710563,0.4142550635598274,1790750892,515871450,0.15000000596046448,0.19808967496711552,-0.6144085734713635,0.42834021602020445,-2.7673389925591096
0.334003597358053,-0.6766469290312243,0.4159313951457395,1790750892,565368280,0.15000000596046448,0.19810955143467987,-0.614468166274931,0.42883920413147103,-2.7700344377960766
0.3358851944791875,-0.6776545649447077,0.417415683049092,1790750892,615314503,0.15199999511241913,0.19813200840486386,-0.6145198407115078,0.4293347785074729,-2.7726642918704694
0.3323102484463416,-0.6761284076018155,0.41903738847167743,1790750892,665094595,0.14800000190734863,0.19815191609782395,-0.6145570301970753,0.42973822537927153,-2.774767717041331
0.335981090691564,-0.6779210913253709,0.4200366086336712,1790750892,715386690,0.15199999511241913,0.19817265473744602,-0.6145893431093347,0.4301323088053186,-2.7767916370150063
0.3360125856458852,-0.6780164346234537,0.4210228912688057,1790750892,765362200,0.15199999511241913,0.19818943519077,-0.6146116944091744,0.43043653196525544,-2.77833470697877
0.33150623166062454,-0.6760165770986686,0.42224825986598924,1790750892,815631416,0.1469999998807907,0.1982061383518567,-0.6146310279226245,0.4307276136846325,-2.7797955584984546
0.3360584237645981,-0.6781652100990544,0.4226207892561537,1790750892,865473222,0.15199999511241913,0.19821834999713644,-0.6146435558221531,0.4309341529485471,-2.7808231873393985
0.33154005643458073,-0.6761297112593981,0.4234964476847157,1790750892,915439731,0.1469999998807907,0.1982300656192079,-0.6146544142581312,0.4311275794725762,-2.7817789224165055
0.336084341267883,-0.6782562332152997,0.4236376842005518,1790750892,965325805,0.15199999511241913,0.1982378917073939,-0.6146610412243335,0.4312538783534813,-2.782399572527616
0.3351861207290199,-0.6778694664700035,0.42404917207937826,1790750893,15271259,0.1509999930858612,0.19824510736561277,-0.6146667535115764,0.4313685877410255,-2.7829609633383647
0.33337702180527184,-0.6770496378485367,0.4243457791532676,1790750893,65668625,0.14900000393390656,0.19824917295657987,-0.6146698215599258,0.43143267957788034,-2.783273480569754
0.3342877723063716,-0.6774827862405625,0.4244663776058263,1790750893,115433021,0.15000000596046448,0.19825260649564708,-0.6146723294188281,0.43148648906029174,-2.7835352672104317
0.331568783969099,-0.676233032481175,0.4246822464174986,1790750893,165585523,0.1469999998807907,0.198254173105769,-0.6146734441617183,0.4315109784557606,-2.7836544366755605
0.3342908250773491,-0.6774944523500748,0.42460242215214067,1790750893,215647200,0.15000000596046448,0.19825539432508538,-0.6146743005220764,0.43153004024876535,-2.783747200057716
0.3333841211121489,-0.6770764185098469,0.4246575926557439,1790750893,265995314,0.14900000393390656,0.19825557975944322,-0.6146744297193518,0.43153293113361013,-2.7837612628936768
0.33429102588819476,-0.6774952246414186,0.4246114493521894,1790750893,315792693,0.15000000596046448,0.19825557975944322,-0.6146744297193518,0.43153293113361013,-2.7837612628936768
0.3306608827182322,-0.6758105533403395,0.42468532463002645,1790750893,365071087,0.1459999978542328,0.19825326418752362,-0.6146727960015504,0.4314968263767551,-2.783585750817431
0.3324716050518287,-0.676636499157002,0.42445738682799933,1790750893,415300367,0.14800000190734863,0.1982504885556339,-0.6146707920564808,0.4314533567123344,-2.783374154858797
0.33155583041664216,-0.6761852985269473,0.424128821045249,1790750893,465278071,0.1469999998807907,0.19824279631192562,-0.6146649410049884,0.43133163390672813,-2.7827801664888154
0.33607970776687657,-0.6782392948733974,0.4234461858872374,1790750893,515913585,0.15199999511241913,0.19823419564966907,-0.6146579091869785,0.4311934884833074,-2.782103074506108
0.33515175384821455,-0.6777477645741445,0.42268067152367206,1790750893,565425240,0.1509999930858612,0.19821848263615693,-0.6146436405956642,0.43093577200784483,-2.780831367228794
0.3342200274144345,-0.6772479520222665,0.4218449702914075,1790750893,615336796,0.15000000596046448,0.19820193080882814,-0.6146264010634194,0.430655222242165,-2.7794339673024724
0.32964385409017505,-0.6750317191560699,0.4207809851099761,1790750893,665342871,0.14499999582767487,0.19817743316057637,-0.6145961019250358,0.43022106603607224,-2.7772439694808386
0.3332196834035681,-0.6765526853642936,0.41904648125726407,1790750893,715537576,0.14900000393390656,0.19815318713921307,-0.6145592079421138,0.42976336122677106,-2.774897453053992
0.33042103597991745,-0.6750931526200049,0.4172351620490743,1790750893,765661846,0.1459999978542328,0.19812268538306912,-0.6144996715941037,0.4291337275068563,-2.771603070960293
0.3339506013161323,-0.6765176405453845,0.41477586852974035,1790750893,815234890,0.15000000596046448,0.1980951518613718,-0.6144281336130245,0.42849416909798865,-2.768172748201234
0.3310985925770579,-0.6749463962015964,0.4123071421796255,1790750893,865218687,0.1469999998807907,0.19807078442593307,-0.6143144009224561,0.42768125587539046,-2.7637301985591005
0.33183975231515306,-0.6749889032365903,0.4093354225180898,1790750893,915598727,0.14800000190734863,0.19805341798806764,-0.6141759125577274,0.4268567659765423,-2.759065282276693
0.3324116513166373,-0.675095006666657,0.4059945156638886,1790750893,965205975,0.14900000393390656,0.19792428289159847,-0.6141053640930538,0.425854334523993,-2.7520342490785907
0.33112584600546013,-0.6743619961308294,0.4028369211054067,1790750894,15588904,0.14800000190734863,0.19778622733992635,-0.6140238049519974,0.4248334968382783,-2.7444559103406205
0.33243709617324485,-0.6747730643450989,0.39872061074046344,1790750894,65547849,0.15000000596046448,0.19763084692956862,-0.6139089332752676,0.42367726320239485,-2.7354218155074035
0.33189863321248925,-0.6743154128012537,0.3948456137245182,1790750894,115712536,0.15000000596046448,0.1974891889464256,-0.6137563298003594,0.42253497172209714,-2.726081082332688
0.3303035119914006,-0.6735121629831178,0.39111230932110447,1790750894,165048402,0.14900000393390656,0.19725482812743156,-0.6136433081937734,0.42135745968578575,-2.7146268683546144
0.3339878498441374,-0.6750706205530393,0.38602230863235404,1790750894,215396081,0.15399999916553497,0.19702399170439133,-0.6135040202677576,0.42017571308597546,-2.702516968136062
0.33394794338542577,-0.6750174167222748,0.3815087298046398,1790750894,265374748,0.1550000011920929,0.19673994199779274,-0.6133761455513117,0.41891619447665257,-2.688401172262637
0.3320889461595913,-0.6741165108089079,0.37745135818249514,1790750894,315570092,0.15399999916553497,0.1964765225142254,-0.613215851122079,0.41765558614080356,-2.6738287339677265
0.33093221178416077,-0.6736992870697328,0.3733365427408141,1790750894,365327397,0.15399999916553497,0.19609906479381042,-0.6130861017091279,0.41648818206198374,-2.6581386168743815
0.3271269433168801,-0.6720696800707964,0.3701142920942056,1790750894,415407000,0.1509999930858612,0.19574194180082927,-0.6129382540852727,0.41530780655674765,-2.6421133564101673
0.32497065852585655,-0.671245674683545,0.36633102014560726,1790750894,465508102,0.15000000596046448,0.19534342611521746,-0.6128069943934512,0.4140981956079448,-2.6249478735262137
0.3279765066425544,-0.6726966123119167,0.36053862870208425,1790750894,515452908,0.1550000011920929,0.19499240752797323,-0.6126582282677309,0.41284180445265317,-2.6076328134445776
0.32721192561945006,-0.6726751634970951,0.3560093823936824,1790750894,565391973,0.15600000321865082,0.19447090591969135,-0.6125290494270267,0.4116714669356546,-2.5913322569983595
0.323879882067283,-0.6714462762195146,0.3525127017147815,1790750894,615501669,0.15399999916553497,0.1939869292534342,-0.6123870949565596,0.41044225946238955,-2.5751609632876
0.3221049419036647,-0.6709854518048298,0.34822434915730444,1790750894,665416705,0.15399999916553497,0.19345900041011135,-0.6122499444836793,0.4091863181211519,-2.559391090258312
0.31621424592947034,-0.6685473636570728,0.3459234832789919,1790750894,715489948,0.14900000393390656,0.19300219128680815,-0.6120947764885004,0.4078338714623375,-2.543633146121751
0.3180131306515276,-0.6700042744134492,0.33919809944181367,1790750894,765413549,0.15399999916553497,0.19225572801284835,-0.6119622961822562,0.4065197466852346,-2.5307706189240307
0.31480436344337454,-0.6691100435408001,0.3348665561641503,1790750894,815786710,0.15299999713897705,0.1915478157825187,-0.6118100873447688,0.40510570196752027,-2.518306925658048
0.31132473414237394,-0.6682195297441457,0.33042039400754486,1790750894,865466180,0.15199999511241913,0.19074018994864228,-0.6116577097597833,0.40366059291376033,-2.507596984548466
0.3086260901176254,-0.6675917267527073,0.32538525380607314,1790750894,915601061,0.15199999511241913,0.19000467489992529,-0.6114755430490095,0.40209204811047794,-2.4970614516566667
0.30607484482126257,-0.6674059862106839,0.3195671341036418,1790750894,965155688,0.15299999713897705,0.18900127022082383,-0.6113119297643417,0.40053770953816037,-2.4895447282800425
0.30335977496832833,-0.6671063500827434,0.3135363807661126,1790750895,15467774,0.15399999916553497,0.18802759316867518,-0.6111156654178018,0.39885654728650566,-2.482445262032271
0.30130337856596523,-0.6676294362276484,0.30606464140588735,1790750895,65723128,0.15700000524520874,0.1867322167152519,-0.6109536245917533,0.3972255041408667,-2.4784826374735918
0.29690041726074545,-0.666977513590884,0.30027252813809746,1790750895,115502765,0.15700000524520874,0.18546892146228683,-0.610764139343351,0.3955199950168574,-2.4751332784215117
0.29051602736245985,-0.6656801842998566,0.2956742761673796,1790750895,165361219,0.1550000011920929,0.18398203159367044,-0.610598200224725,0.39386533047189,-2.4740106865015608
0.2847400235098712,-0.6646535583911252,0.2905205178395124,1790750895,215381960,0.15399999916553497,0.18251236543202332,-0.6103988226573807,0.3921174140389778,-2.473297313015478
0.27718866014153265,-0.6630284659661039,0.28690843258121457,1790750895,265291533,0.1509999930858612,0.18083132575461164,-0.6102343239400305,0.3904895147801761,-2.4746940985982397
0.2751407690265543,-0.6644659249134401,0.27710933643703217,1790750895,315299941,0.15700000524520874,0.17915037426958835,-0.6100390786012816,0.38878997111426744,-2.4764902118508143
0.26693355461481105,-0.6628712094748334,0.27379676465699204,1790750895,365943307,0.15399999916553497,0.17725734501258417,-0.6098816028037621,0.3872263849473174,-2.4801164232742807
0.2627919471664775,-0.6636352698608861,0.26557247241426823,1790750895,415267219,0.15800000727176666,0.17540656675244992,-0.6096997295409822,0.38565059314479105,-2.4839696447864132
0.25378478216980593,-0.6617720114329864,0.2637181747173232,1790750895,465341738,0.15399999916553497,0.17339384726940799,-0.6095593393996502,0.38424673651063435,-2.4892703790610162
0.24878073141171372,-0.662569105710666,0.255748637840402,1790750895,515716316,0.15800000727176666,0.17135764490848898,-0.609391932442123,0.3827992427872493,-2.4948607661478195
0.24159228918062803,-0.6621332115360118,0.2514367178099841,1790750895,565531944,0.15800000727176666,0.16927022032036257,-0.6092723665898946,0.3815875984264129,-2.5013756235721636
0.23340059159136314,-0.6609911745039493,0.24897556513912653,1790750895,615762844,0.15600000321865082,0.1671557754683621,-0.6091283299268724,0.3803447803054767,-2.508116611731964
0.22664675197830475,-0.6609653784456807,0.24458556786167346,1790750895,665446481,0.15700000524520874,0.1650655356992341,-0.6090300129627567,0.379342657696461,-2.5153300147302575
0.21896370269779925,-0.6602476623312576,0.24207810354978482,1790750895,715834605,0.15600000321865082,0.16294266861751355,-0.6089109460037654,0.3783212182437213,-2.522744160658088
0.21073619177225464,-0.6586555059123081,0.2428439761063509,1790750895,765532631,0.15199999511241913,0.1609214891794991,-0.6088332592652862,0.3775296756397982,-2.530186067179438
0.20482657427462436,-0.6593418010743555,0.23761635199576914,1790750895,815347583,0.1550000011920929,0.1589020679753441,-0.6087398442961902,0.3767399735017408,-2.5376678485591895
0.19721374718754645,-0.657818855105229,0.2391273135619925,1790750895,865327481,0.1509999930858612,0.1569806504905365,-0.6086757970228391,0.3761209472987835,-2.5450415161688476
0.19095953454343254,-0.6579108953527537,0.2362803364572091,1790750895,916126061,0.15199999511241913,0.1550407717726592,-0.6085975911323102,0.37549972814548765,-2.5525106757383274
0.1859506093061565,-0.6590776807180536,0.2311651582379342,1790750895,965318917,0.15600000321865082,0.15330171470014087,-0.6085657568420336,0.37510471580140425,-2.5594920361620987
0.1794304381211005,-0.6579743073977167,0.23264313818866328,1790750896,15219749,0.15299999713897705,0.15155573294020028,-0.6085270146307942,0.3747239784649903,-2.5665297195890266
0.1741239554395364,-0.6578850081507994,0.23166330029082507,1790750896,65531789,0.15299999713897705,0.14998544096164704,-0.6085044503260416,0.37444947522468713,-2.5729784689758888
0.16899922618322447,-0.6577926494608178,0.2308177835957356,1790750896,115175805,0.15299999713897705,0.14846712261418094,-0.6084751241515983,0.37418867863699407,-2.5792189939745374
0.1646545798835283,-0.6580513270465305,0.2292628520154606,1790750896,165320510,0.15399999916553497,0.14714604217893584,-0.6084556930479268,0.37400304663571177,-2.584716593809917
0.1600385752603463,-0.657019755173721,0.23156094586909848,1790750896,215303815,0.1509999930858612,0.1458652325055992,-0.6084311833819815,0.3738257164847557,-2.5900467768309516
0.15669704854769564,-0.6579607315164928,0.2284090051624671,1790750896,265242278,0.15399999916553497,0.14479826206955915,-0.6084264145900053,0.37373887156975033,-2.5945905173831907
0.15306957429291013,-0.6572962142603478,0.23003846151204072,1790750896,315390057,0.15199999511241913,0.14376518688725992,-0.6084210430482667,0.373665215733428,-2.5990042915082023
0.15040709911626005,-0.6579314241961256,0.22799399253482885,1790750896,365696791,0.15399999916553497,0.14294520237289024,-0.608420652889762,0.3736271047196099,-2.6025428821544634
0.1476590689479747,-0.6569589665358645,0.23071376854243453,1790750896,415749337,0.1509999930858612,0.14216729460457317,-0.6084187478563763,0.37359373738705165,-2.6059027560499346
0.1457759904756764,-0.6572722112199038,0.22969427476792498,1790750896,465620133,0.15199999511241913,0.14159530331560652,-0.6084152595888983,0.373567547638082,-2.6083688934623255
0.14395534506767882,-0.6572625970811818,0.2296350998119025,1790750896,516037099,0.15199999511241913,0.1410519547577723,-0.6084103092119035,0.37354139852332424,-2.610708060255281
0.14274728411545295,-0.6569339639253576,0.2305486354171707,1790750896,565262121,0.1509999930858612,0.14069495433124446,-0.608406189518193,0.37352360163669573,-2.612242583113164
0.14167438956073036,-0.6582119756589208,0.22673388355619348,1790750896,615289871,0.1550000011920929,0.1403622892416103,-0.6084017329127727,0.37350655975946767,-2.6136710497340294
0.1410015439479365,-0.6572432666064382,0.22956058577449442,1790750896,665183315,0.15199999511241913,0.14016839339937956,-0.6083988524055757,0.3734964311213484,-2.614502725976342
0.14044581775127235,-0.6582030459584673,0.22670847118650247,1790750896,715399585,0.1550000011920929,0.13999927598685782,-0.6083961723643623,0.373487476200102,-2.6152276651185846
0.1401888352034254,-0.6565944861819969,0.23143869049248,1790750896,765267649,0.15000000596046448,0.13992587344417523,-0.6083949535501224,0.3734835344443863,-2.615542153714154
0.14000751732251127,-0.6578783260861446,0.22764744274728185,1790750896,815608253,0.15399999916553497,0.13986991121234696,-0.6083940014811416,0.37348050630260154,-2.6157818556588177
0.13994926423638662,-0.6573005368872266,0.22957298671950893,1790750896,865234917,0.15199999511241913,0.1398527217997953,-0.6084143417860363,0.3734970261370494,-2.615869695574225
0.13991511672134263,-0.6570564913507995,0.23055819458021867,1790750896,915511753,0.1509999930858612,0.13984233080154693,-0.6084388576511044,0.37351734366688005,-2.6159312930598237
0.1399126073607705,-0.6600455681796443,0.2298401325045104,1790750896,965393743,0.15299999713897705,0.13983529149989904,-0.6091704025345064,0.3741339669790451,-2.6164882048525913
0.13991643839901124,-0.663109111662725,0.2302782780633177,1790750897,15293983,0.15399999916553497,0.13983476660304206,-0.6100048876269428,0.3748325393711739,-2.6171340937826733
0.1399189372743118,-0.6703638231802707,0.23313439296251004,1790750897,65040703,0.1550000011920929,0.13981739408489607,-0.6121228321676331,0.37677622887529466,-2.61935837459252
0.13993792189020487,-0.6799603514142996,0.23284843970085273,1790750897,115548985,0.1599999964237213,0.13983767743849657,-0.6143337987623668,0.3787701460836381,-2.6219230837438317
0.13994359675595033,-0.6906596038010958,0.2350450609495587,1790750897,165418984,0.164000004529953,0.1398271664315987,-0.6169230238845834,0.3815336431395026,-2.6263543766738104
0.13996611428979236,-0.7005305517653297,0.23930782122040992,1790750897,215383900,0.16599999368190765,0.13984764029097965,-0.6193405666414465,0.3840979112883722,-2.6311349087978457
0.13997198059525634,-0.7052563200788906,0.24659511395026568,1790750897,265276103,0.16300000250339508,0.13985221933564906,-0.6210351616525466,0.3861507764891686,-2.6353906171389223
0.1399796539698325,-0.7081826796828347,0.2552319705560288,1790750897,315974191,0.15800000727176666,0.1398586672339592,-0.622535584913208,0.38800456869890865,-2.6396172468391415
0.13998255241450555,-0.7087535599871957,0.2582603568158663,1790750897,365661244,0.15600000321865082,0.13986124644848108,-0.6229824513375483,0.38856501218201983,-2.640972714588247
0.13997745730581843,-0.7042451032058936,0.26744156767210536,1790750897,415330890,0.1459999978542328,0.13986264146565172,-0.623262325187539,0.38892315415824213,-2.641852923177718
0.13990789555337,-0.7049625814847259,0.2667474354879209,1790750897,465157036,0.1469999998807907,0.13984409927515443,-0.623308142559264,0.3889830624497661,-2.6420146641848814
0.13982251962550887,-0.7049647039210618,0.2667510995735346,1790750897,515490576,0.1469999998807907,0.13982144778835603,-0.6233090115235728,0.38898590583954984,-2.642036993438881
0.13945485281059203,-0.7033055461865734,0.2692602480573855,1790750897,565499252,0.14399999380111694,0.1397224836418099,-0.6233122455242777,0.38899745379399636,-2.6421331348592076
0.13902959611669133,-0.7038690116006923,0.2684454902097347,1790750897,615569937,0.14499999582767487,0.13960901062345416,-0.6233157464512965,0.3890101390195173,-2.6422432553032387
0.13811825956172158,-0.7022184891910963,0.2709772671915714,1790750897,665455816,0.1420000046491623,0.13935754985945992,-0.6233228136706723,0.38903631116574566,-2.642487163357976
0.13700605265992705,-0.7061237045355394,0.2651998761854337,1790750897,715261740,0.14900000393390656,0.1390806804479348,-0.6233294603074987,0.38906193742515693,-2.6427553434575004
0.1352531864583435,-0.705589789262823,0.266104532075764,1790750897,765939736,0.14800000190734863,0.1386117091455102,-0.6233380075560254,0.38909788675800816,-2.6432086280449996
0.13350243780342325,-0.7039380439043027,0.2686755930035444,1790750897,815376361,0.14499999582767487,0.13811972727754526,-0.6233433124822145,0.389125452675274,-2.643682725036472
0.13087620647143433,-0.7045007124478636,0.2679534223423271,1790750897,865175507,0.1459999978542328,0.13741696299133288,-0.623343017749435,0.38914189732580085,-2.64434518281975
0.1281403641840282,-0.7039355451230123,0.26890323910741404,1790750897,916081283,0.14499999582767487,0.13665455660917306,-0.6233339575381441,0.3891358943894636,-2.6450581553651937
0.1245226459761675,-0.7045647494678182,0.2684595835996266,1790750897,965367870,0.1459999978542328,0.13570305702104687,-0.6233607410250195,0.3892772428847054,-2.6463700928053018
0.12037465472344884,-0.7068539592501594,0.26560741226935597,1790750898,15642261,0.15000000596046448,0.13469005682433466,-0.623380257123526,0.38941053058268205,-2.6478132272284354
0.11612579851481185,-0.7052778389044962,0.2687565333482417,1790750898,65330147,0.1469999998807907,0.13347762419815065,-0.6234091161496716,0.38960944537315384,-2.6497352029502395
0.11141276466532421,-0.7053387210609507,0.269495254342073,1790750898,115554620,0.1469999998807907,0.13220205158693574,-0.6234185165608341,0.38976946441598065,-2.6517672790861564
0.10576307814183435,-0.7060478470484186,0.2698541384260204,1790750898,165477425,0.14800000190734863,0.13073651559397234,-0.6234634745127237,0.39010449975306544,-2.6545822499496645
0.0999504347169939,-0.7067198052861198,0.27033142721105025,1790750898,215318386,0.14900000393390656,0.12922024579929023,-0.6234839626385639,0.3903983828244169,-2.657535027663483
0.09358610363595696,-0.7069711502304017,0.2722475340218088,1790750898,265371007,0.14900000393390656,0.12754262100915417,-0.6235603279211113,0.390951328493072,-2.661458814120138
0.08838597630459535,-0.70437397095646,0.2782715886645262,1790750898,315813417,0.14399999380111694,0.1257991693316072,-0.6236064009567074,0.39146545262622834,-2.665595630346774
0.08130089641684357,-0.7052998738021357,0.2802646181503288,1790750898,365411043,0.14499999582767487,0.12397328203857474,-0.6237208046287473,0.39228658817487144,-2.670705642600363
0.07408304368744324,-0.7061735307372388,0.2824911443297199,1790750898,415275617,0.1459999978542328,0.12209060422165573,-0.6237965768585086,0.3930592725342413,-2.6760310130871523
0.06533708705932201,-0.7089265141857919,0.28338393401205264,1790750898,465585822,0.15000000596046448,0.12015399135540708,-0.6239449080806835,0.39416856929749927,-2.6823709113002225
0.0584140549740623,-0.7087821485398107,0.2882193571034411,1790750898,515563007,0.14900000393390656,0.11819585045154331,-0.6240459727377959,0.39520963055034297,-2.6888514936118417
0.050704362866054314,-0.7099473476174594,0.29240995382590634,1790750898,565419061,0.15000000596046448,0.11628897827066728,-0.624218817222064,0.396569826553431,-2.696121122095847
0.04544447294472315,-0.708168137812337,0.30018951628762935,1790750898,615237966,0.1459999978542328,0.11436799425920968,-0.6243398322621548,0.3978540583263488,-2.703526377615933
0.03706293158841109,-0.7105834435244816,0.3040728111297239,1790750898,665063381,0.14900000393390656,0.11253702630648366,-0.6245358124294063,0.39946918098580075,-2.7116946499345924
0.029646696784686746,-0.7117920573801966,0.30967922790486974,1790750898,715911323,0.15000000596046448,0.11067069018818881,-0.6246830960399886,0.4010419289120028,-2.720183355248303
0.02499339594168634,-0.7108659693285504,0.3183266143050366,1790750898,765542107,0.1469999998807907,0.10902047414849594,-0.6249211960968736,0.4029548959083802,-2.729189432262905
0.018988292413697108,-0.7116091519567651,0.3253434735377981,1790750898,815498597,0.1469999998807907,0.10738755710737664,-0.6251100693677089,0.40479458226398807,-2.7383788769531923
0.013552696236978828,-0.7124708860423907,0.33281062624265634,1790750898,865599375,0.1469999998807907,0.10594998623221932,-0.6253532192270839,0.4068528634802296,-2.7479153209634486
0.0065615386713962776,-0.7150341141261447,0.3388818466773914,1790750898,915361382,0.15000000596046448,0.10456598307792228,-0.6255441707079524,0.408786644021467,-2.7574436752760456
0.004186692734790234,-0.7141216482862065,0.34797823774069936,1790750898,965204538,0.1469999998807907,0.1034189902546684,-0.6257891386933659,0.41090135624979407,-2.767106880963919
0.0009165078759418993,-0.7143329418707659,0.3561084867560816,1790750899,15424225,0.1459999978542328,0.10232923011107752,-0.6259959464286986,0.41292428014633,-2.77686614810387
-0.0015738009573471184,-0.7145883392444132,0.36405363426513565,1790750899,65536466,0.14499999582767487,0.10148457098873066,-0.6262393906104436,0.41502847155886147,-2.786429521433657
-0.006556667788526205,-0.7172318785565154,0.370583312709123,1790750899,115742541,0.14800000190734863,0.1007099391743008,-0.6264507583817863,0.41702320735886345,-2.7959777948461704
-0.008720388605770762,-0.7180199985311914,0.37761811027424397,1790750899,165498853,0.14800000190734863,0.10014325317111572,-0.6266671375400632,0.4189383577612152,-2.804863555558866
-0.00982697320096515,-0.718139801141335,0.38476615948618875,1790750899,215578705,0.1469999998807907,0.0996351448489711,-0.6268585409917078,0.42074915856172934,-2.8136979907832913
-0.010371194775623968,-0.7181901379930267,0.3910697779026685,1790750899,265595732,0.1459999978542328,0.09929301976283116,-0.6270425461398319,0.42240467733545906,-2.8215881348576373
-0.010662052961663976,-0.7181925007388188,0.39710479255899467,1790750899,315655186,0.14499999582767487,0.09899995439664488,-0.6272076241345698,0.42395614562511663,-2.829316963862358
-0.010560047196560132,-0.7180801402416466,0.40200789135533416,1790750899,365492962,0.14399999380111694,0.0988195356565477,-0.6273470892373979,0.42523758194867267,-2.8356763988768177
-0.013351213773335105,-0.72045957816372,0.4060883908021335,1790750899,415456387,0.1469999998807907,0.09867000671913469,-0.6274730427289877,0.42642924506578805,-2.841819063126125
-0.012091159168898233,-0.7195871959101172,0.4098994626213161,1790750899,465192533,0.14499999582767487,0.09860450549701863,-0.6275823960559529,0.4274090433699171,-2.846649730812621
-0.01226942724702254,-0.71996095006038,0.41327517933789826,1790750899,515658416,0.14499999582767487,0.09856093903123671,-0.6276858427339096,0.4283394837871919,-2.8513094157486183
-0.010823594872797868,-0.7189222407047376,0.4156284839585169,1790750899,565521785,0.14300000667572021,0.09853707600921505,-0.6277494060849512,0.42892358835393835,-2.8543316271969945
-0.01087732933934886,-0.7191319002864407,0.4175695876325628,1790750899,615574553,0.14300000667572021,0.09851843880794284,-0.6278051136988736,0.42944333482159247,-2.857087647300842
-0.011662567636450544,-0.7198821218936508,0.41852605734785253,1790750899,665509542,0.14399999380111694,0.09850973119365386,-0.6278341520687523,0.4297168587635898,-2.8585648938137576
-0.010909905627988797,-0.7193364397979997,0.41947855800686723,1790750899,715729840,0.14300000667572021,0.0985030201209687,-0.6278583644961889,0.4299463814380009,-2.8598193790399966
-0.011678542666907252,-0.7200110838465398,0.419733011758648,1790750899,765489690,0.14399999380111694,0.09850068673964187,-0.6278672978208779,0.43003147372914574,-2.86028807395839
-0.009385263458833198,-0.7181158080360326,0.42017644557804573,1790750899,815357799,0.14100000262260437,0.09849908854714404,-0.6278736061006412,0.43009170259321594,-2.8606210328828956
-0.016271815946029458,-0.7238800374396285,0.41958193336682803,1790750899,865378697,0.15000000596046448,0.09849883644150123,-0.6278746141635465,0.43010133640408843,-2.8606743812561035
-0.011680980729376636,-0.72003981287876,0.42000271032432546,1790750899,915557226,0.14399999380111694,0.09849883644150123,-0.6278746141635465,0.43010133640408843,-2.8606743812561035
-0.012445489557872697,-0.7206719176855807,0.41985807681559706,1790750899,965576243,0.14499999582767487,0.09849933989568264,-0.6278726088498378,0.43008216049853165,-2.860568147322418
-0.010914440093141423,-0.7193826312332445,0.41991174696886224,1790750900,15687216,0.14300000667572021,0.09849994168697726,-0.6278702304256419,0.43005942982551326,-2.8604423487051167
-0.014737946841593144,-0.7225583872300415,0.4193320746110703,1790750900,65634104,0.14800000190734863,0.09850146788691927,-0.6278642372838507,0.43000228934590523,-2.860127021788686
-0.011674727959333234,-0.7199731161445921,0.41937714898272127,1790750900,115307008,0.14399999380111694,0.0985031955669802,-0.6278575943153706,0.4299390626484242,-2.8597791435280673
-0.014729348729643613,-0.7224835393840262,0.418631201007957,1790750900,165324109,0.14800000190734863,0.09850651640993188,-0.6278454265992469,0.42982347598681847,-2.8591460128889765
-0.01166136953345516,-0.7198742830969799,0.4184528065095371,1790750900,215255256,0.14399999380111694,0.0985102931619096,-0.6278321377463024,0.42969764678876166,-2.858460723537444
-0.01011688899625815,-0.7185158033684574,0.41786221404340923,1790750900,265406108,0.1420000046491623,0.09851660008347544,-0.627811082236628,0.4294992211810955,-2.8573881913195365
-0.011628038488273013,-0.7197064939475932,0.41689176728028343,1790750900,315491646,0.14399999380111694,0.09852382802869734,-0.6277883037995102,0.4292857512019332,-2.8562452226864554
-0.011595674922760008,-0.719584362806247,0.4157620942634457,1790750900,365167346,0.14399999380111694,0.09853475969225568,-0.6277559529113262,0.428984375549211,-2.854650590394124
-0.013082322826436163,-0.7207262031676605,0.4143497326436973,1790750900,415774378,0.1459999978542328,0.09854762870969472,-0.6277205038975083,0.4286568356609775,-2.8529413170383067
-0.013777134248641243,-0.7211833459007196,0.4126082827406269,1790750900,466046249,0.1469999998807907,0.09856646064291155,-0.6276722817647056,0.4282158942153341,-2.850678503682325
-0.011398841298291301,-0.719090255891398,0.4112530694144005,1790750900,515593079,0.14399999380111694,0.09858807498564469,-0.6276212060318099,0.4277542626699317,-2.8483531035497633
-0.013554282238006546,-0.7207515909527602,0.4087119374684521,1790750900,566860494,0.1469999998807907,0.09862045018535158,-0.6275537681131075,0.42715089591650923,-2.8453643938901134
-0.011871037356681602,-0.719241663393107,0.40681082148216935,1790750900,615488456,0.14499999582767487,0.09865625489505775,-0.6274850328540407,0.4265449849972921,-2.8424297081982295
-0.013136479073881241,-0.7202377501947295,0.4040184705425005,1790750900,665196962,0.1469999998807907,0.09873315628851097,-0.6274159650331892,0.42588856080895243,-2.8390247104910897
-0.01130220162124175,-0.7186923439792462,0.4016887989746277,1790750900,716043811,0.14499999582767487,0.0988235618500159,-0.6273420193248195,0.42519269642652247,-2.8354647217745836
-0.009384331154555295,-0.7170982354520589,0.3989808069180157,1790750900,765357851,0.14300000667572021,0.09893128142744241,-0.6272497986999508,0.42435773331671556,-2.831354445572459
-0.008912440654952225,-0.7167361379213962,0.39576621629650893,1790750900,815711436,0.14300000667572021,0.09905172685086636,-0.6271464117629265,0.4234505333529576,-2.8270389828021183
-0.009787568340116237,-0.7176211974981684,0.3919375694164056,1790750900,865285423,0.14499999582767487,0.09923298984004933,-0.6270507221975895,0.42253994984568105,-2.8224703833057134
-0.010557155097766224,-0.7184815708332054,0.38793364997877067,1790750900,915314765,0.1469999998807907,0.09943391683424499,-0.6269480339475084,0.42158741181001835,-2.8178027412994036
-0.008134457573482884,-0.7167930473132531,0.384351224423266,1790750900,965546423,0.14499999582767487,0.09968554356177957,-0.6268279888267898,0.42049170583601114,-2.8125266471707118
-0.007842250545533308,-0.7169435864648828,0.37995327274723206,1790750901,15285273,0.1459999978542328,0.09995396008649633,-0.6266956249825074,0.41933958756706224,-2.807188340404397
-0.005803411354206894,-0.7158525286805332,0.3758269357435201,1790750901,65339522,0.14499999582767487,0.10031511630297604,-0.6265712602829051,0.41816736549108086,-2.8015088176672216
-0.0036365311492150137,-0.7147418988087997,0.3716544840347931,1790750901,115503707,0.14399999380111694,0.10070347920119134,-0.6264348949947126,0.4169428217408475,-2.7957591601158156
-0.0026406919478335344,-0.7148590697831299,0.36667526372796755,1790750901,165186760,0.14499999582767487,0.10118290538939043,-0.6263065180319718,0.41570693720891433,-2.7897860523724405
-0.0035508703420540355,-0.7167542885858933,0.360385589240582,1790750901,215934774,0.14900000393390656,0.10169940208363636,-0.6261594114542135,0.41438512223965496,-2.783633692326767
6.124519675675122e-05,-0.715012997322129,0.35619609269559105,1790750901,265188240,0.1469999998807907,0.10230137058853032,-0.6260238309645189,0.4130897214760132,-2.7774414890225763
0.001129643078069592,-0.7156418275450787,0.3502583888487711,1790750901,315837188,0.14900000393390656,0.1029468383866555,-0.6258646622930141,0.4116938876349039,-2.771034885728867
0.004566261598764193,-0.7144924753291472,0.34556084044604707,1790750901,365193932,0.14800000190734863,0.10369402316417373,-0.62572406469987,0.410351709601805,-2.764629234915421
0.008226385494048999,-0.713297147076543,0.34076279636272944,1790750901,415630777,0.1469999998807907,0.10448577117085953,-0.625558174451224,0.40891705754080265,-2.7580534811415833
0.011584229905554855,-0.7127432394383472,0.3355667234176937,1790750901,465401108,0.1469999998807907,0.10540083975136948,-0.6254159421323277,0.40754857409699174,-2.751456144000358
0.015823569224732756,-0.7115446073768305,0.330782049940556,1790750901,516011982,0.1459999978542328,0.10635930881318086,-0.6252456979577222,0.40609325404513297,-2.744727208709322
0.01734334480522974,-0.7133615489339333,0.3235461386198429,1790750901,565441255,0.15000000596046448,0.10743384158125875,-0.6251088142649477,0.4047567229191403,-2.738147046663029
0.022759359323208272,-0.7115882816614313,0.31945379286112824,1790750901,615541143,0.14800000190734863,0.10854586655588071,-0.6249418438683106,0.4033410419467713,-2.7314761022554843
0.027381952223343345,-0.7110626229589999,0.31445160969537267,1790750901,665444901,0.14800000190734863,0.10979946799930033,-0.6248105295862284,0.402041164133729,-2.724872612985699
0.03539565581474616,-0.7070079596153034,0.31319632082781534,1790750901,715273880,0.1420000046491623,0.1110714157173261,-0.6246488961275789,0.40068440770228153,-2.7182866436875353
0.03846147560792841,-0.708840515950202,0.30604670836522846,1790750901,765389964,0.1459999978542328,0.11249484415275093,-0.624527843652051,0.39946208721307697,-2.711790489654397
0.04291090103885922,-0.7094465789635541,0.30008560442141075,1790750901,815735280,0.14800000190734863,0.11393837146606697,-0.6243722881701258,0.39817466627482295,-2.7052880309963703
0.04728306979490324,-0.7107248222276941,0.29376726662886354,1790750901,865374202,0.1509999930858612,0.11549037451361745,-0.624266012333207,0.3970805556413015,-2.6991187476212786
0.05467820859248008,-0.7084987672833102,0.291545637684937,1790750901,916287319,0.14800000190734863,0.11708646019776729,-0.6241203128923967,0.3958983431158308,-2.692834244544332
0.06039450972510247,-0.70869055566611,0.28711713558995766,1790750901,965248116,0.14900000393390656,0.1187403654310553,-0.6240314173058943,0.3949577243603746,-2.6871061871378745
0.06725945121056878,-0.7076709617205682,0.2841137239029675,1790750902,16013926,0.14800000190734863,0.12045132616229597,-0.6239003247392647,0.39391857526865937,-2.681219457915176
0.07383582960571036,-0.707351890187063,0.28093460646425794,1790750902,65409477,0.14800000190734863,0.12222933824637149,-0.623826558966672,0.39312011324006857,-2.675877111493847
0.08092854502986338,-0.7064036782574823,0.2786061135275391,1790750902,115572838,0.1469999998807907,0.12402707680886918,-0.6237124113968151,0.3922444473257096,-2.6705177333561236
0.08734283473479985,-0.7072707180487916,0.2744621109252957,1790750902,165268908,0.14900000393390656,0.12590633111695287,-0.6236542600381316,0.3916036742956015,-2.665691678458849
0.0944876175122571,-0.706950286056175,0.2719923676371242,1790750902,215269389,0.14900000393390656,0.12778644086945898,-0.6235572057556615,0.3908947801161069,-2.6609275839327537
0.10235450649331489,-0.7050861274868733,0.272477962445644,1790750902,265282934,0.1459999978542328,0.1297433237938051,-0.6235165757341513,0.39042820741010503,-2.6567794745899223
0.1094164002540701,-0.7059494810086738,0.2690599662176603,1790750902,315946632,0.14800000190734863,0.13171022367078647,-0.6234354486557888,0.38988388962236736,-2.652696949313153
0.11649987427131919,-0.7069530900749713,0.2662142800768658,1790750902,365464480,0.15000000596046448,0.1336754909623241,-0.623414044362504,0.3896088821503494,-2.649482306283016
0.124054091964645,-0.7062178537055076,0.26596343428791314,1790750902,415332311,0.14900000393390656,0.13563506511516063,-0.6233531273993902,0.3892530095463407,-2.646383674227209
0.1315774626166829,-0.7045225908252537,0.2679693009211179,1790750902,465363634,0.1459999978542328,0.1376128351704063,-0.6233543160378601,0.38917691132414467,-2.6442487883372956
0.13888490307460583,-0.7038750897670071,0.2684583638123592,1790750902,515421457,0.14499999582767487,0.1395711724169988,-0.623318516582283,0.38902024145678554,-2.642293657405884
0.14587445439314406,-0.7017087604431389,0.27201056946567775,1790750902,565529818,0.14100000262260437,0.14150899746779969,-0.6233428142863767,0.38914605515794287,-2.641333755262255
0.15325194005224785,-0.7055905586835561,0.2665439032264026,1790750902,615330084,0.14800000190734863,0.14341493522439042,-0.6233320923131385,0.38918475535561264,-2.640562653748648
0.1602429088429876,-0.7057233723089383,0.2674286235148952,1790750902,665217249,0.14800000190734863,0.1452868232842524,-0.6233758199475368,0.3894908891395395,-2.6409753203640536
0.16715478342611545,-0.705229360531956,0.269240118821207,1790750902,715662195,0.1469999998807907,0.1471658939068498,-0.6233852959223588,0.3897017033571874,-2.64161517855754
0.17365057737061484,-0.7048666207649812,0.27151830192240906,1790750902,765666972,0.1459999978542328,0.148953961325762,-0.6234440079245793,0.39016245326418875,-2.6435560433031586
0.1800379542552353,-0.704427277041749,0.2738437470645003,1790750902,815621091,0.14499999582767487,0.150731850584885,-0.6234694501773547,0.3905141432542929,-2.645723121265002
0.18555378572417253,-0.7029922041824045,0.2781730440529244,1790750902,865318902,0.1420000046491623,0.15241134542167095,-0.6235397865930644,0.39110175302618044,-2.6492826091478734
0.19306092403865488,-0.7059617905967253,0.27623375136977046,1790750902,915800618,0.1469999998807907,0.15411830867157558,-0.6235801008559944,0.39158421677319283,-2.653154299260083
0.19713137020133545,-0.702875167883355,0.2832412252959447,1790750902,965457827,0.14100000262260437,0.15567599177911143,-0.6236589287258484,0.3922698444433289,-2.6583828192342187
0.20279873711466778,-0.7030780208602783,0.2855727914187026,1790750903,15575605,0.14100000262260437,0.1572554972240776,-0.6237105464794054,0.3928463578283456,-2.6639140038829927
0.20941983615530324,-0.7056543647512725,0.285229943266158,1790750903,65581001,0.14499999582767487,0.15868762644193748,-0.6238005003773228,0.3936328333322252,-2.670940974485233
0.21321637741054117,-0.7036437879624564,0.2908757376700495,1790750903,115808937,0.14100000262260437,0.16013906758670382,-0.6238666462898973,0.39431367842679144,-2.6782768406256263
0.21834353910165072,-0.7045793016024173,0.2930940172023223,1790750903,165247487,0.1420000046491623,0.16142233907760392,-0.6239699337829553,0.39520233286726336,-2.6871503828924768
0.2231100753396826,-0.7048824041360651,0.2960672533889368,1790750903,215224125,0.1420000046491623,0.16274088279159077,-0.6240525018806752,0.3959976732461437,-2.696424286473252
0.22836334430648692,-0.7064129461009688,0.29785278668291826,1790750903,265249003,0.14399999380111694,0.16391305125077751,-0.6241597044745094,0.3969313523855674,-2.706913091480051
0.23272695872960747,-0.7067318082740689,0.3010132647834069,1790750903,315282771,0.14399999380111694,0.16511150949537115,-0.6242456927694621,0.3977613396404023,-2.7176280195671603
0.23726350027666293,-0.707705006915189,0.3037085018854895,1790750903,365565160,0.14499999582767487,0.16618991165984598,-0.624354768490746,0.3987152466236485,-2.7294804438552673
0.23870299903704828,-0.7051478823686184,0.3101973128951836,1790750903,415232740,0.14000000059604645,0.16728852990379747,-0.6244427708649366,0.3995654209790368,-2.741392572725783
0.2439200272791487,-0.7072677165245783,0.31171743547233444,1790750903,465441527,0.14300000667572021,0.16828452842442684,-0.6245508134068877,0.4005216423595759,-2.754253252485928
0.2477896006085355,-0.7076027989815733,0.3153085422591095,1790750903,518412872,0.14300000667572021,0.16937965925565515,-0.6246425116320588,0.4014391043679212,-2.7679825358163868
0.24931559205771445,-0.706255511511976,0.32052444144984393,1790750903,567382974,0.14000000059604645,0.1702443905271518,-0.624753126556277,0.4024091561525233,-2.781309964695146
0.2518511454817671,-0.7059915811588844,0.32442195099256943,1790750903,615617626,0.13899999856948853,0.17113950143182766,-0.6248403593862065,0.4032959601582973,-2.7945075004749893
0.2565134274813961,-0.7081882070272825,0.3263464578702033,1790750903,665333215,0.1420000046491623,0.17190903052149906,-0.6249692202386634,0.4043252855947205,-2.808375161644019
0.2588311427483332,-0.7079986001219865,0.3305705479779231,1790750903,715886867,0.14100000262260437,0.17271676721432036,-0.6250797801889107,0.4053354084865045,-2.8225251485474296
0.2596076539277862,-0.7066555717107588,0.3357596021607401,1790750903,765408390,0.1379999965429306,0.17343041161255793,-0.6252048673316496,0.40635184471569974,-2.836177975829675
0.2634976162009853,-0.7082037149370631,0.33841142397347734,1790750903,815431574,0.14000000059604645,0.17418909271408625,-0.6253059144975892,0.4073457585374678,-2.8499327220006325
0.2652448493568088,-0.7080038571800545,0.3425528687505372,1790750903,865164589,0.13899999856948853,0.17485918492279057,-0.6254157904543165,0.40836048610327147,-2.8631579214935527
0.2689765549292675,-0.7095382279369241,0.3453909594235639,1790750903,916079974,0.14100000262260437,0.17557734973412015,-0.6255007190394998,0.4093853834525723,-2.8766117992224274
0.2683747307392219,-0.7076140378983388,0.3509471026874799,1790750903,965301874,0.13699999451637268,0.17612379511891377,-0.6256441169933445,0.4104424423494475,-2.8889702673534705
0.2710927326553131,-0.7086471138562062,0.3544110003509903,1790750904,15575254,0.1379999965429306,0.17669124114339346,-0.6257687622645292,0.4115383693051107,-2.9014714269489437
0.27360578089470033,-0.7096898502776443,0.3577808173313148,1790750904,65421261,0.13899999856948853,0.17718578678033073,-0.6259018862293182,0.41258739921651494,-2.9128283078466075
0.27118527389379204,-0.7064538932531249,0.36386460165891743,1790750904,115782207,0.13300000131130219,0.17770607374841207,-0.6260073427466469,0.413654078464715,-2.924109374530619
0.2755424944520277,-0.7092611354891893,0.36599592163052097,1790750904,165216812,0.13699999451637268,0.1781478547436065,-0.6261151632982095,0.4146788751355186,-2.9342431020527147
0.2763412922252993,-0.7089980490423817,0.3700312399548148,1790750904,215358062,0.13600000739097595,0.17861182262426287,-0.6261966355191675,0.4157354924966,-2.9443512973108747
0.2753994497832961,-0.7075963886958753,0.374525730254258,1790750904,265065678,0.13300000131130219,0.1789382108131344,-0.6263339919450553,0.4167235098102971,-2.9529239367871165
0.2758216639432947,-0.707388359135764,0.3783672645673345,1790750904,315298373,0.13199999928474426,0.1792608153887723,-0.6264568582473488,0.41773850409000535,-2.9613146793643628
0.28051869886092884,-0.7108231013777964,0.3802891790150962,1790750904,365296307,0.13699999451637268,0.1795570797416245,-0.6265604695235404,0.41870218248122454,-2.968916170281705
0.2800357238408926,-0.7099177559572527,0.3842512041388345,1790750904,415691734,0.13500000536441803,0.17986746881228272,-0.6266387820322371,0.4196903722288566,-2.9764267699934503
0.28155343156715223,-0.710913869363584,0.3871871818579936,1790750904,465400665,0.13600000739097595,0.18007261574338815,-0.6267568732433728,0.4205824814390956,-2.9825985572777887
0.2792720573334511,-0.7087950847319628,0.3913271701105087,1790750904,515533711,0.13199999928474426,0.18027050177496742,-0.6268640003673374,0.4214931977410996,-2.9885918040306447
0.28136711668361736,-0.7103386610083036,0.3937356214656593,1790750904,565852323,0.1340000033378601,0.18044761106915452,-0.6269471618658847,0.4223207951026847,-2.9938161429841457
0.28115723073175813,-0.7099793864128668,0.39670797739809793,1790750904,615203085,0.13300000131130219,0.1806256598630011,-0.6270101844623917,0.42313741430408824,-2.9987985549512235
0.28232108605503,-0.7109207019759963,0.3991601887624586,1790750904,665365039,0.1340000033378601,0.1807292657833239,-0.6271112662657363,0.4238802501368908,-3.0029028001827593
0.28116276833873366,-0.7099777307404483,0.40215818265189346,1790750904,715865439,0.13199999928474426,0.1808227181402428,-0.6272077362575362,0.424630435557099,-3.0068470655546586
0.2791677273391764,-0.7083270961374459,0.40486865015518136,1790750904,765472768,0.1289999932050705,0.18091194513140255,-0.6272720319063172,0.4252861933995179,-3.010216659844045
0.2824856631414693,-0.7110535917976875,0.4064553822103249,1790750904,815528795,0.13300000131130219,0.18100531212191404,-0.6273229685888375,0.4259469558464335,-3.013526120521888
0.28343100806104693,-0.7119017061162723,0.40826304537516106,1790750904,865680415,0.1340000033378601,0.18105590353713166,-0.6273876188729237,0.4265033284236116,-3.0160920451499043
0.28205525054662745,-0.7108470685748777,0.41041253434456854,1790750904,915433301,0.13199999928474426,0.18109996110500853,-0.6274482742952714,0.4270459482346678,-3.01850039313061
0.28138524446459706,-0.7104047063587862,0.4121252251301672,1790750904,965367604,0.13099999725818634,0.18112025642801124,-0.6275093050769753,0.42749675407154736,-3.0203670727739413
0.28222802608589337,-0.7112188505363825,0.41355375018731233,1790750905,15183823,0.13199999928474426,0.18113699869959113,-0.6275663005349492,0.42793620030584556,-3.0221293532378293
0.2830520601196507,-0.7119952290501829,0.41472588452732645,1790750905,65064636,0.13300000131130219,0.1811527163311752,-0.6276083084249874,0.42830423905508186,-3.0235842087469313
0.28233694161417777,-0.7114946597777794,0.4160821392587779,1790750905,116041336,0.13199999928474426,0.1811692254115661,-0.627645896453735,0.428670939779428,-3.025011841840912
0.28313782669349763,-0.7122275302069669,0.4169338113941771,1790750905,165107318,0.13300000131130219,0.1811821058030905,-0.6276718455645625,0.42894911501822314,-3.026080029944278
0.2816352149643491,-0.711048891264262,0.41804405221867286,1790750905,216054332,0.13099999725818634,0.1811953258015105,-0.6276956652412911,0.42922741746197285,-3.0271362037671365
0.28472235270925855,-0.7136604623786474,0.4183846098309487,1790750905,265551290,0.13500000536441803,0.18120510032684575,-0.6277116040714101,0.42942877857609174,-3.0278927660552406
0.28320654797988754,-0.7124490134065397,0.41919851905994077,1790750905,316145246,0.13300000131130219,0.1812147414470289,-0.6277260386408574,0.4296239349184989,-3.028620021420796
0.28398438996138614,-0.7131267059116193,0.41955536514059755,1790750905,365261405,0.1340000033378601,0.18122125348183765,-0.6277351530921309,0.4297544524776459,-3.029103349066204
0.2832272240452839,-0.7125271472087628,0.42004099740388967,1790750905,415624517,0.13300000131130219,0.18122749622690504,-0.6277434087216046,0.4298783528373481,-3.029559849608806
0.2839996446781393,-0.7131869270750755,0.42021202842488575,1790750905,465240086,0.1340000033378601,0.18123124462463672,-0.6277481549612713,0.42995230894832104,-3.0298311060677316
0.28553831306351296,-0.7144823734666458,0.42029045889616484,1790750905,516167267,0.13600000739097595,0.1812346578692473,-0.6277523385747663,0.43001931140376404,-3.030076115823812
0.2817060502894626,-0.7113041553744827,0.4207640856695546,1790750905,565539669,0.13099999725818634,0.1812364652111021,-0.627754522305078,0.43005497205325083,-3.0302064412522145
0.2824750921381012,-0.7119510813554956,0.42079545493368736,1790750905,615768409,0.13199999928474426,0.18123805171979265,-0.6277564151012749,0.4300862908947113,-3.0303208047552723
0.2824757747610328,-0.7119540721028034,0.4208289926278464,1790750905,665420692,0.13199999928474426,0.181238575555051,-0.6277570335604521,0.4300965709953947,-3.030358260548494
0.285544021975703,-0.7145074952672691,0.420570450493884,1790750905,715229402,0.13600000739097595,0.18123891822104907,-0.6277574363750711,0.4301032687170838,-3.030382628060565
0.2840097065441467,-0.7132298873200783,0.4206896930769937,1790750905,765577625,0.1340000033378601,0.1812385997996166,-0.6277570562172877,0.4300969060715395,-3.030359589473539
0.28400913595634586,-0.7132273270035608,0.4206610289630297,1790750905,815545901,0.1340000033378601,0.1812381630872664,-0.6277565340784116,0.43008820175426,-3.030328041310449
0.2832382678230896,-0.7125725204174619,0.42054187165469453,1790750905,865307675,0.13300000131130219,0.18123522496789637,-0.6277530301642893,0.43003047904882497,-3.0301172728867356
0.28323353583496147,-0.7125525989424154,0.4203209539760068,1790750905,915683380,0.13300000131130219,0.18123182279309463,-0.6277488501503579,0.42996331240870467,-3.029871369245469
0.28475622957294056,-0.7137829724562236,0.419684836656397,1790750905,965230607,0.13500000536441803,0.1812243552856184,-0.6277393026127818,0.42981594394137834,-3.029330101197821
0.28397585617545207,-0.7130948747389284,0.4192141852481796,1790750906,15651858,0.1340000033378601,0.18121615601116378,-0.6277280476301333,0.42965208475283073,-3.0287244992539586
0.2816500217306762,-0.7110966337527832,0.4185335417873031,1790750906,65036138,0.13099999725818634,0.1812024820320755,-0.6277074500299161,0.4293749018577365,-3.027690920001521
0.2839185308268558,-0.71290540125512,0.41726099714048775,1790750906,115841513,0.1340000033378601,0.18118791081199098,-0.6276826146816229,0.4290718927270266,-3.0265473505219673
0.2823324004331251,-0.7114822966111216,0.41596423724054205,1790750906,165328859,0.13199999928474426,0.18116763771524733,-0.6276425132353876,0.4286363056951381,-3.024877979506399
0.28456501292379444,-0.7132157717582316,0.41408018450674255,1790750906,215461701,0.13500000536441803,0.18114722900252414,-0.6275944543532879,0.4281781780891014,-3.023088057986235
0.28370030655260164,-0.7123387337173559,0.41209050780754364,1790750906,265419282,0.1340000033378601,0.18112534711251738,-0.6275198936821085,0.4275870546966636,-3.020740407515653
0.2820489267845551,-0.7108049837202384,0.4101557238545424,1790750906,315770606,0.13199999928474426,0.18110500732366883,-0.6274310344087342,0.4269815822650166,-3.0182704577920005
0.28332010860572676,-0.7118016947220911,0.40721113855721786,1790750906,365200804,0.1340000033378601,0.18101629650510287,-0.6273642389746975,0.426191312190083,-3.014604037897499
0.28148790744420576,-0.7102529712189147,0.4047270770202687,1790750906,415267562,0.13199999928474426,0.1809201156097288,-0.6272855314508555,0.42537951017094755,-3.0106650003256714
0.28259088971658386,-0.7111492088303862,0.40110620624857424,1790750906,465414524,0.1340000033378601,0.18079882179830714,-0.627182377574856,0.4244288787449404,-3.0058080411439883
0.28211786972528496,-0.7107450695974367,0.397752336177945,1790750906,515382494,0.1340000033378601,0.18068189142390212,-0.6270531817720711,0.4234896847751557,-3.000797119748133
0.282888211676309,-0.7116090700657948,0.3934396425559926,1790750906,566100322,0.13600000739097595,0.18044593218846708,-0.6269585039197525,0.42235093852893235,-2.993967003755218
0.28283218068315485,-0.7118141455472735,0.38934236404339534,1790750906,615502751,0.13699999451637268,0.18021286510009027,-0.6268428316500082,0.42125083284592396,-2.987000620267442
0.28103236022834327,-0.7107500736459138,0.38526686407772837,1790750906,665246368,0.13600000739097595,0.17989818083260556,-0.6267249037489946,0.420018131566701,-2.978520277181206
0.2813599740425043,-0.7114663363677061,0.3803409941636753,1790750906,715545034,0.1379999965429306,0.17959113794257214,-0.6265657780394966,0.41879874033102527,-2.969679667924575
0.2784541175204839,-0.7097386782989487,0.3762509934169684,1790750906,765663996,0.13600000739097595,0.1791784018482394,-0.6264274181481666,0.41747681324141706,-2.9591875643437686
0.2769301459885964,-0.709168723332927,0.37161106042406955,1790750906,815893089,0.13600000739097595,0.1787813996760579,-0.6262453951493754,0.4161817598866703,-2.94837472286606
0.2736359445452683,-0.7074981105737905,0.36761326771733166,1790750906,865514074,0.1340000033378601,0.17821429457225896,-0.6261310852740615,0.4148373802537073,-2.935767492678093
0.2716846004146731,-0.706976015519626,0.36295362750779986,1790750906,915633861,0.1340000033378601,0.17766307877769594,-0.6259772514268777,0.41350216437150394,-2.922703297079157
0.2708173478033358,-0.7077323769597289,0.3575228959193092,1790750906,965354134,0.13600000739097595,0.17697932358453067,-0.6258608542056113,0.4121807497280572,-2.9083791468757902
0.2698280768067443,-0.7083988116073411,0.35201620569578657,1790750907,15286326,0.1379999965429306,0.17632879073160912,-0.625702225683677,0.41086480148072363,-2.8937457370961055
0.2651143218167903,-0.7061452795843776,0.3486746885104192,1790750907,65696467,0.13500000536441803,0.17552786228804276,-0.6255780415735075,0.40956958055233683,-2.87783913836571
0.2624144595333484,-0.7056139562711345,0.3441385926591453,1790750907,115486167,0.13500000536441803,0.17478078074146672,-0.625416306178034,0.408276543276068,-2.8619172297354667
0.2600497217501415,-0.7057666623832695,0.33925549389354875,1790750907,165398979,0.13600000739097595,0.17389515485012325,-0.6252924016678028,0.40705878271433443,-2.845453868208739
0.25638713863330664,-0.704654599195227,0.3353850090769177,1790750907,215340865,0.13500000536441803,0.17306109918291912,-0.6251345971495997,0.4058005036258364,-2.8288886482241984
0.25425509385184164,-0.7054016202680711,0.3301059498046649,1790750907,265637050,0.13699999451637268,0.17208779958846296,-0.6250123037108022,0.4046384395952033,-2.8122684016275765
0.25148521898315873,-0.7054775964222411,0.3253434272198603,1790750907,315463556,0.1379999965429306,0.17117811362881968,-0.6248625802685417,0.4034202294468646,-2.7958150608532795
0.24839552335840676,-0.7056451432048985,0.32076147094278024,1790750907,365366257,0.13899999856948853,0.17013851481219228,-0.6247455672853746,0.4023218708422211,-2.7799205788461063
0.2436149948733684,-0.7039843123785949,0.3179256906729499,1790750907,415457857,0.13699999451637268,0.16915013710101162,-0.6246024221119065,0.401127246861018,-2.76407571084776
0.24229654115961935,-0.7065248090269607,0.311179481249742,1790750907,465160742,0.1420000046491623,0.16800894995406862,-0.6245040599498514,0.4001623550742537,-2.74988245891774
0.2361609817578854,-0.7037856226485825,0.30997180527299034,1790750907,515896820,0.1379999965429306,0.16689164171099388,-0.6243833896299198,0.3990843350708081,-2.7356810272725802
0.2324147854531758,-0.7040539505226485,0.3060018811098443,1790750907,565393379,0.13899999856948853,0.16567322966574596,-0.6242979289347769,0.3982273729972078,-2.723482025081852
0.22857138735210808,-0.7042390574953686,0.30193816600199747,1790750907,615482923,0.14000000059604645,0.16448534183821256,-0.6241896959828378,0.39725384497833416,-2.7114275384863715
0.22321796660879023,-0.7028119629653131,0.300290408299526,1790750907,665372328,0.1379999965429306,0.16321920489378708,-0.6241114879831078,0.39646931906529836,-2.7011947938061636
0.21996363992796625,-0.7041588153355433,0.2950974724103715,1790750907,715912895,0.14100000262260437,0.1619758907645498,-0.6240106291751537,0.39556980662101215,-2.6911525378616323
0.21684450754149248,-0.7061663378314342,0.2894664690341829,1790750907,765731817,0.14499999582767487,0.16067405405820465,-0.6239409634142103,0.39486507788389624,-2.6829039845810425
0.21245263936979045,-0.7063984187464939,0.2859535232903053,1790750907,815457619,0.1459999978542328,0.15940272148092766,-0.6238498999013968,0.39406202259494627,-2.674955903581125
0.20718668344921606,-0.7055926217148869,0.28425101040481887,1790750907,865515932,0.14499999582767487,0.1580697265859598,-0.6237873444193236,0.3934316860993517,-2.668488754456847
0.20076584658734223,-0.703023389452438,0.2847562515904213,1790750907,918327478,0.14100000262260437,0.15668434084404798,-0.6236984304157405,0.3926699785430412,-2.6619706222461614
0.19661513920199544,-0.7033969622861546,0.28212543538103124,1790750907,965424899,0.1420000046491623,0.1554543264116469,-0.6236477754297794,0.3921702262915826,-2.657580787152357
0.19269592809424452,-0.7048209257488648,0.2778033788581309,1790750908,15468295,0.14499999582767487,0.15416644030270257,-0.6235723478293989,0.3915537456558324,-2.6530960938272354
0.18844442066426648,-0.7058127937314894,0.2746746265689478,1790750908,65429376,0.1469999998807907,0.152878219594372,-0.6235428058078042,0.39118940843564914,-2.650093552273609
0.18367083983030597,-0.7056552581540928,0.27318228420439983,1790750908,115493282,0.1469999998807907,0.1515968761267173,-0.6235005521581273,0.3907869826650048,-2.6473635417434713
0.17919963465604152,-0.7055576786186156,0.2720090290083736,1790750908,165538336,0.1469999998807907,0.1503969368296894,-0.6234788672108078,0.39050997111753083,-2.645479270079524
0.1744680370870227,-0.7043131601268876,0.27251397364871455,1790750908,215269831,0.14499999582767487,0.14922247473916497,-0.6234430351973157,0.3901901533353512,-2.643755889727719
0.17046645829704923,-0.7042123396223516,0.2716204766616458,1790750908,265243727,0.14499999582767487,0.14813790883219494,-0.6234146188344574,0.3899343092608088,-2.6425380152336397
0.1663847638262861,-0.703526494954263,0.27157815637239424,1790750908,315432532,0.14399999380111694,0.1470662551365244,-0.623372828923319,0.38963823962886673,-2.641410471800636
0.16277562052315978,-0.7035005820452177,0.27106014985162674,1790750908,365851995,0.14399999380111694,0.14608492896714154,-0.6233710693122878,0.38953664633631696,-2.6410495432543106
0.15945755773739306,-0.7045823858213249,0.2689583051961395,1790750908,415835743,0.1459999978542328,0.1451282997061866,-0.6233654537430794,0.3894343678870688,-2.6408294078287278
0.15621550588425873,-0.7028641390298391,0.27105367241831585,1790750908,465423451,0.14300000667572021,0.14431961722249972,-0.6233496450993793,0.38931158968894064,-2.6406419946532083
0.1535365675967137,-0.7044619541628999,0.26819466865079256,1790750908,515494125,0.1459999978542328,0.14352511250767064,-0.6233241396268127,0.38915923037340433,-2.640458085369227
0.15139324622010264,-0.7078032929552567,0.26307160920671696,1790750908,565612300,0.15199999511241913,0.14285936248824196,-0.6233304504826899,0.38914900697186533,-2.6406766218664006
0.14867643979259698,-0.7044802097128339,0.26794707811229207,1790750908,615388388,0.1459999978542328,0.14222058585327899,-0.6233377869876943,0.3891503311942326,-2.6409664634111434
0.14674379584244868,-0.7033674981845368,0.2695277061779391,1790750908,665191236,0.14399999380111694,0.1417188700910914,-0.6233386228423042,0.3891359310095637,-2.6411881237865513
0.14507516876878837,-0.7055816365495764,0.2661274733294967,1790750908,715760794,0.14800000190734863,0.14123513588806175,-0.6233356385752037,0.3891106044054683,-2.641399967342384
0.14371576725249685,-0.703903658330266,0.26856552988272026,1790750908,765323409,0.14499999582767487,0.14088627588699823,-0.6233312553925342,0.3890855724212046,-2.6415525391036456
0.14252660941610365,-0.7050011471651536,0.26685119164926524,1790750908,815606297,0.1469999998807907,0.14055446115261028,-0.6233253531137812,0.3890566549569958,-2.641697388753153
0.14172956401292178,-0.7049903599888756,0.2668178135675695,1790750908,865334386,0.1469999998807907,0.1403385457347287,-0.623320606845551,0.3890353100834556,-2.6417912510567794
0.1410165420271992,-0.7060903832205967,0.2651247129698179,1790750908,915364717,0.14900000393390656,0.14014184710398653,-0.623315662834099,0.38901410616404014,-2.6418765760988894
0.14058842524005732,-0.7033060945062519,0.2692653604858022,1790750908,965585809,0.14399999380111694,0.1400318839847561,-0.6233126451050282,0.38900147253829337,-2.641924113572623
0.14025374546506472,-0.7044111674375978,0.2675881134714462,1790750909,15565316,0.1459999978542328,0.13993833164772074,-0.6233099335205192,0.38899029526686163,-2.6419644903703197
0.14010920341301403,-0.7021867667707572,0.27090847423351067,1790750909,65151255,0.1420000046491623,0.13990040225524306,-0.6233087919205832,0.38898566426602266,-2.6419808490943706
0.14001322949369222,-0.7055177295047218,0.26591499118467765,1790750909,115477273,0.14800000190734863,0.13987199970363876,-0.6233079208396732,0.3889821597471245,-2.641993094240653
0.1399906258136656,-0.706081989881297,0.2650906619883427,1790750909,165437974,0.14900000393390656,0.13986566417128668,-0.6233103864533631,0.38898516236209185,-2.6420047432040294
0.13997609580160753,-0.7022037866989195,0.27092028058141604,1790750909,215572009,0.1420000046491623,0.13986326795028287,-0.6233134646850446,0.38898935224197073,-2.6420163406172636
0.1399748465034134,-0.7023343020311898,0.2710373789354853,1790750909,265455886,0.1420000046491623,0.13986291719112645,-0.6233523692512529,0.3890451883657797,-2.642147969606289
0.13997964274119915,-0.7058300165266643,0.26619237703345233,1790750909,316073832,0.14800000190734863,0.1398629299193587,-0.623398192132659,0.38911097314392007,-2.6423031598147158
0.13997989105463032,-0.7062810825484817,0.2665948678175201,1790750909,365724800,0.14800000190734863,0.13986300919066022,-0.6235283508489836,0.3892976481424825,-2.6427460457417666
0.13997627217193048,-0.7039722069274604,0.271177992730372,1790750909,415414480,0.14300000667572021,0.13986312173323154,-0.623671753036235,0.38950307971997633,-2.6432378069250277
0.1399779144649654,-0.7054636330108718,0.2711878171784427,1790750909,465121726,0.14399999380111694,0.1398634065377788,-0.6239427851908054,0.3898905402868613,-2.644178259686993
0.1399798988113304,-0.7070538477964112,0.2712877680191393,1790750909,515540393,0.14499999582767487,0.13986378290923107,-0.6242374254104104,0.3903105620138465,-2.6452178744006933
0.1399759149854922,-0.703985783958969,0.27922401728268753,1790750909,565390528,0.13699999451637268,0.13986449282334706,-0.6246812872340423,0.3909369658687579,-2.6468160235926126
0.13997735916072362,-0.7043977858150905,0.28229739262510667,1790750909,615430239,0.13500000536441803,0.13986521715325628,-0.6251436858334347,0.39158497887652305,-2.648529532955571
0.13997576015837856,-0.7035591903673076,0.2884067863621407,1790750909,665281254,0.12999999523162842,0.13986714105167528,-0.6257881834591377,0.39257807533661027,-2.6511001769160347
0.13998045517950877,-0.7069451482577469,0.2889835886521051,1790750909,715355872,0.13199999928474426,0.13986841418828552,-0.6264436776931397,0.3935947758881003,-2.653840676176385
0.1399790221626841,-0.7053496589612291,0.29733617893512665,1790750909,765307175,0.125,0.13987212652189726,-0.6272721990758398,0.39495225768841086,-2.657551717726697
0.13997997544312243,-0.7055018002767015,0.30330033358798547,1790750909,815380756,0.12099999934434891,0.13987303550973837,-0.6280918790515642,0.39629868035340443,-2.6614606427069143
0.1399837042249042,-0.7067017855144403,0.30919437927527627,1790750909,865208095,0.11800000071525574,0.13987914086212908,-0.6290740679815735,0.39806465949279873,-2.6665845138028472
0.1399797759268963,-0.7044242609186998,0.3187733110118098,1790750909,915696152,0.10999999940395355,0.1398773976082466,-0.6300296211019872,0.39980063328085214,-2.672005411948847
0.13998446692396643,-0.7043703909277768,0.32679162707404774,1790750909,965275174,0.10499999672174454,0.13988690971581827,-0.6311261569075961,0.402026406112432,-2.6789153890525257
0.13997497289663574,-0.7011693575892521,0.3374307868303566,1790750910,15367839,0.09600000083446503,0.13987870701232333,-0.632158534557705,0.40416531460725247,-2.686179729012913
0.14081405170092015,-0.6998239449772962,0.34430566465131196,1790750910,65431809,0.09099999815225601,0.1401546285912916,-0.6329392663910108,0.40600659329328936,-2.694187652408875
0.1416581247861634,-0.6988536712705683,0.350135939227262,1790750910,115648280,0.08699999749660492,0.1403994497456221,-0.633620410321526,0.40768623868352666,-2.7023572434297525
0.1438671024222435,-0.6961659955327145,0.3534082333558679,1790750910,165511878,0.08299999684095383,0.14109843938496294,-0.6337302491141561,0.4080261017666894,-2.709654501494239
0.14641944608872273,-0.6961516110089451,0.3534892054442109,1790750910,215485005,0.08299999684095383,0.14188821489766995,-0.6337215522307357,0.4079956746055948,-2.7168197901454643
0.14897225546630033,-0.6954459539221967,0.3545039405118286,1790750910,265203334,0.0820000022649765,0.14270542427641636,-0.6337377481779167,0.4081399782300948,-2.7252766693863744
0.1516584473892646,-0.6954523373741004,0.3547900058320883,1790750910,315807762,0.0820000022649765,0.14354735042937694,-0.6337360023812382,0.40816888248392746,-2.73413514415451
0.15422241986615826,-0.6947799124586911,0.35605350376757317,1790750910,365362052,0.08100000023841858,0.14438671828792177,-0.6337636485948844,0.4084106862470574,-2.7443982303773593
0.1569542798724758,-0.694817906858265,0.3565933167402879,1790750910,415568995,0.08100000023841858,0.14525345803817413,-0.6337732020310934,0.40853207702188515,-2.75510173728035
0.15999587307322688,-0.6964402715418226,0.35620161174909365,1790750910,465352926,0.08299999684095383,0.14610240398673688,-0.6338113525079191,0.40886649087157756,-2.767340739270464
0.1626042321273117,-0.6957511518164136,0.3576323497012886,1790750910,515358757,0.0820000022649765,0.14697897780186664,-0.6338296828161586,0.40906758544072874,-2.7799362373684326
0.16530565187041082,-0.695894308221935,0.35876478347257656,1790750910,565594895,0.0820000022649765,0.14781409207749266,-0.6338769013946394,0.4094785583062903,-2.7940274235683966
0.16825618213786972,-0.6967411520011934,0.3591868270005861,1790750910,615546771,0.08299999684095383,0.14867473037573561,-0.6339029282055755,0.4097528615761527,-2.808296985083974
0.1703535678322887,-0.6953945948263381,0.36174423647385473,1790750910,665229202,0.08100000023841858,0.1494712807281912,-0.6339587534439877,0.4102268881914385,-2.823859191705749
0.17354084123205205,-0.6970274458287752,0.36183378744929,1790750910,715407460,0.08299999684095383,0.15031519963802029,-0.6339924575387826,0.410579651883357,-2.8398268334719727
0.17511658285440573,-0.6949393618920193,0.3651190549797709,1790750910,765327104,0.07999999821186066,0.1510668093441776,-0.6340572020745477,0.4111078658359376,-2.8565925228480245
0.17789850817373098,-0.6958374680753195,0.3660206239234456,1790750910,815722929,0.08100000023841858,0.15186624521282124,-0.6340978379741271,0.4115347909346718,-2.8736808107160754
0.17981620621416125,-0.6952869532825663,0.3682642764653502,1790750910,865544619,0.07999999821186066,0.15255968221070587,-0.6341714108662004,0.4121045785662727,-2.8910828507187736
0.18280182852100163,-0.6969725476109141,0.3688297468988038,1790750910,915569654,0.0820000022649765,0.15329715305062186,-0.634217562659444,0.4125937316417918,-2.908646382849649
0.1837463939820493,-0.6949005405916139,0.3722067947540707,1790750910,965440520,0.07900000363588333,0.15392931235144175,-0.6342976855099395,0.41318527902878294,-2.9260698980315096
0.18695859331384748,-0.6973740979701906,0.3724370429399805,1790750911,15314970,0.0820000022649765,0.15459616502223833,-0.6343478703158403,0.41372103783132563,-2.943479082844529
0.1876028455445484,-0.6953023751943245,0.37580448853315196,1790750911,65323375,0.07900000363588333,0.15516889845924645,-0.6344331183133161,0.4143268614830524,-2.960510022655308
0.1902899720657921,-0.6970263842584422,0.3767166584837305,1790750911,115689431,0.08100000023841858,0.15577353553850246,-0.6344863847092138,0.4149051921615756,-2.97758184519975
0.19190941302405812,-0.6972626449422413,0.378608954536881,1790750911,165420537,0.08100000023841858,0.1562759609139127,-0.6345717589929285,0.415502178145398,-2.993459789827192
0.19306610679611558,-0.6966712436113345,0.3809482566040821,1790750911,215524998,0.07999999821186066,0.15679925994092878,-0.6346246518475412,0.41608991256360295,-3.0092793318007316
0.19444426807844722,-0.6968907070362156,0.3827834080659741,1790750911,265613468,0.07999999821186066,0.15723668246158146,-0.6347024662274098,0.4166687735143103,-3.0237437834834417
0.19722840769360273,-0.6993990162817879,0.3834033766584734,1790750911,316028903,0.08299999684095383,0.15768389994654722,-0.6347488470742765,0.41724989795803324,-3.0380557716417727
0.19740427025273538,-0.6980271811022564,0.3859307918182489,1790750911,365257886,0.08100000023841858,0.1580420562155775,-0.6348079628413943,0.4177890181844838,-3.0505419278138084
0.19851404487557744,-0.6981747513470451,0.3876678151786406,1790750911,415389282,0.08100000023841858,0.15840435268511707,-0.6348402996182784,0.41834288413091586,-3.062974136468456
0.19889894341373793,-0.6975984185545991,0.38959976608912794,1790750911,465141842,0.07999999821186066,0.15868458528825646,-0.634920107016951,0.4188270543184994,-3.0735318424847082
0.1997398074394722,-0.6977828497623773,0.39116747591427836,1790750911,515753279,0.07999999821186066,0.1589521205436924,-0.6349842584421457,0.41932242645204476,-3.0839380663668594
0.20041845244490464,-0.697913123115689,0.3924826630360929,1790750911,565865314,0.07999999821186066,0.1591707137284074,-0.6350211029883431,0.41974468000063175,-3.0925159820571984
0.20054721531947925,-0.6972246028825214,0.39410780960493236,1790750911,616258156,0.07900000363588333,0.1593835807862208,-0.6350367822850067,0.42016986508436915,-3.100846757671735
0.2010174072530526,-0.6973660611796905,0.3951330883615175,1790750911,665177405,0.07900000363588333,0.15953959825962363,-0.6350945437251445,0.42048757611975046,-3.1072327632026817
0.20304762660173664,-0.6998713411743569,0.3952207432533447,1790750911,715327746,0.0820000022649765,0.15968417927038353,-0.6351490883767106,0.4208067120603818,-3.113495503678121
0.2028521252920707,-0.6991718774857438,0.3963283682590158,1790750911,765225631,0.08100000023841858,0.15978970341474183,-0.635178710811611,0.42105694443516106,-3.1182324289269774
0.20369425300751318,-0.7000362910781284,0.3967864199434604,1790750911,815258425,0.0820000022649765,0.15988622456872956,-0.6351984193112405,0.421299832608846,-3.1226988601600696
0.20390340527193113,-0.7000814643352018,0.39731368412055473,1790750911,865526155,0.0820000022649765,0.15995067991644074,-0.6352075917240875,0.42147023515164983,-3.1257603796382663
0.2019413212256266,-0.6969524089582413,0.3989602066706393,1790750911,915850729,0.07800000160932541,0.16000836416437184,-0.6352128629942049,0.4216285949527464,-3.1285537313423966
0.20258471902078118,-0.6977630840593326,0.39894574549084005,1790750911,965227286,0.07900000363588333,0.16004144208745294,-0.6352146051731554,0.4217220039910671,-3.1301804324451417
0.20213829137793024,-0.696986965345562,0.39947700177776485,1790750912,15344191,0.07800000160932541,0.16007039896250264,-0.6352153192049391,0.4218053786076298,-3.131618885509815
0.20379868220049396,-0.6993697791144646,0.39873078354290903,1790750912,65554820,0.08100000023841858,0.16008334036468044,-0.6352153976947404,0.421843210318441,-3.1322675656325405
0.20275160107999768,-0.6977908801025435,0.39938766712573165,1790750912,115668373,0.07900000363588333,0.1600933557740683,-0.6352153536479294,0.42187273263189845,-3.132772012546985
0.20329972358156456,-0.698584251532747,0.3991247508197281,1790750912,165478118,0.07999999821186066,0.16009587738681413,-0.6352153274355469,0.42188012044189327,-3.1328976257018826
0.20276344263614166,-0.6977927260002934,0.3994191756903016,1790750912,215382930,0.07900000363588333,0.16009706595886886,-0.6352153131642726,0.42188355367975117,-3.1329557040718905
0.20437875772393294,-0.7001683080948043,0.39855298122276467,1790750912,265261537,0.0820000022649765,0.16009556194410385,-0.635215333974101,0.42187914884320155,-3.13288121627064
0.20275218385262228,-0.6977909751131826,0.3993891816323147,1790750912,315941428,0.07900000363588333,0.1600935369174671,-0.6352153582005378,0.42187323340536675,-3.1327811232252643
0.20164690309711736,-0.696202777371822,0.39989084117646095,1790750912,365509959,0.07699999958276749,0.16008554956472362,-0.6352153923471194,0.42184972767259876,-3.132378925563486
0.20215729580792793,-0.6969900675385192,0.39952753266230423,1790750912,415962913,0.07800000160932541,0.16007636198135772,-0.6352153544829465,0.4218228255789771,-3.1319171706310605
0.20209805956393043,-0.6969802477468471,0.39937067778761215,1790750912,465732852,0.07800000160932541,0.16005774871613287,-0.6352150909423436,0.42176884556514316,-3.1309898623770267
0.20257178541453602,-0.6977608135209938,0.3989119050697461,1790750912,515550589,0.07900000363588333,0.16003738346947505,-0.6352144375225527,0.4217105031649625,-3.129981685401742
0.20192700863129465,-0.6969497567852518,0.3989230688422186,1790750912,565429113,0.07800000160932541,0.1600038208581487,-0.6352125608223982,0.4216159138079014,-3.1283332629080363
0.20234742123092989,-0.6977185508201326,0.39833035881264595,1790750912,615845075,0.07900000363588333,0.15996708498435636,-0.6352093660355229,0.4215146097528958,-3.1265485026369606
0.20217695186097737,-0.6976830894725353,0.3978975084535942,1790750912,665330087,0.07900000363588333,0.15991325670643863,-0.635202705457369,0.42137051975745443,-3.1239773682787715
0.20145657195602595,-0.6968504335055968,0.39773219392971376,1790750912,716078765,0.07800000160932541,0.15985386597419304,-0.635192661293331,0.4212169598826515,-3.121191215618353
0.20227478095138673,-0.6983701853451753,0.3965232063907402,1790750912,765324470,0.07999999821186066,0.15977515853699706,-0.6351751568390852,0.42102157737018464,-3.1175716900790964
0.20094687759776414,-0.6967188750845744,0.3965036472296923,1790750912,815668775,0.07800000160932541,0.1596889166127078,-0.6351509748829259,0.4208177289760833,-3.113706999233381
0.2021881400877853,-0.6989802921501436,0.3947645204824309,1790750912,865551160,0.08100000023841858,0.15957855276836422,-0.6351096971729229,0.42057091899807575,-3.1088846590363217
0.20234396077196232,-0.6996442923906664,0.3936127546414794,1790750912,915448443,0.0820000022649765,0.1594595777846564,-0.6350570400047435,0.42032261979447694,-3.1038847647145555
0.20082284664636063,-0.6979854593413394,0.3932892526025376,1790750912,965550015,0.07999999821186066,0.1593027363971349,-0.6350385585393421,0.4200056864628672,-3.097703035615396
0.20084065655796374,-0.6986800195195436,0.39195682778283714,1790750913,15485456,0.08100000023841858,0.15914052009947893,-0.6350153016156571,0.4196859163395516,-3.091335465735247
0.19973654966847476,-0.6977807472152189,0.3911585998520546,1790750913,65321702,0.07999999821186066,0.15895131789910338,-0.6349832332253125,0.41931950928523654,-3.0838894082191595
0.19912127040745595,-0.697641526859766,0.38999603909619374,1790750913,115352578,0.07999999821186066,0.15875669894265146,-0.6349340753645487,0.4189524997109749,-3.0762128625401495
0.19837659465359436,-0.6975135805030198,0.38871113199811846,1790750913,165405325,0.07999999821186066,0.15851230904380217,-0.6348968050249663,0.41854362896786024,-3.0673937966737572
0.19809399555486204,-0.6981413159047043,0.3870254370563222,1790750913,215643972,0.08100000023841858,0.15826295778678387,-0.6348426019386735,0.41813429880323216,-3.058332427164142
0.19719403208539688,-0.6979936443826721,0.38560265527783943,1790750913,265269244,0.08100000023841858,0.15797573321412461,-0.6347981874019727,0.4176847264277503,-3.048179139448078
0.19481973846721307,-0.6954718457214647,0.38535558704033335,1790750913,316139081,0.07800000160932541,0.15768394522247872,-0.6347306790468618,0.4172216156938574,-3.0375535098343134
0.19328030952855474,-0.6945645464031173,0.384325981544846,1790750913,365517823,0.07699999958276749,0.15732083997603322,-0.6346966777296943,0.416756750665378,-3.0260780814518746
0.19355636189883335,-0.6967318702664168,0.3815582288882114,1790750913,415537042,0.07999999821186066,0.15696000808168703,-0.6346427499748628,0.41628066749221615,-3.01425227645531
0.1931743858161498,-0.6981233380644091,0.3790960828869253,1790750913,465372676,0.0820000022649765,0.15654423595407058,-0.6345950726328494,0.41578929729769987,-3.00137602908792
0.19140984709451275,-0.697141791698061,0.3779197153676136,1790750913,515896954,0.08100000023841858,0.15613840908765575,-0.6345195758086121,0.4152745514219654,-2.9881171315845942
0.18952387461038256,-0.6962024078912782,0.3767857186493022,1790750913,565360901,0.07999999821186066,0.15567145863064333,-0.6344680026120887,0.41477093749897037,-2.974179351962649
0.1876389820209206,-0.6952205006533162,0.3756334400112805,1790750913,615401222,0.07900000363588333,0.155220514675489,-0.6343911655137254,0.4142318277485697,-2.959903929241058
0.186753251378437,-0.6966239171080246,0.3731097538058028,1790750913,665515377,0.08100000023841858,0.154657772666342,-0.6343541812821748,0.41377128704108734,-2.9451024039788587
0.18429157621199577,-0.6949165921662287,0.3725777652521078,1790750913,715361567,0.07900000363588333,0.15412360185004448,-0.6342985005112003,0.41327593304217924,-2.930288480039889
0.18317002813295857,-0.6963145332285577,0.37005888785325824,1790750913,765247137,0.08100000023841858,0.15350791316312798,-0.634258813372541,0.4128402694028521,-2.9150375598875553
0.18127773288739019,-0.696130078660696,0.36850908139647015,1790750913,815494127,0.08100000023841858,0.1529204516976328,-0.6341962558459956,0.4123390509801481,-2.8995924207847237
0.17920605282399632,-0.6959965111827353,0.36709703305909597,1790750913,865103778,0.08100000023841858,0.1522498872799572,-0.6341557009014811,0.41193094167237765,-2.8841411755926543
0.1774226500239507,-0.6965739464240125,0.36502474704565274,1790750913,915611547,0.0820000022649765,0.1516021866349146,-0.6340929934472015,0.41142986052403063,-2.8683721948992935
0.17512990594667677,-0.6964488307532198,0.3637014461182818,1790750913,965543580,0.0820000022649765,0.15087091467909544,-0.6340550156095137,0.41105663111368224,-2.8529860099003446
0.17227943418944278,-0.6947538673383135,0.3634609021399217,1790750914,15921987,0.07999999821186066,0.15016801149142295,-0.6339964031824246,0.4105736949834062,-2.837498492221836
0.1701221151364621,-0.6954075743535463,0.36171896614885035,1790750914,65185515,0.08100000023841858,0.14938813742699797,-0.6339643964689052,0.41025594275847876,-2.8228300677520806
0.16765260257226192,-0.6952491125484461,0.36044428772027415,1790750914,115464042,0.08100000023841858,0.1486228741945448,-0.633911822448219,0.40980628038319955,-2.8079428182323487
0.16523208660564148,-0.6959178622390669,0.35883205020234044,1790750914,165191296,0.0820000022649765,0.14778296445423958,-0.6338859195961192,0.4095426664433569,-2.794011039196158
0.16256349770598819,-0.6957787245728947,0.35772070873895695,1790750914,215324858,0.0820000022649765,0.14695866076779782,-0.6338402980501361,0.40914172346517047,-2.7801156831154046
0.15941170343560523,-0.6942045620713164,0.3581927389821664,1790750914,265274382,0.07999999821186066,0.1460707057964722,-0.6338225478776245,0.40894734328367915,-2.767354841626399
0.15678082045453223,-0.6948453861702202,0.3566642916737088,1790750914,315398064,0.08100000023841858,0.1451942663865987,-0.6337844146308135,0.40860954706935027,-2.75475662067533
0.15392257685773175,-0.6955629849250685,0.355458389590289,1790750914,365371570,0.0820000022649765,0.1442523246255876,-0.6337767070608983,0.4084955695767326,-2.7432129664982123
0.1510036739177724,-0.6962262870694365,0.3541331935615041,1790750914,415400206,0.08299999684095383,0.14331217733913235,-0.6337461424705314,0.40822637138347195,-2.731852719260079
0.14784993599609392,-0.6962209388900625,0.35383195439141035,1790750914,465459305,0.08299999684095383,0.14233508575656442,-0.6337492844578957,0.4081999440079286,-2.721768525706713
0.14475289822465748,-0.6969131298870527,0.352770023304016,1790750914,515242661,0.08399999886751175,0.14135991433724907,-0.6337274121865099,0.4080154081678132,-2.711974414540133
0.14249388954830305,-0.6941577616112083,0.35197061280246705,1790750914,565372232,0.0820000022649765,0.14072466484125076,-0.6332855269971509,0.40688364648740616,-2.701645211414703
0.14032931129444925,-0.6940418753755262,0.3480295413985814,1790750914,615426970,0.08399999886751175,0.14000667569900174,-0.6327049447040562,0.40542010379186877,-2.6912434701788666
0.13997899058409952,-0.6928769419694696,0.33960544684209903,1790750914,665107826,0.08799999952316284,0.13990288517044142,-0.6312775319209895,0.40245054852649353,-2.6799380617150335
0.13996463863586117,-0.6930753848412169,0.3267520208858874,1790750914,715914300,0.09600000083446503,0.13987770424065343,-0.6293683584273181,0.3985671125319127,-2.6681873151050857
0.13996472173053334,-0.694226155033255,0.3131178495873401,1790750914,765267033,0.10599999874830246,0.13987789226295197,-0.62754861412734,0.39551989891879613,-2.6589208626420637
0.1399625795737504,-0.694179055155915,0.29865530455069583,1790750914,815739607,0.11599999666213989,0.13986763028661175,-0.6254629091950312,0.39211161249473914,-2.6498200221351977
0.13995677718841987,-0.6948309705807347,0.28311754202408457,1790750914,865083442,0.12800000607967377,0.13985839409651918,-0.6234814843100166,0.38938721166725393,-2.6427735307214046
0.13996327367237887,-0.696156798261669,0.2633610875344641,1790750914,916077992,0.14399999380111694,0.13985749552187604,-0.6212303886661835,0.38633271097188215,-2.635830927381382
0.13995146740374195,-0.693347068704756,0.2501135351208106,1790750914,965348418,0.15299999713897705,0.13984162545252493,-0.6191199821732186,0.3839019004008767,-2.630726321443153
0.13995218286383065,-0.6889796656756237,0.23731876092772908,1790750915,15665954,0.16099999845027924,0.139848251500881,-0.616776288971744,0.38122032829869046,-2.6257900803640912
0.13993455176242015,-0.6810904465250555,0.23244688712162237,1790750915,65300327,0.16099999845027924,0.1398262695309193,-0.6145647564885793,0.37905971173502023,-2.62238883990319
0.13992989598462538,-0.6736194110602606,0.22576252450099515,1790750915,115541297,0.16300000250339508,0.13983578246171371,-0.6121607503079066,0.3767321405741596,-2.6192112906813514
0.1399126075798214,-0.664252281961739,0.2253989593593558,1790750915,165163690,0.1589999943971634,0.1398102871183155,-0.6098747796426834,0.37481139187540263,-2.6172645750170003
0.1399023729896697,-0.6542215431524228,0.22709476325863645,1790750915,215608559,0.15299999713897705,0.1398222750430301,-0.6073944218143976,0.37275262750234905,-2.6155135277482726
0.13988941042987088,-0.6456231050770561,0.22768609000978726,1790750915,265311202,0.14900000393390656,0.1398022306679234,-0.6050861772104156,0.37106583422468,-2.6147653100851316
0.13988218362957963,-0.6377318455222926,0.2255109671532746,1790750915,316019602,0.14800000190734863,0.1398220696198821,-0.6025993927187636,0.36928060132853724,-2.6141854233284825
0.13987160592156173,-0.6296904915445185,0.2268662875506686,1790750915,366959160,0.14399999380111694,0.1397969246781249,-0.6002885628371211,0.36783266377464163,-2.61448189145494
0.13986143800688455,-0.6221926108115889,0.22854452653431678,1790750915,415287561,0.14000000059604645,0.13980839497349046,-0.5979942638672849,0.3664373739140584,-2.6149069774970606
0.1398525968101507,-0.615335151298082,0.2316923216077338,1790750915,465177834,0.13500000536441803,0.13979609672324844,-0.5959058289934636,0.36528685626733853,-2.6157882446626055
0.13984248105063707,-0.6089863435494455,0.23302483699613816,1790750915,515468389,0.13199999928474426,0.13981294033453534,-0.5937518209039943,0.3641427543769592,-2.6167607457347044
0.1398348607648524,-0.603049939992534,0.24076465771985145,1790750915,565265032,0.12300000339746475,0.1398011583652512,-0.5919178378077566,0.36325986579295233,-2.618001730977719
0.1398274768813715,-0.5981201583681864,0.23965892143332568,1790750915,615991598,0.12300000339746475,0.1398100167938685,-0.590027843269123,0.3623924334309018,-2.6193170404502646
0.13982177910891236,-0.5936767193540738,0.2448378986177988,1790750915,665343210,0.11699999868869781,0.13980077189374088,-0.5884456909730493,0.3617208982111063,-2.620679929980715
0.13981496399157586,-0.5896131754875323,0.24410004585874073,1790750915,715581819,0.11699999868869781,0.13980709214253875,-0.5868245443576403,0.3610668068107765,-2.622081914262285
0.1398117572550417,-0.5862165858511419,0.2435626235827171,1790750915,765246943,0.11699999868869781,0.1397980004327374,-0.5854880930204546,0.3605603534842018,-2.6234344084815993
0.13980710367474522,-0.5828573861814905,0.2420870646326213,1790750915,815413746,0.11800000071525574,0.13979883438805774,-0.5841492063917274,0.3600799936621343,-2.624794477898719
0.13980469249239602,-0.5800870635628428,0.24373418485895199,1790750915,865328048,0.11599999666213989,0.13979087579565894,-0.5830379009075229,0.35969664254970896,-2.626042117471856
0.13980129260233115,-0.577258806809615,0.24142588196910553,1790750915,915905159,0.11800000071525574,0.13978977596392017,-0.5819287783187691,0.35933343644408855,-2.627286215332157
0.1397974199343512,-0.5751528728690797,0.24420089613378493,1790750915,965443773,0.11500000208616257,0.13979166927997116,-0.5810192261268589,0.3590511740881822,-2.628322860314805
0.13979168026233427,-0.5726582375049664,0.23901557807166368,1790750916,15638233,0.11999999731779099,0.13979906888211435,-0.5801137918733341,0.3587837458406433,-2.6293405466117252
0.1397907256927441,-0.5711124576414264,0.241875051359252,1790750916,65809962,0.11699999868869781,0.13979274557206442,-0.5794231154480045,0.3585795185226701,-2.630230241695391
0.1397897572684688,-0.5695564956664503,0.2427598174966965,1790750916,115514188,0.11599999666213989,0.13978715373879222,-0.5787693472682744,0.3583933878134556,-2.631088221443398
0.13978878391831936,-0.568037101358768,0.2396933306060111,1790750916,165234275,0.11900000274181366,0.1397851083863015,-0.5782578631050465,0.35825359658229816,-2.631755494780385
0.1397871510630393,-0.5665368112355593,0.23664162261072286,1790750916,215335169,0.12200000137090683,0.1397852209652234,-0.5777646536644657,0.3581238677544789,-2.6323919669286524
0.1397853053082403,-0.5658358257026036,0.23859214811098206,1790750916,265134331,0.11999999731779099,0.13978651040191142,-0.5774069961453359,0.3580329592661431,-2.6328483112858834
0.1397829948775826,-0.5647875149094514,0.23656689572081546,1790750916,316311169,0.12200000137090683,0.13978868640448106,-0.5770624488147044,0.35794780978777024,-2.633283998419131
0.1397814379846168,-0.5644685992661419,0.23853686760433104,1790750916,365140860,0.11999999731779099,0.1397904229536354,-0.5768498102848221,0.3578964289693557,-2.6335510583189965
0.13977948525966333,-0.563767379510059,0.23653058904499824,1790750916,415668555,0.12200000137090683,0.1397923522811455,-0.5766487305048758,0.35784864609129846,-2.6338023313020367
0.139778409269985,-0.5634955690583298,0.23652180040438806,1790750916,465456411,0.12200000137090683,0.13979352451672356,-0.5765379756201873,0.35782264845214823,-2.6339402334284467
0.13977740428086338,-0.5632542019029987,0.23651430714310584,1790750916,516766398,0.12200000137090683,0.13979463465426945,-0.5764394422316362,0.3577997121805281,-2.634062616604038
0.13977712410654683,-0.563272341412298,0.23750567194175876,1790750916,566092824,0.12099999934434891,0.13979503313067368,-0.5764025045591276,0.3577911587485092,-2.6341084913981776
0.13977678168080696,-0.563203490254433,0.23750357067718691,1790750916,615535474,0.12099999934434891,0.1397953311417122,-0.5763742106441324,0.3577846233067108,-2.634143631034577
0.13977657417878372,-0.5630839222219786,0.23650919266794446,1790750916,665207468,0.12200000137090683,0.1397953778102432,-0.5763698258714945,0.35778361183843765,-2.6341490745544434
0.13977642005034643,-0.5629750211529223,0.23551513804845792,1790750916,715867978,0.12300000339746475,0.13979537781024323,-0.5763698258714947,0.35778361183843777,-2.6341490745544434
0.13977611179462016,-0.5627572198261841,0.2335270362157537,1790750916,765315989,0.125,0.1397953778102433,-0.5763698258714947,0.3577836118384378,-2.6341490745544434
0.13977626592305745,-0.5628661208952405,0.23452109083524034,1790750916,815315605,0.12399999797344208,0.1397953778102433,-0.5763698258714947,0.3577836118384378,-2.6341490745544434
0.13977672830722115,-0.563192823291035,0.23750324728743127,1790750916,865308092,0.12099999934434891,0.1397953778102433,-0.5763698258714947,0.3577836118384378,-2.6341490745544434
0.1397764200503465,-0.5629750211529223,0.23551513804845797,1790750916,915804055,0.12300000339746475,0.1397953778102433,-0.5763698258714947,0.3577836118384378,-2.6341490745544434
0.13977657417878375,-0.5630839222219785,0.23650919266794457,1790750916,965247862,0.12200000137090683,0.13979537781024323,-0.5763698258714944,0.35778361183843777,-2.6341490745544434
0.1397761117946201,-0.5627572198261841,0.23352703621575369,1790750917,15573416,0.125,0.1397953778102433,-0.5763698258714947,0.3577836118384378,-2.6341490745544434
0.13977657417878384,-0.5630839222219786,0.23650919266794454,1790750917,65803608,0.12200000137090683,0.13979537781024332,-0.5763698258714945,0.35778361183843777,-2.6341490745544434
0.1397762659230574,-0.5628661208952405,0.23452109083524036,1790750917,116310441,0.12399999797344208,0.13979537781024323,-0.5763698258714947,0.3577836118384378,-2.6341490745544434
0.13977642005034643,-0.5629750211529223,0.23551513804845794,1790750917,165229476,0.12300000339746475,0.1397953778102433,-0.5763698258714947,0.3577836118384378,-2.6341490745544434
0.13977642005034652,-0.5629750211529222,0.23551513804845794,1790750917,215848189,0.12300000339746475,0.13979537781024332,-0.5763698258714945,0.3577836118384378,-2.6341490745544434
0.13977657417878367,-0.5630839222219785,0.23650919266794454,1790750917,265535785,0.12200000137090683,0.13979537781024318,-0.5763698258714944,0.35778361183843777,-2.6341490745544434
0.1397767283072212,-0.563192823291035,0.2375032472874311,1790750917,315526660,0.12099999934434891,0.13979537781024334,-0.5763698258714947,0.35778361183843765,-2.6341490745544434
0.13977657417878375,-0.5630839222219787,0.2365091926679446,1790750917,365594536,0.12200000137090683,0.1397953778102433,-0.5763698258714947,0.3577836118384378,-2.6341490745544434
0.1397765741787838,-0.5630839222219787,0.23650919266794462,1790750917,416665698,0.12200000137090683,0.1397953778102433,-0.5763698258714947,0.3577836118384378,-2.6341490745544434
0.13977626592305756,-0.5628661208952405,0.2345210908352402,1790750917,468841756,0.12399999797344208,0.13979537781024334,-0.5763698258714947,0.35778361183843765,-2.6341490745544434
0.13977642005034638,-0.5629750211529223,0.23551513804845797,1790750917,520239809,0.12300000339746475,0.13979537781024323,-0.5763698258714947,0.3577836118384378,-2.6341490745544434
0.13977626592305745,-0.5628661208952402,0.2345210908352403,1790750917,570038257,0.12399999797344208,0.13979537781024323,-0.5763698258714944,0.35778361183843777,-2.6341490745544434
0.1397765741787837,-0.5630839222219787,0.23650919266794462,1790750917,616119826,0.12200000137090683,0.13979537781024323,-0.5763698258714947,0.3577836118384378,-2.6341490745544434
0.1397761117946201,-0.5627572198261838,0.23352703621575369,1790750917,667155552,0.125,0.13979537781024326,-0.5763698258714943,0.3577836118384378,-2.6341490745544434
0.13977657417878386,-0.5630839222219785,0.23650919266794462,1790750917,715601472,0.12200000137090683,0.13979537781024334,-0.5763698258714944,0.3577836118384378,-2.6341490745544434
0.1398071803578238,-0.5630839035112621,0.23650842441180153,1790750917,765599533,0.12200000137090683,0.13980699816407896,-0.5763699540291287,0.3577828289500419,-2.633992706735087
0.13984346259241315,-0.5629749784751584,0.23551347016368002,1790750917,815454092,0.12300000339746475,0.1398207033116762,-0.5763701054584468,0.3577819079998324,-2.633808283796982
0.14004458704985823,-0.5627570579269168,0.23352055509660777,1790750917,865233078,0.125,0.13989582444868834,-0.5763709493636446,0.3577769023374529,-2.6327983544317415
0.14027248297764736,-0.5630837147269838,0.2364973198225469,1790750917,915843291,0.12200000137090683,0.13998375998607027,-0.5763719490030297,0.3577711414138546,-2.6316161716592834
0.14081743551305043,-0.562865762841052,0.23449783339440478,1790750917,965374885,0.12399999797344208,0.1401869015726532,-0.5763742947010855,0.3577582142608864,-2.628884632727859
0.14139470390009903,-0.5631927218673709,0.23746892022450156,1790750918,15305585,0.12099999934434891,0.14041312400100758,-0.5763769840231677,0.3577444853806934,-2.6258426808835784
0.14242953316821427,-0.5631934724555074,0.2374539984366175,1790750918,65212950,0.12099999934434891,0.14080821005426142,-0.5763818813056453,0.3577221863530163,-2.620529667928947
0.14353364355428475,-0.5633040455596822,0.2384378937584779,1790750918,115296724,0.11999999731779099,0.1412370513274824,-0.5763874817226542,0.35770041393385854,-2.614762232163857
0.14526986943259915,-0.5629805613568001,0.23545393899338063,1790750918,165564157,0.12300000339746475,0.1418715327012343,-0.5763963117441848,0.35767288099821054,-2.6062283728214894
0.14702933024815945,-0.5629861452854199,0.23546685589834282,1790750918,215315743,0.12300000339746475,0.1425364910110872,-0.5764062644526422,0.35764997925383624,-2.5972823768383915
0.14933184306523567,-0.5631056408061778,0.23650158251241865,1790750918,265211914,0.12200000137090683,0.1434249658005805,-0.5764206852095539,0.3576288656818916,-2.585324185077366
0.15192556665185677,-0.5629018988176636,0.23459150262267975,1790750918,315604682,0.12399999797344208,0.1443638352371624,-0.5764373227518916,0.35761837779370237,-2.5726797875083376
0.1549626538749239,-0.5630344289118739,0.23572132334175452,1790750918,365433714,0.12300000339746475,0.1455346227890017,-0.5764600939045146,0.3576223675748726,-2.5568977499736563
0.158478039563433,-0.5627377244354979,0.2329487214200287,1790750918,415716258,0.12600000202655792,0.1467576173347825,-0.5764862980266172,0.35764679252653914,-2.540390514841771
0.1619439104449008,-0.5632189974524398,0.2372099326039336,1790750918,465728142,0.12200000137090683,0.14821526037301977,-0.5765207892536736,0.357703031313286,-2.520681052689411
0.1662585245333954,-0.5629474663307633,0.2346422261479237,1790750918,515455914,0.125,0.1497029431802223,-0.5765596841958585,0.3577909989832697,-2.500518095927348
0.17069354865529401,-0.5631324244345797,0.23618181749399986,1790750918,565484688,0.12399999797344208,0.15141995329805327,-0.5766092690810938,0.3579311611381966,-2.4771762297462936
0.17498912833852545,-0.5634402180725921,0.23881481096853394,1790750918,615453637,0.12200000137090683,0.15316905349172583,-0.5766650417223049,0.3581169010911103,-2.4533064777621183
0.1805465753027808,-0.5633415067392231,0.23775169076661704,1790750918,665156372,0.12399999797344208,0.15512332289380257,-0.5767337665458955,0.3583763363065464,-2.4265084807463495
0.18592493686578257,-0.5634822208537676,0.2388281611402519,1790750918,715763039,0.12399999797344208,0.15714442728627845,-0.5768121134530297,0.3587030781539869,-2.398628759076856
0.19112137627448,-0.5638667395911671,0.24206552004276938,1790750918,765349828,0.12200000137090683,0.15929287333607153,-0.5769037195476928,0.35911672203922107,-2.3687797772941273
0.19689536110887135,-0.5640625511020972,0.24358252992201146,1790750918,815584714,0.12200000137090683,0.1614838835546794,-0.5770062475197275,0.35961049342641177,-2.338080323177761
0.20334873857213798,-0.5641914679031081,0.24446482628518745,1790750918,865554626,0.12300000339746475,0.16381014321428214,-0.5771255243287688,0.3602163295034261,-2.3051573713468896
0.20882555570870762,-0.5646635292556956,0.2483914864117594,1790750918,915600984,0.12099999934434891,0.16614297246262633,-0.5772563571603566,0.3609108963557214,-2.2717539111694536
0.21559958347222677,-0.5648650692114162,0.2498586718738922,1790750918,965413543,0.12200000137090683,0.16857747939727363,-0.5774054369727504,0.36173208801586954,-2.2364220102928543
0.22240489432920302,-0.5651008631939788,0.2516054973651627,1790750919,15163296,0.12300000339746475,0.1709981906649414,-0.5775670278735103,0.36265029189572107,-2.200745888495859
0.22809660853733443,-0.5656844882214479,0.25640544680972993,1790750919,65169783,0.12099999934434891,0.17348359870376487,-0.5777476011574784,0.36370363087890906,-2.163471919252532
0.23554517713164633,-0.5659052344335124,0.2579428822658913,1790750919,115409762,0.12300000339746475,0.17594944843941118,-0.5779423933265864,0.36486554947542515,-2.125755341615991
0.2416390893695145,-0.5664672350423027,0.26246691752801626,1790750919,165747602,0.12200000137090683,0.17843874780942792,-0.578155982422148,0.36616402619494015,-2.086830383799774
0.24803952226091946,-0.5669619488283759,0.26636114238320097,1790750919,215639393,0.12200000137090683,0.18085909672623474,-0.5783812878529343,0.3675559518139329,-2.0480462068859113
0.2543113554631692,-0.5674913888075989,0.2705258047951232,1790750919,265794390,0.12200000137090683,0.18322905587995822,-0.5786202333970999,0.369052226827828,-2.0090400094854854
0.2597533913149379,-0.5681369330308816,0.2756865410438426,1790750919,315602801,0.12099999934434891,0.18551541251521345,-0.5788695563749441,0.37063143633168094,-1.9703006179737586
0.26625329856603386,-0.5686366406910606,0.27952061190320443,1790750919,365361711,0.12200000137090683,0.18773583858316342,-0.5791311696845078,0.37230462816433263,-1.9314754909231815
0.2712941547926569,-0.5693400140518605,0.2851174029262877,1790750919,415260762,0.12099999934434891,0.1898888885882596,-0.5794051995033852,0.37407174243454366,-1.8925184792457168
0.2767001829671214,-0.5699767305546427,0.2900980851465912,1790750919,465169544,0.12099999934434891,0.19193416017375037,-0.5796862716755322,0.37589695479152235,-1.854123450267607
0.2797325732694933,-0.5708737245486482,0.2973414832014037,1790750919,515336402,0.11800000071525574,0.19390444888327335,-0.5799786194344233,0.37780659441280323,-1.815641723665638
0.28528597969206365,-0.5714641595412406,0.30185874261262075,1790750919,565427695,0.11900000274181366,0.19574434088691245,-0.580273349553145,0.3797413064120596,-1.7781532641883007
0.28993384338105177,-0.5721601786116709,0.3072699993345873,1790750919,616074371,0.11900000274181366,0.19751352671894043,-0.5805794441249676,0.3817589360221474,-1.7404347613626432
0.29245422791788583,-0.572961646877113,0.3136383151891544,1790750919,665198647,0.11699999868869781,0.1990777890084167,-0.5808714613220806,0.38369026152319746,-1.7054698127826549
0.2980551288575699,-0.573526376659042,0.31786361825108367,1790750919,715747100,0.11900000274181366,0.20059668960974872,-0.5811773254291578,0.3857187304744635,-1.6697914265241252
0.29821923571976156,-0.574433752682755,0.32516262367700166,1790750919,765477205,0.11500000208616257,0.20192650406820825,-0.5814661764493765,0.38763866169851835,-1.636888348560827
0.30060189864365466,-0.5751511905327674,0.3307599567317744,1790750919,815332329,0.11400000005960464,0.20317518489648026,-0.5817584788993521,0.3895849446404582,-1.6042938692768627
0.306029941125572,-0.575604957817555,0.3340449495401956,1790750919,865278491,0.11699999868869781,0.20426563512349039,-0.5820334443080591,0.3914182907232868,-1.574215062666294
0.30608133401427123,-0.5763981795243727,0.3403397626081232,1790750919,915874750,0.11400000005960464,0.20529229625740233,-0.5823122647727772,0.39327928921451555,-1.544236361432891
0.3092295667933778,-0.5769206713162884,0.344279910266385,1790750919,965659031,0.11500000208616257,0.20615882028060406,-0.582565484097864,0.3949707159591128,-1.517425589093227
0.31135836804972883,-0.5775002363613383,0.34871776580228325,1790750920,15998354,0.11500000208616257,0.2069711182643703,-0.5828206443636336,0.3966760374637566,-1.4907749335431926
0.3103516598369975,-0.5781402907298633,0.3537961456580973,1790750920,65357743,0.1120000034570694,0.20763470769803843,-0.5830443371673041,0.3981715763174811,-1.4676897813294847
0.31475878742184116,-0.5785249553295466,0.356548151963466,1790750920,115969206,0.11500000208616257,0.20826239989708986,-0.5832710167172976,0.39968740120703883,-1.444541521847335
0.3160775734326945,-0.5789631631119311,0.35989056122216556,1790750920,165298668,0.11500000208616257,0.20876061022135184,-0.5834633371734772,0.4009736273240099,-1.4250813536888212
0.3163711249171966,-0.5794356959084793,0.3635483532323974,1790750920,215284071,0.11400000005960464,0.20922492942470328,-0.5836543333162216,0.40225101339285996,-1.405907741117455
0.31734006776071455,-0.5797983527321644,0.366307290494099,1790750920,265357058,0.11400000005960464,0.2095903591119595,-0.5838140516712381,0.4033191056580299,-1.389984723121135
0.3172859616486473,-0.5801857105581333,0.3693071268134881,1790750920,315907242,0.11299999803304672,0.209927066291147,-0.583969813471144,0.40436062461655486,-1.3745474102201234
0.31889899593422505,-0.5804271662954447,0.3710849837471609,1790750920,365188335,0.11400000005960464,0.2101753405807825,-0.5840907754656215,0.40516936063781117,-1.3626179079624765
0.32047435991506473,-0.5806641443078153,0.37282932384041795,1790750920,415364878,0.11500000208616257,0.2104061235490792,-0.584208547959506,0.40595666943062214,-1.351050136369039
0.317081258985696,-0.580983759099763,0.3754686508548055,1790750920,465463457,0.11100000143051147,0.21057088389420472,-0.5842961558246824,0.40654224645267806,-1.3424743609203507
0.32132248251402806,-0.5810517136210144,0.3757696364669394,1790750920,515488814,0.11500000208616257,0.21071966815055476,-0.5843780865028076,0.4070898085314051,-1.3344760719863518
0.3196577072904981,-0.5812332537651514,0.377251289127435,1790750920,565340919,0.11299999803304672,0.21081603768652526,-0.5844327073325498,0.4074548321341461,-1.3291546236964111
0.3208537973023409,-0.5813185511690958,0.3778447487580314,1790750920,615318257,0.11400000005960464,0.21090213788829093,-0.5844826223863316,0.40778838345756097,-1.3242992618204121
0.32195041193645624,-0.5813562462965631,0.37807809288231203,1790750920,665204113,0.11500000208616257,0.21095064926746465,-0.5845112336467153,0.40797958485286967,-1.3215193680715835
0.3210976344785305,-0.5814400277088538,0.37876487536155334,1790750920,715288646,0.11400000005960464,0.21099212126763076,-0.5845359845316411,0.4081449881167092,-1.3191164498806887
0.3201785836865615,-0.5814908221273221,0.37920149145262444,1790750920,765221974,0.11299999803304672,0.2110094630912818,-0.5845464193668208,0.40821469516113973,-1.3181041585714879
0.31924751118282807,-0.5815356346582199,0.3795926688814963,1790750920,815689566,0.1120000034570694,0.21102251114788656,-0.5845543044142271,0.4082673576282749,-1.3173395469897298
0.3192570116788105,-0.5815404733763706,0.3796292425390763,1790750920,865851933,0.1120000034570694,0.21102604682902926,-0.5845564519885114,0.4082816926102323,-1.3171315982249467
0.3231276885600956,-0.5814354552410992,0.3786263348410327,1790750920,916772185,0.11599999666213989,0.21102797075795948,-0.5845576254044069,0.40828951989876483,-1.3170181577824267
0.322161975167609,-0.5814627059145774,0.3788845883222956,1790750920,965287882,0.11500000208616257,0.2110282113909082,-0.5845577722117072,0.408290499178078,-1.3170039653778076
0.322161975167609,-0.5814627059145774,0.3788845883222956,1790750921,15302258,0.11500000208616257,0.2110282113909082,-0.5845577722117072,0.408290499178078,-1.3170039653778076
0.322161975167609,-0.5814627059145774,0.3788845883222956,1790750921,65355133,0.11500000208616257,0.2110282113909082,-0.5845577722117072,0.408290499178078,-1.3170039653778076
0.32022921017665806,-0.581516533262635,0.3793959964947325,1790750921,116123689,0.11299999803304672,0.2110282113909082,-0.5845577722117072,0.408290499178078,-1.3170039653778076
0.322161975167609,-0.5814627059145774,0.3788845883222956,1790750921,165202474,0.11500000208616257,0.2110282113909082,-0.5845577722117072,0.408290499178078,-1.3170039653778076
0.3231283504629884,-0.5814357924410706,0.37862888614121715,1790750921,215749760,0.11599999666213989,0.2110282113909082,-0.5845577722117072,0.408290499178078,-1.3170039653778076
0.32022921017665806,-0.581516533262635,0.3793959964947325,1790750921,266100369,0.11299999803304672,0.2110282113909082,-0.5845577722117072,0.408290499178078,-1.3170039653778076
0.3211955926721335,-0.5814896195886061,0.37914029240851405,1790750921,316681813,0.11400000005960464,0.21102821139090813,-0.5845577722117072,0.408290499178078,-1.3170039653778076
0.32083552446453856,-0.5812466986863777,0.37782138520458614,1790750921,365528856,0.11400000005960464,0.21088337836164595,-0.584409064422836,0.4077634129232778,-1.3243923432456681
0.31942914716770776,-0.5809847633656111,0.37651560493542297,1790750921,415206404,0.11299999803304672,0.21070463508166584,-0.584231052695707,0.4071332735714571,-1.3332443260949596
0.31680359534945945,-0.5799958473688033,0.37130544854843606,1790750921,465309020,0.1120000034570694,0.2100276922714892,-0.5836024423633877,0.4049194302943182,-1.3645250138022373
0.31562278704303015,-0.5787970377576103,0.36473685462396227,1790750921,516074132,0.11299999803304672,0.20916275939752563,-0.5828827368872885,0.40240075155203814,-1.4004855853945561
0.3129738994803094,-0.5770460212494468,0.3552150065651047,1790750921,565442716,0.11400000005960464,0.2077132601501538,-0.5818260816183707,0.3987276351258593,-1.4537515046489258
0.3103357282905014,-0.5751165755937975,0.3446140514792663,1790750921,615889195,0.11599999666213989,0.20591966721229066,-0.5806913274328968,0.3948356360466642,-1.5114843410859549
0.3070746671588096,-0.5732038749357815,0.33413930572259587,1790750921,665345641,0.11800000071525574,0.20391541563258708,-0.5795752103976537,0.3910741375725469,-1.5688528827366643
0.2997049456988075,-0.5715174591589972,0.3257712167282396,1790750921,715323710,0.11599999666213989,0.20166483528379076,-0.5784581598907521,0.3873826008125142,-1.6269631713456634
0.29191188231486576,-0.5698883559603578,0.3179067853398225,1790750921,765337751,0.11400000005960464,0.19919693408373246,-0.5773544481096002,0.3838172993425759,-1.685224668821048
0.2860673026380192,-0.5681068618989484,0.30870242252798774,1790750921,815418562,0.11500000208616257,0.19651730927017055,-0.576265725745478,0.38039086028729063,-1.74358375780678
0.2789536844029889,-0.5664444318222083,0.3005060524228063,1790750921,865176121,0.11500000208616257,0.1936552720757441,-0.575201122324817,0.3771383021986693,-1.8016845591004806
0.27403954158613275,-0.564475823475052,0.2897541389197103,1790750921,915825926,0.11900000274181366,0.1905478253701423,-0.5741369827383211,0.3739966221306765,-1.8608492762933886
0.2659133430227435,-0.562907070742727,0.28232362896486596,1790750921,965571132,0.11900000274181366,0.18734472252132878,-0.5731215059830301,0.3711134810752169,-1.918518654982055
0.25733004493820466,-0.5613851510687508,0.27532791597367595,1790750922,15619211,0.11900000274181366,0.18396027986067778,-0.5721228300294129,0.3684009006446208,-1.976463693798188
0.2500615964581884,-0.5596376564982142,0.26637628701809113,1790750922,65881745,0.12200000137090683,0.18042004246626336,-0.5711472094812582,0.36588299273294017,-2.034464740178643
0.24050696252255344,-0.5582119482794553,0.2602544197006349,1790750922,116526097,0.12200000137090683,0.17670915259221007,-0.5701888582384165,0.3635520160445382,-2.0928720139468355
0.23030067802267587,-0.5569752631260233,0.2556473439711572,1790750922,166509342,0.12099999934434891,0.1729303736032668,-0.5692718037209704,0.36147004050433756,-2.15033681558614
0.22132723566011214,-0.5555144448809262,0.24901690972587356,1790750922,215727257,0.12300000339746475,0.16909609758565164,-0.5683938198524972,0.35962898298898827,-2.20689361934361
0.21030579158754198,-0.5545276613675759,0.24649702581454364,1790750922,265359870,0.12099999934434891,0.1651264604324636,-0.5675346682589564,0.35798983118529293,-2.263962433027803
0.19949579232707337,-0.553499214983276,0.2436617075229765,1790750922,315386986,0.11999999731779099,0.16103191300638864,-0.5666951711141641,0.35656164590057404,-2.3214916255251827
0.18888797278759284,-0.5524368385041416,0.24050420689972957,1790750922,365409962,0.11999999731779099,0.1568711942102027,-0.5658863956820512,0.35536949607585255,-2.3788699378420204
0.178071756338809,-0.5514406789144296,0.2379337814216142,1790750922,415645727,0.11999999731779099,0.1526276885930329,-0.5651023872474534,0.3544067675524831,-2.436465139548588
0.1672079661558791,-0.5505247915609536,0.2359876316331706,1790750922,465511981,0.11999999731779099,0.14836652434995642,-0.5643537083824965,0.35368963028436906,-2.493620620957441
0.156337390027033,-0.5495630803656613,0.23365794086017483,1790750922,515426781,0.12099999934434891,0.14406187617226018,-0.5636325832511244,0.35320860246223235,-2.5508289922837255
0.14520569313754692,-0.5487882459533638,0.23292477693961589,1790750922,565577268,0.12099999934434891,0.13971755898541244,-0.5629387806702664,0.3529691128829929,-2.6082557868344933
0.13411875979018567,-0.5485575741141141,0.23678448330761542,1790750922,615595893,0.11699999868869781,0.13537297444058402,-0.5622757048263708,0.35297071109958505,-2.665521892660792
0.12316408768831638,-0.5477025897712344,0.23529757079712693,1790750922,665895260,0.11900000274181366,0.13106267973216432,-0.5616471541988826,0.35321348159460875,-2.7223915321326553
0.11278615008716734,-0.5476217644526956,0.24033788099711292,1790750922,716171396,0.11500000208616257,0.12677845446159092,-0.5610485594949174,0.35369103301771204,-2.779109599937242
0.10189458806100503,-0.5468042717653907,0.23903088132764044,1790750922,765314830,0.11800000071525574,0.12260731152946906,-0.560490337608991,0.35438977720066767,-2.834724112188504
0.09145508312936057,-0.5465103602702218,0.24227127386868147,1790750922,815588262,0.11699999868869781,0.11837850954204146,-0.5599467954148218,0.3553358174442923,-2.891648672480291
0.08079704745803158,-0.5460614345771027,0.24413714574401355,1790750922,865296838,0.11800000071525574,0.11424641541621514,-0.5594373626524949,0.35650361983713585,-2.9480255455295925
0.07145556690150708,-0.546127198366465,0.25037297427171584,1790750922,915434168,0.11500000208616257,0.11014396998492243,-0.5589507539415335,0.35790791914586223,-3.0049060899137836
0.06186924305096414,-0.5460311152912973,0.25522067512938806,1790750922,965571626,0.11400000005960464,0.10612996913730899,-0.5584933144109374,0.3595359747407196,-3.061700494425062
0.05267888146313682,-0.5459957236456441,0.2605336054172516,1790750923,15383472,0.11299999803304672,0.10223394863004225,-0.5580651691871412,0.3613682391393656,-3.1181105866118286
0.04434883368072117,-0.5461231708036092,0.26717578474647874,1790750923,65386736,0.11100000143051147,0.09845022465860087,-0.5576647006498104,0.3634090061445042,-3.174412925923171
0.03382975819525008,-0.54579398442493,0.2700020711544584,1790750923,115365702,0.11400000005960464,0.09478572199909761,-0.5572895782773681,0.3656484083154479,-3.2306264548913894
0.025647786914626644,-0.5459347183815957,0.27673819530550214,1790750923,165247456,0.11299999803304672,0.09124127744653478,-0.5569390970547407,0.36809134087437173,-3.28695280482221
0.016608411850487573,-0.5459378855701724,0.28235317747735,1790750923,215292701,0.11400000005960464,0.08781879004131757,-0.556610588029978,0.3707340321559131,-3.3435079711020337
0.009910972651272318,-0.5462731452902452,0.29065917449591855,1790750923,265563272,0.1120000034570694,0.08457045704776894,-0.5563082130237627,0.37354017098857994,-3.399632304971411
0.003750196065967562,-0.5466432365079344,0.2992483478005007,1790750923,315997446,0.10999999940395355,0.08147368157166032,-0.5560268247785659,0.3765206451707964,-3.455813585150667
-0.001735774111593133,-0.5470416616661165,0.30795261605794416,1790750923,365403853,0.1080000028014183,0.0785929483216494,-0.5557714369216815,0.37961214425438683,-3.5110307641493628
-0.0067707553649448,-0.5474699031861081,0.3169737669858167,1790750923,415541775,0.10599999874830246,0.0758389661012819,-0.5555311556878396,0.38290289455486537,-3.567096368963339
-0.014444314546553857,-0.5476359780173959,0.3237977598149358,1790750923,465334065,0.1080000028014183,0.07328587300517508,-0.5553118050636154,0.3863157290430014,-3.62276637677246
-0.019340712507948818,-0.5480641201547645,0.33282766177843015,1790750923,515779859,0.10700000077486038,0.0708886703933453,-0.5551066063010189,0.3899070977948414,-3.679165346271961
-0.021855931831907968,-0.5486320918667706,0.342856000382164,1790750923,565362971,0.10400000214576721,0.068735960092326,-0.5549216571541741,0.39354673851451905,-3.73438306049256
-0.02655841166859002,-0.5490460387909216,0.35177977877002775,1790750923,616329917,0.10400000214576721,0.06672864449792684,-0.5547461576499751,0.39739813300489,-3.791103174095853
-0.02959756464997748,-0.5495137141248931,0.36076743348390555,1790750923,665296720,0.10300000011920929,0.06503843459368364,-0.5545954904816371,0.40110604055914956,-3.8443285500799114
-0.035059217876264204,-0.5498772831064189,0.36908402696463527,1790750923,715921442,0.10499999672174454,0.06349817282307693,-0.5544516915119108,0.4050077633772574,-3.899137423194638
-0.03527918153595948,-0.5502731885037828,0.3757973576328936,1790750923,765622415,0.10300000011920929,0.06259621682906685,-0.5543615937389287,0.4076201696091748,-3.9352604123949537
-0.037010115253802454,-0.5505632473578216,0.381370756887326,1790750923,815304343,0.10300000011920929,0.06185122235958127,-0.5542824594628052,0.41003438211456855,-3.9682936839700695
-0.039519083283057185,-0.5506004061744273,0.38286950683874704,1790750923,865338672,0.10499999672174454,0.061600191303181534,-0.5542544435417075,0.41091482070109747,-3.9802659325056955
-0.037979269768782506,-0.550743725270658,0.3848025980813031,1790750923,916710093,0.10300000011920929,0.06143378756435497,-0.5542353882705295,0.41152061345914825,-3.9884821172643132
-0.03513060177352429,-0.5508543577274752,0.3857535249487555,1790750923,965363180,0.10000000149011612,0.06141325838037676,-0.5542330113084146,0.411596668422165,-3.9895124435424805
-0.036096042317194384,-0.5508205711236986,0.3854950929941462,1790750924,15211794,0.10100000351667404,0.06141325838037675,-0.5542330113084144,0.41159666842216514,-3.9895124435424805
-0.03416516122985424,-0.5508881443312512,0.38601195690336504,1790750924,65542949,0.0989999994635582,0.06141325838037675,-0.5542330113084144,0.41159666842216514,-3.9895124435424805
-0.036096042317194384,-0.5508205711236986,0.3854950929941462,1790750924,115352711,0.10100000351667404,0.06141325838037675,-0.5542330113084144,0.41159666842216514,-3.9895124435424805
-0.037061475667786455,-0.5507867847716517,0.385236662965001,1790750924,165435651,0.10199999809265137,0.06141325838037675,-0.5542330113084144,0.41159666842216514,-3.9895124435424805
-0.03416516122985424,-0.5508881443312512,0.38601195690336504,1790750924,216874591,0.0989999994635582,0.06141325838037675,-0.5542330113084144,0.41159666842216514,-3.9895124435424805
-0.037061475667786455,-0.5507867847716517,0.385236662965001,1790750924,268992814,0.10199999809265137,0.06141325838037675,-0.5542330113084144,0.41159666842216514,-3.9895124435424805
-0.035130601773524305,-0.5508543577274749,0.3857535249487556,1790750924,318317322,0.10000000149011612,0.06141325838037675,-0.5542330113084144,0.41159666842216514,-3.9895124435424805
-0.03284900467123163,-0.5506841298570558,0.38501592129727313,1790750924,366659036,0.09799999743700027,0.061568916973142415,-0.5540779416045812,0.41104931546382895,-3.9821541597601424
-0.03340806739844486,-0.5503839557738519,0.38334725070098846,1790750924,415261327,0.0989999994635582,0.06174732660210039,-0.5539053119465132,0.41044062511413204,-3.973953718994985
-0.03388351079372545,-0.5494260472613735,0.37810416961826643,1790750924,465446961,0.10100000351667404,0.06237815541962147,-0.5533320130449085,0.40842636873865024,-3.9466760900067923
-0.032083372837998614,-0.5484272004631647,0.3728298655949224,1790750924,515440178,0.10100000351667404,0.0631622539859465,-0.5526849251848497,0.40616367818028853,-3.9157494223744442
-0.03007091149161821,-0.54693241264729,0.3648377420117547,1790750924,565540849,0.10199999809265137,0.06444111161834201,-0.5517448413490199,0.4028945105103279,-3.8704523062826865
-0.02744166731380801,-0.5453543088296037,0.3564213985804291,1790750924,615867847,0.10300000011920929,0.06596972757501277,-0.5507534394457879,0.39948136511631116,-3.8222473302704554
-0.022635884474040177,-0.5439163611595003,0.34908621000232903,1790750924,665374412,0.10199999809265137,0.06765478226542393,-0.5497801668354991,0.39617347891482846,-3.774435592767231
-0.020030191398939426,-0.5423095246883867,0.3404369996702374,1790750924,715359184,0.10400000214576721,0.06952410700384086,-0.548807094845581,0.3929137532470137,-3.7260920931011317
-0.01695338341978636,-0.5407166235465061,0.3318648827435764,1790750924,765170307,0.10599999874830246,0.0715524744045895,-0.5478500932086887,0.38975984345683895,-3.6778803322319025
-0.011719661297142622,-0.5392623563288369,0.324460231339021,1790750924,815554980,0.10599999874830246,0.07376365783362397,-0.546895282282011,0.3866722906717661,-3.6291064633848626
-0.0038624547742857618,-0.538090807807886,0.31929456073678875,1790750924,865360131,0.10300000011920929,0.07610000865025653,-0.545968293580178,0.3837379443036313,-3.580971294921792
-0.00027770767650298067,-0.536485545892644,0.3106073174148792,1790750924,915514488,0.10599999874830246,0.07859839847423565,-0.5450500255899666,0.38090105327129586,-3.5325131380593033
0.00581728003183718,-0.5351802794504298,0.30425307980586747,1790750924,965213240,0.10599999874830246,0.08117409449214003,-0.5441706023529229,0.37825662258014636,-3.485234137122777
0.010230571278453171,-0.53363778329255,0.2959650369468033,1790750925,15362467,0.10899999737739563,0.08389505845501397,-0.5433015965074596,0.3757218765998005,-3.4376587707773885
0.015221428004249873,-0.53210315332999,0.28775542604427146,1790750925,65159303,0.1120000034570694,0.08676687917710722,-0.5424431388113568,0.3733026871991499,-3.3896667496544213
0.02266021449234641,-0.5308559781412373,0.2819935582505694,1790750925,115657357,0.1120000034570694,0.089809880345642,-0.5415879475379244,0.37098652416947153,-3.340843284032429
0.029665841898299586,-0.529580970674984,0.2758916163156594,1790750925,165525035,0.11299999803304672,0.09290538797813766,-0.5407697099512281,0.36886780402247404,-3.293004111100589
0.03756217428137873,-0.5284420398651907,0.2709368923272898,1790750925,215688753,0.11299999803304672,0.09611854356394893,-0.5399666643999096,0.36689174734383173,-3.2449475779345938
0.04466912928778498,-0.5271528797354651,0.2646700141215023,1790750925,265453579,0.11500000208616257,0.09939861687469906,-0.5391917581361146,0.36509286548086967,-3.1973425265102438
0.05355863821740534,-0.5262111109452773,0.261348866616284,1790750925,315803938,0.11400000005960464,0.10280438467391963,-0.5384279146701446,0.3634351349204915,-3.149189605844067
0.061263494016164086,-0.5250129541170088,0.25579774520966,1790750925,365494439,0.11599999666213989,0.10623787367093028,-0.5376973412738433,0.36196935498713745,-3.1017840819090163
0.07007766928284001,-0.5240718504599973,0.2524284728732436,1790750925,415598138,0.11599999666213989,0.10976884669254312,-0.536981590626924,0.360659467834347,-3.0540059202343737
0.07924221507104848,-0.5233072964733079,0.2504727093368,1790750925,465339964,0.11500000208616257,0.1133222173137402,-0.5362961281443999,0.3595361962550879,-3.0067828174637174
0.08746793399261085,-0.5221375225123678,0.2451194709751132,1790750925,515233282,0.11800000071525574,0.11693623787529484,-0.5356300556809873,0.35858123010025567,-2.9594548532875233
0.09696330379904622,-0.5214715065551332,0.24401418877835346,1790750925,565439954,0.11699999868869781,0.12062176092866041,-0.5349821862970195,0.3577979250165069,-2.911804974486099
0.1061083696726803,-0.5206312405690161,0.24142063506755362,1790750925,615432976,0.11800000071525574,0.12432797029113277,-0.5343585737182648,0.3571945813884508,-2.8643535611237825
0.11566861957074735,-0.5200767294560924,0.24123770016424106,1790750925,665511749,0.11699999868869781,0.1280773418396338,-0.533755770182457,0.35677084324282,-2.8167256903995943
0.12490458218992453,-0.5191111578988871,0.23755676886985108,1790750925,715333640,0.11999999731779099,0.13182721276750806,-0.5331776213222437,0.35652824086593726,-2.7693245359307914
0.13452706368113482,-0.51843287668545,0.2363074675480529,1790750925,765454552,0.12099999934434891,0.1356081602533451,-0.5326197239750076,0.3564680452577026,-2.7216765942567096
0.14413224162670826,-0.5180461636536435,0.2375077488969697,1790750925,815382065,0.11999999731779099,0.13937452537775216,-0.5320859514228387,0.3565885947612825,-2.674219706546
0.15366968851383064,-0.5176005566066604,0.23817494561221092,1790750925,865370689,0.11999999731779099,0.1431185671760272,-0.5315774017963866,0.35689023945983284,-2.626965179247999
0.1637357901247371,-0.5167451729253801,0.23536598768298056,1790750925,915546064,0.12399999797344208,0.14685563092998083,-0.5310890991821247,0.35737136257488605,-2.579582830723555
0.17290271533638277,-0.5166455027834657,0.2389121290578536,1790750925,965092565,0.12200000137090683,0.15052398218566093,-0.5306291015757956,0.35802405793941106,-2.532775043797181
0.1826602907444057,-0.5162491449918799,0.24001163873736048,1790750926,15551322,0.12300000339746475,0.15422547547459065,-0.5301819831858355,0.35886591142542534,-2.485101851808274
0.191937925306144,-0.5160275055472386,0.2424952494152806,1790750926,65516029,0.12300000339746475,0.1578131138788619,-0.5297657093353687,0.3598654323302978,-2.4383744982810955
0.2018739121618122,-0.5156353563191797,0.24358389036572442,1790750926,116338436,0.125,0.16140420688443058,-0.5293637546021388,0.36105190318345415,-2.3909324385483135
0.21080808738028828,-0.5155238320357144,0.24691354862965004,1790750926,165166256,0.125,0.164824939479873,-0.528995376571947,0.36236512980971375,-2.3450085340681555
0.21900329393323123,-0.515670339124685,0.25257944633687135,1790750926,215344733,0.12300000339746475,0.16827778738546958,-0.5286360044457752,0.3638800094263311,-2.297755001666983
0.2281035055506958,-0.5155497548911241,0.25589116137672274,1790750926,265302968,0.12399999797344208,0.17162072668765793,-0.5283009332260521,0.3655410708176049,-2.2510109509643677
0.23617090704607924,-0.5156827853097996,0.2614269229916425,1790750926,315851234,0.12300000339746475,0.17491586675618462,-0.5279813079382,0.3673777003178068,-2.2037722304272482
0.24600065587706493,-0.5154699617111449,0.26392325701695274,1790750926,365357355,0.12600000202655792,0.1780919034560962,-0.5276841765148218,0.3693519761216152,-2.156978808597728
0.25126761672112063,-0.5160722752662052,0.2734988782935525,1790750926,415252367,0.12099999934434891,0.18120114799502132,-0.5274020495615107,0.3714954395393657,-2.1097199422691437
0.26014879551295494,-0.5160538017990949,0.27766776218942046,1790750926,465421158,0.12300000339746475,0.18418786881279844,-0.5271401164049727,0.37377203930074,-2.06275732980023
0.26753176551643476,-0.5162629332194162,0.28377108964097425,1790750926,515332652,0.12300000339746475,0.1870424158819689,-0.5268965427067992,0.3761690970895491,-2.016136936692499
0.2745951713868009,-0.5165123879250821,0.29019758838818993,1790750926,565415647,0.12300000339746475,0.18977408997243145,-0.5266704065538591,0.37869165395764304,-1.9696591553915679
0.28204602673456025,-0.5167200365494824,0.2962401108264955,1790750926,615391586,0.12399999797344208,0.19237528920115013,-0.5264599197927168,0.38133002210883304,-1.9233367597398285
0.2862135080211802,-0.5172704050690466,0.30526573152869263,1790750926,665079865,0.12099999934434891,0.19485082408883062,-0.5262646656103745,0.3840880830752226,-1.8770254503293395
0.2938997882416712,-0.517486099377568,0.311439525458102,1790750926,715698929,0.12300000339746475,0.19723885213674383,-0.5260793904019507,0.38701610659581787,-1.829798024710099
0.29548154353799594,-0.5182001196799909,0.32186988209209166,1790750926,765122696,0.11800000071525574,0.19942495701355273,-0.5259129024412416,0.3899701415346977,-1.7838861106866797
0.30158695315793793,-0.518541423900029,0.3291022806284874,1790750926,815633815,0.11900000274181366,0.2015126273773099,-0.5257549395975535,0.3930873973618806,-1.7369999744719773
0.30558269356653556,-0.5190281205083598,0.3375660348827458,1790750926,865348242,0.11800000071525574,0.20343141712974278,-0.5256107863587417,0.39626684749583074,-1.690612039805366
0.3118426082087023,-0.5193806849673267,0.3448531839583533,1790750926,915345875,0.11999999731779099,0.20520918664172066,-0.5254760574214697,0.3995538164577449,-1.643916539727702
0.3150291682833845,-0.5199098717704522,0.3536843168023602,1790750926,965394657,0.11900000274181366,0.20681723358524698,-0.5253517715527104,0.40289370176292977,-1.5976018193432568
0.31684404365520347,-0.5204896599494245,0.3629771142753083,1790750927,15503615,0.11699999868869781,0.2082650630018463,-0.5252359077592028,0.40630237001790437,-1.551311085005069
0.31773338557711145,-0.5209929956198301,0.3709784088904291,1790750927,65298302,0.11500000208616257,0.20936959911452088,-0.5251441420077513,0.4092544881955711,-1.5118921274096107
0.3201555117750227,-0.5214219181482541,0.3782551649096846,1790750927,116115182,0.11500000208616257,0.21034331974289336,-0.5250584778459092,0.41221187845033114,-1.4729363046266755
0.3212659731170652,-0.5216419931916394,0.3819592563824251,1790750927,165400004,0.11500000208616257,0.21078942321393393,-0.5250167994400681,0.41371682373422186,-1.4532921198874846
0.324084206446645,-0.5217767186818063,0.38461508010435935,1790750927,215416017,0.11699999868869781,0.21114583932012965,-0.5249820208657197,0.4150067066133425,-1.4365415120660239
0.3223211987979318,-0.5218688469005219,0.38575872623332036,1790750927,266825772,0.11500000208616257,0.21121308740010852,-0.5249752774945331,0.41526022026990916,-1.4332582946571055
0.3242952052142294,-0.5218242879569057,0.38540232200866703,1790750927,316958433,0.11699999868869781,0.21122963937953876,-0.5249735989231175,0.4153232069567202,-1.4324430886172834
0.3223675208641229,-0.5218792612302435,0.3859328285421556,1790750927,365700474,0.11500000208616257,0.21123166782402394,-0.5249733929584242,0.4153309406875908,-1.4323430061340332
0.3233339143269113,-0.5218523558833791,0.3856771941755807,1790750927,415282252,0.11599999666213989,0.21123166782402394,-0.5249733929584242,0.4153309406875908,-1.4323430061340332
0.3214011202011031,-0.5219061667775695,0.3861884648133653,1790750927,465256625,0.11400000005960464,0.21123166782402394,-0.5249733929584242,0.4153309406875908,-1.4323430061340332
0.3233339143269113,-0.5218523558833791,0.3856771941755807,1790750927,515563002,0.11599999666213989,0.21123166782402394,-0.5249733929584242,0.4153309406875908,-1.4323430061340332
0.3204347195380832,-0.5219330723248954,0.386444101084575,1790750927,565563487,0.11299999803304672,0.21123166782402378,-0.5249733929584242,0.4153309406875908,-1.4323430061340332
0.3262331163159706,-0.521771639241401,0.38491028536195165,1790750927,615731361,0.11900000274181366,0.21123166782402394,-0.5249733929584242,0.4153309406875908,-1.4323430061340332
0.324300314989931,-0.5218254503360531,0.38542155790437105,1790750927,666735187,0.11699999868869781,0.21123166782402394,-0.5249733929584242,0.4153309406875908,-1.4323430061340332
0.3252667156529508,-0.5217985447887271,0.3851659216331613,1790750927,718007811,0.11800000071525574,0.21123166782402394,-0.5249733929584242,0.4153309406875908,-1.4323430061340332
0.321140878287166,-0.5217284148880723,0.3852315673570538,1790750927,765734196,0.11400000005960464,0.2111269582433257,-0.5248639771538132,0.4149486610819629,-1.4377286660911401
0.32275614734206926,-0.5214638732959725,0.383578663043282,1790750927,815276085,0.11599999666213989,0.2110015785449529,-0.5247358260180534,0.4145013069142631,-1.4440407177622179
0.3234492351578505,-0.52063141624597,0.37885029960085076,1790750927,865665017,0.11800000071525574,0.21051493002550853,-0.5242636497746053,0.4128598537388999,-1.4672986968495731
0.3200564882985689,-0.5198348700123357,0.37481833109588136,1790750927,915422306,0.11599999666213989,0.2099250887849895,-0.5237373100442086,0.41103773236915564,-1.4933022995913718
0.3175640938359173,-0.5185325599729365,0.36784102689853654,1790750927,965315401,0.11599999666213989,0.20892978656949532,-0.5229377567024833,0.40827839516274317,-1.5330922522472101
0.3173428580204349,-0.5170182404966164,0.3592933011973187,1790750928,15793584,0.11900000274181366,0.20773675759135385,-0.522084065819662,0.4053567445670696,-1.5758563883690686
0.3094573773841504,-0.5158602408778209,0.3540085085421994,1790750928,65387491,0.11400000005960464,0.20641094042792107,-0.5212313196061671,0.40247069336201136,-1.6188553561283614
0.30579658106217716,-0.514478527655114,0.3467903409122259,1790750928,115766803,0.11400000005960464,0.20493023680174954,-0.5203684178382852,0.39958513045396893,-1.662714237819303
0.3053916578259379,-0.5129272441166747,0.33791881304319193,1790750928,165145977,0.11800000071525574,0.2033680714938351,-0.5195360783593033,0.39683834554888797,-1.705431128919004
0.29937260282813194,-0.511694032509554,0.33199184157197204,1790750928,215656994,0.11599999666213989,0.20165062168048245,-0.5186938683219913,0.39409994027732465,-1.7490789565297447
0.29731828572608143,-0.5101982744641548,0.32364737849368,1790750928,265633071,0.11900000274181366,0.19984494689856927,-0.5178743592724961,0.39147824604219233,-1.7920481420310634
0.2932538828237182,-0.5088393565728698,0.3165101154015471,1790750928,315587323,0.11999999731779099,0.19792932700875535,-0.5170652090086538,0.388936379744357,-1.8349599397565841
0.2896416271671339,-0.5074273797634119,0.30889118496543466,1790750928,365171749,0.12200000137090683,0.19591024286269776,-0.5162680827279741,0.3864815832242898,-1.877795217279214
0.2855928444232348,-0.5060122064665369,0.3012994887210865,1790750928,415236549,0.12399999797344208,0.19376277215559967,-0.5154728423188512,0.3840867685049063,-1.92109108189734
0.2776056459787924,-0.5050105793574249,0.2973133532018677,1790750928,465393582,0.12099999934434891,0.19151311933197018,-0.5146893227827581,0.38178464194902256,-1.964394735127751
0.27020664110333165,-0.5039723112052444,0.29300900339530156,1790750928,515715263,0.11900000274181366,0.18915691042900565,-0.5139150770924669,0.37957160049521976,-2.0078266260321724
0.26730131699268445,-0.5023816783420394,0.2838419682940562,1790750928,565371597,0.12399999797344208,0.18673102558377816,-0.5131611972655244,0.37748079363630294,-2.0508308858246895
0.2613015285946142,-0.5011371258041074,0.27773996614864943,1790750928,615552407,0.125,0.18418683528932026,-0.5124114028688215,0.3754702825970193,-2.0943159114561865
0.2545188918614125,-0.5000284733100935,0.2727434071452218,1790750928,665417567,0.125,0.18159233631774344,-0.5116851285797943,0.3735939891190483,-2.137227158221736
0.24696571716277904,-0.49904729513422763,0.2688541850112147,1790750928,715441959,0.12399999797344208,0.17891236267614158,-0.5109706084957428,0.37182299115663336,-2.180220687731364
0.24135362105776959,-0.49771361672463693,0.26190320450866766,1790750928,765401258,0.12700000405311584,0.17616290437493606,-0.5102717271368108,0.3701689209231709,-2.2231391671325715
0.2329534486011832,-0.496906616897866,0.25949324790170336,1790750928,815382845,0.125,0.17334164753938872,-0.5095864751169698,0.36862919234583447,-2.266073084193038
0.22588137651253448,-0.4958395989333642,0.25481246636725974,1790750928,865475830,0.12600000202655792,0.17046808454598145,-0.5089190942249914,0.36721484350866385,-2.3088290898294126
0.21819164934913315,-0.4949128745596474,0.25132707038394286,1790750928,915523723,0.12600000202655792,0.16754030540045206,-0.5082674678729882,0.3659224311291331,-2.351497395609178
0.21001189295414824,-0.4941347898779179,0.249094714709713,1790750928,965289734,0.125,0.1645649248331769,-0.5076326186499436,0.36475534633107537,-2.3940790132153653
0.20232279198276895,-0.493167701767976,0.24530048555216624,1790750929,15693239,0.12600000202655792,0.1614988614483722,-0.5070043712128164,0.3636979254953068,-2.437234141196584
0.19398804804328504,-0.49247286689523273,0.2437583165932942,1790750929,65471185,0.125,0.1584343107852683,-0.5064013316530968,0.3627832284247123,-2.479759874944511
0.18585862555229635,-0.49170554826713414,0.24160361646597334,1790750929,115381568,0.125,0.15532373792783108,-0.5058122369438922,0.3619930760226069,-2.5223822711372694
0.17703782307614135,-0.4913221049364784,0.2427058529368172,1790750929,165145902,0.12200000137090683,0.15218307636052808,-0.5052399716589528,0.3613335684425093,-2.5649732748858685
0.1696085326809827,-0.4900573437631436,0.2363407390762049,1790750929,215389666,0.12700000405311584,0.14898224977520244,-0.5046778698789639,0.36079875488506624,-2.6079923624449433
0.1609610210952318,-0.48964558357296684,0.2371754700852034,1790750929,265251103,0.125,0.14579832438974352,-0.5041392449920499,0.36040300924462326,-2.650496014794918
0.15257284163666443,-0.4889205283319389,0.23539611860694004,1790750929,315760267,0.12600000202655792,0.1425583424540666,-0.5036102286474977,0.3601355390860068,-2.693516546694143
0.1440697208549509,-0.48847657749747647,0.2359540707799902,1790750929,365756567,0.125,0.13933577563352484,-0.5031027697468871,0.36000512584573247,-2.7361674161907095
0.13562342940576072,-0.48795677053936204,0.23587016901746105,1790750929,415789616,0.125,0.13610394600170228,-0.5026109247565491,0.3600072902503136,-2.7788617519906302
0.12744997756006066,-0.4877241252839206,0.23811188137377165,1790750929,465258912,0.12300000339746475,0.13294290616107773,-0.5021461966757237,0.36013987991480406,-2.8206314746404537
0.11926453863285559,-0.4874081071722528,0.23969693682117155,1790750929,515456102,0.12200000137090683,0.12974644020749454,-0.5016912875466355,0.3604036923581907,-2.8629358680885244
0.1109253105550312,-0.48689904559449715,0.23964480708717018,1790750929,565358021,0.12300000339746475,0.12655750154795184,-0.501252520747618,0.3608001338027791,-2.9052953629011493
0.10250235273374271,-0.4864293505729755,0.2399486239272274,1790750929,615461802,0.12399999797344208,0.12336746757256806,-0.5008273582195784,0.36132961031300626,-2.9478844104043063
0.09449182249986182,-0.48623438575279165,0.24254763622355133,1790750929,665309637,0.12300000339746475,0.12020734609443985,-0.500419893637578,0.36199002421074666,-2.9903792355108174
0.08655889666510735,-0.4860752938852449,0.24548423935800986,1790750929,715597966,0.12200000137090683,0.11704511093897453,-0.5000246034659421,0.3627872991474757,-3.033272514953371
0.07947606925661826,-0.4861847539250829,0.2506079962244623,1790750929,765670257,0.11900000274181366,0.11395720796887597,-0.49965089227028714,0.3637040387888488,-3.075614950830769
0.0717027279843772,-0.485988548359585,0.25317973342717426,1790750929,816065328,0.11900000274181366,0.11089207748372008,-0.499290832564128,0.36475143581318065,-3.1181654657920905
0.06238206644203749,-0.4852837728383633,0.2513828780053292,1790750929,865347455,0.12399999797344208,0.10794175270956147,-0.49895480712535567,0.36589670820125925,-3.159717837327565
0.05588923746172544,-0.48549825965398913,0.2573733214321336,1790750929,915677683,0.12099999934434891,0.10497709917085843,-0.4986265933672116,0.36718692955094434,-3.202144092071152
0.048504466164805186,-0.4854210452645304,0.2608688884893119,1790750929,965571787,0.12099999934434891,0.1020950704287001,-0.49831696532378783,0.36858491432478485,-3.2441546579735894
0.04171781374942062,-0.48548403758011516,0.2655492007784658,1790750930,15679541,0.11999999731779099,0.09925881161186534,-0.49802044529653783,0.3701047907908204,-3.286336175034083
0.03472965206237419,-0.4854768590146151,0.26958514499557507,1790750930,65243689,0.11999999731779099,0.0965178170352679,-0.49774200032385096,0.3717212714847698,-3.328030307049513
0.028909512901658954,-0.4857035196883782,0.2756246875693214,1790750930,115553481,0.11800000071525574,0.09380303455268246,-0.49747321256025423,0.37347306694389365,-3.3703464100629743
0.022280028273647154,-0.48576018599211507,0.2802152269946642,1790750930,165251805,0.11800000071525574,0.09117619337104588,-0.4972201790515849,0.3753256216040298,-3.412426645269379
0.015139170822932549,-0.48575634655543537,0.28435935232248244,1790750930,215570514,0.11900000274181366,0.0885908012891022,-0.49697704689781463,0.3773107079782202,-3.455084327775577
0.008211262050644777,-0.485790423068142,0.2887660594420966,1790750930,265808945,0.11999999731779099,0.08611566852696774,-0.4967501595636128,0.3793794524024727,-3.4972815685940217
0.0035388335290683914,-0.4861244432506793,0.29560695309789314,1790750930,315620298,0.11800000071525574,0.08374937652956642,-0.4965378079426875,0.38152453451262364,-3.539049954853839
-0.001625841622378943,-0.4863951875192023,0.30200335283000235,1790750930,366336797,0.11699999868869781,0.08142181142467925,-0.49633357585449356,0.38381603799451514,-3.5817481208148996
-0.00631809018530137,-0.4866811667100854,0.30838745661415945,1790750930,415410478,0.11599999666213989,0.0792588201675629,-0.49614711215768276,0.38612411152583803,-3.6230917694318787
-0.010768161226566278,-0.4869895929064365,0.31498148456625735,1790750930,465128099,0.11500000208616257,0.07717137582639758,-0.4959704324997646,0.38854086753625444,-3.6648144691671347
-0.015004688529674612,-0.4873207346924351,0.3218267141024832,1790750930,515754375,0.11400000005960464,0.07514803403104856,-0.4958013672746008,0.3910839555974016,-3.7072689514190316
-0.020455534434242834,-0.487522466298824,0.3275139696668902,1790750930,565540932,0.11500000208616257,0.07327307221697324,-0.4956467364017106,0.3936497769904147,-3.7487666240055417
-0.021549146676741973,-0.48809146775049006,0.33622458380058673,1790750930,615899725,0.11100000143051147,0.07148371835424694,-0.49550001890841583,0.39631617814987774,-3.790697451771361
-0.026419656098320615,-0.4883313758236216,0.34217342011130014,1790750930,665135425,0.1120000034570694,0.06983574643999133,-0.49536557679536913,0.39900139098181564,-3.831820049411517
-0.030274766241837323,-0.4886655438675424,0.34897837506743695,1790750930,715514394,0.1120000034570694,0.06825979035675972,-0.4952364658009139,0.40181552975281887,-3.873919865732797
-0.03379961545546406,-0.489014104688512,0.35584091532037254,1790750930,765366507,0.1120000034570694,0.06681911577205417,-0.49511699323829056,0.40465307007609896,-3.9154453097310413
-0.037054118402868666,-0.48938117994603614,0.3628632747328583,1790750930,815419307,0.1120000034570694,0.06548847080796212,-0.4950043793808545,0.4075555313377628,-3.9571133619988674
-0.03811642500715999,-0.4898516049511193,0.37062717251217314,1790750930,865299447,0.10999999940395355,0.06429226455225825,-0.4949013636913134,0.41046384039815875,-3.9981592394261054
-0.041681753351677425,-0.49019576809201876,0.3774004545058834,1790750930,915457636,0.11100000143051147,0.06320825910147437,-0.4948043129671977,0.41342609703012817,-4.039342370357171
-0.04141847055117252,-0.4905478246337073,0.38296139524568656,1790750930,965554724,0.10899999737739563,0.06253128406211834,-0.49474012329388445,0.41548634837482645,-4.067662515888584
-0.043742134906248266,-0.4907619029159422,0.38719681782859205,1790750931,15426549,0.10999999940395355,0.06196379727147603,-0.494683607434233,0.41737754023511087,-4.09345366592655
-0.04228993682094558,-0.49092499731673717,0.38940241680438614,1790750931,65329820,0.1080000028014183,0.061767033844024356,-0.49466324848797516,0.4180759749951076,-4.102933196734956
-0.04260706052336239,-0.4909890318559042,0.3905553025483634,1790750931,116088375,0.1080000028014183,0.06163416004572652,-0.4946492236325863,0.4185619363255746,-4.109515204285227
-0.04361716708879395,-0.49096440986331047,0.39046163855974114,1790750931,165826893,0.10899999737739563,0.0616154392243475,-0.4946472308002412,0.41863138876740447,-4.11045503616333
-0.044582605823702895,-0.49093062244598024,0.3902031999544836,1790750931,215535256,0.10999999940395355,0.06161543922434749,-0.4946472308002412,0.4186313887674045,-4.11045503616333
-0.042651735546949524,-0.49099819702890535,0.3907200752394849,1790750931,265389359,0.1080000028014183,0.061615439224347465,-0.4946472308002412,0.4186313887674044,-4.11045503616333
-0.042651735546949496,-0.4909981970289053,0.390720075239485,1790750931,315503381,0.1080000028014183,0.06161543922434749,-0.4946472308002412,0.4186313887674045,-4.11045503616333
-0.044582605823702916,-0.49093062244598024,0.39020319995448355,1790750931,365522661,0.10999999940395355,0.06161543922434747,-0.4946472308002412,0.41863138876740447,-4.11045503616333
-0.04361716708879393,-0.49096440986331047,0.39046163855974114,1790750931,416070483,0.10899999737739563,0.06161543922434749,-0.4946472308002412,0.4186313887674045,-4.11045503616333
-0.042651735546949496,-0.4909981970289053,0.3907200752394849,1790750931,466021587,0.1080000028014183,0.06161543922434751,-0.49464723080024114,0.4186313887674044,-4.11045503616333
-0.04361716708879393,-0.49096440986331047,0.39046163855974114,1790750931,517690815,0.10899999737739563,0.06161543922434749,-0.4946472308002412,0.4186313887674045,-4.11045503616333
-0.043346746369354455,-0.4907851834696135,0.38948952093637407,1790750931,565445468,0.10899999737739563,0.061728413108934704,-0.4945350868343618,0.4182323202718494,-4.105082366668814
-0.04301963987359546,-0.4905732629432708,0.38834054427935116,1790750931,615544119,0.10899999737739563,0.06186503400503586,-0.49440243643038034,0.41776064020120407,-4.098721885144189
-0.04190955542535763,-0.4898890769622623,0.3846372309732367,1790750931,665672484,0.10899999737739563,0.062328451346803294,-0.4939736218957728,0.41624029831052733,-4.078141706444147
-0.04341317100696715,-0.489002233337823,0.3795586312274089,1790750931,715765996,0.1120000034570694,0.06288898420427355,-0.49349242724799913,0.41453992237679144,-4.054969916945405
-0.04124826811779056,-0.4878847757384709,0.37349506373930863,1790750931,765377644,0.1120000034570694,0.06377699377561395,-0.4927970052504495,0.412089948631312,-4.021262342943882
-0.036859423023820725,-0.48679975698566796,0.3678689112115775,1790750931,815450213,0.10999999940395355,0.06481800285537632,-0.4920601164914391,0.40951059169304005,-3.985310640929108
-0.03315783529152777,-0.4856721268497294,0.3619616885401112,1790750931,865523873,0.10899999737739563,0.06597365271216157,-0.49131635154053266,0.40692934627415794,-3.94878333866656
-0.030144182262824462,-0.48450970179703634,0.35577916595987047,1790750931,915467070,0.10899999737739563,0.06722687963435257,-0.4905780354031279,0.4043903895664981,-3.912242620410512
-0.030377832966896626,-0.4831164266820593,0.34775497525691745,1790750931,965466378,0.11299999803304672,0.06858665754118323,-0.4898412915302626,0.40188265178859706,-3.875439825635045
-0.025099059817586575,-0.48209166581281643,0.3426814174084508,1790750932,15273704,0.11100000143051147,0.07003745613641862,-0.4891133286630743,0.3994329803871405,-3.8387360562940787
-0.02385417637861388,-0.48076432361670407,0.33515524484249937,1790750932,65388790,0.11400000005960464,0.07158294599512341,-0.488392759847122,0.39703870505028516,-3.8020083730330163
-0.021434929714588796,-0.4795012393678035,0.3281463405465826,1790750932,115681712,0.11599999666213989,0.07322312822596239,-0.4876780335856664,0.3946970079275972,-3.7651882857982897
-0.013225481604013975,-0.47878118612368065,0.3254980230846778,1790750932,165405999,0.11100000143051147,0.07492196256222423,-0.48698428063878757,0.39245874026206234,-3.7290126803747827
-0.013506796216303102,-0.47726163124769644,0.3163284136443593,1790750932,215324528,0.11699999868869781,0.07670905884492915,-0.48629673971501236,0.3902774907427915,-3.6927358110668584
-0.006542800142484817,-0.476440952401897,0.3128906737051652,1790750932,265619126,0.11400000005960464,0.07859231945921295,-0.4856133906282446,0.38814941273910275,-3.65619258111073
-0.003886887463558683,-0.47516532080304424,0.3056990489602928,1790750932,315629517,0.11699999868869781,0.08054392898555747,-0.48494282701093333,0.3861032609099515,-3.6198571091257508
0.0026102659309020365,-0.47432427158277163,0.30208359208204666,1790750932,365481046,0.11500000208616257,0.08257972140342174,-0.48427983491215,0.3841248830887149,-3.583396888697394
0.00518571684647641,-0.47297974341449583,0.29431996094809953,1790750932,415359798,0.11900000274181366,0.08469319932949317,-0.48362525423635283,0.38221895969726716,-3.5468709879592564
0.01011501863482045,-0.47190946903803566,0.2888251644374243,1790750932,465508404,0.11999999731779099,0.0868907751883371,-0.4829776612383721,0.3803837668913794,-3.5101454443769193
0.017763347287664003,-0.47123209365936036,0.2866061808261109,1790750932,516027067,0.11699999868869781,0.08917415193207023,-0.48233569819773897,0.37861817265026954,-3.4731483381281087
0.021187930453805973,-0.4699386586865981,0.2791892700585456,1790750932,565386805,0.12099999934434891,0.09146547524077227,-0.4817206691369438,0.376981144822231,-3.4370739122563823
0.027821455564558978,-0.4691419320964735,0.2759233318669292,1790750932,615267678,0.11999999731779099,0.09384121811651903,-0.48110999791501013,0.37541280723701964,-3.400631749048066
0.03303936462535069,-0.46806486745624576,0.2703472150683221,1790750932,665530238,0.12200000137090683,0.09629679076167737,-0.48050578016487666,0.3739219323698174,-3.3638798902571527
0.040417964069555994,-0.467431318440696,0.2684323399270052,1790750932,715347053,0.11999999731779099,0.0987859158995183,-0.4799180236195889,0.3725345192952608,-3.3274480449848816
0.047789404731801266,-0.46683624745734237,0.2668313648241029,1790750932,765502261,0.11800000071525574,0.10132354515722586,-0.4793429824366248,0.3712424636492243,-3.291064621126457
0.051719372947674834,-0.4654227089744032,0.25835760886220077,1790750932,815228946,0.12399999797344208,0.10388266397776715,-0.4787850615795612,0.3700555860112027,-3.2550454436378757
0.05933323355193011,-0.4648860700464183,0.2572392248718058,1790750932,865286236,0.12200000137090683,0.10651471092509478,-0.47823320646927714,0.3689520821295826,-3.218627478387599
0.065208578315003,-0.46382588930616403,0.25176229585034315,1790750932,915687853,0.125,0.10920800569944557,-0.47768914520178346,0.36793828530519457,-3.181929341997961
0.07262735469637172,-0.4632414632981343,0.25024863515598983,1790750932,965637318,0.12399999797344208,0.11192711046206573,-0.4771601472700687,0.367029622181532,-3.145393365195718
0.08062832493939104,-0.4629176012754489,0.2509255756668109,1790750933,15562459,0.12099999934434891,0.11468033165311568,-0.47664324249025897,0.3662211412942157,-3.108846159849139
0.08676003517841381,-0.4618322257417346,0.2451926753781033,1790750933,65687018,0.125,0.11745895230143712,-0.4761400513148536,0.36551666556644,-3.072359140337113
0.09426146614692955,-0.4613506123971192,0.24451743763460307,1790750933,115633436,0.12399999797344208,0.12025029625071441,-0.4756515081787405,0.36491704140095044,-3.03603830309636
0.10119341484055103,-0.4605575664026011,0.24119754198993693,1790750933,165326603,0.12600000202655792,0.1230509607527017,-0.4751779957153885,0.3644229096870983,-2.999881047647688
0.1085113647775406,-0.459906701956884,0.23909740086581074,1790750933,215393300,0.12700000405311584,0.1258906660664107,-0.4747133893670995,0.3640282734479643,-2.963448204081767
0.11608259705794355,-0.459526169950273,0.23924593906186858,1790750933,265266301,0.12600000202655792,0.1287230374035008,-0.47426527170212024,0.36374083316645306,-2.927291868018206
0.1237395009209813,-0.45929160568395744,0.24066059029046788,1790750933,315634751,0.12399999797344208,0.13159148831585898,-0.4738256557362044,0.36355528985250396,-2.8908018491724157
0.1311756214362565,-0.4589772397777584,0.24136887289924347,1790750933,365446224,0.12300000339746475,0.13444240212795333,-0.47340273489444684,0.36347634224623754,-2.854617405179894
0.1387160083461489,-0.4584525889799627,0.24036465791612152,1790750933,416243917,0.12399999797344208,0.13735342824887217,-0.4729840968319542,0.3635027030217657,-2.817697295049674
0.14616676199878875,-0.4578550450091008,0.23864033254841893,1790750933,465467479,0.12600000202655792,0.14018366170614596,-0.47258972638480085,0.36363270106081,-2.7817846903914867
0.1539195633389637,-0.45717042026878385,0.23620957010612886,1790750933,515221359,0.1289999932050705,0.14304050324688397,-0.4722033013248254,0.36386792974456406,-2.745461953267024
0.1616640127747102,-0.4567526595952025,0.23605255416122262,1790750933,565438502,0.12999999523162842,0.14590260050588386,-0.4718278648521935,0.36420993721024986,-2.7089543983051394
0.1687777069636142,-0.45683154658550423,0.24010226187391576,1790750933,615445384,0.12700000405311584,0.1487369744415379,-0.4714667329068276,0.3646541843432626,-2.6726276932845803
0.17622047097538082,-0.4565949577181778,0.24147000139828098,1790750933,665266662,0.12700000405311584,0.15155866665464438,-0.47111779053238795,0.3652031164652979,-2.636246602135489
0.1837702378717928,-0.4563862072661841,0.24314867984614286,1790750933,716134513,0.12700000405311584,0.15442048650954918,-0.4707738412302705,0.3658702717254099,-2.599064623326122
0.19126847112101591,-0.45610436168672674,0.24408175189075582,1790750933,765489317,0.12800000607967377,0.15716222666496837,-0.47045380892867156,0.3666168856661408,-2.563124630714595
0.198915867035727,-0.45585318953083065,0.24534474802425693,1790750933,815922276,0.1289999932050705,0.15993298036473758,-0.470139084130222,0.36748092615833855,-2.526422971384362
0.20538920746980296,-0.45596685277901977,0.24965403333186048,1790750933,865525849,0.12700000405311584,0.16261633602539965,-0.46984275426556493,0.3684266810914675,-2.490458250647845
0.21277015176908548,-0.45578100334243515,0.25141200221923043,1790750933,915336619,0.12800000607967377,0.1652735465315803,-0.46955686412213404,0.3694725786496692,-2.454365919774226
0.21929240369458275,-0.4558404207357347,0.2552613619261336,1790750933,965200851,0.12700000405311584,0.16788700319173983,-0.4692830697286104,0.3706120490358691,-2.418342025449404
0.2265520732793056,-0.45571721647965313,0.2575628386555664,1790750934,15386087,0.12800000607967377,0.1704728427920463,-0.46901885413543226,0.37185276778332343,-2.3821061250636895
0.23474438891812305,-0.4554237903073109,0.2584167797757288,1790750934,65525599,0.13099999725818634,0.17303048178035813,-0.46876412785484367,0.37319669239790343,-2.3456115066471743
0.24003128366642335,-0.45577053579909654,0.2648062923044268,1790750934,116002521,0.12800000607967377,0.17555796417976757,-0.4685183678611672,0.37464565414017936,-2.3088138025947464
0.24752131449973352,-0.4556444077369372,0.2670480046514096,1790750934,165398287,0.12999999523162842,0.17798026793078975,-0.46828847371280674,0.37615423361161726,-2.272777700767891
0.25334932899794266,-0.45584030575318946,0.27209874378656246,1790750934,215261585,0.1289999932050705,0.18036895179500373,-0.46806670248963983,0.3777650961087085,-2.2363957377839707
0.25841608285309253,-0.4561514893131789,0.27817657570321724,1790750934,265437811,0.12700000405311584,0.1827189905854146,-0.4678533707478503,0.37947819080682255,-2.199678480064306
0.26379478888603985,-0.4563879854910027,0.28359742994693593,1790750934,315377766,0.12600000202655792,0.18499504200891384,-0.4676508731626066,0.38126906228760227,-2.163112734359496
0.26956789133026754,-0.4565568446788013,0.2884141199230796,1790750934,365475769,0.12600000202655792,0.1871947235530562,-0.46745905445418146,0.38313372487925323,-2.126709445330974
0.2764838357781258,-0.456581167676083,0.2919489739364982,1790750934,415301473,0.12800000607967377,0.1893104850260861,-0.4672776840636365,0.3850639190969244,-2.0905544379374357
0.2797865857535031,-0.4570434989869871,0.2992987388497393,1790750934,465199419,0.125,0.19135749555829454,-0.4671050546254954,0.38707151996883604,-2.0543600161402225
0.28354400707935234,-0.4574350347145239,0.3060852077564981,1790750934,515805037,0.12300000339746475,0.19335740518533553,-0.4669386449155935,0.3891818928151248,-2.0176548147610007
0.2907167021589194,-0.45746153101908166,0.3096282169127532,1790750934,565545777,0.12600000202655792,0.19525236845992966,-0.4667828729860594,0.39133301533998865,-1.981463158044291
0.293170496069506,-0.45795376004658883,0.3172762183952931,1790750934,615604141,0.12300000339746475,0.19708004778981983,-0.46663388448890925,0.39356699126364936,-1.9450207222952836
0.2992049554883323,-0.4581034124191369,0.32184853145959047,1790750934,665202094,0.125,0.1987926040804774,-0.466495162754672,0.39582108184857934,-1.9092779752012907
0.3035689071612424,-0.45842009326739164,0.3279720758092047,1790750934,716156733,0.125,0.20046341430592815,-0.4663600547521533,0.3981946815333106,-1.8726252606911407
0.30425921136494827,-0.45898869428378675,0.33627652833687,1790750934,765253191,0.12099999934434891,0.20202214479930827,-0.46623385298125547,0.4005889667670355,-1.836547901931226
0.30984745754292786,-0.45921567173279965,0.34163650951061425,1790750934,815410093,0.12300000339746475,0.2035296636495489,-0.46611089248636384,0.40310181247237425,-1.799540275094089
0.31080572913251947,-0.45972972990788014,0.34950864301764345,1790750934,865398308,0.11999999731779099,0.20492428781709787,-0.4659957666934861,0.4056322256210394,-1.7630492285024286
0.3150270311874562,-0.4600424059180251,0.3555908146709335,1790750934,915628311,0.12099999934434891,0.2062285485543165,-0.46588591944615093,0.40821916603885544,-1.7264558010330147
0.3153359156115312,-0.460547846579354,0.3633711766629612,1790750934,965396164,0.11800000071525574,0.20742083459096666,-0.4657823582280192,0.4108151999422462,-1.6903706995104815
0.3190463029032012,-0.46088158400930485,0.36961870543965114,1790750935,15475139,0.11900000274181366,0.20852353738020468,-0.4656828471747948,0.41346693032636805,-1.6540920699061825
0.3214739850708478,-0.46125147826120283,0.3760264593836395,1790750935,65407427,0.11900000274181366,0.2094804975927431,-0.4655930510444692,0.4160215860969138,-1.6196267911678948
0.32557094873222053,-0.4615632989012958,0.3818775017256547,1790750935,115568643,0.12099999934434891,0.21034414396939394,-0.4655072949932378,0.4185957288112402,-1.5853217965687447
0.32683232611707774,-0.46180611232030233,0.38596863454628105,1790750935,165623146,0.12099999934434891,0.2108356986367805,-0.4654552634741689,0.4202099246853196,-1.5640030896521122
0.3269108663817085,-0.4620512952822304,0.3898768315919881,1790750935,215358785,0.11999999731779099,0.21124171344338238,-0.4654100433389596,0.42164734034289386,-1.5451320309022245
0.3272096190299187,-0.4621164378338903,0.39097249607235773,1790750935,265257915,0.11999999731779099,0.21135861733510286,-0.4653965612712761,0.42208174795685566,-1.5394483357433513
0.3273795798869332,-0.46215419453695195,0.3916071983266428,1790750935,316345323,0.11999999731779099,0.21142511390270652,-0.46538877835018994,0.42233338654024644,-1.536159940643059
0.33030103982038894,-0.46207846321206797,0.3909240425639435,1790750935,365477643,0.12300000339746475,0.211433820025633,-0.4653877538396048,0.4223665852344085,-1.5357263088226318
0.3254690365571048,-0.46221298728976595,0.3922021953553688,1790750935,415395274,0.11800000071525574,0.211433820025633,-0.4653877538396048,0.4223665852344085,-1.5357263088226318
0.33126743471285214,-0.4620515585568935,0.39066841352933446,1790750935,465274210,0.12399999797344208,0.211433820025633,-0.4653877538396048,0.4223665852344085,-1.5357263088226318
0.3274018335422732,-0.4621591777789606,0.39169093538155575,1790750935,515488686,0.11999999731779099,0.211433820025633,-0.4653877538396048,0.4223665852344085,-1.5357263088226318
0.3274018335422732,-0.4621591777789606,0.39169093538155575,1790750935,565234195,0.11999999731779099,0.211433820025633,-0.4653877538396048,0.4223665852344085,-1.5357263088226318
0.33126743471285214,-0.4620515585568935,0.39066841352933446,1790750935,615323716,0.12399999797344208,0.211433820025633,-0.4653877538396048,0.4223665852344085,-1.5357263088226318
0.32836823563497847,-0.4621322729233297,0.39143530444235164,1790750935,665573266,0.12099999934434891,0.211433820025633,-0.4653877538396048,0.4223665852344085,-1.5357263088226318
0.33223383680555735,-0.4620246537012626,0.39041278259013035,1790750935,716906657,0.125,0.211433820025633,-0.4653877538396048,0.4223665852344085,-1.5357263088226318
0.3290948764504214,-0.46194768032087236,0.3902960491986507,1790750935,765221832,0.12200000137090683,0.21134116785248835,-0.46529476188230606,0.42202713003362136,-1.5404197552484005
0.32687113420752956,-0.4618127867025004,0.38975709906603906,1790750935,815993960,0.11999999731779099,0.21122663159755373,-0.4651820646456941,0.42161610624615453,-1.546110829291702
0.3286731255270933,-0.4610594644585969,0.3852164304979389,1790750935,865378328,0.12300000339746475,0.21080755377773205,-0.4647881404806198,0.42018505653750904,-1.56599950330495
0.3235082704318631,-0.4604167988149824,0.3821193924621118,1790750935,916434116,0.11900000274181366,0.21028425336750195,-0.4643316884378202,0.41853362390535276,-1.5891016343884745
0.3223387436931226,-0.459277921966065,0.37568608966419437,1790750935,965082395,0.11999999731779099,0.20945444968303145,-0.4636725592447531,0.4161561117212912,-1.622670784884663
0.319763640561879,-0.4580689454834025,0.36902178513811495,1790750936,15869393,0.11999999731779099,0.20844615288597493,-0.4629502491246191,0.4135705131621229,-1.6596532541767772
0.31973393943511025,-0.45675703655470096,0.36135719086407975,1790750936,65212455,0.12300000339746475,0.20736059357673733,-0.4622440353973262,0.4110676004386535,-1.695992968394786
0.3130362735878885,-0.4557526141699765,0.35655003238419425,1790750936,115308818,0.11900000274181366,0.20616139603997333,-0.4615301488915218,0.4085633123635528,-1.7329591958057005
0.3079787421565031,-0.45468206667539657,0.35115272887303484,1790750936,165178865,0.11699999868869781,0.2048629906423847,-0.4608179739428234,0.40609353451728625,-1.7700823318413375
0.3087709661921715,-0.4532370483345004,0.34244574464019406,1790750936,215379081,0.12200000137090683,0.2034595324218599,-0.46010536088767345,0.4036530034778063,-1.8075146873601444
0.3040712591305933,-0.452128209841846,0.33674925643439513,1790750936,265617048,0.12099999934434891,0.2019627018114349,-0.4593977463090049,0.4012627914722865,-1.8449831459331942
0.30002322886810806,-0.4509848317653646,0.3307255563879254,1790750936,315612568,0.12099999934434891,0.2003828782853715,-0.45869981239511276,0.3989405067358102,-1.8822720580686692
0.298102054922209,-0.44964229354968843,0.3229993165796881,1790750936,365975878,0.12399999797344208,0.198694871488527,-0.4579997807730364,0.3966495968677326,-1.9200201214493207
0.2919759982287099,-0.44866366478457365,0.31843953935687674,1790750936,415758212,0.12200000137090683,0.19693856716474462,-0.45731430603095824,0.3944464695493906,-1.9573665804815363
0.28878033340023557,-0.44742738051250636,0.3115926687419166,1790750936,465503851,0.12399999797344208,0.19511129539265418,-0.45664022962826833,0.3923220576118821,-1.9944783238613875
0.2867235714518593,-0.44603862966464086,0.30343626824441455,1790750936,515486195,0.12800000607967377,0.19319676257137988,-0.45597135973510594,0.39025837631821153,-2.0317299620311946
0.2807412794109171,-0.4450505982118206,0.29878419114583477,1790750936,565410038,0.12700000405311584,0.19120761893040408,-0.4553112101611981,0.388268516660843,-2.068931475168401
0.27456872905414687,-0.4440826836116378,0.29433865603233333,1790750936,615748645,0.12600000202655792,0.1891260474522413,-0.45465412873805827,0.3863375322173557,-2.106440738950158
0.2690064513243757,-0.44307435248125093,0.2894748668157475,1790750936,665534719,0.12600000202655792,0.18700878406547555,-0.45401658209561624,0.384515125053285,-2.1433121637269226
0.263889075140589,-0.4419998906746352,0.28403942022767786,1790750936,715372442,0.12700000405311584,0.18482345230028208,-0.45338795502509227,0.3827710782949646,-2.1801823730954766
0.25788424025631795,-0.44102602667979485,0.27952256859118446,1790750936,765466907,0.12700000405311584,0.182548849177069,-0.45276155027588155,0.38108957783313147,-2.2174481377656425
0.2516339752568202,-0.44006605693213446,0.27517695116941904,1790750936,816141303,0.12700000405311584,0.18018083035530075,-0.4521370982688224,0.3794733512713491,-2.2551838559071498
0.24588964915004186,-0.4390547273565152,0.2703087760389203,1790750936,865660264,0.12800000607967377,0.1778033763976729,-0.4515353771367884,0.3779772226709244,-2.2921213100021154
0.24081523279312061,-0.4378495749219897,0.26384599444391904,1790750936,916072898,0.13099999725818634,0.17532472533852425,-0.4509329436402971,0.3765439011590178,-2.3297360892557806
0.23323017720217212,-0.43719081091299145,0.26199854043278736,1790750936,965410451,0.1289999932050705,0.17285435327812704,-0.4503551744848921,0.37523483171852207,-2.3664298779260107
0.22731939368776516,-0.436143847492988,0.2568512249280761,1790750937,15263146,0.13099999725818634,0.17031003150756474,-0.4497822195233538,0.3740046572884338,-2.403486406926621
0.21907981507915855,-0.4356407899671691,0.25641314561590245,1790750937,65325500,0.12800000607967377,0.167696094620944,-0.44921468119830193,0.3728582584593102,-2.4408779827831855
0.21345814844979935,-0.4344195112428626,0.2498388269070737,1790750937,115628642,0.13199999928474426,0.165023164575627,-0.44865516724209586,0.3718035687243409,-2.478484707893473
0.20520818309844402,-0.433990351550489,0.25001199850091405,1790750937,165432411,0.1289999932050705,0.16234112242112866,-0.4481129582359452,0.37085886580083005,-2.5156650644088003
0.19790877740617024,-0.4332629557228273,0.247660790696499,1790750937,215631655,0.1289999932050705,0.159602279325689,-0.4475781552091733,0.3700073701966405,-2.553131029627835
0.19120801481535912,-0.432356908609727,0.2437057538425322,1790750937,265204477,0.13099999725818634,0.15689190060417393,-0.4470659503035422,0.3692726590347019,-2.589780040345493
0.18378244116679307,-0.4316987391260697,0.24190021101241252,1790750937,315249405,0.13099999725818634,0.15413246480724294,-0.4465612640836312,0.3686321467484724,-2.6267153263051273
0.17566724709869444,-0.43141093407981457,0.2432814703653947,1790750937,365210397,0.12800000607967377,0.15132914132397812,-0.4460643841912253,0.36808906053333135,-2.6639131898142097
0.16871221094726777,-0.4303473564873199,0.23809783964199432,1790750937,415603522,0.13199999928474426,0.1484756111615732,-0.4455744980152899,0.36764556830279826,-2.7014972999886906
0.16104030297355004,-0.42978130737398434,0.23711147323590118,1790750937,465173659,0.13199999928474426,0.1456386602209686,-0.44510199593312194,0.36731157198305364,-2.738642828446574
0.1530400393481655,-0.429472483910589,0.23837782516536213,1790750937,515573867,0.12999999523162842,0.14273845895941156,-0.4446336056749705,0.36707909395694416,-2.7764423613611595
0.1454530707628029,-0.4288583715778601,0.2369755284097204,1790750937,565234153,0.13099999725818634,0.13989000932236406,-0.44418678190639466,0.3669566480612098,-2.813452377161568
0.13761977629901856,-0.428619904424789,0.23883068346955763,1790750937,615887493,0.1289999932050705,0.13698272005333595,-0.4437440157187835,0.3669394406402325,-2.851159757097859
0.13001722946236272,-0.42807344923128576,0.23799084241891133,1790750937,665319166,0.12999999523162842,0.13414244516901194,-0.4433233348656162,0.36702735796291097,-2.8879852706140077
0.12238312679917325,-0.4277888457907132,0.239419815437846,1790750937,715420733,0.1289999932050705,0.13126609424545577,-0.44290919255795397,0.36722226553132,-2.9253147296827544
0.11477503186819822,-0.4274214365422638,0.24013449717839394,1790750937,765580329,0.1289999932050705,0.1284118408454555,-0.44250895210475094,0.36752131973856983,-2.9624478139456945
0.10724072925322115,-0.4270887734845056,0.24112172562081965,1790750937,815504293,0.1289999932050705,0.12558486832795265,-0.44212314644002804,0.3679225869678523,-2.999362922471131
0.10006726843730893,-0.4270185527624713,0.2443443229017285,1790750937,865267867,0.12700000405311584,0.12275962548233679,-0.4417471569010098,0.36842947987613317,-3.036446332682521
0.0925372195419206,-0.4267432758054169,0.24590155890524448,1790750937,915778678,0.12700000405311584,0.11990662152675158,-0.4413773344256072,0.36905090398180185,-3.074140800669419
0.08517639613856226,-0.42650381379558416,0.2477102668404064,1790750937,965543113,0.12700000405311584,0.11711816475652635,-0.4410245275612474,0.36976711146119595,-3.111282549511835
0.07753448357623019,-0.4261813002799729,0.24885695583910872,1790750938,15743449,0.12800000607967377,0.11433171478914349,-0.44068071537900116,0.37059327865709923,-3.148750120645273
0.06998174354522443,-0.42589456354412186,0.2502707739209552,1790750938,65398402,0.1289999932050705,0.11160615564940356,-0.44035199902169925,0.37151181121155813,-3.1858060455837287
0.06337617716380939,-0.42597133753963773,0.2548120750441458,1790750938,116079676,0.12700000405311584,0.1088589567680698,-0.44002850510420893,0.37255210149659435,-3.223626698624731
0.05545438360970505,-0.4256372948520322,0.25591278819447544,1790750938,166431217,0.1289999932050705,0.10615582016748831,-0.4397169927383775,0.3736927724248809,-3.261378659698013
0.048989292205758865,-0.42566580819110134,0.25993831746402574,1790750938,215316831,0.12800000607967377,0.10357007632655066,-0.43942559069877624,0.37489747519622874,-3.298059971573121
0.043057398623831664,-0.42582464271142945,0.26511925802074776,1790750938,265232582,0.12600000202655792,0.1009872980786885,-0.439140023828484,0.37621753832044624,-3.33533969716554
0.03631223557548229,-0.42579791227024866,0.2688034424279026,1790750938,315870375,0.12600000202655792,0.09841917160111749,-0.4388618892607354,0.3776522435852525,-3.373125413302133
0.0303806279904921,-0.42590149933079113,0.27349218618842897,1790750938,365510142,0.125,0.0959615016710407,-0.4386002393139214,0.3791467696675037,-3.4100550832932095
0.022961759998655434,-0.42573068754271387,0.2759169943850361,1790750938,415388939,0.12700000405311584,0.09354828885112003,-0.4383479883138827,0.38073753958158374,-3.4471435705114826
0.017345446052922084,-0.42588689031531096,0.2810601322385636,1790750938,465077373,0.12600000202655792,0.09119883795325814,-0.43810594194308555,0.3824128420830752,-3.48415420706886
0.01308275197681906,-0.42625548853133194,0.28802717727497273,1790750938,515601739,0.12300000339746475,0.08887216723159305,-0.43787001663261654,0.38420445165983064,-3.521799400493316
0.007233636772394719,-0.426359097537793,0.29280527356418334,1790750938,565745186,0.12300000339746475,0.08661241496589887,-0.4376435127703971,0.3860826683666808,-3.5594524621857184
0.002273410827561731,-0.4265766746790009,0.29850237708890587,1790750938,615523381,0.12200000137090683,0.08443549594308246,-0.4374280504371774,0.3880324823503544,-3.5968831953006237
-0.0031076826300269755,-0.42672531769947875,0.30361017424863335,1790750938,665108722,0.12200000137090683,0.08234618664676312,-0.4372227835262082,0.3900476647914713,-3.6340480078458666
-0.008430225767734861,-0.4269022963417897,0.3090548842267707,1790750938,716027239,0.12200000137090683,0.08027921140097719,-0.4370214000098404,0.3921947653468856,-3.67218881176059
-0.011879026685376118,-0.42725520575436654,0.3158240242139435,1790750938,765436995,0.11999999731779099,0.07835631084624524,-0.4368343961176197,0.3943467746039341,-3.7091100081855544
-0.01663618217378794,-0.42746617521921,0.3214751700892933,1790750938,815467663,0.11999999731779099,0.07649024395511775,-0.4366534128886942,0.3965954920849539,-3.746479775014719
-0.02040262253140028,-0.42777160579814283,0.3279258132580962,1790750938,865696750,0.11900000274181366,0.07469978865725845,-0.43647890551852747,0.3989238059778508,-3.7840300618200677
-0.027130696833570625,-0.42780791545781316,0.33213427141271457,1790750938,915246979,0.12200000137090683,0.07301818256248314,-0.4363142668005154,0.40128515193531133,-3.821078594675953
-0.029670600217374415,-0.4282224020664894,0.33954393502204416,1790750938,966375045,0.11999999731779099,0.0713783953267996,-0.43615152775359184,0.40377966356637907,-3.859218697981848
-0.03086790531260125,-0.428691075216941,0.34721613830155756,1790750939,15393715,0.11699999868869781,0.06989538797637514,-0.4360022601427507,0.4062271965338552,-3.895769434748253
-0.035323843226064855,-0.42892473098178413,0.3530844938520651,1790750939,65203557,0.11800000071525574,0.06847149947191662,-0.43585534425973327,0.40878452619137756,-3.9331424846382754
-0.038712161206396326,-0.42924002296898134,0.3596542746276276,1790750939,115471931,0.11800000071525574,0.06712900591105976,-0.43571304444272413,0.41142055230929553,-3.9709024646567266
-0.04454988439646325,-0.4294120937092243,0.365044139476788,1790750939,165303209,0.12099999934434891,0.06590107482643187,-0.4355772056445704,0.41407042674086136,-4.008170094183253
-0.04375455738720288,-0.42995276582463327,0.37339281422277804,1790750939,215519100,0.11699999868869781,0.06476327144698338,-0.43544557705734493,0.41678301522520883,-4.045695443905719
-0.04619688712292355,-0.43028088010254556,0.37977883595315526,1790750939,265239432,0.11699999868869781,0.06378971861500414,-0.43532828214436103,0.4193574916154339,-4.080802175732516
-0.04653032466232124,-0.4307011214327003,0.38691457785972666,1790750939,315940615,0.11500000208616257,0.06289761855478344,-0.4352141999600064,0.421988183965998,-4.116226927628974
-0.050608115669183544,-0.430792529781031,0.38992454750500627,1790750939,365375769,0.11800000071525574,0.062411913052239316,-0.4351479264182733,0.42356238032374494,-4.137232291656708
-0.048748756426374176,-0.4310876237547257,0.3942769867446555,1790750939,415314789,0.11500000208616257,0.06200276615626567,-0.4350892381888948,0.4249867214775487,-4.156125980604407
-0.05192759880320124,-0.4310396244776757,0.3945222350037624,1790750939,465583431,0.11800000071525574,0.06188763485545016,-0.4350721128545823,0.42540640236370675,-4.161673760625609
-0.05401067565416908,-0.4310021219519292,0.3945643700512347,1790750939,515888508,0.11999999731779099,0.06182703351091672,-0.43506294635346826,0.425630979084644,-4.164638882327471
-0.049205729952146914,-0.4311755561546729,0.39593875858542343,1790750939,565322431,0.11500000208616257,0.06181830473078625,-0.4350616196828344,0.42566354139027074,-4.165068626403809
-0.052102007741738995,-0.4310741806325375,0.3951633298371889,1790750939,615475249,0.11800000071525574,0.061818304730786214,-0.4350616196828344,0.4256635413902707,-4.165068626403809
-0.05113657941421265,-0.43110797255717226,0.3954218067285334,1790750939,665369351,0.11699999868869781,0.061818304730786214,-0.4350616196828344,0.4256635413902707,-4.165068626403809
-0.05017115108668631,-0.431141764481807,0.3956802836198779,1790750939,715259981,0.11599999666213989,0.061818304730786214,-0.4350616196828344,0.4256635413902707,-4.165068626403809
-0.05113657941421265,-0.43110797255717226,0.3954218067285334,1790750939,765129481,0.11699999868869781,0.061818304730786214,-0.4350616196828344,0.4256635413902707,-4.165068626403809
-0.051136579414212714,-0.431107972557172,0.39542180672853344,1790750939,816055350,0.11699999868869781,0.06181830473078615,-0.43506161968283413,0.42566354139027074,-4.165068626403809
-0.05017115108668631,-0.431141764481807,0.3956802836198779,1790750939,870768469,0.11599999666213989,0.061818304730786214,-0.4350616196828344,0.4256635413902707,-4.165068626403809
-0.05017115108668627,-0.4311417644818071,0.39568028361987795,1790750939,917281454,0.11599999666213989,0.06181830473078625,-0.4350616196828344,0.42566354139027074,-4.165068626403809
-0.04797861854984159,-0.43104218112137255,0.3952538974681483,1790750939,965259487,0.11400000005960464,0.06192475442968866,-0.4349607823849499,0.4252854339831055,-4.159880961314593
-0.04862119806740999,-0.4308071755673656,0.3938567665120475,1790750940,15281821,0.11500000208616257,0.062054828085508836,-0.43484012912410935,0.42483341901719995,-4.153669269652616
-0.049333145817056445,-0.4300201252357079,0.38926170487700634,1790750940,65325610,0.11699999868869781,0.06254029225575507,-0.434411217100764,0.423233043666591,-4.131583753430398
-0.04784211665478236,-0.42920781633262883,0.3846751393902205,1790750940,115455093,0.11699999868869781,0.0631366826677913,-0.4339242984524003,0.4214237528401057,-4.106429406159794
-0.04629598811237347,-0.4279429171952629,0.37744389186429533,1790750940,165412242,0.11800000071525574,0.06412861538993493,-0.43319153515594316,0.4187096054733094,-4.068283593386178
-0.0424269604211628,-0.4267012228726476,0.37057112611125426,1790750940,215469410,0.11699999868869781,0.06529997041442794,-0.4324164554839561,0.41586178941063395,-4.027647844955517
-0.0391427178196158,-0.42540850241585304,0.36335295675202994,1790750940,265312049,0.11699999868869781,0.0666106006342417,-0.43163375107283586,0.41301664175738395,-3.986322364881371
-0.039007573066196094,-0.4238714970831554,0.3542533222215617,1790750940,316196547,0.12099999934434891,0.06807636704203017,-0.4308385956112829,0.4101593965814164,-3.9439732215400425
-0.035050316186313976,-0.4225998455744039,0.34719711438535095,1790750940,365325467,0.12099999934434891,0.06962261762209582,-0.43007052539959423,0.4074363516997642,-3.9026961466982923
-0.029861816869624552,-0.42138729738335456,0.34069167931427957,1790750940,415459025,0.11999999731779099,0.07131983045028883,-0.42929356464509283,0.4047210830276086,-3.860506319580808
-0.026135775996205896,-0.42008384632122875,0.3334103940822203,1790750940,465113792,0.12099999934434891,0.07310492057071165,-0.42853613538386337,0.4021187836416264,-3.8189532554959698
-0.021215668445179567,-0.4188526457897485,0.3267640230733647,1790750940,515532241,0.12099999934434891,0.07502656414017762,-0.42777698626456645,0.3995568019419309,-3.776804142124194
-0.015324596074453758,-0.4177409228259171,0.32105569162613534,1790750940,565633844,0.11999999731779099,0.07702729012442064,-0.42703761578667393,0.3971129067458951,-3.7352647632213003
-0.010021300889372975,-0.41659253775834015,0.315018591286401,1790750940,615326112,0.11999999731779099,0.07910903277436472,-0.4263151757978941,0.39477605668502336,-3.6941260762822914
-0.005806990310812082,-0.4152827804625272,0.3077206006823847,1790750940,665270899,0.12200000137090683,0.08132444172375852,-0.42559060246446184,0.39249006860381674,-3.652311584859398
-0.0005014145998156472,-0.41406856308563394,0.30122980868499455,1790750940,715458161,0.12300000339746475,0.08365202967195312,-0.4248720684670051,0.3902830676059871,-3.6102032044907166
0.00443529104042005,-0.41278971277573867,0.2942026381995725,1790750940,765446292,0.125,0.08606627888117278,-0.42416636588211665,0.3881811122680528,-3.5682123482741677
0.011619046425401444,-0.41180842274266166,0.28964823884365043,1790750940,815623868,0.12399999797344208,0.08857881944646387,-0.4234698871800631,0.3861738990648342,-3.526053203232133
0.017719804549964857,-0.41068082652882176,0.2838613087587828,1790750940,865395432,0.125,0.09115238203845888,-0.4227913105236751,0.38429035207199336,-3.484277187154871
0.02523536784311503,-0.4097757446891065,0.2799394407541138,1790750940,915424822,0.12399999797344208,0.09381772936718825,-0.42212208437862464,0.38250662401204477,-3.442292382438472
0.031867500514769054,-0.4087018490978221,0.274641021548893,1790750940,965348804,0.125,0.09656880109893687,-0.42146264635350683,0.3808290799929407,-3.400146963826622
0.03828237850558916,-0.4075539772721751,0.26872874840757643,1790750941,15267564,0.12700000405311584,0.09939288473708222,-0.4208161230322838,0.3792666267455458,-3.357959780818321
0.045438162003840495,-0.40654265808912193,0.2639523205718277,1790750941,65172156,0.12800000607967377,0.10227423180763005,-0.42018446660952263,0.377827532035728,-3.31589799737813
0.05339323008453247,-0.4056569368384767,0.26029904998284525,1790750941,116104359,0.12800000607967377,0.10527507284173136,-0.41955464637779766,0.3764848047812476,-3.2729918191996843
0.060842274139547,-0.40472946297649626,0.2561751676394742,1790750941,165430651,0.1289999932050705,0.10822407501936473,-0.41896039612601854,0.3753114078604387,-3.2316056253370045
0.06891685649690636,-0.4039404110694596,0.2532524695843963,1790750941,215351392,0.1289999932050705,0.11125523851010728,-0.4183737673391741,0.37424890706172037,-3.1897481506228873
0.0774020899173539,-0.4033028419876153,0.2516159938157185,1790750941,265130947,0.12800000607967377,0.11433274496888168,-0.41780051101610466,0.3733121148163566,-3.1478614070992736
0.08503037274549813,-0.402241026887738,0.2464682468472384,1790750941,315546774,0.13099999725818634,0.11749070711101031,-0.4172347056029542,0.3724940996438327,-3.1054119570997214
0.0934992017906808,-0.401569065709042,0.24455516890735268,1790750941,365178911,0.13099999725818634,0.12063984694867967,-0.4166907247684773,0.3718175753333771,-3.0635327619418087
0.10214066852111772,-0.4009317736497127,0.24297907865309587,1790750941,415356636,0.13099999725818634,0.12385266471267933,-0.4161559361500969,0.3712670881441794,-3.021176209622039
0.11100922041466574,-0.4004500140463816,0.2427465351587467,1790750941,465469943,0.12999999523162842,0.12710432685425557,-0.41563326327481503,0.3708496781794742,-2.978610259266001
0.11971652955179052,-0.39965362231816554,0.2399138021677282,1790750941,516212922,0.13199999928474426,0.13041771086235454,-0.41511952421250453,0.3705671236269456,-2.9354581061022986
0.12851192625082236,-0.3995033958175928,0.24242133105476585,1790750941,565295962,0.1289999932050705,0.13362861382153493,-0.41463782548821504,0.3704282324068294,-2.8937860967728137
0.1372536392909195,-0.3985655258700914,0.23834159227471427,1790750941,615339204,0.13300000131130219,0.13690623838988583,-0.41416247966496117,0.37042344073899436,-2.8513105594529833
0.14608690444901384,-0.3983722627641927,0.2405898516930763,1790750941,665422131,0.13099999725818634,0.14019282793318988,-0.4137006057709521,0.37055638986478256,-2.8087143604718867
0.1548733975014673,-0.39798942783092633,0.24122106633240994,1790750941,715287178,0.13099999725818634,0.14345956904402787,-0.4132562816003567,0.3708268030016323,-2.7662870515157296
0.16388107528008675,-0.3974166267679352,0.24024935219311103,1790750941,765507124,0.13300000131130219,0.1467130909149168,-0.41282672008196253,0.37123328130541333,-2.7238758744432507
0.1725716916557805,-0.39712298933169077,0.24160950585474825,1790750941,815254568,0.13300000131130219,0.14991350548866436,-0.41241703528603063,0.37176978822525186,-2.6819210457931564
0.18109215900059958,-0.39698096831485985,0.24432196271392653,1790750941,865229207,0.13199999928474426,0.1531298088075157,-0.4120166458013599,0.3724470390470698,-2.6394507481847143
0.1895364164251062,-0.39687687941874716,0.24740335466665567,1790750941,915634526,0.13099999725818634,0.15634809238443848,-0.41162771952672056,0.373268151751168,-2.5965532167092302
0.19830109572318907,-0.3965904552329623,0.2489013168294562,1790750941,965333460,0.13199999928474426,0.15949794892295974,-0.41125695966442366,0.3742137633674369,-2.5540994428777193
0.2077752406732986,-0.3961286560241174,0.24893245007710382,1790750942,15414508,0.13500000536441803,0.1626323229784731,-0.410898148924089,0.3753008816961945,-2.5112914602012095
0.2158641332097335,-0.39614798376354565,0.25309251852087933,1790750942,65614380,0.1340000033378601,0.16572017324942834,-0.41055303980686025,0.37651892790896285,-2.4684793731416366
0.22282217567586618,-0.3964152871262865,0.2593467398637981,1790750942,115329175,0.13099999725818634,0.16872452942155308,-0.41022574504606396,0.37785292199550835,-2.4260984770685976
0.23174303316971107,-0.39619109291270166,0.2614452976608127,1790750942,165488427,0.13300000131130219,0.17170619110378513,-0.4099077754987762,0.3793284201270518,-2.3832246559676125
0.23915251394426124,-0.39631730190314246,0.26654646611909893,1790750942,215471233,0.13199999928474426,0.17461494794005664,-0.4096046650016084,0.380924560032728,-2.3404796295794723
0.24622238444028743,-0.3964738962087551,0.271883643570083,1790750942,265082786,0.13099999725818634,0.17742592124631226,-0.40931701097111134,0.38262252715144207,-2.2981853863907857
0.25481914016356544,-0.39637679192327263,0.27509711784406193,1790750942,315473706,0.13300000131130219,0.18020512290612994,-0.40903817655540237,0.38446547760460137,-2.255251764156174
0.2615040855171694,-0.3966016641884035,0.2810760563769624,1790750942,365238483,0.13199999928474426,0.18288696799643203,-0.4087729538569039,0.38640985129439864,-2.2126145006812314
0.26859398659108646,-0.3967673630613014,0.2865897564320277,1790750942,415444180,0.13199999928474426,0.18551053310686932,-0.40851754360206965,0.38848712060582646,-2.1695548496177017
0.274076092576245,-0.39713552209455355,0.29385072229779724,1790750942,465374791,0.12999999523162842,0.18802953133163358,-0.408274636844597,0.3906593385506191,-2.1267625959597227
0.2798927470840976,-0.397440167521379,0.30058177098822436,1790750942,515451690,0.1289999932050705,0.1904616683892173,-0.4080425225124388,0.392943399812222,-2.0838508421230966
0.2861609783481003,-0.3976903051686523,0.30688840507982473,1790750942,565578368,0.1289999932050705,0.19281549861038938,-0.4078184592948694,0.3953476621049684,-2.040582205150756
0.29364091942242876,-0.3978196196706464,0.31213057142602507,1790750942,615496220,0.13099999725818634,0.19505865300634292,-0.4076056060503925,0.3978438755303946,-1.9974368382919054
0.29622445113565476,-0.3984134881299482,0.3214298592521547,1790750942,665283913,0.12700000405311584,0.19717985816769842,-0.4074031108090812,0.40041312531142903,-1.9546065186495563
0.3031908801012284,-0.3986040212620252,0.3272357534430629,1790750942,715598120,0.1289999932050705,0.19920980095869578,-0.40720808146627097,0.40309683421090003,-1.9113605445980648
0.3049455157145422,-0.39920811947608337,0.3366882787407516,1790750942,765623306,0.125,0.20111666621627705,-0.4070216685999073,0.4058512635083004,-1.868306401635862
0.31134677389460763,-0.3994535146792091,0.34299835561221226,1790750942,815893383,0.12700000405311584,0.20291380083094185,-0.40684257585961087,0.4086999016894398,-1.8250313179070394
0.3139404418637773,-0.3999448576864719,0.3514380030201458,1790750942,865552038,0.125,0.2045613249355527,-0.40667299476867147,0.4115706975498682,-1.78250252044602
0.31705405964021893,-0.4003905503051784,0.35951039180899363,1790750942,915567233,0.12399999797344208,0.20609619683393396,-0.40650920849830036,0.41452779088229613,-1.73970559971854
0.32070548405169286,-0.4007970462492253,0.36723995623998673,1790750942,965274676,0.12399999797344208,0.20750109048944737,-0.40635078759395976,0.4175382736342462,-1.6970403767567566
0.324048372593638,-0.40122207685629063,0.3751760072251957,1790750943,15313881,0.12399999797344208,0.20878658654271945,-0.40619675733813887,0.42062897993182324,-1.654065928685182
0.3305057703910006,-0.4014702699533135,0.38102584064366185,1790750943,65274835,0.12800000607967377,0.2098187203395185,-0.40606586959710345,0.4234229864223765,-1.615839914749767
0.32911889041499115,-0.4020113288063704,0.38953900028436733,1790750943,115868877,0.12399999797344208,0.2107343253757033,-0.405940435563372,0.42622218959451796,-1.5780561497758108
0.33027325453815204,-0.4022255043555613,0.3933866001552099,1790750943,165430068,0.12399999797344208,0.2111772327085391,-0.4058750669907613,0.4277205159578934,-1.5580188629352185
0.332169404411219,-0.40238391759882564,0.3964528637544394,1790750943,215598033,0.125,0.21153426407441223,-0.4058194491079882,0.42901603373477887,-1.5407884674501084
0.33236329485772553,-0.40242453889717955,0.39717465558617476,1790750943,265591997,0.125,0.21160820842395345,-0.40580752568500783,0.42929574679998017,-1.5370792775979703
0.3324281900885431,-0.40243826498488783,0.3974187195363758,1790750943,315873249,0.125,0.21163294532608254,-0.4058034832378129,0.4293903342733177,-1.5358259862067045
0.33050464979795835,-0.4024940347360882,0.39796489398348045,1790750943,366128900,0.12300000339746475,0.21163647960683266,-0.4058029043300469,0.4294038878159824,-1.5356464385986328
0.3305046497979584,-0.4024940347360882,0.3979648939834806,1790750943,415624035,0.12300000339746475,0.2116364796068327,-0.4058029043300469,0.4294038878159825,-1.5356464385986328
0.32953823997843795,-0.402520936168675,0.3982204960702858,1790750943,465090865,0.12200000137090683,0.2116364796068327,-0.4058029043300469,0.4294038878159825,-1.5356464385986328
0.33340387205622,-0.4024133306387586,0.39719808962744485,1790750943,515529647,0.12600000202655792,0.21163647960683266,-0.4058029043300469,0.4294038878159824,-1.5356464385986328
0.3305046497979584,-0.4024940347360882,0.3979648939834806,1790750943,565476693,0.12300000339746475,0.2116364796068327,-0.4058029043300469,0.4294038878159825,-1.5356464385986328
0.33050464979795835,-0.4024940347360882,0.39796489398348045,1790750943,616285634,0.12300000339746475,0.21163647960683266,-0.4058029043300469,0.4294038878159824,-1.5356464385986328
0.3314710524171791,-0.4024671335039324,0.3977092938010554,1790750943,669617807,0.12399999797344208,0.21163647960683266,-0.405802904330047,0.42940388781598243,-1.5356464385986328
0.3305046497979584,-0.4024940347360882,0.3979648939834806,1790750943,716125662,0.12300000339746475,0.2116364796068327,-0.4058029043300469,0.4294038878159825,-1.5356464385986328
0.33107737372571217,-0.40221374892818773,0.39626524628067733,1790750943,766787853,0.12399999797344208,0.21148586276791181,-0.4056558035893679,0.42885392934632777,-1.5431173069234574
0.32965928733067357,-0.40195785477291673,0.39491574929053724,1790750943,815868143,0.12300000339746475,0.21131138414468273,-0.405490493961856,0.4282368403233419,-1.551519457324798
0.3308950566775294,-0.4009108681305099,0.3886312706899415,1790750943,866424166,0.12600000202655792,0.21068545046109402,-0.40493530833988545,0.42617397923612,-1.5797662645455162
0.3279795537791049,-0.39990830813732187,0.3830716984620785,1790750943,915596225,0.125,0.2099373928100208,-0.4043342979150879,0.4239551773776006,-1.610447630769939
0.3229205610924068,-0.398487327171325,0.3753479715196687,1790750943,965175195,0.12300000339746475,0.20871515390880463,-0.4034597335529668,0.4207506254132439,-1.655385104602471
0.319129000069052,-0.39691798517520704,0.3666033389885854,1790750944,15130222,0.12300000339746475,0.20725217299163262,-0.40253596586887247,0.4174070267660602,-1.7031953666540816
0.31568271786982594,-0.39527604578681463,0.3573663540233186,1790750944,65461059,0.12399999797344208,0.20557875158683533,-0.40159454154095203,0.4140513848301609,-1.7523011359369234
0.3117783419552365,-0.3936557871173942,0.348311134077569,1790750944,115363697,0.125,0.20374568992350034,-0.40066669066964705,0.4107994796019211,-1.8011660456639542
0.30651612053007304,-0.39209886143459316,0.33988506544368097,1790750944,165348827,0.125,0.201733194376088,-0.3997396818864164,0.4076136137038609,-1.8504564307367941
0.30162582788901726,-0.3905004297168264,0.33112011160168753,1790750944,215439985,0.12600000202655792,0.19955233992903082,-0.39882046201539567,0.4045216145081394,-1.8999172365446741
0.2978490180042142,-0.38878666508980586,0.3213476919866695,1790750944,265448439,0.1289999932050705,0.19722423929373742,-0.39791472017882684,0.4015495047259562,-1.9492248744341591
0.28828226656446426,-0.3876138776791529,0.3163102370872638,1790750944,315250392,0.125,0.19475781509530862,-0.39702563898606663,0.3987092402759871,-1.9983160464034355
0.2828948149001028,-0.3860337475894928,0.30771932185914413,1790750944,365314143,0.12700000405311584,0.19215050950856502,-0.3961487338430625,0.3959925291283312,-2.0474100405247033
0.27838551030054,-0.3843108138827087,0.2978915509092647,1790750944,415327393,0.13099999725818634,0.18941290108153142,-0.3952878496905298,0.39341316508783813,-2.0964078101596573
0.269394302147455,-0.38312312612036953,0.29273903624259157,1790750944,465041188,0.1289999932050705,0.186549756479945,-0.3944412755191249,0.3909718158746448,-2.1453752401730766
0.2637699585544958,-0.38143208563108727,0.2832808002472582,1790750944,515208171,0.13300000131130219,0.1835341305501006,-0.39360212907468595,0.3886520595917133,-2.1948411207189
0.2536366637818278,-0.3804320638681615,0.2797858879720919,1790750944,565166596,0.12999999523162842,0.18042680555008692,-0.392784601136871,0.38649919661228427,-2.2439410299028943
0.24551574889712235,-0.3791021518187957,0.2734634396026161,1790750944,615348367,0.13099999725818634,0.1771996991353365,-0.3919813160068231,0.3844951637016674,-2.2932298899012715
0.2374388434062651,-0.37770218790638965,0.2666069265044593,1790750944,665717620,0.13300000131130219,0.17384353361458568,-0.39118769651459206,0.3826361382525566,-2.342961836494393
0.2264155825247569,-0.37697859124602157,0.26552598544795125,1790750944,715589406,0.1289999932050705,0.17042511610381103,-0.39041990142117444,0.38096166926213626,-2.392249537027382
0.21867830618449283,-0.37547730696209575,0.2577643023015008,1790750944,765106051,0.13300000131130219,0.1669388292849369,-0.3896728085082051,0.3794627600354471,-2.441339383069594
0.20988212885673757,-0.37410461427362185,0.2512001221633819,1790750944,815355470,0.13600000739097595,0.16332308785996572,-0.3889342122002489,0.3781187604208932,-2.4911831788860543
0.19916247714533045,-0.37333215543702297,0.24978467161627954,1790750944,865551212,0.1340000033378601,0.15964753540788393,-0.3882159508871217,0.37695795067690746,-2.5409415538741467
0.18928014616655828,-0.37229265511591414,0.24605979044293985,1790750944,915449934,0.13500000536441803,0.1559367044645983,-0.38752273447326663,0.3759876974784557,-2.5903994894340716
0.1791752455271133,-0.3713073515149216,0.24281715477868412,1790750944,965243340,0.13600000739097595,0.15218053599396233,-0.38684933148570383,0.375201951965348,-2.639838618454029
0.1684905360831917,-0.37060439560360764,0.24202292800135966,1790750945,15394712,0.13500000536441803,0.14835699617454584,-0.3861923698098639,0.3745999134825696,-2.68964895906431
0.15818281704677176,-0.3697409261566563,0.23980551040589523,1790750945,65149905,0.13600000739097595,0.14456270405655677,-0.3855650779861439,0.3741933474721886,-2.738715795282828
0.1475841374708822,-0.36892736162173545,0.23808724459183891,1790750945,115633492,0.13699999451637268,0.14069799557723156,-0.38495120828212515,0.37397254874762675,-2.788435637786766
0.13690961159418302,-0.36817607612368,0.23689576810900229,1790750945,165365749,0.1379999965429306,0.13684263788999215,-0.38436058968639353,0.3739434097563876,-2.8379197610980014
0.12615859756915648,-0.36760268690510256,0.23722886911826496,1790750945,215123229,0.1379999965429306,0.1329771443424452,-0.38379049125060627,0.3741064109438728,-2.887524358160692
0.11567532640242127,-0.36755082468263917,0.24206334914476701,1790750945,265494778,0.1340000033378601,0.1290649744110128,-0.3832328836185632,0.3744672435296481,-2.937862722079491
0.10495736094169826,-0.3669787321378116,0.2424760382956516,1790750945,315564279,0.13500000536441803,0.1251934326308697,-0.3827007584302461,0.37502158043209466,-2.9879233168342747
0.09440146025128718,-0.3665833249351608,0.24440994825270076,1790750945,365566816,0.13500000536441803,0.12134526511699059,-0.3821884157811423,0.3757701932564326,-3.0380720779121004
0.08424474035083145,-0.36636578126651964,0.24782147379253552,1790750945,415336999,0.1340000033378601,0.11755126827467484,-0.38170020817101175,0.3767072039713088,-3.088015929279715
0.07371732618347093,-0.36597815826980384,0.24982768748529455,1790750945,465233249,0.13500000536441803,0.11380409111726428,-0.38123189671044216,0.3778330631111654,-3.1379937863628036
0.06457596066465433,-0.3660980552828735,0.25612278261064114,1790750945,515428547,0.13199999928474426,0.11009372646282001,-0.3807826367989247,0.3791532498682041,-3.188254248752716
0.05409051869882458,-0.3657194535822549,0.25818313199886184,1790750945,565240324,0.1340000033378601,0.10650585483154894,-0.38035933111315834,0.38063437706611375,-3.237771147944693
0.04617075540426301,-0.3660476436845497,0.2661977249255766,1790750945,615522326,0.12999999523162842,0.10296434625373443,-0.3799532287794344,0.38230595676903883,-3.2876900636151456
0.0364432477122147,-0.36588786403033124,0.2701493016823796,1790750945,665273222,0.13099999725818634,0.09951264185643471,-0.37956615777077646,0.3841499818745432,-3.337557477893704
0.02735889612550696,-0.365889655340917,0.275479625487698,1790750945,715196166,0.13099999725818634,0.09613686805144724,-0.379196965536808,0.3861751780395044,-3.387684752704631
0.01853390865566333,-0.3659429506761348,0.28127181461023854,1790750945,765159564,0.13099999725818634,0.09285826262330303,-0.37884476436341885,0.38837192148467836,-3.4379241554181634
0.009957709394951636,-0.36604917080231514,0.28754053906753385,1790750945,815428048,0.13099999725818634,0.0896713837873082,-0.3785093409905615,0.39074651542255956,-3.4884841131791995
0.00042180458519959496,-0.366021001838955,0.2927159055259853,1790750945,865391418,0.13300000131130219,0.08661025637090901,-0.3781910369563421,0.3932765408304144,-3.538995814347268
-0.005503757138592025,-0.3664959145186092,0.30206052663223293,1790750945,915415437,0.12999999523162842,0.08367182427538182,-0.3778897931609788,0.39596416857005173,-3.5896163554207257
-0.01225499045619717,-0.3668234574024173,0.3101849168012276,1790750945,965316223,0.1289999932050705,0.08088226504236322,-0.37760486310735353,0.39878633426240423,-3.6400513740927973
-0.01930969052238342,-0.3671074503401349,0.31795304026134835,1790750946,15236167,0.1289999932050705,0.0782354866041253,-0.3773359157743472,0.40174632854345005,-3.6904946724646632
-0.02362148396896649,-0.3676566969136474,0.32793111734795793,1790750946,65476613,0.12600000202655792,0.07573118073210541,-0.3770794892756391,0.4048483424122553,-3.7411372542799635
-0.030582621526893117,-0.367935720058736,0.33568152970346077,1790750946,115556651,0.12700000405311584,0.07339284466639631,-0.37683830340959884,0.40806141274467955,-3.7915949746293762
-0.035644109520491365,-0.3684013913670731,0.3451391361742324,1790750946,167001698,0.12600000202655792,0.07115517085186124,-0.3766020108488014,0.411491710071227,-3.8435951072463572
-0.03987124456464558,-0.368866310015121,0.3542490283372379,1790750946,215351621,0.125,0.06921381610650429,-0.3763917873216685,0.41481978637839334,-3.8924954863062737
-0.046516598383853025,-0.3692037710611375,0.3626066899670467,1790750946,265849875,0.12700000405311584,0.06735808535106148,-0.37618137162305637,0.4183997945962296,-3.943667928227182
-0.049039818093086676,-0.36978348243793796,0.37282852818902573,1790750946,315655559,0.125,0.06570640038780683,-0.37598414020688586,0.42202057213484534,-3.994156059779642
-0.05247907805725428,-0.3702245381739394,0.3813153305179722,1790750946,365254972,0.125,0.06438954323781158,-0.3758178756632394,0.42530896565217396,-4.039084555379714
-0.05361134263647771,-0.3707604040977932,0.3905008680993115,1790750946,415534863,0.12300000339746475,0.06322764533976374,-0.37565985428977966,0.4286275924836628,-4.083673155889881
-0.05704239641192903,-0.37094339414471783,0.39473797207293376,1790750946,465279889,0.125,0.06264039650669785,-0.3755736937797398,0.4305093210059414,-4.108665401609765
-0.0573045845390969,-0.371208859025948,0.3992328046675076,1790750946,515323602,0.12399999797344208,0.062170020408521404,-0.37550051174788285,0.43214784662310124,-4.130276756540344
-0.055646210479577116,-0.3713306399137554,0.4007392511958259,1790750946,565252814,0.12200000137090683,0.06206534880791818,-0.37548356235769076,0.43253142601577826,-4.135317119129009
-0.05767703208561444,-0.3712828352408501,0.40059039663603624,1790750946,615445520,0.12399999797344208,0.062026339630455486,-0.37547713279530204,0.4326763774569922,-4.1372200629589075
-0.05576214453728501,-0.37135363348202716,0.4011663741038401,1790750946,665349454,0.12200000137090683,0.06202018026438197,-0.375476114329246,0.43269936397921044,-4.137521743774414
-0.05769299901921136,-0.3712860519443566,0.40064944072752984,1790750946,715298907,0.12399999797344208,0.06202018026438197,-0.375476114329246,0.43269936397921044,-4.137521743774414
-0.056727575374751024,-0.3713198425873112,0.4009079064528199,1790750946,765263416,0.12300000339746475,0.06202018026438197,-0.375476114329246,0.43269936397921044,-4.137521743774414
-0.05769299901921136,-0.3712860519443566,0.40064944072752984,1790750946,815289324,0.12399999797344208,0.06202018026438197,-0.375476114329246,0.43269936397921044,-4.137521743774414
-0.05865842985667738,-0.3712522610496407,0.4003909730765096,1790750946,865319861,0.125,0.06202018026438197,-0.375476114329246,0.43269936397921044,-4.137521743774414
-0.056727575374751024,-0.3713198425873112,0.4009079064528199,1790750946,917327098,0.12300000339746475,0.06202018026438197,-0.375476114329246,0.43269936397921044,-4.137521743774414
-0.05769299901921136,-0.3712860519443566,0.40064944072752984,1790750946,973568355,0.12399999797344208,0.06202018026438197,-0.375476114329246,0.43269936397921044,-4.137521743774414
-0.05479671369981898,-0.37138742437674305,0.4014248417548603,1790750947,17291616,0.12099999934434891,0.06202018026438197,-0.375476114329246,0.43269936397921044,-4.137521743774414
-0.05529131825540735,-0.371057760119443,0.3994802005098002,1790750947,68032232,0.12200000137090683,0.062203898549091495,-0.37530203600135237,0.43205105381153797,-4.12858752735994
-0.056699383800995436,-0.3706746231783272,0.3971545314686461,1790750947,115387861,0.12399999797344208,0.062403995284206586,-0.3751186618250543,0.4313690767441089,-4.119164922232166
-0.05573273440482161,-0.3695575350967498,0.3907035454242014,1790750947,165318240,0.125,0.06314421290140938,-0.37448711859484424,0.42903069775367797,-4.0866499532312135
-0.05329015695345936,-0.3683347296976735,0.3837412101738618,1790750947,215734205,0.125,0.0640815897716741,-0.3737707043113685,0.42639473582755655,-4.049572554187012
-0.047468842644323786,-0.3666899616465591,0.3746325625409736,1790750947,265415647,0.12300000339746475,0.06560861152702079,-0.372745501585921,0.4226515236911964,-3.9960172443125797
-0.042616577743672696,-0.36484878372547874,0.3642924293035756,1790750947,316266486,0.12300000339746475,0.06748600949542957,-0.37164880109659704,0.4186999736589746,-3.9380930993061276
-0.039052477132588026,-0.3629659172294318,0.35351670565513305,1790750947,365391138,0.125,0.069537048057771,-0.37059171169513383,0.41495905487535123,-3.8816504222992534
-0.03625424934135374,-0.36089800005373773,0.3414046065612601,1790750947,416377228,0.1289999932050705,0.07189223205137188,-0.3695082966297696,0.4111985862597546,-3.8229879181914743
-0.027218104981035968,-0.3593949985394148,0.3337311526887863,1790750947,465185487,0.12600000202655792,0.07437745540553595,-0.368476528026859,0.4077032314928845,-3.7663502712656967
-0.02069031947572296,-0.3576033047682326,0.32387420752087737,1790750947,515638953,0.12700000405311584,0.07715780166946762,-0.3674265797886136,0.40423744218525304,-3.7077219254084484
-0.013605010120999989,-0.3558631977227956,0.3144255007235119,1790750947,565511091,0.12800000607967377,0.08012227215159702,-0.3664013051533211,0.4009595772828197,-3.649479294719746
-0.006586494916951888,-0.3540753878239072,0.3046026977743104,1790750947,615574397,0.12999999523162842,0.083291569592157,-0.36539215726013274,0.3978435847812839,-3.5909622783409327
0.002293114948888106,-0.3525258048935554,0.2967125163160296,1790750947,665212913,0.12999999523162842,0.08660982387505249,-0.3644130858489772,0.3949437939600201,-3.533019835784007
0.01236640716360908,-0.3511126708927013,0.2900281273341092,1790750947,715611175,0.1289999932050705,0.09014782665339512,-0.36344275026368683,0.3921996408384484,-3.4742057949553526
0.02045692946173404,-0.3493879809281009,0.2807341009901459,1790750947,765439997,0.13199999928474426,0.09381174319932213,-0.362504098501753,0.38968839678655026,-3.4159431842249304
0.02870882593214101,-0.3476100052219918,0.2709799044626513,1790750947,815193698,0.13600000739097595,0.09761502317169705,-0.36159175659302795,0.3873948889832337,-3.357748329226611
0.04061205733683014,-0.34649438926230347,0.266831025309883,1790750947,865524034,0.1340000033378601,0.10160730881089183,-0.36069146565517046,0.38529630804730614,-3.298736047669691
0.05091699130998835,-0.34504456383403687,0.2598449503649929,1790750947,915337153,0.13600000739097595,0.10567940578809737,-0.3598272943523947,0.38345138567195786,-3.240303181735848
0.062171957785558375,-0.34376200909533683,0.2543174390599342,1790750947,965659331,0.13699999451637268,0.10989324042064962,-0.35898241396723757,0.38183221058340633,-3.1813854735920573
0.07430411498916942,-0.34278949119862606,0.251356937031573,1790750948,15683164,0.13600000739097595,0.11417165892832822,-0.35817155773508447,0.3804691865653517,-3.1228387391928556
0.08609818056937021,-0.3416677238417627,0.24718116455492706,1790750948,65462671,0.13699999451637268,0.11854073933829545,-0.35738593642683164,0.3793530854426162,-3.064128300690429
0.09823889076756767,-0.34062260550494444,0.24367406582929166,1790750948,115413143,0.1379999965429306,0.12299299331336988,-0.3566265342777086,0.3784891529554626,-3.005136081746157
0.11101863503660316,-0.3398830337472819,0.2428262852523244,1790750948,165770321,0.13699999451637268,0.12754754354889894,-0.35588731593261896,0.3778805581673655,-2.9454518129399907
0.12363549278292217,-0.3393614938656371,0.24374151973878075,1790750948,215304456,0.13500000536441803,0.1320619364751838,-0.35519032024648434,0.37754527435911656,-2.8867050444606885
0.13612811153404056,-0.33868532215111297,0.24340537706951498,1790750948,265137612,0.13500000536441803,0.13661998595162517,-0.3545183516681061,0.3774728029576264,-2.8276234480607285
0.14883659404277713,-0.33785676079227633,0.24182267752883535,1790750948,315379632,0.13699999451637268,0.14121520560159762,-0.3538721193819365,0.3776697283800018,-2.768060431128307
0.161750530144054,-0.337003786075124,0.24000133005361157,1790750948,365408715,0.14000000059604645,0.1457592235903662,-0.3532603389607061,0.37813171327858225,-2.7089851992920995
0.17423907180920717,-0.336813223571085,0.2438852391659846,1790750948,416163358,0.1379999965429306,0.15033358533734212,-0.3526712859392052,0.3788706036331043,-2.649096501499758
0.1873380451261035,-0.33614010427515106,0.24360256191947174,1790750948,465759217,0.14100000262260437,0.15479737494884446,-0.3521193202248971,0.3798624980034897,-2.5900629036850438
0.1988928160558252,-0.3362307573697115,0.24984219268602165,1790750948,515333491,0.1379999965429306,0.15920276587269266,-0.35159660749974225,0.38111515110507577,-2.5309707406700754
0.2113770394725865,-0.33595199033955303,0.25299875484072,1790750948,565332379,0.13899999856948853,0.1635707671791006,-0.3510972368192786,0.3826374120413685,-2.47134826516794
0.22338134861946055,-0.3358669975400644,0.2578500016682651,1790750948,615624047,0.13899999856948853,0.16786890247654662,-0.35062428458505857,0.3844264228715032,-2.4113730791534738
0.23462658376178702,-0.33596463474089683,0.26429018091194484,1790750948,665568306,0.1379999965429306,0.1720586786274479,-0.350178399681795,0.3864672048532493,-2.351388640603693
0.24487775721605942,-0.33623342310647764,0.27219597521605604,1790750948,715298063,0.13600000739097595,0.17610996094482118,-0.34976157966274124,0.3887463127811279,-2.291585969834089
0.25517917074405766,-0.33646622433912504,0.2798598795623334,1790750948,765248664,0.13500000536441803,0.18005338323983094,-0.34936703845270506,0.3912810916158267,-2.2313207023462835
0.2661716667915782,-0.3365809677680422,0.2865140159335655,1790750948,815196996,0.13600000739097595,0.18384262224816655,-0.3489982805687835,0.3940488511160448,-2.1710195761962687
0.2748674046878336,-0.3370337853662991,0.29613313908752775,1790750948,865328775,0.1340000033378601,0.18747468726574534,-0.34865193087603635,0.3970466294198125,-2.1105373738831337
0.2843377941864429,-0.3373725208759713,0.30481353713053727,1790750948,915821639,0.1340000033378601,0.19094589993286526,-0.348327076473639,0.4002805612484635,-2.0496277675826127
0.2931579465629898,-0.3377674397708133,0.31392840983009185,1790750948,965802287,0.1340000033378601,0.19417989584735734,-0.34802716099895975,0.4036729611488261,-1.989484852898309
0.30210701030904574,-0.3381434151325041,0.32282041460722577,1790750949,15256773,0.13500000536441803,0.19717521339567645,-0.3477508291568076,0.40721245831212693,-1.9300005522924244
0.3049768946063425,-0.33904840386543345,0.33648181404520233,1790750949,65033327,0.1289999932050705,0.20000461336648095,-0.34748779255269396,0.4109841303635088,-1.8695378624676036
0.31463430801087433,-0.3394126759756536,0.34555117384577005,1790750949,116145741,0.13199999928474426,0.20267508507185117,-0.34723565097896897,0.415034504740022,-1.8073385894725313
0.3226999229358544,-0.3398890481422846,0.355408729362887,1790750949,165452088,0.1340000033378601,0.20501108751684377,-0.347006672814152,0.41908508550309,-1.7474099640105494
0.3221452079642832,-0.34085945206821405,0.36979735013299975,1790750949,215488902,0.12700000405311584,0.20713174278436394,-0.34678851743053296,0.4233300508002395,-1.6866055713017396
0.33039241160304156,-0.3412779214182872,0.3787489452497557,1790750949,265686282,0.13099999725818634,0.20885124509981223,-0.34660058640053804,0.4273330307527868,-1.6307914186316101
0.32959140544282206,-0.3420659926488485,0.3909563589146351,1790750949,315471021,0.12600000202655792,0.21031225078746021,-0.3464265222635013,0.43132304761800294,-1.5763664315691144
0.3334649265955034,-0.3423511642740455,0.39645313279663685,1790750949,365700040,0.12800000607967377,0.2110580856531243,-0.34632900643560566,0.4336652762264546,-1.5448903928848172
0.33500521215595613,-0.34265908538768153,0.4017518312392806,1790750949,415426547,0.12800000607967377,0.2116378155318421,-0.3462472404307756,0.4356872426847277,-1.517960153756909
0.3343953500928998,-0.34276238518101115,0.4033154367459342,1790750949,465301481,0.12700000405311584,0.2117716247599147,-0.34622736332403775,0.4361851331458163,-1.5113604445065127
0.33648007110120337,-0.3427414249287498,0.40337215714730223,1790750949,516142718,0.1289999932050705,0.2118291414043903,-0.346218642089813,0.4364032475538149,-1.508473047745814
0.33843403648766024,-0.3426922708544,0.4029405219701173,1790750949,565141738,0.13099999725818634,0.21183707070443353,-0.34621743354698553,0.4364335177172307,-1.5080724954605103
0.3374676454572101,-0.34271918054837186,0.4031961942168625,1790750949,615424721,0.12999999523162842,0.21183707070443353,-0.34621743354698553,0.4364335177172307,-1.5080724954605103
0.3374676454572101,-0.34271918054837186,0.4031961942168625,1790750949,665233830,0.12999999523162842,0.21183707070443353,-0.34621743354698553,0.4364335177172307,-1.5080724954605103
0.3365012544267599,-0.3427460902423437,0.40345186646360753,1790750949,715290849,0.1289999932050705,0.21183707070443353,-0.34621743354698553,0.43643351771723066,-1.5080724954605103
0.33746764545721003,-0.34271918054837225,0.4031961942168623,1790750949,765256820,0.12999999523162842,0.2118370707044335,-0.34621743354698586,0.43643351771723055,-1.5080724954605103
0.3336020957357285,-0.34282681892327443,0.40421887939403733,1790750949,815500840,0.12600000202655792,0.21183707070443342,-0.34621743354698553,0.4364335177172306,-1.5080724954605103
0.3365012544267598,-0.3427460902423437,0.40345186646360764,1790750949,867868374,0.1289999932050705,0.21183707070443353,-0.34621743354698553,0.4364335177172307,-1.5080724954605103
0.33746764545721003,-0.34271918054837197,0.4031961942168623,1790750949,915766470,0.12999999523162842,0.2118370707044335,-0.34621743354698564,0.4364335177172306,-1.5080724954605103
0.3350066282962164,-0.34243309407048234,0.4017810947817655,1790750949,965409819,0.12800000607967377,0.21163879630902388,-0.3460210796286177,0.4357149414073834,-1.5178842649366568
0.33531588066156226,-0.3420013528067364,0.39922729883059527,1790750950,15529013,0.1289999932050705,0.2113942173586532,-0.34578848723387845,0.4348654416550949,-1.529519582563699
0.33398152388445873,-0.34067676739249464,0.3916233440920803,1790750950,65322446,0.12999999523162842,0.21054011634123773,-0.3450432610043682,0.4321591479882571,-1.5668704976268604
0.3291888338677187,-0.3393035777524102,0.38417013133858646,1790750950,115292454,0.12800000607967377,0.20945164196454033,-0.344206682902608,0.4291475255652873,-1.609008080168583
0.3244204285803559,-0.33725621784376986,0.3727747092047934,1790750950,165174555,0.12800000607967377,0.20765630317959977,-0.34301306231889606,0.42489955277752967,-1.6696702464920465
0.32036553775137894,-0.33501605340796475,0.360089813532626,1790750950,215246721,0.12999999523162842,0.2054620437858174,-0.34175981035297814,0.4205191737559161,-1.7340713273031192
0.3126953539347108,-0.3329154295288818,0.3488622296998844,1790750950,265289156,0.1289999932050705,0.20291737361962672,-0.34049056085505724,0.4161854104791705,-1.8000842232085636
0.30668376752512716,-0.33066299123657883,0.33637596191268393,1790750950,315611870,0.13099999725818634,0.20005120152232453,-0.3392276691993217,0.4119877430099262,-1.8667831116883427
0.2982599872141426,-0.3285983533731437,0.325527886414825,1790750950,365431498,0.13099999725818634,0.19692225758548781,-0.3379923303782209,0.4080107151210628,-1.9331247529711943
0.2896815135728226,-0.3264863442221519,0.3144046364422838,1790750950,416099724,0.13199999928474426,0.1934636591928868,-0.33675958975921194,0.4041853957163578,-2.0006520222893114
0.28064939744489015,-0.3244982332132059,0.30414517272262165,1790750950,465358162,0.13300000131130219,0.18987212528549213,-0.33559144016512865,0.40071342820871175,-2.06599321867179
0.2700595851862635,-0.3226271517631107,0.2950532268558993,1790750950,515633377,0.13300000131130219,0.18597426448428006,-0.3344281629339356,0.39742214463174097,-2.1326317918241617
0.25941885508014484,-0.3207385017297761,0.2858477848278354,1790750950,565515402,0.1340000033378601,0.18184575802181874,-0.33329034485030634,0.394387486050953,-2.19948755214946
0.24758009916094675,-0.3190249331291617,0.27817341203548346,1790750950,615357012,0.1340000033378601,0.17750870947408182,-0.3321832027671522,0.3916320440651002,-2.266430573779647
0.23572737050035283,-0.31730328851935535,0.2704346611949928,1790750950,665357094,0.13500000536441803,0.17299747476519917,-0.3311102832899915,0.38917525461128527,-2.333278052616057
0.2233200038462417,-0.3156719652593496,0.2634774866487527,1790750950,715373816,0.13600000739097595,0.16832597520007012,-0.3300730466235245,0.3870261316399139,-2.4000888392146114
0.21054128150922888,-0.3140036365790854,0.25632991158742324,1790750950,765322500,0.1379999965429306,0.1634418445503093,-0.3290561708860564,0.3851672636827651,-2.4679116654600657
0.19676564109615685,-0.31253217991524773,0.2509402740903698,1790750950,815548038,0.13899999856948853,0.15838949368761293,-0.3280694358168423,0.3836311350848026,-2.5363349730275178
0.18283774771627254,-0.3110580431483001,0.24552382483790644,1790750950,865580852,0.14100000262260437,0.15325590804820902,-0.3271250257031227,0.38244631230074233,-2.6045261741770553
0.16830921834617688,-0.3098096393625473,0.24202805866902222,1790750950,915532814,0.1420000046491623,0.14805319508981896,-0.3262228529987865,0.3816142372839953,-2.6726130157294854
0.15310180009062696,-0.309135091132983,0.24347189740957814,1790750950,965514610,0.13899999856948853,0.142765001948587,-0.3253551279157481,0.381134748655854,-2.741162799717517
0.13822083921861578,-0.3081138773825285,0.24198543296487038,1790750951,15547118,0.14000000059604645,0.13743711772244693,-0.32452805992406747,0.3810176614552549,-2.8098574226178186
0.1233130372017063,-0.30733091177353217,0.24250900273767007,1790750951,65277310,0.14000000059604645,0.13212752088679905,-0.323745197122873,0.3812637370018697,-2.878312436473836
0.10833548652257703,-0.30688495932854293,0.2460705073744262,1790750951,116330919,0.1379999965429306,0.12669690185539714,-0.3229853473907146,0.3818925783977765,-2.948622195881616
0.09367489182464811,-0.3062285518183121,0.2476240680464874,1790750951,165405281,0.13899999856948853,0.12149894194487722,-0.3222921897651559,0.3828600890362278,-3.0165695277337785
0.07828495262966749,-0.30545649585061174,0.2483404347029841,1790750951,215336983,0.1420000046491623,0.11627823355048841,-0.32162875635370164,0.384204226477886,-3.085764464717572
0.06409701704315879,-0.30526084906170514,0.2539265719983556,1790750951,265545632,0.14100000262260437,0.1111534218470002,-0.3210056571379257,0.38590686039459465,-3.1550353889772307
0.05037631994685498,-0.3051777011424142,0.26045689923614823,1790750951,315848689,0.14000000059604645,0.10614655268670967,-0.32042344513834453,0.38796081524285764,-3.2243794497787595
0.03619120077386462,-0.30498962098053534,0.26617287376414683,1790750951,365736595,0.14100000262260437,0.10125900586318279,-0.3198771382797919,0.390372484508695,-3.294181419506102
0.024015785760715405,-0.30522650448795674,0.2753868261277455,1790750951,415206969,0.13899999856948853,0.09657127343199995,-0.3193734891703065,0.39310073199913037,-3.36358333424769
0.012904637904163865,-0.305653570176951,0.286366999872048,1790750951,465328914,0.13600000739097595,0.09197202888445874,-0.3188955167562393,0.3962260028927653,-3.4347094719654288
0.00151200527369455,-0.30597312783505837,0.29643039104204727,1790750951,515268616,0.13500000536441803,0.08760609680273983,-0.31845634785926136,0.39966303156823263,-3.505730977083144
-0.010446614576119603,-0.30620520460070905,0.30577250437373177,1790750951,565411876,0.13600000739097595,0.08349910116123312,-0.3180528434453763,0.40339339332045443,-3.5766271485512253
-0.01885337562667347,-0.3068699865477497,0.31870654895051215,1790750951,615858424,0.13300000131130219,0.07964201587428629,-0.31768155495914685,0.4074238989468051,-3.647873637327079
-0.02927095513518177,-0.3072807149409427,0.3295222044059299,1790750951,665300465,0.1340000033378601,0.07609855729378504,-0.3173429880029076,0.4116928646555274,-3.7187141493677065
-0.03915602068245057,-0.307800324559231,0.3414188425243855,1790750951,715873959,0.13500000536441803,0.07278125143860878,-0.3170261344443724,0.41631832844019157,-3.791366769802242
-0.04627116675719439,-0.3085138763685463,0.3547300772720541,1790750951,765536900,0.1340000033378601,0.06987274049502136,-0.3167417749013042,0.4210542462338274,-3.862293215782419
-0.052396128990145854,-0.3092794305530651,0.3684524569912969,1790750951,815278351,0.13300000131130219,0.06729963381173268,-0.3164811263138417,0.4259855804442439,-3.9332611211422925
-0.05677339972562501,-0.30998761874689956,0.38070244353013183,1790750951,865149359,0.13199999928474426,0.06534795945639539,-0.3162731954370597,0.4304102393812915,-3.9949545162101567
-0.06124920335162379,-0.31066969942457767,0.39263184836020204,1790750951,915723066,0.13199999928474426,0.06369150916002737,-0.31608265541973474,0.43487540497713373,-4.055707399870279
-0.0594438668817861,-0.311183655219031,0.40003147035941505,1790750951,965175208,0.12800000607967377,0.06294356872680795,-0.31598918146587646,0.4372097446474941,-4.086973239592154
-0.06291878838130961,-0.31142114282190264,0.4048023571463042,1790750952,15680489,0.12999999523162842,0.06235880266426415,-0.31591118576591204,0.4392314648373602,-4.113817904326196
-0.06513185779746866,-0.3114136980759395,0.4053125187781779,1790750952,66122500,0.13199999928474426,0.06225285283149797,-0.3158964434586605,0.439620539749674,-4.118961254806977
-0.06231116399713124,-0.3115316004441575,0.4063665933820999,1790750952,116257769,0.1289999932050705,0.06222485163768507,-0.3158924871582538,0.43972467671702553,-4.120336577814998
-0.061355994184999145,-0.31156760084451685,0.40666294858151947,1790750952,165202520,0.12800000607967377,0.06222098999503655,-0.31589194038117785,0.439739082347959,-4.1205267906188965
-0.06232142689832625,-0.31153381737844554,0.4064045446256341,1790750952,215572040,0.1289999932050705,0.06222098999503659,-0.31589194038117774,0.439739082347959,-4.1205267906188965
-0.06135599418499905,-0.31156760084451673,0.4066629485815196,1790750952,265408435,0.12800000607967377,0.06222098999503665,-0.31589194038117774,0.4397390823479591,-4.1205267906188965
-0.06714866239623055,-0.3113648975309929,0.40511250559336437,1790750952,315319934,0.1340000033378601,0.06222098999503655,-0.31589194038117785,0.439739082347959,-4.1205267906188965
-0.062321426898326295,-0.31153381737844565,0.4064045446256341,1790750952,365266784,0.1289999932050705,0.06222098999503655,-0.31589194038117785,0.439739082347959,-4.1205267906188965
-0.062321426898326295,-0.31153381737844565,0.4064045446256341,1790750952,415799787,0.1289999932050705,0.06222098999503655,-0.31589194038117785,0.439739082347959,-4.1205267906188965
-0.06328687399790714,-0.3115000334089551,0.40614613681918016,1790750952,469604276,0.12999999523162842,0.06222098999503655,-0.31589194038117785,0.439739082347959,-4.1205267906188965
-0.06232142689832621,-0.31153381737844554,0.4064045446256341,1790750952,516047554,0.1289999932050705,0.062220989995036606,-0.3158919403811778,0.439739082347959,-4.1205267906188965
-0.06074585651191528,-0.3111837808657982,0.40448777129547164,1790750952,567301322,0.12800000607967377,0.062452159542679304,-0.3156682131273329,0.43892815839985955,-4.109376788161768
-0.06292761264804492,-0.3106556939210753,0.4012736183439438,1790750952,615706643,0.13099999725818634,0.06271558853806147,-0.3154238255820816,0.4380438535596142,-4.09717761052126
-0.05846820831036263,-0.3093351652730265,0.3939519431721566,1790750952,665278342,0.1289999932050705,0.06367258595487169,-0.31461151705149326,0.43511970647156123,-4.05650880084912
-0.056118502615933666,-0.30772193598105846,0.38475615642114136,1790750952,715474805,0.12999999523162842,0.06490676314537641,-0.3136941552496723,0.4318434838525774,-4.010258167525897
-0.05240061720327384,-0.3053684020937241,0.3712886631350472,1790750952,765595008,0.13199999928474426,0.06697411778890199,-0.3123759269155289,0.42718649003906983,-3.9429935676504018
-0.04646997204426517,-0.30298034393931167,0.35780595051789466,1790750952,815545359,0.13300000131130219,0.06949207187769957,-0.3110075166882452,0.4224385213773729,-3.872113566495316
-0.03785922902286171,-0.3007691913116107,0.34577698245728916,1790750952,865165651,0.13199999928474426,0.07235741530712007,-0.3096578734674421,0.41786916270829405,-3.8010628927354078
-0.029054203716228022,-0.29852468776189817,0.3335967048224963,1790750952,915725765,0.13199999928474426,0.07561568921487986,-0.3083075868426927,0.413424696219862,-3.728549531257897
-0.021211877802234075,-0.29627119473267494,0.3211412029823301,1790750952,965303799,0.1340000033378601,0.07907290709754716,-0.3070305694172077,0.40936364155976324,-3.6584740916133356
-0.0109467486904168,-0.2942380490684466,0.3105155732406401,1790750953,15301427,0.1340000033378601,0.08283542323820929,-0.3057769633959905,0.40553009096839443,-3.5879873125474258
-0.001247136795424042,-0.2921120100798379,0.2991262248319766,1790750953,65277074,0.13600000739097595,0.08686686838347837,-0.3045564043149165,0.40197106502242963,-3.5175301512457224
0.011746058761885392,-0.290444838076995,0.291535097511449,1790750953,115351351,0.1340000033378601,0.09115417027203447,-0.30336884264710506,0.3986953645268406,-3.446934323654954
0.02242784834597468,-0.28839749967717365,0.2807792895656794,1790750953,165270173,0.13699999451637268,0.09565830003665356,-0.30222129155905036,0.3957366826322928,-3.3765429267261973
0.03557814299161878,-0.2867321794350693,0.27324571553875243,1790750953,215652887,0.13699999451637268,0.10041063504134884,-0.30110243728272684,0.39307577087337897,-3.3054948368094688
0.04683303188329292,-0.2846760067181794,0.2622878099190685,1790750953,265400217,0.1420000046491623,0.10522229114786648,-0.3000509716843939,0.39081137264273486,-3.236246437348549
0.06194563592318568,-0.2835902299991426,0.2594399054487243,1790750953,315325623,0.13899999856948853,0.11019155608956151,-0.29903858569620084,0.3888797721663422,-3.16690883998499
0.0752653035453428,-0.28196070108485355,0.2520084005578581,1790750953,365357085,0.1420000046491623,0.11526444038804266,-0.29807231374327486,0.38730247400435497,-3.0979366584173946
0.09023400505434784,-0.2808910498822438,0.24931146678646396,1790750953,415796494,0.14100000262260437,0.12047486152878834,-0.29714190632332527,0.3860681887572618,-3.028499269174269
0.1047275500562808,-0.2797305011895467,0.24573890315964655,1790750953,465575306,0.1420000046491623,0.12567024491651155,-0.29627010840851487,0.3852087789228221,-2.960322320279906
0.11954706852801303,-0.2788065244556662,0.24413884871199726,1790750953,515271321,0.1420000046491623,0.13090368008684272,-0.29544250012653794,0.38470297289644956,-2.8923226872920083
0.13448051377142825,-0.2776457815859984,0.24056288491345545,1790750953,565467052,0.14499999582767487,0.1361911597449841,-0.2946533191122885,0.3845518294462588,-2.8240150154874266
0.14941167915371653,-0.2771981453912996,0.24295984248922559,1790750953,615241300,0.14300000667572021,0.14143183770269893,-0.2939135169954911,0.3847551893515484,-2.756351469593574
0.16413439148184927,-0.27686157333621775,0.24635698843100348,1790750953,665465809,0.14100000262260437,0.14669578622123042,-0.29320982758699826,0.3853160844596212,-2.6881473747768787
0.17940680613831939,-0.27606608169155744,0.2458445363899415,1790750953,715668819,0.14399999380111694,0.15191064965948156,-0.2925484771684451,0.3862307544918494,-2.619986712854625
0.19301903293386485,-0.2760797646935613,0.2520832261471084,1790750953,765111915,0.14100000262260437,0.1569442553185211,-0.29194190228005285,0.38746418400590454,-2.553349250380907
0.20710232623547803,-0.27585756887000523,0.2563775688279924,1790750953,815144664,0.14100000262260437,0.1619405120951184,-0.29136836235380886,0.3890456756533664,-2.4860048601886557
0.22127770504802693,-0.2756373714888603,0.2606961277696214,1790750953,865431406,0.1420000046491623,0.16683468973979687,-0.2908327658701394,0.3909614700295922,-2.4185371550864625
0.23415131053221644,-0.2757371676909037,0.26768413142974923,1790750953,915162884,0.14100000262260437,0.1715378706050813,-0.2903406431993322,0.3931723634801698,-2.3518554963243306
0.24694449389760748,-0.2758304944276016,0.27459857587385966,1790750953,965373967,0.14100000262260437,0.17607773426427797,-0.2898857350939023,0.3956826513274828,-2.285352267386786
0.25644240128175994,-0.2764966748037912,0.2864506801840409,1790750954,15639755,0.13600000739097595,0.18043868518919837,-0.2894656551212252,0.398483009000293,-2.218934665462305
0.2702081737627436,-0.27638742982548126,0.2915104231452855,1790750954,65272066,0.14000000059604645,0.18454945646826748,-0.2890841599586147,0.40151668370478466,-2.1535106839858593
0.2786131815556181,-0.27708992906634766,0.30365654959850974,1790750954,115366861,0.13600000739097595,0.1884898947238638,-0.28872988383427817,0.40484106735684755,-2.0875046466166673
0.2888681958436826,-0.2775106731791076,0.3133681958936551,1790750954,165444314,0.13600000739097595,0.19221462595379224,-0.2884044760574047,0.40842299323042497,-2.0213819945958296
0.29771543561754193,-0.2780810642257256,0.3243960638397976,1790750954,215561378,0.13500000536441803,0.19570147897668874,-0.2881060040159952,0.4122462469988126,-1.9551788038555722
0.30887115357470485,-0.2784304442463897,0.3334091552290803,1790750954,265355653,0.1379999965429306,0.19890033042544017,-0.2878361609975956,0.4162460406975605,-1.889683483959779
0.3170480249978767,-0.27906766004163747,0.3449674442261868,1790750954,315348068,0.1379999965429306,0.2018419910344369,-0.2875883531933588,0.42045894422769575,-1.8239786044438289
0.322635396545699,-0.27986482582104283,0.35788235422828363,1790750954,365249483,0.13600000739097595,0.20447843697269347,-0.28736359000308764,0.4248054701939253,-1.7589958183786476
0.3282447014138591,-0.28064057435989653,0.3706541567933687,1790750954,415527770,0.13500000536441803,0.20684208009433386,-0.28715573443745707,0.42933939918278563,-1.6936377186440623
0.33064621542435507,-0.28145958282672445,0.38328178185494716,1790750954,465312471,0.13199999928474426,0.20872907269189417,-0.28698268150497364,0.4335779596432797,-1.6343362462391042
0.3369664987676918,-0.28209642443487587,0.394271677259398,1790750954,516130596,0.1340000033378601,0.21036759156834656,-0.2868208815724611,0.43793398474804546,-1.5748506134583802
0.3372301967160861,-0.282569785490689,0.40147912403093333,1790750954,565302403,0.13199999928474426,0.2111632591648624,-0.2867351505502371,0.4403864087157972,-1.5418994878300367
0.34090240650456227,-0.2828804474502401,0.4068810508309317,1790750954,615528792,0.1340000033378601,0.2118078006606445,-0.2866604375020465,0.44260632636182534,-1.5123572618182402
0.3384231320314488,-0.28305769531965297,0.4091805360912767,1790750954,665658042,0.13099999725818634,0.21196018146019338,-0.28664182115734876,0.4431698793687895,-1.5048968696074045
0.33957689341980657,-0.2830739290237638,0.40962378592184984,1790750954,716222165,0.13199999928474426,0.21202968929184993,-0.2866331505089934,0.44343269706570254,-1.5014229432580302
0.3386365555244012,-0.283106917082834,0.4099774139640464,1790750954,765668113,0.13099999725818634,0.2120393018589442,-0.2866319443861616,0.443469335803791,-1.500938892364502
0.33767016229637226,-0.283133825743298,0.4102330780130086,1790750954,815292303,0.12999999523162842,0.21203930185894423,-0.28663194438616163,0.443469335803791,-1.500938892364502
0.33767016229637226,-0.283133825743298,0.4102330780130086,1790750954,865292005,0.12999999523162842,0.21203930185894423,-0.28663194438616163,0.443469335803791,-1.500938892364502
0.33863655552440125,-0.28310691708283403,0.4099774139640464,1790750954,915544867,0.13099999725818634,0.21203930185894423,-0.28663194438616163,0.443469335803791,-1.500938892364502
0.33767016229637226,-0.283133825743298,0.4102330780130086,1790750954,965451837,0.12999999523162842,0.21203930185894423,-0.28663194438616163,0.443469335803791,-1.500938892364502
0.33960294875243024,-0.2830800084223701,0.40972174991508425,1790750955,16173257,0.13199999928474426,0.21203930185894423,-0.28663194438616163,0.443469335803791,-1.500938892364502
0.33767016229637226,-0.283133825743298,0.4102330780130086,1790750955,66207774,0.12999999523162842,0.21203930185894423,-0.28663194438616163,0.443469335803791,-1.500938892364502
0.33767016229637226,-0.283133825743298,0.4102330780130086,1790750955,115595750,0.12999999523162842,0.21203930185894423,-0.28663194438616163,0.443469335803791,-1.500938892364502
0.33711443616790143,-0.28277290405128414,0.40820894310500266,1790750955,165671665,0.12999999523162842,0.21183273959856405,-0.2864227630523699,0.4427223288300237,-1.511182908274019
0.3383575274943398,-0.28229199965133217,0.4052913503242702,1790750955,215291226,0.13199999928474426,0.2115807100365461,-0.2861780141267177,0.44185003271221784,-1.5231828089138306
0.3360699984133837,-0.2809903912220937,0.3980024635434376,1790750955,265589597,0.13199999928474426,0.210737552186362,-0.28542671835169503,0.4391861585637046,-1.5601049341183597
0.3360207763969699,-0.27944259692523954,0.38896856406096625,1790750955,315251268,0.13500000536441803,0.20968351454648287,-0.2845971756379901,0.43626896611854316,-1.601075858180637
0.3313032273239009,-0.2774008020255796,0.3776241157084508,1790750955,365348481,0.13500000536441803,0.20796592930496224,-0.2834221622994456,0.4321828509048675,-1.6595911781536306
0.32295723045525115,-0.27544011965418724,0.36737990092588885,1790750955,415377840,0.13199999928474426,0.20589400047949863,-0.2821982675739774,0.42799778141927786,-1.7211864590627803
0.3191681074310637,-0.2731988525000096,0.3546690076999672,1790750955,465084179,0.13500000536441803,0.2035439669440939,-0.2809809148570415,0.4239185498682273,-1.783234314541497
0.31189697012256545,-0.2711260998718348,0.34358586561333976,1790750955,515455643,0.13500000536441803,0.20089315825851187,-0.27976187730934116,0.4199309934742094,-1.8462727243703099
0.30486034703492104,-0.2690727511519034,0.3325426000811026,1790750955,565385474,0.13600000739097595,0.19804249205745203,-0.2785839064894754,0.41618162083399335,-1.9082272560293754
0.29709236605915224,-0.26706296140121066,0.321896235604252,1790750955,615449621,0.13699999451637268,0.19495311046527697,-0.27742567552649705,0.41261109172039623,-1.9702532416897012
0.2886983193702399,-0.26511943228086177,0.31177310169869765,1790750955,665412841,0.1379999965429306,0.19166831983520075,-0.27629935607802036,0.4092625244068504,-2.0318150715219625
0.27962462473845495,-0.26322875630235537,0.3021267935929919,1790750955,715511646,0.13899999856948853,0.18816953908845033,-0.27519524636047504,0.40611607201513045,-2.0934822340706543
0.2718419838828951,-0.2611426809050049,0.2907259375918748,1790750955,765429218,0.14300000667572021,0.18451120603427074,-0.27412673807262916,0.4032148321952005,-2.154610180159114
0.26038252032183207,-0.25957406578289777,0.28380153338979053,1790750955,815305743,0.1420000046491623,0.18068180287190594,-0.27308666924484654,0.400545725990576,-2.2156288735818084
0.2505706868391721,-0.2576914507457315,0.27417863172648077,1790750955,865188537,0.14499999582767487,0.1766797650370046,-0.2720721021443292,0.39810735047481494,-2.276824893158423
0.23761061826355193,-0.2563673585821103,0.2694387326349067,1790750955,915573936,0.14300000667572021,0.17248385746888797,-0.2710763705747743,0.395894859033948,-2.338669565954673
0.22781728004749188,-0.25431050659055066,0.2583289567292781,1790750955,965365359,0.14900000393390656,0.16820004832522428,-0.27012200932169483,0.3939636987221047,-2.3998677975661122
0.21487344932356606,-0.25295335510549466,0.25326946014912843,1790750956,15443487,0.14900000393390656,0.16377218186741366,-0.2691933669311409,0.3922871700014412,-2.4614336146773086
0.20121678630866557,-0.25192739715197143,0.2509587533192893,1790750956,65378967,0.1469999998807907,0.15929659983033662,-0.2683076784052922,0.390899399011085,-2.5223001984693876
0.1877760317888173,-0.25088947308720777,0.24853972108719455,1790750956,115416335,0.1459999978542328,0.15473584087683412,-0.26745397988721353,0.38978405645115966,-2.5831953448759726
0.17521268160394493,-0.24938325450823567,0.24207191224932495,1790750956,165271694,0.15000000596046448,0.15014969562789898,-0.2666405101639134,0.3889529377404975,-2.643585429058481
0.1616743862008909,-0.2483080313364486,0.23929473186884168,1790750956,215308914,0.1509999930858612,0.14550228208426882,-0.2658578470179524,0.3883969281300521,-2.7041430346577364
0.1479433729666053,-0.24756964623762623,0.23932106742022669,1790750956,265178958,0.15000000596046448,0.14086321096801777,-0.26511504769890265,0.3881230565930055,-2.7642134671223766
0.13416735643488836,-0.24657249684573013,0.2371895787419449,1790750956,315410763,0.15199999511241913,0.13618035758338487,-0.2644010011115417,0.38812695243115264,-2.824665182937327
0.12036595793643555,-0.24579715834177815,0.23687478927624284,1790750956,365054120,0.15299999713897705,0.1315464676660195,-0.26372739349700586,0.3884086204625225,-2.884544698876128
0.10629446367376179,-0.2451120357840774,0.23741613370822603,1790750956,415438509,0.15399999916553497,0.12686120785397983,-0.2630772279456941,0.3889755631324833,-2.945343219463146
0.09202003801711915,-0.24430334849503693,0.23682980353171024,1790750956,465398739,0.15700000524520874,0.12227810993117642,-0.2624695991989881,0.3898116261983281,-3.005314692214388
0.07956660652167385,-0.24451461672503083,0.24482228086283483,1790750956,515399367,0.15199999511241913,0.11774831375749241,-0.2618947831422525,0.39091843263297343,-3.0652777448533746
0.06597156861513162,-0.24412864158014114,0.24781764190592448,1790750956,565365263,0.15299999713897705,0.11326381104680151,-0.2613497141503669,0.39230251166688657,-3.1255897245316184
0.05317443940211836,-0.24406162522196614,0.25352019882391486,1790750956,615571170,0.15199999511241913,0.1088390037050652,-0.26083387212318854,0.3939628794057913,-3.186267656802104
0.04177165718407115,-0.24429978244891282,0.2617009657356481,1790750956,665825948,0.14900000393390656,0.10456346332584011,-0.26035528387845003,0.3958665765590063,-3.2463226394251734
0.028888722917004256,-0.2440852638027502,0.2659751587703486,1790750956,715247673,0.1509999930858612,0.10048083331634514,-0.25991539252545137,0.3979788506320592,-3.3052604398694267
0.018651819327117014,-0.2444764167138117,0.27537273399867457,1790750956,765354135,0.14800000190734863,0.0964757214278196,-0.2594994133126242,0.40035973492112065,-3.3649750668106666
0.00686667677933038,-0.24453711813423326,0.28199462405082487,1790750956,815344041,0.14900000393390656,0.09262421521632383,-0.259112942507701,0.4029664849002207,-3.424542390223429
-0.0008365375557832649,-0.24524826437006597,0.29401550839888524,1790750956,865403280,0.14399999380111694,0.08892401900985974,-0.2587535501482033,0.40580391547134764,-3.484242198452575
-0.011613377376192932,-0.24545632018769675,0.3018674442069884,1790750956,915549501,0.14499999582767487,0.08538841240176354,-0.25842000323044684,0.40886087621038747,-3.5440551468742347
-0.020435820899733503,-0.24591109329294147,0.3116944777919387,1790750956,965519018,0.14399999380111694,0.08206942858900881,-0.258114920649973,0.41209237936269955,-3.603317091052288
-0.030095993832413417,-0.24626175519599772,0.32063614339214674,1790750957,15366617,0.14499999582767487,0.07895359437247479,-0.25783438770180755,0.415500574446444,-3.662373661082928
-0.03768169935239632,-0.2468351930446291,0.33140822348609367,1790750957,65249271,0.14399999380111694,0.07603822469065197,-0.2575760192404585,0.41909181227553616,-3.7215136793355454
-0.043023000112399123,-0.24760155894044125,0.34381028623153775,1790750957,115730893,0.14100000262260437,0.07330437412485794,-0.25733566304851774,0.4228937229288179,-3.7813716711972174
-0.051650640203317125,-0.24805829639779106,0.35355423151723964,1790750957,165134137,0.14300000667572021,0.0708538384897492,-0.2571199854163109,0.42676311350247215,-3.8399030003801657
-0.057240568661124064,-0.24877522250404965,0.36554200234686796,1790750957,215740667,0.1420000046491623,0.0685787154829452,-0.2569170597655375,0.4308659607682888,-3.8998511557977893
-0.06004923481711891,-0.2496019977870164,0.37815205191757495,1790750957,265308699,0.13899999856948853,0.06662285427674108,-0.2567381300090702,0.43493459381052274,-3.9575288219484532
-0.06770745978202153,-0.2501665519464729,0.3887283142453726,1790750957,315551245,0.1420000046491623,0.06488430507080625,-0.25657142041701897,0.4391505600645498,-4.015795807869634
-0.06878403912431008,-0.25075967631171325,0.39759587638720656,1790750957,365225296,0.14000000059604645,0.06383460780890848,-0.25646416091386376,0.44209029747478945,-4.055679596252012
-0.07216891443648688,-0.251199842508655,0.4049365422893838,1790750957,415240674,0.14100000262260437,0.06296887502235293,-0.25636976685590557,0.44483704957934733,-4.092480544597999
-0.07399864281033894,-0.25135391960893744,0.40765296261480954,1790750957,465134504,0.1420000046491623,0.0626606628161184,-0.2563343718499282,0.4459077740969205,-4.106718943607814
-0.0707321095265655,-0.251626354439907,0.4108328072460052,1790750957,516541198,0.1379999965429306,0.062450536218048046,-0.25630955529614063,0.4466720252627784,-4.116848094911841
-0.07370252523512687,-0.25154219531347366,0.4103307154128378,1790750957,565374641,0.14100000262260437,0.062423824696254085,-0.2563063557836602,0.44677135713259863,-4.118162631988525
-0.0717716511462282,-0.2516097721934229,0.41084760498576023,1790750957,615639299,0.13899999856948853,0.062423824696254085,-0.2563063557836602,0.44677135713259863,-4.118162631988525
-0.07080621410177888,-0.2516435606333975,0.4111060497722215,1790750957,665321841,0.1379999965429306,0.062423824696254085,-0.2563063557836602,0.44677135713259863,-4.118162631988525
-0.07273708819067755,-0.25157598375344825,0.41058916019929903,1790750957,715669980,0.14000000059604645,0.062423824696254085,-0.2563063557836602,0.44677135713259863,-4.118162631988525
-0.0717716511462282,-0.2516097721934229,0.41084760498576023,1790750957,765418263,0.13899999856948853,0.062423824696254085,-0.2563063557836602,0.44677135713259863,-4.118162631988525
-0.07370252523512687,-0.25154219531347366,0.4103307154128378,1790750957,815507678,0.14100000262260437,0.062423824696254085,-0.2563063557836602,0.44677135713259863,-4.118162631988525
-0.07273708819067755,-0.25157598375344825,0.41058916019929903,1790750957,869804754,0.14000000059604645,0.062423824696254085,-0.2563063557836602,0.44677135713259863,-4.118162631988525
-0.07466796227957619,-0.25150840687349907,0.4100722706263766,1790750957,918743661,0.1420000046491623,0.062423824696254085,-0.2563063557836602,0.44677135713259863,-4.118162631988525
-0.07128833374886724,-0.25130701924235943,0.40911536124514414,1790750957,966548810,0.13899999856948853,0.06259766137526167,-0.25613498798131545,0.44615899267883596,-4.109742489309949
-0.07071957436201942,-0.2509626569568052,0.4071461207930749,1790750958,15563884,0.13899999856948853,0.06280216314738607,-0.2559399331604077,0.4454628526002148,-4.100146461701007
-0.06772377235923141,-0.24985296651938413,0.4008940084479723,1790750958,66244526,0.1379999965429306,0.06353685990508418,-0.2552876813796391,0.4431445627379304,-4.067990616054393
-0.06809591415678658,-0.2484904249154041,0.39286965802491103,1790750958,115259784,0.14100000262260437,0.06441952777538594,-0.2545835683171403,0.4406559739802276,-4.0330949525476445
-0.06668101578136659,-0.246505822560562,0.381244428075657,1790750958,165335227,0.14399999380111694,0.06590397533720457,-0.25353968619879425,0.4369915634920071,-3.980880344217978
-0.061542891418518236,-0.24455676823118272,0.3701618327123667,1790750958,215771274,0.14399999380111694,0.0677035904742847,-0.2524360178794514,0.43316391647183716,-3.925070552841589
-0.05321992843647971,-0.2428419498709492,0.36092529514394434,1790750958,265369316,0.14100000262260437,0.06970260550499217,-0.25135443318428463,0.4294715497230409,-3.869711623514572
-0.04696074462598482,-0.24099090337894305,0.3506269440635984,1790750958,315248572,0.14100000262260437,0.07192366848557208,-0.2502799323666279,0.42586796345568984,-3.813953661181879
-0.0424944995846884,-0.23895426446189874,0.3388578224258118,1790750958,365511368,0.14399999380111694,0.07437323310591802,-0.24921201662246298,0.4223605756204887,-3.757652504221804
-0.034222702927471746,-0.23725799604659858,0.3298036151785571,1790750958,415306596,0.14300000667572021,0.07699627710597066,-0.24817141019626673,0.4190237798341695,-3.7018534255470676
-0.02846851359362572,-0.23530320916147024,0.3186173846016254,1790750958,465377983,0.1459999978542328,0.07980251944526724,-0.2471520110584389,0.4158438659312165,-3.646155054568063
-0.0191557273898926,-0.23371827952286148,0.3104591225964966,1790750958,515571343,0.14499999582767487,0.082788999825825,-0.2461515753313187,0.41281968403633074,-3.5903968906931554
-0.008779681696244393,-0.2322933550773472,0.3036165276159368,1790750958,565842621,0.14300000667572021,0.08594352046615426,-0.24517335108602034,0.4099679384395547,-3.5346735019578492
-0.00011016757371450081,-0.23068579360713035,0.29519320130321414,1790750958,615442653,0.14399999380111694,0.08920958419447199,-0.24423027515257764,0.4073294005363623,-3.4797157761121706
0.008511041145416204,-0.22903253143301802,0.28639345188198323,1790750958,665172982,0.1459999978542328,0.09263103749263772,-0.24330767613782767,0.4048672710642657,-3.4246078488760907
0.01838316795587551,-0.22751346517230456,0.2787654266235613,1790750958,715617159,0.1469999998807907,0.09623889989263659,-0.24239581146195396,0.4025636525335421,-3.36870758773887
0.028614017460918517,-0.22607229877302035,0.2717274733491504,1790750958,765346590,0.14800000190734863,0.09993891542764817,-0.24151788422174852,0.40048380672641315,-3.3133492636870545
0.040265776057430785,-0.22489830953395323,0.266966295385609,1790750958,815595849,0.1469999998807907,0.10379586928234531,-0.24065571809772623,0.3985893605950945,-3.2573658151869886
0.05007257770727952,-0.2232714934443452,0.25835061013225047,1790750958,865271419,0.1509999930858612,0.10771019355934824,-0.23983043648518138,0.39693164980287,-3.2020557910590255
0.06161029451170922,-0.22203278663519946,0.2529958180487798,1790750958,915227722,0.15199999511241913,0.11173627297518073,-0.23902725216485887,0.39548291549488634,-3.1464394463565966
0.07407551733114234,-0.22109454104853937,0.2501683144946002,1790750958,965546962,0.1509999930858612,0.11585406227519736,-0.2382495956414566,0.3942559794635411,-3.090661532149904
0.08672505612545525,-0.22036538434501157,0.2490437885357958,1790750959,15386561,0.14900000393390656,0.11999390040296627,-0.2375073814995924,0.3932670082554208,-3.035460803285731
0.0989362023175203,-0.21949178858708357,0.24668487394119218,1790750959,65304577,0.14900000393390656,0.1241739038156706,-0.23679546575669444,0.39250888551611873,-2.980433760312777
0.11092209001016397,-0.2183473801246385,0.2420351374125751,1790750959,115281954,0.15199999511241913,0.12839399915244157,-0.23611099489658025,0.3919790765876331,-2.9253891704286534
0.12367583596521715,-0.21786466126873041,0.24298605793041833,1790750959,165369461,0.15000000596046448,0.13266220581050125,-0.2354518208160187,0.3916801693276131,-2.870080840120101
0.13621893724840078,-0.21699619815720314,0.2406655254849667,1790750959,215382941,0.15199999511241913,0.13693937208766202,-0.2348214554004309,0.39161498620619806,-2.8148277101898693
0.1486298589984164,-0.21691510709275102,0.24498694484137748,1790750959,265170511,0.14800000190734863,0.14120003826183355,-0.2342222835642227,0.3917836068299349,-2.7598115157870353
0.1613871567919417,-0.21620599515861103,0.24405659964030224,1790750959,315715947,0.15000000596046448,0.14551270490821017,-0.23364240868750188,0.3921915889196078,-2.7039554020903656
0.17367965556637818,-0.21582217813484544,0.24576156033971555,1790750959,365104320,0.15000000596046448,0.1497020573056869,-0.2331039711301078,0.3928207871861028,-2.6493885949893246
0.18648746490440307,-0.21528473169727794,0.2462318664809724,1790750959,415289801,0.15199999511241913,0.15392017398632074,-0.23258444567539274,0.3936906402881211,-2.5939430830454207
0.19800848148720013,-0.215395207766565,0.25221334903426706,1790750959,465255835,0.14900000393390656,0.1580839798019373,-0.23209344929445166,0.394790360040123,-2.5385525016492854
0.20981094998634714,-0.21535089515123554,0.25693804841135687,1790750959,515805577,0.14800000190734863,0.16223333950766472,-0.23162389995953475,0.3961341721369227,-2.4824794140874973
0.2216456083133499,-0.2151670355530278,0.2602951247738672,1790750959,565430045,0.14900000393390656,0.16617449224666048,-0.2311960075832254,0.39765242712898474,-2.428226843372464
0.23349082632326917,-0.2150606583474903,0.2643790078443096,1790750959,615884583,0.15000000596046448,0.1700838348483184,-0.23078745211017684,0.3994057577058864,-2.373207599580786
0.24414626650268545,-0.21523612169418208,0.27084928247645884,1790750959,665542004,0.14900000393390656,0.17387614881216842,-0.23040626634930553,0.40135973586318063,-2.3184645819143506
0.2544394433694265,-0.21547534225236556,0.27789403862390305,1790750959,715356213,0.14800000190734863,0.1775767731806927,-0.23004727213592732,0.40352759049402126,-2.263441352567545
0.2653904503637542,-0.2155853817759881,0.28380395257984536,1790750959,765147247,0.14900000393390656,0.18114786639161645,-0.2297130775074436,0.4058883350016806,-2.208555762754205
0.2743802527748782,-0.21604545297899327,0.2928206130286286,1790750959,815789147,0.1469999998807907,0.18464258690044133,-0.22939630416760481,0.4084835114053334,-2.1527532777011924
0.28323178759597384,-0.21645956532591537,0.3013346354280718,1790750959,865326252,0.1459999978542328,0.18792536226699078,-0.22910810525457892,0.41121047036059893,-2.0980735927073653
0.29167681133268053,-0.2169282245458374,0.3103870264849946,1790750959,915480649,0.14499999582767487,0.19109524943031164,-0.22883698398081262,0.41414891565450407,-2.0426961101083982
0.30096325563613807,-0.21728571560013787,0.3184196243902502,1790750959,965217728,0.1459999978542328,0.194076589645004,-0.22858831623776346,0.41723000454113346,-1.9877916067189834
0.3068040244850473,-0.21799795084712795,0.32958492230724346,1790750960,15249374,0.14300000667572021,0.1969023754276287,-0.22835672016783548,0.4204877569268327,-1.9325644540067166
0.31671739790844994,-0.21832452795049231,0.3373456431053341,1790750960,65365946,0.1459999978542328,0.19954214176646765,-0.22814360016564322,0.4238877978181125,-1.8774608248613263
0.3238068831246176,-0.21891646206914883,0.3474531524300328,1790750960,115707956,0.1459999978542328,0.20200141869861174,-0.2279458799741028,0.4274400127365775,-1.8221495243778598
0.3267637012584287,-0.21976493842622277,0.3597499633725774,1790750960,165360673,0.1420000046491623,0.20422535659975688,-0.22776664991228843,0.43105443743955607,-1.7678363499587102
0.33523421624079197,-0.2202586943370642,0.3689453609071902,1790750960,215657552,0.14499999582767487,0.20627499484652856,-0.22759858566385452,0.4348289248873059,-1.712861543932754
0.33770183413159105,-0.22108016399597888,0.380991975465149,1790750960,265189574,0.1420000046491623,0.20808932537010735,-0.22744630809759733,0.43864673331039417,-1.6587617307391294
0.3460455390503856,-0.2216332608483589,0.3906651528945829,1790750960,315411407,0.1459999978542328,0.20971670134049766,-0.22730269416714044,0.4426103635299332,-1.6039155898066724
0.35003413256062466,-0.2221515391673936,0.3987791767688611,1790750960,365803129,0.1469999998807907,0.21077068454800044,-0.22720254621693126,0.4455678435630015,-1.5637243522732223
0.3496579267778235,-0.22276373680243544,0.40749736264867265,1790750960,415358957,0.14399999380111694,0.21163242706696062,-0.22711437751381702,0.4483144126362548,-1.526871858352759
0.35158105737002576,-0.2229543588269748,0.4105524133726358,1790750960,465442955,0.14499999582767487,0.21196782482494053,-0.2270779668009869,0.4494900551298653,-1.5112199449746382
0.3522656042220839,-0.22311989993547227,0.4130491719286175,1790750960,515725445,0.14499999582767487,0.21220576429413926,-0.22705121399447567,0.4503692040716065,-1.4995592365804191
0.35237021074905217,-0.22314591121899147,0.4134410691336494,1790750960,566093538,0.14499999582767487,0.2122421177157804,-0.22704704932009753,0.45050719186587684,-1.4977322816848755
0.35140380812116867,-0.22317281567498623,0.4136966980916869,1790750960,615326826,0.14399999380111694,0.2122421177157804,-0.22704704932009753,0.45050719186587684,-1.4977322816848755
0.35140380812116867,-0.22317281567498623,0.4136966980916869,1790750960,665342175,0.14399999380111694,0.2122421177157804,-0.22704704932009753,0.45050719186587684,-1.4977322816848755
0.35237021074905217,-0.22314591121899147,0.4134410691336494,1790750960,715233588,0.14499999582767487,0.2122421177157804,-0.22704704932009753,0.45050719186587684,-1.4977322816848755
0.35237021074905206,-0.22314591121899138,0.4134410691336494,1790750960,765129761,0.14499999582767487,0.21224211771578028,-0.22704704932009745,0.4505071918658769,-1.4977322816848755
0.35043741989377725,-0.2231997197300742,0.4139523232405638,1790750960,815723865,0.14300000667572021,0.2122421177157804,-0.22704704932009753,0.45050719186587684,-1.4977322816848755
