x,y,z,stamp_sec,stamp_nanosec,raw_range,ox,oy,oz,j7
0.13926636310551085,-0.20127212904974842,0.23996171031270053,1790750356,668188605,0.15800000727176666,0.13928966244893604,-0.21849116647838313,0.39702063716835617,-2.7923431396484375
0.13926636310551083,-0.20127212904974834,0.23996171031270053,1790750356,716270235,0.15800000727176666,0.139289662448936,-0.21849116647838301,0.39702063716835617,-2.7923431396484375
0.13926651057000175,-0.2013811105151378,0.24095575612229683,1790750356,768533190,0.15700000524520874,0.13928966244893598,-0.2184911664783831,0.3970206371683563,-2.7923431396484375
0.13926562578525348,-0.20072722334674856,0.23499149607712638,1790750356,816788471,0.16300000250339508,0.13928966244893604,-0.21849116647838313,0.39702063716835617,-2.7923431396484375
0.13926621564321723,-0.2011631492083061,0.23896767931551124,1790750356,869679479,0.1589999943971634,0.13928966244893598,-0.2184911664783831,0.3970206371683563,-2.7923431396484375
0.13926606817872628,-0.2010541677429167,0.23797363350591505,1790750356,915611789,0.1599999964237213,0.13928966244893598,-0.2184911664783831,0.3970206371683563,-2.7923431396484375
0.13926621564321723,-0.2011631492083061,0.23896767931551124,1790750356,966181179,0.1589999943971634,0.13928966244893598,-0.2184911664783831,0.3970206371683563,-2.7923431396484375
0.13926651057000175,-0.20138111051513766,0.24095575612229678,1790750357,17975359,0.15700000524520874,0.13928966244893598,-0.21849116647838296,0.3970206371683562,-2.7923431396484375
0.1374684454819624,-0.20127195523324265,0.23997276259774242,1790750357,65348917,0.15800000727176666,0.13870786491842338,-0.21848989052131468,0.39702692154221164,-2.8000108317960453
0.13524569850130638,-0.20105602210935064,0.23801713062116994,1790750357,116443219,0.1599999964237213,0.13799973538549656,-0.21848905755831582,0.3970407245041736,-2.809344207344544
0.1283289426024433,-0.20118711934511807,0.23924808369630116,1790750357,165243199,0.1589999943971634,0.13576553590458992,-0.21849162420370866,0.39712857460621526,-2.83880586909357
0.12029967707357246,-0.20102433591216792,0.23778495524423374,1790750357,215172221,0.16099999845027924,0.13323024342025497,-0.21850410032222128,0.3973100560626096,-2.8722903685715315
0.10913586437152639,-0.20159438638936872,0.24298795162857892,1790750357,265255104,0.15700000524520874,0.1294981289403094,-0.21854110781789135,0.3977367430986596,-2.9217628184873843
0.09603384593406648,-0.20127852745484234,0.2400551016539531,1790750357,315685973,0.16200000047683716,0.1255369423645847,-0.21860503066665357,0.39840079860198474,-2.974638093582891
0.08333674796169607,-0.20147764507711904,0.24177509002325848,1790750357,365503743,0.16300000250339508,0.12157359787007005,-0.21869502174777722,0.3992886007636771,-3.028082174593034
0.06997657955646225,-0.20155526336938245,0.24232810160583348,1790750357,415710554,0.16599999368190765,0.11761616734059101,-0.2188117663334892,0.40040618574023035,-3.0821653894080043
0.057039921441993345,-0.20181794051624694,0.24452286170915352,1790750357,465334942,0.1679999977350235,0.11378345058052294,-0.21895157971747536,0.4017189480077471,-3.1354184171936144
0.04756065398043114,-0.20306652451856952,0.25572106320320065,1790750357,515275925,0.16099999845027924,0.11000431703001082,-0.21911662686769634,0.4032479511271416,-3.1889752962932305
0.036414617092123125,-0.20377253320632738,0.26189786660022585,1790750357,565464357,0.1599999964237213,0.106309946888498,-0.2193057732273935,0.4049830167126494,-3.242563040830841
0.024745570425868543,-0.20435331402257106,0.26687509853922203,1790750357,615470703,0.16099999845027924,0.10272922531559062,-0.21951733787821942,0.4069093852390727,-3.2959133962507874
0.015950086976877095,-0.20546581125247387,0.2767224486989145,1790750357,665376918,0.15700000524520874,0.09925078398464629,-0.21975182758481468,0.409032332163331,-3.349348016771659
0.006152981472003119,-0.20635511123377284,0.2844699690600162,1790750357,715237243,0.15600000321865082,0.09589150355478498,-0.22000811980285942,0.4113423222959738,-3.402767814419145
-0.004366523150256207,-0.20712946512875818,0.291106771035311,1790750357,765177959,0.15700000524520874,0.0926734102560717,-0.2202842923632758,0.41382271739893983,-3.4559684348383626
-0.011984831612693175,-0.20829802874702155,0.30137951414333897,1790750357,815525382,0.15399999916553497,0.0895706727792702,-0.22058265135481822,0.4164949662688581,-3.509544459852398
-0.021628912730634012,-0.20918786003675224,0.30901143624184113,1790750357,865380338,0.1550000011920929,0.08664371317413481,-0.22089720084155673,0.41930617857868924,-3.5625994265213
-0.028026121085839822,-0.21043500401506948,0.3199681966430269,1790750357,915722974,0.15199999511241913,0.08384390527483457,-0.22123311749684335,0.42230341277839345,-3.6161738242583668
-0.03909345655299919,-0.2112384699937889,0.3266772895979236,1790750357,965463354,0.15600000321865082,0.08121624262377831,-0.22158532967062441,0.42544226204787794,-3.669597079752505
-0.04430951242613117,-0.21256260720935483,0.3383090933313814,1790750358,15277059,0.15299999713897705,0.078752871151848,-0.22195486570947037,0.4287327315732722,-3.7231913246940747
-0.05048461243512527,-0.2137919016831501,0.34900862773075214,1790750358,65374896,0.15199999511241913,0.07646431411086173,-0.22234046221836956,0.4321644493896879,-3.776921881243921
-0.05260764366564198,-0.21525950519175716,0.36202303405325015,1790750358,115664327,0.1469999998807907,0.07435760571767662,-0.2227412775967956,0.4357308931706021,-3.830824242067216
-0.06185657641494896,-0.21629190302001008,0.37073250483098086,1790750358,165551218,0.1509999930858612,0.07246032648697251,-0.22315170793878283,0.43938314636652887,-3.884325352765746
-0.06528209116505582,-0.21765203873573621,0.38265783598802544,1790750358,215874631,0.14900000393390656,0.07074771517489778,-0.22357717373517041,0.4431705266789654,-3.9383004903793335
-0.06751684687693613,-0.21886866243006273,0.39335071946083433,1790750358,265390453,0.1469999998807907,0.06940595575703337,-0.22396190930676868,0.4465973617968957,-3.9860363313288696
-0.06915870437388363,-0.2200697204726592,0.4039217517404128,1790750358,315251907,0.14499999582767487,0.0682441640839255,-0.2243484373037388,0.45004271348093994,-4.033150917145959
-0.0738619684250407,-0.22066144090688158,0.4088905735683905,1790750358,365600062,0.14800000190734863,0.067639559859837,-0.22457769009701872,0.45208757635677743,-4.060757432670022
-0.07339111574722747,-0.22129292574290438,0.4145161488108783,1790750358,415251153,0.1459999978542328,0.06716927458777248,-0.22477446197316214,0.45384368303037703,-4.0842801704720895
-0.07276183449291686,-0.2214584671247362,0.41602096833337276,1790750358,465100469,0.14499999582767487,0.06706032930044802,-0.22482287216905067,0.4542759298529583,-4.090045761763147
-0.07676631550973013,-0.22142926584247824,0.41552027901509697,1790750358,517191532,0.14900000393390656,0.06701312085026305,-0.22484421502461988,0.45446656220605425,-4.092585491332491
-0.07292304367010716,-0.22152814894758757,0.416628669204791,1790750358,566211764,0.14499999582767487,0.06700770855901864,-0.2248466769015737,0.45448855223201856,-4.092878341674805
-0.0748531269781536,-0.22148237605414392,0.4161064628483513,1790750358,615733446,0.1469999998807907,0.06700770855901864,-0.2248466769015737,0.45448855223201856,-4.092878341674805
-0.0748531269781536,-0.22148237605414392,0.4161064628483513,1790750358,665327361,0.1469999998807907,0.06700770855901864,-0.2248466769015737,0.45448855223201856,-4.092878341674805
-0.07195800201608393,-0.2215510353943094,0.4168897723830109,1790750358,715670396,0.14399999380111694,0.06700770855901864,-0.2248466769015737,0.45448855223201856,-4.092878341674805
-0.07774825194022328,-0.22141371671397844,0.4153231533136917,1790750358,765117364,0.15000000596046448,0.06700770855901864,-0.2248466769015737,0.45448855223201856,-4.092878341674805
-0.07678321028620005,-0.22143660316070027,0.41558425649191155,1790750358,815564714,0.14900000393390656,0.06700770855901864,-0.2248466769015737,0.45448855223201856,-4.092878341674805
-0.07774825194022328,-0.22141371671397844,0.4153231533136917,1790750358,865439095,0.15000000596046448,0.06700770855901864,-0.2248466769015737,0.45448855223201856,-4.092878341674805
-0.07388808532413038,-0.22150526250086575,0.41636756602657116,1790750358,916316783,0.1459999978542328,0.06700770855901864,-0.2248466769015737,0.45448855223201856,-4.092878341674805
-0.0748531269781536,-0.22148237605414392,0.4161064628483513,1790750358,965572231,0.1469999998807907,0.06700770855901864,-0.2248466769015737,0.45448855223201856,-4.092878341674805
-0.07581816863217683,-0.2214594896074221,0.4158453596701314,1790750359,16578356,0.14800000190734863,0.06700770855901864,-0.2248466769015737,0.45448855223201856,-4.092878341674805
-0.07250253361566222,-0.22143663221583865,0.41510773370166854,1790750359,65681450,0.14499999582767487,0.0671550837032514,-0.22486637443733698,0.4539533973351254,-4.085787765012649
-0.07391130154142908,-0.2212792725964838,0.412754919827386,1790750359,115631248,0.1469999998807907,0.06733480250984397,-0.22488987729024007,0.4533197024477186,-4.07737389998296
-0.07097775108314179,-0.22091679464886954,0.40657921232717703,1790750359,165421405,0.1459999978542328,0.06802239364980121,-0.224976391114246,0.4510593069111051,-4.04719739498499
-0.06944017891971287,-0.22045241947214383,0.3989805096639584,1790750359,215708993,0.1469999998807907,0.06888547368341878,-0.22507738150658677,0.4485145739334102,-4.012881395496995
-0.06426878250548629,-0.2198412402546771,0.38847537166269064,1790750359,265811191,0.1459999978542328,0.07035703478591357,-0.2252337200218875,0.4447142359294843,-3.9608380412298154
-0.060125078085372444,-0.2191482595721537,0.3769044637645815,1790750359,315450466,0.1469999998807907,0.0721096110442271,-0.22540636865157335,0.44080926034903767,-3.9061837051006907
-0.05781980958001216,-0.2183161520166718,0.36383893524331967,1790750359,365378570,0.1509999930858612,0.07411521464368935,-0.2255943905790138,0.4369222749210539,-3.8503340118041254
-0.049549003973726774,-0.2177921352545711,0.3538342182440071,1790750359,415561555,0.14900000393390656,0.07634951222727307,-0.22579630985273988,0.4331216572220242,-3.794039965253353
-0.04321210311539224,-0.21715061631173255,0.3426410788198869,1790750359,465937830,0.15000000596046448,0.07879911142267057,-0.22601290786146677,0.42944387315033283,-3.737603470540158
-0.037124565477878846,-0.21648608204139808,0.33130833223599004,1790750359,515546642,0.15199999511241913,0.08140633677483544,-0.22624091409630048,0.4259617367015114,-3.6820401426239826
-0.02883884739054632,-0.21598488451312023,0.3215575566523379,1790750359,565062732,0.15199999511241913,0.08420739491960391,-0.22648550673949133,0.4226232904427244,-3.6263637746560096
-0.01839557322940931,-0.21567103675856408,0.31347317424373117,1790750359,615739111,0.15000000596046448,0.08726055039878611,-0.22675372256862072,0.4193691581299883,-3.5693418572519855
-0.011775582470045162,-0.21496875823423492,0.30178872752204394,1790750359,665153153,0.15399999916553497,0.09042305595562646,-0.22703514407609282,0.4163567875546683,-3.5135140325302636
-0.0009450880043219284,-0.214692706319249,0.29401211492095297,1790750359,715963470,0.15299999713897705,0.09384370605808469,-0.22734500748491432,0.4134441161598796,-3.4560681591821543
0.011124313947003764,-0.2146689902616358,0.2887356134718322,1790750359,765697506,0.15000000596046448,0.09732514488864866,-0.22766759338881964,0.41080303275253666,-3.4001757131217007
0.020136518468099357,-0.2141888278593974,0.27917661334489935,1790750359,815376430,0.15299999713897705,0.10093712363362534,-0.22801090126581627,0.40836334492426607,-3.344401918301508
0.030897214832477315,-0.21393910151916679,0.2717259811460438,1790750359,865374312,0.15399999916553497,0.10471939662445329,-0.22838096974478572,0.40610498866065187,-3.28801328738736
0.04258124153052341,-0.21384925656327378,0.2657417652833838,1790750359,915507732,0.15399999916553497,0.10863314016543783,-0.2287761071185717,0.4040542215633861,-3.2314229436165407
0.053715967396280165,-0.21363246054248256,0.2586307287145958,1790750359,965364093,0.15600000321865082,0.11261663575077487,-0.22919215481381186,0.40224343074960267,-3.175357201691887
0.06601759104372457,-0.2136836378166974,0.25398059795855793,1790750360,15384021,0.15600000321865082,0.11670188001661903,-0.2296341681898213,0.400652628135914,-3.119146679461092
0.0780818987862181,-0.21360309401275918,0.2480940842722733,1790750360,65434339,0.15800000727176666,0.12088909989695083,-0.2301045472724865,0.3992868349955161,-3.062649487564703
0.09071753972411878,-0.21359637007925128,0.2428325567881061,1790750360,116016096,0.1599999964237213,0.12519144892255255,-0.23060709740305663,0.3981457358685825,-3.0055058588087245
0.10420619202553208,-0.2141971102253238,0.24323905847138916,1790750360,165467869,0.15700000524520874,0.12943880737764102,-0.23112374389854115,0.39727089233043533,-2.94980261535759
0.11716975913125519,-0.21445235101132215,0.24044691129401127,1790750360,215360629,0.15800000727176666,0.13376008864015926,-0.23167147077955877,0.3966271442912489,-2.8936304863207596
0.1306239625821857,-0.21501465222603292,0.2403541512366168,1790750360,265627578,0.15700000524520874,0.13817504432793182,-0.23225584095821683,0.39622180093521797,-2.836591837435316
0.1438949996157335,-0.21543675506227883,0.23903620636314574,1790750360,315357049,0.15800000727176666,0.14256048009940808,-0.23286264034251758,0.3960666488822281,-2.7800780506508462
0.1569290468302574,-0.2167207370653437,0.24541741910141124,1790750360,365473329,0.15199999511241913,0.14698223107736189,-0.23350325847081135,0.39616026750832045,-2.7230779743580165
0.17005026712851748,-0.217313612806401,0.24558450183794167,1790750360,415441913,0.15299999713897705,0.1513741881721187,-0.23417024937137396,0.39650188653254126,-2.666237835459245
0.18342185774994554,-0.21788398590308686,0.2455323008223902,1790750360,465735159,0.1550000011920929,0.15575319588048386,-0.2348685107206873,0.39709407514765505,-2.6091776637610846
0.19590632707589886,-0.21897267034168527,0.250116468665753,1790750360,515900394,0.15299999713897705,0.1600730956011924,-0.23559265007912417,0.39792971205122984,-2.552289521911503
0.20745807567209965,-0.22022658066232062,0.2562476593210511,1790750360,565361805,0.15000000596046448,0.164250752096775,-0.23632973995955273,0.39898454046339826,-2.4965354083858546
0.2203692822636938,-0.22103506126775493,0.2583493647933158,1790750360,615610245,0.15199999511241913,0.16841845161627386,-0.23710467559113907,0.4002890604556506,-2.439951618182021
0.233532698873171,-0.2218159682311868,0.260258401145974,1790750360,665133380,0.1550000011920929,0.1724676505723174,-0.23789986103331318,0.4018118138137473,-2.3838513150626657
0.24373873788741574,-0.22341064141748745,0.2692634660388802,1790750360,715191892,0.1509999930858612,0.17646599406357377,-0.23873069352662726,0.4035790342121754,-2.3270841918264593
0.25630607436849595,-0.22448241051417103,0.2736140926589945,1790750360,765341033,0.15299999713897705,0.18039508651185984,-0.2395972431431162,0.4055916016586555,-2.2697049437316013
0.26607130812631596,-0.22613265570726943,0.28296246092945976,1790750360,815870245,0.15000000596046448,0.1842310564318903,-0.2404978380352197,0.4078456724809617,-2.211792816596343
0.27483570628848847,-0.22779740421657457,0.2925453705868965,1790750360,865334082,0.1469999998807907,0.18782481619656732,-0.24139811875049666,0.4102446719209777,-2.1554997916902914
0.2857167514732845,-0.2291921336260284,0.2996505592580152,1790750360,916199353,0.14800000190734863,0.19136328119082605,-0.24234685134115208,0.412912982912411,-2.0976807401401616
0.29184962915217016,-0.23112699503155223,0.3115224918002817,1790750360,965374299,0.14300000667572021,0.19464230344203207,-0.24329120966298146,0.41569431918148714,-2.04153446250227
0.30374267649395337,-0.23238331372809923,0.3174879127876357,1790750361,15447746,0.1469999998807907,0.1978115256353436,-0.24427529471140588,0.4187112896875179,-1.984319338211204
0.30939184039278855,-0.23435479796599903,0.3295063767267603,1790750361,65978141,0.14300000667572021,0.2008133454709916,-0.24528606767253072,0.42191968579193995,-1.9268167785561034
0.3156157965880329,-0.23616560386719707,0.34023596757373115,1790750361,115471164,0.14100000262260437,0.20356175108636118,-0.24629471390262836,0.4252200411179774,-1.8705363957892023
0.3220586278818716,-0.23796097702944444,0.35076030961535604,1790750361,165305357,0.14000000059604645,0.20614379637008612,-0.24733374474988046,0.4287083899492946,-1.813619328138763
0.3287921981119807,-0.23975466983289978,0.3612079807900799,1790750361,215732206,0.14000000059604645,0.20854537905271156,-0.24840345437280562,0.43238312532103734,-1.7559798321078366
0.33393530549471945,-0.24162502246999845,0.3723239029532326,1790750361,265238442,0.13899999856948853,0.21069676883434144,-0.24947551818420488,0.4361332471056975,-1.6991677660840108
0.339391019807945,-0.2435009415844249,0.3834160932588164,1790750361,315439473,0.13899999856948853,0.21265164954835392,-0.2505783628519076,0.44005567073537144,-1.64151803985035
0.34186654055949695,-0.2453063385273531,0.3943485460078286,1790750361,365534984,0.13699999451637268,0.21420576264879915,-0.2515780539445981,0.44366781066624295,-1.5897485093206611
0.34650901551725954,-0.24696106144345897,0.40415768988455897,1790750361,415653690,0.1379999965429306,0.2155400225327041,-0.25256716406027535,0.4472818540609235,-1.538990507806872
0.347401111454573,-0.24796242634709234,0.41022306234591144,1790750361,465260863,0.13699999451637268,0.21620465526207763,-0.253125617676944,0.44933610154396075,-1.5105302342156375
0.3460032330598616,-0.24892686891878957,0.4161611839223015,1790750361,516330782,0.1340000033378601,0.21674435547315993,-0.25362395725849174,0.45117662081378745,-1.4852394425222344
0.350170757107082,-0.2489747729293486,0.4162463366300658,1790750361,565683545,0.1379999965429306,0.21685530751669033,-0.25373264635167947,0.45157837006797696,-1.4797425696156548
0.344502798643773,-0.24926186074115358,0.41825932469989535,1790750361,615603054,0.13199999928474426,0.21690271752028578,-0.25377989574202114,0.45175270416782776,-1.4773594024132717
0.34645546902009605,-0.2492055138227262,0.41782406185006615,1790750361,665926207,0.1340000033378601,0.2169097897859738,-0.2537869822770093,0.4517788558137884,-1.4770020246505737
0.347422229755462,-0.24917132369119804,0.4175706673580566,1790750361,715355248,0.13500000536441803,0.2169097897859738,-0.2537869822770093,0.4517788558137884,-1.4770020246505737
0.3425884260786324,-0.24934227434883882,0.41883763981810446,1790750361,765378230,0.12999999523162842,0.2169097897859738,-0.2537869822770093,0.4517788558137884,-1.4770020246505737
0.34548870828473016,-0.24923970395425435,0.4180774563420757,1790750361,815420889,0.13300000131130219,0.2169097897859738,-0.2537869822770093,0.4517788558137884,-1.4770020246505737
0.34645546902009605,-0.2492055138227262,0.41782406185006615,1790750361,865116331,0.1340000033378601,0.2169097897859738,-0.2537869822770093,0.4517788558137884,-1.4770020246505737
0.34645546902009605,-0.2492055138227262,0.41782406185006615,1790750361,917076502,0.1340000033378601,0.2169097897859738,-0.2537869822770093,0.4517788558137884,-1.4770020246505737
0.34645546902009616,-0.2492055138227262,0.41782406185006615,1790750361,969960868,0.1340000033378601,0.21690978978597386,-0.2537869822770093,0.45177885581378835,-1.4770020246505737
0.34548870828473016,-0.24923970395425435,0.4180774563420757,1790750362,16301328,0.13300000131130219,0.2169097897859738,-0.2537869822770093,0.4517788558137884,-1.4770020246505737
0.34404297271796536,-0.24917891929160366,0.41654465107972904,1790750362,65618821,0.13199999928474426,0.21673370993477747,-0.25381398267822625,0.45111150815664147,-1.4858299428586452
0.3463432811934605,-0.2489591319446193,0.413629807375883,1790750362,115484690,0.13500000536441803,0.21651868447324388,-0.2538460765126934,0.4503271275452714,-1.496232768678163
0.3404661786681825,-0.2487542881688298,0.40800332062357064,1790750362,165302235,0.13099999725818634,0.2157677639408604,-0.2539527694048327,0.4478063410991141,-1.529875418458826
0.3406788088220737,-0.24823398645782335,0.39937264978170894,1790750362,216139096,0.1340000033378601,0.21480314180843693,-0.25407952147367413,0.44494837872592896,-1.5684561659539573
0.3382106781324189,-0.24758248730896115,0.3877117008001759,1790750362,265282198,0.13600000739097595,0.21322982589037023,-0.25426834106049845,0.440919669590666,-1.6237794051534449
0.3328420932407212,-0.24700899720356267,0.37614346061982135,1790750362,315623572,0.13600000739097595,0.21128471713755104,-0.2544852735234114,0.4366737143583215,-1.683516303973135
0.3276503878589196,-0.2464173463202404,0.36440324507193766,1790750362,365196577,0.13699999451637268,0.20908940327580083,-0.2547189806649598,0.4325455542445376,-1.7433247521018846
0.3248234450586437,-0.24558055706843507,0.3503780266879659,1790750362,416302192,0.1420000046491623,0.20656584193711586,-0.2549786905481428,0.42842170491632026,-1.80516635359477
0.3148889990318231,-0.24533478942623296,0.3415080480674386,1790750362,465262208,0.13899999856948853,0.20390719008909952,-0.2552481086770994,0.4246089733784663,-1.8646435295289556
0.30815520606245117,-0.2447836752205653,0.32991427293256703,1790750362,515401377,0.14100000262260437,0.2009546720786233,-0.2555448171693135,0.42087164798877397,-1.9255916044661519
0.29819613689874996,-0.24450956214721722,0.32042489591848655,1790750362,567099072,0.14000000059604645,0.19768031922963494,-0.2558751005753661,0.41721020007898657,-1.9884778930018578
0.2889234991502341,-0.24424239198752312,0.31138304860530036,1790750362,616005356,0.14000000059604645,0.19437850322917033,-0.2562108120416087,0.4139403537307179,-2.047975919649872
0.2813209897789672,-0.2436783075684796,0.29954967713556135,1790750362,666397130,0.14399999380111694,0.19077666410838964,-0.2565830664187107,0.41077553070657014,-2.109403212293828
0.270464596385665,-0.2435310165649545,0.29127258765737113,1790750362,716892987,0.14399999380111694,0.1869804524289133,-0.25698288774540307,0.4078291965831403,-2.170978906338453
0.259030984642041,-0.24356111962562743,0.28479253213058664,1790750362,765647659,0.14300000667572021,0.18316887060725612,-0.2573944037766449,0.4052191978364283,-2.2302141427176427
0.2499556886553041,-0.24307492332933586,0.2736805494168215,1790750362,815294285,0.14800000190734863,0.17914057867201222,-0.2578405708950043,0.4027975367368327,-2.290499387089184
0.23681392172728316,-0.2433618997174571,0.2692109292939265,1790750362,865297489,0.1459999978542328,0.17491879004166824,-0.25832277081853566,0.40059267986436636,-2.3516387995465906
0.22461031302708162,-0.2433323356919245,0.2617402286483464,1790750362,916796108,0.14800000190734863,0.17043564803177982,-0.2588515195071125,0.3985914660228489,-2.4146862321815483
0.21262839821678242,-0.24337113826047296,0.2552638193636874,1790750362,965327110,0.15000000596046448,0.16610785304901685,-0.25938038702408356,0.3969661292229769,-2.4741090715393352
0.19867484760170337,-0.24393641175012118,0.2531892846865449,1790750363,15669050,0.14800000190734863,0.16152783429593717,-0.2599602514897766,0.39555268070895744,-2.535750442500932
0.18523758168746016,-0.24437790109178573,0.2500714446033606,1790750363,65261804,0.14800000190734863,0.15691310824779678,-0.260567826622913,0.39443075701595687,-2.5968904674832967
0.17229573187066968,-0.24415194262487733,0.24084263688804022,1790750363,115710698,0.1550000011920929,0.15215502236950154,-0.2612196324071041,0.39357785272196644,-2.659161049783898
0.15804512790978173,-0.24499900059673932,0.24133412903792492,1790750363,165252498,0.15299999713897705,0.14745444948178515,-0.2618915104441815,0.3930294808652496,-2.7201964228847824
0.14356949573755798,-0.24585432757883846,0.24169349200977758,1790750363,216287518,0.15199999511241913,0.1425920105540808,-0.2626171552326759,0.3927631800545315,-2.783049500874448
0.12937043379606378,-0.24623428738386,0.2379716063815585,1790750363,265444528,0.15600000321865082,0.1378741884399183,-0.2633542065777769,0.39279600861831815,-2.8440197944432986
0.11436109015920864,-0.24709119028067186,0.23817760340474084,1790750363,317017332,0.15700000524520874,0.13293424275162102,-0.2641629714372422,0.3931375786819611,-2.9080671872736636
0.10053415811721915,-0.24808621954307206,0.2401481947910983,1790750363,365451036,0.15700000524520874,0.1283680608473937,-0.26494810860896273,0.3937384034729422,-2.967716795792283
0.08570738827946414,-0.2488907550353263,0.2401395275349613,1790750363,415496842,0.1599999964237213,0.12370588071696222,-0.2657898735536587,0.3946404441062606,-3.0292770155195337
0.07239064772337703,-0.25043502426319064,0.24682146665292937,1790750363,465408257,0.15700000524520874,0.11907290951202684,-0.26667157080912096,0.39583872282668053,-3.0913992056416033
0.05956780061173553,-0.252072312344296,0.2542997548298328,1790750363,515692751,0.15399999916553497,0.11448397744773402,-0.2675936980918068,0.39733576375478535,-3.154125313205964
0.045009825855475985,-0.2531900936243631,0.2570293308048958,1790750363,565353923,0.15700000524520874,0.11002986102381071,-0.26854185792506513,0.39910578911717143,-3.216497467111419
0.03084367582426037,-0.2545251611355437,0.26167445286631447,1790750363,615393062,0.1589999943971634,0.10566159402653674,-0.2695287776894654,0.4011669932563954,-3.2794219069335804
0.02218954133729384,-0.25686357815505745,0.2756960908788685,1790750363,665357598,0.1509999930858612,0.10145317811404704,-0.2705418295399918,0.40348959320157507,-3.3421294809390902
0.007934813465333715,-0.2581831757241727,0.28020883965926147,1790750363,715333330,0.1550000011920929,0.09740396896790589,-0.27158284296128943,0.40606875981313684,-3.4048287371655452
-0.0032172215562473877,-0.26005068411696985,0.28974543509865036,1790750363,765801761,0.15399999916553497,0.09348098143233591,-0.2726654213315142,0.40893572701360253,-3.4683719389238905
-0.014250908770174056,-0.2618899814102333,0.2990927728518478,1790750363,815728926,0.15399999916553497,0.08978965223858637,-0.27376284017062635,0.41201131266184954,-3.5312738918007884
-0.02029231333799532,-0.2642224093825114,0.3132000360627108,1790750363,865748787,0.14800000190734863,0.08632376823889241,-0.2748788110813541,0.41529534847517424,-3.593858881467402
-0.0305147802014466,-0.2660901376924089,0.3228721897348189,1790750363,915831927,0.14900000393390656,0.0830749098014405,-0.27601721715829575,0.41878796836706567,-3.6564476092714955
-0.04016744493272481,-0.2680345048045707,0.3332464567069181,1790750363,965363810,0.15000000596046448,0.08004993427266095,-0.27718001808929243,0.4224885045985193,-3.7192292771514253
-0.045910037774672105,-0.2702883290250038,0.3465515863871495,1790750364,15295717,0.1469999998807907,0.07723996253072864,-0.27837465330884087,0.42641201932680295,-3.782680776436122
-0.05511255967268666,-0.2723343928895836,0.35771141352241326,1790750364,65730730,0.14900000393390656,0.07466803092984664,-0.2796002588020542,0.4305482631776792,-3.8467790389249705
-0.060854016420065785,-0.27455251338949416,0.37068817608753657,1790750364,115557625,0.14800000190734863,0.07239776086302761,-0.28082703890916116,0.4347864970091888,-3.9101057408695064
-0.0643164295213703,-0.27663159006596827,0.3831508135308436,1790750364,165245316,0.1459999978542328,0.07057394752944236,-0.281953501274285,0.4387589317656515,-3.967717293197732
-0.06411605454537274,-0.2787772679146361,0.396500369600315,1790750364,215145925,0.14100000262260437,0.06900646095883801,-0.2830734797743808,0.4427706534665481,-4.024523140378405
-0.06828551505020884,-0.27987332706048657,0.4026536330242313,1790750364,265542743,0.14300000667572021,0.06820404028834125,-0.2837273951541724,0.44513597467191046,-4.057480520282091
-0.06811034325837176,-0.28090402725162805,0.40900238669533595,1790750364,315341175,0.14100000262260437,0.06758819654161141,-0.284281808623033,0.4471533713318275,-4.0853222075872235
-0.06850137301395766,-0.281138570912162,0.4103869238696318,1790750364,365435666,0.14100000262260437,0.06744923347570052,-0.28441482215647634,0.447638762917559,-4.091987572528883
-0.0686622275355615,-0.2812368148108702,0.41096698525277103,1790750364,415610399,0.14100000262260437,0.0673920561925132,-0.2844705420818477,0.4478421208694967,-4.09477647055765
-0.06772126152794994,-0.281274494646135,0.41131545669367775,1790750364,465307672,0.14000000059604645,0.06738349990551296,-0.28447893018302756,0.44787274321483495,-4.09519624710083
-0.06579118960429442,-0.28132027238923796,0.41183770470012027,1790750364,515280162,0.1379999965429306,0.06738349990551301,-0.2844789301830273,0.447872743214835,-4.09519624710083
-0.0677212615279499,-0.28127449464613474,0.41131545669367775,1790750364,565289939,0.14000000059604645,0.06738349990551305,-0.2844789301830273,0.44787274321483495,-4.09519624710083
-0.07158139099513348,-0.28118293950099843,0.41027096457183587,1790750364,615521923,0.14399999380111694,0.067383499905513,-0.2844789301830273,0.44787274321483506,-4.09519624710083
-0.0677212615279499,-0.28127449464613474,0.41131545669367786,1790750364,665119075,0.14000000059604645,0.067383499905513,-0.2844789301830273,0.44787274321483506,-4.09519624710083
-0.0677212615279499,-0.28127449464613474,0.41131545669367786,1790750364,716393449,0.14000000059604645,0.067383499905513,-0.2844789301830273,0.44787274321483506,-4.09519624710083
-0.07158139099513348,-0.2811829395009985,0.4102709645718358,1790750364,767028020,0.14399999380111694,0.067383499905513,-0.28447893018302733,0.44787274321483506,-4.09519624710083
-0.06675622556612217,-0.28129738351768635,0.41157658069689906,1790750364,815770116,0.13899999856948853,0.067383499905513,-0.2844789301830273,0.44787274321483506,-4.09519624710083
-0.06434564138570205,-0.2812436710404107,0.41036445435897334,1790750364,865783606,0.13699999451637268,0.06755811018008955,-0.28450372901258575,0.4472395251029615,-4.086801243958277
-0.0676045155352507,-0.2810281400032306,0.4072229965438888,1790750364,915428667,0.14100000262260437,0.0677693541782612,-0.28453296548970025,0.446499355039464,-4.076963948312536
-0.06627771773289186,-0.28057622193713105,0.39959694105247484,1790750364,965426333,0.1420000046491623,0.06858055266932643,-0.28464012548623746,0.443877104923308,-4.0418854852653405
-0.06244523292922162,-0.2801356268578675,0.3917330347088395,1790750365,15285228,0.14100000262260437,0.06960668951294353,-0.28476493966348965,0.4409454313366258,-4.00219374602657
-0.059259348178535315,-0.2793614148717364,0.3786909795308608,1790750365,65261865,0.14300000667572021,0.0713892798607097,-0.28496015385549084,0.4365579996935651,-3.9416709583033884
-0.05216957082778487,-0.27868715643309194,0.3663503474321841,1790750365,115343846,0.1420000046491623,0.0735731208811985,-0.2851806340259514,0.43200559513480663,-3.877141186341001
-0.048420560228609744,-0.2777924000743434,0.35166414017517783,1790750365,165359882,0.1459999978542328,0.07610516267712529,-0.2854230715026472,0.4275002566487509,-3.8110839908580507
-0.03780586847987183,-0.27730511100486394,0.3409928166701666,1790750365,215402187,0.14300000667572021,0.07893908859910692,-0.28568524088686664,0.4231474898728774,-3.744685947873054
-0.028110240678500223,-0.276778754592836,0.329865370667231,1790750365,265170257,0.1420000046491623,0.08207782677211978,-0.28597020156915004,0.41896143351145176,-3.67779021869237
-0.021278173570271897,-0.2759699589780008,0.31593852207634177,1790750365,315398758,0.1459999978542328,0.0855257014166455,-0.2862818754504566,0.4149465825556785,-3.610107792961333
-0.012089947598207806,-0.27534511170651216,0.30388761177411094,1790750365,365209060,0.14800000190734863,0.08919012174683484,-0.2866147884927039,0.411215811717897,-3.5432140384081974
0.003160156442024123,-0.27542392645670627,0.2984507743199334,1790750365,415509544,0.1420000046491623,0.09312734404180288,-0.28697797121411983,0.40770465537453027,-3.4757035645688896
0.012615652925117182,-0.2747823511825191,0.2861958101884128,1790750365,465563006,0.1459999978542328,0.09728868098741196,-0.28737001402627244,0.4044668059410901,-3.408211994720098
0.02459373586737852,-0.27446516495160667,0.27704229475794084,1790750365,515273233,0.1469999998807907,0.10162636862028303,-0.28779024516667134,0.40153091147999587,-3.3411273345433816
0.039608986182646716,-0.2747039683480352,0.2730409779001556,1790750365,565304806,0.14300000667572021,0.10617089185946925,-0.28824458614735976,0.39887883504790916,-3.2737139874309755
0.05224897897715021,-0.27447916140637674,0.26468564118721694,1790750365,615585826,0.14499999582767487,0.11090039787232137,-0.2887350106152464,0.39652562228150734,-3.2059848285846972
0.06553500334921841,-0.2743408564150065,0.25715605496421934,1790750365,665275174,0.1469999998807907,0.11577001335966922,-0.2892599893288435,0.39449819419068416,-3.138326047590441
0.07985783716847353,-0.2744021167266627,0.2514037843240917,1790750365,715387479,0.14800000190734863,0.12081252155438875,-0.28982740414941366,0.3927854482673018,-3.069956072214768
0.09494407235766875,-0.2746774244348544,0.24756521496712758,1790750365,765402978,0.14800000190734863,0.1260012651426973,-0.2904380640876448,0.39140906634292905,-3.0009990947521765
0.11086780876744244,-0.27550177197569536,0.24869700149658852,1790750365,815464218,0.14399999380111694,0.1312816292699953,-0.2910902478160773,0.3903877689028846,-2.931838226446789
0.12589601326415084,-0.275686677761245,0.24400934625958434,1790750365,865440022,0.1469999998807907,0.1366202899365924,-0.29178320416989034,0.38973131334890543,-2.8626236363766724
0.14155777764551775,-0.2766505300748816,0.2463198483846439,1790750365,915778117,0.14399999380111694,0.14202615060837342,-0.2925228985961424,0.38944163833647016,-2.7928747313229794
0.1569656240066307,-0.27728859514647786,0.2457297965820625,1790750365,965573400,0.14499999582767487,0.14739799553165234,-0.29329873099168896,0.3895252583519264,-2.72360098050134
0.17265396248637785,-0.277939663976038,0.24523303562764392,1790750366,15584417,0.1469999998807907,0.15277081534448775,-0.2941200721244468,0.38998059110557703,-2.653977120897233
0.18799035086298432,-0.2789262133331671,0.24777670206445918,1790750366,65304450,0.1469999998807907,0.15806909649024517,-0.29497853506073035,0.39080132046586974,-2.584687441418078
0.20299147365642622,-0.2801506022867301,0.2523684380863317,1790750366,115532172,0.1459999978542328,0.16334402611472934,-0.29588735322363724,0.39199806942156845,-2.5146775554683543
0.21788410229755384,-0.2813824905217112,0.2570297369404609,1790750366,165256352,0.1459999978542328,0.16851212888194436,-0.29683609743399786,0.3935566340995367,-2.444740061946134
0.23183021453789074,-0.2829597094958108,0.264631907419207,1790750366,215703152,0.14399999380111694,0.17363093114991224,-0.29784142162784283,0.39550350965539427,-2.373670186388813
0.24634331170728152,-0.2843266046861073,0.27043711411733873,1790750366,265405332,0.14499999582767487,0.17854931403265298,-0.29887751634201243,0.39778405612734635,-2.3032404588414574
0.2579423331019301,-0.28631009945849695,0.281568920249722,1790750366,315516350,0.14100000262260437,0.18332931326773527,-0.2999623741678457,0.4004281369981802,-2.2321594237868836
0.2691701292378687,-0.2882923502274931,0.2926047631141731,1790750366,365589487,0.1379999965429306,0.18794208732618978,-0.30109483603791753,0.4034294021170468,-2.160468177231164
0.2806417111709228,-0.29016789014210564,0.302723342349956,1790750366,415382983,0.13699999451637268,0.1923020540787083,-0.3022596168142465,0.4067372530946364,-2.0890574434862543
0.29275277940139294,-0.291973966437866,0.3122129407410727,1790750366,465156247,0.1379999965429306,0.19642968577813566,-0.30346545806420844,0.41036489589681974,-2.017273952876058
0.3035681518419823,-0.29398537233658034,0.32339244777864873,1790750366,515481295,0.1379999965429306,0.20032185968227284,-0.3047197938581624,0.4143263490241015,-1.9446163080195684
0.3103314691274756,-0.2963676592073631,0.3377026349343897,1790750366,565352505,0.1340000033378601,0.20390075713913916,-0.3060026597676174,0.41854613315413647,-1.8721468101179535
0.32259750802097936,-0.2982685769643466,0.3479450603860935,1790750366,615448300,0.1379999965429306,0.2071720336440224,-0.30732232648350405,0.42303825934810113,-1.79926242657452
0.3254943469404674,-0.300886838136534,0.36413254693707653,1790750366,665381742,0.13199999928474426,0.210104119783508,-0.3086684593821897,0.4277606984003004,-1.7262880570804746
0.33062642757828375,-0.3032835550022077,0.37844799203331425,1790750366,715340638,0.12999999523162842,0.21267642079088347,-0.3100402377542244,0.43268950655184746,-1.6532156470413597
0.3346164050430688,-0.30525582881636293,0.3901802508276395,1790750366,765481647,0.1289999932050705,0.21451587263305819,-0.311190720428171,0.43688825253287544,-1.5929149739922384
0.3414918526797164,-0.30700247443713075,0.4003223156656598,1790750366,815433450,0.13199999928474426,0.21602637655878695,-0.3123023750638051,0.4409957119618674,-1.5353053523429487
0.3375281162579526,-0.30817692029217425,0.40769599092701714,1790750366,865167612,0.12600000202655792,0.21668840059819264,-0.3128612128464643,0.4430770739125164,-1.506544716551964
0.33891459738224294,-0.3089973328203609,0.41256089343788993,1790750366,918339024,0.12600000202655792,0.21721585846096017,-0.313351226583682,0.4449099438839196,-1.4814239179923412
0.34099427583878794,-0.3090203439347566,0.4125959870882997,1790750366,966839886,0.12800000607967377,0.21727156701354075,-0.3134058392141131,0.44511460188804725,-1.4786300920971087
0.3400563740663976,-0.3090726355436719,0.41295715828853763,1790750367,15314691,0.12700000405311584,0.2172824121632492,-0.3134165612835021,0.44515476095181905,-1.4780820736763225
0.34102773500693584,-0.30904134347411955,0.41272096513031015,1790750367,65172909,0.12800000607967377,0.21728415603249115,-0.3134182875344865,0.44516122683832215,-1.4779938459396362
0.34006098638294796,-0.3090755384172648,0.41297440517647627,1790750367,115556207,0.12700000405311584,0.21728415603249124,-0.3134182875344864,0.44516122683832227,-1.4779938459396362
0.34006098638294796,-0.3090755384172648,0.41297440517647627,1790750367,165229673,0.12700000405311584,0.21728415603249124,-0.3134182875344864,0.44516122683832227,-1.4779938459396362
0.33909423775896,-0.30910973336041014,0.4132278452226423,1790750367,215673740,0.12600000202655792,0.21728415603249124,-0.3134182875344864,0.44516122683832227,-1.4779938459396362
0.34102773500693595,-0.3090413434741195,0.41272096513031026,1790750367,266063428,0.12800000607967377,0.21728415603249124,-0.3134182875344864,0.44516122683832227,-1.4779938459396362
0.34102773500693595,-0.3090413434741195,0.41272096513031026,1790750367,316296576,0.12800000607967377,0.21728415603249124,-0.3134182875344864,0.44516122683832227,-1.4779938459396362
0.33948832440609783,-0.3089695778988759,0.41084563630171306,1790750367,366076442,0.12700000405311584,0.21706853238757998,-0.3134554920644488,0.44434596653491204,-1.488773374728792
0.33879869880650804,-0.3088482722463083,0.4083960368013895,1790750367,415115919,0.12700000405311584,0.21680874097425681,-0.3134988273526857,0.44340779989294987,-1.5012175101368226
0.33725802703780217,-0.3084164515217318,0.40006925314247266,1790750367,465213186,0.12800000607967377,0.2158701631944877,-0.313645580618968,0.4403388977502651,-1.5422467818008867
0.33213645729200375,-0.3080735313313201,0.39172987469457665,1790750367,515476001,0.12600000202655792,0.21464652867326925,-0.313819562118347,0.43688627306791694,-1.5890845713652497
0.33039580969255444,-0.30728750872075233,0.3774420328280227,1790750367,565270386,0.12999999523162842,0.21260850647349233,-0.3140811964164018,0.4320313703226114,-1.6564285520824442
0.3227841130621204,-0.30675887979675165,0.3647180680816573,1790750367,615190938,0.1289999932050705,0.21009534605473157,-0.31437845083754323,0.42704127543186515,-1.7279014324726523
0.31589484055265077,-0.30616872953767293,0.35138337574847084,1790750367,665506855,0.12999999523162842,0.2072001461478844,-0.31470337508787394,0.422183248586,-1.8002679520806177
0.31049893834407183,-0.3054255923198522,0.33683912827623025,1790750367,715251295,0.1340000033378601,0.20399998972474973,-0.31505090273362013,0.4175938695423882,-1.8718749766768394
0.3030786186673615,-0.3047866304184238,0.3230728597552161,1790750367,765498165,0.13699999451637268,0.2004615725193222,-0.3154287522551746,0.4132143351156132,-1.9439732664774618
0.29114719424528446,-0.3046181068252254,0.31337187211547657,1790750367,815291031,0.13500000536441803,0.19665905417774399,-0.3158333832930809,0.40913830887031943,-2.0153734001856196
0.27985695520801224,-0.30438151928790746,0.30303413363421006,1790750367,865682051,0.13500000536441803,0.19254546452654792,-0.3162737844054177,0.40530963937115727,-2.0874035844426215
0.2680033214811495,-0.3042425197310294,0.29364016928196157,1790750367,915497269,0.13500000536441803,0.18822493343748847,-0.31674326760079186,0.40182585018403183,-2.158566918168072
0.2571348397074104,-0.30391196516295704,0.28259621273658775,1790750367,965428775,0.1379999965429306,0.18368273564039808,-0.3172470170126503,0.39866069415163413,-2.229612445904507
0.24302999351776566,-0.3041636113289075,0.27665299955384925,1790750368,15188686,0.13600000739097595,0.17895167128312955,-0.31778581637138276,0.39583523883353566,-2.3003610542307187
0.23103513689287863,-0.3039159762636118,0.2662940703956235,1790750368,65429241,0.14000000059604645,0.1740101175060813,-0.31836572684195913,0.39333481991738894,-2.371535746868911
0.21719155466155923,-0.30407329140365175,0.2595568051576008,1790750368,115214190,0.14100000262260437,0.16895802340519236,-0.3189795113338605,0.3912091192637636,-2.442017307532817
0.20285181380025846,-0.3043390003165564,0.2537834113386232,1790750368,165349068,0.1420000046491623,0.16377822506663867,-0.31963233375263533,0.3894424321822478,-2.5124756758381244
0.1880868456193948,-0.3047178044194127,0.24901188980817174,1790750368,215524262,0.14300000667572021,0.15849460516683447,-0.32032576503199384,0.3880431552838553,-2.5828929606400717
0.17330533553125455,-0.3051968246848451,0.24532125968619187,1790750368,265211338,0.14399999380111694,0.15325422170211317,-0.3210426810046151,0.3870352670617006,-2.6517335152842567
0.15805939841345606,-0.30579875718511784,0.2426275501631364,1790750368,315613802,0.14499999582767487,0.14789789892292565,-0.32180893044024605,0.3863822616353885,-2.721399165864528
0.1428158286106472,-0.3069459432217014,0.24496841950895645,1790750368,365083136,0.1420000046491623,0.14259386470527616,-0.32260324781791194,0.3861024014735007,-2.7900721326851077
0.1272963507458119,-0.3076793370797139,0.24339847189027985,1790750368,415657732,0.14399999380111694,0.1371652910824367,-0.3234572504970953,0.3861908375109512,-2.8603354353415047
0.11242442775141588,-0.30882692570061043,0.2458242304667366,1790750368,465100806,0.14300000667572021,0.13191797610882097,-0.32432532603716363,0.38663901331534756,-2.9285966319429866
0.09702258168175268,-0.3099017439109127,0.2473729896038236,1790750368,515932322,0.14399999380111694,0.12657936224250216,-0.3252570854183728,0.38746798746168676,-2.9986955106249726
0.08233475630551465,-0.31116637973623107,0.25086447980139537,1790750368,565480685,0.14399999380111694,0.12144413080848207,-0.3262040503343436,0.3886335746800764,-3.067129680742513
0.06774213419239297,-0.31255760745431616,0.2554089779459089,1790750368,615661683,0.14399999380111694,0.11634086983378313,-0.3272015990425896,0.3901669633090871,-3.136456012419983
0.05335036151999705,-0.31392917230672085,0.2599314595338524,1790750368,665527855,0.14499999582767487,0.11144935803375618,-0.3282168824970889,0.39201236932643363,-3.2045853721774047
0.03870790651823457,-0.3153232465129581,0.26460146731198264,1790750368,715775058,0.1469999998807907,0.10667376172812823,-0.32927322205805215,0.39419714884818013,-3.2730993792248393
0.027555330646342968,-0.3173596509340787,0.27534309816226454,1790750368,765642804,0.14300000667572021,0.10210771413940906,-0.33035222143074555,0.39667791236102606,-3.341003267409881
0.01632531600489001,-0.3192683033348671,0.2849779465384375,1790750368,815158295,0.14100000262260437,0.09775719640815435,-0.33145503799499554,0.3994390014518294,-3.4084108140189193
0.005206809600641488,-0.3211680145340858,0.29452964156284456,1790750368,865069458,0.14000000059604645,0.09359334365935666,-0.33259125699637493,0.402498758886403,-3.4761103980295203
-0.0060061655244481316,-0.3230881564032048,0.30416563789864937,1790750368,915682082,0.14000000059604645,0.08960038699021923,-0.3337717594151761,0.40587722971509754,-3.5447134716691338
-0.01985911923170322,-0.32466699890984196,0.3108139603194496,1790750368,965229176,0.14499999582767487,0.08596819604586652,-0.33494053899328974,0.4094041855211468,-3.611211187376403
-0.025859342661627815,-0.32705432209760943,0.32508483683471223,1790750369,15646779,0.14000000059604645,0.08253232787706817,-0.3361521652147485,0.41322379062552894,-3.6787573555116353
-0.0313801139311487,-0.32935877641457995,0.33874228596581457,1790750369,65538024,0.13600000739097595,0.07940774036154118,-0.3373695202324593,0.4172144551409529,-3.745476374179854
-0.04090384124988719,-0.33134632388029717,0.3493389884554813,1790750369,115267175,0.1379999965429306,0.07657104541531895,-0.33860235054530746,0.42138758404125587,-3.8119574248975923
-0.04808917853473736,-0.3335308904327635,0.3617696814953098,1790750369,165398340,0.1379999965429306,0.07399012146055574,-0.33986913288464893,0.4258045957306642,-3.87942257331991
-0.05162990995299356,-0.3358619319899698,0.37577355569221654,1790750369,215119833,0.13500000536441803,0.07173270119980318,-0.3411426077739304,0.4303517755351306,-3.946420033258626
-0.056894913439011624,-0.3376101473763346,0.38577790075799673,1790750369,265231470,0.13600000739097595,0.07015356125337785,-0.34217159013639203,0.4340881515193983,-3.999980256997389
-0.06052229700317345,-0.33933771345238006,0.39592537316004517,1790750369,315647489,0.13600000739097595,0.0688361408549019,-0.3431620387557573,0.4377317255629747,-4.051161738570956
-0.060201532591361226,-0.34024561876965087,0.4015658407230015,1790750369,365672977,0.1340000033378601,0.0682559037588392,-0.34365136248151706,0.4395538500239613,-4.07642578351811
-0.06041124581893047,-0.34095264788755053,0.40588177091317396,1790750369,415624639,0.13300000131130219,0.06782501776901177,-0.3440433999581671,0.4410230330055941,-4.096655760733036
-0.05865858670905813,-0.3411076092733308,0.4070443780782883,1790750369,465370096,0.13099999725818634,0.06775958136617177,-0.3441066086775277,0.44125624830956,-4.099858313484119
-0.06155816781805114,-0.34104299047518594,0.4062771443325908,1790750369,515426251,0.1340000033378601,0.06775793394499961,-0.344109481872143,0.4412620460741595,-4.099940170003685
-0.06059380607111024,-0.3410664948984565,0.4065407006233446,1790750369,565131540,0.13300000131130219,0.06775768185964902,-0.3441099215968679,0.44126293339570444,-4.099952697753906
-0.061558856798756945,-0.34104361194480176,0.40627963067750517,1790750369,615430632,0.1340000033378601,0.06775768185964903,-0.34410992159686793,0.4412629333957043,-4.099952697753906
-0.061558856798756945,-0.34104361194480176,0.40627963067750517,1790750369,665656733,0.1340000033378601,0.06775768185964903,-0.34410992159686793,0.4412629333957043,-4.099952697753906
-0.061558856798756945,-0.34104361194480176,0.40627963067750517,1790750369,715710573,0.1340000033378601,0.06775768185964903,-0.34410992159686793,0.4412629333957043,-4.099952697753906
-0.0605938060711103,-0.3410664948984564,0.4065407006233446,1790750369,769723160,0.13300000131130219,0.06775768185964896,-0.3441099215968678,0.44126293339570444,-4.099952697753906
-0.061558856798756764,-0.3410436119448019,0.40627963067750517,1790750369,815800048,0.1340000033378601,0.06775768185964919,-0.3441099215968681,0.4412629333957044,-4.099952697753906
-0.058157392248217296,-0.3410147792028672,0.40523718693975536,1790750369,865811619,0.13099999725818634,0.06794709287282087,-0.3441411349215506,0.4405767400484599,-4.090890064522002
-0.06041421261188165,-0.3408245759760413,0.4022368420195589,1790750369,915797411,0.1340000033378601,0.06817974329927626,-0.3441783665782264,0.4397647980825048,-4.080137236677971
-0.05726941343983723,-0.3404758708200748,0.3955302099650375,1790750369,965567034,0.13300000131130219,0.06898849284658116,-0.34430071291956105,0.4371632741315192,-4.045454062320609
-0.054507197753764114,-0.34006213078141473,0.38772198147328535,1790750370,15791154,0.13300000131130219,0.07000963604599068,-0.3444424049192255,0.4342555354721822,-4.006218330670172
-0.05092578258459647,-0.3394468250921902,0.3763106690773815,1790750370,65327265,0.1340000033378601,0.07166986306645916,-0.3446509988313134,0.43015512225169034,-3.9498866986590304
-0.047169631457981365,-0.3387611014553935,0.3638262146739701,1790750370,115657098,0.13600000739097595,0.07370121552280468,-0.34488534326329007,0.4258643805299279,-3.8894236562159823
-0.040845521019198514,-0.33818446729411755,0.35243432722829326,1790750370,165451730,0.13600000739097595,0.07600050990689333,-0.3451336013434167,0.42167821940030487,-3.828589253344895
-0.036229500892213815,-0.33747141169640327,0.33963322513324734,1790750370,215691979,0.13899999856948853,0.07857790943541046,-0.3453997277206742,0.41759090558361484,-3.7670239470697884
-0.02760527458581477,-0.33702144036179466,0.329486917587817,1790750370,265522371,0.1379999965429306,0.08138584968912957,-0.3456791523850838,0.4136889240820466,-3.7057726705362075
-0.019788358965787164,-0.33649086816267487,0.3184721761427812,1790750370,316048428,0.13899999856948853,0.08446911845231493,-0.3459809671945606,0.40991240812573687,-3.643632101314517
-0.007333246506775276,-0.33645785893657665,0.3124579930601805,1790750370,365336462,0.1340000033378601,0.0876622089457123,-0.34628974260238116,0.4064537291416809,-3.5836298844463497
-0.0006368236834469743,-0.33582328032687275,0.3006225724655992,1790750370,415271671,0.1379999965429306,0.09109257032504067,-0.34662253869759063,0.4031559491744884,-3.5229477681271306
0.010021919544275726,-0.33562555605058975,0.2929864373677329,1790750370,465388677,0.13699999451637268,0.09470686186510584,-0.3469748830570414,0.4000782289210749,-3.4624020242080302
0.019933101482266777,-0.33532789042792355,0.2844088726987291,1790750370,515550545,0.1379999965429306,0.09849583495906708,-0.34735035996843283,0.39722445752923746,-3.4018701823551054
0.03030743813345653,-0.3350896636630496,0.27646714979408915,1790750370,565371484,0.13899999856948853,0.10241662555151512,-0.34774534385782224,0.39462424205279684,-3.3418222442873398
0.040720334753336515,-0.3348206343942378,0.26825384088903803,1790750370,615180857,0.14100000262260437,0.10648029367544269,-0.34816523679341604,0.39226412324072535,-3.2818025230290617
0.05220888031605992,-0.3347084170119724,0.2614952737358056,1790750370,665216881,0.1420000046491623,0.1107046511755513,-0.3486126403969027,0.39013787431577657,-3.221384265820426
0.06453034101032604,-0.3347698715317455,0.2563331383480375,1790750370,715369564,0.1420000046491623,0.11505738590935755,-0.34908874729721723,0.3882648966587125,-3.160799582816729
0.0767853807893047,-0.33480635619600346,0.25099390182492776,1790750370,765488218,0.14300000667572021,0.11949318116429737,-0.34958922151831084,0.38666450508609235,-3.100487944437613
0.08980110983174464,-0.33513087294061245,0.24833378400016945,1790750370,815344898,0.1420000046491623,0.12398561030429436,-0.3501152603685252,0.385340679378521,-3.040535307714664
0.10304268553285467,-0.3356471314294092,0.24745205765011424,1790750370,865179392,0.14000000059604645,0.12853561258478427,-0.350667392131834,0.3842895620326818,-2.980729452058561
0.11604685628347475,-0.33603950399755084,0.2453932689284855,1790750370,915421853,0.14000000059604645,0.13317155274299294,-0.35125360261836985,0.3835065417925313,-2.9204565882593245
0.12898796333966955,-0.3362950659360546,0.24213763748613779,1790750370,965475155,0.1420000046491623,0.13783041804971105,-0.35186666207662154,0.38300401995086236,-2.860352459035794
0.1421597231616578,-0.33707260668545164,0.2436357383027096,1790750371,15260324,0.14000000059604645,0.14248166350523153,-0.35250667096358973,0.3827820145057273,-2.8005592304258506
0.1552370691511647,-0.3376027174953588,0.24293415356879006,1790750371,65702593,0.14100000262260437,0.14712415949372762,-0.3531736973517819,0.3828367125974782,-2.740904182625039
0.16839006502151782,-0.3379848972421576,0.24101705121038697,1790750371,115393567,0.14399999380111694,0.15166807259289605,-0.3538582044800071,0.3831592733024581,-2.6823059250072268
0.18083775417813466,-0.339114613291073,0.24578160776353747,1790750371,165170680,0.14100000262260437,0.15620996190991332,-0.3545746592230629,0.38375066069697084,-2.6233449214191147
0.19387581249453417,-0.3398989396212554,0.2474010957287579,1790750371,215468383,0.1420000046491623,0.16075398889836318,-0.3553288751277543,0.38461940067489664,-2.5637183318171286
0.20616201330752884,-0.34097489945623055,0.25167835569340513,1790750371,265418664,0.14100000262260437,0.1651977224046063,-0.3561045344682129,0.38574558418269467,-2.5045848040008183
0.2177858959152869,-0.3422374141156319,0.257593916442312,1790750371,315470725,0.13899999856948853,0.16956890106947992,-0.35691032525551764,0.38713474664282543,-2.4453461945939208
0.2289403107519946,-0.34357255094994493,0.2641481023893222,1790750371,365371664,0.13699999451637268,0.17385287355290732,-0.3577442253946068,0.38878171103384984,-2.3860157880741393
0.24145764766619296,-0.3445797079285379,0.2677949819067312,1790750371,415503595,0.13899999856948853,0.17804801304980697,-0.35861072544893363,0.3906906628213857,-2.3263586290595186
0.2526930289795912,-0.3458550564956412,0.2738750149338166,1790750371,465431562,0.13899999856948853,0.18207310591338738,-0.3594930312241929,0.39281967313141974,-2.2673661662331055
0.2618878762614464,-0.34749175662175974,0.2830921044034066,1790750371,515518864,0.13600000739097595,0.18596630892547422,-0.36040306132184463,0.395186777936704,-2.2082630183926426
0.27211777804257564,-0.34889323932762023,0.29030816882787724,1790750371,565476637,0.13600000739097595,0.18968284920829875,-0.36133030451117154,0.39775957146206026,-2.1495727876504183
0.28131078303949786,-0.3504597340155712,0.2989193510966697,1790750371,615813395,0.13500000536441803,0.1932588188363569,-0.3622880163763111,0.4005655255684928,-2.0904838241968906
0.2903870320820802,-0.35195732276708,0.30707762625892343,1790750371,665105114,0.13500000536441803,0.19657200327259083,-0.36324173867497234,0.4034954865104623,-2.032933019144612
0.29917446969975425,-0.35355255678234293,0.31596351976526016,1790750371,715656329,0.13500000536441803,0.19977899274141073,-0.3642406261861101,0.4066900637368926,-1.973967881594152
0.30260312994136185,-0.35561717363298534,0.32891971395337294,1790750371,765106966,0.1289999932050705,0.2027266667969136,-0.36523752123056746,0.40999461308229934,-1.9162310161156246
0.3117018660861252,-0.35715878829633513,0.33734919828889265,1790750371,815741533,0.13099999725818634,0.2055352366779838,-0.36627785112713046,0.4135495183331497,-1.857101963998865
0.31596879749539075,-0.35905006422952773,0.34881700088615103,1790750371,865105160,0.12800000607967377,0.20806430255288563,-0.3673096432815765,0.4171719632625752,-1.799390967597508
0.3231440679346167,-0.3607731734890103,0.3587559228694047,1790750371,916037647,0.1289999932050705,0.21044298055504243,-0.3683912922668544,0.42105702572205456,-1.7398336463860204
0.32684662621033805,-0.3626458540178561,0.37007347161236415,1790750371,965233004,0.12700000405311584,0.2125104514600434,-0.36944915325380384,0.4249365310646739,-1.6823179328082087
0.3336228030164199,-0.3643776509028185,0.380187026886726,1790750372,15441381,0.1289999932050705,0.21437895127877188,-0.3705421911305319,0.42901223055715587,-1.6236196530757068
0.335194793688816,-0.36593835729490914,0.3897061596428416,1790750372,65338606,0.12700000405311584,0.21567528316987644,-0.37141359921427386,0.432298522347075,-1.5773510398518789
0.3390282795276405,-0.36731681756944123,0.3979223095538172,1790750372,115436667,0.12800000607967377,0.21676529942057568,-0.3722525805880568,0.4354909599841968,-1.5331574456680728
0.337408760801311,-0.3681213175754734,0.40293690263530363,1790750372,165365365,0.125,0.2172415282687836,-0.37266177936372513,0.43705757719227745,-1.5117043141370212
0.3373726038536815,-0.36870814982295985,0.406512991980833,1790750372,215476750,0.12399999797344208,0.2175967296805138,-0.37298933579579,0.4383156791335434,-1.4945756191420014
0.33752439907958665,-0.36880208323608343,0.4070770309675517,1790750372,265305345,0.12399999797344208,0.21765499694336676,-0.3730451809140891,0.438530521251044,-1.4916588503034012
0.3394695241741794,-0.36874092091253186,0.40661360529920887,1790750372,315887846,0.12600000202655792,0.21765946489935706,-0.3730494758815726,0.43854707244945146,-1.491434218376492
0.3356041559745332,-0.36887871033033864,0.4076334171975904,1790750372,365393390,0.12200000137090683,0.21766009297301284,-0.373050079944279,0.4385494003250694,-1.4914026260375977
0.33850441846091217,-0.3687761357157267,0.4068731884602351,1790750372,415616027,0.125,0.21766009297301278,-0.3730500799442789,0.4385494003250691,-1.4914026260375977
0.3356041559745332,-0.36887871033033864,0.40763341719759016,1790750372,465763051,0.12200000137090683,0.21766009297301284,-0.373050079944279,0.43854940032506917,-1.4914026260375977
0.3356041559745332,-0.36887871033033864,0.40763341719759016,1790750372,515744768,0.12200000137090683,0.21766009297301284,-0.373050079944279,0.43854940032506917,-1.4914026260375977
0.3365709125376206,-0.36884451870721896,0.4073800069891221,1790750372,576087191,0.12300000339746475,0.21766009297301286,-0.37305007994427897,0.43854940032506917,-1.4914026260375977
0.3385044184609123,-0.3687761357157268,0.4068731884602353,1790750372,619302352,0.125,0.21766009297301284,-0.373050079944279,0.4385494003250692,-1.4914026260375977
0.33532922156559536,-0.36883102814171526,0.40659904479572667,1790750372,665829383,0.12200000137090683,0.21755400781787387,-0.373070882804717,0.4381430298581187,-1.4967859875530913
0.34174657031461864,-0.36852763196650873,0.40353897193305144,1790750372,715387326,0.1289999932050705,0.21742715876322158,-0.37309530794649304,0.437668409293847,-1.5030834865053817
0.33644252565918115,-0.3684375391815872,0.39958902186163503,1790750372,765262505,0.125,0.21687582796495125,-0.37319795765262376,0.43572962532197107,-1.5289234992186849
0.33461824235587195,-0.36817732478652265,0.39388163170751367,1790750372,815269537,0.125,0.21618107533649966,-0.3733182417452841,0.43352010343951203,-1.5586231138983286
0.3341112160964789,-0.36763034242930687,0.38370205248287204,1790750372,866010651,0.12800000607967377,0.21492255597007895,-0.37351417763519523,0.42999941025780325,-1.6065862832475801
0.3282780772317093,-0.36730737500442395,0.37496255786420774,1790750372,916153055,0.12600000202655792,0.21341415221760696,-0.3737288913755723,0.4263536404422421,-1.657219148241208
0.3255615169913605,-0.3668025895368507,0.36470072286008365,1790750372,965339077,0.12800000607967377,0.21170526097003828,-0.3739561889633655,0.422748810997839,-1.7084297904110568
0.31956483019720394,-0.366481876498332,0.35579578176270243,1790750373,15374257,0.12700000405311584,0.20977192606498374,-0.3741997518852244,0.41915944351939816,-1.7607814947341471
0.3139450987443777,-0.3661356646952207,0.34666110536213673,1790750373,65408947,0.12700000405311584,0.20764508122157793,-0.37445615873741467,0.4156544143350923,-1.813437772802267
0.3094742517221285,-0.3656856032233315,0.3366672797213726,1790750373,115353255,0.1289999932050705,0.2053409497623819,-0.374725632204404,0.4122684142756227,-1.8660558046735782
0.3044653797371898,-0.36525677986364957,0.3268870141233983,1790750373,165375241,0.13099999725818634,0.20288183718858918,-0.37500604400913534,0.4090255252709899,-1.918357692954233
0.2981670906607393,-0.36493147152266553,0.3179919633899209,1790750373,215322725,0.13199999928474426,0.2002670495018502,-0.3753003927022931,0.4059241373982495,-1.9705063033358095
0.2899269453074468,-0.3648041131616461,0.31075859499725783,1790750373,265327654,0.13099999725818634,0.19748270521283945,-0.37561076193641435,0.4029447007683241,-2.0229492847204216
0.28394358486515203,-0.36438409583433296,0.3009629250173083,1790750373,315822756,0.1340000033378601,0.19451657407603237,-0.3759413451076921,0.40008527681095085,-2.075952529979889
0.27376904143129316,-0.36453138773407545,0.29619468372691893,1790750373,365537201,0.13099999725818634,0.19148167519937434,-0.3762800446749227,0.3974456476746522,-2.127721473696671
0.26761411665485113,-0.3640974569002066,0.28643139102006204,1790750373,415232201,0.13500000536441803,0.18832261547981233,-0.3766358176237108,0.3949700882674908,-2.179398214266299
0.25792799629492774,-0.3641681319221013,0.2809487532320724,1790750373,465698348,0.1340000033378601,0.18499135165292355,-0.37701457950094514,0.3926233499294258,-2.231893362354061
0.24869106698682086,-0.3641995130213064,0.2752462619920758,1790750373,515234041,0.1340000033378601,0.1816086113855544,-0.3774053823515464,0.39049186954517634,-2.283423784952424
0.2395346272477712,-0.3641834916405697,0.26908589478804823,1790750373,565289240,0.13500000536441803,0.17808940758005182,-0.37781830940927863,0.3885161178171991,-2.3354720982619184
0.22998199811347747,-0.36422053289412876,0.26336328759934347,1790750373,615571571,0.13600000739097595,0.17445862010018395,-0.3782534793643834,0.386717383265849,-2.387752437182913
0.21945172675613897,-0.36451924073283676,0.26000352804007876,1790750373,665337247,0.13500000536441803,0.17076987095659288,-0.3787047648224415,0.3851188719056828,-2.4396625902642564
0.21088866315965976,-0.36413641070238983,0.25056199423240444,1790750373,715579003,0.14100000262260437,0.1669672882298813,-0.379181979522433,0.38369930839614147,-2.4920997709013424
0.19991961255880553,-0.36454675591520214,0.248257081417196,1790750373,765375634,0.14000000059604645,0.1631725855556945,-0.37967001304704556,0.38249918832501306,-2.543559723840729
0.1886819179181363,-0.3651297747591897,0.24749588957982538,1790750373,815284405,0.1379999965429306,0.15932200571705485,-0.38017957480774434,0.38149401687977,-2.5950444115891553
0.17809608544380923,-0.3653397088331269,0.24339045742485,1790750373,865664857,0.14000000059604645,0.15540117935479292,-0.38071304312542553,0.38068066828214664,-2.646894648241286
0.16703689593070628,-0.365933701270063,0.24280107308977328,1790750373,915354950,0.13899999856948853,0.15150232160562938,-0.3812604798584323,0.38007731451908827,-2.6980119416158845
0.1558385966866548,-0.3665969768761279,0.2427630703062351,1790750373,965571299,0.1379999965429306,0.14751802769952163,-0.3818372585479995,0.379666324439003,-2.74996019668887
0.1447009261027996,-0.3671042264101128,0.24131438988963844,1790750374,15848823,0.13899999856948853,0.14351150709135174,-0.382437604496355,0.3794609511975384,-2.802025887208371
0.1335797881750624,-0.3674405350263219,0.23844749852483157,1790750374,65404784,0.1420000046491623,0.13957858459381572,-0.3830468942874546,0.3794597579652821,-2.8531221712884522
0.12244528634369288,-0.3684017640101431,0.2411219424864388,1790750374,115888811,0.14000000059604645,0.13558300698312883,-0.38368909944242696,0.37966326425967,-2.905136866910293
0.11129393557356365,-0.36908421369731986,0.2413802831853178,1790750374,165572255,0.14100000262260437,0.1316637832202488,-0.3843422020487253,0.3800643263838547,-2.956415405691471
0.10066448980005938,-0.37015441890130346,0.2451457163813435,1790750374,215440701,0.13899999856948853,0.1277573826036308,-0.38501925821054406,0.38066697417569273,-3.007900503849976
0.09005254358680473,-0.37117625404420174,0.24847288188648556,1790750374,265507316,0.1379999965429306,0.12387362132095259,-0.3857191915251963,0.3814715161508022,-3.0596212813488455
0.07887706419597178,-0.371936163279581,0.24945047665951506,1790750374,315190065,0.14000000059604645,0.1200681425406059,-0.3864345910349592,0.3824658548092662,-3.110950802137355
0.06767923361690978,-0.37275960302505845,0.25102375558934237,1790750374,365004733,0.1420000046491623,0.1163248914117769,-0.38716836711248986,0.38365101076541674,-3.1622513864872914
0.05832824943975228,-0.3741568261643865,0.2578217485782083,1790750374,415377138,0.13899999856948853,0.11261159095784064,-0.3879300508701029,0.3850405235964981,-3.2140938232900282
0.048745483811730335,-0.3753849665684304,0.26317469322944387,1790750374,465503327,0.1379999965429306,0.10902754476947385,-0.388699420862245,0.3865959129584421,-3.265241266347486
0.03856383652549762,-0.37647003632915765,0.2672235253019333,1790750374,515551433,0.13899999856948853,0.10554114360113742,-0.38948503046147026,0.3883253414194017,-3.316228860717023
0.030158268126614415,-0.37787971100364975,0.27433150329839207,1790750374,565325702,0.13699999451637268,0.10215863288175511,-0.3902854454045804,0.39022388323161467,-3.367107404565173
0.0210462940727629,-0.37915600829171014,0.28018251650637194,1790750374,615243620,0.13699999451637268,0.09886839420551348,-0.39110610711119503,0.39229814595480716,-3.418163080556489
0.013990182995562442,-0.3807427418823629,0.28891685299611747,1790750374,665652748,0.1340000033378601,0.09566098470042347,-0.39195068755955703,0.3945589989281689,-3.4697315333451852
0.003096027956044009,-0.38177372183770825,0.2925044609779679,1790750374,715312627,0.1379999965429306,0.09262178455344522,-0.39279881730162186,0.3969438463721922,-3.5205355697709906
-0.0009605800364250183,-0.38365033386441416,0.3040720071524073,1790750374,765269824,0.13199999928474426,0.08968375960947501,-0.3936692424678183,0.3995037889220454,-3.5718357004764867
-0.010102528907827313,-0.38496905707401075,0.31024327548157404,1790750374,816004271,0.1340000033378601,0.08683902103678803,-0.39456888951173136,0.40225512257774887,-3.623971249103944
-0.017957345958337395,-0.3863552058775797,0.31730445210613417,1790750374,865168366,0.13500000536441803,0.08424068553819199,-0.39544802440193033,0.4050420407321644,-3.674215763832007
-0.02252049432829485,-0.3880834627484115,0.32748381141554705,1790750374,915903516,0.13199999928474426,0.0817143852990328,-0.396367436766419,0.4080472364589126,-3.7260171785699723
-0.027938918585133296,-0.38966028547476694,0.3364014460827166,1790750374,965400912,0.13099999725818634,0.07940932962606122,-0.397273870228693,0.4110967351900451,-3.7765001539010847
-0.03375987257831302,-0.39121656629441687,0.3450757481544797,1790750375,15290552,0.13099999725818634,0.07724752054665243,-0.39819820231537845,0.4142827905108398,-3.827373814610148
-0.03911086552951401,-0.3927947469701751,0.3540013862888972,1790750375,65343796,0.13099999725818634,0.07526092813134194,-0.39912895577661045,0.4175621437988568,-3.878074249676894
-0.043981142025792674,-0.39439187325450387,0.3631466398688104,1790750375,115260797,0.13099999725818634,0.07345234807859602,-0.40006503396499427,0.42092371084943575,-3.9285724454665862
-0.04743508650270467,-0.3960363572019783,0.37285490223783846,1790750375,165025667,0.12999999523162842,0.07182848101853948,-0.40100045773156073,0.4243481826563673,-3.9787249148976915
-0.051357032232697664,-0.3976763555360684,0.3824415716940668,1790750375,215427980,0.12999999523162842,0.07036374708573451,-0.4019538847078831,0.4278921314983336,-4.029482905101258
-0.05574078573569337,-0.39879499493270987,0.38873410903529076,1790750375,265213304,0.13199999928474426,0.06943429557969653,-0.4026360630481859,0.430452750247467,-4.06554747959986
-0.053072885640457534,-0.4000409352060805,0.3967915440178092,1790750375,315564690,0.12700000405311584,0.06864755595573382,-0.40327875458111123,0.4328838098487914,-4.099381487869745
-0.055747217568511837,-0.4004245642355028,0.3987968593098047,1790750375,365731315,0.1289999932050705,0.06836278647402895,-0.40353067253375696,0.43384050687549436,-4.1125994936572665
-0.05723808030795251,-0.40071629017615645,0.40040056241363986,1790750375,415506314,0.12999999523162842,0.06816489924977596,-0.40371305703362376,0.4345342827890888,-4.122153522676585
-0.052496404581306125,-0.40088165023130745,0.40200871599627924,1790750375,466080712,0.125,0.06813363759277956,-0.40374245986129265,0.43464625103401305,-4.123692989349365
-0.05732160166659861,-0.40076721795523923,0.40070321583979307,1790750375,515295983,0.12999999523162842,0.06813363759277957,-0.4037424598612926,0.43464625103401305,-4.123692989349365
-0.05442648916751178,-0.40083587718446617,0.40148651437740585,1790750375,565137818,0.12700000405311584,0.06813363759277956,-0.40374245986129265,0.43464625103401305,-4.123692989349365
-0.054426489167511846,-0.4008358771844661,0.4014865143774058,1790750375,615616168,0.12700000405311584,0.06813363759277949,-0.4037424598612926,0.434646251034013,-4.123692989349365
-0.05635655937349589,-0.4007901044786601,0.4009643166492297,1790750375,665162545,0.1289999932050705,0.06813363759277948,-0.40374245986129276,0.434646251034013,-4.123692989349365
-0.05442648916751178,-0.40083587718446617,0.40148651437740585,1790750375,716294865,0.12700000405311584,0.06813363759277956,-0.40374245986129265,0.43464625103401305,-4.123692989349365
-0.052496404581306166,-0.40088165023130756,0.4020087159962792,1790750375,765504461,0.125,0.06813363759277952,-0.40374245986129276,0.434646251034013,-4.123692989349365
-0.05539153146061461,-0.4008129906610455,0.40122541356796915,1790750375,816655976,0.12800000607967377,0.06813363759277956,-0.40374245986129265,0.43464625103401305,-4.123692989349365
-0.05310452347071054,-0.4007932899295243,0.40045368476661747,1790750375,865380723,0.12600000202655792,0.06827040211990701,-0.4037667723972904,0.43414769537055914,-4.117140269897381
-0.0555500878144464,-0.4006419288617093,0.3980849206484652,1790750375,915973871,0.1289999932050705,0.06843813319331266,-0.4037959345400097,0.43355281523526823,-4.109305811259126
-0.051196408524657636,-0.40047014045109547,0.39403139101113444,1790750375,965379201,0.12600000202655792,0.06900094205231494,-0.4038897310395767,0.43167317398134075,-4.0844331287511215
-0.05127056579246948,-0.4001356524229229,0.3878879071609857,1790750376,15536704,0.12800000607967377,0.069695450590705,-0.40399771377081667,0.42955694745383605,-4.056195259371669
-0.04646379770037003,-0.39980481676463836,0.3806474029003131,1790750376,65393121,0.12600000202655792,0.07080981084414607,-0.4041565905192326,0.4265163827759221,-4.015126918302714
-0.047583007555448725,-0.3992067873818449,0.3703846914635697,1790750376,115467680,0.13099999725818634,0.07212659931540119,-0.40432982906306175,0.4233409351785832,-3.971518535949788
-0.040084506415862364,-0.3989697182633592,0.36384421062579325,1790750376,165478876,0.12700000405311584,0.07358566816222803,-0.40450941454717054,0.4202126788146754,-3.92772189375306
-0.03850874136999578,-0.398449196829032,0.3544121485588625,1790750376,215456878,0.12999999523162842,0.07517887870996764,-0.4046953237907534,0.4171505713853519,-3.8839108738992665
-0.03558480292522216,-0.39797108375723317,0.3454418297426409,1790750376,265302526,0.13199999928474426,0.07690993254614008,-0.40488730558323166,0.41415209228073857,-3.8399638433597088
-0.03053361551025377,-0.3976081396372009,0.33760571313428084,1790750376,315379770,0.13199999928474426,0.07878028117665233,-0.40508781561698837,0.4112163526474266,-3.795765334111111
-0.02276804403512303,-0.39745117846788836,0.3318308077617057,1790750376,365195491,0.1289999932050705,0.0807646794376293,-0.40529375369313453,0.40838449762090967,-3.7518562468929026
-0.01707347906048705,-0.3971437764719614,0.3245106931760084,1790750376,415805861,0.1289999932050705,0.08290365450897944,-0.40551174399566353,0.4056004467190027,-3.707257640148935
-0.013357801092638955,-0.3966576826574342,0.3155361059026165,1790750376,465649195,0.13199999928474426,0.08514072239305388,-0.4057356417286574,0.4029410905511599,-3.6631098933862005
-0.0077201323019344265,-0.3963214955216258,0.3080213248827769,1790750376,515482056,0.13300000131130219,0.08749291594124375,-0.40596965006073127,0.40038142940327937,-3.6189288786153555
-0.00034821250749628163,-0.3961582196748265,0.3021773238339785,1790750376,565697097,0.13199999928474426,0.08995756122750974,-0.4062132051175283,0.397925766688374,-3.5747053469212773
0.003889619870588251,-0.39563774376148875,0.29300376999015865,1790750376,615294122,0.13600000739097595,0.09249101453485753,-0.4064643666609116,0.39561263466804897,-3.5310789186685603
0.013092175436975537,-0.3956990946191706,0.28930394272333554,1790750376,665662591,0.13300000131130219,0.09516191834200653,-0.4067296342594491,0.3933802841442019,-3.4868042412561544
0.019377172985036772,-0.3953846873809607,0.282090535422292,1790750376,715661019,0.13500000536441803,0.09790594025025243,-0.4070049704585977,0.39128395638433566,-3.442860200461072
0.02700779931540892,-0.3952715039908131,0.2768630344087545,1790750376,765141497,0.13500000536441803,0.10069119610757116,-0.4072867391229813,0.38934144393822995,-3.399638488374359
0.03598722279608442,-0.39537648405079323,0.27361546542718823,1790750376,815381306,0.13300000131130219,0.10359701463898964,-0.40758529456852216,0.3874963740181702,-3.3558022520634765
0.042694702972334145,-0.39505572495112884,0.266407475515536,1790750376,865487032,0.13600000739097595,0.10658776878590968,-0.40789674438843726,0.3857757559383447,-3.311849512839209
0.05029814918846865,-0.394855720324946,0.26032234309072644,1790750376,915751703,0.1379999965429306,0.10966188919869152,-0.4082233277389174,0.38418215291567914,-3.267713733980513
0.06008077268400219,-0.39518038596733496,0.2591681967283589,1790750376,965376988,0.13500000536441803,0.11276136625519516,-0.4085584926768046,0.3827432054083089,-3.224143918518093
0.06841946674420028,-0.3951538229060705,0.25474957417882205,1790750377,15213191,0.13600000739097595,0.11593171966600309,-0.4089093948930978,0.38143569051344595,-3.180389662644761
0.07765946358908604,-0.39537022524116605,0.2525577813688608,1790750377,65454844,0.13500000536441803,0.11917649720024648,-0.40927630524408404,0.3802603980510382,-3.13634175506961
0.08585273525475579,-0.3952135046873335,0.24696182594606855,1790750377,115546022,0.1379999965429306,0.12245656192411589,-0.40965706099022237,0.37923254303920895,-3.092437514780211
0.09520159578108109,-0.39551161000564616,0.24559852587983144,1790750377,165220835,0.13699999451637268,0.1257408258061712,-0.41004755187303055,0.3783579335351415,-3.0490084561870274
0.1047693209259278,-0.3958614784282876,0.24461126480224565,1790750377,216072345,0.13600000739097595,0.12913473957282653,-0.4104627973581081,0.3776117530344944,-3.004571120032928
0.11342318740630018,-0.3958122686020227,0.24016791390787587,1790750377,265167198,0.13899999856948853,0.13242721887303174,-0.41087641906693595,0.37703616355365654,-2.961808345293164
0.12307197611269656,-0.39624873641706626,0.24001188609063084,1790750377,315933652,0.1379999965429306,0.1358497885134484,-0.4113196847164787,0.376590043471145,-2.917613940637499
0.13256353751995556,-0.39694226900256724,0.24228099289051747,1790750377,365383878,0.13500000536441803,0.13921241593862635,-0.41176787348548277,0.37629963083271856,-2.8743743678038136
0.14188201713914975,-0.3973559005053036,0.2419789935648223,1790750377,415251406,0.13500000536441803,0.14261268036779703,-0.4122359800853626,0.3761544414356243,-2.830737170528129
0.1512541604738257,-0.3978155581233064,0.2420845822105131,1790750377,465631282,0.13500000536441803,0.14603301634756957,-0.412721714539208,0.37615750118862157,-2.7868537733155456
0.16055333322829357,-0.3982022749511182,0.24159999596771783,1790750377,515303826,0.13600000739097595,0.14939622316369375,-0.413215998756719,0.37630749020185855,-2.7436225111679606
0.17015430432472106,-0.3985293299360894,0.24055003948250528,1790750377,565392671,0.1379999965429306,0.1527922837560632,-0.41373175376538845,0.3766068129167475,-2.6998139974809887
0.17916116229730578,-0.3993396757184391,0.24384582381827755,1790750377,615226680,0.13600000739097595,0.15615479916298622,-0.41426127681163516,0.3770526370317647,-2.6561883178329486
0.1882865126359283,-0.39996845256872077,0.24555759282340336,1790750377,665218524,0.13600000739097595,0.15946951495439282,-0.41480177305653226,0.3776392162926573,-2.612861180876906
0.1970735486999182,-0.40074932095554644,0.24862441873464808,1790750377,715315007,0.13500000536441803,0.16275317224241456,-0.41535787904812665,0.3783691806276195,-2.5695254854194927
0.20593777440033717,-0.40146037288147757,0.2510966979182141,1790750377,765096765,0.13500000536441803,0.16598823920079922,-0.4159262871425044,0.3792363616071999,-2.5263433364800183
0.2154662698142813,-0.40201171415049797,0.2521162619149183,1790750377,815467947,0.13699999451637268,0.16921884629783981,-0.41651712524196977,0.3802559020136967,-2.4826259399270643
0.2226678623581273,-0.40322943205427364,0.25906660440075535,1790750377,865382540,0.13300000131130219,0.172369596940617,-0.41711657110582245,0.38140315745730924,-2.4393178567513956
0.2315171591620376,-0.40396517616891614,0.26175381634832856,1790750377,915479904,0.1340000033378601,0.1754753395685808,-0.41773306903721374,0.382690826718058,-2.3958537523129717
0.23939121266778965,-0.4049493016989484,0.26662198572337514,1790750377,965644962,0.13300000131130219,0.17853049992581413,-0.4183655976218417,0.38411656856468945,-2.3522299077695106
0.24597951788878192,-0.4061638239114365,0.27351606126438943,1790750378,15594111,0.12999999523162842,0.181505556310286,-0.41901008100101017,0.38566810412312036,-2.308775293984655
0.25535442878894093,-0.40682474373076916,0.2755847547339245,1790750378,65435212,0.13300000131130219,0.18441153672856625,-0.41966857104775784,0.3873485347110163,-2.265261112072542
0.2619790851124857,-0.40802116366732005,0.2822755688653367,1790750378,115856004,0.13099999725818634,0.18727215032856462,-0.4203491742182836,0.38917689408018674,-2.2212128355136467
0.26866264372913085,-0.4091282847686531,0.28828071477240347,1790750378,165436037,0.12999999523162842,0.18998358452670497,-0.42102639518817964,0.3910816844744901,-2.1781805484074863
0.275083723522101,-0.4102714189505322,0.2945744928885887,1790750378,215367399,0.1289999932050705,0.19262222927480233,-0.4217205120887487,0.39311391890540404,-2.134891772512264
0.2812063572377165,-0.41144497293188637,0.30112558731855166,1790750378,265481659,0.12800000607967377,0.195174462549978,-0.42242819281662036,0.39526316501097997,-2.0914826254652836
0.28765991783924255,-0.4125546477534723,0.3071560111886944,1790750378,315243713,0.12800000607967377,0.19760989919756855,-0.42314277699699043,0.3975047091214994,-2.048385633181911
0.2938257966906209,-0.4136915077837871,0.3134384520308194,1790750378,365110768,0.12800000607967377,0.199937329943399,-0.423866009545527,0.3998412117214258,-2.005406666444524
0.29899551958111237,-0.41494404213786285,0.32067715793137275,1790750378,415432735,0.12700000405311584,0.20217610982039746,-0.42460625589304396,0.40229605616228137,-1.9620755294928076
0.30457045341963546,-0.4161377185748493,0.32744550035173825,1790750378,465294994,0.12700000405311584,0.20429094713087853,-0.42535174384982233,0.4048284660884348,-1.9190061532928575
0.3099403722082713,-0.41738202292072835,0.33458241041495324,1790750378,516073522,0.12700000405311584,0.20632761286552517,-0.4261216491775473,0.4075002824612818,-1.875120842656696
0.3148027094291167,-0.41860389785072194,0.3416639763478589,1790750378,565145827,0.12700000405311584,0.20817237289004223,-0.4268710570074894,0.4101521245089228,-1.8328848304836147
0.31859811214187256,-0.4199401667815257,0.3496219680567694,1790750378,615416118,0.12600000202655792,0.20993915567806964,-0.4276471191048821,0.4129452226855035,-1.7896477009223468
0.31936199149530087,-0.42145981510045094,0.3590780731369685,1790750378,665304645,0.12200000137090683,0.21157796771408724,-0.42842959273448855,0.4158057273433968,-1.746482417251881
0.32326667409966714,-0.4227634794017513,0.36674485150497016,1790750378,715434629,0.12200000137090683,0.21309638849738638,-0.4292246281132723,0.41875217850935265,-1.7030586385687267
0.3268221747093253,-0.42408318173040965,0.3745574003494951,1790750378,765316823,0.12200000137090683,0.21447881553070072,-0.43002456593670635,0.42175559879686153,-1.6597237282834731
0.33099205816173494,-0.42538753144638025,0.38223752506660497,1790750378,815584614,0.12300000339746475,0.21573526246434646,-0.4308378238751897,0.4248422923325724,-1.6160295470677377
0.33232562848570824,-0.426495475749746,0.3889346996140856,1790750378,865293185,0.12200000137090683,0.21661727050936447,-0.4314768787478823,0.4272852126887462,-1.5819696635855391
0.33238967171980405,-0.4276054353591804,0.3956985645341787,1790750378,915671616,0.11999999731779099,0.21738626318107096,-0.43209687856160517,0.4296697629043053,-1.5491098499899079
0.33422558447076417,-0.4280689176157943,0.39841563160703264,1790750378,965482365,0.12099999934434891,0.21772851338486823,-0.43239722996334073,0.4308301034053239,-1.5332431431720337
0.33392371208201344,-0.42850356505487797,0.40107096008839116,1790750379,15139167,0.11999999731779099,0.21798750143172196,-0.4326369033568093,0.43175825274842994,-1.5206047359684425
0.33500180574517113,-0.4285385682707885,0.40123183751702735,1790750379,65610709,0.12099999934434891,0.21803114820191744,-0.43267847150977307,0.431919397152866,-1.5184149849165214
0.3330755686972502,-0.4286114692556993,0.40176580015705027,1790750379,115874574,0.11900000274181366,0.21803397217242573,-0.4326811683898249,0.4319298395173359,-1.5182730468383143
0.3340434016361379,-0.4285779579097532,0.4015164388802748,1790750379,165200595,0.11999999731779099,0.21803440471123312,-0.4326815815961115,0.4319314394784672,-1.5182512998580933
0.3330766652171173,-0.428612154589086,0.40176989584949446,1790750379,215374051,0.11900000274181366,0.21803440471123312,-0.4326815815961115,0.4319314394784672,-1.5182512998580933
0.33501014525794504,-0.42854376097563396,0.4012629800226432,1790750379,265219540,0.12099999934434891,0.21803440471123312,-0.4326815815961115,0.4319314394784672,-1.5182512998580933
0.33501014525794504,-0.42854376097563396,0.4012629800226432,1790750379,315524978,0.12099999934434891,0.21803440471123312,-0.4326815815961115,0.4319314394784672,-1.5182512998580933
0.3330766652171173,-0.428612154589086,0.40176989584949446,1790750379,365544081,0.11900000274181366,0.21803440471123312,-0.4326815815961115,0.4319314394784672,-1.5182512998580933
0.3330766652171173,-0.428612154589086,0.40176989584949446,1790750379,416968254,0.11900000274181366,0.21803440471123312,-0.4326815815961115,0.4319314394784672,-1.5182512998580933
0.3330766652171173,-0.428612154589086,0.40176989584949446,1790750379,472665677,0.11900000274181366,0.21803440471123312,-0.4326815815961115,0.4319314394784672,-1.5182512998580933
0.3340434016361379,-0.4285779579097532,0.4015164388802748,1790750379,517876061,0.11999999731779099,0.21803440471123312,-0.4326815815961115,0.4319314394784672,-1.5182512998580933
0.3347221899006533,-0.42849302477593093,0.4001802467505309,1790750379,565334570,0.12099999934434891,0.21792275385579069,-0.4327023334358455,0.4315039327012623,-1.5238989118319244
0.3334078119981096,-0.42846837196333953,0.399158414770296,1790750379,615283264,0.11999999731779099,0.2177866703047572,-0.4327271473122937,0.430995716514048,-1.530624131995043
0.33410511869637816,-0.4281985873872314,0.3943617774039366,1790750379,665880688,0.12200000137090683,0.2173118219846155,-0.4328106053532937,0.4293196873526186,-1.5528946954880014
0.331682609800516,-0.4280229424194505,0.38998001838819146,1790750379,715496091,0.12099999934434891,0.2167426752939717,-0.432904640748374,0.4274764224609705,-1.5775632114415161
0.33023763831301334,-0.42766989163344976,0.38278574547297234,1790750379,765619796,0.12200000137090683,0.21581615236169402,-0.43304607768512016,0.4247717015860719,-1.6141345475903748
0.32745888731892714,-0.42735416462100717,0.37566890304035316,1790750379,815343460,0.12200000137090683,0.21474006178981378,-0.43319878012952273,0.42197556752178805,-1.6524714555008053
0.3216290534195084,-0.4272026536257264,0.36978820403479423,1790750379,865276302,0.11900000274181366,0.2135366897706565,-0.433359907192973,0.41917575106706395,-1.6914780236557132
0.3200443136228448,-0.42680853022269877,0.361918534499584,1790750379,915635121,0.12099999934434891,0.21221077915969624,-0.43352876307067095,0.4163957513611898,-1.730912327964432
0.319041024832246,-0.4263603705622926,0.35366001915005896,1790750379,965425462,0.12399999797344208,0.21079869824971775,-0.4337011046393058,0.41370759908984933,-1.7697911705508418
0.3142333302200129,-0.4261584483123996,0.347397614371233,1790750380,15391193,0.12300000339746475,0.20927931170932332,-0.43388055851968904,0.41106883116642745,-1.8087878031718452
0.3125733905291922,-0.4257186492157476,0.3392114056337212,1790750380,65220052,0.12600000202655792,0.2076742426126728,-0.4340648381249912,0.408511552875787,-1.847452283189463
0.30645643657420196,-0.42562499116026364,0.3338763371743083,1790750380,115357738,0.12399999797344208,0.20596349295644073,-0.43425738121610175,0.4060057321695179,-1.8863147709610633
0.30256143144651104,-0.4253467126841974,0.3270235730294072,1790750380,165141467,0.125,0.20416462289951542,-0.43445644740515554,0.4035747376259021,-1.9250480810413702
0.29680720282012063,-0.4252341675246709,0.3215249499990011,1790750380,215356664,0.12399999797344208,0.20225574767323412,-0.4346655703877026,0.40119345360648173,-1.9641447956641482
0.29377130851352207,-0.42483238585089955,0.3135461447916718,1790750380,265657445,0.12700000405311584,0.2002403411423921,-0.4348845666578422,0.3988685500152507,-2.0035603067678305
0.2875330610599556,-0.42476629503210145,0.3084369749280659,1790750380,315646999,0.12600000202655792,0.19814661558474747,-0.4351115333199337,0.3966358406847649,-2.042778955544766
0.2832310844451368,-0.4244769038074067,0.3014739403755257,1790750380,365483664,0.12800000607967377,0.19599117098209745,-0.43534489771661217,0.3945066537818722,-2.081600754892157
0.27729949775078366,-0.42437763315604177,0.2961362751826083,1790750380,415382089,0.12800000607967377,0.19375578041119115,-0.43558779982217427,0.39246270464408234,-2.1204207525539567
0.2705204770093883,-0.42439437902283733,0.29178898296179545,1790750380,465421116,0.12700000405311584,0.19143607086946604,-0.43584096528043675,0.39049882744568976,-2.1593779077517246
0.2653704392536997,-0.42416599692354107,0.28531866373475606,1790750380,515561525,0.1289999932050705,0.1890373944865129,-0.43610495929779564,0.3886227086744632,-2.1984191310446604
0.2588828788672773,-0.4241461687741914,0.2807175466978104,1790750380,565361476,0.1289999932050705,0.1866045666207516,-0.4363751040424696,0.3868650712469313,-2.2369040258330304
0.25219234574388033,-0.424155148063846,0.2763486122738773,1790750380,615461959,0.1289999932050705,0.1840951137058682,-0.4366571529746695,0.3851946737960064,-2.2755685624029063
0.24727708947011745,-0.423797846099044,0.2687620492345752,1790750380,665695526,0.13300000131130219,0.18151005950928953,-0.43695130589257736,0.38361275499817876,-2.3144480369636646
0.239204124935185,-0.42406050408066637,0.26660644012030466,1790750380,715678553,0.13099999725818634,0.17887845232020047,-0.43725535299605656,0.38213872334579346,-2.3531537462731933
0.23202560582786644,-0.4241551735315993,0.2630217510473096,1790750380,765356883,0.13099999725818634,0.17621215920430017,-0.4375680970887849,0.3807755277990226,-2.391590295794984
0.22507305739597014,-0.42417787948955027,0.2587854356850985,1790750380,815267001,0.13199999928474426,0.17348413874819443,-0.4378937775130865,0.3795101532260131,-2.4302003030206114
0.21749945387939437,-0.42433620318569015,0.255704892661648,1790750380,865466670,0.13199999928474426,0.17068446421119973,-0.4382339570289594,0.37833934537234104,-2.4691748676781655
0.20980179454543485,-0.42452810064793195,0.2529167937454092,1790750380,915701719,0.13199999928474426,0.16783844457870853,-0.43858675602961794,0.377276880910068,-2.508203587293511
0.20209810257012945,-0.42475012398828066,0.25045726406687724,1790750380,965382335,0.13199999928474426,0.1649906323917236,-0.43894678638740486,0.3763361353871131,-2.546749166008804
0.19418742812855183,-0.42500957166769826,0.2482645841361385,1790750381,15830515,0.13199999928474426,0.16206582111980772,-0.43932469877179625,0.375493823347657,-2.5858804523460512
0.1867897391232382,-0.42507777945405717,0.24447473775264372,1790750381,65317361,0.1340000033378601,0.15917872937879585,-0.4397059089033491,0.3747807271171146,-2.6241300790539936
0.17870455585645345,-0.42540228951626935,0.2428901569053694,1790750381,115682447,0.1340000033378601,0.1562176217438598,-0.44010612813059197,0.3741690044733091,-2.6630349329316827
0.17057341063319484,-0.42586503162470013,0.24262361326351914,1790750381,165432397,0.13300000131130219,0.15328770410951,-0.44051147832937027,0.37367965584725765,-2.701273776321025
0.16270258617066538,-0.42592787120656117,0.23869862879751724,1790750381,216101497,0.13600000739097595,0.15029061728148124,-0.4409365595802088,0.3732968617426127,-2.740183924218005
0.1544569264911102,-0.42656882633832893,0.24004393970142102,1790750381,265549064,0.1340000033378601,0.14733800071663264,-0.44136585429864766,0.37303405119060484,-2.7783778516199567
0.14629449934262714,-0.427027889273541,0.23971531082593325,1790750381,315452349,0.1340000033378601,0.14434855433916374,-0.44181203191145274,0.3728830370926676,-2.8169613713522232
0.13816067179200606,-0.4274073960502434,0.2387055133138445,1790750381,365223780,0.13500000536441803,0.1413787768248525,-0.44226704620627993,0.37284661829524335,-2.855266140519278
0.12995070895578856,-0.4279360851660375,0.2390042572748188,1790750381,415457042,0.13500000536441803,0.13838609507525412,-0.4427384130085595,0.3729248934734679,-2.893894400322587
0.12176898234583511,-0.42849828894247943,0.23961750745626448,1790750381,465342901,0.13500000536441803,0.13540417377392688,-0.4432213196284954,0.37311775228948874,-2.932473673814344
0.11425069352687862,-0.4296415097809786,0.24547497871904247,1790750381,515584699,0.12999999523162842,0.1324090634463353,-0.44372076432516444,0.37342827861229105,-2.971369112535284
0.10531022503128594,-0.42961990458026206,0.24081049511487795,1790750381,565528568,0.13600000739097595,0.1294699095142171,-0.4442254743779322,0.3738480423972753,-3.009743243301691
0.09750031123170676,-0.43038639290876946,0.24332667636604677,1790750381,615404287,0.13500000536441803,0.12655833338699918,-0.44474090315925086,0.3743785013525164,-3.0480142319645513
0.0893039452828751,-0.43097516176754325,0.24421222989262883,1790750381,665331231,0.13600000739097595,0.1236631697567153,-0.44526950091234374,0.37502170039195926,-3.0863897632777886
0.08253839805973101,-0.43212042347880036,0.25018508372349846,1790750381,715387489,0.13199999928474426,0.12078806799007206,-0.44581158426577966,0.37577773748038634,-3.124876847782069
0.07457620229276601,-0.4327698388494144,0.2516509371379532,1790750381,765352349,0.13300000131130219,0.11796523683175562,-0.44636146568188884,0.3766375752663048,-3.1631037182184496
0.06653720265933613,-0.433465108648384,0.25347208055438203,1790750381,816056727,0.1340000033378601,0.11514056295412889,-0.44693070371878907,0.37761873581339805,-3.201860854646422
0.05994626067511833,-0.43446787437862794,0.25826408211515,1790750381,865263884,0.13199999928474426,0.11243595177586864,-0.4474947919709949,0.378676421837298,-3.239525151506049
0.052537298172901044,-0.4353241223176395,0.2615750328268781,1790750381,915915233,0.13199999928474426,0.10969668359625813,-0.44808683304550384,0.3798709232207268,-3.2783039681922665
0.044014964879763696,-0.4359078660172473,0.26245472855578966,1790750381,965371180,0.13500000536441803,0.10706426692854933,-0.44867698740341927,0.38114228686995794,-3.3162628504597533
0.037840747992486934,-0.43700796153919924,0.26806969473199327,1790750382,15483356,0.13300000131130219,0.10444871606830942,-0.4492859558489432,0.3825320457184486,-3.3547427552003124
0.0319572610834119,-0.4381270885973648,0.2738781402932917,1790750382,65379705,0.13099999725818634,0.10189145914344269,-0.44990508153873565,0.3840211659718077,-3.3932130016191175
0.02466496248864032,-0.43900303162195536,0.277411313623377,1790750382,115287388,0.13199999928474426,0.09939283951646427,-0.4505350846076591,0.3856090768166235,-3.431720915341372
0.019931050559581498,-0.4402412458874075,0.2843940145861071,1790750382,165266479,0.1289999932050705,0.09698070320873159,-0.4511692284202275,0.3872770961462739,-3.469890600930002
0.013661747534019122,-0.4412458830591314,0.2891734066553815,1790750382,215484406,0.1289999932050705,0.09462930529596601,-0.45181475169129853,0.38904107836555013,-3.508169308969197
0.00764644124751869,-0.44226427677614694,0.2941357827952029,1790750382,265190318,0.1289999932050705,0.09237362628457531,-0.45246241024942374,0.3908740918369979,-3.5460387544332668
0.0030930885793890722,-0.44347755071193035,0.3008672302135238,1790750382,315810620,0.12700000405311584,0.0901516803628433,-0.4531309374408329,0.3928270842305652,-3.584601048389135
-0.002474671127220718,-0.4445382521217932,0.3062325326301044,1790750382,365566189,0.12700000405311584,0.08804353538098629,-0.45379705113653035,0.3948312344311677,-3.622537160289684
-0.007826139706965274,-0.445619493539812,0.3117993516398243,1790750382,415265240,0.12700000405311584,0.0860169263323209,-0.454470622693641,0.3969118507133438,-3.660435794408778
-0.013780833181940691,-0.4466675584698572,0.3169918066944583,1790750382,465465843,0.12800000607967377,0.0840518213462177,-0.4551596091968544,0.39909331909721885,-3.698763854091883
-0.020327055477310896,-0.4476763520457627,0.32180837261659334,1790750382,515508666,0.12999999523162842,0.0821792668843412,-0.4558541071882516,0.4013418684340285,-3.736980165089809
-0.021835813289874564,-0.4490688650720867,0.33039160058966166,1790750382,565180874,0.12600000202655792,0.08040540580275087,-0.45655219279234055,0.40364959288659563,-3.7750097338130026
-0.027164820242756932,-0.4501915850159316,0.33625993463625503,1790750382,615677693,0.12700000405311584,0.07869486307630472,-0.4572690262922179,0.40606422033606104,-3.8136885431144614
-0.030486187641732332,-0.45141798333844185,0.3432611232518961,1790750382,665228214,0.12600000202655792,0.07711440648092406,-0.45797724237457765,0.4084921647585349,-3.8515686784959065
-0.030973670659391633,-0.45282169225610774,0.35194128319160106,1790750382,715824525,0.12200000137090683,0.07559951966021143,-0.45870612698240076,0.4110304435135665,-3.8902347334189193
-0.035434515664679964,-0.4539626590270813,0.35810862201824295,1790750382,765507992,0.12300000339746475,0.0742144305397278,-0.4594256772201555,0.4135727082746789,-3.928116844927469
-0.03967267756126859,-0.4551248521425022,0.3644777127350541,1790750382,815235562,0.12399999797344208,0.07292827058301131,-0.46015054985947845,0.4161668637909615,-3.9660176223769623
-0.04184318863352267,-0.45638444636616327,0.37183046707329354,1790750382,865252783,0.12300000339746475,0.07173872741503971,-0.4608824494546061,0.41881894598812985,-4.004077469109574
-0.043715849691045416,-0.4576475967707374,0.3792297013215129,1790750382,915322051,0.12200000137090683,0.07065234460154343,-0.4616188993445965,0.4215161675325925,-4.042165160823455
-0.04768636659489087,-0.458595690363221,0.3843833196195218,1790750382,965278438,0.12399999797344208,0.06984573153569312,-0.46222204062166267,0.42374135552376274,-4.073176898563654
-0.04857051796730165,-0.459601907102693,0.39035466235701033,1790750383,15457327,0.12300000339746475,0.06913664488946643,-0.46280443633075496,0.4259041835145453,-4.103006815430223
-0.047490245046022866,-0.4601352373291986,0.39371843635150705,1790750383,65312611,0.12099999934434891,0.0688105387830525,-0.46309276458324933,0.4269807356499119,-4.1177508468052055
-0.04816382171613018,-0.4605437027508863,0.39608777721684924,1790750383,117182527,0.12099999934434891,0.06854695714104443,-0.4633372724762696,0.42789642239506376,-4.130241658158991
-0.04631977640423868,-0.4606431662284406,0.39692106140962113,1790750383,165602749,0.11900000274181366,0.06851333363973454,-0.4633694240825135,0.4280164792118233,-4.131876316097224
-0.04922716828994053,-0.46058236209994313,0.39618230645293756,1790750383,215770693,0.12200000137090683,0.06850849460349138,-0.4633742119291382,0.42803383062489286,-4.132112744528795
-0.04826400371971516,-0.4606064489148511,0.3964502269682921,1790750383,265320205,0.12099999934434891,0.068507758190362,-0.46337494092422277,0.42803647261007005,-4.132148742675781
-0.04826400371971516,-0.4606064489148512,0.39645022696829213,1790750383,315210072,0.12099999934434891,0.06850775819036198,-0.4633749409242228,0.4280364726100701,-4.132148742675781
-0.045368837376366045,-0.4606750891816095,0.39723335667190374,1790750383,365113069,0.11800000071525574,0.06850775819036199,-0.4633749409242227,0.42803647261007016,-4.132148742675781
-0.048264003719715176,-0.4606064489148511,0.39645022696829224,1790750383,415532303,0.12099999934434891,0.06850775819036199,-0.4633749409242227,0.42803647261007016,-4.132148742675781
-0.048264003719715176,-0.4606064489148511,0.39645022696829224,1790750383,465324948,0.12099999934434891,0.06850775819036199,-0.4633749409242227,0.42803647261007016,-4.132148742675781
-0.048264003719715176,-0.4606064489148511,0.39645022696829224,1790750383,516704377,0.12099999934434891,0.06850775819036199,-0.4633749409242227,0.42803647261007016,-4.132148742675781
-0.045368837376366045,-0.46067508918160954,0.39723335667190374,1790750383,567371420,0.11800000071525574,0.06850775819036199,-0.4633749409242227,0.42803647261007016,-4.132148742675781
-0.04922906156424042,-0.4605835687691083,0.3961891830854467,1790750383,616092144,0.12200000137090683,0.068507758190362,-0.46337494092422277,0.42803647261007005,-4.132148742675781
-0.04897565289156336,-0.46053447500337946,0.3952682737030625,1790750383,665315653,0.12200000137090683,0.06860686862582566,-0.46338892171069573,0.4276751109771487,-4.12732306050985
-0.045779862914889446,-0.460547908406272,0.394981058076628,1790750383,715885703,0.11900000274181366,0.06872771100426767,-0.4634057093529206,0.42724325176288813,-4.121547734847326
-0.04275238573507811,-0.4604034773198923,0.3917802233583373,1790750383,765492651,0.11699999868869781,0.06916977948603413,-0.4634656412506509,0.4257368394652833,-4.101329901132935
-0.04806410039646164,-0.45998826779282564,0.3853944028897464,1790750383,815432167,0.12399999797344208,0.06970504218893565,-0.463534419220118,0.42404480213954343,-4.078476366677465
-0.04389873328828128,-0.4597045876018094,0.3795351856893598,1790750383,865189903,0.12200000137090683,0.07058898676763516,-0.46363923655959555,0.42150041925809345,-4.043788758215621
-0.04301419588620606,-0.4592675611404089,0.3717728680874828,1790750383,916313320,0.12399999797344208,0.07165456113688241,-0.4637571957301493,0.4187507228857187,-4.00581235429788
-0.040092472347159486,-0.4589177311365785,0.36503276753766245,1790750383,965164639,0.12399999797344208,0.07278112141225891,-0.46387568403992785,0.4161304194627322,-3.9690815411855076
-0.03772419353204143,-0.45852499757056636,0.35776108722847033,1790750384,15371658,0.125,0.0740381833885857,-0.46400211324362434,0.4134761866985029,-3.9312585001645775
-0.03504973046729541,-0.45813564854156563,0.35051686490864487,1790750384,65730113,0.12600000202655792,0.07539926150718282,-0.4641340923312861,0.4108578903773573,-3.89324814177201
-0.02870044096066067,-0.45796160462142826,0.34546695343939926,1790750384,115478608,0.12300000339746475,0.07683844320023935,-0.4642696974906425,0.4083219670039657,-3.855684855653336
-0.026385042740973835,-0.45754675787158894,0.33798753484279764,1790750384,165293391,0.125,0.07838322496403363,-0.4644119066138561,0.40582174313653707,-3.81780904436126
-0.02373469249749391,-0.45713228899795627,0.3305178740961703,1790750384,215202396,0.12700000405311584,0.0800243587455091,-0.46456059764626245,0.4033730766919274,-3.779812395280232
-0.01597521508177374,-0.45709160673117605,0.32669465641802964,1790750384,265535925,0.12300000339746475,0.08176233655806481,-0.46471625318163373,0.40097949068271493,-3.7416695179795463
-0.012863073139380898,-0.4567073164499558,0.3195611609139046,1790750384,315248911,0.125,0.08356306530768354,-0.46487658860436437,0.3986829835461896,-3.704030389413727
-0.006401716735817131,-0.4566005271132027,0.31508302878025174,1790750384,365450772,0.12300000339746475,0.08546611243192594,-0.46504560172417986,0.3964340184152755,-3.666018843455044
-0.0027681445112634345,-0.45624104840586643,0.30820588021179096,1790750384,415136682,0.125,0.08742987318422364,-0.4652203211649606,0.39427962919789233,-3.628397534686044
0.0005400154720631156,-0.45581207878205876,0.30064016444524644,1790750384,465154032,0.12800000607967377,0.08949576200448049,-0.46540489864842693,0.39217624761613734,-3.5903347648649326
0.009563110519029944,-0.45600993078137103,0.2990424918377954,1790750384,515217400,0.12300000339746475,0.09164180007925131,-0.465598124054003,0.390147684366102,-3.552198439468051
0.0127267873128903,-0.4555325254303241,0.29103836225790514,1790750384,565525957,0.12700000405311584,0.09385420422222038,-0.46579923560930414,0.3882079970066888,-3.5141872518468054
0.017457168568484713,-0.45522463072566927,0.2846943209091002,1790750384,615354628,0.1289999932050705,0.0961104678313187,-0.4660068610317226,0.38637224511886437,-3.4765969951984723
0.02366176225041698,-0.45510204829302986,0.2800910107194619,1790750384,665153429,0.1289999932050705,0.09844094138419336,-0.4662242913866986,0.3846154974369395,-3.4388652247354887
0.031215605952015293,-0.45518071391838894,0.2773273428279994,1790750384,715575302,0.12700000405311584,0.10086571757343667,-0.46645415544406194,0.38292456105263933,-3.4006311246432426
0.03774078579584593,-0.4551134232784664,0.27320581083567563,1790750384,765623818,0.12700000405311584,0.10334048694243479,-0.46669288774623685,0.3813334957346381,-3.3625615598477214
0.043893267080683675,-0.45497932482659925,0.2684823746600632,1790750384,815363276,0.12800000607967377,0.1058570202220263,-0.46694026088960044,0.3798440864892735,-3.324706163650986
0.04980649046129164,-0.45477241592680867,0.26308389394066456,1790750384,865229837,0.12999999523162842,0.10842909034699609,-0.4671981777638194,0.3784484898340057,-3.2868067463720263
0.0573601079423995,-0.45487830341422225,0.2605304705335161,1790750384,915988667,0.1289999932050705,0.11109623488157594,-0.4674713775168973,0.37712738898820547,-3.248239189809911
0.06364415548661133,-0.4547179133340463,0.25559933134770463,1790750384,965553567,0.13099999725818634,0.11374361118261136,-0.4677486219106015,0.375937373772377,-3.2106102998930317
0.0719441530961254,-0.455085380158702,0.25552619365522583,1790750385,15330090,0.12800000607967377,0.11644254604810446,-0.46803779959068414,0.37484144587364837,-3.1728262579287287
0.07798811308520989,-0.4547731831051947,0.24917404646875374,1790750385,65684239,0.13199999928474426,0.1191947170622624,-0.4683397488267211,0.3738414595901238,-3.134824745836963
0.08541812583320955,-0.4548943700286777,0.24685765679465893,1790750385,115452177,0.13199999928474426,0.12194475695556975,-0.46864893326279916,0.3729553055445943,-3.097306466605876
0.09332995539944762,-0.45515487957302536,0.24574125450623774,1790750385,165763687,0.13099999725818634,0.12478467584306832,-0.46897637784664253,0.372155518056404,-3.058973898576243
0.10113290707719051,-0.45544657069953,0.24495406311214268,1790750385,215277762,0.12999999523162842,0.12761080398184652,-0.4693108351700738,0.3714716583565222,-3.0211713884573337
0.10884774232855002,-0.45566680691422995,0.2434681172201257,1790750385,265505530,0.12999999523162842,0.13049416175345074,-0.4696613406480975,0.3708870495334846,-2.982900490996159
0.1162919886822796,-0.45569990189241255,0.2403096720690405,1790750385,315361276,0.13199999928474426,0.13337265477336854,-0.4700209752779922,0.37041408211782423,-2.944927117134595
0.124256410761687,-0.45609208640739846,0.24038699192428303,1790750385,365426514,0.13099999725818634,0.13628688397607425,-0.4703954990403418,0.37004685226253303,-2.906667818693331
0.1321539196175905,-0.4565172344420685,0.2407667713288378,1790750385,415343695,0.12999999523162842,0.1392037233398265,-0.47078126633735906,0.36978939113556586,-2.8684980442354657
0.1398989217302412,-0.45642507430585794,0.23647502020474417,1790750385,465297266,0.1340000033378601,0.1421231577870085,-0.47117888223265636,0.36964175336347804,-2.830369289243009
0.14788763747795522,-0.4569173092985366,0.23744527671250015,1790750385,515542155,0.13300000131130219,0.14505975443039273,-0.4715909575219011,0.369603089474715,-2.7920309661210276
0.1557403577809972,-0.45732700593410247,0.2377158218503587,1790750385,565172712,0.13300000131130219,0.14795283286800495,-0.4720094803454885,0.3696733140578681,-2.754227925441449
0.1633803205982637,-0.458105450543594,0.24125311682261283,1790750385,615413490,0.12999999523162842,0.15087340241054936,-0.47244522751411083,0.36985306454462813,-2.7159723074137148
0.17134448605016583,-0.4583598886251122,0.2401254398216926,1790750385,665312430,0.13199999928474426,0.15375031852948054,-0.4728882329633386,0.37013840952555127,-2.678148516816132
0.17876711098393405,-0.4590884817222057,0.2432271246221146,1790750385,715454077,0.12999999523162842,0.15662365640883108,-0.4733450678229943,0.3705315469037249,-2.6401720793135244
0.18680570441504882,-0.45940993518885487,0.24269682347962995,1790750385,765289044,0.13199999928474426,0.15947326381289867,-0.4738131965610233,0.37103030922574154,-2.602261865214633
0.19398810908803493,-0.460202052650242,0.24634527546658805,1790750385,815300958,0.12999999523162842,0.16231198833279648,-0.47429536237763165,0.37163693821814875,-2.564186356188982
0.20099616710318063,-0.46102686673111626,0.25025176527111803,1790750385,865297594,0.12800000607967377,0.1651406236131447,-0.4747926569916406,0.37235370864604517,-2.5258827698489785
0.2094378931642425,-0.461353925502337,0.2497083025066866,1790750385,915773522,0.13099999725818634,0.1679675444621355,-0.47530751878257066,0.373185048069324,-2.487166207962683
0.2164840577167449,-0.46213190050482233,0.2532040128914863,1790750385,965588563,0.12999999523162842,0.17071941606852675,-0.475827200349485,0.3741090793576951,-2.448996767373436
0.22411894039623323,-0.46272922338426903,0.255109533298909,1790750386,15339076,0.13099999725818634,0.17342794176464246,-0.47635776965633403,0.375133217069601,-2.4108838346562225
0.23090507255974801,-0.4635697037075361,0.25913357839356443,1790750386,65600779,0.12999999523162842,0.17610900863725837,-0.4769031335497233,0.3762643164065613,-2.3725549547043396
0.2383468061457048,-0.46422873418157934,0.2615925952815853,1790750386,115465450,0.13099999725818634,0.1787199340916121,-0.47745505675722305,0.3774834913943288,-2.334560888742938
0.24579138754581448,-0.4649293103253189,0.26438225391788617,1790750386,165709588,0.13199999928474426,0.18130748672980396,-0.47802412281245893,0.3788128102944504,-2.2961745521209083
0.25151704832844657,-0.46594586179344594,0.2699672181904954,1790750386,215371109,0.12999999523162842,0.18381237842326298,-0.4785978318529236,0.38022148834302794,-2.258213844831368
0.2570122758248366,-0.46698984740107263,0.2757522945479502,1790750386,265375142,0.12800000607967377,0.18627956080326885,-0.4791869768120028,0.38173396568125145,-2.219957873627393
0.263394891638821,-0.4678681110804628,0.2800878438351399,1790750386,315432898,0.12800000607967377,0.18868811253168707,-0.47978749705638124,0.3833391244557283,-2.1816550055316672
0.2702044709976741,-0.46868087088504523,0.2838625770701135,1790750386,365295958,0.1289999932050705,0.19102666079317185,-0.4803971033403685,0.38502878939014096,-2.143444978852926
0.27441607622717856,-0.46989372141470886,0.29103346576779276,1790750386,415952925,0.12600000202655792,0.19333329727692813,-0.48102694396374207,0.38683343875354637,-2.1046160556477567
0.2801977135197967,-0.4708474213481368,0.2960063295786807,1790750386,465804243,0.12600000202655792,0.1955370815719884,-0.4816583714090496,0.38869775996828465,-2.066318342056805
0.28511513285112017,-0.47191458969131284,0.3019306403673872,1790750386,515912528,0.125,0.1976776524040216,-0.48230299698221835,0.39065362502762907,-2.027808922610335
0.2904049220341306,-0.4729022531925472,0.3072258446738433,1790750386,565152776,0.125,0.19970404275146075,-0.48294542543595576,0.39265116403900446,-1.9899927234821728
0.29481516096715854,-0.47400550169265027,0.3134528869321173,1790750386,615148356,0.12399999797344208,0.20168082093216422,-0.4836066367663736,0.39475363975123834,-1.9516013784443438
0.2982047708012845,-0.4752045854885012,0.32046374141713485,1790750386,665630579,0.12200000137090683,0.2035830787530328,-0.48427984357565945,0.3969384131658816,-1.9130368615404136
0.30441098207047057,-0.47611367599149396,0.3250700010397327,1790750386,715503889,0.12399999797344208,0.20537495194875896,-0.48495260602251833,0.3991627641887186,-1.8749753984293425
0.3072556443533451,-0.4773426743399912,0.3323130659770591,1790750386,765375662,0.12200000137090683,0.2071024923450677,-0.4856426705689003,0.4014828320595625,-1.8364042499874464
0.3097882873570249,-0.47858117902619185,0.33961163032657776,1790750386,815250778,0.11999999731779099,0.20874205925561448,-0.4863424643305684,0.4038722060567379,-1.7977274894412618
0.3136969841092738,-0.47969513264134506,0.3458863386785216,1790750386,865305608,0.11999999731779099,0.21027777212497378,-0.4870453037355544,0.4063052176295755,-1.7593013306178649
0.31564298826936743,-0.48095548942498284,0.3533205682100585,1790750386,916054409,0.11800000071525574,0.21173394638929768,-0.48776365630150914,0.40882336136632796,-1.7204164782369353
0.3181071494088061,-0.48214480590442643,0.3602061907281968,1790750386,965781106,0.11699999868869781,0.21306822388545324,-0.48847679934494675,0.41135039545487173,-1.6821884268351017
0.3257640338176138,-0.4830357563804357,0.36470507256657697,1790750387,15336292,0.12200000137090683,0.2142999187146628,-0.4891940340001845,0.4139171340512929,-1.6440711389644411
0.3240767157975712,-0.4844627098118725,0.3734528306993098,1790750387,65277102,0.11699999868869781,0.2154481667017037,-0.4899273502772791,0.41656867139696796,-1.6053552086239344
0.3285860013266922,-0.48556817929667045,0.37964108293149373,1790750387,115289422,0.11900000274181366,0.2164939108445942,-0.49066808451593663,0.4192687862545393,-1.5665286582900049
0.3285592866252305,-0.486590262429415,0.3857048643777125,1790750387,165142805,0.11699999868869781,0.21723314573931013,-0.49124893619569193,0.4213950143822011,-1.5363218208527671
0.32922344553102983,-0.48753016858380194,0.3911980573599738,1790750387,215494685,0.11599999666213989,0.21787910218217668,-0.49180782831503056,0.42344922876587765,-1.5074104276751892
0.32992733853697526,-0.48795314181891675,0.3936393493652558,1790750387,265570478,0.11599999666213989,0.21816035183816695,-0.4920700351357114,0.42441581926196426,-1.4938905556981887
0.33144399139306757,-0.4882651388087712,0.3953848633908504,1790750387,316941322,0.11699999868869781,0.21838014101446065,-0.4922845503954496,0.4252078371060277,-1.4828495409523617
0.3315135889346166,-0.4883099374968313,0.39564417087038495,1790750387,365625711,0.11699999868869781,0.2184077891590706,-0.4923121947740467,0.42530997082549116,-1.4814281057302252
0.3305513034394222,-0.4883470150317433,0.3959142909602471,1790750387,415502215,0.11599999666213989,0.2184095589396241,-0.4923139726346972,0.42531652920047025,-1.4813368360902728
0.33055199827541504,-0.48834746502519083,0.39591688821776916,1790750387,465255431,0.11599999666213989,0.21840983635553354,-0.4923142513748352,0.42531755745518307,-1.4813225269317627
0.3324854877997138,-0.48827907201652343,0.3954099790856042,1790750387,515405900,0.11800000071525574,0.21840983635553354,-0.4923142513748352,0.42531755745518307,-1.4813225269317627
0.33151874303756446,-0.48831326852085716,0.3956634336516867,1790750387,565418072,0.11699999868869781,0.21840983635553354,-0.4923142513748352,0.42531755745518307,-1.4813225269317627
0.3334522325618632,-0.48824487551218976,0.3951565245195217,1790750387,616321004,0.11900000274181366,0.21840983635553354,-0.4923142513748352,0.42531755745518307,-1.4813225269317627
0.33151874303756446,-0.48831326852085716,0.3956634336516867,1790750387,668643099,0.11699999868869781,0.21840983635553354,-0.4923142513748352,0.42531755745518307,-1.4813225269317627
0.3324854877997138,-0.48827907201652343,0.3954099790856042,1790750387,715525904,0.11800000071525574,0.21840983635553354,-0.4923142513748352,0.42531755745518307,-1.4813225269317627
0.3322262760847358,-0.4882297069736734,0.3944357121527483,1790750387,765645096,0.11800000071525574,0.21830779727194474,-0.49232869673283536,0.4249279839069865,-1.486389461158808
0.3328762927680973,-0.48813605821143236,0.3930183254768451,1790750387,815264013,0.11900000274181366,0.21818424292331629,-0.4923459197730693,0.4244668774401036,-1.4923955620081932
0.3307503808818699,-0.48796896219034325,0.38923435499768394,1790750387,865358918,0.11800000071525574,0.2177263760788726,-0.4924082270762505,0.4228478557728955,-1.5135609305649242
0.33025473273604633,-0.4877000742678232,0.3842968778005407,1790750387,915968680,0.11900000274181366,0.21715612520034305,-0.4924818067725803,0.420996205591245,-1.5379302674417752
0.32596314749833655,-0.4874461234046857,0.3780237290692728,1790750387,965952657,0.11699999868869781,0.21620749046867474,-0.492594920039269,0.41822553669477947,-1.574765196810152
0.32317733346516303,-0.48710827297740594,0.3708936054795541,1790750388,15449249,0.11699999868869781,0.21510099261715412,-0.49271884689643,0.4153573626572764,-1.6134235873735059
0.31819226974855114,-0.4868792756258319,0.3644830323392218,1790750388,65538755,0.11500000208616257,0.2138407436242349,-0.4928537987906683,0.41244202053013734,-1.653350936875806
0.31921549864348714,-0.4862920786453922,0.3551823634499389,1790750388,115413665,0.11999999731779099,0.21246418949683352,-0.4929956767881832,0.409581068615461,-1.6932526773008778
0.3145298970229943,-0.48604225390271694,0.348582945524772,1790750388,165371484,0.11900000274181366,0.21096910621323883,-0.4931457471122522,0.40676974508989516,-1.7332669816557034
0.3096071550432093,-0.4858201316837374,0.34222458789115223,1790750388,215232154,0.11800000071525574,0.20936405710434067,-0.493303512646831,0.40402523913189525,-1.7732124718603308
0.3085298208285062,-0.48528799852311627,0.33322717081914927,1790750388,265638830,0.12200000137090683,0.20762747172563914,-0.4934724244068119,0.4013133768595706,-1.8136792150052878
0.302243950881515,-0.48517753831851707,0.32779991043940915,1790750388,315225728,0.11999999731779099,0.2058114038928574,-0.4936476079607194,0.3987155022215161,-1.853503890076212
0.30042489261833694,-0.4846590222224427,0.3189045120427072,1790750388,365313659,0.12399999797344208,0.20387747211026586,-0.49383415111076784,0.39617295385781026,-1.893649385541173
0.292109540036236,-0.4847567720696992,0.3151881359793204,1790750388,415512305,0.11999999731779099,0.2018381050345476,-0.49403098710168086,0.39370600855968485,-1.933867908105916
0.28816133632446095,-0.4844257364650139,0.3078824805320302,1790750388,465393429,0.12200000137090683,0.19972187788382678,-0.49423673569778453,0.3913462859765652,-1.9737059083988715
0.2845338118019899,-0.48402502309740736,0.29994671716450005,1790750388,515515046,0.125,0.1975027642162425,-0.49445401800656064,0.3890636786326304,-2.0137129629539894
0.27718544846573323,-0.48406754702444854,0.295802705165795,1790750388,565389309,0.12300000339746475,0.19520264790758682,-0.49468208539443875,0.38688043473571526,-2.0535775509485132
0.27163242681868427,-0.4838827539458732,0.2897006248526799,1790750388,615343072,0.12399999797344208,0.19281202643658601,-0.4949219587035273,0.38478732181570385,-2.0935158199838857
0.2663491562204275,-0.4836311926148522,0.2829659311565319,1790750388,665368493,0.12600000202655792,0.19031786174834342,-0.4951764311069699,0.38277550103713986,-2.133806140540232
0.2618508172277598,-0.4832128817168936,0.27475981423449963,1790750388,715445055,0.12999999523162842,0.187737786308005,-0.495443853855141,0.3808619382879996,-2.1741922144309602
0.2547876443214787,-0.48319526095726006,0.2700407534306287,1790750388,765374411,0.12999999523162842,0.18510178260787458,-0.49572261459923345,0.37906801996604544,-2.2142981577962146
0.246488402211673,-0.4834084274934659,0.2673037851954786,1790750388,815666196,0.12800000607967377,0.18237771962583257,-0.4960161291203665,0.37737134533224725,-2.254664402465554
0.2386987765156821,-0.4835640064907125,0.2641092199672467,1790750388,865400448,0.12700000405311584,0.1796175267625992,-0.4963203349877399,0.3758038171525233,-2.29461032539517
0.23237999817340416,-0.4833507825469875,0.25758397637053687,1790750388,916156526,0.12999999523162842,0.17673779472679976,-0.4966444853896686,0.374319666802215,-2.335382131665792
0.22354533434781867,-0.48378459506805904,0.25685147578340484,1790750388,965404355,0.12700000405311584,0.17387838766399044,-0.49697436655001065,0.37299029515423837,-2.3750885759779217
0.216475574470545,-0.48373814801070253,0.25183589969884634,1790750389,15214015,0.1289999932050705,0.17093309960196493,-0.4973219882214227,0.37176237932233325,-2.4152735578707354
0.2085053337078761,-0.4839370072473549,0.2489734075606686,1790750389,65392494,0.1289999932050705,0.16794396097951517,-0.497684125840205,0.37065656177559403,-2.4554325516892637
0.1996184453003957,-0.4844952765681424,0.24930841979570595,1790750389,115528082,0.12600000202655792,0.16492030622130305,-0.49805955207524544,0.3696747360353747,-2.4954970433292942
0.19208441395542322,-0.4845533776391579,0.2452150508413597,1790750389,165113499,0.12800000607967377,0.16187339625107047,-0.4984483886853772,0.3688201665675676,-2.5354014200500656
0.18398384081715152,-0.48475980432411697,0.2423590026497734,1790750389,215422126,0.1289999932050705,0.1587462186446804,-0.49885800912710837,0.36807813920153604,-2.575939611012658
0.1758450517352706,-0.4848968476229842,0.2388427803168022,1790750389,265658207,0.13099999725818634,0.15557769139997768,-0.4992853397277992,0.36746317015307156,-2.616676733397855
0.16708572996655505,-0.4855098764032771,0.23960994355110002,1790750389,315516941,0.1289999932050705,0.15240793401474542,-0.4997248499380536,0.366981428116174,-2.65715479287019
0.15865203769056302,-0.48594048298158093,0.2387665934394729,1790750389,365436926,0.1289999932050705,0.1492448514489406,-0.5001770172329009,0.3666330244776256,-2.697360408299908
0.15012327368269962,-0.48641355539135056,0.23826442143833007,1790750389,415835287,0.1289999932050705,0.14604552931103026,-0.500647792831785,0.36641182380075366,-2.7378936230037807
0.14169732652507575,-0.48658781900798576,0.23513217536697173,1790750389,465309044,0.13199999928474426,0.14289559628475387,-0.5011261911156826,0.36632363734988305,-2.777751686283118
0.1333864121486692,-0.4877960998415457,0.24128413395631043,1790750389,515312502,0.12600000202655792,0.13971132239225142,-0.5016245619324116,0.3663631875876228,-2.818048747788507
0.12476056267465938,-0.488055490356047,0.23884642263126632,1790750389,565223589,0.1289999932050705,0.13653268145354983,-0.5021387032007515,0.3665338479414145,-2.858360663325209
0.11604556407085005,-0.48858463289810744,0.23876436433443032,1790750389,615930915,0.12999999523162842,0.13331336940227972,-0.5026763238252372,0.3668395215901351,-2.8993332401692937
0.10786898222953621,-0.4893527632950964,0.24097184300932128,1790750389,665322375,0.1289999932050705,0.13019699091480452,-0.5032150083585017,0.3672663260117902,-2.939218704986294
0.0997101985931583,-0.49016630116161486,0.24352524820662005,1790750389,715449798,0.12800000607967377,0.12705640053006054,-0.5037761272924511,0.36782713648154164,-2.979694357852071
0.09096152293714518,-0.49069960670430407,0.24351448315120147,1790750389,765264133,0.12999999523162842,0.12395055464661073,-0.504351350343147,0.36851589291411013,-3.0200882633655626
0.08295578772057983,-0.49159282427199225,0.24675483235282603,1790750389,815446741,0.1289999932050705,0.12085229203331549,-0.504945660971754,0.3693376817235783,-3.060812945612698
0.07546772698092709,-0.4926232424585553,0.2512491384285683,1790750389,865357874,0.12700000405311584,0.11779401231477915,-0.5055551165703002,0.3702880112024935,-3.1015345868618858
0.06747822138166362,-0.4934862608489905,0.25418586643236646,1790750389,915416888,0.12700000405311584,0.11476776248977465,-0.5061810845514372,0.37136752789199723,-3.1424168450072107
0.0593061595842156,-0.49427738285445905,0.2565046833629835,1790750389,965221186,0.12800000607967377,0.11182844607616488,-0.5068139425188612,0.3725574543330685,-3.182797538481031
0.05249829324273513,-0.4954001568515045,0.26186321210774255,1790750390,15399424,0.12600000202655792,0.10892482186640146,-0.5074641147216867,0.3738744093099939,-3.2234268072814256
0.04506821033770839,-0.4963567007457207,0.26569919921431057,1790750390,65110471,0.12600000202655792,0.10609737394671219,-0.5081245868968975,0.37530284219852433,-3.2638257549818293
0.037142808551017426,-0.49727481851841504,0.26907178992733327,1790750390,115770083,0.12700000405311584,0.10327904118696885,-0.508811208562446,0.3768767595111458,-3.3050232946580316
0.028902657828258696,-0.4981261919511394,0.2718890128290256,1790750390,165884403,0.1289999932050705,0.10057959369656896,-0.5094994162272042,0.3785382738719635,-3.345507705344001
0.0237621710900833,-0.4994318101745999,0.2790375843014016,1790750390,215364567,0.12600000202655792,0.09798866726992515,-0.5101899654701542,0.38028327492669817,-3.385434220669635
0.017052722603843135,-0.5005203647989264,0.2840593244281167,1790750390,265208718,0.12600000202655792,0.09543565619265718,-0.5109038526318589,0.38216283819356506,-3.4259834187112275
0.011815358475035315,-0.5018058840835311,0.2909016912140701,1790750390,315391714,0.12399999797344208,0.09294432837303941,-0.5116352056390888,0.38416194093741063,-3.4668706795394457
0.004892719282485122,-0.5028775222463917,0.29571649698229524,1790750390,365317337,0.125,0.09054751284118061,-0.512376953333349,0.3862593992410665,-3.507665775234657
-0.0018891587728993159,-0.5039906892121585,0.3008815347864533,1790750390,415545640,0.12600000202655792,0.08822727935112769,-0.5131343587417052,0.3884681855847653,-3.548729777358778
-0.003975706007342289,-0.5055452735371812,0.31030884683801985,1790750390,465371521,0.12099999934434891,0.08601862520707812,-0.5138983574976282,0.39075911830400906,-3.589544595357532
-0.009407081789005858,-0.506766986029378,0.3165192999054325,1790750390,515416765,0.12099999934434891,0.08389964765903479,-0.5146758265012366,0.39315026181661605,-3.630553986243866
-0.0161847845597181,-0.5078953611102391,0.32177968550333697,1790750390,565690753,0.12300000339746475,0.08187821681317631,-0.5154669228302262,0.39563982394510055,-3.6717364668879164
-0.019434578191057733,-0.5092760137292451,0.3295684906956109,1790750390,615346133,0.12099999934434891,0.07998843821789227,-0.5162569763479526,0.398178474009953,-3.712409279622342
-0.02146547801502835,-0.5107171105974925,0.33795601712299106,1790750390,665331322,0.11800000071525574,0.07820837516945733,-0.5170567103807484,0.4007965504971286,-3.753111976376206
-0.02571626470101386,-0.5120164591601476,0.3448906773456702,1790750390,715866757,0.11800000071525574,0.0765248885768513,-0.51787215157693,0.403511984150726,-3.7942188363332088
-0.030496412904288672,-0.5132691437138082,0.35142971522650435,1790750390,765389783,0.11900000274181366,0.07498333580119518,-0.5186834292477596,0.4062540599807874,-3.8347049925170866
-0.03234758943016319,-0.5146869720034509,0.35956152519452544,1790750390,815520779,0.11699999868869781,0.07354069040995992,-0.5195119984471634,0.4090932423611303,-3.875722917070072
-0.03380791028385727,-0.516096360088943,0.36766149377545443,1790750390,865317697,0.11500000208616257,0.07222468823015579,-0.5203426142023716,0.4119791861588323,-3.9166067479606137
-0.03773079386994142,-0.5174148026644396,0.3747605730693213,1790750390,915515564,0.11599999666213989,0.07102255962981914,-0.5211856002718387,0.4149412700963344,-3.957845056423348
-0.03886705766235779,-0.5184926995258959,0.38089855193966554,1790750390,965459743,0.11500000208616257,0.07018684353588384,-0.5218368174864866,0.4172449958967737,-3.9894806831030025
-0.04064663833614465,-0.5194833595480807,0.38641202349785586,1790750391,15138668,0.11500000208616257,0.06946911567478642,-0.5224529612826248,0.4194378113606716,-4.019284329041722
-0.04142746851108019,-0.5199526733417117,0.38903229377844617,1790750391,65309822,0.11500000208616257,0.06915398212491954,-0.522744524102463,0.42047985051001197,-4.0333525546850995
-0.04200770416937315,-0.5203179490666316,0.3910751746089705,1790750391,115593180,0.11500000208616257,0.06891970362104609,-0.5229713195896852,0.42129222783364517,-4.044281241344363
-0.043059795237725254,-0.5203512073162468,0.3911283328644455,1790750391,165538293,0.11599999666213989,0.06888454410947725,-0.5230061699635746,0.4214171969414644,-4.04595947265625
-0.0401646842528991,-0.5204198701139322,0.39191166522067405,1790750391,215877855,0.11299999803304672,0.06888454410947734,-0.523006169963575,0.4214171969414645,-4.04595947265625
-0.041129723644537514,-0.5203969824578617,0.39165055378678865,1790750391,265334408,0.11400000005960464,0.06888454410947734,-0.5230061699635747,0.4214171969414645,-4.04595947265625
-0.04209476303617597,-0.5203740948017913,0.3913894423529031,1790750391,315656128,0.11500000208616257,0.06888454410947731,-0.5230061699635747,0.42141719694146446,-4.04595947265625
-0.04112972364453757,-0.5203969824578621,0.39165055378678876,1790750391,365426175,0.11400000005960464,0.06888454410947728,-0.5230061699635752,0.4214171969414646,-4.04595947265625
-0.041129723644537514,-0.5203969824578617,0.39165055378678865,1790750391,415390696,0.11400000005960464,0.06888454410947734,-0.5230061699635747,0.4214171969414645,-4.04595947265625
-0.042094763036175986,-0.5203740948017912,0.391389442352903,1790750391,469380714,0.11500000208616257,0.06888454410947734,-0.5230061699635746,0.42141719694146434,-4.04595947265625
-0.04112972364453754,-0.5203969824578618,0.39165055378678854,1790750391,516147516,0.11400000005960464,0.06888454410947731,-0.5230061699635749,0.4214171969414644,-4.04595947265625
-0.03884519381917283,-0.5203757737893964,0.39089114441243933,1790750391,566292030,0.1120000034570694,0.06903036573380644,-0.5230239426243373,0.42088867143279274,-4.038789672255097
-0.04035470151733786,-0.5202511435600075,0.38889087622854335,1790750391,615279716,0.11400000005960464,0.06920001449634663,-0.5230442032270209,0.4202909244840367,-4.0306647868692265
-0.03985473839245028,-0.5199720607409573,0.3837947831577232,1790750391,665109505,0.11500000208616257,0.0697911901143791,-0.5231123078835175,0.4183333078739918,-4.003928787434331
-0.03707851884506369,-0.5197148099893171,0.3786355022732995,1790750391,715821987,0.11400000005960464,0.07053192912475344,-0.5231924936518925,0.41610411870983477,-3.9732249238629653
-0.035147629540610514,-0.5192847711350617,0.37063069869508214,1790750391,765095094,0.11500000208616257,0.07169298194852165,-0.5233087427703518,0.41298505937641095,-3.929736467335893
-0.03164736052441661,-0.5188633412555775,0.3624107335056993,1790750391,815984459,0.11500000208616257,0.0731052601523412,-0.5234411770055103,0.40964348020769964,-3.8823483957265394
-0.029554882007403277,-0.518370554777655,0.35346063179456344,1790750391,865887747,0.11699999868869781,0.07466746522858664,-0.5235812000201472,0.4063714171405865,-3.834991660615458
-0.024376608028684965,-0.518023271500224,0.34596956553059427,1790750391,915901677,0.11599999666213989,0.07638633065504433,-0.5237298452213577,0.40315579140536895,-3.787379107774107
-0.02225588865850442,-0.5174923515957164,0.3366352668966329,1790750391,965653594,0.11900000274181366,0.0782528253739866,-0.5238881601035417,0.4000236939919461,-3.739752823598711
-0.013903560610400115,-0.5173655099376532,0.3313037548174637,1790750392,15269777,0.11500000208616257,0.08025686757640588,-0.5240556500046272,0.39698523066399916,-3.6922104462025276
-0.012515029158633117,-0.5167355063273178,0.3210026891221799,1790750392,65388745,0.11999999731779099,0.08241052188399799,-0.5242351866547587,0.3940293548718147,-3.6444254137978223
-0.005158724574866033,-0.5165564952500706,0.315096608284708,1790750392,115638398,0.11800000071525574,0.08470117191008057,-0.5244260787553374,0.39117070918618874,-3.5965616351474026
0.0009107327904237378,-0.5162840775650008,0.3082861694784226,1790750392,165291637,0.11800000071525574,0.08710953154427739,-0.524628629487532,0.3884368757473331,-3.5489418198880998
0.005970872697212068,-0.5158899638130963,0.30026288513289,1790750392,215460095,0.11999999731779099,0.089670124364629,-0.5248460900394284,0.38578611256031026,-3.5007651120801553
0.01276479931625997,-0.5156726926485524,0.2939427703502616,1790750392,265312170,0.11999999731779099,0.09233841523197653,-0.5250766430977756,0.38327140362267,-3.452821490725154
0.01801553595639402,-0.5152426264037092,0.28558006326368185,1790750392,315498508,0.12300000339746475,0.095138598064095,-0.5253227272637937,0.38086608371557484,-3.4045433112963206
0.0248483550102446,-0.5150025524655746,0.2790681634433399,1790750392,365352000,0.12399999797344208,0.09801010857153034,-0.5255809749876388,0.37862445048838805,-3.356884104227786
0.03202960310602476,-0.5147932424820979,0.27284184196662564,1790750392,415359382,0.125,0.10098594841772188,-0.5258545438920397,0.37651281211918286,-3.3091319665059142
0.04059876876708747,-0.5148013099546284,0.26861598737708237,1790750392,465388894,0.12399999797344208,0.10407200322566798,-0.5261460594173555,0.3745331468197698,-3.261134059332735
0.04836912443981113,-0.5146673663972086,0.2630634145405981,1790750392,515357795,0.125,0.10724344234845092,-0.5264535022724114,0.3726987267895432,-3.213152707721296
0.05700971237587238,-0.514669189841194,0.2586874891960451,1790750392,565737051,0.125,0.11055279319590683,-0.5267842453771884,0.3709878183391916,-3.1643450459746387
0.0657749458758481,-0.5147152773192973,0.25475534595597843,1790750392,615627386,0.125,0.11390908601972373,-0.5271296186086505,0.36944618553334485,-3.115932701405319
0.07461448025748744,-0.5148069931132713,0.2512785094659754,1790750392,665283681,0.125,0.11729452425841928,-0.5274895596154118,0.3680799065081226,-3.068061203836287
0.08346922350422617,-0.5148432405097225,0.24721526369975896,1790750392,715879199,0.12600000202655792,0.12079846112538968,-0.5278739720312563,0.3668510800982315,-3.019341097120387
0.0920951350105426,-0.514815802012268,0.24265640686971143,1790750392,765210352,0.12800000607967377,0.12427743405617911,-0.5282690858248617,0.36581204149189,-2.9716824055036466
0.10242372012986822,-0.5154732899968011,0.2442784182784648,1790750392,815448052,0.12399999797344208,0.1278648624066166,-0.5286902824784523,0.3649186225505393,-2.923119527297064
0.11127299766369547,-0.5154342531024309,0.2395664250248684,1790750392,865332729,0.12700000405311584,0.1314542187439603,-0.5291273195669866,0.3642027731581404,-2.8750213476981266
0.12083402882276482,-0.5157647795437527,0.23821313586225687,1790750392,915372102,0.12700000405311584,0.1350793176811293,-0.5295844589829496,0.3636527198659956,-2.8267969763779695
0.13059771895106898,-0.5161530489217807,0.23729998527210427,1790750392,965750600,0.12700000405311584,0.1387820026942911,-0.5300695029297198,0.3632696277934149,-2.777814126946407
0.14033376926228827,-0.5168086579940439,0.23884067537217807,1790750393,15578776,0.125,0.1424605294815465,-0.5305696456418972,0.36306270284687925,-2.7292865099718666
0.14994187642400286,-0.5171848002791403,0.23785777331907157,1790750393,65242135,0.12600000202655792,0.1461286081669618,-0.5310884317813389,0.36303024843618154,-2.680947566494821
0.15973130058198087,-0.5176168147861829,0.23733562803448838,1790750393,115432917,0.12700000405311584,0.14982881490767838,-0.5316324690295323,0.3631708506197906,-2.632100341149465
0.1694098796139748,-0.5182096848452573,0.23826521815471324,1790750393,165123351,0.12700000405311584,0.1534992378686159,-0.5321949030794069,0.3634860877399605,-2.583477187726516
0.1791338877317736,-0.5188608310758975,0.2396670478999992,1790750393,215303679,0.12700000405311584,0.1571861169049272,-0.5327834639993289,0.3639789808658374,-2.5343253833589006
0.18802821239190784,-0.5198854571885245,0.24442148212053338,1790750393,265163800,0.12399999797344208,0.16080892330890864,-0.5333873847392187,0.3646413130622111,-2.4856343161928827
0.19827998475680228,-0.5203191332244022,0.2438455208307938,1790750393,315811309,0.12700000405311584,0.16444628058337582,-0.5340204833839157,0.36548660967499524,-2.4362017493090318
0.20659882396791784,-0.5214338792550538,0.24940133573607426,1790750393,365272916,0.12399999797344208,0.16795574828444346,-0.5346596381269256,0.3664816137567469,-2.3878873052017804
0.21573509286774895,-0.5222884941096014,0.2525666198912526,1790750393,415612663,0.12399999797344208,0.17147145936237393,-0.5353295746447833,0.36766075729533754,-2.338708259152876
0.22502600095510206,-0.5230820120581458,0.2552206587192748,1790750393,465595405,0.125,0.17489314612689985,-0.536013512253324,0.36899443939600407,-2.28997491737052
0.23334526759331317,-0.5241315817481947,0.260117630269831,1790750393,515682306,0.12399999797344208,0.17824883871271519,-0.5367172935356469,0.37048965064103756,-2.2411571356507936
0.2423280485034266,-0.5250242453176129,0.26363479784707,1790750393,565361111,0.125,0.1815191789256225,-0.5374386937940616,0.3721390044461471,-2.1924589242881094
0.2501443192244967,-0.5261649358480124,0.26930156547068507,1790750393,615169435,0.12399999797344208,0.18471428060351444,-0.5381806806110718,0.3739463523511571,-2.143583705904105
0.2583029027257372,-0.527266336062313,0.2745560854573066,1790750393,665209085,0.12399999797344208,0.18785480045114153,-0.5389508012992825,0.37592934453211285,-2.0941045605809214
0.26743598061258306,-0.5282340562773011,0.2786382979956551,1790750393,715359867,0.12600000202655792,0.1909020881371097,-0.5397414057188876,0.3780673919373908,-2.044442989131597
0.2732056580287904,-0.5297003046374739,0.28701115243905584,1790750393,765671483,0.12300000339746475,0.1938392198768132,-0.5405501253146541,0.38035059063169635,-1.9947850434589962
0.28041466096695983,-0.5309209948221606,0.293303711611309,1790750393,815470307,0.12300000339746475,0.19662750148976518,-0.5413664368050157,0.3827442252743147,-1.9456625899702231
0.28592541606660965,-0.5323544617866179,0.3013685952118753,1790750393,865523791,0.12099999934434891,0.1993135358218185,-0.5422053123883793,0.38528726288609527,-1.896192233808459
0.2917383905370698,-0.5337384850614124,0.30898295448965774,1790750393,915733194,0.11999999731779099,0.2018771985906364,-0.5430624163972586,0.38796415378848154,-1.8465495919113877
0.297091915861637,-0.5351418635962825,0.31677365941777363,1790750393,965438748,0.11900000274181366,0.2042865589314532,-0.5439281485209846,0.39073964872931327,-1.7973032858796196
0.30366406761386305,-0.5364359327496525,0.3236279200056221,1790750394,15277637,0.11999999731779099,0.20656124541931042,-0.5448103282152327,0.39363442526555503,-1.7479068831026985
0.30823903005513853,-0.5379007016122315,0.3319038321966178,1790750394,65267472,0.11900000274181366,0.20868734582526127,-0.545705009236041,0.3966306087428001,-1.69859405239785
0.31411253453072996,-0.5392679884904951,0.3393583490666338,1790750394,115410762,0.11999999731779099,0.21066564151602182,-0.5466140140562548,0.3997303259289213,-1.6491730601718106
0.3152032258447787,-0.5409551912737983,0.3494196606808354,1790750394,165285614,0.11599999666213989,0.21248612574163844,-0.5475342099545385,0.4029165118518754,-1.5998376903431715
0.3202873275699975,-0.5423858110665633,0.35733792326915836,1790750394,215608683,0.11699999868869781,0.2141608562455836,-0.5484742376035067,0.40621637291404666,-1.5500268116141673
0.3212073522847043,-0.5440042919835418,0.36683560980069835,1790750394,265323682,0.11400000005960464,0.21563577363930986,-0.5494018725980006,0.409514737245148,-1.5013509866007753
0.3235110396371434,-0.5455342919527607,0.3755955836888806,1790750394,315283303,0.11299999803304672,0.21695002968295307,-0.550340783057129,0.412886981574655,-1.4525359568893044
0.33023269399880273,-0.5463543453683812,0.37986179632525197,1790750394,365481048,0.11800000071525574,0.21774502174267835,-0.5509821614423277,0.4152045052987421,-1.4194577646377424
0.3280269953719529,-0.5474373686279965,0.38633423346040413,1790750394,415203194,0.11400000005960464,0.21839469603066722,-0.5515634171925837,0.4173138183184242,-1.3896389002636198
0.32858257874466634,-0.5477820267544847,0.3882993530708997,1790750394,465307354,0.11400000005960464,0.2186191091707471,-0.5517793974979935,0.41809962823732283,-1.3785928940726226
0.3299055420921712,-0.547976733532762,0.3893512157028322,1790750394,515718082,0.11500000208616257,0.21876306610938903,-0.5519228206083342,0.4186220016339629,-1.3712676432113298
0.3280280898817053,-0.5480816562004314,0.39006694017880794,1790750394,565967698,0.11299999803304672,0.2187855771524799,-0.5519456181666528,0.418705074999309,-1.3701039552688599
0.3309283323076434,-0.5479790731844729,0.38930663604874804,1790750394,615646955,0.11599999666213989,0.2187855771524799,-0.5519456181666528,0.418705074999309,-1.3701039552688599
0.3299615896342195,-0.5480132673532805,0.3895600694999436,1790750394,665431547,0.11500000208616257,0.2187855771524799,-0.5519456181666528,0.418705074999309,-1.3701039552688599
0.3299615896342195,-0.5480132673532805,0.3895600694999436,1790750394,715284630,0.11500000208616257,0.2187855771524799,-0.5519456181666528,0.418705074999309,-1.3701039552688599
0.3289948397579623,-0.5480474617768557,0.38981350483937577,1790750394,765459374,0.11400000005960464,0.21878557715247982,-0.5519456181666526,0.418705074999309,-1.3701039552688599
0.3280280898817053,-0.5480816562004314,0.39006694017880794,1790750394,815661998,0.11299999803304672,0.2187855771524799,-0.5519456181666528,0.418705074999309,-1.3701039552688599
0.3280280898817053,-0.5480816562004314,0.39006694017880794,1790750394,871127614,0.11299999803304672,0.2187855771524799,-0.5519456181666528,0.418705074999309,-1.3701039552688599
0.3270613472082814,-0.548115850369239,0.39032037363000355,1790750394,916861311,0.1120000034570694,0.2187855771524799,-0.5519456181666528,0.418705074999309,-1.3701039552688599
0.3276311151911254,-0.5480095674538029,0.38858330972465027,1790750394,966197897,0.11299999803304672,0.21862517804196388,-0.5519690669153665,0.41809648620085305,-1.3779996154376246
0.3271633577726214,-0.547927839374903,0.38689385015137734,1790750395,15328936,0.11299999803304672,0.21843610424050383,-0.5519960618646285,0.4174034135800021,-1.3870114444404733
0.32649498168531377,-0.5476287403167744,0.3811529694091872,1790750395,65367835,0.11400000005960464,0.21777996810718034,-0.552085811049728,0.4151703231683726,-1.4162031124885863
0.32540052229258415,-0.5472973577206327,0.3747047807187509,1790750395,115401244,0.11500000208616257,0.216959199314904,-0.5521906429398401,0.4126723420103501,-1.4491718491969063
0.32202573930966216,-0.5468848415754552,0.36582157004441795,1790750395,165458375,0.11500000208616257,0.21560516233843577,-0.5523499963734316,0.4090626773378584,-1.4975005271178186
0.31793424574416296,-0.5464685443971596,0.3565142346710799,1790750395,215755703,0.11500000208616257,0.21396172505625077,-0.5525305750907592,0.4052786397785856,-1.5491939554033862
0.3116203042320561,-0.5461990419171701,0.34842013497749313,1790750395,265297347,0.11299999803304672,0.21213168592247023,-0.5527226944677592,0.4016033686110104,-1.6006231668180586
0.3108461870382176,-0.5455368526562963,0.3370191080117488,1790750395,315453822,0.11800000071525574,0.21008163356990897,-0.5529306096415026,0.39797677603453685,-1.6527833101204725
0.30270816260896366,-0.5454010051997187,0.3299212607902486,1790750395,365106829,0.11500000208616257,0.2078393271614801,-0.5531542295274824,0.3944564608997939,-1.7050712878026035
0.29817968404194106,-0.5449668423646677,0.32026022226985634,1790750395,415309193,0.11699999868869781,0.20537932952652732,-0.5533965724364059,0.39101355113773684,-1.758067486110495
0.2931161884602926,-0.5445588425461332,0.31082938593248455,1790750395,465403028,0.11900000274181366,0.20275935090934244,-0.5536548500787533,0.3877313053318688,-1.8107015721779063
0.28674722910492084,-0.5442577394697902,0.30227695731227383,1790750395,515610689,0.11999999731779099,0.19996402659605703,-0.5539310858506087,0.3845879619736925,-1.8634093324588916
0.279917196959609,-0.5439967828902873,0.29406497294185757,1790750395,565715885,0.12099999934434891,0.19701779953794687,-0.554225855622266,0.3816095662615004,-1.9159429813345978
0.2720183431171574,-0.5438655677332087,0.2869906325145787,1790750395,615544264,0.12099999934434891,0.19393570376802866,-0.5545380263075231,0.378806752567573,-1.9681744109194825
0.2637574525254786,-0.5437857588890368,0.2803466819354652,1790750395,665335300,0.12099999934434891,0.1907131633232731,-0.5548709992553624,0.3761728219093668,-2.0203988743899894
0.2573548611133375,-0.5433787064656969,0.2708290955576329,1790750395,715350283,0.125,0.1873405255770461,-0.555226222269471,0.3737010022605366,-2.072864128213579
0.2481708345047136,-0.5433950672703609,0.2649331357775545,1790750395,765221412,0.125,0.1838284485097691,-0.5556057326597774,0.37140358714893396,-2.12556892192478
0.23812710595674183,-0.5435701182231667,0.2603659726013773,1790750395,815485536,0.12399999797344208,0.1801653235197097,-0.5560113670920263,0.36927715935792166,-2.1787629371792145
0.22881789227413124,-0.5436048977959013,0.25460432772630426,1790750395,865422657,0.125,0.17642647479007434,-0.5564379824532293,0.3673671376956781,-2.2315440410973144
0.21798626404214141,-0.5440114083196979,0.25206918258764655,1790750395,915711429,0.12300000339746475,0.17256559037312685,-0.5568911821219383,0.3656476782020556,-2.284684517306091
0.2074815581979098,-0.5443819439527572,0.24922624958378428,1790750395,965408844,0.12200000137090683,0.168631115268827,-0.5573686211670563,0.3641435660928594,-2.3377019342012746
0.1976315407896449,-0.544496311400909,0.24407645381062218,1790750396,15309556,0.12399999797344208,0.16459959738833702,-0.5578735132258597,0.3628448868384304,-2.391026781432434
0.18654014045305725,-0.5451085681020282,0.24332120456921558,1790750396,65505568,0.12200000137090683,0.1605007419070083,-0.558405661669532,0.36176586405421873,-2.4444502862784954
0.1767545204563543,-0.5450162956863256,0.2363369930033806,1790750396,115277233,0.12700000405311584,0.15638974533592842,-0.5589579843669995,0.36091590887808667,-2.497382157154539
0.16532037756464957,-0.5458755593332405,0.23773985211754223,1790750396,165631117,0.12399999797344208,0.15217990724354014,-0.5595456842587124,0.3602814990041239,-2.5511277997118547
0.15438365330141401,-0.5464676316035671,0.23680256883747403,1790750396,215579144,0.12399999797344208,0.1479753609612611,-0.5601547456964635,0.35987813990868545,-2.604476512439041
0.14340723541063102,-0.5471281545309638,0.23645997581573308,1790750396,265715776,0.12399999797344208,0.14375655544038526,-0.5607912551454913,0.35970443676440106,-2.657875010903306
0.13241842872854165,-0.5478554355245938,0.23671149881032139,1790750396,315937779,0.12399999797344208,0.13953199222135398,-0.5614541861863857,0.35975811880569464,-2.711337965161554
0.12152642770709145,-0.5486457923247838,0.2375537929391518,1790750396,365671249,0.12399999797344208,0.13534568920272344,-0.5621399980979344,0.36004025716961624,-2.7645027267196434
0.1112097506834771,-0.5498223466065603,0.24191936510141726,1790750396,415301976,0.12099999934434891,0.13118913525733952,-0.5628498671448952,0.36054528023805765,-2.81759483639683
0.10028402185576882,-0.5506446398519957,0.24295777127206933,1790750396,465261856,0.12200000137090683,0.1270118734559786,-0.5635965959537352,0.36128726512916753,-2.871462571384385
0.0893077213633818,-0.5515413472919205,0.24462367070373053,1790750396,515498674,0.12300000339746475,0.12285578550216548,-0.5643739248599939,0.36226232583577367,-2.9257089755295977
0.07846445821754044,-0.5525005990896019,0.2468853667606228,1790750396,565386682,0.12399999797344208,0.11879313784067534,-0.5651720206051523,0.36345737100711173,-2.979593549628273
0.06881549601130654,-0.553829067878667,0.2525280285298111,1790750396,615415544,0.12200000137090683,0.11479402510102545,-0.5659966654306267,0.3648753683606264,-3.033633117514686
0.057868831190808066,-0.5548243324320008,0.25506387553017024,1790750396,665485999,0.12399999797344208,0.11087666231138761,-0.5668482127349805,0.3665160878893934,-3.0877958142769177
0.047970553817220034,-0.5560743261957662,0.2599757099518204,1790750396,715377804,0.12399999797344208,0.10707158839838302,-0.5677199777314117,0.36836134557370587,-3.1417794074476406
0.03934349838141066,-0.5575746865999267,0.26715973724477887,1790750396,765783235,0.12200000137090683,0.10335290355153808,-0.5686220457488783,0.37043002454999463,-3.1961695138644726
0.03140739343975242,-0.559088682634333,0.274623253045975,1790750396,815202266,0.11999999731779099,0.09982887609843374,-0.5695271745673648,0.3726515038373751,-3.249469095586681
0.021342108181436587,-0.560338673864383,0.27944579521792123,1790750396,865379120,0.12200000137090683,0.09636479634190388,-0.5704739951916561,0.37511643782719545,-3.3039307170989853
0.014793556144504394,-0.5620458317900087,0.28860878669136825,1790750396,915344148,0.11900000274181366,0.09305636152363951,-0.5714378893349374,0.37775879062749845,-3.3582264623011744
0.00817080073216625,-0.5637069074464359,0.29731999078514415,1790750396,965427631,0.11699999868869781,0.08989631311963332,-0.572425041475458,0.38059024031769484,-3.4126957104103406
-8.825872853285288e-05,-0.5651853556072322,0.3042887058146664,1790750397,15519521,0.11800000071525574,0.0869010890930674,-0.5734305177619498,0.3835911070104399,-3.4671820280292103
-0.00572820461149863,-0.5669296178968177,0.313726464690093,1790750397,65640059,0.11599999666213989,0.08405467933483206,-0.5744652275608305,0.38678977670705417,-3.522259417723682
-0.011565026434743025,-0.5686341639591,0.3227917344846652,1790750397,115689412,0.11500000208616257,0.08139511442886833,-0.5755164121558045,0.3901419189698906,-3.5773591894820878
-0.016804457821100405,-0.570355393180254,0.33206724977550295,1790750397,165739699,0.11400000005960464,0.07895056092042005,-0.576576641356656,0.39361619347503796,-3.6321036906447355
-0.020589778004270476,-0.5721396818005798,0.34202044893675027,1790750397,215615772,0.1120000034570694,0.0767173488014247,-0.5776452469704041,0.3972020817448209,-3.6865960872611403
-0.024643544873514237,-0.5738848883420463,0.3516133069827313,1790750397,265106877,0.11100000143051147,0.07469576674033705,-0.5787241375570394,0.40090106563226713,-3.7410107772722005
-0.028176888976460188,-0.5756637382838687,0.3614712422796766,1790750397,315109350,0.10999999940395355,0.07286656554108488,-0.5798259950867098,0.40474820828167113,-3.7960514033528794
-0.03243675280046607,-0.577117080177817,0.36926345319218523,1790750397,365492224,0.11100000143051147,0.07149271217591702,-0.5807664155420188,0.4080751650675444,-3.8425998602469456
-0.033342842808799386,-0.578603677262411,0.37779393062442873,1790750397,415188905,0.10899999737739563,0.07033692822769116,-0.5816658662268525,0.41129210228855395,-3.886841583073395
-0.03276095744437138,-0.5794165067403105,0.38258604961943254,1790750397,465448557,0.10700000077486038,0.06978126209614335,-0.582147106237087,0.4130267658382274,-3.9104299100730393
-0.03569375287072181,-0.5799911310012814,0.3854970829899451,1790750397,515302194,0.10899999737739563,0.06935798675110214,-0.5825418978460712,0.4144561060950895,-3.929741837223788
-0.034921063378762454,-0.5801376961503115,0.3864473084424371,1790750397,567380679,0.1080000028014183,0.06927793818821805,-0.5826198488017197,0.4147387841156124,-3.933548742658782
-0.035923849652879467,-0.5801394104675659,0.386322723977605,1790750397,615721309,0.10899999737739563,0.06926211575059954,-0.5826354371780215,0.4147952012332121,-3.934308044959507
-0.0339995489035671,-0.5801889450091577,0.3868658509722655,1790750397,665251008,0.10700000077486038,0.06925970999798603,-0.5826378112738331,0.41480379418467606,-3.9344236850738525
-0.03689466696807672,-0.5801202852392171,0.3860825445168453,1790750397,715490269,0.10999999940395355,0.06925970999798597,-0.5826378112738332,0.41480379418467606,-3.9344236850738525
-0.03689466696807672,-0.5801202852392171,0.3860825445168453,1790750397,765443352,0.10999999940395355,0.06925970999798597,-0.5826378112738332,0.41480379418467606,-3.9344236850738525
-0.03496459065510593,-0.5801660583623381,0.38660474817200424,1790750397,815335592,0.1080000028014183,0.06925970999798597,-0.5826378112738332,0.41480379418467606,-3.9344236850738525
-0.03689466696807672,-0.5801202852392171,0.3860825445168453,1790750397,865585520,0.10999999940395355,0.06925970999798597,-0.5826378112738332,0.41480379418467606,-3.9344236850738525
-0.03496459065510593,-0.5801660583623381,0.38660474817200424,1790750397,915922839,0.1080000028014183,0.06925970999798597,-0.5826378112738332,0.41480379418467606,-3.9344236850738525
-0.03592962521653793,-0.5801431718860368,0.3863436473171065,1790750397,967523346,0.10899999737739563,0.06925970999798597,-0.5826378112738332,0.41480379418467606,-3.9344236850738525
-0.033999548903567156,-0.5801889450091579,0.3868658509722655,1790750398,16030571,0.10700000077486038,0.06925970999798597,-0.5826378112738332,0.41480379418467606,-3.9344236850738525
-0.03303450715202837,-0.5802118316559776,0.3871269537725267,1790750398,65468833,0.10599999874830246,0.06925970999798597,-0.5826378112738332,0.41480379418467606,-3.9344236850738525
-0.03592962521653793,-0.5801431718860368,0.3863436473171065,1790750398,115289376,0.10899999737739563,0.06925970999798597,-0.5826378112738332,0.41480379418467606,-3.9344236850738525
-0.033999548903567156,-0.5801889450091579,0.3868658509722655,1790750398,165761788,0.10700000077486038,0.06925970999798597,-0.5826378112738332,0.41480379418467606,-3.9344236850738525
-0.03206946540048959,-0.5802347183027973,0.38738805657278796,1790750398,215766464,0.10499999672174454,0.06925970999798597,-0.5826378112738332,0.41480379418467606,-3.9344236850738525
-0.03496459065510593,-0.5801660583623381,0.38660474817200424,1790750398,265782547,0.1080000028014183,0.06925970999798597,-0.5826378112738332,0.41480379418467606,-3.9344236850738525
-0.03303450715202837,-0.5802118316559776,0.3871269537725267,1790750398,317176663,0.10599999874830246,0.06925970999798597,-0.5826378112738332,0.41480379418467606,-3.9344236850738525
-0.0339995489035671,-0.5801889450091577,0.3868658509722655,1790750398,365194141,0.10700000077486038,0.06925970999798603,-0.5826378112738331,0.41480379418467606,-3.9344236850738525
-0.03689466696807672,-0.5801202852392171,0.3860825445168453,1790750398,415334725,0.10999999940395355,0.06925970999798597,-0.5826378112738332,0.41480379418467606,-3.9344236850738525
-0.0378597087196155,-0.5800973985923974,0.38582144171658406,1790750398,466510904,0.11100000143051147,0.06925970999798597,-0.5826378112738332,0.41480379418467606,-3.9344236850738525
-0.03303450715202837,-0.5802118316559776,0.3871269537725267,1790750398,519387341,0.10599999874830246,0.06925970999798597,-0.5826378112738332,0.41480379418467606,-3.9344236850738525
-0.03496459065510593,-0.5801660583623381,0.38660474817200424,1790750398,569311747,0.1080000028014183,0.06925970999798597,-0.5826378112738332,0.41480379418467606,-3.9344236850738525
-0.03496459065510593,-0.5801660583623381,0.38660474817200424,1790750398,615936859,0.1080000028014183,0.06925970999798597,-0.5826378112738332,0.41480379418467606,-3.9344236850738525
-0.03592962521653793,-0.5801431718860368,0.3863436473171065,1790750398,668301856,0.10899999737739563,0.06925970999798597,-0.5826378112738332,0.41480379418467606,-3.9344236850738525
-0.03303450715202837,-0.5802118316559776,0.3871269537725267,1790750398,717129898,0.10599999874830246,0.06925970999798597,-0.5826378112738332,0.41480379418467606,-3.9344236850738525
-0.0339995489035671,-0.5801889450091577,0.3868658509722655,1790750398,766251731,0.10700000077486038,0.06925970999798603,-0.5826378112738331,0.41480379418467606,-3.9344236850738525
-0.03303450715202837,-0.5802118316559776,0.3871269537725267,1790750398,816137988,0.10599999874830246,0.06925970999798597,-0.5826378112738332,0.41480379418467606,-3.9344236850738525
-0.03592962521653793,-0.5801431718860368,0.3863436473171065,1790750398,866220998,0.10899999737739563,0.06925970999798597,-0.5826378112738332,0.41480379418467606,-3.9344236850738525
-0.033999548903567156,-0.5801889450091579,0.3868658509722655,1790750398,917138562,0.10700000077486038,0.06925970999798597,-0.5826378112738332,0.41480379418467606,-3.9344236850738525
-0.03689466696807672,-0.5801202852392171,0.3860825445168453,1790750398,966468055,0.10999999940395355,0.06925970999798597,-0.5826378112738332,0.41480379418467606,-3.9344236850738525
-0.03496459065510593,-0.5801660583623381,0.38660474817200424,1790750399,15485877,0.1080000028014183,0.06925970999798597,-0.5826378112738332,0.41480379418467606,-3.9344236850738525
-0.03303450715202837,-0.5802118316559776,0.3871269537725267,1790750399,67558222,0.10599999874830246,0.06925970999798597,-0.5826378112738332,0.41480379418467606,-3.9344236850738525
-0.03303450715202837,-0.5802118316559776,0.3871269537725267,1790750399,115967871,0.10599999874830246,0.06925970999798597,-0.5826378112738332,0.41480379418467606,-3.9344236850738525
-0.03496459065510593,-0.5801660583623381,0.38660474817200424,1790750399,166159556,0.1080000028014183,0.06925970999798597,-0.5826378112738332,0.41480379418467606,-3.9344236850738525
-0.03689466696807672,-0.5801202852392171,0.3860825445168453,1790750399,215826228,0.10999999940395355,0.06925970999798597,-0.5826378112738332,0.41480379418467606,-3.9344236850738525
-0.03496459065510593,-0.5801660583623381,0.38660474817200424,1790750399,266455224,0.1080000028014183,0.06925970999798597,-0.5826378112738332,0.41480379418467606,-3.9344236850738525
-0.03303450715202837,-0.5802118316559776,0.3871269537725267,1790750399,315697687,0.10599999874830246,0.06925970999798597,-0.5826378112738332,0.41480379418467606,-3.9344236850738525
-0.03592962521653793,-0.5801431718860368,0.3863436473171065,1790750399,365748168,0.10899999737739563,0.06925970999798597,-0.5826378112738332,0.41480379418467606,-3.9344236850738525
-0.03496459065510593,-0.5801660583623381,0.38660474817200424,1790750399,416142208,0.1080000028014183,0.06925970999798597,-0.5826378112738332,0.41480379418467606,-3.9344236850738525
-0.03496459065510593,-0.5801660583623381,0.38660474817200424,1790750399,465362634,0.1080000028014183,0.06925970999798597,-0.5826378112738332,0.41480379418467606,-3.9344236850738525
-0.03689466696807672,-0.5801202852392171,0.3860825445168453,1790750399,516839889,0.10999999940395355,0.06925970999798597,-0.5826378112738332,0.41480379418467606,-3.9344236850738525
-0.03496459065510593,-0.5801660583623381,0.38660474817200424,1790750399,565605468,0.1080000028014183,0.06925970999798597,-0.5826378112738332,0.41480379418467606,-3.9344236850738525
-0.03592962521653793,-0.5801431718860368,0.3863436473171065,1790750399,615728477,0.10899999737739563,0.06925970999798597,-0.5826378112738332,0.41480379418467606,-3.9344236850738525
-0.03496459065510593,-0.5801660583623381,0.38660474817200424,1790750399,665418343,0.1080000028014183,0.06925970999798597,-0.5826378112738332,0.41480379418467606,-3.9344236850738525
-0.03689466696807672,-0.5801202852392171,0.3860825445168453,1790750399,716952349,0.10999999940395355,0.06925970999798597,-0.5826378112738332,0.41480379418467606,-3.9344236850738525
-0.03110443083905759,-0.5802576047790986,0.3876491574276857,1790750399,765490573,0.10400000214576721,0.06925970999798597,-0.5826378112738332,0.41480379418467606,-3.9344236850738525
-0.033999548903567156,-0.5801889450091579,0.3868658509722655,1790750399,816731946,0.10700000077486038,0.06925970999798597,-0.5826378112738332,0.41480379418467606,-3.9344236850738525
-0.03496459065510593,-0.5801660583623381,0.38660474817200424,1790750399,865677962,0.1080000028014183,0.06925970999798597,-0.5826378112738332,0.41480379418467606,-3.9344236850738525
-0.03689466696807672,-0.5801202852392171,0.3860825445168453,1790750399,916846649,0.10999999940395355,0.06925970999798597,-0.5826378112738332,0.41480379418467606,-3.9344236850738525
-0.03496459065510593,-0.5801660583623381,0.38660474817200424,1790750399,966575950,0.1080000028014183,0.06925970999798597,-0.5826378112738332,0.41480379418467606,-3.9344236850738525
-0.03592962521653793,-0.5801431718860368,0.3863436473171065,1790750400,15537679,0.10899999737739563,0.06925970999798597,-0.5826378112738332,0.41480379418467606,-3.9344236850738525
-0.033999548903567156,-0.5801889450091579,0.3868658509722655,1790750400,65665799,0.10700000077486038,0.06925970999798597,-0.5826378112738332,0.41480379418467606,-3.9344236850738525
-0.033999548903567156,-0.5801889450091579,0.3868658509722655,1790750400,115864401,0.10700000077486038,0.06925970999798597,-0.5826378112738332,0.41480379418467606,-3.9344236850738525
-0.03303450715202837,-0.5802118316559776,0.3871269537725267,1790750400,165843973,0.10599999874830246,0.06925970999798597,-0.5826378112738332,0.41480379418467606,-3.9344236850738525
-0.033999548903567156,-0.5801889450091579,0.3868658509722655,1790750400,215692887,0.10700000077486038,0.06925970999798597,-0.5826378112738332,0.41480379418467606,-3.9344236850738525
-0.033999548903567156,-0.5801889450091579,0.3868658509722655,1790750400,266119297,0.10700000077486038,0.06925970999798597,-0.5826378112738332,0.41480379418467606,-3.9344236850738525
-0.03303450715202837,-0.5802118316559776,0.3871269537725267,1790750400,316918054,0.10599999874830246,0.06925970999798597,-0.5826378112738332,0.41480379418467606,-3.9344236850738525
-0.03303450715202837,-0.5802118316559776,0.3871269537725267,1790750400,365231923,0.10599999874830246,0.06925970999798597,-0.5826378112738332,0.41480379418467606,-3.9344236850738525
-0.03496459065510593,-0.5801660583623381,0.38660474817200424,1790750400,415577416,0.1080000028014183,0.06925970999798597,-0.5826378112738332,0.41480379418467606,-3.9344236850738525
-0.033999548903567156,-0.5801889450091579,0.3868658509722655,1790750400,465521979,0.10700000077486038,0.06925970999798597,-0.5826378112738332,0.41480379418467606,-3.9344236850738525
-0.03303450715202837,-0.5802118316559776,0.3871269537725267,1790750400,516780796,0.10599999874830246,0.06925970999798597,-0.5826378112738332,0.41480379418467606,-3.9344236850738525
-0.033999548903567156,-0.5801889450091579,0.3868658509722655,1790750400,566091111,0.10700000077486038,0.06925970999798597,-0.5826378112738332,0.41480379418467606,-3.9344236850738525
-0.03496459065510593,-0.5801660583623381,0.38660474817200424,1790750400,615761800,0.1080000028014183,0.06925970999798597,-0.5826378112738332,0.41480379418467606,-3.9344236850738525
-0.03689466696807672,-0.5801202852392171,0.3860825445168453,1790750400,668478957,0.10999999940395355,0.06925970999798597,-0.5826378112738332,0.41480379418467606,-3.9344236850738525
-0.03689466696807672,-0.5801202852392171,0.3860825445168453,1790750400,718500539,0.10999999940395355,0.06925970999798597,-0.5826378112738332,0.41480379418467606,-3.9344236850738525
-0.03592962521653793,-0.5801431718860368,0.3863436473171065,1790750400,767040957,0.10899999737739563,0.06925970999798597,-0.5826378112738332,0.41480379418467606,-3.9344236850738525
-0.033999548903567156,-0.5801889450091579,0.3868658509722655,1790750400,816047574,0.10700000077486038,0.06925970999798597,-0.5826378112738332,0.41480379418467606,-3.9344236850738525
-0.03592962521653793,-0.5801431718860368,0.3863436473171065,1790750400,865703541,0.10899999737739563,0.06925970999798597,-0.5826378112738332,0.41480379418467606,-3.9344236850738525
-0.03592962521653793,-0.5801431718860368,0.3863436473171065,1790750400,917059397,0.10899999737739563,0.06925970999798597,-0.5826378112738332,0.41480379418467606,-3.9344236850738525
-0.03496459065510593,-0.5801660583623381,0.38660474817200424,1790750400,967544910,0.1080000028014183,0.06925970999798597,-0.5826378112738332,0.41480379418467606,-3.9344236850738525
-0.03592962521653793,-0.5801431718860368,0.3863436473171065,1790750401,16143448,0.10899999737739563,0.06925970999798597,-0.5826378112738332,0.41480379418467606,-3.9344236850738525
-0.03303450715202837,-0.5802118316559776,0.3871269537725267,1790750401,65651173,0.10599999874830246,0.06925970999798597,-0.5826378112738332,0.41480379418467606,-3.9344236850738525
-0.03689466696807672,-0.5801202852392171,0.3860825445168453,1790750401,119904049,0.10999999940395355,0.06925970999798597,-0.5826378112738332,0.41480379418467606,-3.9344236850738525
-0.03496459065510593,-0.5801660583623381,0.38660474817200424,1790750401,166216767,0.1080000028014183,0.06925970999798597,-0.5826378112738332,0.41480379418467606,-3.9344236850738525
-0.03496459065510593,-0.5801660583623381,0.38660474817200424,1790750401,215998364,0.1080000028014183,0.06925970999798597,-0.5826378112738332,0.41480379418467606,-3.9344236850738525
-0.03496459065510593,-0.5801660583623381,0.38660474817200424,1790750401,265423550,0.1080000028014183,0.06925970999798597,-0.5826378112738332,0.41480379418467606,-3.9344236850738525
-0.033999548903567156,-0.5801889450091579,0.3868658509722655,1790750401,316573468,0.10700000077486038,0.06925970999798597,-0.5826378112738332,0.41480379418467606,-3.9344236850738525
-0.03496459065510593,-0.5801660583623381,0.38660474817200424,1790750401,365631085,0.1080000028014183,0.06925970999798597,-0.5826378112738332,0.41480379418467606,-3.9344236850738525
-0.03496459065510593,-0.5801660583623381,0.38660474817200424,1790750401,415913873,0.1080000028014183,0.06925970999798597,-0.5826378112738332,0.41480379418467606,-3.9344236850738525
-0.03592962521653793,-0.5801431718860368,0.3863436473171065,1790750401,466717592,0.10899999737739563,0.06925970999798597,-0.5826378112738332,0.41480379418467606,-3.9344236850738525
-0.03206946540048959,-0.5802347183027973,0.38738805657278796,1790750401,516339216,0.10499999672174454,0.06925970999798597,-0.5826378112738332,0.41480379418467606,-3.9344236850738525
-0.034964590655105876,-0.580166058362338,0.38660474817200424,1790750401,566849812,0.1080000028014183,0.06925970999798603,-0.5826378112738331,0.41480379418467606,-3.9344236850738525
-0.03496459065510593,-0.5801660583623381,0.38660474817200424,1790750401,616104774,0.1080000028014183,0.06925970999798597,-0.5826378112738332,0.41480379418467606,-3.9344236850738525
-0.03592373531002384,-0.5801405368355149,0.3863205689957705,1790750401,665344551,0.10899999737739563,0.06926191328665528,-0.5826367402278526,0.41479420111730136,-3.9342951524909933
-0.036881719874026386,-0.5801144964805383,0.3860318497215194,1790750401,715381354,0.10999999940395355,0.06926452573880611,-0.5826354711113055,0.41478283401912286,-3.934142845128679
-0.03393849881727637,-0.5801616624718264,0.38662692663132153,1790750401,765621938,0.10700000077486038,0.06928282000002425,-0.582626600004874,0.41470331511694186,-3.933079155298647
-0.032918564497651126,-0.5801601285991606,0.3866741514696152,1790750401,815437230,0.10599999874830246,0.06930386737485562,-0.5826164472920622,0.414612309161019,-3.9318614825917986
-0.03375498772922347,-0.580080501105397,0.38591643942823894,1790750401,865242717,0.10700000077486038,0.06935232657267008,-0.5825932488352346,0.4144044720404932,-3.929078436527728
-0.036497580477057756,-0.579945474328932,0.3845526942893025,1790750401,916082557,0.10999999940395355,0.0694075882755204,-0.5825671446357007,0.4141706271199431,-3.9259444932784353
-0.034319673667762285,-0.5798850790850989,0.3841454825626979,1790750401,965088359,0.1080000028014183,0.06950293854046587,-0.5825229837694461,0.41377498236007104,-3.9206362912757773
-0.03499581059544886,-0.5797412705470749,0.38282657991866487,1790750402,15365054,0.10899999737739563,0.0696103095554696,-0.5824744629511164,0.413340326239403,-3.914795364663719
-0.03456090062393048,-0.5795642813953767,0.3812784133720877,1790750402,65391811,0.10899999737739563,0.06977447967010382,-0.5824025301462797,0.41269611843148835,-3.906119727836672
-0.03408325471656527,-0.5793764157854108,0.3796355314282329,1790750402,115531189,0.10899999737739563,0.06995534577680775,-0.5823261798752968,0.4120124974297995,-3.8968882624303576
-0.03152317209183288,-0.5791842990384366,0.37807641934272185,1790750402,165370648,0.10700000077486038,0.07020561236379347,-0.5822250122723716,0.41110683929206265,-3.8846167723962677
-0.031751494068959954,-0.5788947709090194,0.3754854817394267,1790750402,215741584,0.1080000028014183,0.0704827336435817,-0.5821183306784826,0.4101520643737049,-3.871626032076737
-0.032706104687104776,-0.5785123835195373,0.372024586493166,1790750402,265287706,0.10999999940395355,0.0708401368934564,-0.581987925278802,0.40898532691986,-3.855672564266567
-0.027924093608314327,-0.5783073035842591,0.3704731938096614,1790750402,315817339,0.10599999874830246,0.0712377674618802,-0.5818510217203917,0.4077608205175549,-3.838830126912533
-0.030387858550481844,-0.5777804388646173,0.3656346915933719,1790750402,365276006,0.10999999940395355,0.07172841163967945,-0.5816921822337476,0.4063405326377948,-3.8191592200329576
-0.02806642299076166,-0.5774125491614766,0.36248460964419316,1790750402,415275837,0.10899999737739563,0.07226829264256439,-0.5815283123508368,0.4048757025815185,-3.7987073478118423
-0.028167798273386252,-0.5768645152319999,0.35758675295281117,1790750402,465582162,0.11100000143051147,0.07293756246827827,-0.5813384938430505,0.403179404359143,-3.7747979386794213
-0.025399412643599545,-0.5764325429386844,0.35388114338170323,1790750402,515359194,0.10999999940395355,0.07365883787513276,-0.5811477822533406,0.40147556943395624,-3.7505177311886904
-0.02319698163017736,-0.575909241649663,0.3493222566114277,1790750402,565260949,0.10999999940395355,0.07451703425876192,-0.5809365186520234,0.3995885221746008,-3.7232889653452905
-0.021686669896096758,-0.5753319296810594,0.344236644492153,1790750402,615422865,0.11100000143051147,0.0754495901579052,-0.5807231197779695,0.397682714222619,-3.695393672500151
-0.018899975827574952,-0.5747565619861784,0.339229360056314,1790750402,665400547,0.11100000143051147,0.07653634873369573,-0.5804922332592495,0.395620940517023,-3.6647212766406736
-0.0167278635634531,-0.574122675319484,0.33365713338596836,1790750402,715752326,0.1120000034570694,0.07771565610968034,-0.580259945377693,0.3935466673828749,-3.633286929956171
-0.014202525922363582,-0.5734663717888141,0.3278928455734326,1790750402,765075187,0.11299999803304672,0.07902225443883881,-0.5800213506159912,0.39141585034059867,-3.6003235617389033
-0.009728170931233154,-0.5729188307248932,0.32319154085121177,1790750402,815563717,0.1120000034570694,0.08044889969460177,-0.5797799906253813,0.3892598478716484,-3.5661927096910024
-0.007317203743799364,-0.5721768763010132,0.31663016411298,1790750402,865306517,0.11400000005960464,0.08200746803771057,-0.5795358704775129,0.38707835947258895,-3.530759923484932
-0.0014352012300581501,-0.5716895337386119,0.3125105031620763,1790750402,916315997,0.1120000034570694,0.0837014091925539,-0.5792904904423991,0.38488441971575676,-3.4940891518873936
0.0008607151043793781,-0.5708797601177459,0.3053079301243621,1790750402,965295817,0.11500000208616257,0.0854724554338478,-0.5790532200736421,0.3827614544507952,-3.4574736347464516
0.006472344402208813,-0.570352093582782,0.30078172539964915,1790750403,15303842,0.11400000005960464,0.0873726263408711,-0.5788178299865181,0.3806533455345711,-3.419847895717538
0.010337428859959308,-0.5696032029705178,0.2941675131943421,1790750403,65388016,0.11599999666213989,0.08941322942197787,-0.578584535838034,0.3785615452760907,-3.3810668808201902
0.017180123399633665,-0.5691830643173214,0.29062803293880635,1790750403,115688053,0.11400000005960464,0.09155463395925034,-0.5783590010172485,0.37653632344843213,-3.341914124245291
0.02030668407436277,-0.5683055408561233,0.2827887219059829,1790750403,165230239,0.11800000071525574,0.09375220579629222,-0.578145938321071,0.37461966486926623,-3.3031423793044423
0.02571631250412766,-0.5676836592440896,0.27733238338962485,1790750403,215385747,0.11900000274181366,0.09605362035045692,-0.5779408302992936,0.37277060539436807,-3.263854116993738
0.03134089329150093,-0.5670871224806624,0.27209481212352155,1790750403,265251723,0.11999999731779099,0.09841514620969602,-0.5777478135553833,0.37102606915356845,-3.224748144054045
0.039859672169922075,-0.5669692327644927,0.2712740800872495,1790750403,315335934,0.11599999666213989,0.10085474326210764,-0.577565431772953,0.36937260757185963,-3.1854628063807646
0.045666957563633356,-0.5664412982433378,0.2666258517040215,1790750403,365458710,0.11699999868869781,0.10330278146701213,-0.5773984815503472,0.3678535733523456,-3.147029764570864
0.05025227361258872,-0.5656540611041925,0.25956909877774464,1790750403,415375132,0.12099999934434891,0.10578653586671222,-0.577244405512552,0.3664457074146128,-3.1089173842462015
0.0575156253161706,-0.5654819421896815,0.2581607617076463,1790750403,465103070,0.11900000274181366,0.1082169957396158,-0.5771076395874818,0.3651897991215698,-3.0723744262021198
0.06322518208090278,-0.5649453141436678,0.2533790756139877,1790750403,515471414,0.12099999934434891,0.11070579676026061,-0.5769811503263341,0.36402142608787635,-3.035628183373575
0.06989412909913173,-0.5647499352990264,0.2517103685639792,1790750403,565424299,0.11999999731779099,0.11309979731154113,-0.5768717951693437,0.36300425924928786,-3.0008452444367077
0.07624721809820643,-0.5644816272972525,0.2493540148376201,1790750403,615731197,0.11999999731779099,0.11552394354523218,-0.5767728297250531,0.3620760824965645,-2.9661177304036195
0.08248264428324868,-0.5643608334408456,0.24832679678146619,1790750403,665282504,0.11900000274181366,0.11779074117412776,-0.576690596026157,0.36129721725109976,-2.934037706893953
0.08816147847407729,-0.564056344788408,0.24560195307357557,1790750403,715233926,0.11999999731779099,0.12007224152841425,-0.5766175582069949,0.3605972506948806,-2.9020854703429553
0.09372557373848167,-0.5638911546130758,0.24413567301340358,1790750403,765161191,0.11999999731779099,0.12219716993938111,-0.5765580676434444,0.3600188766294749,-2.872590623220797
0.0986857870496939,-0.5634270113140236,0.23992402648128963,1790750403,815716545,0.12300000339746475,0.12433078302412362,-0.5765064182862212,0.3595077382923195,-2.843197920717458
0.10370251679383874,-0.5633137772840274,0.23890839841501244,1790750403,865292695,0.12300000339746475,0.12621821333450065,-0.5764673459175871,0.3591125076512087,-2.817357547095027
0.10940706962017989,-0.5636452611545185,0.2419457986927751,1790750403,916243295,0.11900000274181366,0.12812792916318008,-0.5764340337232494,0.35876607675573896,-2.791344308472579
0.11322569166653774,-0.5632522578846322,0.238356076654825,1790750403,965530987,0.12200000137090683,0.1297507844921574,-0.5764105833453642,0.35851339067555105,-2.7693278368215295
0.11757675823822,-0.5633019173508386,0.23880266931164157,1790750404,15199860,0.12099999934434891,0.13135358775487474,-0.5763917567676259,0.3583010162200578,-2.747651367717199
0.12118245333983417,-0.5632608530593268,0.2384166785919749,1790750404,65476073,0.12099999934434891,0.13272458666686937,-0.5763790432972937,0.3581484291198691,-2.7291550035856442
0.12479770126227026,-0.5634461585693155,0.24009250278211214,1790750404,115349697,0.11900000274181366,0.13404021803097257,-0.576369764973342,0.3580270479071336,-2.7114380220681524
0.12739899024714363,-0.5629905090440972,0.23591883646863246,1790750404,165657965,0.12300000339746475,0.13513630646264205,-0.5763642078552929,0.357944567171895,-2.696697458047857
0.13027021425005156,-0.5631926846371075,0.23774564680991803,1790750404,215465089,0.12099999934434891,0.1361803175004411,-0.576360747122007,0.3578817057235346,-2.68267060953879
0.13236785508493323,-0.5630750854942264,0.23665698247295625,1790750404,265505956,0.12200000137090683,0.13699240781634178,-0.5763592944699398,0.3578433828585823,-2.6717664524194995
0.1343884550859713,-0.5629603799146101,0.23559405270096218,1790750404,315882530,0.12300000339746475,0.13776726901248068,-0.5763589150533928,0.3578154244342281,-2.6613665555322443
0.13581813997754957,-0.5628488440792364,0.23456421722648158,1790750404,365494522,0.12399999797344208,0.1383130186570766,-0.5763592314740391,0.35780075608663636,-2.6540439151964152
0.13721765524192164,-0.5630654879719524,0.23652794085275763,1790750404,415623205,0.12200000137090683,0.13882730241972238,-0.5763599734974842,0.357790738218956,-2.647144606645949
0.13806308297273767,-0.563065270005505,0.23651784706267537,1790750404,465271679,0.12200000137090683,0.1391471650593493,-0.576360656399982,0.3577863829701906,-2.6428536863131153
0.13882583991681033,-0.5629564637012509,0.2355178375868176,1790750404,515761042,0.12300000339746475,0.13943762985222113,-0.5763614223008134,0.3577836694197352,-2.638957231514626
0.13923430373180767,-0.5632836522068695,0.23849805308299227,1790750404,565477035,0.11999999731779099,0.13958807198494075,-0.576361874731307,0.3577827306400625,-2.6369395267348525
0.1395575457744843,-0.5627389926922922,0.23352688115800652,1790750404,615370382,0.125,0.13971403844870625,-0.5763622825134921,0.3577821888293109,-2.6352501954698146
0.1396747046050507,-0.5628480830062434,0.23452071145194414,1790750404,665259192,0.12399999797344208,0.13975744082714622,-0.5763624281375334,0.35778204005018527,-2.6346678125727245
0.13975060398095435,-0.5629571389953065,0.2355146391380874,1790750404,715974196,0.12300000339746475,0.1397857471809206,-0.5763625242861362,0.3577819497568143,-2.6342878139355212
0.1397610786879149,-0.5629571490007044,0.23551462613373791,1790750404,765199934,0.12300000339746475,0.13978968832517685,-0.5763625377771884,0.3577819380736686,-2.63423490524292
0.1397610786879149,-0.5629571490007044,0.23551462613373791,1790750404,815664074,0.12300000339746475,0.13978968832517685,-0.5763625377771884,0.3577819380736686,-2.63423490524292
0.1397610786879149,-0.5629571490007044,0.23551462613373791,1790750404,865222695,0.12300000339746475,0.13978968832517685,-0.5763625377771884,0.3577819380736686,-2.63423490524292
0.1397610786879149,-0.5629571490007044,0.23551462613373791,1790750404,915322359,0.12300000339746475,0.13978968832517685,-0.5763625377771884,0.3577819380736686,-2.63423490524292
0.13976154388619866,-0.5631751232376637,0.23750271648080273,1790750404,965527664,0.12099999934434891,0.13978968832517685,-0.5763625377771884,0.3577819380736686,-2.63423490524292
0.139760846090506,-0.5628481626942404,0.23452058836640416,1790750405,16173231,0.12399999797344208,0.13978968832517685,-0.5763625377771884,0.3577819380736686,-2.63423490524292
0.1397613112870568,-0.5630661361191841,0.2365086713072703,1790750405,65157800,0.12200000137090683,0.1397896883251768,-0.5763625377771884,0.35778193807366854,-2.63423490524292
0.1397610786879149,-0.5629571490007044,0.23551462613373791,1790750405,116922935,0.12300000339746475,0.13978968832517685,-0.5763625377771884,0.3577819380736686,-2.63423490524292
0.13976131128705674,-0.5630661361191843,0.23650867130727032,1790750405,170630525,0.12200000137090683,0.13978968832517677,-0.5763625377771885,0.3577819380736686,-2.63423490524292
0.139760846090506,-0.5628481626942404,0.23452058836640416,1790750405,216121315,0.12399999797344208,0.13978968832517685,-0.5763625377771884,0.3577819380736686,-2.63423490524292
0.139770598045833,-0.5634713509303086,0.23255681796323366,1790750405,266154154,0.12600000202655792,0.13978843814994685,-0.5766991399228595,0.35786055210867657,-2.6337835587359937
0.13978169204866975,-0.5644388778581276,0.23258914199695535,1790750405,315341743,0.12600000202655792,0.1397880159561837,-0.5770837797494696,0.357953040017315,-2.633263250768185
0.1397997515802321,-0.570140562952128,0.23883359225687212,1790750405,365233534,0.11999999731779099,0.1397662588164286,-0.5791700509163574,0.3584933874330651,-2.630763287876308
0.13980124179004225,-0.5760535593792847,0.2413039174188078,1790750405,415322290,0.11800000071525574,0.1397832302340363,-0.5814571462595792,0.3591801283063797,-2.62787574546681
0.1398169914899468,-0.5833581850089532,0.24318093002006377,1790750405,465552881,0.11699999868869781,0.13975635128681455,-0.5844187802296966,0.36017610579111337,-2.62484136810937
0.13981936122551467,-0.5907113350301924,0.24530865304899058,1790750405,515835556,0.11599999666213989,0.1397890504685385,-0.5873026992521366,0.36125855390710704,-2.621778014613237
0.13982281085391296,-0.5942408074273052,0.24494715943038087,1790750405,565423565,0.11699999868869781,0.13980102485746462,-0.5886685625867816,0.3618143888232389,-2.620490715284518
0.13982552738814596,-0.5970176461053371,0.2465044529103912,1790750405,615295162,0.11599999666213989,0.1398117897502499,-0.5897709810214149,0.36227787335763906,-2.6195043909859956
0.13971382770481222,-0.5977650997405282,0.24261287695678518,1790750405,665194795,0.11999999731779099,0.13977261335413266,-0.5899589626910778,0.3623586916013166,-2.6195912293256955
0.13957849555900811,-0.5978047506828061,0.2426216585762508,1790750405,715491396,0.11999999731779099,0.1397219946180016,-0.5899741207988299,0.3623658024827905,-2.619888049558001
0.138720807055763,-0.5977500500908545,0.24362856145194128,1790750405,765190213,0.11900000274181366,0.1393973828859258,-0.5899794461965361,0.3623726586223493,-2.621863974592409
0.1377351611921793,-0.5976249931230523,0.24563764190763648,1790750405,815730566,0.11699999868869781,0.13901644575817568,-0.5899829258035018,0.36238076508883155,-2.624184124732639
0.13529507152238662,-0.5977694132728197,0.2436932742546012,1790750405,865152380,0.11900000274181366,0.13810176404396304,-0.589990555781434,0.36240558408711054,-2.6297526152708706
0.13241114830061315,-0.597982237721858,0.24079314458635137,1790750405,916417481,0.12200000137090683,0.13705336271649532,-0.5899980951599151,0.3624430670991455,-2.6361311888698857
0.1278269301427265,-0.5979487263997981,0.24202374615742997,1790750405,965637506,0.12099999934434891,0.13532057334732325,-0.5900099349061297,0.3625302635848069,-2.646668702413434
0.1231335000700835,-0.5977880401992983,0.2453633492926815,1790750406,15193701,0.11800000071525574,0.13346003307834606,-0.5900189271934579,0.36265360365310184,-2.6579782892742925
0.11599505868136861,-0.5980209208712155,0.24413715325027724,1790750406,65358855,0.11999999731779099,0.13083869780320947,-0.5900610075089872,0.36294921287873505,-2.6739719014341707
0.10867479725007809,-0.5981386165970418,0.2451888319504945,1790750406,115559066,0.11999999731779099,0.12807762100255016,-0.590101302368619,0.36333675350095573,-2.6908451014984562
0.09978829120522431,-0.5982937905232075,0.24792909519141432,1790750406,165288901,0.11900000274181366,0.12465692527470387,-0.5901938793346616,0.36401933220903626,-2.7119202141208296
0.09137632760204706,-0.598267027833768,0.25405595017041593,1790750406,215742678,0.11500000208616257,0.12107501223512203,-0.5902831050086129,0.3648677076116032,-2.7341133227151366
0.08028686608683047,-0.5988032404198637,0.25537278576604217,1790750406,265304058,0.11699999868869781,0.11704005582854973,-0.5904483258240202,0.36613558700842963,-2.759526560010506
0.06868440296308481,-0.5993884927590938,0.2575053824144441,1790750406,315808614,0.11900000274181366,0.11287708933851358,-0.5906087228281791,0.36764585074209766,-2.786078213689564
0.0582735573218765,-0.5997762917308901,0.26545748783723244,1790750406,365436059,0.11599999666213989,0.10845546841032257,-0.5908553118135452,0.3696601324411104,-2.8150570926992864
0.0458364226464443,-0.6005817842644277,0.26973354817156997,1790750406,415330340,0.11800000071525574,0.10403414265921035,-0.5910886033966564,0.3719436507599532,-2.844689804377628
0.0356673271986717,-0.6011945547959678,0.2796864797822222,1790750406,465467559,0.11500000208616257,0.09954551669997574,-0.5914336466114141,0.37481429935812544,-2.876147155959784
0.0238221713383142,-0.6021682565102442,0.2871022019815403,1790750406,515502064,0.11599999666213989,0.09518412855736082,-0.5917611116979385,0.37796012196840295,-2.9078549581491613
0.012335481942686036,-0.6033474273866998,0.2957575207782071,1790750406,565259149,0.11699999868869781,0.09104639943814613,-0.592196010300087,0.38160178125692845,-2.939985886594426
0.004955958934890994,-0.6040554553911482,0.3087587854943119,1790750406,615296654,0.11299999803304672,0.08709176774036496,-0.5926088431593097,0.38551608831139317,-2.972406007529456
-0.002538638857007225,-0.605061047725116,0.3207181121904758,1790750406,665434049,0.11100000143051147,0.08357555625829775,-0.5931011501383542,0.3897275794173056,-3.003964772167541
-0.009060767784285967,-0.6060358860183281,0.333006157657671,1790750406,715637917,0.10899999737739563,0.08032943253486173,-0.5935624936006034,0.39411921679210105,-3.035395032142312
-0.01318300712851772,-0.6068989041221337,0.345410513698143,1790750406,765136369,0.10599999874830246,0.07766828676844639,-0.5940621258502459,0.3984883740118931,-3.0644357224770933
-0.019097274571405615,-0.6081039609769496,0.35664356394361646,1790750406,815647769,0.10599999874830246,0.07524285046470067,-0.5945363816460887,0.40303172335863047,-3.09371510381761
-0.022715901519172785,-0.609148848486071,0.3674975153627822,1790750406,865138731,0.10499999672174454,0.07341545761037371,-0.5950265195459391,0.4073010444623386,-3.1197038475658054
-0.0228208903866257,-0.6097396679107603,0.3794017427823594,1790750406,915355015,0.10100000351667404,0.07183105226449345,-0.5954918298535469,0.4116354142057769,-3.14556065550557
-0.027406624945641167,-0.611055916026806,0.3880661507392778,1790750406,965341714,0.10300000011920929,0.07071686543836056,-0.5959240767508273,0.41548526997283053,-3.1677865970691412
-0.030554789813970223,-0.6122080932664464,0.39711678354784535,1790750407,15939308,0.10400000214576721,0.06980234098000913,-0.596328475544306,0.4193042684462827,-3.1896137886268154
-0.028008730928374345,-0.6124075601954395,0.4052819306506311,1790750407,65253453,0.10000000149011612,0.06925378337394085,-0.5966724072388994,0.4223818888684002,-3.2068140083703383
-0.03095665662233546,-0.6135154182787629,0.4122409509836918,1790750407,115621794,0.10199999809265137,0.06883156185313916,-0.5969980694740394,0.4254124449329345,-3.223678257813741
-0.0285298212227552,-0.613608562999063,0.4178643035660509,1790750407,165338869,0.0989999994635582,0.06861898470035889,-0.5972450738915137,0.4276288120393307,-3.235868774602824
-0.030828118335652313,-0.6144824171602907,0.4226330998548496,1790750407,215087621,0.10100000351667404,0.06847762504775992,-0.5974715082095009,0.4297040982358413,-3.24726739027669
-0.028998707889159703,-0.6144878033019195,0.4259111531604113,1790750407,265362118,0.0989999994635582,0.06841850000504114,-0.5976153205640039,0.43103041347234317,-3.254537560618269
-0.030057585838369358,-0.614960632469323,0.428653446081948,1790750407,315421845,0.10000000149011612,0.06838460005394241,-0.5977404745422236,0.43220344548089407,-3.2609704227132403
-0.02909357457798173,-0.6149295523535061,0.43000389824323965,1790750407,365488951,0.0989999994635582,0.06837408331716083,-0.5977985982159935,0.4327581619485553,-3.264016979358662
-0.02811846030798154,-0.6148678885819959,0.43107464141737933,1790750407,415439131,0.09799999743700027,0.0683682389322953,-0.5978444544426985,0.4332004489047663,-3.266448267961151
-0.02811995507379561,-0.6148981477459075,0.4313586606795458,1790750407,465209114,0.09799999743700027,0.06836705988492454,-0.5978568673990302,0.4333208548969752,-3.267110609871374
-0.02713598486364796,-0.6147399612022224,0.4315261567128794,1790750407,515798041,0.09700000286102295,0.06836652622405608,-0.5978633402702245,0.433383734947862,-3.267456638607379
-0.028120374659419217,-0.614909498414501,0.4314651944330506,1790750407,565747868,0.09799999743700027,0.06836668524370043,-0.5978615183168491,0.43336602148828957,-3.2673590663391052
-0.027135507075374557,-0.6147276950563303,0.4314108675354049,1790750407,615763827,0.09700000286102295,0.06836696823789469,-0.5978582841286895,0.4333345980340082,-3.2671860358749583
-0.029102576120226736,-0.6150346351559679,0.4309875593753291,1790750407,665547226,0.0989999994635582,0.06836856883831686,-0.5978416120357648,0.4331729083733762,-3.2662966766559216
-0.029099252522016908,-0.614987972028678,0.4305504051512763,1790750407,715194310,0.0989999994635582,0.06837075772587221,-0.597822539756841,0.4329886280660006,-3.2652834055226996
-0.02711988761006623,-0.6145449874126294,0.42970024546621444,1790750407,765313945,0.09700000286102295,0.06837663594062877,-0.5977825964336149,0.43260486135074494,-3.2631744967202754
-0.029072250548253034,-0.6147832983300876,0.42864135989265006,1790750407,815321967,0.0989999994635582,0.0683850411440362,-0.5977383513130856,0.4321833891099456,-3.260860027835501
-0.02706362729925374,-0.6142602061467446,0.42705762330990815,1790750407,865379648,0.09700000286102295,0.06840373132847989,-0.5976632405428114,0.4314763023460021,-3.2569810362190603
-0.02897085133497755,-0.6144044434017076,0.4251469303140477,1790750407,915895389,0.0989999994635582,0.06843052753516735,-0.5975802929097019,0.430707438222626,-3.252768013679393
-0.027870878090999335,-0.6139516413287921,0.4226364686254416,1790750407,965434064,0.09799999743700027,0.06847901789879204,-0.5974592609742699,0.4296148947123335,-3.246794821904415
-0.02574353299775617,-0.61331453800628,0.4200847316190944,1790750408,15374975,0.09600000083446503,0.0685453207848464,-0.5973274409039655,0.4284528221313585,-3.2404512488506305
-0.02839215826545588,-0.6134242593206526,0.41622439916511794,1790750408,65393339,0.0989999994635582,0.06867460887055138,-0.597164983723521,0.4269332071569155,-3.232066985410431
-0.028977131240432497,-0.6131714739112898,0.4123072443853195,1790750408,115851773,0.10000000149011612,0.06884165534945852,-0.5969901159054106,0.4253321797475452,-3.223229843798546
-0.027402936730530347,-0.6125034190204177,0.40782407727846787,1790750408,165085685,0.0989999994635582,0.06909385263117372,-0.5967761445888153,0.4233811456276303,-3.2124206312025723
-0.025676154884611432,-0.6118040527536934,0.4031524047619657,1790750408,215288599,0.09799999743700027,0.06940759121676388,-0.5965414997332564,0.42132202777070216,-3.20101001701274
-0.023624476832172808,-0.611042012289606,0.3977439681556095,1790750408,265234417,0.09700000286102295,0.06987582919444574,-0.5962859412418654,0.4189324484031679,-3.187533849800009
-0.02421889017350408,-0.610698055768617,0.39144169297505854,1790750408,315850325,0.0989999994635582,0.0704375905208423,-0.5960102510124544,0.41645007052719507,-3.1734770217776647
-0.025280180421875534,-0.6104219194047152,0.3840225341840988,1790750408,365563843,0.10199999809265137,0.07119640607635619,-0.5957156783619785,0.4136872327826523,-3.1575240133291604
-0.024106596389797286,-0.6098104459060091,0.3769353513096697,1790750408,415385456,0.10300000011920929,0.07206761295521298,-0.5953998540358844,0.41087436018400125,-3.141172486328376
-0.021375264011049624,-0.6089969519380138,0.36944835461418685,1790750408,465228699,0.10300000011920929,0.07320384288324577,-0.5950685848739852,0.4077862360705772,-3.122733226139549
-0.01913158380674146,-0.6082768404739117,0.36144251807792405,1790750408,515505557,0.10400000214576721,0.0744943435054593,-0.5947107844223644,0.40464145677387303,-3.1037289585414007
-0.01521305091718203,-0.6073920403445545,0.3532848729584364,1790750408,565244669,0.10400000214576721,0.07611453008177774,-0.5943539345937302,0.4012982168706068,-3.082718653238146
-0.009930988852428976,-0.606351837515471,0.34560723201527316,1790750408,615396424,0.10300000011920929,0.0779241700358603,-0.5939686501884788,0.3979247984045384,-3.061108626475807
-0.008783370055322162,-0.6060201116136268,0.3344014191857496,1790750408,665380520,0.1080000028014183,0.08011539403869779,-0.5936050498702278,0.3944586967594937,-3.0376586729256867
-0.0019968198554127375,-0.6049514806436159,0.32644709774050695,1790750408,715765537,0.10700000077486038,0.082517252018027,-0.5932141294428696,0.3910118436006242,-3.013664587791219
0.0033899497182168087,-0.6042294216924162,0.3165666501215482,1790750408,765619279,0.10899999737739563,0.08531328075888356,-0.5928466680209183,0.38755960877469625,-2.9880241336937474
0.010185182060826484,-0.6033764652210223,0.30753051984641844,1790750408,815265955,0.10999999940395355,0.08829572904534774,-0.5924536980411147,0.38420799682487816,-2.962154321338735
0.018868986793259282,-0.6024793458467838,0.2991947402986844,1790750408,865430562,0.10999999940395355,0.09176436753843074,-0.5921108150029817,0.38091840212943817,-2.934237319472669
0.025040779161864243,-0.6020348183928846,0.28742295387824635,1790750408,915372537,0.11500000208616257,0.09542204480664085,-0.5917476836488368,0.37778695547630853,-2.90611370775148
0.0355796397576261,-0.6012008178585335,0.2797455778946761,1790750408,965632608,0.11500000208616257,0.09951139289134654,-0.5914359382939173,0.37483699994816605,-2.876388621044832
0.0450726293685412,-0.6006277180245845,0.27016890625032997,1790750409,15427109,0.11800000071525574,0.10374202331720608,-0.5911045804339192,0.37210620184387594,-2.8466816541263418
0.058010773608267,-0.5997883672404893,0.26558217809492174,1790750409,65506687,0.11599999666213989,0.10835323587032647,-0.5908591156808677,0.3697066429703514,-2.8157261471347743
0.07003649119765996,-0.599213222088806,0.2591105963166463,1790750409,115587330,0.11699999868869781,0.1131103686258671,-0.5905981081897727,0.3675514584902834,-2.7845746117404078
0.08288237067427905,-0.5987881114156746,0.2535128681809712,1790750409,165404748,0.11800000071525574,0.11815480666945055,-0.5904242881472471,0.3658066876373482,-2.752528237646256
0.09624746248196564,-0.598393699170484,0.2487401393156503,1790750409,215345296,0.11900000274181366,0.1233182465915769,-0.5902346337360167,0.36433253937499055,-2.720213111906261
0.1104116824051614,-0.5981013999336607,0.24601209070901298,1790750409,265235280,0.11900000274181366,0.12869142553177285,-0.5901376539273964,0.3633297381169135,-2.687176946671466
0.12477766765724271,-0.5978573071603016,0.24425738345671957,1790750409,315145374,0.11900000274181366,0.1341217495615454,-0.5900294280240368,0.3626314223932422,-2.653980333158573
0.13952726042270425,-0.5976702232340626,0.24570289770253162,1790750409,365365565,0.11699999868869781,0.13971206982990772,-0.590020817367972,0.36245242501863734,-2.620058970371371
0.15434188564385046,-0.597733913262499,0.24519821788630272,1790750409,415991778,0.11800000071525574,0.14534527486502716,-0.5900025623726071,0.36260046393258616,-2.5857592245817878
0.16857045359183798,-0.5979322064066168,0.2469025056367306,1790750409,465565628,0.11800000071525574,0.15076548444253565,-0.5900941078628448,0.36328784600917985,-2.552557877020422
0.18314214674812368,-0.5983175590440001,0.2476417376673466,1790750409,515458056,0.11999999731779099,0.1561392680525008,-0.5901767330074097,0.3642803712750038,-2.519208597585185
0.19757641714981428,-0.5988881868842929,0.24957998566239625,1790750409,565349493,0.12200000137090683,0.16135267126815697,-0.5903537922305473,0.36576520278013674,-2.4861856272435228
0.21120486601563948,-0.5993715296349058,0.2543843961538979,1790750409,615201578,0.12200000137090683,0.1664347257314828,-0.590521807202993,0.36752730263201655,-2.4532495802071392
0.22462150575102968,-0.6000849890444233,0.2592794157542544,1790750409,665364425,0.12300000339746475,0.17127178595595804,-0.5907703133554895,0.36971512125919365,-2.4208384517659396
0.23509751205843293,-0.6004450485912743,0.269326681065606,1790750409,715175973,0.11900000274181366,0.1759002855145365,-0.5910074828378502,0.3721256177075385,-2.388796788458457
0.2470571523510205,-0.6013259038363232,0.27573910785899824,1790750409,765340375,0.11999999731779099,0.18021228032990116,-0.5913195924042783,0.37489371527728693,-2.3574930545782484
0.25860265338705274,-0.6022494658576248,0.282934442479575,1790750409,815738892,0.12099999934434891,0.18433786257697476,-0.5916225719231998,0.3778702619186796,-2.3262285746845834
0.267726052210087,-0.6030816545460771,0.29203993409643414,1790750409,865401354,0.11999999731779099,0.18799618995457357,-0.5919799979582183,0.3810337633319039,-2.2966846473780826
0.27335625801170654,-0.6035387291127076,0.3044030563689512,1790750409,915445080,0.11500000208616257,0.19146558053134263,-0.5923274645845802,0.38436070121486177,-2.267138972567641
0.28348736043054973,-0.6048100217054834,0.31122699617796257,1790750409,965346702,0.11800000071525574,0.194500861577826,-0.592706906949597,0.38777056418952316,-2.2392175909572396
0.29165982322522876,-0.6059015186860705,0.31987509060979563,1790750410,15274038,0.11900000274181366,0.19732156501463896,-0.5930715100640744,0.3912661584621765,-2.2115623673900964
0.29636722740605165,-0.6066837535581013,0.33015196431397165,1790750410,65346050,0.11699999868869781,0.19972085226181932,-0.593459353590832,0.3947553164726738,-2.1856450810866903
0.30295235255831465,-0.607800505857373,0.338952585598819,1790750410,115653732,0.11800000071525574,0.20192290363663598,-0.5938346975785205,0.3982990835452068,-2.15995608757102
0.30851530396930443,-0.6088901240744827,0.34726364914463775,1790750410,165347379,0.11900000274181366,0.2036948056884013,-0.5942086055407454,0.4016522215311085,-2.1367276825717716
0.3127763962323191,-0.6098645243719519,0.3562793731636587,1790750410,215883684,0.11900000274181366,0.20531516261010502,-0.5945736248809185,0.4050571582066338,-2.113499871425108
0.31429989333821295,-0.6105050524086947,0.3652621391650015,1790750410,265306171,0.11699999868869781,0.20658136903845256,-0.594921124673901,0.4081906892475974,-2.0927430226099863
0.3181850994437653,-0.6115339911066929,0.37317639831855903,1790750410,315304071,0.11800000071525574,0.20771747403715818,-0.5952580677587687,0.4113339431163887,-2.0720989928409215
0.32141138391292823,-0.6124973808470621,0.38037233932627035,1790750410,365589836,0.11900000274181366,0.20857905962114134,-0.5955732270729099,0.41418713293045417,-2.0537299708328556
0.3252549993486618,-0.613583752622655,0.3871986441810955,1790750410,415265603,0.12099999934434891,0.20931534063970206,-0.5958706354014295,0.41695164164504017,-2.0360105466508904
0.32476511101605104,-0.6139979676462413,0.39415092495916804,1790750410,465255967,0.11900000274181366,0.20985399930795118,-0.5961389440859112,0.4193995355354321,-2.0204961437700706
0.328859845204989,-0.6151420382005852,0.3999151385257151,1790750410,515203487,0.12200000137090683,0.2103082488893643,-0.5963942019829354,0.4217792182610849,-2.005434572027681
0.32675134268647826,-0.6152653884714925,0.405778428970391,1790750410,565544697,0.11900000274181366,0.21061131851242643,-0.5966165541772152,0.42379831845026583,-1.9927582068610319
0.32640960888139986,-0.6156645970279693,0.4110262783859359,1790750410,615701155,0.11800000071525574,0.2108555073587537,-0.5968271138210284,0.4257367853969998,-1.9805894436223184
0.32484200888770853,-0.6157878358092836,0.41530177062700213,1790750410,665514924,0.11599999666213989,0.21100310250445486,-0.5969985358360476,0.4272877968908242,-1.9708771745882168
0.32907124557804596,-0.6168690956724794,0.4188491660362597,1790750410,715638428,0.11999999731779099,0.21111785472728803,-0.5971616852563896,0.4287796704428835,-1.961523999773896
0.32628711064907934,-0.6166940117470844,0.42198696199707086,1790750410,765314529,0.11699999868869781,0.21117914757553402,-0.5972839054591225,0.42988660148913904,-1.9545899867724712
0.32640414044839094,-0.6169950904598258,0.42473407201532254,1790750410,815523968,0.11699999868869781,0.21122380026579163,-0.5973991564209469,0.4309379657700453,-1.9479959425310724
0.32744839426492833,-0.6173687618496249,0.42657242509192833,1790750410,865288783,0.11800000071525574,0.211248288567741,-0.597476973163664,0.4316569454858224,-1.9434787305102066
0.32748843194275445,-0.6175582390086842,0.42831713746950834,1790750410,915392509,0.11800000071525574,0.2112663489769264,-0.5975480052885209,0.43231940512035083,-1.9393104649607797
0.3255353904935031,-0.6173301983006971,0.42941135177004625,1790750410,965546059,0.11599999666213989,0.21127507722524408,-0.597589889370104,0.43271290303884746,-1.9368314658500712
0.3265309344653164,-0.6175972536850194,0.4302795013559622,1790750411,15411255,0.11699999868869781,0.21128141959143976,-0.5976260814131732,0.4330546216379709,-1.9346767778499798
0.3245644937624763,-0.6173008206654359,0.430743739050187,1790750411,65205893,0.11500000208616257,0.21128403017989625,-0.5976430127355523,0.4332151025857578,-1.9336642212893522
0.32752195568568104,-0.617850113995415,0.43101775102121587,1790750411,115423194,0.11800000071525574,0.21128594459301384,-0.5976565126928569,0.4333433392261694,-1.9328548091931839
0.32456734828658956,-0.6173463882734093,0.43116669768203847,1790750411,165177406,0.11500000208616257,0.2112864456622897,-0.5976601453874115,0.4333779013078489,-1.9326365030844785
0.3275227684359363,-0.6178648620931995,0.4311547313233439,1790750411,215236437,0.11800000071525574,0.21128670139471847,-0.5976619624777665,0.43339520777236173,-1.932527099937068
0.326535640695978,-0.6176578028344222,0.43084101670153047,1790750411,265380487,0.11699999868869781,0.21128487054061246,-0.5976486321411707,0.4332685174571872,-1.9333269831665028
0.3255473736444897,-0.6174436759086497,0.43046192689767393,1790750411,315302914,0.11599999666213989,0.21128243907334224,-0.5976324938767557,0.43311541885488947,-1.9342932932278722
0.3245431460596932,-0.6171076264683237,0.4289557879201936,1790750411,365513538,0.11500000208616257,0.21127119736426228,-0.5975700442864067,0.43252636224961094,-1.9380067849040805
0.32450777749413595,-0.6169202755984592,0.4272281031807867,1790750411,415459215,0.11500000208616257,0.21125428974328242,-0.5974988232099658,0.43186007675650395,-1.9422010115583155
0.32242105403747956,-0.6161956529801133,0.42376512405268496,1790750411,465152076,0.11299999803304672,0.21120618961361795,-0.5973485013312193,0.43047618666409326,-1.950892447017596
0.32811597390742797,-0.616746700417056,0.41932226699647973,1790750411,515782667,0.11900000274181366,0.21112971151947668,-0.5971769440854544,0.4289264172540929,-1.9605980264362033
0.32563253986127266,-0.6157424957488127,0.41326335023312205,1790750411,566469158,0.11699999868869781,0.210923384264648,-0.596921947320758,0.4265523032517722,-1.9755162421486858
0.3278380904441387,-0.6155193199535242,0.406493163667737,1790750411,615219332,0.11999999731779099,0.21064954786299625,-0.5966546772415301,0.42412750798008425,-1.9907095956094236
0.3216198850400047,-0.6138239469772168,0.3988355781057931,1790750411,665123222,0.11500000208616257,0.2101222264026959,-0.5963078133919576,0.4208913633432064,-2.0111361044090277
0.32271446374648305,-0.6133000046653581,0.38935675508939344,1790750411,715165900,0.11800000071525574,0.2094419493277395,-0.595929944966736,0.4174924738845868,-2.032570600924177
0.32368782229054616,-0.6127199836883137,0.37760036357967636,1790750411,765120781,0.12200000137090683,0.20836111320006723,-0.5955001926206889,0.41347834151111307,-2.0583435401026784
0.3163708579795958,-0.6109511742980422,0.3678912502147033,1790750411,815477046,0.11800000071525574,0.20703311174607059,-0.5950329583720483,0.40931428509998224,-2.08520067485233
0.31336394191780476,-0.6099411367034283,0.35524319484649425,1790750411,865514067,0.11999999731779099,0.20518162612936036,-0.594562752000188,0.40484250120090093,-2.1151502251969023
0.30406581127955024,-0.6081304615749785,0.34511114225160466,1790750411,916178835,0.11599999666213989,0.20300485833496765,-0.5940557075444172,0.4002888942403231,-2.1460782196771717
0.29881646208658186,-0.6070991544058629,0.33220517621717427,1790750411,965403672,0.11800000071525574,0.2003248712638275,-0.5935843306734353,0.3957721192417126,-2.1785070068271346
0.29001083656769294,-0.6056890119955075,0.3210218184284752,1790750412,15282941,0.11699999868869781,0.1972908967567436,-0.5930771075866619,0.3912567977606524,-2.2117611896575395
0.2799845135561513,-0.6043733983803026,0.31025064495703303,1790750412,65541908,0.11599999666213989,0.19372588799960858,-0.5926254476881175,0.3869150721527449,-2.246377072352388
0.2706647926785598,-0.6032858008565448,0.29886628125656506,1790750412,115283407,0.11699999868869781,0.18988983765010156,-0.5921563589342642,0.3827742180432864,-2.2808393141152674
0.2597393763744634,-0.6022508822838354,0.28906914025836633,1790750412,165301565,0.11699999868869781,0.18570091375972697,-0.5917723174611872,0.3790552804470594,-2.315300034429293
0.24577808863430395,-0.6009066715578458,0.28328213894502063,1790750412,215581135,0.11299999803304672,0.181243079492028,-0.5913714030609275,0.37554974325534507,-2.3499052119307873
0.23834835631972295,-0.6007737864342599,0.26898257299456907,1790750412,265715332,0.12099999934434891,0.17674094555543762,-0.5910822622340158,0.37267250085127623,-2.382747382858298
0.22592175820382246,-0.6000143141157458,0.2620894013590071,1790750412,315911743,0.12099999934434891,0.17208749684597494,-0.5907865779191264,0.3700603281405857,-2.415328047576575
0.21473245908968458,-0.5995426877132983,0.2558631053524916,1790750412,365496203,0.12200000137090683,0.16774836572912002,-0.5905928060596904,0.36809676752197373,-2.444537791093236
0.20294169097965825,-0.599038797453794,0.2512930271613095,1790750412,415259063,0.12200000137090683,0.16335349239953606,-0.590394869397034,0.36636716576521844,-2.4733475170522827
0.19127443765820837,-0.5984289572496594,0.2518286662771874,1790750412,465146443,0.11800000071525574,0.1594067055903462,-0.5902776579739895,0.3651512330579031,-2.4986085530220428
0.18117995181248567,-0.5982088859399949,0.24821768879826747,1790750412,515334391,0.11900000274181366,0.1554809903900029,-0.5901613385338248,0.3641305915101867,-2.523321469220489
0.17273276234375098,-0.598108282076773,0.24553181549825487,1790750412,565254392,0.11999999731779099,0.15221802824153907,-0.5901016104957643,0.36349383587421846,-2.5435959795824394
0.16405745106170036,-0.5978361885217025,0.24621091924990796,1790750412,615466719,0.11800000071525574,0.1490441556855569,-0.5900440263658704,0.3629922676737305,-2.563137322906498
0.1578340247734681,-0.5978359588731816,0.2445120792296018,1790750412,665336479,0.11900000274181366,0.14663954810942423,-0.5900202046601267,0.3627262845132772,-2.5778533978268325
0.15190009045462965,-0.5978511487543449,0.2430298210713789,1790750412,715243414,0.11999999731779099,0.14436751882627047,-0.5899984236931946,0.3625354461693109,-2.591697795843429
0.14780220804185798,-0.5977674651104282,0.2438120336906689,1790750412,766120768,0.11900000274181366,0.14283915355781893,-0.5899912089623581,0.3624539258833498,-2.600987770046145
0.14429619963065352,-0.5978869650908474,0.24169563708576047,1790750412,815540689,0.12099999934434891,0.14149307051631949,-0.5899855201100516,0.36240483091836073,-2.609155365837323
0.14238139411702333,-0.5978162176743455,0.24265182169315347,1790750412,865467736,0.11999999731779099,0.14077952688595086,-0.5899816429207365,0.36238507862736524,-2.613479464972581
0.14079062613731247,-0.5976813506309167,0.2446252108773574,1790750412,915275124,0.11800000071525574,0.14018310073740237,-0.5899779466716624,0.3623719248405477,-2.6170913030523724
0.1402557915672331,-0.5976799159728133,0.24462013953108191,1790750412,965786103,0.11800000071525574,0.13997910266328908,-0.5899765766307213,0.36236809991694746,-2.6183261902325032
0.13992140754052484,-0.5979401460038938,0.24062612464458355,1790750413,15300016,0.12200000137090683,0.13985066407338398,-0.5899756833005974,0.36236585794358056,-2.6191035500426505
0.13985070668879118,-0.5984154736469058,0.24376700378721472,1790750413,65143173,0.11900000274181366,0.13982072225208803,-0.5902422258966215,0.362485990367701,-2.6190837873832757
0.139831785410544,-0.5992176380134606,0.24394531101963743,1790750413,115542076,0.11900000274181366,0.13980989247657785,-0.5905593267816326,0.36262990909311915,-2.618913691238321
0.13983540950076345,-0.6036803048975926,0.24398711450773994,1790750413,165206953,0.11999999731779099,0.13979157809831236,-0.5922802903735775,0.3634443750820987,-2.6178369304881337
0.13984211527109136,-0.6090230485966552,0.24226148292374167,1790750413,215303418,0.12300000339746475,0.13980414770886407,-0.5941710213367338,0.36436151028045893,-2.6165876987584493
0.13985032154280058,-0.6177344857903032,0.24282919555997548,1790750413,265335595,0.125,0.1397620280959297,-0.5973777979966322,0.3661604465320557,-2.615477754238873
0.13986773789759874,-0.6284081797048056,0.23690742913248308,1790750413,315266595,0.1340000033378601,0.13980267417286818,-0.6005442873715733,0.3679784029035674,-2.614396897469571
0.1398757910785062,-0.6376132646441237,0.23622086423133906,1790750413,365369171,0.1379999965429306,0.1397884699668546,-0.6034161364135124,0.3699165928155068,-2.6145434315903535
0.13989433646056884,-0.6482045693381996,0.23090432741600214,1790750413,415921141,0.1469999998807907,0.1398193944692682,-0.6060619303207285,0.371733984538689,-2.614927309816189
0.1399011789515423,-0.6522523595849344,0.23161627892004633,1790750413,465379821,0.14800000190734863,0.1398298924106811,-0.607242115456644,0.3726059005463064,-2.6153581567605486
0.1399089042047097,-0.6565735108791632,0.2292330326480995,1790750413,515873105,0.15199999511241913,0.13983825925316823,-0.6081934571659061,0.373328014955495,-2.6158077082697577
0.13987769815728499,-0.6574321900566255,0.2285355891860154,1790750413,565578659,0.15299999713897705,0.13983101404459308,-0.6083563263337252,0.37345127689777396,-2.6159297475811267
0.13983910844127173,-0.6568978547682343,0.23048017534214807,1790750413,615356778,0.1509999930858612,0.13982021909061998,-0.6083889331743548,0.37347626648075727,-2.6159965528170273
0.13949846058614943,-0.6559538589297483,0.23333478256954926,1790750413,665510058,0.14800000190734863,0.1397178408682608,-0.6083959194719167,0.3734853973787332,-2.6164608928111335
0.1390999884536784,-0.656600546910235,0.23144830295587768,1790750413,715268575,0.15000000596046448,0.13959983425404462,-0.6083981506426396,0.3734915391073289,-2.616992729067272
0.13802019896340031,-0.6572536688063401,0.22957688868284504,1790750413,765363105,0.15199999511241913,0.13928249388211772,-0.6084037616808224,0.37350774603991743,-2.6184223563510325
0.13680527101700243,-0.6575860831177386,0.2286594846496405,1790750413,815544283,0.15299999713897705,0.13892697905450496,-0.6084094024593855,0.3735254625704655,-2.620022594230036
0.1346149101165504,-0.6576043113582857,0.22872475533472117,1790750413,865513210,0.15299999713897705,0.13828056184162302,-0.6084179191559275,0.37355659211128506,-2.622927673197587
0.1322419816527556,-0.6576214278151987,0.22881234839819822,1790750413,915534785,0.15299999713897705,0.1375787891259605,-0.6084246289942878,0.37358870211763595,-2.626076057624982
0.12890501456112052,-0.6566740857328695,0.23180464554810098,1790750413,965407479,0.15000000596046448,0.13654328653817274,-0.6084281005761335,0.3736284217832583,-2.6307046468118664
0.12499092859926877,-0.6579725614370069,0.2282293199924034,1790750414,15372572,0.15399999916553497,0.13544322549534146,-0.6084253415322808,0.37366598054363387,-2.6356078155664115
0.11979970612265119,-0.6590139867439225,0.22587230511682216,1790750414,65203081,0.15700000524520874,0.13399918739054636,-0.6084544580853658,0.373828752899752,-2.6422599976866734
0.11545483966997885,-0.6565133410340841,0.23399638722272695,1790750414,115493528,0.14900000393390656,0.13247125733240933,-0.6084791905657557,0.3740112546155431,-2.6493086177223026
0.10907780476240479,-0.6569594427966219,0.2339848870595967,1790750414,165224730,0.15000000596046448,0.1305962761422746,-0.6085219046040327,0.3743086629190517,-2.6580950256303977
0.10266821221868665,-0.6567536265479255,0.2360455016706199,1790750414,215809505,0.14900000393390656,0.12861165164367336,-0.6085509655527133,0.37462559618670427,-2.667383943945165
0.0945370458230414,-0.6579376477316033,0.23493934040872608,1790750414,265394084,0.15199999511241913,0.12635666822980735,-0.6086222806253364,0.37515169618110583,-2.678263251999159
0.08789777631539855,-0.6565192377156877,0.2414892039492534,1790750414,315745644,0.1469999998807907,0.12400459341220842,-0.6086762467527659,0.37571418649651167,-2.6896211759693887
0.07994437521352868,-0.6561983395242997,0.24596383128743288,1790750414,365419983,0.14499999582767487,0.12142357576170625,-0.6087897703087869,0.37656590736912354,-2.702570193937536
0.07203709089521759,-0.6558633945358262,0.25074914940564685,1790750414,415306909,0.14300000667572021,0.1187782208061732,-0.6088802048943935,0.37746477028571196,-2.715886232699327
0.0614540434877062,-0.6576535902052201,0.2511361167019125,1790750414,465356780,0.1469999998807907,0.11597296094014412,-0.6090391298233117,0.3787030475521238,-2.7306381082750453
0.053909598065371295,-0.6567834915047704,0.25886066240390515,1790750414,515139463,0.14300000667572021,0.11315197975967371,-0.609168416711034,0.37998929969843387,-2.74557469544999
0.04585864925479108,-0.6563908461015142,0.26656710730934585,1790750414,565616034,0.14000000059604645,0.11024255531275082,-0.6093712168268361,0.38164910968367305,-2.7617801148341075
0.036357184835831474,-0.6573065177499557,0.2712881092933236,1790750414,615254632,0.14100000262260437,0.10737821805206349,-0.6095353727955365,0.3833368990691046,-2.7779100752804577
0.02732425838286069,-0.6580724291500617,0.2778013550471745,1790750414,665370782,0.14100000262260437,0.10457439534973144,-0.6097922844197348,0.38542312191147027,-2.7948279303283488
0.020325258745250513,-0.6577795311924706,0.2869533200871037,1790750414,715550210,0.1379999965429306,0.10180115761417678,-0.6100129519906756,0.38757156326749326,-2.8118843898869716
0.01334467939352238,-0.6579648097098185,0.29594820889551127,1790750414,765426459,0.13600000739097595,0.09920853961011845,-0.6103119217517076,0.3900364748392626,-2.829141052135216
0.0055209241998495084,-0.6588126398085137,0.30389033497461454,1790750414,815466210,0.13600000739097595,0.09666733919244638,-0.6105699778458713,0.39255249494774536,-2.8465082181971653
-0.0038187258903609467,-0.6608583131308332,0.3105497374715024,1790750414,865278144,0.13899999856948853,0.09436731321969567,-0.6108920895524024,0.39530749716055097,-2.863748468333012
-0.009272018660602926,-0.6610813106381563,0.32068533608216904,1790750414,915517313,0.13699999451637268,0.09213452575179537,-0.6111741763095692,0.3981126516170034,-2.881127487088448
-0.014463072339816196,-0.661756060130773,0.3303050516754923,1790750414,965369766,0.13600000739097595,0.09025787526732588,-0.611524057943855,0.40106005926436317,-2.8977474622300563
-0.017553663753024293,-0.6616421320869698,0.34106455768608934,1790750415,15749733,0.13300000131130219,0.08847798208428716,-0.6118393605721971,0.40404054024519437,-2.914426678856889
-0.02036928373172303,-0.6618899536304607,0.3508256647712939,1790750415,65393313,0.13099999725818634,0.08704400759559204,-0.612178423522,0.4069696573453333,-2.9298738986502513
-0.02695662356911925,-0.6640226431379972,0.35883597180900706,1790750415,116652141,0.1340000033378601,0.08567857686306421,-0.6124882540771088,0.4099585623367704,-2.945645227466479
-0.024920719829118088,-0.6626209806485318,0.369225345795086,1790750415,165413294,0.12800000607967377,0.08468290369869604,-0.6127976706387969,0.41268434999034515,-2.9593600377211917
-0.028466699686673883,-0.6638966060493687,0.3771728736879291,1790750415,215298895,0.1289999932050705,0.08376512121677432,-0.6130816560632811,0.4154201936138532,-2.9731850094737284
-0.028679902846042063,-0.6639321153426411,0.3851552370963719,1790750415,265289737,0.12700000405311584,0.08311641754162011,-0.6133636454648335,0.4179182288933355,-2.9853699507685216
-0.032087612757375025,-0.665524655275705,0.3920041158970755,1790750415,315627019,0.1289999932050705,0.08255631428782194,-0.6136227370015307,0.42035828874737613,-2.9973286898761464
-0.03140386793247639,-0.6654157019306188,0.39867743631605634,1790750415,365674362,0.12700000405311584,0.0821973749166946,-0.6138622314615128,0.42246815583451836,-3.0074301919375808
-0.03316179383488288,-0.6664833557663528,0.4045505206497625,1790750415,415577324,0.12800000607967377,0.08190507663904936,-0.6140821268928821,0.42449364197722705,-3.0171911221935943
-0.03278306999516328,-0.6666027934838038,0.4095065365231502,1790750415,465511267,0.12700000405311584,0.08173166704178363,-0.6142613682573088,0.4261122956479111,-3.0249334655849847
-0.03226556454915759,-0.666688489938891,0.4142333250143156,1790750415,515988874,0.12600000202655792,0.08159578408121793,-0.6144267570186267,0.4276610973886019,-3.032396854895531
-0.03064094448031586,-0.6662105102178765,0.41763823787416465,1790750415,565425812,0.12399999797344208,0.08153478627758766,-0.6145477943221672,0.4287543843567909,-3.0376222872285092
-0.03166859687425394,-0.6669651337084115,0.42063883589289486,1790750415,616531694,0.125,0.08149235634613725,-0.6146622579187759,0.4298044155464903,-3.0426622514530273
-0.031718289560674726,-0.66715721625179,0.42241927376439325,1790750415,665138781,0.125,0.08147254766473584,-0.6147259242966677,0.4304063878944987,-3.0455734651537494
-0.02993881735802581,-0.6664920689372678,0.4241724302957559,1790750415,715430442,0.12300000339746475,0.0814574513549825,-0.6147832537345664,0.43095996172687756,-3.0482646410228003
-0.029043613297402238,-0.6661537259320947,0.4250003378036132,1790750415,765223597,0.12200000137090683,0.08145121782614391,-0.6148101854971658,0.43122396095151605,-3.0495527409922394
-0.03267276400094678,-0.6679051454191121,0.42543900563737835,1790750415,815988133,0.12600000202655792,0.08144662368339461,-0.6148318892506619,0.4314386177016419,-3.0506023565882585
-0.030862681698240635,-0.6670802066724628,0.42569989019034266,1790750415,865273931,0.12399999797344208,0.08144548393935186,-0.6148375211432832,0.4314944770808794,-3.0508759082762045
-0.03086338945198565,-0.6670900101050928,0.42579275667064,1790750415,916622612,0.12399999797344208,0.08144484469847034,-0.6148406796344147,0.43152577549023774,-3.0510292950900944
-0.029957647842450627,-0.6666681939227246,0.4258346986468641,1790750415,965293033,0.12300000339746475,0.0814448767597888,-0.6148405328212396,0.431524328931285,-3.0510221534898165
-0.032674636714389846,-0.6679302680322813,0.42567684450270904,1790750416,15283097,0.12600000202655792,0.08144500905098426,-0.6148398907903423,0.43151797499147143,-3.050990949304264
-0.03176787144160437,-0.667494645834409,0.4255880153726666,1790750416,65636989,0.125,0.08144594063490357,-0.6148353254234404,0.43147263336877284,-3.0507688991877195
-0.029955139747484594,-0.6666359298057194,0.42552905860177614,1790750416,115385486,0.12300000339746475,0.08144703294397303,-0.6148300886924063,0.4314207121846976,-3.050514751694957
-0.03085782326676567,-0.6670233086498927,0.42516149423233784,1790750416,165292725,0.12399999797344208,0.08144930444221479,-0.6148191930601323,0.43131282568685636,-3.0499871078294745
-0.029042488663036214,-0.6661441300760411,0.4249096533664129,1790750416,215829647,0.12200000137090683,0.08145196077509519,-0.6148070412493886,0.4311929875664914,-3.0494016223359033
-0.02903467003072764,-0.6660822384938033,0.4243269413947045,1790750416,265650635,0.12200000137090683,0.08145660728049807,-0.6147867279772528,0.43099391773196133,-3.0484302759270148
-0.030835564108059196,-0.6668555551178476,0.4235833845475064,1790750416,315753145,0.12399999797344208,0.08146206356388548,-0.6147646627941723,0.43077930377927953,-3.0473850065416874
-0.032627544249741014,-0.6675940677564914,0.4225174505125318,1790750416,365937934,0.12600000202655792,0.08147093982296248,-0.6147316072449279,0.4304607943718278,-3.0458374453159314
-0.0289810291405751,-0.6658120423714623,0.42180376019243254,1790750416,415308056,0.12200000137090683,0.08148126371410666,-0.6146968103118554,0.4301293378468856,-3.044231580045632
-0.030749724483696894,-0.6665025077274428,0.42030450534794617,1790750416,465229416,0.12399999797344208,0.08149741488020341,-0.6146474369946203,0.42966563996554286,-3.041992772162989
-0.030695050269638008,-0.6663455083556056,0.41886439797705377,1790750416,515298119,0.12399999797344208,0.08151686151006086,-0.6145942562801671,0.42917430878089385,-3.039630250280936
-0.03151449272043953,-0.6665569497465089,0.4169133283617298,1790750416,565290804,0.125,0.08154482458086411,-0.6145236542594866,0.42853773940588047,-3.0365880237214986
-0.03321292353629114,-0.6671668103685716,0.41472809950666994,1790750416,615970709,0.12700000405311584,0.08157881222044597,-0.6144469119164997,0.42786091103543733,-3.033371523827617
-0.031241553382842166,-0.6660750578222755,0.41257366963358,1790750416,665334683,0.125,0.08163227543499825,-0.6143565831308946,0.427054627599055,-3.0295296602485497
-0.03284386418388728,-0.6666234834699988,0.4098489161197062,1790750416,715214718,0.12700000405311584,0.08169603071913305,-0.6142597194827462,0.4262089199761792,-3.0255213937536625
-0.033437576297477525,-0.6667245932621501,0.40681232634165054,1790750416,765366302,0.12800000607967377,0.08180649690350218,-0.614159465640031,0.42524361784588605,-3.020838288568749
-0.03127551642940209,-0.6655843889055371,0.40414175907714806,1790750416,815593591,0.12600000202655792,0.08193390939767355,-0.614054453910067,0.4242487780993474,-3.0160243290312754
-0.030808449498701762,-0.6652057212283166,0.40071853802992596,1790750416,865379033,0.12600000202655792,0.08208930574058322,-0.6139248923381753,0.42308757826331866,-3.010467851001479
-0.029373818858191333,-0.664401076854875,0.3973797875808848,1790750416,915436625,0.125,0.08226255548287593,-0.6137840662060191,0.4218795458848907,-3.0047385859917592
-0.031312373926095,-0.6651910831659056,0.392826331645109,1790750416,965482227,0.12800000607967377,0.08252041628115525,-0.6136469595259907,0.4205626029918824,-2.9982992480857207
-0.02957946860731285,-0.6643500621650703,0.38900458226235507,1790750417,15779054,0.12700000405311584,0.08280905319684363,-0.6135019429986583,0.41920872061137016,-2.991695913901512
-0.027661791131318406,-0.6634645114768616,0.3848188272786742,1790750417,65302307,0.12600000202655792,0.08315937976229079,-0.6133382676095382,0.4177130253721936,-2.984400025101472
-0.028221853947957634,-0.6637326843301974,0.37962269782241564,1790750417,116183769,0.12800000607967377,0.08354950783891225,-0.6131555380912963,0.41613456601666143,-2.976762048071089
-0.028513294714694187,-0.6639913684390824,0.3741411788772002,1790750417,165188766,0.12999999523162842,0.08403930250832431,-0.6129832498065745,0.41451547084806195,-2.9686922658752017
-0.02856333549403095,-0.6641997566982428,0.3683292269428413,1790750417,215956274,0.13199999928474426,0.0845865139591124,-0.612791884509326,0.4128077842138621,-2.960210953259839
-0.027434833329406508,-0.6640088930253963,0.36258372254961574,1790750417,265508055,0.13300000131130219,0.08524783194120228,-0.6126092258656526,0.4110573392104951,-2.9512519705933706
-0.02190967031710904,-0.6618691854072858,0.35867514782184123,1790750417,315389895,0.1289999932050705,0.08595720680005363,-0.61241024476978,0.40926712602901205,-2.94211449033039
-0.019384923493558956,-0.6612558692205124,0.35299595031244313,1790750417,365390385,0.1289999932050705,0.08680907885471995,-0.6122114445326747,0.40738782947837193,-2.9322395797347873
-0.018247162514180154,-0.6613650211247085,0.3463474788095382,1790750417,415792471,0.13099999725818634,0.08771793689346256,-0.6119920004744107,0.40546348189701437,-2.922148963321448
-0.013512255168741369,-0.6599815185299349,0.3414299235234651,1790750417,465248168,0.1289999932050705,0.08876691680503397,-0.6117877068167825,0.40353729619229034,-2.911631736662111
-0.013982580509768902,-0.6611642100358215,0.3329514806652373,1790750417,515722098,0.1340000033378601,0.08988921685660724,-0.6115589007733571,0.40155150908651616,-2.9007877515967952
-0.010037734752694275,-0.6605007480818876,0.32680896735151044,1790750417,565553752,0.1340000033378601,0.0911831307364642,-0.6113500619096427,0.3995726075364936,-2.889409259225867
-0.004367701217898257,-0.6590828418196572,0.32185577090895806,1790750417,615466056,0.13199999928474426,0.0925341583124651,-0.6111185674028091,0.3975753708180669,-2.87789504653845
-0.0018432981243911989,-0.6595099464549643,0.31398141183933354,1790750417,665336517,0.13500000536441803,0.09407628009218379,-0.6109122207911829,0.39560675731152795,-2.8658110406025346
0.003153269040153839,-0.658820364180446,0.30791345499926503,1790750417,715301534,0.13500000536441803,0.09567652608237204,-0.6106820317417189,0.39362896879175835,-2.853598825030963
0.009391569481851311,-0.6578161081686864,0.3025149828762397,1790750417,765438460,0.1340000033378601,0.09749696344765123,-0.6104811443087773,0.3916936891073732,-2.840715174279996
0.013339022579353904,-0.6581922151730294,0.29452847353052214,1790750417,815592720,0.13699999451637268,0.09937571371356947,-0.6102545407714162,0.38975801542339616,-2.8277087316497234
0.01853055315125668,-0.6582696198441238,0.2873255501253383,1790750417,865454625,0.13899999856948853,0.10143627310169309,-0.6100678875380303,0.3879448037724874,-2.8143679455876534
0.026466916250325725,-0.6569269881023713,0.28312618903031056,1790750417,916089880,0.13699999451637268,0.10357713254945569,-0.6098514402440004,0.3861160226723831,-2.8007451260833665
0.03140763991476943,-0.6577324796150387,0.2747928209426121,1790750417,965256537,0.14100000262260437,0.1058514899117894,-0.609683960565537,0.38447624610040565,-2.7871153679222354
0.03848728829486335,-0.6574687606994613,0.26880436973176636,1790750418,15305000,0.1420000046491623,0.10820902151449978,-0.6094854445958906,0.3828240286196826,-2.7731698213350002
0.04618487157351252,-0.6572825186882685,0.26310230354014014,1790750418,65390989,0.14300000667572021,0.11076932897699975,-0.6093334032230285,0.3813339917512718,-2.758808033566723
0.0542284743866476,-0.6570687616220746,0.25762796523153797,1790750418,115593583,0.14399999380111694,0.11337556740175103,-0.609151679888527,0.3798636919268251,-2.7443363383578885
0.06343120061597479,-0.6562927776416829,0.2543614034028786,1790750418,165316032,0.14300000667572021,0.11611939058336541,-0.6090228491675205,0.37861320584157065,-2.7298103081614995
0.07264503494320612,-0.6558179145186275,0.25047831056300307,1790750418,216278781,0.14300000667572021,0.1189578565748445,-0.6088595759347186,0.3773602986433096,-2.714886054116545
0.08108939545712329,-0.6564638996925642,0.24458033889997863,1790750418,265529244,0.1459999978542328,0.12185731645919808,-0.6087681639127727,0.37641012604624113,-2.700364841328674
0.08983282617960833,-0.6574030913197416,0.23800417501653873,1790750418,315298573,0.15000000596046448,0.12480320977578988,-0.6086454505715627,0.3754805967329437,-2.6856742942619896
0.10013043057159025,-0.6571714466604804,0.23566589885927522,1790750418,365674863,0.15000000596046448,0.12791596157680107,-0.608592068156261,0.3748348969840071,-2.670835565357736
0.11066507478406562,-0.6562823925931004,0.23563924781766726,1790750418,415255172,0.14800000190734863,0.13098768162706398,-0.6085100565579097,0.37423504907232624,-2.656237019413386
0.12088113357066371,-0.6568123456313426,0.2325345105951502,1790750418,465518154,0.15000000596046448,0.1341518740868793,-0.6084887074402962,0.373915963502777,-2.6417631658693423
0.13156254654677044,-0.6553905968142671,0.2355015116896936,1790750418,515700997,0.1459999978542328,0.13730051564082896,-0.6084354002379481,0.37362567539246805,-2.627372856611699
0.1418300211602791,-0.657965085538934,0.22782114572782125,1790750418,565293667,0.15399999916553497,0.1404282680631455,-0.6084462245421577,0.37363581315473476,-2.6136492128846927
0.15240962975411865,-0.6572994661340068,0.23000844128327103,1790750418,615422870,0.15199999511241913,0.14357077369084,-0.6084242485573652,0.3736645801862223,-2.599864642351755
0.16273957525010194,-0.6567811225407709,0.23291137663853204,1790750418,665656362,0.15000000596046448,0.14671252097480358,-0.608471139197095,0.37401162762601176,-2.58664182873971
0.17365607185057474,-0.6578469088949144,0.23152581930838154,1790750418,716111903,0.15299999713897705,0.14984450219406228,-0.6084854107583207,0.37437346814003397,-2.573467822179286
0.1842357978999266,-0.6587651487277317,0.2318278808737494,1790750418,765888074,0.1550000011920929,0.15285956067407386,-0.6085804973436563,0.37508301297223523,-2.5613984483607672
0.1946579748041872,-0.6593307340146449,0.23345549576502345,1790750418,815683987,0.15600000321865082,0.1558445033795019,-0.6086434193669961,0.37579421703929383,-2.5494753741014065
0.20443501847517662,-0.6597065943512123,0.23660297925787319,1790750418,865249676,0.15600000321865082,0.15869593429308046,-0.6087647283503483,0.37677738302244146,-2.5386326296089345
0.21449830285129726,-0.6603733725775475,0.23922758971882951,1790750418,915288267,0.15700000524520874,0.16153963038078442,-0.6088540973202414,0.3777560883540145,-2.5278773300905635
0.22407912674609595,-0.6611727177971429,0.24239135597594916,1790750418,965152079,0.15800000727176666,0.16420528952877317,-0.6089990663575567,0.3789821170478914,-2.518418119659683
0.2336278554701268,-0.6619321573197274,0.24590667147673032,1790750419,15389200,0.1589999943971634,0.16685487441388094,-0.6091129763487403,0.38019182084446324,-2.5091317627420344
0.24117264829745,-0.6618117911055694,0.25230393626439995,1790750419,65492931,0.15700000524520874,0.16927854065957654,-0.6092778863482602,0.38161142941502674,-2.5013845876557035
0.24802052922012052,-0.6612967874597478,0.2597197445335937,1790750419,116534893,0.15399999916553497,0.17171499952203423,-0.609412817672325,0.3830141870668119,-2.493775357905983
0.2563206084820341,-0.6625615318961259,0.2632030708026455,1790750419,165403925,0.15600000321865082,0.17382981453973972,-0.6095913639603391,0.38455145862812734,-2.488096854166111
0.2641703000024017,-0.663439704511855,0.26779757223648465,1790750419,215291700,0.15700000524520874,0.17597488768583933,-0.6097407428765675,0.3860641880356993,-2.4825628265978303
0.270145680049929,-0.6637342785826976,0.2740275229895033,1790750419,265370190,0.15600000321865082,0.17785918874070566,-0.6099310826417611,0.38771314491502606,-2.478881982537573
0.27646627802994317,-0.6642975445964353,0.27957197518882637,1790750419,315264825,0.15600000321865082,0.1797230227705991,-0.610090329734583,0.3892912598336209,-2.4755581597521945
0.28273903062944855,-0.665304133648804,0.2844912817137914,1790750419,365494714,0.15700000524520874,0.18133460971448942,-0.6102850526316181,0.3909762374114002,-2.474202852319702
0.2882664820049159,-0.6658888819540183,0.2901973094380326,1790750419,416092348,0.15700000524520874,0.1829600251849472,-0.6104510156166585,0.3925994323407375,-2.473207305291408
0.2887563868243646,-0.6643891815235174,0.2993736749782437,1790750419,465569711,0.1509999930858612,0.184274570002213,-0.61063707303841,0.3942170126402942,-2.47427745338577
0.2960916454119806,-0.6663733715086464,0.3023225239990086,1790750419,516138771,0.1550000011920929,0.1856339974704865,-0.6107981191560096,0.39578641920310587,-2.475716538210864
0.3006666783204922,-0.6673176177572305,0.30685868722839266,1790750419,565689764,0.15600000321865082,0.1867405350192239,-0.610968359012462,0.3973108619708115,-2.4789427323727997
0.3029647226842804,-0.6670960306860099,0.3130967874801147,1790750419,615536436,0.15399999916553497,0.1878836865657757,-0.6111134034391293,0.3987606673561338,-2.4824906474564092
0.3068617164107766,-0.6680172255527719,0.3173636699287741,1790750419,665263422,0.1550000011920929,0.18878149604880645,-0.6112762786787195,0.40020403977737706,-2.488141163520835
0.30996963740431527,-0.668510437150438,0.32218807915109815,1790750419,715781934,0.1550000011920929,0.18971702435675297,-0.6114209526557326,0.40159274012834084,-2.4943058554974438
0.3124341759207154,-0.6690503458288868,0.3266053657493415,1790750419,765234417,0.1550000011920929,0.19039106489955235,-0.6115757922701999,0.4029411706842114,-2.50261362607386
0.31489812851085747,-0.6695353001963457,0.331044424785202,1790750419,815953645,0.1550000011920929,0.19111020485510793,-0.6117161924349847,0.4042462082622953,-2.5115479572070183
0.31464517662141617,-0.6688395664047717,0.33647984220727295,1790750419,865481296,0.15199999511241913,0.19175811131125542,-0.611842100938909,0.40542950953133994,-2.520844112994636
0.3209153112022357,-0.6710766534193897,0.3383108825385269,1790750419,915795778,0.15700000524520874,0.1924761265406714,-0.6119516033083892,0.40655021093381394,-2.53038723621246
0.3200759413366218,-0.6704206475636472,0.3433919549249794,1790750419,965344253,0.15399999916553497,0.19289714699975943,-0.6120867108931244,0.4077247292047062,-2.5426300864747056
0.32163583370648907,-0.6708610463794015,0.3471089058061317,1790750420,15148832,0.15399999916553497,0.19332393982614302,-0.6122136292856253,0.408854659506708,-2.5554390943483676
0.31973799541826525,-0.6697131467239884,0.3521442398684723,1790750420,65364341,0.15000000596046448,0.19375168657084796,-0.6123258553293405,0.4098863437228378,-2.5680668662851116
0.32287389035363645,-0.6707972631451838,0.35474661572362426,1790750420,115437876,0.15199999511241913,0.1942285566766905,-0.6124242094997061,0.41084441644187747,-2.580605017929837
0.32412849446375064,-0.6711835429734881,0.3581395017845631,1790750420,165652403,0.15199999511241913,0.19459041369342897,-0.6125459922360686,0.4118565548313713,-2.593986546024382
0.3262070715721944,-0.6719270410055835,0.36114325811987386,1790750420,215453306,0.15299999713897705,0.19496453748073597,-0.612659159900681,0.41283188974341845,-2.607407257169457
0.328982996833338,-0.6730840168223662,0.36376164856047594,1790750420,265325099,0.1550000011920929,0.1952558177103059,-0.6127746305178121,0.4138098239209559,-2.620907838120964
0.3291721331209397,-0.673051758798953,0.36739686982238434,1790750420,316205466,0.15399999916553497,0.19556872646210133,-0.6128793152224712,0.4147825903104486,-2.6346928540628247
0.32664204219513115,-0.6717750847054129,0.37156047009418713,1790750420,365245287,0.15000000596046448,0.19588155631396206,-0.6129635558334767,0.4156388229672856,-2.64711832573577
0.3302331991169559,-0.6732101940388414,0.3736805972178809,1790750420,415468074,0.15299999713897705,0.1962334073343092,-0.6130357851716741,0.4164835812753188,-2.65969960443907
0.3328210947899387,-0.6744236461545245,0.37651919971093356,1790750420,465353015,0.1550000011920929,0.1964439574723474,-0.6131852000488326,0.4174597603466639,-2.671601237476349
0.33096889423729103,-0.6736613967034517,0.38078456531073795,1790750420,515563144,0.15199999511241913,0.19664740073060924,-0.6133261526563019,0.41848593427899616,-2.6834702925305782
0.3263548429385825,-0.6716178612871737,0.3853675324738938,1790750420,565220286,0.1459999978542328,0.19685733368773736,-0.6134292761252588,0.4194333955646454,-2.69429494074747
0.3332653283131736,-0.6747232707580231,0.38695735797709263,1790750420,615737085,0.15299999713897705,0.19709014475596318,-0.6135093136265536,0.4203964064084348,-2.705130261343187
0.3320671814507669,-0.6742654022938621,0.39046107870008345,1790750420,665418866,0.1509999930858612,0.1972630775893196,-0.6136182312326491,0.4212956718758371,-2.7142791664091765
0.33262299562946196,-0.6745943774013429,0.3935728888190094,1790750420,715617569,0.1509999930858612,0.19744041622392325,-0.6137156450814037,0.42221635383832146,-2.723242146272253
0.33126795340864773,-0.674139342743611,0.39690398878590144,1790750420,765374370,0.14900000393390656,0.19755582407943503,-0.6138352949269144,0.42308584241534547,-2.730638359253571
0.3343674456461688,-0.6756947420387628,0.3993905635007391,1790750420,815263847,0.15199999511241913,0.19767014400172406,-0.6139417990527787,0.4239755237381062,-2.737792259892225
0.33472103497851746,-0.6759779661343397,0.40214198922738453,1790750420,866055724,0.15199999511241913,0.19778591270218462,-0.6140175950767363,0.42480656995911936,-2.7442818423459365
0.33414198340015366,-0.6758179718308369,0.404924040520188,1790750420,915554003,0.1509999930858612,0.19790620712646206,-0.6140729533012373,0.42562099347984306,-2.7504625716428555
0.33437795842895257,-0.6760778255843944,0.40733084835707495,1790750420,965584769,0.1509999930858612,0.19797941408139927,-0.6141495333983131,0.42633931064927577,-2.7554092255828855
0.33187617995322627,-0.6750948566363668,0.41006791471582443,1790750421,15883279,0.14800000190734863,0.19804953863672053,-0.6142200719844227,0.42705883087999785,-2.7601519723017436
0.33381021141781153,-0.6761742186521729,0.41192158387396066,1790750421,65174527,0.15000000596046448,0.1980708246683285,-0.6143107281100254,0.4276609997130342,-2.7636225931846607
0.3330108155935464,-0.6760202974497753,0.41414730896466206,1790750421,116302073,0.14900000393390656,0.19808748827910955,-0.6144008846238846,0.4282804219160953,-2.767012975494405
0.33580620976712566,-0.677452961245264,0.41555096875416936,1790750421,165068881,0.15199999511241913,0.1981068833989564,-0.6144612384392061,0.42877733975503785,-2.7697025615151007
0.33406540055266076,-0.6768047939438344,0.4173921410446117,1790750421,215187898,0.15000000596046448,0.19812940490864708,-0.6145144588318479,0.4292799931654321,-2.7723759971395316
0.3332111144452835,-0.6765289109000094,0.41881257487642404,1790750421,265182024,0.14900000393390656,0.1981495262871231,-0.6145529138449962,0.4296911945285962,-2.77452404241069
0.33235002330813435,-0.67624120523457,0.4201669823059186,1790750421,315253124,0.14800000190734863,0.19817037462448797,-0.6145860613392954,0.43008996950541784,-2.776575552674264
0.33510213800016453,-0.6775878011891145,0.42096431968252146,1790750421,365331770,0.1509999930858612,0.19818733792587828,-0.6146090655671651,0.4303990582591301,-2.7781456723050466
0.33875757455766153,-0.6793470899463951,0.42167720827342253,1790750421,415619492,0.1550000011920929,0.19820418852100732,-0.6146288912132691,0.4306939036724945,-2.7796274034492745
0.3324285659706083,-0.6764851648585823,0.42274682304845207,1790750421,465262244,0.14800000190734863,0.1982165988433833,-0.6146418186016652,0.43090457814179317,-2.780676573635224
0.3306313375118368,-0.6757050401274198,0.4234757367263167,1790750421,515509809,0.1459999978542328,0.1982286484349807,-0.6146531355577757,0.4311041210291956,-2.781663194506281
0.3342691880114933,-0.6774144207363177,0.4236807738605603,1790750421,565407573,0.15000000596046448,0.1982367632602494,-0.6146601063128955,0.4312357209604936,-2.7823102129469355
0.3342782448485713,-0.6774473264036034,0.4240564248296571,1790750421,615381968,0.15000000596046448,0.19824425805056461,-0.6146661168256682,0.43135546229431543,-2.782896420965652
0.33337647567405615,-0.6770476697156614,0.42432296762249677,1790750421,665482364,0.14900000393390656,0.19824869222944017,-0.6146694755817843,0.4314253763861122,-2.7832376477280207
0.33156696875868574,-0.6762262505394389,0.4246030139647299,1790750421,715173756,0.1469999998807907,0.19825252253725023,-0.6146722674195946,0.4314852778151189,-2.783529386663077
0.33428948911300005,-0.6774893476947699,0.42454281870522714,1790750421,765458089,0.15000000596046448,0.19825416843910926,-0.6146734411208632,0.4315109747446184,-2.7836542959089896
0.33157010390033137,-0.6762380339336426,0.4247407961106738,1790750421,815345122,0.1469999998807907,0.19825538839023718,-0.6146743012359956,0.4315300088594247,-2.783746719613568
0.33701172705883664,-0.6787516519159851,0.42447316424372183,1790750421,865230803,0.15299999713897705,0.19825558066363044,-0.6146744359288453,0.43153300513545023,-2.7837612628936768
0.33610482228637095,-0.6783328457261709,0.42451930708902175,1790750421,915912122,0.15199999511241913,0.19825558066363042,-0.6146744359288451,0.43153300513545,-2.7837612628936768
0.3351956659098592,-0.6779054148282841,0.42446483677384345,1790750421,965556884,0.1509999930858612,0.19825351916834574,-0.6146729865805236,0.43150091349654474,-2.7836054547490106
0.3333792087975618,-0.6770578803767233,0.42444127421713956,1790750422,15254942,0.14900000393390656,0.19825111629337944,-0.6146712628282363,0.4314633636030786,-2.7834229322585786
0.33155698742203327,-0.676189583745664,0.4241779828237029,1790750422,65711674,0.1469999998807907,0.19824377469717894,-0.6146657278767527,0.4313475321088138,-2.782857924064767
0.3360816981482352,-0.6782465909670168,0.4235285111102095,1790750422,115514243,0.15199999511241913,0.19823576854520317,-0.61465926689868,0.4312194423853989,-2.782230496995696
0.33152726851066316,-0.6760859230521612,0.4230075137503635,1790750422,165466109,0.1469999998807907,0.19822053721750232,-0.6146456519849981,0.430970455925151,-2.7810031188657813
0.33331720850456875,-0.6768433366506381,0.4220418587121805,1790750422,215961055,0.14900000393390656,0.19820444080755542,-0.6146292066145032,0.4306988328604596,-2.779652016001231
0.32874302832586894,-0.674632256378937,0.42102547622884096,1790750422,265234016,0.14399999380111694,0.19818057805239436,-0.6146003700734168,0.43027844439636986,-2.777535356972137
0.3305076501636489,-0.6753251619065908,0.4194670977351389,1790750422,315674128,0.1459999978542328,0.19815650016875916,-0.6145647025476921,0.4298275536595569,-2.775228996767296
0.3349624926006755,-0.6771959802864552,0.41708668832394785,1790750422,365648865,0.1509999930858612,0.19812627368442245,-0.6145076272238592,0.42921176543433026,-2.772015813548542
0.33124718606053705,-0.6753090071643614,0.4153430081095076,1790750422,415382035,0.1469999998807907,0.19809868544189127,-0.614438719804783,0.4285825271612448,-2.768652030169701
0.3311185636978158,-0.6749884635589868,0.41266005508803244,1790750422,465428883,0.1469999998807907,0.19807490690453483,-0.6143288164839596,0.42778594576452733,-2.764324402573367
0.3327728560457216,-0.6754549601130599,0.40965457696285423,1790750422,515460334,0.14900000393390656,0.1980580575958392,-0.6141960175673594,0.42698276812910957,-2.7598130796722895
0.3351641657500647,-0.6763768445623172,0.4060693717686998,1790750422,565202328,0.15199999511241913,0.19793657231688544,-0.6141223803877612,0.42599342268844054,-2.752977179132598
0.3347932780140882,-0.6760462473598208,0.40276909285001394,1790750422,615312900,0.15199999511241913,0.19780766412082407,-0.6140378095364454,0.42499281304186304,-2.7456629017703813
0.3316061572748811,-0.6744236997750419,0.39939604621705,1790750422,665836568,0.14900000393390656,0.19765088313767776,-0.6139262151624576,0.4238304493953762,-2.7366438040111722
0.33197711242051253,-0.6743831561156551,0.39539264393232015,1790750422,715898778,0.15000000596046448,0.19750808830570418,-0.6137802747618493,0.42269418442671347,-2.7274085101569803
0.33128226233056146,-0.6739717176953214,0.39140400390423075,1790750422,765450437,0.15000000596046448,0.19727881314119888,-0.6136626931416694,0.4215021591779399,-2.7160067458477006
0.3314246863568002,-0.6739208633773628,0.3871855845977425,1790750422,815271310,0.1509999930858612,0.1970588410058614,-0.6135172317753724,0.42032496908733064,-2.7041582162483127
0.32697795598080354,-0.6718904828340132,0.3839413739835872,1790750422,865222168,0.1469999998807907,0.19677410789340585,-0.6133926117424572,0.41906909787714486,-2.6901494337858876
0.32957146679336047,-0.6729970470352077,0.37877554983958456,1790750422,915298211,0.1509999930858612,0.19650832370984145,-0.6132386782001394,0.41781572426077573,-2.6756965120919496
0.33108226905640326,-0.6737609876077036,0.37388448409896086,1790750422,965132808,0.15399999916553497,0.19614315599755291,-0.6131064987897854,0.41664507923177685,-2.660194336627282
0.3220694668355255,-0.6697705918478081,0.372423985235312,1790750423,15449558,0.14499999582767487,0.1957973636608054,-0.6129537002394795,0.41546112707612215,-2.644325312474602
0.3294797447725988,-0.673258584407679,0.3653329580810262,1790750423,65388164,0.1550000011920929,0.19539829238431036,-0.612826036102181,0.41427242681843285,-2.627407756450071
0.328167686176989,-0.6727737786752255,0.36115500219885177,1790750423,115648283,0.1550000011920929,0.19503980356308181,-0.6126816447539244,0.4130289135712456,-2.610165543239553
0.3248868170151915,-0.6715898351593861,0.3577081107227905,1790750423,165406823,0.15299999713897705,0.19453621074909688,-0.6125513912502683,0.41185772486156824,-2.5938228910574272
0.3224521633933992,-0.6707406342796167,0.3538840164067629,1790750423,215543875,0.15199999511241913,0.19406956944134585,-0.6124061162255979,0.4106201784881286,-2.5774889804958643
0.32403766426805103,-0.6718198971263869,0.3480680537125192,1790750423,265184692,0.15600000321865082,0.19353301884646384,-0.612270633531894,0.40937403819167484,-2.5616802964480114
0.32058381256292096,-0.6705217863894515,0.3444463062517584,1790750423,315333495,0.15399999916553497,0.19305839962890214,-0.6121173357956067,0.40802451753379987,-2.5457820286753288
0.3150032220389367,-0.668567936128198,0.34152292072675094,1790750423,365429186,0.15000000596046448,0.192325034943781,-0.6119830011465998,0.40670120953762456,-2.532560568396111
0.3159380631939389,-0.6695551985260011,0.33504771327972854,1790750423,415290495,0.15399999916553497,0.191643465803962,-0.6118307473878657,0.40529542173665506,-2.5198831116226676
0.3124484714206648,-0.668644193200121,0.33049945781935175,1790750423,465893284,0.15299999713897705,0.19084460528134056,-0.611673287456549,0.4038194057411373,-2.5086232463343707
0.30825602159264764,-0.6672742513275203,0.3265158945344099,1790750423,515451109,0.1509999930858612,0.1901402900455277,-0.6114911681705111,0.4022649506771568,-2.4978816597509583
0.3087683861361785,-0.668573140898769,0.3186025849998585,1790750423,565777914,0.15600000321865082,0.18911789508754603,-0.6113316449338914,0.4007194050536275,-2.4903458968147922
0.3015621278282599,-0.6661187543407893,0.31593811723787707,1790750423,615584621,0.1509999930858612,0.18814464641706458,-0.6111466451371,0.3990978432593651,-2.483483720590927
0.2989567409582866,-0.666296561397226,0.3092302029097892,1790750423,665221937,0.15299999713897705,0.1868871414833105,-0.6109866202439102,0.39749239417910986,-2.4793177815822136
0.29683201944897286,-0.6667235538018631,0.3017251297370327,1790750423,715194072,0.15600000321865082,0.1856476162089153,-0.6107948768391376,0.3957783730281093,-2.475629289942497
0.2905139516939269,-0.6654220438312632,0.29712936083094826,1790750423,765222864,0.15399999916553497,0.1841782585732064,-0.6106270663441689,0.3941150842839882,-2.4742464082554005
0.28477468376946413,-0.664388028761818,0.2919429503380352,1790750423,815709134,0.15299999713897705,0.18271655848475726,-0.6104247402297815,0.3923476398635063,-2.473294377358843
0.2811283637990632,-0.6648639586724621,0.28423573603798824,1790750423,865269162,0.15600000321865082,0.18104664997023764,-0.6102601263367243,0.3907161241644164,-2.474539463612983
0.2726932625301136,-0.6627928416035613,0.2812220389397742,1790750423,916355762,0.15199999511241913,0.17933158915760758,-0.6100569813573974,0.3889556247120765,-2.476213468327323
0.2683730739947164,-0.6632950662969995,0.2737828801940096,1790750423,965245969,0.1550000011920929,0.17750773285454022,-0.6099050597659443,0.3874402484181687,-2.479628895931039
0.26305288092063805,-0.6633629252197436,0.2669615724105429,1790750424,15213260,0.15700000524520874,0.17564278246147536,-0.6097199155460654,0.3858350507288992,-2.4834154328901707
0.25564550012981907,-0.6625129706827289,0.2627295535402862,1790750424,65376498,0.15600000321865082,0.17363193918001424,-0.6095777119266824,0.3844161805992286,-2.4886354383532785
0.24672623960807366,-0.660612164890733,0.26114482336814865,1790750424,115246390,0.15199999511241913,0.1716207231390664,-0.6094106347739087,0.38297077800752366,-2.494090674096
0.2416451319624075,-0.6615234941295645,0.25364807370687165,1790750424,165164292,0.15600000321865082,0.16955319130172405,-0.6092893761773684,0.381750962112058,-2.500479389191087
0.23358815793378523,-0.6603841792169035,0.2512080283472413,1790750424,215502680,0.15399999916553497,0.1674615954432384,-0.609145183343593,0.3805055255313069,-2.507095813815322
0.22690601527880838,-0.6603557579618188,0.2468005725888203,1790750424,265133662,0.1550000011920929,0.16537189650220246,-0.6090448754683314,0.37948721823816545,-2.5142623004804956
0.2187822996289479,-0.6592976185126028,0.24507703399396577,1790750424,316317541,0.15299999713897705,0.16320860876476556,-0.6089211677987652,0.37842911392425993,-2.521776149586495
0.21233832832154137,-0.6593465891165787,0.24143251240210314,1790750424,365250886,0.15399999916553497,0.16120079835188164,-0.6088429308030654,0.37763212058266593,-2.5291430527842165
0.2047570874825482,-0.6583866106306041,0.2405815064983938,1790750424,415415930,0.15199999511241913,0.15914623761055188,-0.6087457347718571,0.37681451399696636,-2.5367254645901327
0.19882257343853807,-0.6588174831180673,0.2366472297625837,1790750424,465186274,0.15399999916553497,0.15721939791447817,-0.6086814153413219,0.37618772652672966,-2.544106727621573
0.19207314240761514,-0.6582596200096343,0.23560075089133975,1790750424,515123316,0.15299999713897705,0.15530052079599585,-0.6086045973490726,0.3755691478562073,-2.5514858679143178
0.18582386908001694,-0.6578005539235223,0.23502564506003898,1790750424,565248414,0.15199999511241913,0.1535130860217029,-0.6085712303495422,0.37515588987814513,-2.558648616731714
0.18078858232400735,-0.6592829650746094,0.22906264086970252,1790750424,615600774,0.15700000524520874,0.15173897304042058,-0.6085323094505387,0.3747660821509348,-2.5657948043444536
0.17462670292366128,-0.6575751042131733,0.23271528052829182,1790750424,665414823,0.15199999511241913,0.1501820415548275,-0.6085084816329954,0.37448595307135646,-2.572175111531837
0.17005903347372828,-0.6587679508653183,0.22810225927184083,1790750424,715155409,0.15600000321865082,0.14865904662383797,-0.6084770845013558,0.374214785522692,-2.5784188357751443
0.16487687258234976,-0.6570934029537393,0.23215611481706339,1790750424,765710178,0.1509999930858612,0.14731471826735065,-0.6084584759691819,0.3740265223196608,-2.5840146285210035
0.1609837754718228,-0.6583174449921885,0.2278609037878238,1790750424,815184465,0.1550000011920929,0.14603319578471338,-0.6084356323060104,0.3738516065729986,-2.5893524578491376
0.15703417852167603,-0.6573236974227145,0.23034302268714082,1790750424,865361323,0.15199999511241913,0.14494490040726718,-0.608428916432612,0.3737555335109104,-2.593974251502455
0.15357942191796028,-0.6576189055231241,0.2291211354962297,1790750424,915418078,0.15299999713897705,0.14389779840321298,-0.6084209171739322,0.3736715531125011,-2.5984320633779423
0.15061205671586406,-0.6566462335150233,0.23179626750309223,1790750424,965195442,0.15000000596046448,0.14306482073961888,-0.6084206019940969,0.37363183949286527,-2.6020253564856546
0.14795982319308487,-0.6569600671175452,0.23072624643997441,1790750425,15713933,0.1509999930858612,0.14225728120106312,-0.6084191318209381,0.373597714995771,-2.605514409699709
0.14602643644910127,-0.657273393536894,0.2297031947723575,1790750425,65242507,0.15199999511241913,0.14167000906638996,-0.6084158151975725,0.37357104070553215,-2.6080471293969283
0.14416344503271927,-0.6575850643622028,0.22869399482993277,1790750425,115693256,0.15299999713897705,0.1411081622362637,-0.608410890207681,0.37354414142213144,-2.6104664719350374
0.1428871536397939,-0.6569348519234834,0.23055231782634747,1790750425,165262895,0.1509999930858612,0.1407369876822332,-0.6084067062085393,0.373525720149137,-2.612062151551963
0.14178084794409018,-0.6582127154610139,0.22673631227216057,1790750425,215357567,0.1550000011920929,0.14039374026504983,-0.6084021776713353,0.37350819863647267,-2.6135361956272476
0.1410798064641949,-0.6572438369491961,0.22956221481631486,1790750425,265235301,0.15199999511241913,0.14019184611487767,-0.6083992092510676,0.3734976600187552,-2.614402214983543
0.14050439562589287,-0.6588461050746098,0.22481551070035885,1790750425,315530892,0.15700000524520874,0.1400147499869345,-0.6083964223104128,0.37348827687875386,-2.615161357069624
0.1402163235152257,-0.6565946833247093,0.23143915527206688,1790750425,365481609,0.15000000596046448,0.13993418777152394,-0.6083950888931468,0.37348394146358604,-2.6155065142937017
0.14000955719053182,-0.6578783165261952,0.2276474190875472,1790750425,415875200,0.15399999916553497,0.13987051158285263,-0.608394006334278,0.3734804861681441,-2.615779243691928
0.13994849979045415,-0.656949769114361,0.2305052494876184,1790750425,465306420,0.1509999930858612,0.1398527861926722,-0.6084050969776579,0.37348917710879315,-2.6158629398890496
0.13991538309894375,-0.6569920782530709,0.23052597026611707,1790750425,515334138,0.1509999930858612,0.13984264096016283,-0.6084184328950573,0.3735000714073563,-2.615915650379019
0.13991231167356907,-0.6597235579771537,0.22967806430339138,1790750425,565432310,0.15299999713897705,0.13983575794722758,-0.609070590874091,0.3740500497704827,-2.6164122291206278
0.13991447542914232,-0.6618337087326676,0.23185733728474509,1790750425,615531991,0.15199999511241913,0.13983429307549267,-0.6098255338820401,0.3746829016409631,-2.616993643230235
0.13991744416303048,-0.6688254990055268,0.23453941586146476,1790750425,665351725,0.15299999713897705,0.13981878068190626,-0.6118812883363829,0.3765476771046496,-2.619076927299995
0.1399350215596918,-0.6772379917901009,0.2358317630680441,1790750425,715336923,0.15600000321865082,0.13983965233856763,-0.6140104766487559,0.37844408104226995,-2.621446945767342
0.13993951654811204,-0.687369233511084,0.23880953054889753,1790750425,765647282,0.1589999943971634,0.13982787614786701,-0.6166216988595415,0.3812025503758814,-2.6257875361793426
0.13996400475173987,-0.6985028575125908,0.24028189834436917,1790750425,815639444,0.164000004529953,0.13984822329030358,-0.6190493561644879,0.3837501150475986,-2.630451299182334
0.1399683881702698,-0.7029006988316637,0.2485444206353699,1790750425,865173610,0.1599999964237213,0.1398515896149556,-0.6208146494231777,0.3858829283678915,-2.6348093563567843
0.1399795454416139,-0.7082754662077047,0.25402584337128,1790750425,916237478,0.1589999943971634,0.13985826616000907,-0.6224143670372715,0.3878498141645534,-2.639252995668744
0.13998276143062016,-0.7090393759921503,0.2572069495974847,1790750425,965080858,0.15700000524520874,0.13986100155595946,-0.6229112411232812,0.38847359123022546,-2.640751169235531
0.13997977079271373,-0.7058846080337611,0.2649248452978272,1790750426,15547441,0.14900000393390656,0.1398626462354207,-0.6232555167905997,0.38891444459741187,-2.6418315047964085
0.13991919353323864,-0.7055178750479459,0.2659155059318899,1790750426,65209182,0.14800000190734863,0.1398469942996905,-0.6233080542874561,0.38898272627253955,-2.6420120576023
0.1398467186294859,-0.7049642294692239,0.26675017682927527,1790750426,115541726,0.1469999998807907,0.13982789047090805,-0.623308796179599,0.3889851547395958,-2.6420308593600987
0.13949578063150772,-0.7066376111631874,0.2642691714413302,1790750426,165378701,0.15000000596046448,0.13973611023013918,-0.623311812059384,0.3889958936524747,-2.6421199446040586
0.1390859288359961,-0.7072007788732679,0.2634534661122322,1790750426,215504567,0.1509999930858612,0.13962991406338873,-0.6233151200313891,0.38900782976665255,-2.6422229249591056
0.13820553795886845,-0.704438888631572,0.2676467515037516,1790750426,265288976,0.1459999978542328,0.13939018485241403,-0.6233219569416676,0.38903307436752804,-2.64245543263224
0.13720636710589693,-0.7044544380700274,0.26768728399153385,1790750426,315413499,0.1459999978542328,0.13912309380079946,-0.6233285236389741,0.38905825061839416,-2.642714149292033
0.1354837937940606,-0.7061428453781854,0.26526289065372394,1790750426,365422651,0.14900000393390656,0.13867869539320848,-0.6233370072962165,0.3890933673370457,-2.6431437960065867
0.13389597705781733,-0.7022685303689554,0.2711547635946331,1790750426,415330034,0.1420000046491623,0.13820167588104598,-0.6233427093239201,0.389121610845769,-2.6436036744694706
0.13119521540227175,-0.7050567841587587,0.2671084447546694,1790750426,465261296,0.1469999998807907,0.1375153214646597,-0.6233436608247058,0.3891413161431051,-2.6442537367833774
0.12838736647490795,-0.7061628189772763,0.2655671782061684,1790750426,515274735,0.14900000393390656,0.1367847174125311,-0.6233365956266267,0.3891402432122727,-2.644940798367382
0.12494404686876576,-0.7051187328606496,0.2675907001167171,1790750426,565451648,0.1469999998807907,0.13583769877552224,-0.6233608848711192,0.38927053659428523,-2.6462110906163265
0.12151874541745486,-0.7035060796204099,0.2704880077173894,1790750426,615604375,0.14399999380111694,0.13484570181937883,-0.6233777422580234,0.3893906569701395,-2.64758731304328
0.1168232754484802,-0.7047048982668427,0.269478341144321,1790750426,665602518,0.1459999978542328,0.13363226363704364,-0.6234036304440627,0.38957647243669913,-2.6494668224812754
0.11257188709547963,-0.7030860726460779,0.2726358731101418,1790750426,715852135,0.14300000667572021,0.1323612279609998,-0.6234097933809231,0.3897216298008057,-2.651445039223524
0.10658510759554522,-0.7054640949892337,0.2705026996619584,1790750426,765670156,0.1469999998807907,0.1309089375166504,-0.6234546205116676,0.390051005207604,-2.6542128202969435
0.10067551621434254,-0.7066931094321849,0.270131482653416,1790750426,815314896,0.14900000393390656,0.12941137383984802,-0.6234757554958451,0.39034014982290427,-2.6571097852999195
0.09392527824902042,-0.7080578098065168,0.270399314602463,1790750426,865163750,0.1509999930858612,0.1277500939903408,-0.623550473127721,0.3908791461073773,-2.6609569532260737
0.08718497082980706,-0.7088221948444566,0.2716636602010273,1790750426,915253375,0.15199999511241913,0.1260279234139496,-0.6235954123263153,0.3913784006899367,-2.6650025857931823
0.08103437017763662,-0.7074951108867154,0.2767731717444563,1790750426,965310926,0.14900000393390656,0.12421038872582359,-0.6237030806348436,0.39216696820206576,-2.6700050905447466
0.07503732521468498,-0.7061038035930061,0.28200218621360507,1790750427,15577923,0.1459999978542328,0.12234037763708379,-0.6237732284714012,0.3929079886096273,-2.675212011630519
0.06607230900269065,-0.709412659427641,0.28202494517766497,1790750427,65406971,0.1509999930858612,0.12043774958364586,-0.6239204384524636,0.39399135502946026,-2.681395728306357
0.06062357261891944,-0.7070004849263872,0.2897463358096133,1790750427,116133695,0.1459999978542328,0.11846415250383958,-0.624023947188285,0.395033376213499,-2.6878790263158754
0.05389635843718753,-0.7070130931286497,0.29519160804604977,1790750427,165557821,0.14499999582767487,0.11656181726256139,-0.6241981755594378,0.396383151606941,-2.695081034829083
0.04639021800048204,-0.7080923607282169,0.29947068242523556,1790750427,215317442,0.1459999978542328,0.1146257247616537,-0.624320731825604,0.3976655355565733,-2.702482477591482
0.03939940533570739,-0.7087743702503476,0.3052866983978986,1790750427,265351650,0.1459999978542328,0.11275893350174541,-0.6245158026257184,0.399280702369099,-2.7107054919421
0.030968999190626567,-0.7111190948932538,0.3095014879908885,1790750427,315755259,0.14900000393390656,0.11087600673149872,-0.624657053564474,0.40082611077920083,-2.7191376541879824
0.024006508305390292,-0.7125247427919031,0.3157761768356809,1790750427,365542408,0.15000000596046448,0.10921068059619225,-0.6248947555836033,0.40273154558455065,-2.7281245630788113
0.019074496859742288,-0.7120994275377378,0.323932384395468,1790750427,415529578,0.14800000190734863,0.10757012771054814,-0.6250832784662678,0.4045593878475672,-2.7372602875921683
0.014221282330422871,-0.7123690711945694,0.33186843588590575,1790750427,465554405,0.1469999998807907,0.10613077291917519,-0.6253266030323847,0.4066029944308226,-2.7467109054465633
0.009799834071824276,-0.7125471121598085,0.33976819528806,1790750427,515459945,0.1459999978542328,0.10473938501560841,-0.6255194305248456,0.40853347482120916,-2.7561941213940786
0.004069436062004744,-0.7146134635877142,0.346532936449956,1790750427,565456253,0.14800000190734863,0.10357042499353553,-0.6257609917060476,0.41063279609676195,-2.765831130521838
3.961683140928096e-05,-0.715413560101884,0.354206085427707,1790750427,615320811,0.14800000190734863,0.10246259545750747,-0.625959419784928,0.4126140540115173,-2.7754671824830597
-0.0018537000250550967,-0.7150723235087553,0.3626061931012216,1790750427,665283184,0.1459999978542328,0.10159749162506754,-0.6262038708699736,0.4147238335427671,-2.7850477191483645
-0.005503707926778678,-0.7165059777470778,0.3699112094902455,1790750427,715869304,0.1469999998807907,0.10079503751099905,-0.6264190495163321,0.4167505310615008,-2.7947335911602953
-0.004790819072253497,-0.7148361219615588,0.37813634579167477,1790750427,765637833,0.14300000667572021,0.10021118548523829,-0.6266398971760906,0.4186950302101279,-2.803722035092449
-0.007420957836605152,-0.7161951820402446,0.38476846346654203,1790750427,816107424,0.14399999380111694,0.09968094692280201,-0.626835711157062,0.4205464619447445,-2.812741539439876
-0.012479358365288434,-0.7199799921857212,0.3896769187363138,1790750427,865633117,0.14900000393390656,0.09933080953813983,-0.6270200761932275,0.4222029320853223,-2.820622712166561
-0.012079248768451317,-0.7193753642672623,0.39609338295190977,1790750427,916002476,0.1469999998807907,0.09902385040795005,-0.6271874775983828,0.42377902670236306,-2.8284736714154697
-0.011251228387188325,-0.7186468843674099,0.4012756564593026,1790750427,965603790,0.14499999582767487,0.09883729331491481,-0.6273295534327283,0.42508030412393205,-2.8349084722845763
-0.010257474743509576,-0.7178748400867359,0.40614539156290613,1790750428,15296419,0.14300000667572021,0.09868241734483596,-0.6274580629053609,0.42629255575961755,-2.84113591358163
-0.010536657659921428,-0.7182746419591004,0.40974214932120534,1790750428,65424562,0.14300000667572021,0.09861226971247149,-0.627570545141924,0.42730006443924906,-2.8460953131891795
-0.010723677095853937,-0.7186478948015006,0.4131145432778827,1790750428,115379148,0.14300000667572021,0.09856567753951152,-0.6276748319218256,0.4282387193854287,-2.850792479848991
-0.01004967147068439,-0.7182552077633134,0.4154500614150403,1790750428,165608320,0.1420000046491623,0.09853994644869142,-0.6277414499547889,0.4288499064837658,-2.8539459131547935
-0.012402327889570394,-0.7203858656703013,0.4171865486904249,1790750428,215279596,0.14499999582767487,0.09852038354227469,-0.6277990463614243,0.4293862113455432,-2.856781658639796
-0.011660088758730452,-0.7198666526460514,0.4183815849127619,1790750428,265286618,0.14399999380111694,0.09851091224149852,-0.6278301517093094,0.42967898499642554,-2.8583591727916673
-0.009378778231871929,-0.7180492753784401,0.4195525154853959,1790750428,315924275,0.14100000262260437,0.09850356432298712,-0.6278563423289645,0.42992727969395994,-2.8597141195571516
-0.011678016588998877,-0.7200054849228974,0.4196806435154691,1790750428,365494459,0.14399999380111694,0.09850105783483644,-0.6278658614582435,0.43001793337405825,-2.860213015450048
-0.014740934507997697,-0.7225923114447912,0.4196504703502642,1790750428,415283793,0.14800000190734863,0.0984993147254722,-0.6278726995228526,0.430083189817123,-2.860573577508886
-0.011680842649970408,-0.7200379745004816,0.41998554794000026,1790750428,465123173,0.14399999380111694,0.0984989469112068,-0.6278741422606752,0.43009693824248785,-2.860649651346251
-0.01168097843444485,-0.7200395837300396,0.420000644121873,1790750428,515441133,0.14399999380111694,0.09849883696776666,-0.6278745555916425,0.4301008461448417,-2.860671249063936
-0.012445648598112619,-0.7206736000958477,0.4198739464710627,1790750428,565340199,0.14499999582767487,0.09849921342416593,-0.6278730352080168,0.43008626929120497,-2.86059067911227
-0.013975307752933944,-0.7219459756339479,0.41966138400255737,1790750428,615971709,0.1469999998807907,0.09849969098728137,-0.6278711242760092,0.4300679667905228,-2.860489599167862
-0.013208140475712019,-0.7212832838260544,0.4195190409669722,1790750428,665397521,0.1459999978542328,0.0985011492484322,-0.6278653801320825,0.4300132885430003,-2.8601875743559066
-0.013205532822731583,-0.721257482996809,0.4192772924764283,1790750428,715471737,0.1459999978542328,0.09850284485178723,-0.6278588407596037,0.4299511558355676,-2.859845309020325
-0.010904708141164052,-0.7192930062168573,0.4190720975502719,1790750428,765327256,0.14300000667572021,0.09850602871769372,-0.6278471464295137,0.42983998021174685,-2.8592359095549096
-0.014723094037911666,-0.7224399773462822,0.41822420560420304,1790750428,815186100,0.14800000190734863,0.09850963723809956,-0.6278344028852664,0.42971917899482115,-2.8585774371901853
-0.013179249476660548,-0.721082462565123,0.4176424462977138,1790750428,865352855,0.1459999978542328,0.0985156705015496,-0.6278140792657305,0.4295274326761166,-2.857539932603607
-0.013926350541321242,-0.7216361738382874,0.41677007567270097,1790750428,915400071,0.1469999998807907,0.09852256298443547,-0.6277921271131143,0.4293214383904655,-2.856435522084816
-0.013130035371813092,-0.72087617694562,0.4157299920478984,1790750428,965136608,0.1459999978542328,0.09853323164661415,-0.6277602873187516,0.4290245500023495,-2.854861980303386
-0.014618204529471768,-0.7220195759785306,0.41433106786052293,1790750429,15386724,0.14800000190734863,0.0985457142299458,-0.6277256104793687,0.4287038242429989,-2.8531850884610517
-0.011494744723126046,-0.7192998559865799,0.41315312394284753,1790750429,65279568,0.14399999380111694,0.09856378220946509,-0.6276791318450549,0.4282779965681762,-2.8509940222205983
-0.012939054156162033,-0.7203867094598851,0.4112580649167107,1790750429,115853030,0.1459999978542328,0.09858512966960777,-0.6276284447622328,0.4278188657944505,-2.848674353129372
-0.010526382828042538,-0.7182542911229794,0.4095640926721221,1790750429,165253869,0.14300000667572021,0.0986140914975494,-0.627564523075031,0.4272481177979285,-2.845850009503967
-0.013424800752976432,-0.7205440487511809,0.4068749624152189,1790750429,215409039,0.1469999998807907,0.09864829759676846,-0.627494852518703,0.42663521726506065,-2.842884581993245
-0.013933916850721845,-0.7209070598046382,0.40421709025358915,1790750429,265537496,0.14800000190734863,0.09872319999039,-0.6274259790295913,0.4259808704112832,-2.8394893790790925
-0.009072210470689818,-0.716845046709772,0.40256771598922086,1790750429,315836770,0.1420000046491623,0.09880985373995493,-0.6273536195798428,0.42529976412090087,-2.8360027330926942
-0.012472650767109392,-0.7196579719122509,0.39869108314091084,1790750429,365435731,0.1469999998807907,0.09891598026740972,-0.6272624713277557,0.424471779658825,-2.8319105795351867
-0.01200799283518686,-0.7192973647217873,0.3954799108509198,1790750429,415322343,0.1469999998807907,0.09903297190545074,-0.6271619595729921,0.4235863377403045,-2.8276789659921016
-0.00987072086448991,-0.7176720036820234,0.3923925635296432,1790750429,465251725,0.14499999582767487,0.09921120931108532,-0.6270648841244683,0.4226660037814476,-2.823069577168834
-0.011396703638153427,-0.719150812127509,0.38813069930215427,1790750429,515586675,0.14800000190734863,0.0994093070375592,-0.6269604053795863,0.4217008864681744,-2.8183530814083735
-0.008997541572341852,-0.7174652539826516,0.38458402765704813,1790750429,565331998,0.1459999978542328,0.09965226980777339,-0.6268415075979474,0.42061948868784627,-2.8131523804739937
-0.007974977568333277,-0.7169930517515873,0.38042240827401774,1790750429,615630096,0.1459999978542328,0.09991639051763003,-0.6267081765586221,0.41946204681442745,-2.8077944991951727
-0.005977472605564388,-0.7159155966650265,0.376399692590799,1790750429,665182946,0.14499999582767487,0.10026796322368513,-0.6265884068721016,0.41832294770269773,-2.8022453098013167
-0.004569331605496232,-0.7154293453539918,0.3719822314389825,1790750429,715354690,0.14499999582767487,0.10064963109365486,-0.6264563271478769,0.41712390519876613,-2.7965770839629385
-0.005023320753343788,-0.716763936772379,0.36630102935846703,1790750429,765628233,0.14800000190734863,0.10112186232896968,-0.6263267937546073,0.4158825161834953,-2.7905874618174904
-0.002457118108959974,-0.7156245628796506,0.3618853248554928,1790750429,815345695,0.1469999998807907,0.10161443434238213,-0.6261829584934108,0.4145950140988889,-2.7846075026465194
-0.0002470506804921613,-0.7150864732663529,0.3568673689669736,1790750429,865511236,0.1469999998807907,0.10221826815218507,-0.6260434219472921,0.41326943819551687,-2.77828507814997
0.005569997563358381,-0.7114967176825346,0.35381793277973705,1790750429,915718833,0.1420000046491623,0.10285127949937625,-0.625884111043885,0.41187682606735465,-2.7719037057739806
0.004879837491912564,-0.713960586830173,0.34663383130959247,1790750429,965342822,0.1469999998807907,0.10359693913542466,-0.6257415826974406,0.41051920614519866,-2.765430391696137
0.007825939171840976,-0.7133660747120688,0.34141280485159414,1790750430,15357482,0.1469999998807907,0.10437637933020144,-0.62557574963622,0.40908755119952,-2.7588767704954975
0.010489776096291856,-0.7134064926721838,0.3357469880560421,1790750430,65277927,0.14800000190734863,0.10527582108198237,-0.625432859243855,0.4077209143207937,-2.7523072461104334
0.014019687431399183,-0.7128066616656072,0.33051314826158734,1790750430,115423069,0.14800000190734863,0.1062058141101946,-0.6252655904574616,0.4062909778970859,-2.745702754382825
0.018594359119633003,-0.7116632273558334,0.32584035841216474,1790750430,165306912,0.1469999998807907,0.10728128282236214,-0.6251243429129543,0.4049267100063607,-2.7390212446915245
0.022783004102254464,-0.71106389759446,0.3206388769485668,1790750430,215348479,0.1469999998807907,0.10839192910680828,-0.62495584323599,0.4034972796553287,-2.7322941255163418
0.025136030456677366,-0.7128679791896688,0.31326010903943874,1790750430,265496019,0.1509999930858612,0.10964325896768844,-0.6248230924448669,0.4021849321172098,-2.725642838999973
0.03217949263386011,-0.709956970982798,0.3106255390749053,1790750430,315809691,0.1469999998807907,0.11091865180859675,-0.6246596884771718,0.4008115600236275,-2.7189868266241373
0.038312540552967,-0.7083170437317736,0.3072423135913653,1790750430,365605366,0.14499999582767487,0.11231220191149503,-0.6245400481808902,0.3996028242293871,-2.71257805518285
0.041598383424047106,-0.7100885502512064,0.3000770550884764,1790750430,415287402,0.14900000393390656,0.11371359552871493,-0.6243883620790409,0.3983413675455346,-2.70621523116443
0.0473711772192596,-0.7096393238924136,0.2957174218585914,1790750430,465464230,0.14900000393390656,0.11527059780736647,-0.6242802635709271,0.3972285083326134,-2.6999672206497842
0.05540459865570498,-0.7062860421207074,0.29499495889441407,1790750430,515238831,0.14399999380111694,0.11682320515616991,-0.6241380376528307,0.39606650955140393,-2.6938017892671993
0.06155005035926091,-0.7059004423829451,0.29120891366823376,1790750430,565369482,0.14399999380111694,0.11852049230271634,-0.6240446265907322,0.3950838017811959,-2.687860541864103
0.06819119392919233,-0.704892293964561,0.2882844863639348,1790750430,615345697,0.14300000667572021,0.12021404855893149,-0.6239143154164112,0.39404455205833777,-2.681987177463172
0.07336623146530008,-0.7068292919426642,0.28206881386963656,1790750430,665371032,0.1469999998807907,0.12201523897957436,-0.623837611471243,0.39322030961017107,-2.6765196937623723
0.07954063386008564,-0.7075666908198746,0.27739429995482195,1790750430,715540146,0.14900000393390656,0.1238141514582666,-0.6237225618886436,0.3923334962959781,-2.671112708529349
0.08656039119207648,-0.7073057096079439,0.2747506559696671,1790750430,765599825,0.14900000393390656,0.12569955128528043,-0.6236642646393474,0.3916832690554438,-2.666232147111259
0.09429045196806887,-0.7053063679139325,0.2746628463784965,1790750430,815187600,0.1459999978542328,0.12755399984415997,-0.6235677823967871,0.39097423616379345,-2.661487844136812
0.10123723697475458,-0.7056784510142923,0.27192043667966126,1790750430,865230593,0.1469999998807907,0.1294959799116685,-0.6235270431015403,0.3905020102504758,-2.657322551716196
0.10833337092472793,-0.7059874694845312,0.2693059951979064,1790750430,915335800,0.14800000190734863,0.1314247804721277,-0.6234482493243562,0.3899627998341954,-2.6532733676511313
0.1162873162803392,-0.7030879151951609,0.27215975695685996,1790750430,965414811,0.14300000667572021,0.13340225378832346,-0.6234263296756078,0.38967619247064145,-2.6499776499408827
0.12331317859005113,-0.704579456030704,0.26858403579071677,1790750431,15890697,0.1459999978542328,0.13537695198109737,-0.6233648080683379,0.38930953310323313,-2.6467974988621004
0.13054447307532532,-0.7045465190217822,0.268061528232327,1790750431,65235636,0.1459999978542328,0.13733827163332563,-0.6233640730127485,0.3892195000483806,-2.644600892591561
0.1379707596177837,-0.7049971830565172,0.2668221964271954,1790750431,115809069,0.1469999998807907,0.13933009042093136,-0.6233231930091061,0.38903721814897674,-2.642510986192926
0.1451310863041775,-0.7055985885278351,0.26616373779032376,1790750431,165254880,0.14800000190734863,0.14125343057995102,-0.6233432647030988,0.3891394510557785,-2.6414544871443097
0.1524112004077743,-0.7061327815194763,0.26562606244074277,1790750431,215142954,0.14900000393390656,0.14317335497976993,-0.6233276297000686,0.3891532667979908,-2.6405640602903073
0.15913825606694917,-0.7040317236225293,0.26977326109376676,1790750431,265373569,0.14499999582767487,0.14506909547783556,-0.6233681602291427,0.3894413314008648,-2.640860118596345
0.16621974724588404,-0.7046424769003518,0.2698851342324075,1790750431,315590683,0.1459999978542328,0.146949858092148,-0.6233751047502217,0.3896360631192056,-2.6413893984569268
0.17217152958850546,-0.7025988931070853,0.2745501371221709,1790750431,365382636,0.1420000046491623,0.1487335726674024,-0.6234316982546736,0.39008030095364354,-2.643201273440679
0.1786497039472305,-0.7027109480270483,0.2760047219934087,1790750431,415481870,0.1420000046491623,0.1505176468542347,-0.6234559959813856,0.3904216842862359,-2.6452558991586517
0.18643144125514496,-0.706862803877578,0.27232177512938016,1790750431,465612844,0.14900000393390656,0.15221274165553347,-0.6235257174830942,0.39100206751735017,-2.6487114503708913
0.19198974310183717,-0.7053496872188111,0.2766792795168911,1790750431,515620290,0.1459999978542328,0.15390379954180866,-0.6235645378809672,0.3914688680010602,-2.6524073902107457
0.19754545377473,-0.7050752229347461,0.2798039155853889,1790750431,565574486,0.14499999582767487,0.15547228729565107,-0.6236452841834561,0.39216054657533356,-2.657569321199429
0.20297165600865305,-0.7047214441037434,0.28291112901396837,1790750431,615295530,0.14399999380111694,0.15704030963981855,-0.6236980179078541,0.3927360535208723,-2.662962697494371
0.20905208760158225,-0.7061864770062211,0.28413425454877633,1790750431,665487061,0.1459999978542328,0.15849269277993297,-0.623792204620726,0.39354600367458736,-2.670038649487863
0.21327749575481653,-0.7047528946707918,0.2890692645692643,1790750431,715161448,0.14300000667572021,0.15994427787811738,-0.6238613357975085,0.3942411499912853,-2.677347352481429
0.21812777553523652,-0.7051224352502276,0.29203961090140185,1790750431,765139625,0.14300000667572021,0.1612488915593234,-0.6239638738418445,0.3951273520592735,-2.6861653178841363
0.2238476219355908,-0.7065627488652828,0.29362837902823796,1790750431,815904412,0.14499999582767487,0.16259147915441854,-0.6240454092069917,0.3959199838514911,-2.695408522100206
0.22603909493429597,-0.7040959084026303,0.30024738594415185,1790750431,865425001,0.14000000059604645,0.16376164567797885,-0.6241509727374153,0.39684100241286313,-2.705712712581908
0.232716148169281,-0.7072684925425582,0.29998204271819956,1790750431,915685690,0.14499999582767487,0.16498006657649797,-0.6242359752077543,0.3976673696896904,-2.716393673852717
0.23625248985528724,-0.7070835900972542,0.30393468149837366,1790750431,965336401,0.14399999380111694,0.16604856623655664,-0.6243420779816296,0.3985985579036694,-2.7279452245916707
0.23923675667318461,-0.7062498119656927,0.30847949631937693,1790750432,15300679,0.1420000046491623,0.16715702371481436,-0.6244287028554869,0.39944003458179017,-2.739749058465016
0.24343708695952676,-0.7072055577349273,0.31123022663814454,1790750432,65255346,0.14300000667572021,0.16815862375841983,-0.6245333966127148,0.4003788029740488,-2.752418754343806
0.2487457551450893,-0.709254915459162,0.3127749704099599,1790750432,115188874,0.1459999978542328,0.16920017189687914,-0.6246181109251324,0.4012346271886662,-2.765247142221565
0.24932094157052348,-0.7067697778706362,0.319329149692596,1790750432,165279440,0.14100000262260437,0.1700911967066069,-0.6247344351778512,0.40223783933156243,-2.7789209820031124
0.24971613207135243,-0.7042095390073339,0.325721479603525,1790750432,215758529,0.13600000739097595,0.1710184540990689,-0.6248323617653518,0.40319367606916834,-2.792854124706892
0.256733742125815,-0.7087399728239547,0.3253804860322155,1790750432,265376526,0.14300000667572021,0.17179820166883228,-0.6249602370341394,0.4042215397258655,-2.8067467829391823
0.2591080380786172,-0.7085445313856125,0.329618400984561,1790750432,315823726,0.1420000046491623,0.17262227313642933,-0.6250684252417378,0.4052223260531929,-2.8209066622287002
0.2611669264935026,-0.7083777365448263,0.3337879635927119,1790750432,365395157,0.14100000262260437,0.17334404803894474,-0.6251909862002554,0.40623178545931715,-2.834549368832549
0.26192843203042016,-0.706965353165907,0.33894576561147494,1790750432,415498761,0.1379999965429306,0.17411017984507265,-0.6252897477754598,0.40721764205458666,-2.8482917195100566
0.26301774931992605,-0.7061719638974071,0.34353241976789683,1790750432,465176342,0.13600000739097595,0.17478163335118785,-0.6254013133203772,0.40823552521470086,-2.8615694546451778
0.26735377841656127,-0.7082980539238388,0.3458128691966137,1790750432,515364567,0.13899999856948853,0.17549029133596983,-0.6254877317989443,0.4092522094618074,-2.8749173579986147
0.2707921156000381,-0.709958332898146,0.3487245416529984,1790750432,565164816,0.14100000262260437,0.17604444711935685,-0.6256309901210423,0.41031008636279387,-2.8873674745717572
0.2687844930294998,-0.7067969008157804,0.35516680795307876,1790750432,615873823,0.13500000536441803,0.1766152847352514,-0.6257558504966801,0.41140013129414943,-2.899885735023449
0.27127354497469947,-0.7078248357924815,0.35844041834935336,1790750432,665491598,0.13600000739097595,0.1771139694564405,-0.6258856159109573,0.412439868288904,-2.911238516786189
0.27303906850451887,-0.7082003171749367,0.36215426781077237,1790750432,715167438,0.13600000739097595,0.1776361119160181,-0.6259866941686102,0.4134884482044612,-2.9224452939869785
0.2739263639406335,-0.7079976471636442,0.36623636505145735,1790750432,765752963,0.13500000536441803,0.17809139698310836,-0.6261014058882646,0.414544399803533,-2.932942807510164
0.27614318797404414,-0.7089543929643423,0.36953968976255386,1790750432,815134467,0.13600000739097595,0.17854931008131839,-0.6261870015611528,0.41559396131814885,-2.943018443771245
0.2781395341025378,-0.709999672104956,0.372819236723038,1790750432,865113884,0.13699999451637268,0.17888826828241683,-0.6263244177395191,0.4165986444105487,-2.9518167412945577
0.2793607442973596,-0.7104153276559099,0.37650828486411086,1790750432,915796225,0.13699999451637268,0.17922646910492973,-0.6264463909297614,0.41763422672874095,-2.960462882988405
0.2833516381133797,-0.7132361113032207,0.3787638421549342,1790750432,965229868,0.14100000262260437,0.17952688911814185,-0.626546299947394,0.41859220946695774,-2.96808018438574
0.27771249585625646,-0.7080159265127446,0.3846434086833983,1790750433,15296870,0.13199999928474426,0.179843435124636,-0.6266212115140155,0.41957973838413465,-2.9756499251675597
0.28146249884542746,-0.7108664024423994,0.3867913896900699,1790750433,65343195,0.13600000739097595,0.1800490455993117,-0.6267419836184981,0.420472180485184,-2.9818575347320655
0.27993745531382813,-0.7093751186173222,0.3907127760382044,1790750433,115826237,0.13300000131130219,0.1802452914249905,-0.6268527985748922,0.4213809925299127,-2.9878634351292175
0.2790341066316183,-0.7084308538312467,0.3939996390566962,1790750433,165412400,0.13099999725818634,0.18042588953618985,-0.6269352973875864,0.42221121616333546,-2.993143763482736
0.284134780817605,-0.7124388103439154,0.39562603731566554,1790750433,215379427,0.13699999451637268,0.1806149111958792,-0.6269984320393737,0.4230591714086528,-2.99835818831356
0.2807620730161602,-0.709634324739935,0.39923365869200533,1790750433,265426354,0.13199999928474426,0.1807184605232197,-0.6270998416829092,0.4237965273568083,-3.002451769230202
0.2833948256708574,-0.7118187557660542,0.40128548505255657,1790750433,315228889,0.13500000536441803,0.1808091441620799,-0.6271961003406828,0.4245273779731308,-3.006310392951383
0.28293816911890135,-0.7114388482302948,0.4037786700206696,1790750433,365379280,0.1340000033378601,0.18089967122487294,-0.6272644278665767,0.42519858595208593,-3.0097709764747282
0.284742633145768,-0.7129188103534526,0.4057521912191001,1790750433,415281196,0.13600000739097595,0.18099349756851532,-0.6273182404024259,0.4258683862215787,-3.013134388682443
0.2795890411044568,-0.708724375565669,0.40871267459175714,1790750433,465464726,0.1289999932050705,0.18104862434573485,-0.6273811036939039,0.4264343176623565,-3.0157725541531186
0.282043394242832,-0.7108211544699963,0.4102098309312311,1790750433,515599811,0.13199999928474426,0.18109830167108157,-0.6274394012513979,0.426989918149299,-3.018269700549824
0.28520243975996096,-0.7135447030765628,0.4113449713033623,1790750433,565452476,0.13600000739097595,0.18111883545759658,-0.6275015048833953,0.4274438336999927,-3.0201549629631352
0.28298575247948404,-0.711833093900235,0.41327432062647934,1790750433,615367874,0.13300000131130219,0.18113506261925638,-0.6275603892476721,0.4278876219079836,-3.021935612829902
0.28227901385695875,-0.7113433853032378,0.41466905433866674,1790750433,665340633,0.13199999928474426,0.18115069798697134,-0.6276032969694959,0.42825806262954763,-3.023402792468984
0.2830965796690973,-0.7121114271413621,0.41581097423824676,1790750433,715374560,0.13300000131130219,0.1811668749683831,-0.6276408606553552,0.42861952786325375,-3.024813320028021
0.2838996075677942,-0.7128492790034894,0.4167057917855155,1790750433,765200623,0.1340000033378601,0.18118020589646108,-0.6276682144545559,0.42890872820017684,-3.025925853611194
0.28546478273572023,-0.714217607092363,0.4174884207457601,1790750433,815462089,0.13600000739097595,0.18119350730978126,-0.6276925696076868,0.4291897462975456,-3.026993828269608
0.2847194011588969,-0.7136505962136599,0.4182822330410384,1790750433,865192003,0.13500000536441803,0.18120360077361822,-0.6277092805414052,0.429398472491046,-3.0277791913234564
0.28320429916705975,-0.7124410904786064,0.4191142816866056,1790750433,915684592,0.13300000131130219,0.18121345222059393,-0.6277242240001069,0.4295985566740831,-3.0285257525334948
0.2878173765872793,-0.7163074210424556,0.4191153139364228,1790750433,965464636,0.13899999856948853,0.18122037011634914,-0.6277339646233937,0.4297370196250039,-3.0290389119948884
0.28169242215507373,-0.711248294314811,0.42014622817516734,1790750434,15322848,0.13099999725818634,0.18122685204168063,-0.6277425559642501,0.42986529016506075,-3.02951175105797
0.2832322640440825,-0.712547336239188,0.42026295369271954,1790750434,65249300,0.13300000131130219,0.18123093301107407,-0.6277477322377084,0.4299457207297427,-3.029806946699177
0.28323741013305354,-0.7125686884703487,0.42049952492060777,1790750434,115520664,0.13300000131130219,0.18123460007154282,-0.6277522254695456,0.4300176493364336,-3.030070116313998
0.281706083699216,-0.7113041277234516,0.42076400914686524,1790750434,165505636,0.13099999725818634,0.18123649238060985,-0.6277545112677072,0.43005497745028154,-3.030206474706938
0.2832420754290501,-0.7125889047402698,0.4207251133395545,1790750434,215934946,0.13300000131130219,0.18123807991972646,-0.6277564067372696,0.430086338233298,-3.0303209080848625
0.28400966179895754,-0.713229751420178,0.4206882329823065,1790750434,265408921,0.1340000033378601,0.18123856449813203,-0.627757022556502,0.43009647802202067,-3.030358027832261
0.28170921290132456,-0.7113181501050679,0.4209208096679455,1790750434,315443338,0.13099999725818634,0.18123887143811232,-0.6277574345697859,0.4301032160596305,-3.030382763957899
0.28324280671797714,-0.7125924539122303,0.42076458611572953,1790750434,365315679,0.13300000131130219,0.1812386340641476,-0.627757141829262,0.4300983385122475,-3.0303648525866267
0.28247541328355436,-0.7119525186557556,0.42081160471286183,1790750434,415262595,0.13199999928474426,0.18123829366332705,-0.627756714468498,0.4300912587707053,-3.030338849259762
0.28477258604018896,-0.7138500280926954,0.4204216648933921,1790750434,465584580,0.13500000536441803,0.18123553904360662,-0.6277534459041582,0.430037271118319,-3.0301419034990653
0.28246739062652404,-0.7119184399945111,0.4204316591285547,1790750434,515630164,0.13199999928474426,0.1812323722810112,-0.6277495868045648,0.4299749826819842,-3.029914185174238
0.2855245226039146,-0.7144259773557197,0.419670971500116,1790750434,565159556,0.13600000739097595,0.18122523460051373,-0.6277405127629365,0.4298341777197346,-3.0293972819108186
0.2824442467628789,-0.711828614151796,0.41945409209923323,1790750434,615510495,0.13199999928474426,0.18121739298022757,-0.6277298370616469,0.4296775737165503,-3.0288189000845387
0.2831865521524528,-0.7123798370526055,0.4184722731661856,1790750434,665495513,0.13300000131130219,0.18120396163277494,-0.6277098664726218,0.42940605849820973,-3.027807632069534
0.28468991680474576,-0.7135560861729854,0.41731959080710673,1790750434,715801285,0.13500000536441803,0.18118990628105439,-0.627686299750844,0.429114888590736,-3.0267104704579824
0.2838724204465253,-0.7127723771534256,0.41596091667731405,1790750434,765619116,0.1340000033378601,0.1811701390262825,-0.6276478618601056,0.428691163403168,-3.0250899277817522
0.2868748558184083,-0.7151472784560683,0.41402906663402944,1790750434,815403623,0.1379999965429306,0.18115049310134992,-0.6276025895104159,0.428251781259926,-3.023378030989256
0.28141892282499403,-0.7104756720258805,0.4127375588094376,1790750434,865239741,0.13099999725818634,0.1811283080335915,-0.6275314488289649,0.4276723405175038,-3.0210825466849243
0.28359834585017846,-0.7121133239192251,0.4102500025703754,1790750434,915472892,0.1340000033378601,0.18110742722028808,-0.6274464803026987,0.4270767100606233,-3.0186601206573234
0.2825895433647888,-0.7112144872881448,0.40772337249668517,1790750434,965349436,0.13300000131130219,0.18102473477767933,-0.6273775218894995,0.4262962892901381,-3.0150821863984847
0.28305911534065314,-0.711550190540735,0.4048071783253152,1790750435,15890608,0.1340000033378601,0.1809352262853302,-0.6272960431910437,0.42549415087180265,-3.0112386471714956
0.28265014994554216,-0.7112005325888876,0.40155413139036733,1790750435,65365333,0.1340000033378601,0.18081462322567382,-0.6271979132733,0.42455600827800355,-3.006469038402626
0.28142530952385647,-0.7101793052275119,0.3983958391337455,1790750435,115449926,0.13300000131130219,0.18069566680964233,-0.6270734718900174,0.42361408436916437,-3.0014667982227596
0.28072768985754637,-0.7098059291750246,0.39462062036950507,1790750435,165259007,0.13300000131130219,0.1804722659815654,-0.6269787522987914,0.4225044705872736,-2.994883558955232
0.2799425202797158,-0.7093874035642882,0.39076357547330465,1790750435,215610362,0.13300000131130219,0.18024330349005274,-0.6268587045190345,0.4213916729367793,-2.9879143287756342
0.28043131158157075,-0.7101860542975352,0.3860658145351331,1790750435,265435285,0.13500000536441803,0.17994220005928185,-0.626738559320333,0.42017527797101384,-2.9796444029031592
0.27786138920824266,-0.7084497200905986,0.38236305097363166,1790750435,315364987,0.13300000131130219,0.1796509187540871,-0.6265800745500008,0.4189836050524094,-2.9711099629646816
0.27501646359501886,-0.7067421419043693,0.37841188521493196,1790750435,365534813,0.13099999725818634,0.17924282639468095,-0.6264456345512543,0.4176659373109134,-2.9607501134299343
0.2764625749844335,-0.7086426158976435,0.3726577257312527,1790750435,415326541,0.13500000536441803,0.1788514672151541,-0.6262711585136049,0.4163843320125152,-2.9501447381901453
0.2738850699034716,-0.7075763608178216,0.36825741528613215,1790750435,465752212,0.1340000033378601,0.17828137218909157,-0.6261561316138077,0.4150193672797113,-2.937463273864763
0.27337133336755637,-0.7082698517595339,0.3628736390100809,1790750435,515625867,0.13600000739097595,0.17773676900603969,-0.6260046213666224,0.4136915883796652,-2.9245705260653154
0.2710963495705831,-0.7078081652518466,0.3581243021311034,1790750435,565750516,0.13600000739097595,0.17705242564757878,-0.6258853290391918,0.4123496770987717,-2.9101604655589046
0.26942699502957235,-0.7078619679575601,0.3529756517468931,1790750435,616039018,0.13699999451637268,0.17640409472387533,-0.625720969394371,0.41101524918902466,-2.89544909184652
0.265467123136906,-0.7062135994898449,0.34928606779657867,1790750435,665258139,0.13500000536441803,0.17562760710590658,-0.6255982728518215,0.4097429277775063,-2.87994376928326
0.2640772273019967,-0.7068650219010539,0.3437668721057149,1790750435,715237443,0.13699999451637268,0.17488372051750578,-0.6254342286721503,0.4084394533058081,-2.863996502597804
0.2604208575904368,-0.7058212062198848,0.3397858799031327,1790750435,765353194,0.13600000739097595,0.17400285958955217,-0.6253078053541354,0.40720638059020686,-2.8474594154700843
0.2592128641904239,-0.7070533589883335,0.3337569947649565,1790750435,815910634,0.13899999856948853,0.17316582789555293,-0.625145795470117,0.4059238721097349,-2.8306707421018644
0.2547037459051968,-0.7054489393964926,0.33063068078926655,1790750435,865349979,0.13699999451637268,0.17222160490033345,-0.6250253001315684,0.4047773810538457,-2.8143635619535177
0.2531117873614597,-0.7066846933315412,0.3246982645526667,1790750435,915747631,0.14000000059604645,0.17131680651912348,-0.6248727491759238,0.403542332619789,-2.7977597543600035
0.25116208018557973,-0.7080193192099109,0.3189322526828264,1790750435,965412914,0.14300000667572021,0.170286341306791,-0.6247580171093234,0.4024527432380232,-2.78193672290855
0.2463427601961529,-0.7063556860525984,0.31603242642640894,1790750436,15260698,0.14100000262260437,0.16930661711834286,-0.6246174808021251,0.40126915091592186,-2.766152388918078
0.23968174051183638,-0.7031187029340422,0.31544473254967176,1790750436,65262318,0.13600000739097595,0.16815444004614094,-0.62452119186789,0.4003109717301711,-2.751855453321143
0.23726088847957705,-0.7044395453029961,0.30990227540306886,1790750436,115241780,0.13899999856948853,0.16704836316780675,-0.6244056028759891,0.39926540511131237,-2.7378497639362216
0.23442406770013213,-0.7058430015410465,0.3045143830727548,1790750436,165366020,0.1420000046491623,0.1658214370019236,-0.6243167731858602,0.398382132975612,-2.7252914342164942
0.23005111764452518,-0.705438577852026,0.301023096796159,1790750436,215657624,0.1420000046491623,0.16463598875480415,-0.6242052243073936,0.39738701382217057,-2.7129750831973127
0.22682320867949193,-0.7068531385571725,0.2958168974822793,1790750436,265520214,0.14499999582767487,0.16336816927174377,-0.6241248366294259,0.3965863612296787,-2.702518437244093
0.22095364539960255,-0.7047698878977058,0.29476027354738354,1790750436,315593121,0.1420000046491623,0.16213380048752432,-0.6240223662792463,0.3956764016803911,-2.6923324695410122
0.21547424464146667,-0.7033663606861319,0.2934320398642222,1790750436,365645898,0.14000000059604645,0.16083119854139402,-0.6239506515846222,0.3949568290917933,-2.683897238162312
0.21230897020338635,-0.7052975430719068,0.28773919074812504,1790750436,415548637,0.14399999380111694,0.1595623702825559,-0.6238578380793595,0.39414111207589253,-2.6757934146962734
0.20720998934744295,-0.7044919447311689,0.2860802665366433,1790750436,465116149,0.14300000667572021,0.1582633549250381,-0.6237942493430739,0.3935098287950166,-2.6693193801446737
0.20336992192575482,-0.705880388944097,0.2813827120001581,1790750436,515433707,0.1459999978542328,0.15696587572126505,-0.6237097611687655,0.3927858169851426,-2.663052261255501
0.1979499422426843,-0.7045476464522966,0.28087188330118035,1790750436,565239843,0.14399999380111694,0.15566078416243317,-0.6236547632496093,0.392244980459972,-2.6582452792574407
0.19339984991767473,-0.7048513960759104,0.27807015056637463,1790750436,615545336,0.14499999582767487,0.15435666964564052,-0.62358069741707,0.39162939679395015,-2.653664195582316
0.18790581439726514,-0.7030442302151597,0.27887518186207666,1790750436,665434611,0.1420000046491623,0.1530619659079931,-0.6235514198664464,0.39126201670353955,-2.6505773449322496
0.1841472240674875,-0.7051258596012764,0.2742062152316428,1790750436,715090513,0.1459999978542328,0.15178348624883373,-0.6235092500901306,0.3908566198590875,-2.6477776554713843
0.17980543450954928,-0.7055789924711802,0.2721794645689854,1790750436,765549397,0.1469999998807907,0.15055904480836818,-0.6234849930610032,0.3905611519840624,-2.6457632772769277
0.17483758376831343,-0.7037680476776708,0.27345117526248924,1790750436,815267596,0.14399999380111694,0.1493705440054181,-0.6234463616232098,0.3902238383725058,-2.64393495035304
0.17016725412556946,-0.7014341892793556,0.275792468294487,1790750436,865373874,0.14000000059604645,0.14826868426078596,-0.623416512786222,0.38995767735303927,-2.642650452962765
0.1666810839377997,-0.7029743811637523,0.27246731058712437,1790750436,915545893,0.14300000667572021,0.14718391158326366,-0.6233735266456868,0.38965334277282176,-2.641472608052403
0.16255025065550383,-0.7001669833462845,0.2760640321594597,1790750436,965052276,0.1379999965429306,0.1462168428384648,-0.6233721502793503,0.38955311731372844,-2.641097764170827
0.15982380579572023,-0.7040327189060187,0.26984497301306887,1790750437,15267906,0.14499999582767487,0.14525429682979335,-0.6233673329764221,0.3894519281258329,-2.6408625718210166
0.15671316132960117,-0.7034253936082878,0.27027376289555477,1790750437,65045772,0.14399999380111694,0.14443261863279563,-0.6233511542317711,0.38932544358115434,-2.6406541930820215
0.15375343280963016,-0.7033528792066641,0.2698822341639812,1790750437,115585619,0.14399999380111694,0.14362148156683016,-0.6233246495644056,0.38916686954952107,-2.640447341664607
0.15135127357738284,-0.7039144607254451,0.26890155619518463,1790750437,165172669,0.14499999582767487,0.14295439042866973,-0.6233306158916642,0.38915435281637645,-2.6406523809627096
0.14892432600713565,-0.7039244913109612,0.2687912226164883,1790750437,215501180,0.14499999582767487,0.14229960506174127,-0.6233375464429982,0.38915257928576674,-2.6409343410245096
0.14699157698603896,-0.7033681523965031,0.26953849782072387,1790750437,265221749,0.14399999380111694,0.14178638242933062,-0.623338750495432,0.3891386608461369,-2.6411586234173217
0.1452400734343221,-0.7050272164009497,0.26696665432382927,1790750437,316020996,0.1469999998807907,0.1412865233864269,-0.6233361279515824,0.3891138420725815,-2.641377437352471
0.143935151871553,-0.7055722421276791,0.26607884991848607,1790750437,365187940,0.14800000190734863,0.14092947034497444,-0.6233319031062025,0.3890889839756789,-2.6415336063444252
0.1426209830733442,-0.703891432197091,0.26851899404202356,1790750437,415451747,0.14499999582767487,0.14058757574592723,-0.6233260233724229,0.38905977114911133,-2.6416828884345334
0.14183842834241628,-0.7061028037365352,0.26515871717082784,1790750437,465681664,0.14900000393390656,0.14036268412877254,-0.6233211782398937,0.38903779462724847,-2.641780673531737
0.14106365123503017,-0.7044248117806585,0.26762179219494675,1790750437,515720755,0.1459999978542328,0.14015951907591054,-0.6233161360738324,0.38901604512135074,-2.6418688197383204
0.14064672122399388,-0.704417968312145,0.26760443842622783,1790750437,565450112,0.1459999978542328,0.1400456897531195,-0.6233130345809538,0.38900307045750765,-2.641918138784741
0.1402888283692741,-0.7049672275805217,0.2667579633054117,1790750437,615392165,0.1469999998807907,0.13994725850928655,-0.6233101928694212,0.3889913956272334,-2.641960749192663
0.14013955170098613,-0.7066309241491378,0.26425699775676625,1790750437,665190615,0.15000000596046448,0.13990537291770253,-0.6233089403058385,0.38898628043270334,-2.64197873719935
0.14001883789278027,-0.7044069223786693,0.26757835792494805,1790750437,715173271,0.1459999978542328,0.13987406702529015,-0.6233079873115029,0.3889823988206424,-2.641992117968034
0.13999091510113545,-0.7032954985803603,0.2692403251324004,1790750437,765272020,0.14399999380111694,0.1398669061594365,-0.6233077723850019,0.38898148971083796,-2.641995242858429
0.13998296495766413,-0.7044062627258337,0.26757682536599664,1790750437,815859349,0.1459999978542328,0.13986426729748333,-0.6233076972734379,0.388981141458403,-2.641996448132833
0.1399800747675531,-0.7045325519068077,0.26768952432655935,1790750437,865451065,0.1459999978542328,0.13986347623953008,-0.6233446098763551,0.3890340909419588,-2.6421214852259034
0.13997988883237772,-0.7057959734085292,0.2661620348532501,1790750437,915664186,0.14800000190734863,0.1398629936975617,-0.623388351695157,0.3890968581688933,-2.6422697400989277
0.1399798657929769,-0.7062191516404774,0.2665395596833467,1790750437,965033437,0.14800000190734863,0.1398630085168927,-0.6235105065751784,0.3892720612483951,-2.6426851178609914
0.13997862576483738,-0.7055788472923142,0.26862571695385545,1790750438,15696053,0.1459999978542328,0.13986313228563382,-0.6236491532661593,0.38947070556104957,-2.643160049179486
0.13997860857210365,-0.7059147446709402,0.27025990174767467,1790750438,65296834,0.14499999582767487,0.13986338574304774,-0.6239095364717007,0.38984305834560357,-2.644062135311022
0.13997727648387956,-0.7051801962020715,0.273604989340806,1790750438,115374471,0.1420000046491623,0.1398637188351111,-0.6241908003727599,0.3902442031079847,-2.6450522571937833
0.13997634377680143,-0.7043509120451794,0.2782123442955331,1790750438,165202884,0.1379999965429306,0.13986436201386243,-0.6246185608209704,0.3908477680049195,-2.6465866500789565
0.1399817641097323,-0.7076521356547972,0.2771930495115742,1790750438,215538849,0.14100000262260437,0.13986503804165284,-0.625067236671821,0.39147656352199944,-2.648241132541101
0.13997689605217412,-0.7044582059721156,0.2865165736560074,1790750438,265416724,0.13199999928474426,0.13986695135063068,-0.6256994436354321,0.3924460080853901,-2.6507440753826943
0.13998173478698606,-0.7078564712189351,0.2870904198034845,1790750438,316244611,0.1340000033378601,0.13986832450672845,-0.6263529894475814,0.39345380867297036,-2.6534537491867574
0.1399776210261862,-0.7043909315481642,0.297764509241551,1790750438,365693408,0.12399999797344208,0.13987186244773753,-0.627169300383985,0.39478413608519636,-2.6570790948830303
0.13998107371628152,-0.7063996926295774,0.3013433022089909,1790750438,415346532,0.12300000339746475,0.1398727035766234,-0.6279748659674514,0.3960984374508588,-2.6608818936086642
0.1399795708502345,-0.7037132687028071,0.311791374234659,1790750438,465516328,0.11400000005960464,0.1398789386115113,-0.6289607496638743,0.3978614084165761,-2.665972437833234
0.13998038155486864,-0.7046980162919061,0.31754682900760983,1790750438,515316278,0.11100000143051147,0.1398777464509124,-0.6299023313875185,0.3995626525009611,-2.6712528840744927
0.13998299550096874,-0.703277613539446,0.32698852908232356,1790750438,565139042,0.10400000214576721,0.1398868143967097,-0.6309977907079972,0.4017656539733566,-2.6780681867113523
0.13997569132446622,-0.7015063655720679,0.3361945719128866,1790750438,615459692,0.09700000286102295,0.13987889187528013,-0.6320315300645954,0.4038868049689377,-2.685240185129603
0.14069026169503546,-0.7018160144556422,0.3419539201202802,1790750438,665383013,0.09399999678134918,0.14011157344638653,-0.6328692627249644,0.4058445292940297,-2.693276309945872
0.1413490146567879,-0.6973482723072127,0.35143804152367747,1790750438,716066092,0.08500000089406967,0.14031234413154706,-0.6336182162402947,0.4076733099939304,-2.701607026465702
0.14363093268002516,-0.6984125079956327,0.35138583853303273,1790750438,765492324,0.0860000029206276,0.14099576819062923,-0.6337262069678996,0.4079962516194189,-2.708660571016324
0.1460919472738022,-0.6968891016969778,0.3527577559164912,1790750438,815182763,0.08399999886751175,0.14176968895676825,-0.6337158129618076,0.4079524430083266,-2.715572599642941
0.14856735975612917,-0.6946819052946629,0.3550892220178854,1790750438,865762351,0.08100000023841858,0.14260158315958466,-0.6337334105963143,0.4081051681306287,-2.724114908050134
0.15118606332227447,-0.6946916624707128,0.3553719782771794,1790750438,915403734,0.08100000023841858,0.14342941036508444,-0.6337333825533367,0.4081443430436018,-2.732782225381116
0.1537598569854108,-0.6940229393572565,0.3566414325836761,1790750438,965346212,0.07999999821186066,0.14427792562288402,-0.633762873048612,0.40839872289153334,-2.743108202935468
0.1566523334101104,-0.6948169444227371,0.3565422178786549,1790750439,16166505,0.08100000023841858,0.1451572268796171,-0.6337734798320412,0.40852835059922643,-2.753922619305158
0.15931944743581958,-0.6949299782392501,0.3574033910355056,1790750439,65376458,0.08100000023841858,0.14599290653209207,-0.6338117249021014,0.40886174755008153,-2.76591678053643
0.16248797821872493,-0.6965055704331704,0.356936781535012,1790750439,116326233,0.08299999684095383,0.14688106520171912,-0.6338301717976811,0.409063724161263,-2.7786027059436313
0.16452284985754018,-0.6943785775354285,0.35990458057807434,1790750439,165376601,0.07999999821186066,0.14769725088922636,-0.6338766606211428,0.40946683418857976,-2.792306648210855
0.16814612075202126,-0.6974948662505422,0.35847009869137003,1790750439,215543368,0.08399999886751175,0.14856356830691117,-0.6339026340551897,0.4097394994474628,-2.806576383471142
0.16924489362974243,-0.6931138029779393,0.3634182904184589,1790750439,265403290,0.07800000160932541,0.14935783230700916,-0.6339577725798485,0.41020577924336554,-2.8219689108423256
0.1725989571711087,-0.6955010649168355,0.36284971682572176,1790750439,315270147,0.08100000023841858,0.150187877265195,-0.6339911475284071,0.4105495449065784,-2.837583650601703
0.1750675448564469,-0.6956923519264695,0.36438219031797314,1790750439,365588463,0.08100000023841858,0.15094957982034832,-0.6340557415895801,0.4110753597040815,-2.8544145536351255
0.17754722094936162,-0.695826213215347,0.3658314661636221,1790750439,415559599,0.08100000023841858,0.15174843347947867,-0.6340955241902756,0.4114904700532992,-2.871328622787186
0.1801816079025122,-0.6968025376718945,0.36697839749981664,1790750439,465637096,0.0820000022649765,0.15245438312829146,-0.6341686758800107,0.4120583346649369,-2.888862405047756
0.18286795590584703,-0.6977221350659064,0.3680910563102785,1790750439,515563704,0.08299999684095383,0.1532011258330794,-0.6342137417380391,0.4125383582075227,-2.9064462399369995
0.1842456866748945,-0.6964196306226087,0.37097482933078674,1790750439,565737639,0.08100000023841858,0.15384414723236248,-0.6342939099108199,0.4131309826679782,-2.924033148946665
0.18710276093149417,-0.6981240245241419,0.3717172457959815,1790750439,615300067,0.08299999684095383,0.15451511596147302,-0.6343430366159188,0.4136580427883767,-2.941391205035047
0.18862320307818645,-0.6975960850644637,0.3741425882287463,1790750439,665930052,0.0820000022649765,0.15510006847863073,-0.6344283246707338,0.4142678155167824,-2.958657407823945
0.19048067496167528,-0.6977750265786246,0.3759985414397622,1790750439,715298941,0.0820000022649765,0.15569780586149565,-0.6344798297944143,0.4148298490750199,-2.975408726954365
0.1916968770064792,-0.6972364475119842,0.37836283865985654,1790750439,765277790,0.08100000023841858,0.15620810930937773,-0.634563471160649,0.4154255617280549,-2.9913859150035833
0.19241540634196763,-0.6958676516554452,0.3811360738050039,1790750439,815436261,0.07900000363588333,0.15673604611436293,-0.634615381347334,0.41600931871167246,-3.007228650575506
0.194300958326249,-0.6968652803974591,0.38258317307473544,1790750439,866836847,0.07999999821186066,0.15719181435271648,-0.6346930400373761,0.41660557269700516,-3.022202565128363
0.1961190932110217,-0.6978074623156362,0.3839774611452018,1790750439,915984447,0.08100000023841858,0.1576365250542184,-0.6347355893836857,0.41717431086828094,-3.036303008209748
0.19725808441199522,-0.6980030595563614,0.38570270736444784,1790750439,965392947,0.08100000023841858,0.1579957305262124,-0.634800565443954,0.41771695956471755,-3.0489011165778814
0.1973811183613827,-0.6965952451588431,0.38820143757049663,1790750440,15270619,0.07900000363588333,0.15835597992248449,-0.6348382339833445,0.4182698714333329,-3.061353015634636
0.19877475170754294,-0.697582142349344,0.38939102026194705,1790750440,65279089,0.07999999821186066,0.15864287558583692,-0.6349171046927681,0.41875980110742433,-3.072083701055154
0.19860634374937688,-0.6961912336848473,0.3916576317962504,1790750440,115328855,0.07800000160932541,0.15891483739580625,-0.6349777982000666,0.41925291926693675,-3.082500166395817
0.1992905229105486,-0.6963202557194037,0.39297253879293964,1790750440,165169387,0.07800000160932541,0.15913871007860983,-0.635014464118548,0.4196826884285403,-3.091259470892364
0.20098817191491727,-0.697992254041736,0.39361084728694523,1790750440,215518165,0.07999999821186066,0.15935705943280548,-0.6350299081469658,0.42011732171918126,-3.0997973574336646
0.20200701302178564,-0.6989262569733878,0.3943577059298201,1790750440,265108889,0.08100000023841858,0.15951994977200076,-0.6350886350404814,0.4204461616331364,-3.1064181648926747
0.2003642409693433,-0.6959141152180001,0.39668921987061506,1790750440,316367899,0.07699999958276749,0.1596712362373424,-0.6351452571719587,0.42077708389812096,-3.112926324885402
0.20281178054240395,-0.6991615557930048,0.39623074224156535,1790750440,365654564,0.08100000023841858,0.15977701725408908,-0.6351755780264856,0.4210259804256409,-3.117653147810162
0.20205677463618746,-0.697656297392489,0.39759660940852576,1790750440,415431059,0.07900000363588333,0.15987520778272432,-0.6351965231728847,0.4212713342578761,-3.122181022926813
0.2022670538920287,-0.6977021924099043,0.3981253899703,1790750440,465311943,0.07900000363588333,0.15994174355675167,-0.6352065289921761,0.4214462118569767,-3.125332579550481
0.2029945020692584,-0.6985313475644636,0.398321941757957,1790750440,515164846,0.07999999821186066,0.16000149922258913,-0.6352123886193051,0.42160951050665496,-3.1282202554653478
0.20364730707832265,-0.6993440321191936,0.39833127359629406,1790750440,565348058,0.08100000023841858,0.16003699803655913,-0.6352144293532654,0.42170936233318485,-3.1299614450125715
0.2037479081736133,-0.6993613886633948,0.39859600653367616,1790750440,615893523,0.08100000023841858,0.1600678515954966,-0.6352152823926455,0.42179794063965254,-3.131490417575634
0.2021749268099506,-0.6969929307592649,0.39957427250016425,1790750440,665329274,0.07800000160932541,0.16008189777942702,-0.6352153950000026,0.4218388909249953,-3.13219343687997
0.2032908421982696,-0.6985828413904758,0.3991009299745273,1790750440,715290020,0.07999999821186066,0.16009315466709878,-0.6352153561923262,0.421871993312003,-3.132759882918566
0.20383977876612883,-0.6993763612444998,0.39884024345407465,1790750440,765430055,0.08100000023841858,0.1600958838430835,-0.6352153296842822,0.42188007254879983,-3.1328976203015833
0.20222326501600318,-0.6970005973657829,0.3997033028551018,1790750440,815223365,0.07800000160932541,0.16009701646313465,-0.6352153176058444,0.42188344349719054,-3.1329549041852864
0.20276021105797057,-0.697792220872808,0.39941055803657644,1790750440,865274418,0.07900000363588333,0.1600960511713783,-0.6352153234426391,0.42188058125986183,-3.132905770268244
0.20329578930907188,-0.6985836161923558,0.3991141775403323,1790750440,915724198,0.07999999821186066,0.16009468528339535,-0.6352153311265328,0.4218765318271144,-3.132836339025176
0.20381095881851302,-0.6993717567681674,0.3987634187022197,1790750440,965261449,0.08100000023841858,0.16008709860825004,-0.6352153848907609,0.42185419682824027,-3.1324554920478405
0.20216341619258704,-0.6969910780857312,0.39954373435566404,1790750441,15451114,0.07800000160932541,0.1600782705294359,-0.6352153793584522,0.4218283436706727,-3.1320135784358754
0.20264654122737466,-0.6977737298234199,0.3991085772816899,1790750441,64985263,0.07900000363588333,0.1600606999624454,-0.635215166451267,0.4217773409674349,-3.131137361183631
0.2020445954532062,-0.6969710571120824,0.3992299386139909,1790750441,115720674,0.07800000160932541,0.16004091485659322,-0.6352145827236098,0.42172057974532384,-3.130156344275469
0.2024795932788295,-0.6977440814947472,0.3986713075523273,1790750441,165130341,0.07900000363588333,0.16000856194225488,-0.6352128873103873,0.4216291346610749,-3.1285643278206865
0.20290265586094258,-0.6985135310372058,0.3980849711038659,1790750441,215406072,0.07999999821186066,0.15997295921501825,-0.6352099475586955,0.4215305928394033,-3.1268307124822807
0.20326839034198754,-0.6992695009189631,0.39735736109250597,1790750441,265313789,0.08100000023841858,0.15991994275698607,-0.6352036570750594,0.4213881701334587,-3.124293924607538
0.20201760904178298,-0.6976473652711467,0.3974996420244431,1790750441,315303841,0.07900000363588333,0.15986266791345907,-0.6351943141774246,0.4212394381908396,-3.121601330610686
0.20177548780108856,-0.6975884348961796,0.3969067118046496,1790750441,365275967,0.07900000363588333,0.1597853874817659,-0.6351776849510378,0.42104652002525844,-3.118037928354514
0.20204448594018204,-0.6983086357484415,0.3959738407063814,1790750441,415736977,0.07999999821186066,0.1597016241253285,-0.6351548700087957,0.42084719271466264,-3.1142717972321567
0.20118382022960063,-0.6974178889530888,0.3955106308345435,1790750441,465361738,0.07900000363588333,0.15959418575584192,-0.6351155310247998,0.42060483485427863,-3.109553537327083
0.20239555298240222,-0.6996613124434765,0.39372638383329095,1790750441,515822990,0.0820000022649765,0.15947630276312347,-0.6350642713994764,0.42035645368732744,-3.1045712373768173
0.19984918409240557,-0.6964275763190196,0.3940898910767669,1790750441,565389129,0.07800000160932541,0.1593242812288546,-0.635044292554229,0.420048029939284,-3.098556465883228
0.20091632981749868,-0.6986935941063739,0.39210549941944856,1790750441,615424349,0.08100000023841858,0.15916482498897813,-0.6350186310065202,0.41973358218698986,-3.0922910407136346
0.20032960676057782,-0.6985827474878119,0.3909660393380196,1790750441,665414910,0.08100000023841858,0.15897761974813218,-0.6349884932422731,0.41936998335465425,-3.0849269998196522
0.19871036156128583,-0.6968803859980679,0.3905331799189932,1790750441,715271895,0.07900000363588333,0.15878643461382722,-0.6349427402227568,0.4190078821540588,-3.0773840536368207
0.1984719692932437,-0.6975325290137183,0.38887564456152623,1790750441,765618275,0.07999999821186066,0.15854312837575973,-0.6349033205430659,0.4185954969034126,-3.068524028578364
0.19721749581367243,-0.6965939647791642,0.3879640567236556,1790750441,815272897,0.07900000363588333,0.1582984118035922,-0.6348466134001578,0.41818937842522563,-3.0595610955727937
0.1958464578870547,-0.6956720560904498,0.38695706408517455,1790750441,865225495,0.07800000160932541,0.15800931282249078,-0.6348046334125228,0.4177386748449203,-3.049398405529057
0.1968471608983114,-0.6986157473377239,0.38391663102578544,1790750441,915571366,0.0820000022649765,0.1577201419244829,-0.6347424102010332,0.41728238533616263,-3.038940491394527
0.19481832062359963,-0.6969226234000473,0.3832585032230034,1790750441,965263174,0.07999999821186066,0.15736362462793677,-0.6347063640481168,0.41681863632797633,-3.0275669057064474
0.19463517852394183,-0.6983076922158025,0.3809051435717338,1790750442,15266355,0.0820000022649765,0.15701142212176075,-0.6346502587126979,0.41634783654847163,-3.0159335619344647
0.19291464754193371,-0.6973678203053016,0.37976013792399943,1790750442,65214341,0.08100000023841858,0.1566060335581547,-0.6346000411548404,0.4158557123025801,-3.0031941933163857
0.19118959603182323,-0.6963854743888358,0.3786072821170333,1790750442,115563230,0.07999999821186066,0.1562114991467693,-0.6345228413513719,0.41534346436110386,-2.9901358478348263
0.1893165682426279,-0.6954548488351677,0.37749301182683853,1790750442,165258972,0.07900000363588333,0.15574116030297677,-0.6344754157628628,0.4148454053021685,-2.9762539730333484
0.18908871733293894,-0.6975662063528439,0.37441497139048513,1790750442,215587092,0.0820000022649765,0.1552842599752488,-0.634404776649707,0.4143135030935935,-2.9620029159311083
0.1873819488199746,-0.6974272718546748,0.3728507398232834,1790750442,265489707,0.0820000022649765,0.1547263075726491,-0.6343672829667671,0.4138513162538544,-2.9472425986536996
0.18491451350320523,-0.6957136797696831,0.3722926687217769,1790750442,315146116,0.07999999821186066,0.15419734044494385,-0.6343091720238366,0.4133528857413788,-2.9324427005806624
0.183726282911462,-0.6971027554118706,0.3697000463050949,1790750442,366739027,0.0820000022649765,0.15356499602686555,-0.6342666261131494,0.4128963192887172,-2.916644243694518
0.18119037419661235,-0.6953898087664591,0.3692582931551219,1790750442,415249961,0.07999999821186066,0.15300287312383923,-0.634204441425773,0.4124070511969871,-2.9017156880479638
0.17878437053142932,-0.6944874218542323,0.3683733151074752,1790750442,465454256,0.07900000363588333,0.1523285722111935,-0.6341614747187168,0.4119837658264436,-2.8859965013196276
0.17738168667839996,-0.6958292997304995,0.365763256940564,1790750442,515372871,0.08100000023841858,0.151689579724072,-0.6340983325390196,0.4114819989232085,-2.8703107904952607
0.17511757812859136,-0.6957018778997439,0.3644337480383082,1790750442,565691407,0.08100000023841858,0.15096229800562694,-0.6340591668401993,0.4110995669428813,-2.854850520922463
0.17317741688143387,-0.6962885595881074,0.3624564065618532,1790750442,615419799,0.0820000022649765,0.15027804139819811,-0.6340010728658971,0.41062162193316043,-2.8396339909177217
0.16966965788000854,-0.6931421162117714,0.36364957402553044,1790750442,665445767,0.07800000160932541,0.1494927911164162,-0.6339673079966152,0.41028900338909036,-2.824689804555852
0.16822120287018835,-0.6960135354493637,0.35995343002982244,1790750442,715864952,0.0820000022649765,0.14873046412746138,-0.6339135050123086,0.4098302552539257,-2.8096957590017033
0.16515488852005156,-0.694410743584039,0.36017533200547236,1790750442,765604020,0.07999999821186066,0.1478964145975858,-0.6338871939407511,0.4095620177653181,-2.795745616876889
0.16296278180505916,-0.6957829719967087,0.35782292937508275,1790750442,815393476,0.0820000022649765,0.14708637660528545,-0.6338409047714605,0.4091563535473663,-2.781923656810298
0.15995611164728932,-0.6949624791718223,0.35764080406108384,1790750442,865308055,0.08100000023841858,0.14619145280080342,-0.633822833308556,0.40895822711776175,-2.768964028782137
0.15725174649395623,-0.695598055606932,0.35607149637693786,1790750442,915884408,0.0820000022649765,0.14529829993874227,-0.6337832320546286,0.4086076084914196,-2.7560046404008607
0.15417057055949468,-0.6948088594572575,0.3561514125976739,1790750442,965235074,0.08100000023841858,0.14436830288691274,-0.6337756732581789,0.40849513972411633,-2.7445330424069847
0.15126031818847108,-0.6954710750573007,0.3548128258474232,1790750443,15806251,0.0820000022649765,0.1434217365801875,-0.6337445315804625,0.40822060468373544,-2.7329928539326866
0.14804285897485694,-0.6939599295878022,0.35581642222692605,1790750443,65467410,0.07999999821186066,0.14245948991026341,-0.6337474157075685,0.4081927420289981,-2.722976990362587
0.14511856074630058,-0.6961563743433559,0.35343167525597263,1790750443,115651814,0.08299999684095383,0.14148537532095726,-0.6337251098586597,0.4080039819151686,-2.713087257807431
0.14265341793590552,-0.6929108053020261,0.35370020446059275,1790750443,165951878,0.07999999821186066,0.14078409675764042,-0.6333722879132795,0.40710123721633745,-2.702986575155531
0.14034967464765752,-0.6931613007225067,0.3503096652124698,1790750443,215306848,0.0820000022649765,0.140016038503568,-0.6329195230115923,0.4059407471416241,-2.693042801926333
0.13998080942181554,-0.6921125893002233,0.34193699347156525,1790750443,265438243,0.0860000029206276,0.13990694622676056,-0.6315129420949691,0.40295893874681105,-2.681541826570327
0.13996427841714498,-0.6918971344241417,0.33001602355332693,1790750443,315244005,0.09300000220537186,0.13988006631536087,-0.6296631060501915,0.39912404791281386,-2.66986105649745
0.13996284419312102,-0.6918344134286771,0.3178465887841483,1790750443,365355622,0.10100000351667404,0.13987997081449768,-0.6278130952780486,0.3959635822274913,-2.6601823383390237
0.13996264249112486,-0.693795210177056,0.3010536794243027,1790750443,415622926,0.11400000005960464,0.13986856159562203,-0.625727309873098,0.39250176366112743,-2.6508658914535737
0.1399577034584533,-0.6950082840472475,0.2846005487018515,1790750443,465760478,0.12700000405311584,0.13985974704995613,-0.6237119211086386,0.38969964510976374,-2.643538682653445
0.13996346891000344,-0.6959739486460639,0.2657511606785362,1790750443,516107237,0.1420000046491623,0.1398586023341465,-0.621484358029475,0.38664487934553887,-2.6365248745099534
0.1399533905563505,-0.6947178686543629,0.2498866620041707,1790750443,565654070,0.15399999916553497,0.13984232672116928,-0.6193740451934142,0.38419710714562155,-2.63130937970045
0.13995031899719879,-0.6881995896606721,0.24158065975945128,1790750443,615416109,0.15700000524520874,0.13984766294778,-0.6170710795449678,0.3815439626550719,-2.6263522947654496
0.13993717412646026,-0.6833287770605252,0.23033162768945697,1790750443,665495837,0.164000004529953,0.13982555001564448,-0.6148505675169329,0.37935083398041247,-2.6228261730047837
0.1399305618618555,-0.6746982922184341,0.22637245245604504,1790750443,715397544,0.16300000250339508,0.13983398796067056,-0.6124761796011321,0.37702901617309054,-2.619586026856024
0.13991610174725877,-0.6667026275496092,0.22219388522464317,1790750443,765227010,0.16300000250339508,0.1398101653596048,-0.610192332816685,0.3750846180464418,-2.6175320952340155
0.13990442430451178,-0.655658076841577,0.2266664895378416,1790750443,815344600,0.15399999916553497,0.139823226385786,-0.6077414649138375,0.37302219134425973,-2.615691616289405
0.13989021583167316,-0.6463815478725733,0.22908412141199355,1790750443,865383345,0.14800000190734863,0.13980434572807923,-0.6054131120867033,0.3713007887198712,-2.614847567185422
0.1398827075941691,-0.6380937644937783,0.22883312563834543,1790750443,915478499,0.14499999582767487,0.13982522437618408,-0.6029471900794906,0.369509043238503,-2.614186134902446
0.13987096371297453,-0.6300081036850378,0.23117718676628557,1790750443,965301613,0.14000000059604645,0.13979853467414677,-0.6006706555842971,0.3680687827824899,-2.6144221426508008
0.13986244653278765,-0.6230260646235862,0.22880746825953158,1790750444,15273655,0.14000000059604645,0.1398081393525076,-0.5982796122359447,0.366603006328982,-2.6148236247805787
0.1398543563011803,-0.6163482176325987,0.22992358136495805,1790750444,65390465,0.13699999451637268,0.13979432320402022,-0.5961620505571185,0.3654282438394064,-2.615689601164498
0.13984352314372264,-0.6096309728750413,0.23319440539883826,1790750444,115595546,0.13199999928474426,0.13981092182037544,-0.593987582870959,0.3642641696372254,-2.616642644599106
0.13983733753219035,-0.6041712232138993,0.23492657164961706,1790750444,165382603,0.1289999932050705,0.13980020383718342,-0.5921323000566939,0.36336356475211784,-2.617866358886557
0.13982831067163595,-0.5987487386000031,0.238778775989037,1790750444,215515906,0.12399999797344208,0.13981078867851868,-0.5902402555727557,0.36248651587207115,-2.619148148597948
0.13982256446496866,-0.5942281128200678,0.2439357484875111,1790750444,265247111,0.11800000071525574,0.13980156036289593,-0.5886436592237562,0.3618035286721684,-2.620506162013809
0.13981569598937907,-0.5901170716311445,0.2441865028502309,1790750444,315578220,0.11699999868869781,0.1398072780245949,-0.5870244145229145,0.3611456200421116,-2.621896442767189
0.13981237652565892,-0.5866537163029543,0.24563292031784706,1790750444,365539854,0.11500000208616257,0.13979692568531824,-0.5856710847577845,0.3606287231818445,-2.6232629131375367
0.13980835696340485,-0.5832823957056653,0.241146453434818,1790750444,415460681,0.11900000274181366,0.1397970020672731,-0.5843252600086245,0.36014188594238783,-2.6246258579375805
0.13980572188849674,-0.5804458759105763,0.24278148098394142,1790750444,465395407,0.11699999868869781,0.1397897165783438,-0.5831942906672798,0.3597491929958914,-2.6258814738765563
0.13980171121326795,-0.5776703169135223,0.24246425796148807,1790750444,515255252,0.11699999868869781,0.13978988762765063,-0.5820783484781641,0.3593811892036449,-2.6271156716088315
0.13979804599588755,-0.5752924772918194,0.24123197029792146,1790750444,565337896,0.11800000071525574,0.13979152102292236,-0.5811370266196115,0.3590871414588853,-2.6281861212677837
0.13979237734311686,-0.5730730757143514,0.24202880042226182,1790750444,615843683,0.11699999868869781,0.13979860091303123,-0.5802071205932212,0.35881109813081324,-2.6292321619424013
0.13979113274867924,-0.5713300984195671,0.24189119566295075,1790750444,665468119,0.11699999868869781,0.1397925855929187,-0.579511682831033,0.3586047825650873,-2.630122772102192
0.1397899755651268,-0.5694923024898197,0.23978029806414047,1790750444,715630560,0.11900000274181366,0.13978750226572423,-0.5788387110481613,0.3584126936965941,-2.6309982844858895
0.13978886442043567,-0.568441450027818,0.2426908055050792,1790750444,765496785,0.11599999666213989,0.1397852668250419,-0.5783175388102834,0.35826961880161134,-2.631677863155526
0.13978737717790707,-0.5668577686275557,0.2386398333884885,1790750444,815256352,0.11999999731779099,0.13978511620572243,-0.5778197617896745,0.3581380930288343,-2.6323211023972006
0.13978556761233524,-0.5660368617690568,0.23959219496715067,1790750444,865657323,0.11900000274181366,0.13978630129805328,-0.5774496105240253,0.3580436610529249,-2.632794010055629
0.13978336280327025,-0.5649962683378341,0.23756608948338603,1790750444,915396241,0.12099999934434891,0.13978835529159533,-0.577106344684229,0.357958555473962,-2.633228593573144
0.13978176291817973,-0.5646444804819123,0.23953428918819805,1790750444,965194521,0.11900000274181366,0.1397901616953594,-0.576879731388967,0.35790362312758295,-2.6335134926211436
0.13977982757121274,-0.563929256532445,0.23752690335885118,1790750445,15454454,0.12099999934434891,0.1397921373828502,-0.5766717495912839,0.3578540763516811,-2.6337735837539302
0.13977854860499633,-0.5635344417183631,0.23652302254946322,1790750445,65202103,0.12200000137090683,0.13979333792026408,-0.5765538252000785,0.3578263438953087,-2.633920552409063
0.13977744547211926,-0.5632806878096824,0.23651509612139915,1790750445,115729390,0.12200000137090683,0.13979445365168847,-0.5764502600727471,0.3578022034808832,-2.634049307199956
0.13977685469249493,-0.5630658184096193,0.23551777562651288,1790750445,165500660,0.12300000339746475,0.13979496285952647,-0.5764067771137384,0.35779213650697556,-2.6341031937983757
0.13977635995499213,-0.5628742506258677,0.23452132139305445,1790750445,215721508,0.12399999797344208,0.1397953735402302,-0.5763731196265394,0.35778437210818126,-2.6341448343132665
0.13977646045150005,-0.5629704261779833,0.2355150073810487,1790750445,265318064,0.12300000339746475,0.1397954372273347,-0.5763679553975671,0.35778318266173537,-2.6341512203216553
0.13977661473453876,-0.5630793493974986,0.23650905957362567,1790750445,315434550,0.12200000137090683,0.13979543722733465,-0.5763679553975671,0.35778318266173537,-2.6341512203216553
0.1397764604515,-0.5629704261779833,0.2355150073810487,1790750445,365421461,0.12300000339746475,0.13979543722733465,-0.5763679553975671,0.35778318266173537,-2.6341512203216553
0.13977615188657197,-0.5627525805504922,0.23352691040214568,1790750445,415414030,0.125,0.13979543722733465,-0.5763679553975671,0.35778318266173537,-2.6341512203216553
0.13977676901757752,-0.563188272617014,0.23750311176620265,1790750445,465636341,0.12099999934434891,0.13979543722733465,-0.5763679553975671,0.35778318266173537,-2.6341512203216553
0.13977661473453876,-0.5630793493974986,0.23650905957362567,1790750445,515506381,0.12200000137090683,0.13979543722733465,-0.5763679553975671,0.35778318266173537,-2.6341512203216553
0.13977646045150025,-0.5629704261779832,0.23551500738104858,1790750445,565327401,0.12300000339746475,0.1397954372273349,-0.576367955397567,0.35778318266173526,-2.6341512203216553
0.13977630616961073,-0.5628615037700075,0.23452096259472266,1790750445,615675992,0.12399999797344208,0.13979543722733465,-0.5763679553975671,0.35778318266173537,-2.6341512203216553
0.13977676901757752,-0.563188272617014,0.23750311176620265,1790750445,666390632,0.12099999934434891,0.13979543722733465,-0.5763679553975671,0.35778318266173537,-2.6341512203216553
0.13977630616961073,-0.5628615037700075,0.23452096259472266,1790750445,716063679,0.12399999797344208,0.13979543722733465,-0.5763679553975671,0.35778318266173537,-2.6341512203216553
0.13977661473453876,-0.5630793493974986,0.23650905957362567,1790750445,765432621,0.12200000137090683,0.13979543722733465,-0.5763679553975671,0.35778318266173537,-2.6341512203216553
0.13977630616961073,-0.5628615037700075,0.23452096259472266,1790750445,816009843,0.12399999797344208,0.13979543722733465,-0.5763679553975671,0.35778318266173537,-2.6341512203216553
0.13977661473453876,-0.5630793493974986,0.23650905957362567,1790750445,865486435,0.12200000137090683,0.13979543722733465,-0.5763679553975671,0.35778318266173537,-2.6341512203216553
0.1397764604515,-0.5629704261779833,0.2355150073810487,1790750445,917185307,0.12300000339746475,0.13979543722733465,-0.5763679553975671,0.35778318266173537,-2.6341512203216553
0.1397763061696108,-0.5628615037700075,0.23452096259472266,1790750445,965556073,0.12399999797344208,0.1397954372273347,-0.5763679553975671,0.35778318266173537,-2.6341512203216553
0.13977661473453876,-0.5630793493974986,0.23650905957362567,1790750446,16099415,0.12200000137090683,0.13979543722733465,-0.5763679553975671,0.35778318266173537,-2.6341512203216553
0.13977661473453876,-0.5630793493974986,0.23650905957362567,1790750446,68918327,0.12200000137090683,0.13979543722733465,-0.5763679553975671,0.35778318266173537,-2.6341512203216553
0.13977630616961073,-0.5628615037700075,0.23452096259472266,1790750446,117841226,0.12399999797344208,0.13979543722733465,-0.5763679553975671,0.35778318266173537,-2.6341512203216553
0.13977615188657197,-0.5627525805504922,0.23352691040214568,1790750446,165841811,0.125,0.13979543722733465,-0.5763679553975671,0.35778318266173537,-2.6341512203216553
0.13977676901757752,-0.563188272617014,0.23750311176620265,1790750446,216789481,0.12099999934434891,0.13979543722733465,-0.5763679553975671,0.35778318266173537,-2.6341512203216553
0.1397764604515,-0.5629704261779833,0.2355150073810487,1790750446,267650262,0.12300000339746475,0.13979543722733465,-0.5763679553975671,0.35778318266173537,-2.6341512203216553
0.13977661473453876,-0.5630793493974986,0.23650905957362567,1790750446,316156463,0.12200000137090683,0.13979543722733465,-0.5763679553975671,0.35778318266173537,-2.6341512203216553
0.1398096079757107,-0.5630792313468165,0.23650910496548894,1790750446,366727991,0.12200000137090683,0.13980857271899,-0.5763678816451413,0.3577832246558761,-2.6339877987740103
0.1398466012837104,-0.5631880229291313,0.23750321452934342,1790750446,415699511,0.12099999934434891,0.13982337715887244,-0.576367798771573,0.3577832744341982,-2.6338036139397327
0.14005056928147816,-0.5632961787315504,0.23849761919479467,1790750446,465727718,0.11999999731779099,0.13990548867715538,-0.5763673177318288,0.3577835095302551,-2.6327824815840435
0.14028519370859543,-0.5630774789353042,0.23651015929259592,1790750446,515060289,0.12200000137090683,0.1399979595848229,-0.5763667848982488,0.35778386698755615,-2.6316325346279172
0.1408463616617427,-0.562966627077507,0.23551872269601848,1790750446,565781299,0.12300000339746475,0.14021939813608653,-0.5763655534180622,0.35778513887574553,-2.628878703017358
0.1414672465553126,-0.5628557556592987,0.23452930278872158,1790750446,615886017,0.12399999797344208,0.14046222146075746,-0.5763642711303719,0.3577872008388698,-2.625858869580999
0.14250953503744296,-0.5630707449674539,0.23652957374408196,1790750446,665192652,0.12200000137090683,0.14088373005899926,-0.5763622210021287,0.35779248545864123,-2.6206165260732095
0.14369395707660482,-0.5629592531748535,0.23555545139328382,1790750446,715657836,0.12300000339746475,0.1413477875456253,-0.576360212224821,0.35780074014033264,-2.6148445818724273
0.145354722895972,-0.5631746419785492,0.23758375133421406,1790750446,765216798,0.12099999934434891,0.14202768506901664,-0.5763577409705707,0.3578174261578549,-2.6063870760480783
0.14724090448730973,-0.5629556498580394,0.2356557560188664,1790750446,815188263,0.12300000339746475,0.14275332954867267,-0.5763557186345806,0.35784127342469657,-2.597358416097696
0.14977559227048362,-0.5627389062211552,0.23377406173234294,1790750446,865234953,0.125,0.14371934721820123,-0.5763540074249595,0.3578826871984115,-2.5853341809193116
0.1522888611513188,-0.5628521415680017,0.23490706754536334,1790750446,915236187,0.12399999797344208,0.14472952953805626,-0.5763534232915228,0.3579378417231945,-2.5727529951935386
0.1555650404717327,-0.5627532474623786,0.23413532588731775,1790750446,965247700,0.125,0.1459912939140921,-0.5763544296023093,0.3580237887127419,-2.5570256276949688
0.15891882420978687,-0.5627690645263239,0.23441816612816357,1790750447,15526808,0.125,0.1473074798274565,-0.576357538770934,0.3581336867767002,-2.5406005603466784
0.16291376778288527,-0.5627951469803786,0.23482590878192236,1790750447,65533459,0.125,0.14887534339143563,-0.576364003980588,0.3582917289926731,-2.521002724304248
0.1670221201189315,-0.5628302168013407,0.23532597158797244,1790750447,115588073,0.125,0.15048780342012996,-0.5763737960107416,0.35848516870090597,-2.500803977776625
0.1714279860984564,-0.563096975930489,0.23796560737189945,1790750447,165386991,0.12300000339746475,0.152338990656232,-0.5763889858401248,0.35874612550849805,-2.4775499602042412
0.17620407192469684,-0.5631596529889779,0.23876223117208972,1790750447,215271881,0.12300000339746475,0.15423223448701523,-0.5764089348563455,0.3590564360424303,-2.4536833479082354
0.1813394628042725,-0.563350929254331,0.2407621111666221,1790750447,265161892,0.12200000137090683,0.15634934105803205,-0.5764365984629533,0.3594560849436082,-2.4268762817259106
0.18704557684647172,-0.5633458386499713,0.24099985565105453,1790750447,315784105,0.12300000339746475,0.15853060151395876,-0.5764710966225951,0.3599268274476768,-2.399105543554422
0.19298321517631337,-0.5634742373934222,0.24248368583282354,1790750447,365528179,0.12300000339746475,0.16088528908789365,-0.5765152886425267,0.3605034085867638,-2.368927973879508
0.1998912735200512,-0.5633088173541052,0.24133177323288552,1790750447,415640794,0.12600000202655792,0.1632796190001265,-0.5765677871867847,0.361164101854933,-2.337998993152068
0.2047628166029524,-0.5640143398488053,0.24808430568524248,1790750447,465464397,0.12099999934434891,0.16581365363780526,-0.5766318797885414,0.3619472067176508,-2.3049594917323986
0.21253371722780695,-0.5638054226585539,0.2466027584154425,1790750447,515492483,0.125,0.16836163969121126,-0.5767054309795274,0.3628241736168579,-2.2713766759214584
0.21844461872706483,-0.564250085591507,0.25104415470223934,1790750447,565421078,0.12300000339746475,0.1709888196256669,-0.5767911535055217,0.36382566729628185,-2.236319390006927
0.22460830815311786,-0.564614838002505,0.25477946761440223,1790750447,615406692,0.12200000137090683,0.17360275927662736,-0.576886813449743,0.36492406774047104,-2.200945545006772
0.23180286705058212,-0.5648159351941473,0.2570816883725042,1790750447,665217285,0.12300000339746475,0.17629521014582192,-0.5769966615954364,0.36616665876282295,-2.163925638065542
0.23811594996322666,-0.5652478001347704,0.2614760893155058,1790750447,715666024,0.12200000137090683,0.17899745064860373,-0.5771190502884377,0.36753304002161113,-2.1260955143272864
0.24482573833241605,-0.5656113118153717,0.26527887337932277,1790750447,765392339,0.12200000137090683,0.18167942899110148,-0.5772532521371974,0.3690141575241851,-2.0877879863580295
0.25197218911650054,-0.5659098787995128,0.2685226285419316,1790750447,815159377,0.12300000339746475,0.1843177967786493,-0.5773984512100769,0.3706005239803646,-2.0492624156491015
0.2580200044753107,-0.5664322617746853,0.2737841640221233,1790750447,865408484,0.12200000137090683,0.1869586701133241,-0.5775578271689971,0.3723260783928727,-2.009747381312316
0.26504926856026095,-0.5667988686501986,0.2776792837940612,1790750447,915489478,0.12300000339746475,0.1895285872347691,-0.5777274726884347,0.37414789600386394,-1.970248713499458
0.2706194820002352,-0.5673658060576046,0.2833511173119304,1790750447,965554010,0.12200000137090683,0.1920082294255713,-0.5779059374616983,0.37605050745624635,-1.9310177225574914
0.2752314010196447,-0.5680339887444962,0.28991325492860104,1790750448,15432557,0.11999999731779099,0.19440005614879102,-0.5780931370221623,0.3780330970674002,-1.8919786788596338
0.28016356860407254,-0.5686281030268417,0.29582004561062003,1790750448,65552635,0.11900000274181366,0.1966862092457439,-0.5782872897772235,0.3800769814582603,-1.8533988119155727
0.2862814052866376,-0.5690810994413816,0.30050417042272426,1790750448,115706120,0.11999999731779099,0.19888691030940878,-0.5784897683141919,0.3821967560960079,-1.814911322685862
0.28975080990947055,-0.5697627897368879,0.307145630065898,1790750448,165280841,0.11800000071525574,0.20091110138627927,-0.5786910618089514,0.38429349015366704,-1.778157899805016
0.29529281442497596,-0.5702381715723966,0.3120149910378794,1790750448,215559207,0.11900000274181366,0.20287218892192097,-0.57890152351855,0.3864755508479748,-1.7411135669256348
0.29888062563633544,-0.5708526133475272,0.31805234816927375,1790750448,265520561,0.11800000071525574,0.20467122476721675,-0.5791096734314458,0.3886243675215114,-1.7056831103271843
0.3022158161756567,-0.5714754515809294,0.3241575295673825,1790750448,315642045,0.11699999868869781,0.20638666422535004,-0.5793234313382264,0.390822231947048,-1.6703908650554438
0.3050718220932741,-0.572071665799857,0.3299831330552133,1790750448,365697548,0.11599999666213989,0.20792242048432472,-0.5795292450032542,0.39293055162869084,-1.6373322837029896
0.3110582137243084,-0.5724169210730271,0.3336839090589011,1790750448,415210805,0.11900000274181366,0.20935556564987118,-0.5797354312293387,0.3950354488626484,-1.6050188293815533
0.31329870916736474,-0.5729932128054097,0.3392843800500327,1790750448,465160122,0.11800000071525574,0.21064165649486566,-0.5799338175849267,0.3970542485862397,-1.5746083040896581
0.3135555572936027,-0.5736811382109382,0.3457942087850081,1790750448,515305829,0.11500000208616257,0.21185372672766312,-0.5801341514787878,0.3990867669814324,-1.5445080528833428
0.31331356196471494,-0.5743101307563123,0.3517156239553946,1790750448,565388064,0.1120000034570694,0.2128913441048474,-0.5803175693991722,0.40094254357709275,-1.5174344295414652
0.320102532034469,-0.574513906148575,0.35414817536374127,1790750448,615636911,0.11699999868869781,0.21386167995960947,-0.5805006425279927,0.40279013288074983,-1.4908326017466627
0.319270312545014,-0.5750803913743553,0.359439968648727,1790750448,665486995,0.11400000005960464,0.2146720717967508,-0.5806634409842739,0.4044292740780334,-1.4675006959052603
0.3219566180761931,-0.5754426186367929,0.3630647019206263,1790750448,715468821,0.11500000208616257,0.2154281212770299,-0.5808247257458928,0.40604973155414237,-1.444662755482907
0.32061030749472214,-0.5759363818828187,0.3676352918882583,1790750448,765411694,0.1120000034570694,0.2160516324140207,-0.5809655880487028,0.40746230941521977,-1.4249251825351863
0.3238130815580942,-0.5761955744224683,0.37032490003460616,1790750448,815207074,0.11400000005960464,0.21662883447471665,-0.5811032610916447,0.4088405046944907,-1.4058098660332317
0.32393617841997746,-0.5765316895615917,0.37351469892314854,1790750448,865457467,0.11299999803304672,0.2170920045740151,-0.5812195078220322,0.4100023191606951,-1.3897973626870517
0.3239682703699834,-0.5768563007335256,0.376589628344527,1790750448,915877215,0.1120000034570694,0.2175212238320812,-0.5813324315392001,0.4111293346367313,-1.3743476229767044
0.32279800012551,-0.5771574431135331,0.37935475294337406,1790750448,965819883,0.10999999940395355,0.2178461264268822,-0.581421628501868,0.41201850653953886,-1.3622131976317633
0.32538287222169404,-0.5772933454671738,0.38083134718528394,1790750449,15462687,0.1120000034570694,0.21814480885205717,-0.5815067736178148,0.41286641488199227,-1.3506844970331064
0.32491440802295957,-0.5774906744777463,0.3826656346600826,1790750449,65684413,0.11100000143051147,0.21836226457565955,-0.5815708349369917,0.4135038144861741,-1.342044021692359
0.32728658171833674,-0.5775695052852805,0.38358563386109357,1790750449,116119096,0.11299999803304672,0.21856182277759775,-0.5816312946916615,0.41410494275833054,-1.3339149620704533
0.32660797212857784,-0.5777032947759457,0.3848029549442282,1790750449,165450045,0.1120000034570694,0.21868775210400138,-0.5816703358020738,0.41449284328567493,-1.328679048601793
0.32686694935996163,-0.577794361452136,0.38568420442886703,1790750449,215558751,0.1120000034570694,0.21880292164822895,-0.5817066739178562,0.41485371762795903,-1.3238146626916034
0.32894475632156894,-0.5777773584496696,0.3856747004563712,1790750449,265142249,0.11400000005960464,0.2188682188928055,-0.5817275423927306,0.4150609552041249,-1.321024356018554
0.3261745606048729,-0.5779268719740629,0.38688886526992816,1790750449,315646144,0.11100000143051147,0.21892489829036882,-0.5817458208401706,0.41524245200170606,-1.3185824440692724
0.32526170904922247,-0.5779806158823769,0.38733138316566185,1790750449,365208188,0.10999999940395355,0.21894892350911685,-0.5817536214604747,0.4153198795254331,-1.3175411025965074
0.3262698985010704,-0.5779614939630935,0.3872237333085673,1790750449,416076273,0.11100000143051147,0.21896761000488832,-0.581759710819595,0.4153803089129736,-1.3167285214466407
0.3262779924082561,-0.5779644376562252,0.3872522416393363,1790750449,465465815,0.11100000143051147,0.218971241907302,-0.5817608911498928,0.41539204539433705,-1.3165707396081927
0.3262807643208595,-0.5779654398829803,0.3872619823214902,1790750449,516212704,0.11100000143051147,0.21897249007020803,-0.581761292448124,0.41539605593737816,-1.3165168344919518
0.3272478872195925,-0.5779313803234305,0.38700985674445043,1790750449,565509301,0.1120000034570694,0.21897266022321688,-0.5817613471601641,0.4153966027238051,-1.316509485244751
0.32628114219209,-0.577965576524146,0.38726331033936595,1790750449,615842149,0.11100000143051147,0.21897266022321693,-0.5817613471601639,0.41539660272380513,-1.316509485244751
0.32628114219209,-0.577965576524146,0.38726331033936595,1790750449,665279311,0.11100000143051147,0.21897266022321693,-0.5817613471601639,0.41539660272380513,-1.316509485244751
0.3272478872195926,-0.5779313803234303,0.3870098567444505,1790750449,715599233,0.1120000034570694,0.21897266022321693,-0.5817613471601639,0.41539660272380513,-1.316509485244751
0.32338091431237936,-0.5780681648715122,0.3880236692357398,1790750449,765288269,0.1080000028014183,0.21897266022321693,-0.5817613471601639,0.41539660272380513,-1.316509485244751
0.328214625044298,-0.5778971843774955,0.38675640503790765,1790750449,817611480,0.11299999803304672,0.21897266022321693,-0.5817613471601639,0.41539660272380513,-1.316509485244751
0.328214625044298,-0.5778971843774955,0.38675640503790765,1790750449,867106578,0.11299999803304672,0.21897266022321693,-0.5817613471601639,0.41539660272380513,-1.316509485244751
0.328214625044298,-0.5778971843774955,0.38675640503790765,1790750449,916797966,0.11299999803304672,0.21897266022321693,-0.5817613471601639,0.41539660272380513,-1.316509485244751
0.32593685269381334,-0.5777433801591975,0.3859956724913949,1790750449,965372481,0.11100000143051147,0.21883141164804282,-0.5816213300106868,0.41488141847300064,-1.3237085628303713
0.32743921888043814,-0.5774069078728257,0.3839488110266333,1790750450,15560818,0.11299999803304672,0.2186578434401406,-0.5814543484706929,0.41426761933752054,-1.3323034982717952
0.32485139000653535,-0.5764965263642514,0.37882294146318113,1790750450,65615070,0.1120000034570694,0.21799409067970113,-0.5808584723809969,0.4120869126919131,-1.363011111330214
0.3218864775060424,-0.5754843108156363,0.37315380309554025,1790750450,115368226,0.11100000143051147,0.21716782939378718,-0.5801925226789242,0.4096618542098577,-1.397500970982811
0.31935856483724206,-0.5738570388712164,0.3638298041324845,1790750450,165233754,0.1120000034570694,0.2157478299897906,-0.5791888322003297,0.406024452829331,-1.450011364863313
0.3169148932744306,-0.5720755373425951,0.3535215990995042,1790750450,215467424,0.11400000005960464,0.21400832069669395,-0.5781219706200499,0.4022009374117098,-1.506426768151162
0.310296554683468,-0.5705235948411347,0.3450956253382639,1790750450,265425240,0.1120000034570694,0.21203823360494437,-0.5770590115878711,0.3984490829690472,-1.563302517074301
0.30747165838513524,-0.5686978065159515,0.3344571101114096,1790750450,315620215,0.11500000208616257,0.20983833787741707,-0.5760026598278956,0.39478433716972505,-1.6205907824384802
0.3015517077252554,-0.5670997112947734,0.325638579184177,1790750450,365734875,0.11500000208616257,0.20745304933282313,-0.5749712584093621,0.39127760503453934,-1.6774150424906744
0.29599856162257276,-0.565486082319096,0.3166342620865842,1790750450,415369049,0.11599999666213989,0.20489825379458634,-0.57396740739801,0.38794204752526096,-1.7336284908983695
0.2883454791986083,-0.5640477109881479,0.30913971316003186,1790750450,465385560,0.11500000208616257,0.20213140919703884,-0.5729720279553674,0.38472073710288723,-1.7904197180444872
0.28318275404155846,-0.562340606339742,0.29934633185934434,1790750450,515259560,0.11800000071525574,0.1991902817322664,-0.5719978989722289,0.3816628032559225,-1.8470759186074932
0.27596401289803835,-0.5608223858259733,0.29116506527802694,1790750450,565486564,0.11900000274181366,0.19606049141790322,-0.5710386275216575,0.378755340498742,-1.9040916350582509
0.26829425998867096,-0.5593563222203306,0.2833952770293731,1790750450,615458009,0.11999999731779099,0.19278435846654235,-0.5701052743882837,0.37603821607860305,-1.9608097779143983
0.26013941374448113,-0.557936911815702,0.2760167658165888,1790750450,665516835,0.12099999934434891,0.18935285532684237,-0.5691930587436534,0.3735029809706044,-2.0176323217410657
0.250422385463661,-0.5567561972209286,0.2707210332931427,1790750450,715752071,0.11999999731779099,0.18576641343958464,-0.5683003682323872,0.3711517893071741,-2.074656690555293
0.24206867114193176,-0.555360865906116,0.26347656199118064,1790750450,765562227,0.12200000137090683,0.18210069974530188,-0.5674435792044996,0.3690315276745786,-2.1309349828365596
0.2327853871019728,-0.5541169728298392,0.2575408359982039,1790750450,815390727,0.12300000339746475,0.1783194425739784,-0.5666107701605088,0.36711440375388993,-2.1871882702825602
0.22194165957578565,-0.5532416903094597,0.2548356267757504,1790750450,865549462,0.12099999934434891,0.1744295802230983,-0.5658020708194258,0.3654061427298746,-2.2435273363702923
0.21145035258185632,-0.5523362166247435,0.25185057393176824,1790750450,915527028,0.11999999731779099,0.17046389466080225,-0.5650216558809223,0.3639183625877121,-2.2996104961264625
0.2021109219683097,-0.5510778981623898,0.24568396934039421,1790750450,965224553,0.12300000339746475,0.16645588313080814,-0.5642739499021727,0.3626608185873865,-2.3551985632242958
0.1916969471489298,-0.5500829001205533,0.2418909121844675,1790750451,15483400,0.12399999797344208,0.16233605087237102,-0.5635435797503483,0.36161036495282434,-2.411380810713478
0.18064814148245395,-0.5493713803185666,0.24061334913415644,1790750451,65721690,0.12300000339746475,0.15815490820681954,-0.5628389657498062,0.3607868879654503,-2.4676611193000957
0.16964825280421844,-0.5487315482611523,0.23995638185430834,1790750451,115697163,0.12200000137090683,0.1539498865923246,-0.5621636258032024,0.36019423332248324,-2.5236686173286644
0.15886569742002926,-0.548056767242418,0.2389233954169223,1790750451,165369837,0.12200000137090683,0.14975930587399722,-0.5615219029697142,0.35983561186901253,-2.5791113231505656
0.14796704353863582,-0.5473316617438225,0.23747704785315277,1790750451,215496173,0.12300000339746475,0.14551487023329585,-0.5609005772687382,0.35970172708502735,-2.6350204475118644
0.1369234556806846,-0.5464573827057951,0.2346390590404835,1790750451,265272282,0.12600000202655792,0.14128437292737203,-0.5603087246154796,0.359799449095649,-2.6907052695967684
0.12610641295171982,-0.5464136741741817,0.2393505276415476,1790750451,315433442,0.12200000137090683,0.13702557368103024,-0.5597378835524922,0.36012816509116696,-2.746851973669453
0.11500047974671888,-0.5457845996441218,0.23870792495064014,1790750451,365482416,0.12399999797344208,0.1328209838029615,-0.5591981865983965,0.3606854016322603,-2.8025773811109107
0.10455424831884483,-0.54565241075837,0.24258294935331978,1790750451,415577779,0.12200000137090683,0.1286483807159828,-0.5586837397256329,0.3614680097430821,-2.8583010033479
0.09328908565427371,-0.5450562361689195,0.24215753779178256,1790750451,465367796,0.125,0.12456188931286769,-0.5582000373572108,0.3624665243291718,-2.9134953470655507
0.08260198596261811,-0.5448397803213784,0.24527521715892714,1790750451,515959358,0.125,0.12046886636191681,-0.5577334791298705,0.36370178470127,-2.9695438159832492
0.07314474308915564,-0.5448939947011665,0.25070396836863024,1790750451,565379039,0.12300000339746475,0.11657730907684613,-0.5573065102227495,0.36510913654702903,-3.0237745126487194
0.06278753450458624,-0.5446998751757895,0.2538921288261401,1790750451,615336002,0.12399999797344208,0.11272678039545073,-0.5568982123315069,0.3667339286518291,-3.0785066318123198
0.05338578246094537,-0.54476096643826,0.2594684940077336,1790750451,665368235,0.12300000339746475,0.10893512590737475,-0.5565100883472492,0.3685795814957368,-3.1337144142641535
0.043810742561441234,-0.5447797678129589,0.26467281550574584,1790750451,715514691,0.12300000339746475,0.10523121933340551,-0.5561425989797607,0.3706322980297545,-3.189123781039981
0.0351295093538358,-0.5449434398218878,0.2711866436420375,1790750451,765284986,0.12200000137090683,0.10166295287660827,-0.5557996811468057,0.37286969656531693,-3.24421553766262
0.027927069731221138,-0.5453240566340363,0.27980858646521345,1790750451,815660121,0.11900000274181366,0.09817420985684756,-0.5554732351631911,0.37532473238780395,-3.2999949445197823
0.017708856978001952,-0.5452415335173724,0.2839519830350765,1790750451,865382442,0.12200000137090683,0.09489085390938505,-0.5551741815691754,0.37791092186935804,-3.3546289549456967
0.010112613346586974,-0.545544183949803,0.2918431845961057,1790750451,916329296,0.12099999934434891,0.09167525418292008,-0.554887188656338,0.3807321249891007,-3.410532185711431
0.003230319452223601,-0.5458773514293782,0.29986482896948985,1790750451,965741319,0.11999999731779099,0.08870830401087236,-0.5546275936798384,0.38363204673765683,-3.464734749205025
-0.0031868691430601143,-0.5462424832321776,0.30820303654596304,1790750452,15189203,0.11900000274181366,0.08589370882743702,-0.5543840615627263,0.3866846648629225,-3.518974133362802
-0.008394630849864582,-0.5467050295970501,0.31752409346576405,1790750452,65478021,0.11699999868869781,0.08322024511047907,-0.5541549515822921,0.38991340799726054,-3.57371882855678
-0.013785648060996039,-0.5471213174389125,0.32635879386287286,1790750452,115320353,0.11599999666213989,0.08074476520416417,-0.5539425313397158,0.39324280715793447,-3.627898700917919
-0.02041389618590865,-0.5474579605148234,0.33444434551839075,1790750452,165470012,0.11699999868869781,0.07842660394047533,-0.5537424933830634,0.39673447214010815,-3.682616845539651
-0.023125002993108393,-0.5480276641216919,0.34483515237911316,1790750452,215436688,0.11400000005960464,0.07630112406280408,-0.5535553150253264,0.4003319121740684,-3.7371729329930217
-0.02970432601871309,-0.5483808942952028,0.3530509281677357,1790750452,265672024,0.11599999666213989,0.07436248603192243,-0.5533807619250654,0.4040519005008003,-3.7919318192898244
-0.03125383710803675,-0.548964825056567,0.3635884507083168,1790750452,315558477,0.11299999803304672,0.07263417244309758,-0.5532175626784406,0.40783995067940804,-3.846294684711348
-0.03356660863838111,-0.5494028613522796,0.3720267007043378,1790750452,365336457,0.1120000034570694,0.0713088826013437,-0.5530823842697995,0.4111622756037744,-3.893008717276652
-0.03636520963501501,-0.5498059970620185,0.3800139786628547,1790750452,415370810,0.1120000034570694,0.07016012635981662,-0.552955367608102,0.4144586448789069,-3.9386140045460785
-0.037704702272359183,-0.5500246254407579,0.3842981038278855,1790750452,465131474,0.1120000034570694,0.0696097480140387,-0.5528902009367722,0.4162261167818486,-3.9628047259652277
-0.03971329489893766,-0.5501867459377695,0.3876471523963654,1790750452,515224800,0.11299999803304672,0.06918006833365616,-0.5528365840081041,0.41771729302729627,-3.983088239754038
-0.03799220852422873,-0.550271622089092,0.3889260787392817,1790750452,566337404,0.11100000143051147,0.06909477168815199,-0.5528253759569494,0.4180268919194857,-3.9872862750147213
-0.03900749535089697,-0.5502578867991813,0.3888486943944623,1790750452,615448377,0.1120000034570694,0.06907397023969258,-0.5528224361710483,0.41810310699654724,-3.9883193284989087
-0.03901535481425114,-0.5502593321781827,0.3888774976749019,1790750452,665461017,0.1120000034570694,0.06907073515431521,-0.5528219781811969,0.4181149868823181,-3.98848032951355
-0.03805029851358127,-0.5502822129917299,0.38913854720665547,1790750452,715443100,0.11100000143051147,0.06907073515431521,-0.5528219781811972,0.41811498688231796,-3.98848032951355
-0.03998040392470596,-0.5502364515351112,0.38861645008811463,1790750452,765210061,0.11299999803304672,0.06907073515431501,-0.5528219781811975,0.4181149868823179,-3.98848032951355
-0.03805029851358141,-0.55028221299173,0.3891385472066555,1790750452,815262331,0.11100000143051147,0.06907073515431507,-0.5528219781811973,0.418114986882318,-3.98848032951355
-0.038050298513581465,-0.5502822129917302,0.3891385472066554,1790750452,865211256,0.11100000143051147,0.06907073515431501,-0.5528219781811975,0.4181149868823179,-3.98848032951355
-0.03998040392470585,-0.5502364515351109,0.38861645008811474,1790750452,917117619,0.11299999803304672,0.06907073515431512,-0.5528219781811972,0.418114986882318,-3.98848032951355
-0.038050298513581354,-0.5502822129917299,0.3891385472066555,1790750452,970927871,0.11100000143051147,0.06907073515431512,-0.5528219781811972,0.418114986882318,-3.98848032951355
-0.038050298513581465,-0.5502822129917302,0.3891385472066554,1790750453,16608818,0.11100000143051147,0.06907073515431501,-0.5528219781811975,0.4181149868823179,-3.98848032951355
-0.037742223249074044,-0.5500839283218362,0.3880359280530812,1790750453,65559409,0.11100000143051147,0.06919776978069006,-0.5526973489072119,0.41766713189652105,-3.9824637621162102
-0.04024906683230951,-0.5497740124399747,0.3858977653044208,1790750453,116005664,0.11400000005960464,0.0693533663675156,-0.5525484003448111,0.4171325123343109,-3.9752684271367795
-0.03595651924063212,-0.5490130523998831,0.38210257972670064,1790750453,168491050,0.11100000143051147,0.06993361413242673,-0.5520232963286004,0.4152570425228157,-3.94990695175611
-0.03619377468655091,-0.5480577175121469,0.3765167608685095,1790750453,219129834,0.11299999803304672,0.07061425045564118,-0.5514588769317096,0.41325199511706356,-3.9225673547239825
-0.032419707933450004,-0.5467174868566973,0.36930135678313813,1790750453,267585662,0.1120000034570694,0.07177188291364184,-0.550596784991796,0.4102044644537637,-3.8805026570425243
-0.029665968474734766,-0.5451134842375175,0.3603544490934947,1790750453,318415401,0.11299999803304672,0.07327028469714403,-0.5496097447002661,0.4067539208604724,-3.8320054975661644
-0.025396968246425428,-0.5435056198709636,0.35165900226761115,1790750453,370599498,0.11299999803304672,0.07500569370755061,-0.548594081467954,0.4032575738234219,-3.781728937627861
-0.022732089761599447,-0.5419228097336416,0.3427363610749016,1790750453,419308336,0.11500000208616257,0.07679159733888466,-0.5476528058216021,0.40007049864209876,-3.7347181971970143
-0.018074938546969413,-0.5405035645327458,0.33521309749897665,1790750453,466215629,0.11500000208616257,0.07866494764149592,-0.5467533876182844,0.3970785532191088,-3.6893155298694986
-0.011929655711604911,-0.5390789583366934,0.32803868375895756,1790750453,516051803,0.11400000005960464,0.08080888140657197,-0.5458077274351771,0.3939953923881006,-3.6410587745351655
-0.00953436609983474,-0.5374127917048868,0.31831995305334376,1790750453,565557789,0.11800000071525574,0.08304662659028446,-0.5448988040898608,0.3910985184409939,-3.5940479570232444
-0.0035284696633278573,-0.5360109729595784,0.31118973165571095,1790750453,615251924,0.11800000071525574,0.08542492719196114,-0.5440012850883997,0.38830943256792816,-3.5470175608446013
0.002139713273575816,-0.5345612633745565,0.3036261230617724,1790750453,665470288,0.11900000274181366,0.08795602405121539,-0.5431119302924428,0.385622754409204,-3.4996909046322036
0.007480791012285715,-0.5330683168796835,0.29562221233558694,1790750453,715448982,0.12099999934434891,0.09060187539736633,-0.5422408875887509,0.3830736223789242,-3.4526278263598993
0.014585835666352853,-0.5317550470558193,0.28932713066632904,1790750453,765422445,0.12099999934434891,0.09337413626013717,-0.5413845002544934,0.38065443853188735,-3.4055363344946628
0.022073594045998207,-0.5304646733968843,0.2833145108169606,1790750453,815941071,0.12099999934434891,0.09629499756791572,-0.5405336247109349,0.37834502865204556,-3.3579239938111676
0.02911342157115794,-0.5291541373800508,0.2769723649204302,1790750453,865351703,0.12200000137090683,0.09926632715048841,-0.5397166354251378,0.37622458811128046,-3.3112919785320307
0.036038968795723256,-0.5277747467944343,0.2700523584324055,1790750453,915253359,0.12399999797344208,0.1023697338887178,-0.5389072150430668,0.37422671828301746,-3.2641850846190517
0.04393237372683971,-0.5265116008288571,0.2642562625485134,1790750453,965663178,0.125,0.10559359746213597,-0.5381099932755995,0.372369031360144,-3.216744084859596
0.053388599622718025,-0.5255873738320508,0.2615398969016095,1790750454,15476288,0.12300000339746475,0.10886484206675029,-0.5373396703391685,0.3706878281091046,-3.1698915456598207
0.061194282466490516,-0.5243341272527345,0.255713635292949,1790750454,65080931,0.125,0.11219567977635538,-0.5365927418899715,0.369175451952198,-3.1233405418268627
0.07131068218935807,-0.523603721783228,0.25480607355859985,1790750454,115434332,0.12200000137090683,0.11564755834461532,-0.5358528818590178,0.3678025329046003,-3.0761066997713673
0.08029174901442877,-0.5226363662250513,0.251635233778487,1790750454,165352155,0.12200000137090683,0.11913473873562659,-0.5351391475950763,0.3666087217747792,-3.0292935377472894
0.08893138666775362,-0.5215016205151759,0.24696524430186487,1790750454,215588815,0.12399999797344208,0.12270007523827213,-0.5344396822353936,0.365575031961083,-2.98218368002821
0.09820354764525671,-0.5206345577938964,0.24465892114482332,1790750454,265604694,0.12399999797344208,0.12626456790291762,-0.533769938425872,0.3647257376061833,-2.935733045997942
0.10751936384285904,-0.5196982792597588,0.24179291869502686,1790750454,316349007,0.125,0.12991394081282262,-0.5331109065717916,0.3640368729460445,-2.8886875591694965
0.11667859462604933,-0.5188379163412372,0.2394123922737213,1790750454,365169114,0.12600000202655792,0.13346863905804937,-0.5324944862176033,0.3635397181044021,-2.8432692894431075
0.126173783928681,-0.5178944304374616,0.2364392816476633,1790750454,415362570,0.12800000607967377,0.13714750628507774,-0.5318796598024039,0.36319886642787313,-2.7965470226398654
0.13607123370401372,-0.5176643134486172,0.2398774909477704,1790750454,465251364,0.12399999797344208,0.140820590532573,-0.531289216760801,0.36303513430319634,-2.750101323547396
0.14571555488230836,-0.5168233829068596,0.2378182381889919,1790750454,515421106,0.12600000202655792,0.14452015442158447,-0.5307152340764494,0.36304438561640845,-2.7033926196963303
0.1555220172925516,-0.5161431994146501,0.23721837286997458,1790750454,565494912,0.12700000405311584,0.14823121387518404,-0.5301605411437638,0.3632317029024358,-2.656529670999145
0.16523895210003262,-0.5157327986013465,0.23907178958295372,1790750454,615792257,0.12600000202655792,0.15195112665292387,-0.5296230659029998,0.36359686609314257,-2.6094106485273656
0.17510640686184198,-0.5150537752108103,0.2384110951882725,1790750454,665531291,0.12800000607967377,0.1555911921730842,-0.529115520311232,0.36413072482811426,-2.5630812143222608
0.18387140284872755,-0.5150839385115366,0.24406970017835056,1790750454,715193093,0.12399999797344208,0.1591944805687489,-0.5286287250267508,0.36483222649532854,-2.5168697023895774
0.19396495476040226,-0.5143979837077478,0.24336764523888207,1790750454,765635439,0.12700000405311584,0.16279166893672048,-0.5281587881813701,0.365710881834475,-2.4702996274704514
0.20229641341170745,-0.5144173356393895,0.24883044058015766,1790750454,815181675,0.12399999797344208,0.16627688032081325,-0.527716797825007,0.366735983447747,-2.4246233535047033
0.21129699923246834,-0.5141589768136594,0.2518441695537099,1790750454,865103322,0.12399999797344208,0.16973693230400966,-0.5272916192461383,0.3679316108945213,-2.378636508702089
0.2214442157027925,-0.513631754114852,0.2525821072310981,1790750454,915927987,0.12700000405311584,0.17319890530485654,-0.5268779161146689,0.3693122672000318,-2.33182496101555
0.23018640967287585,-0.513476354897805,0.25645585821929584,1790750454,965363981,0.12700000405311584,0.176510290085039,-0.5264938892638937,0.3708167738089822,-2.286183435087971
0.23885294340298877,-0.5133656338516537,0.2607900083615613,1790750455,15443907,0.12700000405311584,0.17979223196419697,-0.526122792247794,0.3724953721696211,-2.239928288411176
0.24622671379135525,-0.5134993649846993,0.2672010979757727,1790750455,65321210,0.125,0.1829686078936038,-0.5257734202320327,0.37431206662984784,-2.194050563237037
0.2555563492764459,-0.5132848329888104,0.27067469887959034,1790750455,116232321,0.12700000405311584,0.18611829400604965,-0.5254347994962741,0.3763143496913208,-2.1472573404915387
0.26391752878253333,-0.5132183999195454,0.2752393479831161,1790750455,165083039,0.12800000607967377,0.18906370821072463,-0.525125867451103,0.3783854546434496,-2.10214757129846
0.269795865688913,-0.5135611889273849,0.2834697119890743,1790750455,215132122,0.125,0.19198248508735008,-0.5248254871963108,0.3806458067030778,-2.05589413528941
0.2784704231559342,-0.5134934117657888,0.28814606006015964,1790750455,265493301,0.12700000405311584,0.1947963544013731,-0.5245419038724215,0.3830438053954315,-2.009602197859634
0.2820630408142244,-0.5140629672405426,0.29823229824488495,1790750455,315422540,0.12200000137090683,0.19746933628682323,-0.52427643217571,0.38554547378472037,-1.9637556615746683
0.290804065185879,-0.5139943608135487,0.30282632934771103,1790750455,365290056,0.125,0.20001686300946278,-0.5240273890564516,0.3881610952128357,-1.9180584965112764
0.29337364467327637,-0.5145966072340704,0.31313126042305695,1790750455,415334120,0.11999999731779099,0.20244786083830715,-0.5237917138913727,0.39089983507777937,-1.8722178883781848
0.2992302590826572,-0.5148315661031265,0.3202838101638812,1790750455,465272221,0.11999999731779099,0.20474440939694938,-0.5235710613128045,0.3937415857150077,-1.8265060507909574
0.30310532631372816,-0.5152355418636406,0.32883491960281497,1790750455,515120496,0.11800000071525574,0.20690255790381037,-0.5233636353303314,0.3966800492413146,-1.7808825444048249
0.3117757474456696,-0.5152783339425477,0.33457550194618535,1790750455,566976338,0.12200000137090683,0.20900224171437004,-0.5231616161427481,0.39984004604136625,-1.7334283780776623
0.31384302888694704,-0.5157828623471312,0.34375047105464107,1790750455,615094096,0.11900000274181366,0.21081214273603555,-0.5229852356397904,0.4028585328606482,-1.6893960600892979
0.31646304980027173,-0.5162429977390157,0.3527139487006531,1790750455,664990686,0.11699999868869781,0.21254412597236083,-0.5228130376454385,0.4060683443886576,-1.6437773717419544
0.31873934150662053,-0.5167211349381579,0.36196448466891906,1790750455,716482774,0.11500000208616257,0.21417296105084888,-0.5226457044064317,0.40945945318992993,-1.5967084925209127
0.32586166808933903,-0.5168966750152979,0.36842075863006124,1790750455,765251770,0.11900000274181366,0.2155440661772383,-0.5224998296305174,0.41268848975864836,-1.5527942977860294
0.3290752114657871,-0.5173111929805032,0.37695107900508784,1790750455,815758210,0.11900000274181366,0.21680698327143336,-0.5223575243468718,0.41608393132117877,-1.5074245402018653
0.328159725896501,-0.5177185605203459,0.3836905744771191,1790750455,865710106,0.11599999666213989,0.2175703525535042,-0.5222649188043735,0.4184082984171037,-1.4767784200261638
0.32976099480528587,-0.5179829758666649,0.3890339985250053,1790750455,915675503,0.11599999666213989,0.21820805013386338,-0.5221823558364617,0.42056660020359005,-1.4485802216058374
0.33030819993453747,-0.5180811924315007,0.3910003272104851,1790750455,965074181,0.11599999666213989,0.21842580665254216,-0.5221527102296576,0.42136069680521654,-1.4382618590534009
0.33164971485138106,-0.5181168980877319,0.39214224096628836,1790750456,15632408,0.11699999868869781,0.21857500481964243,-0.5221318689019079,0.4219246124929958,-1.4309518751005086
0.32977335537270874,-0.5181962283853313,0.3928655543867578,1790750456,65698342,0.11500000208616257,0.21859760820269686,-0.5221286736010996,0.4220115591838474,-1.429826021194458
0.3288066078035148,-0.5182304236297988,0.39311899841575293,1790750456,115391607,0.11400000005960464,0.2185976082026969,-0.5221286736010996,0.4220115591838475,-1.429826021194458
0.3288066078035148,-0.5182304236297988,0.39311899841575293,1790750456,165243243,0.11400000005960464,0.2185976082026969,-0.5221286736010996,0.4220115591838475,-1.429826021194458
0.3297733553727088,-0.5181962283853313,0.39286555438675785,1790750456,215498234,0.11500000208616257,0.2185976082026969,-0.5221286736010996,0.4220115591838475,-1.429826021194458
0.3317068433082807,-0.5181278381511703,0.3923586682170691,1790750456,265285268,0.11699999868869781,0.2185976082026969,-0.5221286736010996,0.4220115591838475,-1.429826021194458
0.3317068433082807,-0.5181278381511703,0.3923586682170691,1790750456,315755826,0.11699999868869781,0.2185976082026969,-0.5221286736010996,0.4220115591838475,-1.429826021194458
0.3297733553727088,-0.5181962283853313,0.3928655543867579,1790750456,365421590,0.11500000208616257,0.2185976082026969,-0.5221286736010996,0.42201155918384753,-1.429826021194458
0.3297733553727088,-0.5181962283853313,0.39286555438675785,1790750456,416374784,0.11500000208616257,0.2185976082026969,-0.5221286736010996,0.4220115591838475,-1.429826021194458
0.32945781256824835,-0.5179924776331267,0.39170207147949665,1790750456,465707961,0.11500000208616257,0.218470866443077,-0.5220014117476341,0.4215487918502718,-1.4363206504217996
0.3310082043886002,-0.5176849347689234,0.3898200908260581,1790750456,515180334,0.11699999868869781,0.21831984528951076,-0.5218537595513609,0.4210123064678379,-1.4438634935041188
0.32876226104691547,-0.5169610781805826,0.38574922829928754,1790750456,565399353,0.11599999666213989,0.21780690986911547,-0.5213799756445365,0.41929595117694884,-1.4681012653092416
0.32718420230368733,-0.5161063952328673,0.38087609432851866,1790750456,615630891,0.11599999666213989,0.21717546985264435,-0.5208457294969413,0.417367418240713,-1.4955423951019022
0.3237153063819712,-0.5149188974803663,0.37421128681867455,1790750456,665558000,0.11500000208616257,0.21616088795775834,-0.5200737078589328,0.41459043350613883,-1.5354879437418547
0.3207666821111238,-0.5136414073461985,0.36697918693334136,1790750456,715338653,0.11500000208616257,0.21497311582836137,-0.5192678006660808,0.4117124576745037,-1.5775105263640623
0.3183402115176368,-0.5122967946116579,0.35927698026358695,1790750456,765344847,0.11599999666213989,0.21363156999712396,-0.5184492899456595,0.40881733167241613,-1.6205386355434588
0.3173101649000372,-0.5108399018185321,0.35066827482701546,1790750456,815499930,0.11900000274181366,0.2121551339816873,-0.5176330663887612,0.4059608877172951,-1.6638490086116111
0.3115712060890883,-0.509696130531083,0.34456665192109476,1790750456,865531911,0.11699999868869781,0.21057102960692448,-0.5168327110953191,0.40319286842512325,-1.7067882091132007
0.30648011191435626,-0.5085292859381962,0.33827073043091144,1790750456,915411917,0.11599999666213989,0.20887550495544768,-0.5160444015740352,0.40050306095929045,-1.7495502230666156
0.30356912387060764,-0.5071784836023346,0.33046284345706317,1790750456,965886430,0.11800000071525574,0.2070528316290621,-0.515260124173742,0.39786679427909966,-1.792636275749148
0.30036266639215276,-0.5058573105103468,0.3228247766791889,1790750457,15547036,0.11999999731779099,0.20515048651343762,-0.5144987171588701,0.3953504014620744,-1.8349948781328804
0.2952456407618247,-0.5046972263240256,0.3165257268289206,1790750457,65237373,0.11999999731779099,0.20314099557656007,-0.5137470506761141,0.3929118143760826,-1.8774066967260332
0.29129265222382383,-0.5033944006196835,0.30904618934467926,1790750457,115417244,0.12200000137090683,0.20100685943926472,-0.5129985289909121,0.39053383671527087,-1.9202423018712746
0.28418877812406296,-0.5024473281886711,0.30453450614249705,1790750457,165148971,0.11999999731779099,0.19879853121242416,-0.5122700425731624,0.38827230746758506,-1.9625969726946482
0.27957230265100974,-0.5011807691421554,0.29736364838849433,1790750457,215848356,0.12200000137090683,0.19645010876214333,-0.5115393267226944,0.3860620221190968,-2.00575748429202
0.2727620294063463,-0.500217139783307,0.2927032978776646,1790750457,265359173,0.12099999934434891,0.1940556231076083,-0.5108349837894303,0.38399164783280426,-2.0480966469099995
0.26818015045810445,-0.49891397433175294,0.2851626732324104,1790750457,315481876,0.12399999797344208,0.19154058655191458,-0.5101336375110196,0.38199498137296073,-2.090994715820705
0.26265135832972963,-0.49772907950965456,0.2785885302862944,1790750457,365393558,0.12600000202655792,0.1889626800681593,-0.5094510931831966,0.3801196762573345,-2.133556104047586
0.2556666138046047,-0.4967563406097955,0.2738505580417283,1790750457,415431048,0.12600000202655792,0.18630044068013724,-0.5087801996585423,0.3783482199788974,-2.176195897390531
0.24951744081793045,-0.4956233313160518,0.26770295051514714,1790750457,465345906,0.12800000607967377,0.18356457882638527,-0.5081232860747668,0.3766890628531455,-2.2188360138268415
0.2405815587609142,-0.4950077927783354,0.26609930418747574,1790750457,515666166,0.125,0.18073405603198198,-0.507474455781244,0.37513076171548626,-2.261842349792647
0.23404904357343248,-0.49394933351439374,0.26054143340607144,1790750457,565337781,0.12700000405311584,0.1778939849711753,-0.5068523392264951,0.37371882896924025,-2.3040331416061135
0.226301004752965,-0.49311505815928086,0.25699245147718347,1790750457,615729561,0.12700000405311584,0.17495552197256617,-0.5062359410575306,0.372406856381899,-2.3467890098520385
0.2188921898737152,-0.4922257015594389,0.2528892789815461,1790750457,665629642,0.12800000607967377,0.17200739569483553,-0.5056434431860829,0.37123530485838424,-2.3889115399523098
0.21057133677660508,-0.49157774982040847,0.25093762442251744,1790750457,715898522,0.12700000405311584,0.16899063393586977,-0.5050613772431644,0.37017787757675313,-2.431307249609019
0.2023969060149749,-0.49098669739008133,0.24939721946264182,1790750457,764985039,0.12600000202655792,0.16600067976374142,-0.504507260191493,0.36926593767925875,-2.47273927862786
0.19447841428688237,-0.49019918719286976,0.24621659356038228,1790750457,815434440,0.12700000405311584,0.16288813167439276,-0.5039522531407158,0.3684536920656588,-2.5153279544603304
0.18668248693716252,-0.4893467569128187,0.24240258937924924,1790750457,865236056,0.1289999932050705,0.1597740270919317,-0.5034182018717478,0.3677777363280511,-2.5574915554934816
0.1783916437088282,-0.4886333621075096,0.23985937889733763,1790750457,915550030,0.12999999523162842,0.15659736127291232,-0.5028933267625987,0.3672236651842028,-2.600112548198761
0.1699215122665155,-0.48807572498324264,0.2386530717505767,1790750457,965293896,0.12999999523162842,0.15343225875861582,-0.5023896294049967,0.3668061654283359,-2.6422846520045598
0.16111552572563892,-0.48777073008734095,0.2397648934317204,1790750458,15729009,0.12800000607967377,0.15020476491141269,-0.5018940365350866,0.36651460376604156,-2.6850489893781204
0.15269825685531604,-0.4872955787592057,0.23926846583634817,1790750458,65330540,0.12800000607967377,0.1470288410289975,-0.5014236537984758,0.36635999496504174,-2.726985733368227
0.144115814750373,-0.48685131412211624,0.23911503771275813,1790750458,115834978,0.12800000607967377,0.14379000726162763,-0.5009600777664338,0.36633468318587514,-2.7696638543340932
0.13567564132567833,-0.4863461201283652,0.23831736098594206,1790750458,165540870,0.1289999932050705,0.14061988788410107,-0.5005218007326458,0.36644074976520896,-2.8114352049815916
0.12733160000694235,-0.48609877336246565,0.2398455995548309,1790750458,215252680,0.12800000607967377,0.13745653750107575,-0.5000984128091657,0.36667421341029655,-2.8531715318668645
0.11890901217436561,-0.48577789714433545,0.24072961370613113,1790750458,265379975,0.12800000607967377,0.13427856777229857,-0.4996869684644395,0.36704000936749714,-2.895240874342462
0.11007174463101768,-0.4851724661810078,0.23900886815332248,1790750458,315352852,0.13099999725818634,0.1311254951977542,-0.49929135815581827,0.36753277938435414,-2.9371774922988663
0.10224696349381078,-0.48525214533167643,0.24351695224158726,1790750458,365383406,0.12800000607967377,0.12799117298697088,-0.4989105480214123,0.3681551697751103,-2.979148149590261
0.09354837143135616,-0.48483515797103216,0.2434837368514418,1790750458,415286180,0.12999999523162842,0.12489042973591973,-0.4985449549952409,0.3689018998383543,-3.0210087612218164
0.08550877448128091,-0.4847717522938331,0.24672147215492563,1790750458,465699191,0.1289999932050705,0.12178113814791382,-0.49818958859861795,0.3697876151425149,-3.0634216517238384
0.077605049661189,-0.4847417913949347,0.2502896671418001,1790750458,516354168,0.12800000607967377,0.11869227383688935,-0.4978466638890585,0.3708056572959909,-3.106061327499427
0.06982788638595736,-0.48464865499514403,0.253128465528286,1790750458,565300034,0.12800000607967377,0.11575779594102259,-0.4975303503377378,0.371907701465215,-3.147138884985429
0.06159557704484333,-0.4844893666342889,0.2554393514977552,1790750458,615411006,0.1289999932050705,0.11280075637108321,-0.49722003022482736,0.37315493271630246,-3.1891732396828414
0.05349657045123573,-0.4843699241602532,0.258069135292136,1790750458,665197816,0.12999999523162842,0.10992253336071205,-0.4969262838713814,0.374509881170744,-3.2308211301663468
0.047333839484247305,-0.4846656584554051,0.26456330734154776,1790750458,715153063,0.12700000405311584,0.10709147051578229,-0.4966445132645675,0.37598383328022467,-3.272588529257285
0.040025296658418696,-0.4847051459139074,0.2686746984240811,1790750458,765365479,0.12700000405311584,0.1043201876127025,-0.4963757617162969,0.37757357240109346,-3.31437915791389
0.03174261123775331,-0.484598462563904,0.27144860686854744,1790750458,816080086,0.1289999932050705,0.10158956822752266,-0.4961169857267762,0.37928980711374094,-3.35655007369397
0.02483270949983994,-0.48470524837378054,0.2761140477401295,1790750458,865319724,0.1289999932050705,0.09899477504262304,-0.49587682975146885,0.381072049106666,-3.3976937991791063
0.018596114882831416,-0.4849278105226233,0.28193856837656395,1790750458,915462899,0.12800000607967377,0.0964239013394097,-0.49564358993781493,0.38299305508146353,-3.439627575029144
0.01266888446266251,-0.4851738113313791,0.2879613256023536,1790750458,965596759,0.12700000405311584,0.09394573398129812,-0.49542336173002016,0.3850078169270904,-3.481343061966756
0.007075986284607025,-0.4854396530748403,0.2941440642399602,1790750459,15342384,0.12600000202655792,0.09157005282565903,-0.495215670355872,0.3871020263312725,-3.5226978402225755
0.000987724493131767,-0.4856548175528626,0.29988886734836395,1790750459,65322955,0.12600000202655792,0.08924989576334864,-0.49501612027026,0.3893212755949987,-3.564607192199047
-0.004884648605732386,-0.48589671491848513,0.3059021638926549,1790750459,115428833,0.12600000202655792,0.0870114121926897,-0.4948258292775662,0.39164238454310446,-3.606691959074757
-0.010439186980223891,-0.4861609103304484,0.3120772520579109,1790750459,165437617,0.12600000202655792,0.08489453542665448,-0.4946478307435396,0.39402512612821683,-3.6482739947085774
-0.013431388951647971,-0.4866415668473713,0.320380430858629,1790750459,215939555,0.12300000339746475,0.0828585415228943,-0.4944774977174337,0.3965108998732342,-3.690189495159823
-0.017517232743661376,-0.48699618044011894,0.3273889778578213,1790750459,265206433,0.12200000137090683,0.0809657520916379,-0.49431970521673835,0.3990232435222205,-3.731207978568832
-0.020627051874561486,-0.48743057712504445,0.3353174605712588,1790750459,316244404,0.11999999731779099,0.07910989974640358,-0.49416440840147685,0.40170417124416125,-3.773724837434452
-0.02653785297179967,-0.4876420252472785,0.340842563795753,1790750459,365113140,0.12200000137090683,0.07745806697826527,-0.4940252930689606,0.40430990075073825,-3.813938148661858
-0.029760923757364943,-0.4880405540196793,0.34831925787293977,1790750459,415498965,0.12099999934434891,0.07586492056247934,-0.49388903303177417,0.4070557554387424,-3.8553166022454755
-0.031749244909395,-0.48849008219761886,0.3563011192841956,1790750459,465131106,0.11900000274181366,0.07439058984011868,-0.49376014303265703,0.40985074664697557,-3.896491918134672
-0.03706149203470109,-0.4887821003556115,0.3627250511422202,1790750459,515325448,0.12099999934434891,0.07301090240914122,-0.4936355369372231,0.4127401686176386,-3.93821599359358
-0.03750176850577058,-0.489283392272974,0.37129234349952434,1790750459,565352742,0.11800000071525574,0.07175185459866475,-0.49351740516329456,0.41567386152447416,-3.9798206021836773
-0.04226971819462015,-0.4896158545757951,0.37811437909924456,1790750459,615707308,0.11999999731779099,0.0706041248993968,-0.4934035611743806,0.4186748053812761,-4.02170098401047
-0.044189475274199655,-0.4899152236831088,0.38367817343923405,1790750459,665249328,0.11999999731779099,0.06984787880354573,-0.4933231726939157,0.4208785378831008,-4.052077473591755
-0.043935616310889825,-0.49025382917429206,0.38955854146586,1790750459,715231760,0.11800000071525574,0.06919196957874975,-0.4932489130620072,0.42298276848890615,-4.0808203989163125
-0.04558239829321872,-0.4903564695847751,0.3916402731616515,1790750459,766058182,0.11900000274181366,0.06891909105740202,-0.4932164967786443,0.4239238577440934,-4.0936001895833165
-0.044135016948991815,-0.49049619695661434,0.393890855080693,1790750459,815342089,0.11699999868869781,0.06872788933387351,-0.49319313869830833,0.42461040233943936,-4.102896057928568
-0.04807321948057036,-0.49041997513942254,0.39313170635515293,1790750459,865598468,0.12099999934434891,0.06869660067531526,-0.49318925939228625,0.4247250601945508,-4.1044464111328125
-0.044213059482928044,-0.4905115217417958,0.3941761149233891,1790750459,915203462,0.11699999868869781,0.06869660067531526,-0.49318925939228625,0.4247250601945508,-4.1044464111328125
-0.04517810127986539,-0.49048863504857276,0.3939150122949895,1790750459,965044438,0.11800000071525574,0.06869660067531526,-0.49318925939228625,0.4247250601945508,-4.1044464111328125
-0.047108177683633,-0.49044286183264557,0.39339280898355256,1790750460,15574895,0.11999999731779099,0.06869660067531526,-0.49318925939228625,0.4247250601945508,-4.1044464111328125
-0.046143143076802756,-0.49046574835534973,0.3936539096665899,1790750460,65329463,0.11900000274181366,0.06869660067531526,-0.49318925939228625,0.4247250601945508,-4.1044464111328125
-0.046143143076802756,-0.49046574835534973,0.3936539096665899,1790750460,116641149,0.11900000274181366,0.06869660067531526,-0.49318925939228625,0.4247250601945508,-4.1044464111328125
-0.045178101279865435,-0.4904886350485727,0.39391501229498943,1790750460,172180350,0.11800000071525574,0.06869660067531522,-0.4931892593922862,0.42472506019455075,-4.1044464111328125
-0.044213059482928044,-0.4905115217417958,0.3941761149233891,1790750460,216501752,0.11699999868869781,0.06869660067531526,-0.49318925939228625,0.4247250601945508,-4.1044464111328125
-0.0448906694601697,-0.4903069266375542,0.39288374290079486,1790750460,265237523,0.11800000071525574,0.06881078655922036,-0.4930781695478845,0.4243209705235197,-4.0990044668677275
-0.04453987215829601,-0.4900901335377827,0.39165431945975776,1790750460,315497707,0.11800000071525574,0.06895011874714617,-0.4929455934162901,0.4238392302405139,-4.092506002296088
-0.04241027800885329,-0.489426176477613,0.38804131800586744,1790750460,365203210,0.11699999868869781,0.06941617612968216,-0.49252293637525685,0.422308706673428,-4.071778478434068
-0.04192901689433111,-0.48861678861874247,0.38333358662689043,1790750460,415349310,0.11800000071525574,0.0699864172428125,-0.49204308336664015,0.420578670530616,-4.048187687326804
-0.039631827750604906,-0.4874773946937212,0.3769316680998738,1790750460,465577050,0.11800000071525574,0.0708973848271842,-0.4913439581939504,0.4180697650713302,-4.013635599964154
-0.037876005818430994,-0.48624334131858105,0.36986128634461324,1790750460,515644937,0.11900000274181366,0.07195898617866635,-0.49060754969578374,0.41544888192487583,-3.9770526276310623
-0.035844510498762874,-0.48501299359240985,0.36283546978731795,1790750460,565329310,0.11999999731779099,0.07311738574394452,-0.48987595819406177,0.41287201741748913,-3.9405222856908813
-0.0343764195729076,-0.4837244098323711,0.355309039259398,1790750460,615686495,0.12200000137090683,0.07439151117481825,-0.48913821113053263,0.41030202363798224,-3.903455931010999
-0.029936312418595068,-0.48256917398228005,0.34917977916783655,1790750460,666134080,0.12099999934434891,0.07577554217409416,-0.4884003123755498,0.40776306573444276,-3.8660985505280707
-0.026238471856659493,-0.481414086360998,0.34290297351051335,1790750460,715225725,0.12099999934434891,0.07721736533583966,-0.48768696583395565,0.4053412676516035,-3.829707607437443
-0.023044404620301023,-0.48019129754136697,0.3360751436058523,1790750460,765497391,0.12200000137090683,0.07878885134517236,-0.48696294333261037,0.40291923928564727,-3.792437606880491
-0.01796992016557647,-0.4791027138153325,0.33053681137378893,1790750460,815455767,0.12099999934434891,0.08044225429394378,-0.4862498553396373,0.4005722461729886,-3.7553990941739217
-0.014310091946239167,-0.4779183013102167,0.3240312938933572,1790750460,865302234,0.12200000137090683,0.0821785026755293,-0.4855469126300976,0.3982994279196507,-3.7185101095135766
-0.010288331210277502,-0.47672344683517287,0.3175269400985279,1790750460,916133767,0.12300000339746475,0.08403678692946841,-0.4848376406299703,0.39605039380988594,-3.680904398461023
-0.006978732182053693,-0.47552517229945357,0.3107542499242954,1790750460,965079188,0.125,0.08588901468817964,-0.48416951679949827,0.3939759832600703,-3.6450693251775714
-0.0010482162631893222,-0.474515640391597,0.30595755839402056,1790750461,15732386,0.12399999797344208,0.08788231437236418,-0.4834870337637945,0.39190448573440784,-3.608048028271494
0.0035797101125698005,-0.4733972744798535,0.3000456528506793,1790750461,65208534,0.125,0.08992655163331031,-0.4828222507717769,0.38993665785834847,-3.5715222640546274
0.007880543200084286,-0.47219974197549025,0.2934610651178553,1790750461,115372717,0.12700000405311584,0.09207809207332159,-0.4821555065166865,0.3880161101743223,-3.5344200813641806
0.013714181823343302,-0.47118375104976434,0.28856706633247364,1790750461,165278148,0.12700000405311584,0.09428741486243034,-0.4815026357230011,0.386191221981682,-3.4975737134035487
0.020333991421269668,-0.4702753504687757,0.2846858321550174,1790750461,215194977,0.12600000202655792,0.09656492332325811,-0.48085892262311275,0.38444972107531233,-3.460731445669838
0.025384681913024745,-0.46913086077224025,0.2786071910841538,1790750461,265248862,0.12800000607967377,0.0989245469368638,-0.4802207722850375,0.38278446150006745,-3.4236387919833597
0.030265420605184487,-0.4679005861076529,0.2717930664038414,1790750461,315886865,0.13099999725818634,0.10137740809020523,-0.47958465357370206,0.3811894424179667,-3.3860841370953705
0.038918977985631154,-0.4673461262114999,0.2711878135773047,1790750461,365470607,0.12700000405311584,0.10383254533145908,-0.4789737550993608,0.37972365120882756,-3.3494029784990538
0.045605922685779315,-0.46645326930519515,0.26745300872633304,1790750461,415520048,0.12700000405311584,0.10636478907578269,-0.4783676204844228,0.3783376759282108,-3.312394056503479
0.051508042692557,-0.4654005677815704,0.2622077171148874,1790750461,465354228,0.1289999932050705,0.10893751967734396,-0.4777751877826155,0.37705423295229445,-3.2755555487219277
0.05808347781380682,-0.4644655380379795,0.25806015902856444,1790750461,515187547,0.12999999523162842,0.11155775945159344,-0.4771934382059655,0.3758672068689202,-3.2387200031729932
0.06517514475515274,-0.46366102729485864,0.25508690262993833,1790750461,565084950,0.12999999523162842,0.1142050009799377,-0.47662669589209994,0.3747863737926249,-3.202126287844981
0.07207736759723916,-0.4627790695692574,0.251427460416971,1790750461,615368097,0.13099999725818634,0.11690883935180785,-0.4760674248352997,0.37379803709407744,-3.1653046101745916
0.07975700258019922,-0.46213068493418585,0.24991047528783872,1790750461,665274555,0.12999999523162842,0.11964785270145915,-0.475520091483885,0.372912274579855,-3.128507865294843
0.08728534642488706,-0.46140112308133774,0.24770548032790785,1790750461,715802733,0.12999999523162842,0.12245768309740403,-0.474976814553488,0.3721185266464974,-3.0912056948199615
0.0952033185070657,-0.4609289412588842,0.24775633076561096,1790750461,765147204,0.12800000607967377,0.1252382748799572,-0.47445662606027966,0.3714450719508503,-3.0546775761236793
0.10226610510697427,-0.4599393239961327,0.24320158095179356,1790750461,815868615,0.13099999725818634,0.12812322207266955,-0.47393359684824354,0.37085959719522366,-3.0171115595940283
0.10987533361403144,-0.4593170730223432,0.24187593381229416,1790750461,865501672,0.13099999725818634,0.13095014281310668,-0.47343705162843625,0.37039627423757815,-2.98057770601326
0.1174630700714441,-0.4586129398699258,0.23983850235087456,1790750461,915555659,0.13199999928474426,0.13381464307282204,-0.47294861952883416,0.3700349468502166,-2.9437733560926405
0.12526646468348923,-0.4581630272872441,0.2400670523301815,1790750461,965114846,0.13099999725818634,0.13666770167774356,-0.4724764978264157,0.3697826475289468,-2.9072839158321484
0.1330579617577119,-0.4576300123822238,0.23958852547411097,1790750462,15225121,0.13099999725818634,0.1395619171561952,-0.472010987780905,0.36963423048739424,-2.8703797495655063
0.14082754446612655,-0.4571319453256557,0.23940126042837812,1790750462,65329766,0.13099999725818634,0.14244843493921058,-0.47155991275512116,0.36959421627305267,-2.8336394773190707
0.14873489536511092,-0.45654918412170575,0.23851174848451598,1790750462,116182715,0.13199999928474426,0.14537622965010003,-0.4711147666740633,0.3696626652967813,-2.7963819200298157
0.15641016736376803,-0.4562297413061348,0.2398937940066135,1790750462,165468611,0.13099999725818634,0.14823718293303767,-0.47069157396927835,0.3698363082318012,-2.7599379366117764
0.16412820435916856,-0.4559349657411267,0.2415680100329416,1790750462,215546515,0.12999999523162842,0.15114121633556085,-0.4702730341561234,0.37012055452905396,-2.722849246147131
0.17212120085242355,-0.45534403451346844,0.24056758679882342,1790750462,265629854,0.13199999928474426,0.15402266443290355,-0.4698685769045977,0.37051173041050023,-2.6859065385301437
0.17964120669546896,-0.4551181319550303,0.24280220305200925,1790750462,315370653,0.13099999725818634,0.1568669153845528,-0.46947913582982437,0.37100552790998054,-2.649242589933854
0.18729736636196137,-0.454812322514371,0.2443456269439888,1790750462,365361158,0.13099999725818634,0.15971127972245144,-0.46909932026506557,0.3716086962171834,-2.6123320435711666
0.1946561973941485,-0.45464631869786704,0.2471385380980142,1790750462,415414941,0.12999999523162842,0.16253651276332684,-0.4687308929643506,0.37231820652372893,-2.575363288413012
0.2018057707862534,-0.45451272083399097,0.2501745702244174,1790750462,465061220,0.1289999932050705,0.16531104831764357,-0.4683776071647,0.37312536691107534,-2.5387075091668194
0.21050355861757716,-0.4538727565074601,0.24878848390882108,1790750462,515441192,0.13300000131130219,0.16809475435282722,-0.46803099581861196,0.374048365472108,-2.5015121674004157
0.2161094678631804,-0.454223480597307,0.25610690699321453,1790750462,565217093,0.12800000607967377,0.1708087369154188,-0.46770060194471874,0.37506157286295744,-2.4647859873686775
0.22334687975510517,-0.4540692435794857,0.25903978953663687,1790750462,615978013,0.12800000607967377,0.1735362658767106,-0.4673754532195455,0.3761971584319342,-2.42733725731816
0.23193786265532204,-0.4535393369079367,0.25853679724986744,1790750462,665512597,0.13199999928474426,0.17613706672877202,-0.46707176037050074,0.3773944621283508,-2.391057502629132
0.23800559078451702,-0.45365542683399274,0.26375192141083786,1790750462,715583547,0.12999999523162842,0.17871722621750788,-0.46677612273021857,0.378698586984014,-2.3544300516272254
0.2438073622869502,-0.45379395175155707,0.26915005244380696,1790750462,765304318,0.12800000607967377,0.18124780273494595,-0.4664915641910954,0.3800963173804466,-2.317813649050526
0.2520014721760471,-0.45346650720935433,0.27051493971475804,1790750462,815390462,0.13099999725818634,0.18374667681335022,-0.46621534793918884,0.38159936369799036,-2.2808824484469192
0.2580061756858271,-0.45356053775304717,0.2755428069630592,1790750462,865431718,0.12999999523162842,0.18618253981237018,-0.4659505833085797,0.38318968736965675,-2.2440486338364902
0.26322204465140886,-0.4537711635783421,0.28158735309232275,1790750462,915622392,0.12800000607967377,0.18856441862975734,-0.4656955016200979,0.3848736086904113,-2.207117063386141
0.2687742902998197,-0.4539091338088942,0.2870015165668161,1790750462,965379218,0.12700000405311584,0.19088817633318653,-0.4654501660223179,0.3866486884088548,-2.170102389684112
0.2760677546195914,-0.45380383948605,0.2903532447974576,1790750463,15451103,0.1289999932050705,0.19316321073906734,-0.46521284637690197,0.388524877220653,-2.132777188299696
0.27987881180819796,-0.45416318673602035,0.297658917262713,1790750463,65478692,0.12600000202655792,0.19534741820748133,-0.4649875059279405,0.3904666654341063,-2.0957912962686436
0.28611638321244887,-0.4541982353514208,0.30217253309697023,1790750463,115509826,0.12700000405311584,0.19745517391396325,-0.4647718505931815,0.39248526562091046,-2.0588583611685842
0.29001568679535605,-0.4545034413548265,0.3089741753858094,1790750463,165365774,0.125,0.1994804460281779,-0.4645659921527912,0.39457274576328394,-2.022053980227715
0.29511014683677284,-0.4546647887462796,0.31454873117493587,1790750463,215249287,0.125,0.20142832494340668,-0.46436871163541515,0.39673480132858985,-1.9852290400734474
0.29996751425340124,-0.4548468918004784,0.32027470849964934,1790750463,265201152,0.125,0.20328589617305504,-0.46418082333538324,0.3989547088013002,-1.94860148284447
0.30554786101099385,-0.4549848435229335,0.32576261719546423,1790750463,316776654,0.12600000202655792,0.2051146185765018,-0.46399541468303757,0.40131375174787076,-1.9108309214356216
0.30823329162201174,-0.45534201146137854,0.3328431886474507,1790750463,365133716,0.12399999797344208,0.20675926730511549,-0.46382776996830577,0.4036034443628571,-1.8751570849837493
0.3133662662972465,-0.455522940391962,0.338688433390017,1790750463,416234361,0.125,0.20840864287209715,-0.4636579438150812,0.40608812926655913,-1.8374180222589058
0.31646449090107803,-0.4558454850635809,0.34558500961666594,1790750463,465831705,0.12399999797344208,0.209921812404858,-0.4634998866673853,0.40856172985797745,-1.8007226977314983
0.317586598642981,-0.4562991957585058,0.35361276087175997,1790750463,516197352,0.12099999934434891,0.2113644425517304,-0.46334608517829046,0.4111296692219465,-1.763448232271415
0.3200534914041323,-0.45663084492488426,0.36051001455975173,1790750463,565253208,0.11999999731779099,0.21267550168705832,-0.463202586601591,0.41367747539741473,-1.7271856765593674
0.3241381849042784,-0.4568741829314937,0.36678746910888615,1790750463,615416371,0.12099999934434891,0.2139189979665177,-0.4630617677898875,0.4163298193330284,-1.6901118859062902
0.3252145754183237,-0.45728097662938333,0.37435305204677594,1790750463,665445487,0.11900000274181366,0.21505974995446317,-0.46292739798624777,0.4190188443876583,-1.6531429112770797
0.3287910894824866,-0.45755403694529384,0.38084454846376836,1790750463,715348380,0.11999999731779099,0.21609708961204524,-0.4627985913186682,0.4217414480882574,-1.6162681785570499
0.3308066665869662,-0.457830088708016,0.3866500087144279,1790750463,765311792,0.11999999731779099,0.21688513921525818,-0.46269393558823374,0.42404289508460274,-1.5854823683763117
0.3306646688164173,-0.4581788643883732,0.3928826025044129,1790750463,815530326,0.11800000071525574,0.21757836679882606,-0.46259554640353123,0.4262889100639662,-1.5557363388979981
0.3315005515314561,-0.45831896285107676,0.3957817053065643,1790750463,865568766,0.11800000071525574,0.21790796808019816,-0.4625461697723243,0.4274496050682206,-1.5404676445525276
0.3292604817724457,-0.45853970375545106,0.3989596735467816,1790750463,915680753,0.11500000208616257,0.21816728826392826,-0.4625058296780918,0.428414260304403,-1.527827350487257
0.33227578031469607,-0.45845784350418584,0.3986337033277645,1790750463,966216690,0.11800000071525574,0.21821346472333797,-0.46249847992609183,0.4285913665885022,-1.5255112438847331
0.3322989149562392,-0.45846212979932616,0.3987215308495758,1790750464,17113731,0.11800000071525574,0.21822257506505288,-0.4624970166870157,0.42862652263413303,-1.5250515942139304
0.3323017681501686,-0.4584626590538205,0.39873237412680695,1790750464,65571867,0.11800000071525574,0.21822369862905092,-0.4624968360866259,0.42863086303182313,-1.5249948501586914
0.3323017681501686,-0.4584626590538203,0.39873237412680695,1790750464,116255739,0.11800000071525574,0.2182236986290509,-0.4624968360866257,0.4286308630318232,-1.5249948501586914
0.33326853340453677,-0.4584284710437877,0.39847899659024083,1790750464,165365485,0.11900000274181366,0.21822369862905083,-0.4624968360866257,0.4286308630318232,-1.5249948501586914
0.33423529145595704,-0.45839428328847515,0.3982256209414806,1790750464,215450990,0.11999999731779099,0.21822369862905078,-0.4624968360866257,0.4286308630318232,-1.5249948501586914
0.33326853340453666,-0.4584284710437877,0.39847899659024083,1790750464,265450225,0.11900000274181366,0.21822369862905078,-0.4624968360866257,0.4286308630318232,-1.5249948501586914
0.3323017681501685,-0.4584626590538203,0.398732374126807,1790750464,315561601,0.11800000071525574,0.21822369862905078,-0.4624968360866257,0.4286308630318232,-1.5249948501586914
0.33423529145595715,-0.4583942832884751,0.39822562094148056,1790750464,367566690,0.11999999731779099,0.2182236986290509,-0.4624968360866257,0.4286308630318232,-1.5249948501586914
0.33326853340453677,-0.4584284710437877,0.3984789965902408,1790750464,418020625,0.11900000274181366,0.2182236986290509,-0.4624968360866257,0.4286308630318232,-1.5249948501586914
0.33202211135568827,-0.4582874164527302,0.39769815192273494,1790750464,465272842,0.11800000071525574,0.218113035221931,-0.46239016734872357,0.42822502497320747,-1.5305820589822576
0.3326417162237617,-0.4580415120594499,0.3961915814082972,1790750464,515413866,0.11900000274181366,0.21797690098540548,-0.46226201673600115,0.42773786707207223,-1.5373001261550023
0.3285961638048351,-0.4574751990221365,0.393038996790699,1790750464,565463260,0.11599999666213989,0.21751498131560865,-0.46184902289391033,0.42617266225575645,-1.5589734757287534
0.3290942459964705,-0.4566416262494148,0.3880092819683497,1790750464,615536200,0.11800000071525574,0.2169536715948126,-0.4613857673894577,0.4244233570837488,-1.5833675485977228
0.32870203799899117,-0.4554542286555946,0.38086779600652815,1790750464,665447110,0.11999999731779099,0.2160541478350658,-0.46071240862800833,0.4218897869536258,-1.6190547944475244
0.322322999935439,-0.45448576030059734,0.37556720497281726,1790750464,715399873,0.11599999666213989,0.21500280861823254,-0.4600050452518779,0.4192468713506782,-1.65679504845991
0.3239510525312714,-0.45308030524582477,0.3668446770536367,1790750464,765656084,0.12099999934434891,0.2138314571549598,-0.4592915183510209,0.41660505674724124,-1.695121364864842
0.32071995362636946,-0.451936975678581,0.36017960989592795,1790750464,815404326,0.12099999934434891,0.21256843903725917,-0.4585895665082687,0.41403119082598655,-1.7331248177935632
0.3154635423236043,-0.450919579685453,0.3545590598131171,1790750464,865622490,0.11900000274181366,0.21119897601492796,-0.45788943471536,0.4114916689741013,-1.771341239792697
0.3134991312387836,-0.44969534176140086,0.3472239797289934,1790750464,915383260,0.12099999934434891,0.209746025335983,-0.45720249549506303,0.4090296064928556,-1.8091832744677874
0.31036248497629026,-0.44853518543411014,0.3404186347123082,1790750464,965208633,0.12200000137090683,0.20819301027683093,-0.456519113153958,0.40661271052202136,-1.847180381937285
0.30852699736925,-0.44723651931781305,0.332485030479978,1790750465,15594419,0.125,0.20652714102108055,-0.45583491163664275,0.40422830162427625,-1.8856244383303464
0.3039440073643628,-0.44615534278612545,0.32635440479451727,1790750465,65875981,0.125,0.20477171427255722,-0.4551589090390977,0.4019109536678039,-1.924016183863738
0.2984161050418589,-0.44518286350005654,0.3211056363561683,1790750465,115549490,0.12399999797344208,0.2029489000679618,-0.45449882931076874,0.39968823654793584,-1.9619487572816323
0.29414367961284105,-0.44406875043422755,0.31470103269045274,1790750465,165622671,0.125,0.20101768243167614,-0.4538386185613022,0.3975086309275302,-2.0003443753765597
0.28889500259856715,-0.4430551417930993,0.30913926465374014,1790750465,215532108,0.125,0.19900706271270152,-0.45318871438667957,0.39540901004321977,-2.0386423168229846
0.284137732535244,-0.44198284471266075,0.3030716406030535,1790750465,265552714,0.12600000202655792,0.19692001503650347,-0.45254869319547775,0.3933901498403115,-2.076864285407679
0.2778129520859595,-0.44110580947468914,0.2986642721060262,1790750465,315442217,0.125,0.19476247713823247,-0.45192003008789544,0.3914579747128619,-2.114956068203643
0.2726284194495404,-0.4400813342832,0.2929920152430082,1790750465,365186634,0.12600000202655792,0.19253354613022974,-0.4513010934422708,0.38960945043494766,-2.153006754365134
0.26894871843696694,-0.43879319769939745,0.2850727395419114,1790750465,415465613,0.12999999523162842,0.19020761208202988,-0.45068515055722513,0.38782690435994255,-2.191480195601039
0.26147770747707955,-0.4380877754577855,0.2821442310623088,1790750465,465341301,0.12800000607967377,0.18784546695775564,-0.4500870585797023,0.38615534545428637,-2.229436798703698
0.254994057093345,-0.4372194511362845,0.2778376581328465,1790750465,515690827,0.12800000607967377,0.18539839114027928,-0.4494942013160895,0.3845605485780045,-2.2677151273372878
0.24787558548759503,-0.43648181800722274,0.27465487282778656,1790750465,565356780,0.12700000405311584,0.18290529802136762,-0.4489149566588004,0.38306741748622475,-2.3057650403596703
0.24300460729491066,-0.435270720586331,0.2673667768168574,1790750465,615387701,0.13099999725818634,0.180332224384604,-0.44834146310141443,0.38165731619826515,-2.3441480789431313
0.235982351953628,-0.4344854752730183,0.26377759557809866,1790750465,665347982,0.13099999725818634,0.1777205660027953,-0.4477819421893469,0.3803527539395916,-2.38230473245805
0.22761596191507322,-0.4340419632745393,0.2631834648247624,1790750465,715199605,0.12800000607967377,0.17506665610719535,-0.4472351995916644,0.379151178137508,-2.420346796724408
0.22152147858500876,-0.4330037160769319,0.257396349854776,1790750465,765235979,0.13099999725818634,0.17234203296336603,-0.4466944604815494,0.3780402263162034,-2.4587368784229584
0.21437416891168656,-0.4321963202976415,0.2536568012481245,1790750465,815527569,0.13199999928474426,0.1695572165069458,-0.4461621441865607,0.3770277717048222,-2.4973623745230533
0.2071079213350952,-0.4314236379479462,0.25019833565880667,1790750465,865645963,0.13300000131130219,0.16675548140602023,-0.44564530368997013,0.37612857493476026,-2.5356857053822655
0.19911171007353862,-0.4308948074369153,0.24891430117576963,1790750465,916000730,0.13199999928474426,0.16390773293892016,-0.4451383706321029,0.37533344811397057,-2.5741590184929066
0.19163402723698347,-0.4301878809388139,0.24602557550695234,1790750465,965998585,0.13300000131130219,0.1610549902323305,-0.4446473124838274,0.37465235220632204,-2.612291621437315
0.18350940115353087,-0.4298457498471167,0.2463528951772,1790750466,15524695,0.13099999725818634,0.1582040626325551,-0.4441728031387013,0.3740845461802452,-2.650053145607421
0.1758857737647837,-0.4292041230684212,0.24404274235375997,1790750466,65412577,0.13199999928474426,0.15531093531476822,-0.44370628823541797,0.373620375606561,-2.6880868807829654
0.1681127923552932,-0.4285928437501406,0.24201307699587318,1790750466,115472627,0.13300000131130219,0.15238984951075882,-0.4432502402345767,0.37326455373199197,-2.7262509297254875
0.1601537678323937,-0.428124665460554,0.24126553483196292,1790750466,165413259,0.13300000131130219,0.14945807578269207,-0.44280625977409727,0.3730192949634934,-2.7643774739579037
0.1521784567164734,-0.4273524863615839,0.23783582130235648,1790750466,216073204,0.13600000739097595,0.1464734983725043,-0.4423681665494137,0.37288390462506016,-2.803063244805111
0.1441183186705722,-0.42706437896191946,0.23868660294091723,1790750466,265400978,0.13500000536441803,0.14354772611202574,-0.4419510462069164,0.3728620962728285,-2.840921775063947
0.13604612353740236,-0.42680529595445976,0.2398420062985694,1790750466,315215211,0.1340000033378601,0.14058942348541278,-0.44154159361756157,0.37295173866744386,-2.8791870871794476
0.1277950145968165,-0.42624804487400936,0.23833001596522252,1790750466,365258650,0.13600000739097595,0.13761736759128249,-0.44114146219156786,0.3731547522438545,-2.9176768629269336
0.11958498988011643,-0.4259432642045437,0.2391222653055478,1790750466,415591120,0.13600000739097595,0.13463514419120975,-0.44075129437297283,0.37347336172120305,-2.9563976326432173
0.11166525643840808,-0.4257837201274572,0.24119520000271735,1790750466,465419214,0.13500000536441803,0.13170489262833182,-0.44037782413714815,0.3738994823673898,-2.9946022403563997
0.10382072973452604,-0.42565437125954564,0.24356917141067952,1790750466,515563552,0.1340000033378601,0.1287740498531474,-0.4400142335275469,0.37443982153991273,-3.0330263217109756
0.09574253996016122,-0.42534522121670487,0.24427575285953565,1790750466,565545138,0.13500000536441803,0.12589428506926933,-0.43966560870472526,0.37508401031089544,-3.0710502611624073
0.08821821006093272,-0.4252811322444774,0.24720447100722673,1790750466,615335111,0.1340000033378601,0.12305335252349814,-0.4393302651268485,0.375832366929584,-3.1088796578777123
0.07981831300371517,-0.42493266793265644,0.24759782789517312,1790750466,665584098,0.13600000739097595,0.12019141487540495,-0.43900003746616206,0.37670291598240335,-3.147378490799455
0.07232357259796539,-0.4249277094630074,0.25116233277287714,1790750466,716023699,0.13500000536441803,0.11734777898111481,-0.4386797157575251,0.3776878424965531,-3.1860831969041175
0.06632338009637975,-0.42525326804662583,0.25768691367657043,1790750466,765210657,0.13099999725818634,0.11462014255514874,-0.4383787967850068,0.3787494698737035,-3.2237083236938355
0.05812847877021771,-0.42500316160481744,0.2589870285392386,1790750466,815525293,0.13300000131130219,0.11187250173435608,-0.4380822192991621,0.3799395754089286,-3.262176311749875
0.04995743423815717,-0.4247903355479925,0.26061193497400564,1790750466,865259895,0.13500000536441803,0.10918567948985489,-0.43779751338624834,0.3812263194291014,-3.3004308977198895
0.043159627740529935,-0.42489826008398546,0.26523230299964173,1790750466,915240565,0.1340000033378601,0.10653198573781343,-0.4375217976828437,0.38262306683948083,-3.3389179472381496
0.03558663645726125,-0.424846177858033,0.2683625162500582,1790750466,965225772,0.13500000536441803,0.10394100153378281,-0.43725680707780556,0.3841150907602946,-3.377274633011603
0.02857337759733354,-0.424917658768911,0.27268171980791084,1790750467,15760104,0.13500000536441803,0.1013812039434628,-0.43699941167327894,0.385721770754036,-3.416026072628636
0.02354319955468935,-0.4252758775627824,0.279648057792776,1790750467,65409159,0.13199999928474426,0.09892036729018656,-0.4367550301642648,0.3874001410714722,-3.454205229713804
0.017609725871183243,-0.42547746679398313,0.28519145225081066,1790750467,115509246,0.13099999725818634,0.096500644135599,-0.4365179700116857,0.38918822905539247,-3.4927499049212685
0.010080964378543139,-0.425452859654362,0.288579226744012,1790750467,165540416,0.13300000131130219,0.09417068357953273,-0.43629163204615784,0.3910508837353184,-3.5309516242330163
0.004658614201293834,-0.4256988367950581,0.2944955938130662,1790750467,215246675,0.13199999928474426,0.09192894297384337,-0.4360758826750799,0.39298521989575336,-3.5688536043930643
0.001455551190191931,-0.42619190935693835,0.3028478402964049,1790750467,265481060,0.12800000607967377,0.0897220893690634,-0.4358642486558455,0.395040386886686,-3.6074427974115157
-0.006312045067372013,-0.4261754242190642,0.30633477944096155,1790750467,315461099,0.13099999725818634,0.087601786302887,-0.4356617588370273,0.3971709011906236,-3.6458901792887484
-0.011021507557134519,-0.4264748442266329,0.31283377364733694,1790750467,365043043,0.12999999523162842,0.08557354682920541,-0.4354674558321578,0.39937005023025696,-3.6841473698392213
-0.017082622887149693,-0.42666152208660074,0.3183148745261047,1790750467,415488383,0.13099999725818634,0.08359477083182153,-0.43527739480525324,0.4016865028711002,-3.723091927616594
-0.020503990746793307,-0.4270577050228164,0.3257874556336005,1790750467,465301865,0.1289999932050705,0.0817323241746023,-0.4350965055408662,0.40404416042259894,-3.7614898500153853
-0.024456440336527482,-0.4274030625170918,0.3328187907921842,1790750467,515676641,0.12800000607967377,0.0799408365681056,-0.43492053623509824,0.4064984875898297,-3.8003096819747237
-0.02888806351990962,-0.4276989008684963,0.3393297766770502,1790750467,565649513,0.12800000607967377,0.07826803153380527,-0.4347526951903788,0.408984760955997,-3.8385841014436584
-0.03217842645821903,-0.428060025457125,0.3464633231732428,1790750467,615278142,0.12700000405311584,0.07670185621395985,-0.4345920522597993,0.4115126713680326,-3.876554445615403
-0.03782047253029361,-0.42828612234133756,0.35227330273034624,1790750467,665199616,0.1289999932050705,0.07522636656154956,-0.4344355266823868,0.4141085292966121,-3.914670510333552
-0.0397385079708486,-0.4287209050253997,0.3602261952430875,1790750467,715733615,0.12700000405311584,0.07383328174293192,-0.4342822567303341,0.4167905035824837,-3.9532386606503116
-0.04402313532289613,-0.42903001936622637,0.3668914759011636,1790750467,765300724,0.12800000607967377,0.07255272272813276,-0.4341340300353527,0.41950345125993843,-3.9915131244980784
-0.044403473220442205,-0.42950748653118126,0.375356371288313,1790750467,815460071,0.125,0.07135896762439124,-0.43398795003221946,0.42230296580231685,-4.030331503261792
-0.04705482362038556,-0.42985225417781747,0.38221182195698067,1790750467,865629678,0.125,0.07034131830051209,-0.43385599229747807,0.424956598750849,-4.066575013747981
-0.04846609553166806,-0.43022763044316825,0.3893443795393163,1790750467,915561782,0.12399999797344208,0.06943385312852082,-0.43372950703026925,0.4275979867379477,-4.102185309085921
-0.05169828009442316,-0.43038895652289616,0.39295892088988077,1790750467,965569034,0.12600000202655792,0.06892471444458853,-0.43365317932412195,0.42922789590487276,-4.123953234385711
-0.052795187692858625,-0.43058298423649954,0.3967134224270418,1790750468,15366378,0.12600000202655792,0.06850466567188215,-0.4335865172306428,0.4306740595520733,-4.143148972688227
-0.053092667034280366,-0.4306382105854515,0.3977800347936256,1790750468,65382408,0.12600000202655792,0.06839068269134457,-0.4335677374661806,0.43108490114059056,-4.148583258029323
-0.05131931131314221,-0.43071361038322253,0.3988733146666914,1790750468,115570635,0.12399999797344208,0.06833070609609047,-0.43355771357141026,0.43130453278194103,-4.151485023368252
-0.0513422891763648,-0.4307179251702067,0.3989575901259492,1790750468,165215392,0.12399999797344208,0.06832181167304156,-0.4335562192883435,0.4313373145197067,-4.151917934417725
-0.05037726132358822,-0.4307408145151224,0.3992187155234862,1790750468,215615167,0.12300000339746475,0.06832181167304156,-0.4335562192883435,0.4313373145197067,-4.151917934417725
-0.05230732421919812,-0.4306950356547509,0.39869646278286586,1790750468,265129479,0.125,0.0683218116730416,-0.43355621928834326,0.4313373145197067,-4.151917934417725
-0.05134228917636473,-0.4307179251702065,0.3989575901259492,1790750468,315539319,0.12399999797344208,0.06832181167304163,-0.4335562192883433,0.4313373145197067,-4.151917934417725
-0.05134228917636473,-0.4307179251702066,0.3989575901259492,1790750468,365202948,0.12399999797344208,0.06832181167304163,-0.4335562192883433,0.4313373145197067,-4.151917934417725
-0.051342289176364755,-0.4307179251702065,0.3989575901259492,1790750468,416008819,0.12399999797344208,0.0683218116730416,-0.43355621928834326,0.4313373145197067,-4.151917934417725
-0.0513422891763648,-0.4307179251702067,0.3989575901259492,1790750468,466922997,0.12399999797344208,0.06832181167304156,-0.4335562192883435,0.4313373145197067,-4.151917934417725
-0.051342289176364825,-0.4307179251702066,0.3989575901259492,1790750468,517241975,0.12399999797344208,0.06832181167304154,-0.43355621928834337,0.4313373145197067,-4.151917934417725
-0.05201952214014409,-0.4305197164158377,0.3976614072760426,1790750468,566314172,0.125,0.06843213578896055,-0.43345340967422974,0.430944909886129,-4.146539296933658
-0.04975692305765919,-0.4303660565603744,0.39701453082116656,1790750468,615500120,0.12300000339746475,0.06856195974813625,-0.43333495471554495,0.43049330695036525,-4.140339095144678
-0.05037291504575561,-0.42957684617511366,0.39211283373871436,1790750468,665371639,0.125,0.06906306940806453,-0.4328996446436853,0.4288416320839379,-4.117563750996022
-0.04876960355525137,-0.4287400805564451,0.3872098590927321,1790750468,715373577,0.125,0.06967707541041787,-0.43240727002287394,0.42698341768912884,-4.091742008893943
-0.0470210286816006,-0.4274430732057804,0.379477445209755,1790750468,765705684,0.12600000202655792,0.07070396571570826,-0.4316629510727733,0.42418783366293067,-4.052452976134142
-0.043883298674456214,-0.4261262040784975,0.3718277152137248,1790750468,815362100,0.12600000202655792,0.07189839922657286,-0.43088737115711845,0.42130427764379774,-4.011286065836809
-0.039406410586879756,-0.4248195596411164,0.3644907215864095,1790750468,865146294,0.125,0.07325897630588847,-0.43008968687313964,0.418377049678618,-3.968718950906449
-0.03807210817459908,-0.42332048459889404,0.35533844380371205,1790750468,915776636,0.12800000607967377,0.07478007034390606,-0.42927952381606466,0.4154456581097518,-3.9251792568846953
-0.03374443359851989,-0.4219802650456189,0.34775003517054554,1790750468,965857121,0.12800000607967377,0.07641058907204658,-0.42848422095123706,0.41261582811583597,-3.882139851242075
-0.029073760817524066,-0.42065433096632987,0.34032734363547823,1790750469,16123885,0.12800000607967377,0.07816991138392426,-0.427692969639413,0.40984895103040686,-3.8389448217268263
-0.02414200106749914,-0.41936287354289675,0.3331940623105096,1790750469,65416889,0.12800000607967377,0.08002827454922049,-0.42691733432652706,0.4071905849085464,-3.7962390290565327
-0.018835278938242467,-0.4180764099619032,0.3261856361702892,1790750469,115299853,0.12800000607967377,0.08202751706177391,-0.42613944438579454,0.4045800582635398,-3.7529632913198117
-0.014739960050856565,-0.4166772204380556,0.3181117056776756,1790750469,165531357,0.12999999523162842,0.08414410936814157,-0.42536830169554307,0.40205457125860466,-3.7096213847941373
-0.006630927504895356,-0.4156521085443146,0.31360196249060834,1790750469,215375311,0.12700000405311584,0.08635035007806859,-0.424613030878274,0.3996437251379181,-3.6666565401771223
-0.003362731989974263,-0.4141596716514604,0.3046019885624623,1790750469,265083486,0.13099999725818634,0.08865210232863681,-0.4238694021303856,0.3973381232726712,-3.62385299225022
0.003181192779630887,-0.41296308932593284,0.2985089878548679,1790750469,315410111,0.13099999725818634,0.09108237394842744,-0.42312692748967445,0.39510649312574175,-3.5805248229731355
0.009924016609749231,-0.4118056525829715,0.2927542531953757,1790750469,365348575,0.13099999725818634,0.0935870718244499,-0.4224009123480078,0.393000115675072,-3.537580468015838
0.015810027019955167,-0.4104937830133659,0.28562682301264997,1790750469,416061242,0.13300000131130219,0.09622220472741372,-0.42167515350347623,0.3909731992156945,-3.493979550504257
0.022448250667227637,-0.40931707514033455,0.2796614953979385,1790750469,465337848,0.1340000033378601,0.09887457907008489,-0.4209786788625342,0.3891102241252815,-3.4515050659088304
0.029011467705831115,-0.4080535944719324,0.2730095232145364,1790750469,515719557,0.13600000739097595,0.10166887605261438,-0.4202783876156055,0.3873225034716739,-3.408059340397248
0.03785173769084904,-0.40719304059682904,0.2700937218087974,1790750469,565520696,0.1340000033378601,0.10451506678037734,-0.4195958910205372,0.385671274779151,-3.3650008385667425
0.04491320561277422,-0.40599647562685637,0.26405916334482865,1790750469,615395104,0.13600000739097595,0.10743737727629737,-0.4189248954432695,0.3841407436524944,-3.3218583932165897
0.05319350666069704,-0.4050160806825879,0.2600789992052865,1790750469,665241465,0.13600000739097595,0.1104414562127786,-0.4182627656385788,0.38272972125821436,-3.2784893483063375
0.06212920806805976,-0.40416229549266963,0.2573348749881257,1790750469,715658444,0.13500000536441803,0.11354462897639511,-0.4176062537816945,0.38143449596552664,-3.2345760692761196
0.07102384165291492,-0.40336336816710594,0.25503850619267915,1790750469,765529111,0.1340000033378601,0.11666267214209664,-0.4169714705582889,0.38028992373131354,-3.19123801478492
0.07965281474018493,-0.40250646478084173,0.25219754214538753,1790750469,815312694,0.1340000033378601,0.1198223964173504,-0.4163522521097277,0.3792829456175067,-3.1479935624664117
0.08770740581951847,-0.4013662504860232,0.24682630462240104,1790750469,865469642,0.13699999451637268,0.12305577524125083,-0.4157408314800106,0.3784046565575054,-3.104340159943791
0.09606819681224969,-0.400263524843594,0.24178898587375283,1790750469,915335170,0.14000000059604645,0.126308452721646,-0.4151475299180334,0.3776712639028295,-3.060924259798447
0.10613902776137464,-0.4000561760860253,0.24492557696309816,1790750469,965355459,0.13500000536441803,0.12958577680055133,-0.4145693391653652,0.37707934915791386,-3.0175972781645894
0.11505505755856375,-0.39925191638776847,0.24261313919054472,1790750470,15357229,0.13600000739097595,0.13288310451313926,-0.4140069383847894,0.3766297503922849,-2.9743289575140763
0.12412704346402159,-0.39848588333263774,0.24067849174745956,1790750470,65118590,0.13699999451637268,0.1362065608860785,-0.4134575086097966,0.37632116273596783,-2.9309670361937075
0.13351489290465274,-0.39797490034881694,0.24111467571463893,1790750470,115379881,0.13600000739097595,0.13958009054242973,-0.41291741747956245,0.37615517545363425,-2.8871122591417886
0.14283738555297387,-0.3973973606932116,0.24096481471497347,1790750470,165425318,0.13600000739097595,0.14296243291361113,-0.41239173105018123,0.37613565192145504,-2.8432293771310255
0.1523676833733576,-0.3966369922876511,0.23924076622952414,1790750470,216074835,0.1379999965429306,0.1463881408336454,-0.4118753595542985,0.37626644367689677,-2.798777057765064
0.16156753998862441,-0.396157539267233,0.23989398546865345,1790750470,265262606,0.1379999965429306,0.14969497170584625,-0.411390414473883,0.3765358556298828,-2.7557885533059476
0.17026156978501283,-0.3962640858967045,0.2458897838982914,1790750470,315428628,0.13300000131130219,0.15305194624573812,-0.41091181355153344,0.3769556958700653,-2.711976009444201
0.17977531391840715,-0.3955351129580908,0.2443784640077647,1790750470,365271340,0.13600000739097595,0.15636279168741438,-0.41045158657328484,0.3775150653915164,-2.6685220532614498
0.1890641685245266,-0.3950703296822723,0.2452486357678797,1790750470,415227017,0.13699999451637268,0.15965442699411508,-0.41000589869085,0.37821853604230476,-2.624983359097545
0.19808747158553508,-0.3947575566702865,0.2474862667740258,1790750470,465234676,0.13699999451637268,0.16291287970483037,-0.4095747590419704,0.37906208939120944,-2.5814731892653917
0.20650255714140656,-0.3946994573850359,0.25203706830984607,1790750470,515782063,0.13500000536441803,0.16616689361723602,-0.40915452940935404,0.3800569362570892,-2.537507345759562
0.2162364192274832,-0.39415164481199777,0.2522147299126283,1790750470,565342004,0.1379999965429306,0.16934339307260668,-0.40875275431531544,0.38117926280892134,-2.494002333938345
0.22312225785317835,-0.3944873298943661,0.2602467152039688,1790750470,615327524,0.13300000131130219,0.17250178759289417,-0.408361912415637,0.3824517245092117,-2.4500492849856674
0.2319848016095804,-0.3942314084892753,0.26307877709741134,1790750470,665447999,0.1340000033378601,0.17560807383893584,-0.4079844198392858,0.3838617234898042,-2.406038042730679
0.23978654103652808,-0.39422230055938423,0.2680525918814066,1790750470,715279183,0.13300000131130219,0.17863303448814508,-0.4076237550670023,0.3853967438563709,-2.362292156704549
0.2494499045650159,-0.3938520272644285,0.2699667799708739,1790750470,765639679,0.13600000739097595,0.18163830883634124,-0.40727067559437674,0.3870886369066034,-2.3178344376585223
0.2568677342314698,-0.39392129880768495,0.2756494455987415,1790750470,815178158,0.13500000536441803,0.1845231442729376,-0.40693702708077106,0.38888306503063075,-2.274056348942454
0.26404731550984895,-0.39402307204197357,0.2816587358729488,1790750470,865141297,0.1340000033378601,0.18734857814491432,-0.4066137044390836,0.39081358256796345,-2.2299775952450944
0.26978994393136246,-0.39434072640550777,0.2895924247704983,1790750470,915695628,0.13099999725818634,0.19011904971086177,-0.4063002842585979,0.3928906187126443,-2.1853916795627386
0.27620415678134846,-0.39449863394182527,0.29603629170318907,1790750470,965246894,0.12999999523162842,0.19274019360976422,-0.4060054230229713,0.39503810692370844,-2.1417721116195394
0.28438840552278627,-0.3944293478389742,0.3005823689499788,1790750471,15284173,0.13199999928474426,0.19529046353778143,-0.40572026083064383,0.39731949640900427,-2.0977394616100176
0.2903279702182511,-0.39465253555457536,0.3076650265153401,1790750471,65563881,0.13099999725818634,0.19774731317439684,-0.40544542475404927,0.3997157449574085,-2.0535861878041763
0.296596884611913,-0.39482091791347346,0.3142317077242365,1790750471,115365898,0.13099999725818634,0.20007509896393763,-0.40518482188271215,0.40219268584230605,-2.00986937248899
0.3010614389965282,-0.3951706283576714,0.3223597381618559,1790750471,165127471,0.1289999932050705,0.2023019535865293,-0.4049333499399015,0.4047748554387749,-1.9660225016481003
0.30593028810772155,-0.3954643578539058,0.3300340715888588,1790750471,215076768,0.12800000607967377,0.20442450675019555,-0.40469131974284644,0.4074643052298255,-1.921978562909496
0.3105080577490139,-0.39578104648165463,0.3379832962864496,1790750471,265394985,0.12700000405311584,0.20645813364628315,-0.40445492234159924,0.41028390625119104,-1.877291868599983
0.3189439867537807,-0.3957963004696577,0.3434612100193445,1790750471,315851046,0.13099999725818634,0.20837326214479188,-0.40422735714146174,0.4132038184053577,-1.832419846746656
0.32106934841571855,-0.39628484537185105,0.3527760134569223,1790750471,365397255,0.12800000607967377,0.2101280208692381,-0.40401175398551015,0.4161504427000896,-1.7883513858601559
0.32277376617180303,-0.3967763273113647,0.36216296503680395,1790750471,415581461,0.125,0.21177311327104592,-0.4038018289341692,0.41921116730956287,-1.7437146489105622
0.32759077096734135,-0.3970508915350612,0.36974009936180413,1790750471,465543231,0.12600000202655792,0.2132673991506134,-0.4036001031865862,0.42230696148891145,-1.6995595328507238
0.32836698298986267,-0.3975418993082278,0.3790178997145891,1790750471,515240821,0.12300000339746475,0.21461692737014676,-0.4034065311533596,0.4254456045427297,-1.6556893691655106
0.3322393183908293,-0.39782707068735085,0.38626457880470066,1790750471,565267128,0.12399999797344208,0.2157474649019457,-0.4032342637227473,0.42841205597257004,-1.6149384212056197
0.33293450871402985,-0.39824813235212436,0.39449496704443054,1790750471,615396084,0.12200000137090683,0.21674365074641447,-0.4030698586464861,0.4313790532442127,-1.574777633729752
0.3352488152624713,-0.39841021857825565,0.39864383556299443,1790750471,665160583,0.12300000339746475,0.2172675460771141,-0.40297628512411116,0.43311950805081456,-1.551463063743634
0.3373215373397443,-0.39855492368101797,0.4023082787751068,1790750471,715416901,0.12399999797344208,0.2176933982347387,-0.4028953879604915,0.4346543481116689,-1.531036617140535
0.3337229970748089,-0.39873855342578923,0.4043215320555261,1790750471,765319392,0.11999999731779099,0.21779497113801846,-0.4028752002808192,0.4350392844385611,-1.5259319129069493
0.3367425943903327,-0.39865614487072315,0.4040123600156983,1790750471,815349800,0.12300000339746475,0.21784160066885846,-0.40286572917422864,0.43521867232288974,-1.5235554158492413
0.3338611033977537,-0.39876197944710245,0.40484395814870616,1790750471,865582729,0.11999999731779099,0.21784883016766182,-0.4028642542278564,0.43524664154803033,-1.5231850147247314
0.33579464524656644,-0.39869360806067006,0.40433724572051155,1790750471,915400451,0.12200000137090683,0.21784883016766182,-0.4028642542278564,0.43524664154803033,-1.5231850147247314
0.3357946452465665,-0.3986936080606702,0.4043372457205114,1790750471,965226978,0.12200000137090683,0.21784883016766188,-0.40286425422785654,0.43524664154803017,-1.5231850147247314
0.3348278743221601,-0.39872779375388623,0.4045906019346089,1790750472,15079274,0.12099999934434891,0.21784883016766182,-0.4028642542278564,0.43524664154803033,-1.5231850147247314
0.3377281798923891,-0.39862523692894036,0.403830535179964,1790750472,65390036,0.12399999797344208,0.21784883016766182,-0.4028642542278564,0.43524664154803033,-1.5231850147247314
0.3348278743221601,-0.39872779375388623,0.4045906019346089,1790750472,116116831,0.12099999934434891,0.21784883016766182,-0.4028642542278564,0.43524664154803033,-1.5231850147247314
0.33869495081679546,-0.3985910512357242,0.4035771789658667,1790750472,170474384,0.125,0.21784883016766182,-0.4028642542278564,0.43524664154803033,-1.5231850147247314
0.3348278743221601,-0.39872779375388623,0.4045906019346089,1790750472,216017285,0.12099999934434891,0.21784883016766182,-0.4028642542278564,0.43524664154803033,-1.5231850147247314
0.33539077172113546,-0.3984461885982121,0.40284892467504785,1790750472,267405253,0.12200000137090683,0.21769225189769847,-0.4027167047255229,0.43467378065083595,-1.5309539078363457
0.3339783019880538,-0.39821498880260353,0.4015121497790927,1790750472,315251130,0.12099999934434891,0.21751776142652315,-0.4025573229124808,0.4340557584899705,-1.539354702456809
0.33426321148926696,-0.3972356772558044,0.3955193478720908,1790750472,365708459,0.12300000339746475,0.21688472322871682,-0.40201649177836457,0.4319670520788733,-1.5679063550469858
0.3322544841749048,-0.39623406015846424,0.38951416333028227,1790750472,415378465,0.12300000339746475,0.21610892767596385,-0.40141794359833444,0.4296680908319539,-1.5996455917944088
0.33081470459551826,-0.3946877583055819,0.3800899036097101,1790750472,465087982,0.125,0.2148354139352229,-0.40054703797449287,0.4263443410151766,-1.6462006992404759
0.32402926350870354,-0.39328581056488454,0.3720436024204891,1790750472,515809554,0.12200000137090683,0.21328018545221203,-0.39961412760850784,0.4228234650387928,-1.69653133511383
0.3223031677967329,-0.3916250943122897,0.36187619709580343,1790750472,565112974,0.125,0.21157595949918287,-0.3987065183904567,0.4194464913078024,-1.7459726576701484
0.31728425147062667,-0.3901118401243611,0.35297997724788893,1790750472,615533127,0.125,0.20965282838523658,-0.39778727158551136,0.4160796168387689,-1.796627049172869
0.31269090242551156,-0.3885740988255148,0.3438645521863888,1790750472,665689453,0.12600000202655792,0.2075738096137417,-0.396885376635208,0.412837880152092,-1.8468976322839803
0.3068454423198357,-0.38714141428924875,0.33559773250944913,1790750472,715513192,0.12600000202655792,0.20534518942480545,-0.39600206285804435,0.40972726832263096,-1.8968137852649436
0.30061662612466306,-0.38574902882061074,0.32766614187666787,1790750472,765247921,0.12600000202655792,0.2029712285677532,-0.39513444820192334,0.4067438931704579,-1.946504142989742
0.29470728454358597,-0.3843096579836335,0.31935770472412295,1790750472,815219246,0.12700000405311584,0.20043558370994233,-0.39427693740002406,0.403871021973294,-1.9964051598392794
0.28755180044994,-0.3829670232533331,0.3119297273101038,1790750472,865410554,0.12700000405311584,0.19772203799844817,-0.39342245958140176,0.4010941745892167,-2.0469201553119647
0.28130840398428525,-0.3814860538406437,0.30335023034072073,1790750472,915881818,0.1289999932050705,0.19484545645364856,-0.3925777707585752,0.3984403495279164,-2.0977959913186046
0.27469045567715855,-0.3800563751550986,0.2951431148348834,1790750472,965290461,0.13099999725818634,0.19188545052749187,-0.39176229456325684,0.3959761543339395,-2.147814431979032
0.26687474064126704,-0.37873641591793367,0.2879331977033294,1790750473,15335203,0.13199999928474426,0.1887578032199145,-0.39095284728240837,0.39363325779696445,-2.198516433220968
0.2580642031721071,-0.3775488378184552,0.28190156119977555,1790750473,65474917,0.13199999928474426,0.18549658438952446,-0.3901564801641862,0.3914414528825793,-2.24944849699141
0.24901446406822003,-0.37642070604310285,0.276363489532446,1790750473,115249054,0.13199999928474426,0.1821461746117836,-0.38938405154372197,0.3894324213827748,-2.3000342610950026
0.24144868588405205,-0.37493104315947956,0.26771806083373256,1790750473,165682280,0.13600000739097595,0.1786623213338814,-0.38862224547374347,0.3875780850958212,-2.35109145303607
0.23217427586321374,-0.37380382984222343,0.2621649850379193,1790750473,215335693,0.13699999451637268,0.175142000926748,-0.38789212750229723,0.3859302385709634,-2.4013235179325587
0.22184410095244975,-0.3729363434905438,0.25891107050759754,1790750473,265131664,0.13600000739097595,0.17154140691974015,-0.3871804859920824,0.3844608430593349,-2.4515374923012447
0.2115578158617404,-0.37200767906225624,0.2552003487860651,1790750473,315793235,0.13600000739097595,0.16780488200059607,-0.38647743763076053,0.38315467218256877,-2.502592799063248
0.20100804209682835,-0.3712595614844768,0.2530268602051419,1790750473,365202803,0.13500000536441803,0.16407277177964275,-0.38580616949918217,0.3820585751059981,-2.5527222896121113
0.19079681658958944,-0.3702243217660941,0.24842930562578608,1790750473,415890144,0.13699999451637268,0.16018298378401896,-0.38513817767647823,0.3811296019341328,-2.60420744288758
0.1804321359596499,-0.3693783270981921,0.24537994923866283,1790750473,465037996,0.1379999965429306,0.1563732482077918,-0.38451087723660765,0.380421331386139,-2.654054892713748
0.16976139765294593,-0.3682305010473938,0.23982775179793372,1790750473,516392751,0.1420000046491623,0.15235660618660982,-0.38387772703302275,0.3798857357664677,-2.7061267165688365
0.15863722381551007,-0.3679450536096129,0.24179192803464575,1790750473,565078386,0.13899999856948853,0.14850422042147077,-0.3832938223051792,0.37956978236568184,-2.755762864965638
0.14752113793906077,-0.36726119188060635,0.24033292235726494,1790750473,615259906,0.14000000059604645,0.1445145659789739,-0.38271316229386215,0.37944509760547857,-2.8069694596721697
0.13635160994091292,-0.36664150592013556,0.2394419702481243,1790750473,665167738,0.14100000262260437,0.14054324821330483,-0.3821559625049121,0.37952313438180413,-2.8578940246014377
0.1251564582098526,-0.3664067035351429,0.24211157621733603,1790750473,715902505,0.13899999856948853,0.13651171215366542,-0.3816117645885666,0.37981002910824907,-2.909662018054515
0.11393968727001601,-0.3658047659634317,0.24136924954914452,1790750473,765566271,0.14100000262260437,0.13258922828221875,-0.3810999425023456,0.38029100066916194,-2.960250543073728
0.10325362785583521,-0.36569516207757136,0.2451340848766013,1790750473,815578030,0.13899999856948853,0.12866653839515857,-0.38060603238560853,0.380975350797142,-3.0111780763138474
0.09260102081849844,-0.3655319711550012,0.2484591818009231,1790750473,865535724,0.1379999965429306,0.12476780579015154,-0.38013004719900456,0.38186155496665725,-3.0622888801490493
0.08162753516642646,-0.365217559727804,0.2504003536676592,1790750473,915396167,0.13899999856948853,0.12092028431748578,-0.37967559260234884,0.38294485469228995,-3.113342274214311
0.07068492927466898,-0.36496339131345845,0.25292558344384886,1790750473,965390750,0.14000000059604645,0.11711986548075647,-0.37923884897203475,0.38422679507217994,-3.164551147518406
0.059831552907361814,-0.3647720033986791,0.2560276274148579,1790750474,15406056,0.14100000262260437,0.11338504554585918,-0.37882223012878347,0.38570266469893005,-3.2157842992350316
0.049932687028573335,-0.36483477679976334,0.26151152630374813,1790750474,65192285,0.14000000059604645,0.10972051029659015,-0.37842285747313975,0.38737168846548703,-3.2671411788356823
0.03979706874273356,-0.3648543337127852,0.26665355847108885,1790750474,115439917,0.14000000059604645,0.10610611074269932,-0.3780389900196703,0.3892475059318387,-3.3190411425975412
0.031571183644602055,-0.36519944325775366,0.2748202352518172,1790750474,165266442,0.13699999451637268,0.1026186902200247,-0.37767534117187473,0.3912917007622067,-3.370549735431164
0.021520970655309987,-0.3652285361956928,0.28012164402186784,1790750474,215838272,0.1379999965429306,0.09918798873536458,-0.3773249085391453,0.39354788051294554,-3.422836789615774
0.013149919366583343,-0.36547760138853036,0.28738704570865925,1790750474,265596241,0.13699999451637268,0.09595812854374211,-0.37699887239505214,0.39591842045694275,-3.473844744763739
0.0051745866952211395,-0.3657671810909862,0.29506007972183274,1790750474,315586759,0.13600000739097595,0.09284085024197766,-0.37668841542845055,0.39845908787298634,-3.52501570206529
-0.006406688667883562,-0.36563225097847873,0.29869302844562623,1790750474,365211366,0.14100000262260437,0.08987417190256908,-0.3763939055198345,0.4011390309001877,-3.575880152675226
-0.009392175362646513,-0.3664492065610661,0.3114328811093948,1790750474,415168208,0.1340000033378601,0.08702582261165229,-0.3761123627543226,0.4039866167096361,-3.6270978622912167
-0.016814149044203155,-0.3667726092022015,0.3195442630936256,1790750474,465190254,0.1340000033378601,0.08430415119755695,-0.375841118840175,0.4070019807845747,-3.678749717489553
-0.0246004971709462,-0.3670715419153101,0.3274229655623071,1790750474,515192457,0.13500000536441803,0.08173677674439316,-0.3755831188353174,0.4101571101640481,-3.730452834371648
-0.029632530700067924,-0.36759408816976447,0.3375783312430778,1790750474,565478312,0.13300000131130219,0.07930207496088947,-0.3753325340307733,0.41348859730738774,-3.7828989060090605
-0.03574488310776376,-0.368022931077354,0.3468151287248634,1790750474,615539978,0.13300000131130219,0.07704879570955865,-0.37509445833566846,0.41693345635677437,-3.83519910031049
-0.04219468220392626,-0.36842801593614044,0.35579904238727544,1790750474,665415375,0.1340000033378601,0.0749940374823026,-0.3748669703732891,0.42046236072623255,-3.887080701795078
-0.04912277680741828,-0.36883116003316374,0.3647782425297246,1790750474,715651275,0.13600000739097595,0.07311103320504067,-0.37464755213616646,0.42411682427118286,-3.939296488497617
-0.04995833451901971,-0.36948940764246996,0.376220585367176,1790750474,765466782,0.13199999928474426,0.07146846594615926,-0.37444376471277685,0.4277471444021242,-3.989896544251378
-0.05012253165391546,-0.37012379005347784,0.38746189142847554,1790750474,815284836,0.12800000607967377,0.07001433160799568,-0.37424808908277446,0.43144058853858025,-4.040291456501342
-0.05342470275638912,-0.37043680828054215,0.39389720417749513,1790750474,865252112,0.1289999932050705,0.0691234698622741,-0.3741168110814904,0.43401454723657096,-4.07486383164283
-0.05730804889692373,-0.37071004055220075,0.39963483107278985,1790750474,915463614,0.13099999725818634,0.06838225694959679,-0.3739982136996795,0.4364062087353845,-4.1066413773809005
-0.05700668412958221,-0.3708535982354668,0.40219808327196893,1790750474,965331881,0.12999999523162842,0.0681349341141633,-0.37395619666968716,0.4372686981299386,-4.118027818831676
-0.0584107984142984,-0.37091279888518,0.40351686101265205,1790750475,15827913,0.13099999725818634,0.06796974887171468,-0.37392731047711847,0.4378660861741416,-4.12589323868235
-0.057507922506407724,-0.37094760091572454,0.4040056128364529,1790750475,65520789,0.12999999523162842,0.06794648634537463,-0.3739231850075625,0.4379516871188445,-4.127018928527832
-0.05847295841174664,-0.3709247117601001,0.4037444886493667,1790750475,115102571,0.13099999725818634,0.06794648634537463,-0.3739231850075625,0.4379516871188445,-4.127018928527832
-0.057507922506407724,-0.37094760091572454,0.4040056128364529,1790750475,165325545,0.12999999523162842,0.06794648634537463,-0.3739231850075625,0.4379516871188445,-4.127018928527832
-0.05557786507585634,-0.3709933788858991,0.40452785731957974,1790750475,215135403,0.12800000607967377,0.06794648634537463,-0.3739231850075625,0.4379516871188445,-4.127018928527832
-0.05847295841174664,-0.3709247117601001,0.4037444886493667,1790750475,265402423,0.13099999725818634,0.06794648634537463,-0.3739231850075625,0.4379516871188446,-4.127018928527832
-0.057507922506407724,-0.37094760091572454,0.4040056128364529,1790750475,316084892,0.12999999523162842,0.06794648634537463,-0.3739231850075625,0.4379516871188445,-4.127018928527832
-0.05654288660106882,-0.3709704900713489,0.40426673702353916,1790750475,371146303,0.1289999932050705,0.06794648634537465,-0.37392318500756244,0.43795168711884447,-4.127018928527832
-0.057507922506407724,-0.37094760091572454,0.4040056128364529,1790750475,417410237,0.12999999523162842,0.06794648634537463,-0.3739231850075625,0.4379516871188445,-4.127018928527832
-0.05606472583436009,-0.3706815928047479,0.40255805647849424,1790750475,465586255,0.1289999932050705,0.06812618702761919,-0.37375549100075267,0.43731674689250594,-4.118284708524551
-0.054523489819892856,-0.3703673335703307,0.4008336797696031,1790750475,515306196,0.12800000607967377,0.06834461838663233,-0.37355849823132237,0.4365722585081676,-4.108015652677494
-0.053454196207382634,-0.3692445228034013,0.3940927317741843,1790750475,565378205,0.1289999932050705,0.06910673157934231,-0.37291978028076644,0.4341715255364784,-4.074679385440713
-0.054649028182018125,-0.3678799938351923,0.38548181009954585,1790750475,615499307,0.13300000131130219,0.07006613310711607,-0.3721997653912828,0.4314869018518163,-4.036954957441483
-0.05128770332587719,-0.3660441522477785,0.37456625162629165,1790750475,665395268,0.1340000033378601,0.07164067591124565,-0.3711615815536334,0.42765510535266454,-3.9821524776431576
-0.04515063077656639,-0.3641834029727909,0.3639677904985861,1790750475,715942217,0.13300000131130219,0.07356036341682513,-0.37005910705078243,0.4236517607754605,-3.92344208845177
-0.04106691762056146,-0.3622283611462128,0.35237849703795726,1790750475,765271654,0.13500000536441803,0.07569881100477095,-0.36897452633930794,0.41979700578871204,-3.865187184245089
-0.03194965791433162,-0.3605296362974332,0.3434966635204864,1790750475,815404794,0.13199999928474426,0.07810859495933566,-0.36788206220254377,0.4160026813319636,-3.8058190855267884
-0.025651836079480878,-0.3586663658006719,0.3329690953468168,1790750475,865297079,0.13300000131130219,0.08073212820257036,-0.3668073756888588,0.412374236555948,-3.74673710295868
-0.01771558769411674,-0.35685464086246743,0.32316575859726143,1790750475,916577655,0.13300000131130219,0.08365089396798754,-0.3657192565302612,0.408811863781998,-3.6860118449522488
-0.011066927296318585,-0.3550325612914582,0.3129259867080792,1790750475,965346374,0.13500000536441803,0.08662961605987285,-0.36469912115583253,0.4055917543088128,-3.628238633466856
-0.004104809536532902,-0.35310590875468467,0.3019736542716791,1790750476,15883767,0.1379999965429306,0.08991105556266824,-0.36366075990959323,0.4024406203480736,-3.5683665175481822
0.004625959379015776,-0.3514160562608301,0.2931059660691407,1790750476,65073406,0.13899999856948853,0.09327811127392896,-0.3626703095006607,0.39957256811284647,-3.510230691338902
0.015310738162917434,-0.3499133696676527,0.2861650942273063,1790750476,115351407,0.1379999965429306,0.09688812799157835,-0.361679516398168,0.3968479127029285,-3.4508332678690254
0.025735817176070125,-0.3484006894839489,0.2791064301366388,1790750476,165013875,0.1379999965429306,0.10063513060374042,-0.3607155212219988,0.3943558848562859,-3.3918150430386196
0.0362389447970692,-0.3468399277052575,0.271710980231542,1790750476,215368470,0.13899999856948853,0.10458603657928317,-0.35976084209271114,0.3920551725244131,-3.3319081709009715
0.04671502738036342,-0.3452529120529542,0.2640653787153826,1790750476,265292801,0.14100000262260437,0.10864843483947642,-0.35883497644400153,0.390004972596558,-3.272367237630232
0.05975754190253854,-0.3442138233013067,0.26155277591855414,1790750476,315574710,0.1379999965429306,0.11286183628984162,-0.35792799642667616,0.3881855300501883,-3.2123722685311
0.07043784118395091,-0.3425536576178959,0.2533198873955078,1790750476,365405475,0.1420000046491623,0.11717399474352831,-0.35704788419050365,0.3866227405790748,-3.1524992603208544
0.08294601825405051,-0.3413675162970736,0.2494812370751822,1790750476,415296288,0.1420000046491623,0.1215870330144125,-0.3561932004750378,0.38531596160211184,-3.0924758058239674
0.0955969839461928,-0.34014231960774194,0.24539175218602785,1790750476,465719106,0.14300000667572021,0.12612687812912418,-0.35535601346985507,0.3842638911826781,-3.031786944066207
0.10870477822309388,-0.33922562390978683,0.24404439773978387,1790750476,515593214,0.1420000046491623,0.1306762636513043,-0.3545569085449315,0.3834940548203096,-2.971754037191329
0.12207276215354686,-0.33872330968046094,0.2464568612051765,1790750476,565280386,0.1379999965429306,0.13525898706555237,-0.35378711792677464,0.382996980582366,-2.9118617685083277
0.13497359814787618,-0.33775539161993656,0.24470354859664506,1790750476,615394654,0.13899999856948853,0.13990801265815725,-0.3530404159206438,0.38277244150118506,-2.8514397128873115
0.14808129050709945,-0.33653964551026855,0.24074355453443108,1790750476,665502034,0.14300000667572021,0.1445626672816262,-0.3523230986300301,0.38282629031703586,-2.791090392726601
0.16136240746081204,-0.33584889464388945,0.24155355688898428,1790750476,715811785,0.14300000667572021,0.14922729414763788,-0.3516335167896428,0.38316071291525383,-2.73050916436464
0.17397757695557958,-0.33558130296154415,0.24608359160754864,1790750476,765319233,0.14000000059604645,0.15381083266316906,-0.3509809375903877,0.38376494054354526,-2.6706943930115647
0.18748875745640842,-0.3347342517847272,0.24551431153916903,1790750476,815353009,0.14300000667572021,0.15840440646928217,-0.3503512400160979,0.38465169729689735,-2.610208810700115
0.20001029657436958,-0.3345142087919681,0.25062753598951953,1790750476,865562168,0.14100000262260437,0.16298768674229513,-0.34974405304098255,0.385825091237191,-2.5491119679344925
0.21363072721408968,-0.33384488878938984,0.2517285890162668,1790750476,915483388,0.14399999380111694,0.16747431848811972,-0.3491698033675671,0.3872672592967978,-2.4882921172442547
0.22502198401220888,-0.33389806270774497,0.25921133799476576,1790750476,965231671,0.14100000262260437,0.17185344100542058,-0.3486257938759888,0.3889695774585689,-2.4277192187664145
0.23721172207350838,-0.3337129957329239,0.2646702085403466,1790750477,15558376,0.14100000262260437,0.17617358682899176,-0.34810488040047555,0.39095647240606735,-2.3664486509491005
0.24796138878716933,-0.33380803451224517,0.2725290579940815,1790750477,65222937,0.13899999856948853,0.18032925252876597,-0.3476160035927167,0.393178275717676,-2.305785649551372
0.2599440551633427,-0.33368096439460987,0.27858501786670503,1790750477,115814700,0.14000000059604645,0.18442211305655362,-0.3471459848158996,0.3956966298117468,-2.243952197939306
0.26905683068570346,-0.3340071765727311,0.2884811910870348,1790750477,165298582,0.13699999451637268,0.18829706392810938,-0.3467088729137824,0.3984153781300328,-2.183093116284311
0.28202042229665947,-0.33376415641909457,0.29356408974165843,1790750477,215444109,0.14100000262260437,0.1920553455682361,-0.34629175948746654,0.4014081663995104,-2.12135018287846
0.2879502866733816,-0.33447033484479394,0.3067937443010411,1790750477,265610813,0.13500000536441803,0.19561188556382486,-0.3459003839180548,0.4046097711427932,-2.059891904424833
0.2949166925037835,-0.33494890890066614,0.31799020956588386,1790750477,315458875,0.13199999928474426,0.19894465631239433,-0.3455355482054195,0.4079973823282933,-1.9988807049467716
0.3034479640471163,-0.33523653815364984,0.32763039584761805,1790750477,365412205,0.13199999928474426,0.2020983326597389,-0.34518864828359,0.411613772374028,-1.9373103181081535
0.3129900328234554,-0.3354426405827413,0.3366059486436615,1790750477,415339203,0.1340000033378601,0.20502871469747538,-0.3448628456250917,0.4154197445172745,-1.8756932906913328
0.31791558783784934,-0.3360533639961748,0.34906384791343076,1790750477,465421646,0.13099999725818634,0.20775567446854348,-0.34455189238184813,0.4194454348761425,-1.8133474396935934
0.32632306229576585,-0.33638599543133685,0.3592179810822305,1790750477,515400071,0.13300000131130219,0.210228381143295,-0.3442597523338394,0.4236309402531366,-1.7510307255924447
0.32964148717694974,-0.3370562276540406,0.37213910481746165,1790750477,565612210,0.12999999523162842,0.21244316425331167,-0.3439843193565046,0.42796520453320674,-1.6886555272622485
0.3320469606423122,-0.33772947264990444,0.38500558022505393,1790750477,615571773,0.12700000405311584,0.21437587276995765,-0.34372579806124,0.43240347247765754,-1.6266354961824723
0.33445487468953927,-0.3381790875140703,0.39419704460289373,1790750477,665190535,0.12600000202655792,0.21564205838225045,-0.34354008993271,0.43579962679307005,-1.5802136429736349
0.3401289137311385,-0.3384666607087203,0.4019029359336055,1790750477,715582612,0.1289999932050705,0.21670549048008353,-0.3433685453918997,0.4391000912879063,-1.535812244592207
0.3383465714993099,-0.3387579849310062,0.40648950091570596,1790750477,765073716,0.12600000202655792,0.21711770193251315,-0.34329659328684853,0.44053304257108394,-1.5167238841049966
0.34011537251786117,-0.3388642877978427,0.4091636298841117,1790750477,815603405,0.12700000405311584,0.2174216280481711,-0.3432409192284681,0.44166118663563225,-1.5017680183912205
0.34218594502833216,-0.33882105430505083,0.4091749580609789,1790750477,865644357,0.1289999932050705,0.2174732453826051,-0.3432312053389282,0.4418596847975037,-1.4991427659988403
0.33831889093960915,-0.3389578029492217,0.41018843629153856,1790750477,915271287,0.125,0.2174732453826051,-0.3432312053389282,0.4418596847975037,-1.4991427659988403
0.34121919231059405,-0.3388552410840216,0.40942832478698854,1790750477,965485907,0.12800000607967377,0.2174732453826051,-0.3432312053389282,0.4418596847975037,-1.4991427659988403
0.34025242518693244,-0.33888942837242164,0.40968169528850523,1790750478,15521378,0.12700000405311584,0.2174732453826051,-0.3432312053389282,0.4418596847975037,-1.4991427659988403
0.34025242518693244,-0.33888942837242164,0.40968169528850523,1790750478,65370356,0.12700000405311584,0.2174732453826051,-0.3432312053389282,0.4418596847975037,-1.4991427659988403
0.34121919231059405,-0.3388552410840216,0.40942832478698854,1790750478,116859508,0.12800000607967377,0.2174732453826051,-0.3432312053389282,0.4418596847975037,-1.4991427659988403
0.33638536389524765,-0.3390261772713071,0.41069517540681844,1790750478,167078044,0.12300000339746475,0.2174732453826051,-0.3432312053389282,0.4418596847975037,-1.4991427659988403
0.33928565806327077,-0.33892361566082163,0.4099350657900219,1790750478,215880605,0.12600000202655792,0.2174732453826051,-0.3432312053389282,0.4418596847975037,-1.4991427659988403
0.33874882752065666,-0.3385948043035774,0.4079677009800182,1790750478,265713045,0.12600000202655792,0.21726908814144488,-0.34303607933069097,0.44111809324292994,-1.5092480986911612
0.3390551208934939,-0.3381740110548684,0.4053954945868316,1790750478,315565745,0.12700000405311584,0.2170200737546587,-0.3428078214527211,0.44025200187758673,-1.5210868644419484
0.3348806202476992,-0.33703561850304997,0.3987314467669322,1790750478,365357000,0.125,0.2161584380881904,-0.3420842063887654,0.4375200433340241,-1.5587166556666778
0.33105468790310416,-0.3357187086963827,0.3910021125955606,1790750478,415705788,0.12399999797344208,0.21505213358178787,-0.3412677484036041,0.4344603114384876,-1.601443522225115
0.3281112515300434,-0.3336863231873713,0.3788036654262691,1790750478,465181346,0.12600000202655792,0.21321746721025564,-0.340100706984099,0.4301288494578823,-1.663189617116604
0.3238390294091785,-0.3315056440873035,0.36574281024468414,1790750478,516017843,0.12800000607967377,0.2109156173003635,-0.33884988604362565,0.4255622607953725,-1.7302664191448895
0.31866803238036184,-0.32936341817590586,0.3529534844596498,1790750478,565639253,0.12999999523162842,0.2083230754825662,-0.3376246387355499,0.4211864785483746,-1.7969232950015146
0.3133266198445224,-0.3271729212301954,0.3397732688127128,1790750478,615439110,0.13300000131130219,0.20541539862710922,-0.33641290555412734,0.416966476893906,-1.864016594176335
0.30310180335602505,-0.325382422691981,0.3299552677994128,1790750478,665204374,0.13099999725818634,0.20221560808421338,-0.3352204857805651,0.41293832269550446,-1.9313032174052267
0.29580961734964717,-0.3232570596043102,0.3173872782337978,1790750478,715622191,0.1340000033378601,0.19869325989802922,-0.3340380520649394,0.409083429796663,-1.999517725802199
0.2848735311867536,-0.32153002920629914,0.30817908533676713,1790750478,765613522,0.13300000131130219,0.1949313175491724,-0.33288930631958474,0.4054948876416429,-2.067364527888186
0.2758958263664487,-0.3195379133054874,0.2966872642494519,1790750478,815497723,0.13600000739097595,0.19093226526301194,-0.3317723915273217,0.40217429111819797,-2.1351029474691905
0.2659558924379779,-0.3176024565991406,0.2856834284491344,1790750478,865548036,0.13899999856948853,0.18670074452195098,-0.3306832238322518,0.39912290420479746,-2.2030173706208758
0.2521493116966573,-0.316338579723937,0.28045404123440076,1790750478,915130363,0.13600000739097595,0.18230624538682702,-0.32963720147463854,0.39638977670158937,-2.2702878034466414
0.24100954848151174,-0.31444206049415996,0.26988015948985994,1790750478,965562198,0.14000000059604645,0.1776024338595243,-0.32859626630045935,0.3938930476918532,-2.3394384743660477
0.22708771735659317,-0.3131589303195306,0.2646130453017538,1790750479,15398592,0.13899999856948853,0.17277720819960143,-0.3276021156316868,0.3917458994169071,-2.407913820904144
0.2133719611167568,-0.31175732374445664,0.2583928103256615,1790750479,65635842,0.14000000059604645,0.1677482396146665,-0.3266325566919946,0.3899116441402494,-2.4772462677963083
0.1990813048137012,-0.3105830705142488,0.2541150107513242,1790750479,115290299,0.14000000059604645,0.16265232327517887,-0.32571216942392617,0.3884431159160298,-2.545829972698987
0.1849520595938737,-0.30917959646226056,0.24786790383393556,1790750479,165170239,0.14300000667572021,0.15740937898242707,-0.32482094096436626,0.3873159263948823,-2.6151172603570103
0.17005892676299283,-0.3077595583555351,0.24155830947749135,1790750479,215885077,0.1469999998807907,0.15199812154607326,-0.32395544377479213,0.3865427933899268,-2.6856378669285657
0.1545237566979431,-0.30713837115287657,0.2422567432717465,1790750479,265215698,0.14499999582767487,0.14667008402774287,-0.3231499223959727,0.3861558358415219,-2.754497472166241
0.13874384045207608,-0.30683246660351693,0.2460185592882381,1790750479,316123926,0.14100000262260437,0.1411459215533466,-0.32236052381530644,0.38614032842203383,-2.825606546539102
0.12364016282959664,-0.3060088818085626,0.24487556964272555,1790750479,365270073,0.14300000667572021,0.13584685883685924,-0.3216415137030537,0.38649343328249963,-2.8939181596700743
0.10827293244390224,-0.3054037347779614,0.24579686096423914,1790750479,415219912,0.14399999380111694,0.13049596237877778,-0.32095170813643875,0.38721961613355205,-2.9632906354265685
0.0925334317442499,-0.3048055981498737,0.24686191361035834,1790750479,465144816,0.1459999978542328,0.1251426268348669,-0.320293430061179,0.38832840021289333,-3.0334813886185823
0.07727325285259799,-0.30453960836913696,0.25098391636851136,1790750479,515205471,0.1459999978542328,0.11984702967912621,-0.31967254396755357,0.389816431149218,-3.10402741440699
0.06260343351261204,-0.3044875252449408,0.2571315402612779,1790750479,565130172,0.14499999582767487,0.11463310772540558,-0.31908673441435603,0.391685525274595,-3.1750278011331323
0.04916229619737592,-0.30473685073538587,0.26614529191779696,1790750479,615514673,0.1420000046491623,0.10950319711792372,-0.31853438652599875,0.3939443725192062,-3.2468113254670743
0.03425308098412165,-0.3046053358202474,0.27160365527742497,1790750479,665552606,0.14399999380111694,0.10458143988802464,-0.31802324362273815,0.39654316023406144,-3.3180632218688473
0.020753393324679473,-0.30477333327794465,0.27983253643281725,1790750479,715560168,0.14399999380111694,0.09985401474627689,-0.31754908166664825,0.3994814819298311,-3.3892645242045005
0.008992303640656507,-0.30520939158979893,0.29065076617819696,1790750479,765330885,0.1420000046491623,0.09531096072242788,-0.3171053038680469,0.4027738147945716,-3.4610150963326762
-0.0039400749272118785,-0.30548816332474876,0.30004206903721886,1790750479,815391995,0.14300000667572021,0.09097506861263514,-0.31669172445267274,0.40641216659343593,-3.533354918836876
-0.013403996238671542,-0.30615958152760964,0.3132249404449797,1790750479,865509280,0.14000000059604645,0.08689067359537847,-0.3163068583784596,0.4103743724674271,-3.606068455674645
-0.023970922569566497,-0.3066763980173103,0.3248985667016543,1790750479,915276488,0.14000000059604645,0.08312129292529546,-0.31595384829550144,0.4145935301256434,-3.6783300339850973
-0.03215079570744443,-0.307393038696788,0.3386141891287322,1790750479,965417061,0.1379999965429306,0.07962675530791372,-0.31562267319937465,0.41912537624463364,-3.7514119938031225
-0.04175297941243648,-0.30799154240636756,0.3511551229466598,1790750480,15370586,0.13899999856948853,0.07647526667158372,-0.3153170946424215,0.4238835060900449,-3.8242728825317367
-0.05041871330069138,-0.3086613279840663,0.3643605366043963,1790750480,65454222,0.14000000059604645,0.07368765032248233,-0.3150346701543053,0.4288352695213046,-3.8968136837065055
-0.057237310663646596,-0.30943908287931915,0.37865706293087287,1790750480,115750963,0.14000000059604645,0.07125356348094716,-0.3147703953289041,0.4339894452762597,-3.969566335495983
-0.060611973365227306,-0.3100666919141019,0.38973085759117676,1790750480,165352770,0.13899999856948853,0.06971288273500903,-0.31458636811666724,0.4378557369343448,-4.0226777611833935
-0.06321087509133651,-0.3106733516411721,0.40038479926137016,1790750480,215593853,0.1379999965429306,0.0684361790553926,-0.31441775598722826,0.4416041104689859,-4.073208929977361
-0.06548754765563343,-0.31089196887888004,0.40444142145262846,1790750480,265662860,0.13899999856948853,0.06796032875332457,-0.3143494035100236,0.4431804202784714,-4.094219712125792
-0.06544901111701279,-0.31109985042861893,0.40796673118203797,1790750480,315430355,0.1379999965429306,0.0676270402007553,-0.31429908994968075,0.44436080319942134,-4.109870759984551
-0.06463668618861318,-0.3111542098535628,0.40878521360672254,1790750480,365836365,0.13699999451637268,0.06757179139666308,-0.3142905213688167,0.44456342628076384,-4.112550735473633
-0.06270664581233132,-0.3111999951766189,0.4093075204686827,1790750480,415403820,0.13500000536441803,0.06757179139666308,-0.3142905213688164,0.44456342628076384,-4.112550735473633
-0.06077659105604996,-0.31124578084080456,0.4098298312221532,1790750480,465304354,0.13300000131130219,0.0675717913966632,-0.3142905213688166,0.44456342628076373,-4.112550735473633
-0.06270664581233121,-0.3111999951766191,0.4093075204686826,1790750480,515443130,0.13500000536441803,0.0675717913966632,-0.3142905213688166,0.44456342628076373,-4.112550735473633
-0.05981156367790946,-0.31126867367289746,0.4100909865988887,1790750480,565421506,0.13199999928474426,0.06757179139666308,-0.3142905213688167,0.44456342628076384,-4.112550735473633
-0.06463668618861318,-0.3111542098535628,0.40878521360672254,1790750480,615659366,0.13699999451637268,0.06757179139666308,-0.3142905213688167,0.44456342628076384,-4.112550735473633
-0.06174161843419071,-0.31122288800871195,0.40956867584541806,1790750480,667535595,0.1340000033378601,0.06757179139666308,-0.3142905213688167,0.44456342628076384,-4.112550735473633
-0.06367167319047193,-0.31117710234452645,0.40904636509194736,1790750480,716563924,0.13600000739097595,0.06757179139666308,-0.3142905213688167,0.44456342628076384,-4.112550735473633
-0.06209958613827972,-0.3108328211655998,0.407147591932418,1790750480,766234029,0.13500000536441803,0.06779348899098604,-0.3140792280359061,0.44378434020909024,-4.101854586525182
-0.06040572987092625,-0.31043202188047364,0.4049275050725435,1790750480,815685595,0.1340000033378601,0.06806188900402795,-0.31383381559108536,0.4428814191618239,-4.089417280724336
-0.05968705152912923,-0.30898788955723916,0.39619847069106606,1790750480,865256125,0.13600000739097595,0.06901928517394323,-0.3130323112134726,0.4399514540897722,-4.0487245982026625
-0.05812896163154757,-0.3073400157153581,0.38628173422879536,1790750480,915353521,0.1379999965429306,0.07026003843946588,-0.3121214217528635,0.43665436432608806,-4.002236435976749
-0.051456546633405126,-0.30511015172718675,0.37356530644480085,1790750480,965252591,0.13699999451637268,0.07233321739406419,-0.31081337705933954,0.43198247892276576,-3.934823713034884
-0.0470250151679906,-0.3026088484285127,0.35868207305170374,1790750481,15264495,0.14000000059604645,0.07487464908660531,-0.30944348813814027,0.4271930920307656,-3.8633666155942197
-0.03715027587164538,-0.3003695742462865,0.34657323276480956,1790750481,65305149,0.1379999965429306,0.0777970942581524,-0.308075715910726,0.42254504679303795,-3.791073684047683
-0.030295730251584038,-0.2978711089512941,0.3320737522045056,1790750481,116060876,0.14100000262260437,0.08111048696221336,-0.3067086700557011,0.4180478937786586,-3.717594298694998
-0.01905757839173229,-0.2958620355463023,0.3218623945927126,1790750481,165081529,0.13899999856948853,0.08456520674824895,-0.305433787979878,0.4140128127008331,-3.647806603451119
-0.00976782629804733,-0.29360612538990927,0.3094694703228328,1790750481,215330611,0.14100000262260437,0.08838501238879243,-0.30415763860300954,0.4101456172803094,-3.5764711962889026
0.0004797682999873182,-0.29141262162391574,0.2976904184313748,1790750481,265301450,0.14300000667572021,0.09247351314201603,-0.3029125278892257,0.4065660583839594,-3.5052571856737447
0.01344248265981604,-0.2895420335267042,0.28897959401171736,1790750481,315307132,0.1420000046491623,0.0968191731292296,-0.3016974727422345,0.4032799619210433,-3.4339426462694465
0.02475051876878344,-0.2874257385529347,0.2779230655792496,1790750481,365263896,0.14499999582767487,0.10136886157775896,-0.300522832263621,0.40032851673059966,-3.363066212868311
0.03944191609628338,-0.2858446781773634,0.27192919410702887,1790750481,415626553,0.14300000667572021,0.10615702753540245,-0.29937551558905073,0.39768694636851154,-3.2916841008335394
0.05260624698248267,-0.28401258465472085,0.26349596941783626,1790750481,465755357,0.14499999582767487,0.11106475810771128,-0.2982794333161273,0.3954204110362103,-3.2212354345706546
0.06732587569055057,-0.28259651758848087,0.25881528204269716,1790750481,515413202,0.14399999380111694,0.11606994619753376,-0.2972326856367551,0.3935216159323649,-3.1515548963361435
0.08175545093658995,-0.2810843977415669,0.25326795326424834,1790750481,565378967,0.14499999582767487,0.12121130474842506,-0.2962225263055616,0.3919729331805613,-3.0817763544130314
0.09740742030453356,-0.280109242440473,0.2526139423766588,1790750481,615311286,0.1420000046491623,0.1264455033489821,-0.29525342550454986,0.3907857367950116,-3.0121079218134788
0.11150576133892778,-0.27829388859708554,0.24423576698249772,1790750481,665376885,0.14800000190734863,0.13170991943995575,-0.29433249071582634,0.3899703057922136,-2.9430676323220775
0.1269673323464109,-0.27734982159952926,0.2437486677746484,1790750481,715298085,0.1469999998807907,0.13699639363560473,-0.2934561112961665,0.3895190534049885,-2.874376296634303
0.14248038337371882,-0.2766269430248723,0.2453151185705962,1790750481,765658622,0.14499999582767487,0.1423497130761251,-0.2926135353640573,0.3894310808394572,-2.805164135822761
0.15767447574206597,-0.27591867681439614,0.24693891170713564,1790750481,815662998,0.14399999380111694,0.147662371544634,-0.2918177567914754,0.38970786925794193,-2.736456719900839
0.17291062702878304,-0.2750022595063212,0.24661253425371862,1790750481,865356436,0.1459999978542328,0.15289484119508284,-0.2910703043855141,0.3903386126969005,-2.6684833761449163
0.18806500967661097,-0.2744134898068782,0.24932692138466947,1790750481,915754974,0.1459999978542328,0.15814578995185996,-0.2903532285742825,0.39133665482757457,-2.59960127472276
0.2030651626133509,-0.2738385501897588,0.2520553359986333,1790750481,965598413,0.1469999998807907,0.16325075442904824,-0.2896857082389293,0.39267069948232525,-2.531689466050986
0.2161986340322547,-0.27390913700410896,0.26047591206290105,1790750482,15329332,0.14300000667572021,0.1682438119064536,-0.2890585862676225,0.3943408855666187,-2.463967791061971
0.23129095477559974,-0.273344787004692,0.26328989028933214,1790750482,65531608,0.1459999978542328,0.17312578160773567,-0.28846860762005333,0.3963465776589745,-2.39615460092115
0.24398000349349164,-0.2734068185662507,0.2715772287732544,1790750482,115551836,0.14399999380111694,0.17784053652898085,-0.2879184669614029,0.39866373940765487,-2.328691115616081
0.25737809561638625,-0.2732659818903678,0.2779931200350381,1790750482,165426007,0.14499999582767487,0.18234480168201983,-0.28740979593239496,0.4012609427453029,-2.2619843265810036
0.26861997216647715,-0.2735099943163595,0.2877340878242569,1790750482,215222769,0.14300000667572021,0.18665609029365252,-0.2869363680371693,0.4041413748225493,-2.1954878504207764
0.2804894915693224,-0.27365340455038256,0.29668879461611614,1790750482,265408998,0.14300000667572021,0.1908253933570393,-0.2864899663098584,0.40734399821372935,-2.1281154194015524
0.28970021105798266,-0.2741424435830326,0.3086108250192873,1790750482,315556524,0.14000000059604645,0.19477390432943645,-0.28607520002419745,0.41081946350687704,-2.0607254461226328
0.30002362185852305,-0.2744435817764759,0.31882547696210534,1790750482,365740827,0.14000000059604645,0.1984498888467015,-0.2856946414601527,0.4145134625450956,-1.994004780425277
0.3087348087409191,-0.27489141517743004,0.33016713666169295,1790750482,415258420,0.13899999856948853,0.2018242984846618,-0.28534711237663324,0.41838176580642783,-1.928296334214359
0.31512107498793374,-0.2755444614259396,0.34329832238679897,1790750482,465299444,0.13600000739097595,0.2049776377851497,-0.2850217671067518,0.42251073257948485,-1.8618263665428354
0.323101952497196,-0.2760411043562426,0.3551577189050567,1790750482,515672805,0.13600000739097595,0.20787101214191708,-0.2847184587193618,0.42686919578596133,-1.7949026469496105
0.3301243737747169,-0.27658567875046386,0.3672411949500858,1790750482,565379270,0.13600000739097595,0.21041767413457743,-0.28444302298285595,0.4313081147544953,-1.7294617489390012
0.3363500629415331,-0.2771837343868219,0.37977478195861664,1790750482,615240163,0.13600000739097595,0.21267394326352185,-0.2841863770526032,0.4359101756726642,-1.6639243990651837
0.3382966532529191,-0.2778821368582733,0.392077854584869,1790750482,665807489,0.13300000131130219,0.21439130685356955,-0.2839787445962608,0.4400288384804336,-1.606870704599268
0.3412630428321728,-0.27847902241483213,0.4033350537899477,1790750482,716298018,0.13199999928474426,0.2158286480137426,-0.28378914592703314,0.44410287193112163,-1.5516372228564481
0.3449057985109012,-0.2786902158027929,0.408309365451329,1790750482,765166530,0.1340000033378601,0.21646425145012457,-0.2836976524411422,0.4461735366623001,-1.5239476058861867
0.34243835025171065,-0.2790889935908424,0.41426491240445923,1790750482,815343361,0.12999999523162842,0.21697201835596758,-0.2836195947583727,0.44799430572707055,-1.4997843603057797
0.3427014045394396,-0.27914001209749234,0.41524807388145724,1790750482,866162264,0.12999999523162842,0.21706970588878982,-0.28360386397846266,0.4483652760694516,-1.4948808423066435
0.3466354104574291,-0.27901630681895123,0.41448788669788544,1790750482,915461429,0.1340000033378601,0.21709462962451387,-0.2835997378408836,0.4484610990248397,-1.493615405258303
0.34471284743985875,-0.2790868727797292,0.4150362599996898,1790750482,965383183,0.13199999928474426,0.21709863349588535,-0.28359907352184355,0.4484765389323949,-1.4934115409851074
0.345679623752382,-0.27905268937131406,0.41478292403845823,1790750483,15815434,0.13300000131130219,0.21709863349588535,-0.28359907352184355,0.4484765389323949,-1.4934115409851074
0.3427792948148124,-0.2791552395965595,0.4155429319221529,1790750483,65414990,0.12999999523162842,0.21709863349588535,-0.28359907352184355,0.4484765389323949,-1.4934115409851074
0.3427792948148124,-0.2791552395965595,0.4155429319221529,1790750483,115635386,0.12999999523162842,0.21709863349588535,-0.28359907352184355,0.4484765389323949,-1.4934115409851074
0.34567962375238204,-0.2790526893713142,0.41478292403845823,1790750483,165547251,0.13300000131130219,0.2170986334958854,-0.2835990735218437,0.4484765389323949,-1.4934115409851074
0.34471284743985875,-0.2790868727797292,0.4150362599996898,1790750483,216742342,0.13199999928474426,0.21709863349588535,-0.28359907352184355,0.4484765389323949,-1.4934115409851074
0.3427792948148124,-0.2791552395965595,0.4155429319221529,1790750483,266419297,0.12999999523162842,0.21709863349588535,-0.28359907352184355,0.4484765389323949,-1.4934115409851074
0.34471284743985875,-0.2790868727797292,0.4150362599996898,1790750483,315253670,0.13199999928474426,0.21709863349588535,-0.28359907352184355,0.4484765389323949,-1.4934115409851074
0.34419124000775003,-0.27876595180518526,0.4131230503087754,1790750483,366490446,0.13199999928474426,0.21690593020043863,-0.28341045563135336,0.44777674134794104,-1.5029824715802687
0.3426168889987237,-0.27843971742020046,0.4112359117191808,1790750483,415391413,0.13099999725818634,0.21667940892820384,-0.2831971986977749,0.4469866706905057,-1.5138190334817752
0.34041601172207997,-0.27724223973027234,0.4041290795249258,1790750483,465778255,0.13099999725818634,0.2158618076231051,-0.2824889575662165,0.4443748429648921,-1.549896610501216
0.33953095058244254,-0.2758309114927067,0.39561133199430615,1790750483,515652175,0.13300000131130219,0.21483574260141639,-0.28170371133870686,0.4414983200992564,-1.5901384070452156
0.33575204783774265,-0.273846687244195,0.38377246759832306,1790750483,565855876,0.1340000033378601,0.21310629213356205,-0.28055757717500523,0.4373353601512232,-1.6495002272957398
0.3345586873192298,-0.27158622598256177,0.3698486027626143,1790750483,615352783,0.13899999856948853,0.21103814892698325,-0.2793791536639811,0.43311744561404897,-1.7113016152253362
0.3245126693836663,-0.2698393317389809,0.3601574124164564,1790750483,665186833,0.13500000536441803,0.2086684130139077,-0.2781988803053064,0.4289704029218674,-1.774089160584142
0.3213343590035901,-0.26756043218815106,0.3461359871209371,1790750483,715502368,0.14000000059604645,0.20600354555111136,-0.27702452522541016,0.42493468367274984,-1.8375895375911522
0.31405251132447365,-0.26560537206855345,0.33469594937609837,1790750483,765362668,0.14100000262260437,0.20312616298213912,-0.27588846381393695,0.42112860528325835,-1.900183757745631
0.30673479981059276,-0.2636184200362525,0.32298847842940254,1790750483,815438221,0.14300000667572021,0.19999763325115338,-0.27477109555721396,0.41749666332808033,-1.9629889602096866
0.29719830303824396,-0.26184677772172,0.3130840585373461,1790750483,865931517,0.14300000667572021,0.1966433965319182,-0.27367881746863476,0.4140677974371687,-2.025774064691614
0.2877351479580788,-0.26006448804766363,0.30306932394693936,1790750483,916367767,0.14399999380111694,0.19308280103801104,-0.27261492130413933,0.4108627284869185,-2.088391616898235
0.27601617216622654,-0.2586581421111103,0.29616446622307974,1790750483,965591625,0.1420000046491623,0.18940696391971462,-0.271600495762332,0.407947031273454,-2.1496574980123175
0.2649683349974397,-0.25713429747870575,0.2883179802324992,1790750484,15415165,0.1420000046491623,0.1855027862049835,-0.2706006131100912,0.4052277155790125,-2.211695382504188
0.25499719268827264,-0.2554003491884726,0.2786138084800689,1790750484,65266992,0.14499999582767487,0.18144253303653496,-0.2696321309411042,0.4027595583939835,-2.273589660845573
0.2439752660115792,-0.2536997261834806,0.26930361728727764,1790750484,116340285,0.14800000190734863,0.17712791021770372,-0.2686710255965045,0.40049543022477696,-2.336965587881726
0.2314158514790329,-0.25242412435099193,0.26353036511495753,1790750484,165746672,0.14800000190734863,0.17280914266868874,-0.2677696730725008,0.3985628366965387,-2.398444578030442
0.22106120249536154,-0.25037625290469717,0.25099649758174014,1790750484,215743871,0.15600000321865082,0.16831736866064645,-0.2668884255538575,0.39687808364056854,-2.460687674049721
0.2065755322032703,-0.2495912738580972,0.2495213337655891,1790750484,265372632,0.15299999713897705,0.16378554223773717,-0.26605072160545096,0.39549085956850694,-2.522121279419749
0.19299546627463682,-0.24846791356650605,0.24508242890528675,1790750484,315357914,0.15399999916553497,0.15914215253241,-0.2652400222917842,0.3943762642119148,-2.5839326384418095
0.17898855963112267,-0.24755226323155152,0.24246250972571645,1790750484,365518077,0.15399999916553497,0.15445059335769185,-0.2644650227734006,0.3935513793317478,-2.645537192359326
0.16477925425723186,-0.24696155011591286,0.242694807986875,1790750484,415261671,0.15199999511241913,0.14975641833971376,-0.263729676043839,0.3930182687906896,-2.706554411706757
0.15091150587750785,-0.24591480250089925,0.2388305630201855,1790750484,465183499,0.1550000011920929,0.14503258376934489,-0.26302675201210085,0.39277087557125523,-2.7675994041609777
0.13659821920967546,-0.24518138623593333,0.23780212685788546,1790750484,515460330,0.15600000321865082,0.1402658454861346,-0.2623518974110044,0.39281091069835705,-2.829042343089599
0.12236670605009381,-0.24465951864602034,0.23863455213600093,1790750484,565477038,0.15600000321865082,0.13553992095888845,-0.2617144790023841,0.393138907221638,-2.890060049744803
0.10764601828963004,-0.2438010222438535,0.23639066453200652,1790750484,615447496,0.1599999964237213,0.13084307032962847,-0.26110980405801576,0.3937510842834617,-2.9510023447242104
0.09385293498982165,-0.24369036099351238,0.24091158953270705,1790750484,665300703,0.15800000727176666,0.12620612569295073,-0.2605392359925044,0.39464313723998024,-3.0117185979147503
0.0806495709211481,-0.24376939042808296,0.24721075993404854,1790750484,715493163,0.1550000011920929,0.12159680159678489,-0.2599961862928369,0.39582104142731733,-3.0728328099494218
0.06714945278847284,-0.2436208803969456,0.25139433161824487,1790750484,765237868,0.1550000011920929,0.11709438107689248,-0.2594876130580277,0.3972667118088593,-3.1335466641996645
0.05379448854584571,-0.24356061246425434,0.2564374491200231,1790750484,815457903,0.1550000011920929,0.11263929136174937,-0.25900414936618266,0.39899896818833613,-3.194868196326641
0.04183708796568515,-0.24378032011732076,0.2639814790057342,1790750484,865293183,0.15299999713897705,0.10836125894196354,-0.25855733511903484,0.4009675134329158,-3.2552546116525964
0.02886721901678145,-0.24379103236017954,0.2696428608970286,1790750484,915731831,0.15399999916553497,0.10416145882166616,-0.25813402080826486,0.4032132763248747,-3.316284137749016
0.016768857671322995,-0.24397910534486703,0.27693930993723637,1790750484,965812827,0.15399999916553497,0.10010885761609825,-0.2577389981960187,0.40570696698245273,-3.3772370835845087
0.007037078432147056,-0.24449720178316411,0.28726586108662855,1790750485,15273196,0.1509999930858612,0.09625415736222447,-0.2573742844913762,0.40840830402072303,-3.437500110828577
-0.0038360156530533596,-0.24481901118835553,0.29575836681427337,1790750485,65372220,0.1509999930858612,0.09256400010470597,-0.25703420230431767,0.4113387456847132,-3.497811024484896
-0.014176464769244654,-0.24520873035133253,0.30488353382027145,1790750485,115573374,0.1509999930858612,0.08905353463741934,-0.25671754857768375,0.41448331592526966,-3.5581078135127755
-0.023144784672186933,-0.24572983466869705,0.315215408112103,1790750485,165355589,0.15000000596046448,0.08576321280619917,-0.25642560239540063,0.41780512702254563,-3.617910841425966
-0.033001326245493776,-0.2461691719933669,0.3247715375146749,1790750485,215300916,0.1509999930858612,0.08266314611287763,-0.25615310610737535,0.4213274736636078,-3.677911424760715
-0.0415330862527301,-0.2467372312401714,0.3355828137637342,1790750485,265160243,0.1509999930858612,0.07976710325545597,-0.25589900055339415,0.42504411221317306,-3.7381474106248094
-0.04864925633692037,-0.24741888836955747,0.3475615818216941,1790750485,315549825,0.15000000596046448,0.07706591954006249,-0.2556598573965747,0.428972777439093,-3.799088938199044
-0.05402913227005618,-0.24817542373703927,0.3602304897399245,1790750485,365763025,0.14800000190734863,0.07463858858270234,-0.25543982550171535,0.4330030576630999,-3.859213737789337
-0.057631280619019884,-0.24898577638960953,0.37342165659860876,1790750485,415611519,0.14499999582767487,0.07247225896174629,-0.2552358242919795,0.43713197507057855,-3.918796594675098
-0.06562466844015952,-0.24953555292180912,0.3836786528537297,1790750485,465652143,0.14800000190734863,0.07064682285452473,-0.2550552423828479,0.44115572874622533,-3.9752554083072966
-0.0702105252483342,-0.2502332848074659,0.39537873751753055,1790750485,515578100,0.14800000190734863,0.06906639353769305,-0.2548866887089374,0.44522135271953756,-4.0309964858787
-0.07081362232419426,-0.25073153731197845,0.4033421700811035,1790750485,565596614,0.1459999978542328,0.06820136296354272,-0.2547861098009879,0.44777632002028434,-4.065467135254375
-0.0728001195784706,-0.25112261858147494,0.40985200507785197,1790750485,615461635,0.1459999978542328,0.06750927508864052,-0.2546993708958658,0.45005747714903077,-4.09593332545475
-0.07238763949786449,-0.2512631484161153,0.41206067197313134,1790750485,665423925,0.14499999582767487,0.06731718496885401,-0.25467397994208535,0.45073788799303843,-4.1049694065665
-0.07365574805600664,-0.2513061442860518,0.4128971680018265,1790750485,716255076,0.1459999978542328,0.06721096344272728,-0.25465962886076565,0.45112442406573483,-4.110092992179047
-0.07369788845659311,-0.2513154557989551,0.4130515354426463,1790750485,765274201,0.1459999978542328,0.06719626759075831,-0.2546576264727301,0.45117850831393425,-4.110809326171875
-0.07659297976443379,-0.2512467809189004,0.41226810289405386,1790750485,815391483,0.14900000393390656,0.06719626759075838,-0.25465762647273016,0.45117850831393425,-4.110809326171875
-0.0717678275846993,-0.25136123905232494,0.41357382380837454,1790750485,865421562,0.14399999380111694,0.06719626759075831,-0.2546576264727301,0.45117850831393425,-4.110809326171875
-0.0717678275846992,-0.251361239052325,0.4135738238083745,1790750485,915281638,0.14399999380111694,0.06719626759075838,-0.25465762647273016,0.45117850831393425,-4.110809326171875
-0.07369788845659309,-0.25131545579895515,0.41305153544264633,1790750485,965381912,0.1459999978542328,0.06719626759075831,-0.2546576264727302,0.45117850831393436,-4.110809326171875
-0.0717678275846992,-0.251361239052325,0.4135738238083745,1790750486,17362509,0.14399999380111694,0.06719626759075838,-0.25465762647273016,0.45117850831393425,-4.110809326171875
-0.07369788845659302,-0.25131545579895515,0.4130515354426462,1790750486,68142502,0.1459999978542328,0.06719626759075838,-0.25465762647273016,0.45117850831393425,-4.110809326171875
-0.07080281152879721,-0.25138413033789875,0.4138349640998949,1790750486,115928586,0.14300000667572021,0.06719626759075838,-0.25465762647273016,0.45117850831393425,-4.110809326171875
-0.07319454181681039,-0.2510125781020082,0.4112525902058743,1790750486,165953524,0.1459999978542328,0.06737102618117942,-0.2544881931342463,0.4505621382443112,-4.102345159434405
-0.0716162686124737,-0.2506779779108127,0.40939869203686785,1790750486,216638331,0.14499999582767487,0.06758563401461484,-0.2542869852905117,0.44983140355560686,-4.092284428355359
-0.07134910641528061,-0.24945010893363415,0.40186496379764564,1790750486,266801827,0.1469999998807907,0.06834111566713108,-0.2536284305321949,0.4474520611842744,-4.059312490155694
-0.0687471225055267,-0.24819481228719042,0.39446758028823126,1790750486,315573578,0.1469999998807907,0.06923931858622034,-0.25292506144523497,0.444929117945036,-4.023956128514691
-0.06253917959133627,-0.24641647683327547,0.38439310354020484,1790750486,365279115,0.14499999582767487,0.07074674514392769,-0.25188346085643015,0.4412259562152365,-3.971198785548718
-0.06260105225958539,-0.24419363232319732,0.37038944068506297,1790750486,416043089,0.1509999930858612,0.0725940104029507,-0.250769084486781,0.437322663918727,-3.914258325522896
-0.051398913446183636,-0.2425629956758796,0.36224151223444245,1790750486,465113852,0.14499999582767487,0.07462264971580204,-0.2496876578625867,0.4336053938340351,-3.8584538532499923
-0.047300636241494096,-0.24049086067417152,0.34986645539164296,1790750486,515420933,0.14800000190734863,0.07692400927483425,-0.24858916681952936,0.429908041136141,-3.80110963147732
-0.041694782886850995,-0.2385134911519184,0.33834083455149266,1790750486,565381704,0.15000000596046448,0.07940328737620228,-0.24752066458537603,0.42639837252209234,-3.7445719176237784
-0.032258320504980995,-0.23681565089735726,0.3295592280626346,1790750486,615538256,0.14800000190734863,0.08208832481555527,-0.24646485749996824,0.4230243984762962,-3.687887466711559
-0.026892762475831125,-0.23477993338620853,0.31744556633365534,1790750486,665077042,0.15199999511241913,0.08494158619786138,-0.24543487373990863,0.41983477092557264,-3.631679379144637
-0.018486744937819558,-0.23296074071108688,0.30752104387360424,1790750486,715190083,0.15299999713897705,0.08801209488409718,-0.24441020309711,0.41677261618349715,-3.5747784624666825
-0.007583831410482814,-0.2314379836729755,0.3003645219897016,1790750486,765330190,0.1509999930858612,0.09123556057045078,-0.2434119233248465,0.41390900864432556,-3.5182599940973716
0.0012356076530205817,-0.2296487514535551,0.2907108079803903,1790750486,815802189,0.15299999713897705,0.094637758451353,-0.24242874100304426,0.41121686267428315,-3.4614470445387675
0.012234249999486302,-0.22818954207878284,0.28406785759347825,1790750486,865376809,0.15199999511241913,0.09814349422686992,-0.24148045580422223,0.40875527429138775,-3.405415549614779
0.022578776291130184,-0.2266103095822793,0.27633489241992715,1790750486,915223663,0.15299999713897705,0.10180844311596822,-0.2405482490728195,0.4064786316550905,-3.3490370184574307
0.03499855314955727,-0.2253513637735728,0.27170156069951984,1790750486,965748486,0.1509999930858612,0.10566727593341502,-0.23962412182379972,0.404378679712815,-3.2916983279752956
0.04566442687421307,-0.22381280164577405,0.2643229681272231,1790750487,15250253,0.15299999713897705,0.10956499592801931,-0.23874198089102122,0.40253597766753374,-3.2354853967178663
0.057701472833040945,-0.22252151508157952,0.2593092014258699,1790750487,65628325,0.15299999713897705,0.11360988097837632,-0.23787541820750926,0.4008984195252052,-3.1786580034554426
0.06981166745900579,-0.22132418737456339,0.2550453887538491,1790750487,115265009,0.15299999713897705,0.1176785312816304,-0.2370476260134096,0.3995117722127137,-3.122736221925044
0.0819128928232215,-0.2200945884059964,0.25049531436081396,1790750487,165319939,0.15399999916553497,0.12183214164972683,-0.2362440341475179,0.3983521664791855,-3.066700766149367
0.09417178726257655,-0.2188258614584099,0.24562569946471313,1790750487,215696427,0.15600000321865082,0.1260698319233716,-0.23546241750053706,0.39742076115676606,-3.0103738812077183
0.10715259967237498,-0.2179616988300486,0.2443935119705939,1790750487,265322278,0.1550000011920929,0.13032637406897082,-0.2347134654052799,0.3967331157063705,-2.9544674339249513
0.12008319267701219,-0.21695142175546836,0.24189837244895293,1790750487,315416811,0.15600000321865082,0.13466459375223616,-0.23398344459687487,0.39627872723813046,-2.897957114171882
0.13321121815208264,-0.216356958023027,0.24311269172008582,1790750487,365380035,0.15399999916553497,0.13899468428186415,-0.23328640745697424,0.3960700223857779,-2.8418610587855104
0.14616451333217975,-0.2156253407963547,0.24306871289352291,1790750487,415329066,0.15399999916553497,0.1433280109137756,-0.232617326805201,0.3961021288800006,-2.7858291098427026
0.1592411786412733,-0.21486132301215075,0.24275998462639642,1790750487,465373403,0.1550000011920929,0.14767849414680553,-0.23197294581740624,0.3963780078587009,-2.729526575142323
0.1721003289583378,-0.21439995851191362,0.24515671306669057,1790750487,515338155,0.15399999916553497,0.15200526459937383,-0.2313566961364075,0.3968954924888539,-2.673282175306053
0.18494840502085313,-0.2139092377131553,0.24728468551801513,1790750487,565248565,0.15399999916553497,0.15630420501527936,-0.23076789345868368,0.39765521213636285,-2.6169946951545096
0.19737759591872026,-0.21371010839056767,0.2521062084421066,1790750487,615936408,0.15199999511241913,0.16062390729555961,-0.23019761135715489,0.39867130364793646,-2.5598105297785567
0.21017918930740132,-0.2131696192048063,0.253669777868442,1790750487,665153709,0.15399999916553497,0.16474545128324644,-0.22967299466549118,0.3998867871065635,-2.504491531088739
0.2219113114991308,-0.213127580851759,0.25981539918901914,1790750487,715718958,0.15199999511241913,0.1689034307064333,-0.22916114454871037,0.40136782030295987,-2.447694205458747
0.2341520264099795,-0.2128492143758982,0.26374053818329113,1790750487,765387708,0.15299999713897705,0.17289959984797257,-0.2286854237878149,0.40304722803074555,-2.3919639112724265
0.24581051915037871,-0.2127503127827376,0.26927377781414774,1790750487,815295340,0.15299999713897705,0.17681641956972827,-0.22823292305748563,0.4049539242124419,-2.335976403656252
0.2556117926299287,-0.21302100289970302,0.2780086777289088,1790750487,865354732,0.15000000596046448,0.180613943003829,-0.22780707433304212,0.407069502269776,-2.280150228800532
0.2685518105253349,-0.21267517161393748,0.2813333343573533,1790750487,915237420,0.15399999916553497,0.18427334254718797,-0.22740715624949304,0.4093806233053783,-2.224581919965378
0.27858163296757676,-0.21288631633671665,0.28954611466226526,1790750487,965243691,0.15299999713897705,0.18782740662821232,-0.2270284123453117,0.4119089793171681,-2.168620733617787
0.286936534926987,-0.21333782285145086,0.2998968942023458,1790750488,15803885,0.15000000596046448,0.19127672777264518,-0.22666829255991666,0.4146640570176963,-2.1119907730640217
0.29574458194306363,-0.21365756263371802,0.30896341846975234,1790750488,65410967,0.14900000393390656,0.19450658048711353,-0.22633748320450633,0.4175501941278762,-2.056459266742021
0.3047928052871631,-0.2139507660073372,0.317851658147937,1790750488,115457063,0.14900000393390656,0.1975995629794511,-0.2260246755550899,0.42063702035529116,-2.000441759744508
0.31407214402757705,-0.21422491896792278,0.3265608575835679,1790750488,165325176,0.15000000596046448,0.2005133719054015,-0.22573298586547064,0.42388491143730306,-1.9445337322839107
0.32132286212615646,-0.21470807752096382,0.3370526830624195,1790750488,215312067,0.14900000393390656,0.2032503267262517,-0.2254594669839101,0.42729837648409175,-1.8884755155965338
0.3254964049342937,-0.21543809933447827,0.3496103418135429,1790750488,265428922,0.14499999582767487,0.20580589632985916,-0.2252033481193654,0.4308742382018331,-1.8321849480703472
0.33395961593391876,-0.21580156231798808,0.3590946332904644,1790750488,315448370,0.1469999998807907,0.20815458643202392,-0.22496444263849297,0.4345806329275623,-1.7759868357022806
0.338306693023949,-0.21644962616231786,0.37081559541844056,1790750488,365221287,0.14499999582767487,0.2102627346514058,-0.22474455918521652,0.4383503094584198,-1.7206879674851965
0.34294009826064714,-0.21707307741528056,0.3824203447984866,1790750488,415898120,0.14399999380111694,0.2121898677260956,-0.22453521075589375,0.44229264219795383,-1.6645019913545884
0.35022809472741345,-0.21748552317754247,0.39178655956159214,1790750488,465312117,0.1469999998807907,0.21376214868590968,-0.22435584592311889,0.4459976672916641,-1.6129671348695214
0.35330482855412126,-0.2181249503590973,0.40297547291499125,1790750488,515440945,0.1459999978542328,0.21514678450308414,-0.2241859532153394,0.44979019796816533,-1.5612655745755053
0.35926702117355136,-0.2183400848745604,0.40841661014647085,1790750488,565294381,0.15000000596046448,0.21588541743636083,-0.22408756544766098,0.45210509793161247,-1.530149258413337
0.35908703718792934,-0.21875443930865013,0.41493660200193544,1790750488,615366200,0.14800000190734863,0.21647766973992832,-0.22400300935787665,0.4541669651546593,-1.5026769621599534
0.357611049265814,-0.21891932087074928,0.4171215759042696,1790750488,665574732,0.1459999978542328,0.21663324070489107,-0.22397970448816706,0.4547466923086119,-1.494990306901391
0.3588044784026494,-0.218933499457586,0.4177191221465676,1790750488,715814783,0.1469999998807907,0.2167114223585421,-0.22396777377203098,0.45504497740971694,-1.491041559746683
0.35980545045557266,-0.2189067198668148,0.4175953410182369,1790750488,765452348,0.14800000190734863,0.216723156740843,-0.22396597115467007,0.4550901642117573,-1.4904437065124512
0.3598054504555728,-0.2189067198668147,0.4175953410182369,1790750488,815385544,0.14800000190734863,0.21672315674084305,-0.22396597115466998,0.4550901642117573,-1.4904437065124512
0.3578719020523929,-0.21897508826513254,0.41810202883844955,1790750488,865712864,0.1459999978542328,0.21672315674084305,-0.22396597115466998,0.4550901642117573,-1.4904437065124512
0.3588386762539828,-0.21894090406597363,0.41784868492834326,1790750488,915903045,0.1469999998807907,0.21672315674084305,-0.22396597115466998,0.4550901642117573,-1.4904437065124512
0.3578719020523929,-0.21897508826513254,0.41810202883844955,1790750488,965642202,0.1459999978542328,0.21672315674084305,-0.22396597115466998,0.4550901642117573,-1.4904437065124512
0.3578719020523929,-0.21897508826513254,0.41810202883844955,1790750489,15763604,0.1459999978542328,0.21672315674084305,-0.22396597115466998,0.4550901642117573,-1.4904437065124512
