x,y,z,stamp_sec,stamp_nanosec,raw_range,ox,oy,oz,j7
0.1392638697329591,-0.20105355365012695,0.2379722117577918,1790750200,367042910,0.1599999964237213,0.13928883044071608,-0.2184914093274574,0.3970191212591414,-2.792346954345703
0.13926418174012067,-0.2012715256686741,0.23996028738757008,1790750200,416297285,0.15800000727176666,0.13928883044071608,-0.2184914093274574,0.3970191212591414,-2.792346954345703
0.13926371372821597,-0.20094456682883996,0.23697816653670362,1790750200,466940789,0.16099999845027924,0.13928883044071608,-0.2184914093274574,0.3970191212591414,-2.792346954345703
0.13926449374960692,-0.20148949931124813,0.2419483778297464,1790750200,516695365,0.15600000321865082,0.13928883044071608,-0.2184914093274574,0.3970191212591414,-2.792346954345703
0.13926449374960692,-0.20148949931124813,0.2419483778297464,1790750200,566448774,0.15600000321865082,0.13928883044071608,-0.2184914093274574,0.3970191212591414,-2.792346954345703
0.1392638697329591,-0.20105355365012695,0.2379722117577918,1790750200,616681662,0.1599999964237213,0.13928883044071608,-0.2184914093274574,0.3970191212591414,-2.792346954345703
0.1392644937496069,-0.20148949931124815,0.24194837782974635,1790750200,669097393,0.15600000321865082,0.13928883044071605,-0.21849140932745742,0.39701912125914135,-2.792346954345703
0.13926418174012067,-0.2012715256686741,0.23996028738757008,1790750200,716296362,0.15800000727176666,0.13928883044071608,-0.2184914093274574,0.3970191212591414,-2.792346954345703
0.13926371372821597,-0.20094456682883996,0.23697816653670362,1790750200,766867744,0.16099999845027924,0.13928883044071608,-0.2184914093274574,0.3970191212591414,-2.792346954345703
0.13926418174012067,-0.2012715256686741,0.23996028738757008,1790750200,815563334,0.15800000727176666,0.13928883044071608,-0.2184914093274574,0.3970191212591414,-2.792346954345703
0.13926386973295915,-0.20105355365012703,0.23797221175779168,1790750200,867025590,0.1599999964237213,0.13928883044071613,-0.2184914093274575,0.3970191212591413,-2.792346954345703
0.13926418174012067,-0.2012715256686741,0.23996028738757008,1790750200,915401953,0.15800000727176666,0.13928883044071608,-0.2184914093274574,0.3970191212591414,-2.792346954345703
0.13730128218159146,-0.2011739123059848,0.23900219527256247,1790750200,967241807,0.1589999943971634,0.13864784169510472,-0.21848370766618092,0.39705141539200084,-2.8006394388907205
0.13518192545700747,-0.20140598467546084,0.24104816894303285,1790750201,15420843,0.15700000524520874,0.13794421428666764,-0.2184759504988333,0.39709299479190874,-2.8097430933341894
0.12811993836875002,-0.20146913516461532,0.24137799828801856,1790750201,65405329,0.15700000524520874,0.13561821005108088,-0.21845547514718575,0.39727617602839516,-2.83985150734574
0.12006901759913854,-0.2015704650713767,0.24201390029692132,1790750201,115740013,0.15700000524520874,0.13296648447376005,-0.2184417143239169,0.3975710214578385,-2.8742306931040256
0.10815289921038951,-0.20145112364103485,0.24045300737232211,1790750201,165266697,0.1599999964237213,0.12917150626872906,-0.21843959814410888,0.3981540179809303,-2.9236138981535325
0.0951156068660475,-0.20142648538085853,0.23968319236920502,1790750201,215856625,0.16300000250339508,0.12511138026403165,-0.21846010829050952,0.3989914159012481,-2.9768138634088266
0.08211086294929969,-0.20158744519140695,0.24060996459033726,1790750201,265805611,0.16500000655651093,0.1210869907794153,-0.21850367683821723,0.4000455463463888,-3.0300773448988427
0.06938294961307451,-0.20192596784207392,0.24319665229928897,1790750201,315503463,0.16599999368190765,0.11712530061671034,-0.21856934141444107,0.40130947258648025,-3.0831981282330228
0.056707464943172324,-0.20233876088434383,0.24648787654982665,1790750201,365231445,0.16699999570846558,0.1132128072399897,-0.21865674183510864,0.4027884471061669,-3.1365111342628484
0.04680730518990707,-0.20349063591285488,0.25691926491745815,1790750201,415259857,0.16099999845027924,0.10935011875000482,-0.21876559501271894,0.40448644147604873,-3.1901757970514084
0.03561406292234981,-0.20420809174219048,0.2632467957882647,1790750201,465219843,0.1599999964237213,0.10558479043091959,-0.21889406674431813,0.40638455560638254,-3.243692668021753
0.02479801138928736,-0.20497853355501938,0.270150067571805,1790750201,515274838,0.1589999943971634,0.10191104942938682,-0.21904170258507402,0.4084859084061899,-3.297296925971052
0.01492876664886307,-0.205882621529753,0.2784453706250258,1790750201,565411502,0.15700000524520874,0.09834262293261067,-0.2192074223772804,0.4107842534571081,-3.350949555718113
0.005638191704569917,-0.2068204768838722,0.287173661326433,1790750201,615377302,0.1550000011920929,0.09490525350521348,-0.21938933063592542,0.4132625821814724,-3.4044112357917706
-0.006170285907411824,-0.20740298663265178,0.2924013674017654,1790750201,665332556,0.15800000727176666,0.09160157604836866,-0.21958651102624543,0.41591746773256777,-3.4577820456948865
-0.013886294169004762,-0.20849471076890377,0.3028693216743633,1790750201,715474210,0.1550000011920929,0.08842446038670265,-0.21979885345828154,0.4187560173294246,-3.5113369841778317
-0.02299170324743624,-0.20939274631552005,0.3114691226726266,1790750201,765371065,0.1550000011920929,0.08540294021295511,-0.22002385112139705,0.4217532160372179,-3.5647422442818693
-0.030178767499158127,-0.21045760866931756,0.3219134978593493,1790750201,815373134,0.15299999713897705,0.08252976632632004,-0.22026145548760395,0.42491675079342717,-3.618279741821757
-0.037526491401976905,-0.21147998558401315,0.33204396983870577,1790750201,865385065,0.15199999511241913,0.07981329842284222,-0.22051060960154711,0.42824074768441456,-3.6719741080129036
-0.043519644637468644,-0.21258054722227432,0.3431485985592646,1790750201,915593257,0.15000000596046448,0.0772592441761618,-0.22077050108545473,0.4317227847581965,-3.7259060854411583
-0.05291493349895847,-0.21342062671938644,0.3515646143116853,1790750201,965161274,0.15299999713897705,0.07492582844402414,-0.22103414810411295,0.4352770566514531,-3.778930672229905
-0.05772518318779207,-0.21455167178623605,0.3632911617805786,1790750202,15592904,0.1509999930858612,0.07274102681211031,-0.22130912818242285,0.4390136996622762,-3.8328393859845558
-0.06268309146221687,-0.21562909161069568,0.37460039037650095,1790750202,65699826,0.15000000596046448,0.07077102998727722,-0.22158687042605346,0.4428243167357361,-3.8861971419508
-0.0678861236813177,-0.21666597276767996,0.38561465023106983,1790750202,115436131,0.15000000596046448,0.06901172823405431,-0.22186654911287776,0.44670420690628254,-3.939123777248197
-0.0712098270742455,-0.2176538818312896,0.39630117779996854,1790750202,165170669,0.14900000393390656,0.06757420523645916,-0.22212538783208635,0.45033819457523383,-3.9876242195918743
-0.07206515312338227,-0.21867698313510886,0.40761094311601564,1790750202,215271248,0.1459999978542328,0.06632043343794802,-0.2223827489983724,0.453997321557097,-4.0355828557110005
-0.07303755307599354,-0.21925245426105108,0.41402740175470426,1790750202,265451189,0.14499999582767487,0.06565851681479408,-0.2225352550604287,0.4561892589930553,-4.063951681025509
-0.0735891490362776,-0.2197461872446654,0.4195862455716362,1790750202,315309607,0.14399999380111694,0.06513679232146675,-0.22266649182581819,0.45809057299444267,-4.088368009620226
-0.07685787011957435,-0.2198104171836531,0.4201868470446829,1790750202,365548975,0.1469999998807907,0.06500767886163017,-0.22270081302814573,0.45859012280438954,-4.094756260556059
-0.0741280502101177,-0.21992491722878588,0.42159507974080024,1790750202,415809825,0.14399999380111694,0.06495052444844185,-0.22271627575062353,0.45881545861135653,-4.097634431727498
-0.07898165250937061,-0.21983627842445502,0.4203956774448318,1790750202,465549371,0.14900000393390656,0.06494225562599187,-0.22271852665414393,0.4588482779354404,-4.098053455352783
-0.07415198150247115,-0.21993299835716087,0.42168603574690566,1790750202,515687340,0.14399999380111694,0.06494225562599187,-0.22271852665414393,0.4588482779354404,-4.098053455352783
-0.0751179157038512,-0.2199136543706196,0.42142796408649086,1790750202,565530221,0.14499999582767487,0.06494225562599173,-0.22271852665414385,0.45884827793544036,-4.098053455352783
-0.07704978410661084,-0.21987496639753737,0.42091182076566136,1790750202,615228063,0.1469999998807907,0.06494225562599187,-0.22271852665414393,0.4588482779354404,-4.098053455352783
-0.07801571830799073,-0.21985562241099618,0.42065374910524655,1790750202,665253771,0.14800000190734863,0.06494225562599187,-0.22271852665414393,0.4588482779354404,-4.098053455352783
-0.07704978410661084,-0.21987496639753737,0.42091182076566136,1790750202,715553445,0.1469999998807907,0.06494225562599187,-0.22271852665414393,0.4588482779354404,-4.098053455352783
-0.07415198150247115,-0.21993299835716087,0.42168603574690566,1790750202,765750942,0.14399999380111694,0.06494225562599187,-0.22271852665414393,0.4588482779354404,-4.098053455352783
-0.07608384990523095,-0.21989431038407853,0.4211698924260761,1790750202,816451205,0.1459999978542328,0.06494225562599187,-0.22271852665414393,0.4588482779354404,-4.098053455352783
-0.07704978410661084,-0.21987496639753737,0.42091182076566136,1790750202,867216542,0.1469999998807907,0.06494225562599187,-0.22271852665414393,0.4588482779354404,-4.098053455352783
-0.0799475867107505,-0.21981693443791384,0.42013760578441706,1790750202,916155171,0.15000000596046448,0.06494225562599187,-0.22271852665414393,0.4588482779354404,-4.098053455352783
-0.0756755093073759,-0.21983097497440948,0.41967093639846687,1790750202,967890521,0.1459999978542328,0.06508466218192399,-0.22274722720061652,0.4583241247364555,-4.091109570806408
-0.07522882668382119,-0.21976371577612386,0.41807630834057236,1790750203,15262675,0.1459999978542328,0.06524039773190335,-0.22277790983125756,0.45776649604079356,-4.083708060170884
-0.07238734218596522,-0.21952405464586267,0.4120835296371275,1790750203,65519894,0.14499999582767487,0.06589819107881494,-0.22290174849768205,0.45556572442930043,-4.0543465683061175
-0.07004948740310651,-0.21923629136378525,0.40508974345892007,1790750203,115366219,0.14499999582767487,0.06671570158896978,-0.2230434536456903,0.4531083584467206,-4.0212463544267765
-0.06690711176186986,-0.2187706585256658,0.3940549694783256,1790750203,165409417,0.1459999978542328,0.06813650476143221,-0.22326426848742167,0.44936345417330636,-3.970053207200301
-0.06286952047951842,-0.21828790536944206,0.3824828739381382,1790750203,215434337,0.1469999998807907,0.06985292252452156,-0.223506113813666,0.445463215225118,-3.915595685945778
-0.05633827870183317,-0.21789499486403757,0.37188777885332897,1790750203,265165725,0.1459999978542328,0.07180728671914549,-0.2237614128224805,0.44160362050148316,-3.8603077144339837
-0.05593800126589597,-0.21717422509628279,0.3573181712236349,1790750203,315600512,0.15299999713897705,0.07400930382997155,-0.22403172780775255,0.4377897294253418,-3.8040264163674116
-0.047250106001262324,-0.21687294424521503,0.34778668182904665,1790750203,365112156,0.1509999930858612,0.07638223812727711,-0.2243096410883543,0.43416223935127507,-3.7486171745412404
-0.04036956648296412,-0.21645938650700786,0.3368577861343348,1790750203,415239920,0.15199999511241913,0.07898381169025954,-0.22460368655311128,0.43062579778849075,-3.6924895747969013
-0.030498478763254455,-0.2162463269859883,0.3281513617686004,1790750203,465852079,0.15000000596046448,0.08181396340308088,-0.22491541147266358,0.4272006631136167,-3.63567227172336
-0.024682492947750045,-0.21572772024285533,0.31608668638658927,1790750203,515372797,0.15399999916553497,0.08476523738650454,-0.22523508029669792,0.42400704671063405,-3.5800533208225067
-0.014569745768362785,-0.2155479947454253,0.307797386580316,1790750203,565257252,0.15299999713897705,0.08792892178761981,-0.22557469908386402,0.4209454642214526,-3.5237273439428614
-0.005790640984871281,-0.2152145500441622,0.2976823118498036,1790750203,615780114,0.1550000011920929,0.09130355266856727,-0.22593600302235176,0.418026685936729,-3.4666246794927784
0.005133435007816697,-0.21514078571906373,0.29062859375397265,1790750203,665391806,0.15399999916553497,0.09475337139894842,-0.22630656106782007,0.41536668819626954,-3.410856119559356
0.015952797584764616,-0.21505018553790567,0.28331618588769014,1790750203,715517246,0.15399999916553497,0.09837699694265663,-0.2266988611321234,0.4128791414733664,-3.3545643039964133
0.025695169174867832,-0.21478027753493426,0.2740191091453413,1790750203,765571231,0.15700000524520874,0.102129901012397,-0.22711021933471298,0.4106013406073241,-3.2983207421375837
0.03820997706462069,-0.2149583359330379,0.26971624135113004,1790750203,815329527,0.1550000011920929,0.10597854107712117,-0.2275388080185112,0.40854762765602526,-3.242403966402983
0.049312896079297584,-0.21487222655390825,0.2624830411380846,1790750203,865250380,0.15700000524520874,0.1099394105369181,-0.22798853229093777,0.4067099107412493,-3.186413531757608
0.060625521549845685,-0.2147542866572095,0.25488149887098155,1790750203,915400311,0.1599999964237213,0.11401055373960378,-0.22846112271546723,0.4050885554261293,-3.130186687265918
0.0735786908830722,-0.21503879846873564,0.251713392733677,1790750203,965205191,0.1589999943971634,0.11814843268099866,-0.22895364826136755,0.40370323874193065,-3.0741743453966266
0.08629106326426628,-0.21521670858862316,0.24731970867187336,1790750204,15408224,0.1599999964237213,0.12238981263208461,-0.229472474261247,0.4025410097060984,-3.017683296374868
0.09980942523491683,-0.21573177027740936,0.24657927585050538,1790750204,65424226,0.15800000727176666,0.12669254974978514,-0.23001484739044298,0.4016189276250741,-2.9611308112629673
0.11297564876619903,-0.21613642760786492,0.24464120863788757,1790750204,115287662,0.15800000727176666,0.1310269910873914,-0.23057889900292367,0.4009408131104657,-2.9047014163018967
0.12628400691954483,-0.2166127414659043,0.24344331285894358,1790750204,165668724,0.15800000727176666,0.13540913761488635,-0.23116898726583207,0.40050651668429327,-2.848032203283241
0.13944002889886972,-0.21715085552514954,0.24299853358549023,1790750204,215367657,0.15800000727176666,0.13974024820599837,-0.23177337401770773,0.40032015994112113,-2.7921930739175282
0.15251204494904216,-0.218135089630702,0.2472699632895571,1790750204,265354196,0.15399999916553497,0.1441163696204412,-0.2324075133296607,0.4003771489488817,-2.7357893367890624
0.16590568133053082,-0.2185424991864853,0.2453264467644423,1790750204,315441894,0.15700000524520874,0.1484904266111811,-0.23306692509913332,0.40068008078039874,-2.6792250290110733
0.1784717392854215,-0.21956964103880786,0.25004121359978815,1790750204,365078308,0.15399999916553497,0.1528111275480643,-0.23374595520167857,0.40122509126207384,-2.623009136677418
0.19198554758832867,-0.22022411844723835,0.25062979750105097,1790750204,415825551,0.15600000321865082,0.15718750044572055,-0.234464398797274,0.4020309577833694,-2.5655038389219333
0.20403386658972208,-0.22128507153286847,0.25573047789949666,1790750204,465359742,0.15399999916553497,0.16137280135283744,-0.23518353185315197,0.4030494042347254,-2.5098057628025736
0.21675339327330767,-0.2221473891674343,0.25867023915059584,1790750204,515344207,0.1550000011920929,0.1655219216600963,-0.2359306464004087,0.40430800384761106,-2.4536770901901233
0.23001717946811037,-0.22301738249518602,0.261538224705985,1790750204,566128256,0.15700000524520874,0.16968959613582474,-0.23671960313600998,0.405835949864048,-2.3961744703344343
0.2406731616335804,-0.22435721499764968,0.2695237140849436,1790750204,615406267,0.15399999916553497,0.1736444448647953,-0.23750823447115016,0.40754618166947265,-2.34029233736564
0.2523663535662642,-0.22551867475069073,0.2755096391462587,1790750204,665548197,0.15399999916553497,0.17756158666080768,-0.23833297551630186,0.40950978947115035,-2.283426124684269
0.2652128373930572,-0.22649094791559365,0.27956990529204134,1790750204,715305862,0.15700000524520874,0.18132727623085607,-0.2391724874892885,0.4116736252606289,-2.226994646709973
0.27162347123789565,-0.2284076081315677,0.2933989596733181,1790750204,765305605,0.14900000393390656,0.18498584883065733,-0.24003880281800502,0.41406228826196245,-2.1701843070097997
0.281281061157228,-0.22981405384333364,0.3018847064755869,1790750204,815414859,0.14800000190734863,0.1885064280029677,-0.24092736265580417,0.41665997547943756,-2.1132304759613834
0.29239126190210374,-0.23105320914347838,0.308641146658587,1790750204,865433472,0.15000000596046448,0.19186666133589972,-0.24183482838170306,0.4194498248193992,-2.056338836134405
0.29828446579874124,-0.23285229297290752,0.3210785780199472,1790750204,915938111,0.14499999582767487,0.19508810008804356,-0.2427699819746971,0.42245484910442466,-1.9988869797052433
0.3075364386288251,-0.2342393908822604,0.3294310878297983,1790750204,965496662,0.1459999978542328,0.198052010556269,-0.2436987818708527,0.4255543384260313,-1.9429242902103667
0.31791009146363647,-0.23555801718194647,0.33710007232767214,1790750205,15130752,0.14900000393390656,0.20083335706224198,-0.24464397753030417,0.42881421932123887,-1.8869465977083864
0.3256411628205495,-0.2371512438830748,0.34741385493205534,1790750205,65381710,0.14900000393390656,0.20348123810522276,-0.2456269706231833,0.43230270003008275,-1.8297006756041665
0.3267749978682451,-0.23914820386544858,0.3617596505091641,1790750205,115318563,0.1420000046491623,0.20590951688563985,-0.24662051064785118,0.43591962258679684,-1.7727014486238561
0.33307069766419933,-0.2407951887277363,0.372543811435246,1790750205,165400870,0.1420000046491623,0.20813473372850197,-0.24763467428079558,0.4396871482095659,-1.7154176633696685
0.33872722400688077,-0.2424760337214459,0.3836603910019799,1790750205,215425428,0.1420000046491623,0.21013329904530864,-0.2486609330562195,0.4435715819729361,-1.6581776999166689
0.3433851121676674,-0.24405890254432652,0.394230514381527,1790750205,265526180,0.1420000046491623,0.21177834105550875,-0.24961946547304797,0.4472657786658664,-1.6051534819400592
0.3483692127329064,-0.24561144688959052,0.4045772880032441,1790750205,315788843,0.14300000667572021,0.21320375850234563,-0.25057467948475015,0.4509956918330674,-1.5527609453594236
0.34955874099862816,-0.2466020374743561,0.41135334037599636,1790750205,365460701,0.1420000046491623,0.21395656412499336,-0.2511476716625873,0.4532506930050152,-1.5215540911383187
0.3493422577394359,-0.247508146869233,0.4176204433084828,1790750205,415110058,0.14000000059604645,0.2145588206946859,-0.2516540345066292,0.4552533661420206,-1.4940939304973688
0.3488177724872659,-0.24777089310658307,0.41945952694710553,1790750205,465408508,0.13899999856948853,0.2147153406981581,-0.25179446884911605,0.4558098808492286,-1.4865019042004224
0.34806256380800893,-0.24791405924750923,0.4204887933406378,1790750205,515152922,0.1379999965429306,0.21479052471512597,-0.25186347310438306,0.45608324195360367,-1.4827783553612393
0.345198843608557,-0.24801842473733213,0.42138633812010956,1790750205,566709065,0.13500000536441803,0.21480270894110057,-0.2518747502281979,0.4561279308568847,-1.4821699857711792
0.3509942244929569,-0.24784703257842505,0.41984226809875663,1790750205,615318381,0.14100000262260437,0.21480270894110048,-0.25187475022819783,0.4561279308568847,-1.4821699857711792
0.35002832528005845,-0.24787559800918577,0.420099613741439,1790750205,665156297,0.14000000059604645,0.21480270894110048,-0.25187475022819783,0.4561279308568847,-1.4821699857711792
0.35292602291875386,-0.24778990171690368,0.41932757681339194,1790750205,715579147,0.14300000667572021,0.21480270894110054,-0.2518747502281979,0.45612793085688463,-1.4821699857711792
0.3461647428214554,-0.24798985930657136,0.4211289924774272,1790750205,765416219,0.13600000739097595,0.21480270894110048,-0.25187475022819783,0.4561279308568847,-1.4821699857711792
0.3490624260671601,-0.24790416343994648,0.42035695938412126,1790750205,815475796,0.13899999856948853,0.21480270894110054,-0.2518747502281979,0.45612793085688463,-1.4821699857711792
0.34906242606716,-0.24790416343994645,0.4203569593841213,1790750205,865240025,0.13899999856948853,0.21480270894110048,-0.25187475022819783,0.4561279308568847,-1.4821699857711792
0.34713062764136315,-0.24796129430146782,0.42087165066948606,1790750205,916339356,0.13699999451637268,0.2148027089411005,-0.2518747502281978,0.45612793085688474,-1.4821699857711792
0.3476005725607787,-0.24786460655415468,0.4187889293676747,1790750205,965490661,0.1379999965429306,0.21462537036968837,-0.25191302787398184,0.45546596486544455,-1.4909433203931275
0.34410596350175005,-0.24787475721690974,0.4174452554919402,1790750206,15469662,0.13500000536441803,0.21440631225892612,-0.2519589109536736,0.4546785954460352,-1.5014060481182547
0.3486600938120316,-0.24739670183771212,0.4084237639646287,1790750206,65600895,0.1420000046491623,0.21364336397641892,-0.25210956354541214,0.4521533068319328,-1.5351779469493299
0.34030983410155835,-0.24732645888203894,0.4026216861486196,1790750206,115518145,0.13600000739097595,0.21268657394887178,-0.2522822187761041,0.4493522534704228,-1.5730711255622127
0.3377359331153208,-0.24686689090160607,0.3907845905977384,1790750206,165286087,0.1379999965429306,0.2110900746359467,-0.2525416315098484,0.44530635592957973,-1.62875682840887
0.33588825542938316,-0.24630093962928543,0.3774014481496867,1790750206,215378625,0.1420000046491623,0.20914471467233964,-0.25282889980141177,0.4410996579575054,-1.688091858020424
0.3278407455350424,-0.24603181237022198,0.3667554597494357,1790750206,265346663,0.14000000059604645,0.2069161106483646,-0.25313529283090236,0.4369464378717087,-1.7484392579513959
0.32585604225643994,-0.24537794075871866,0.35225305639475823,1790750206,315326385,0.1459999978542328,0.20443249167165958,-0.25345767839878935,0.43291927346540615,-1.8090156250500018
0.3164041702254714,-0.24519433684167968,0.34239990634537276,1790750206,365372923,0.14399999380111694,0.20170998805245485,-0.2537974398276616,0.4290441756849961,-1.8696717992147902
0.30949456044493817,-0.24482140952827844,0.33064804124949865,1790750206,415354312,0.1459999978542328,0.19876329968380757,-0.254154171337379,0.4253448565111593,-1.93024893202157
0.30097918108071814,-0.24455166383742682,0.31982434648749725,1790750206,465952089,0.1469999998807907,0.19556456276663498,-0.2545346081723106,0.42179051260673134,-1.9915256202271971
0.2899300431058027,-0.24446938946217261,0.31051685231686954,1790750206,519040455,0.1459999978542328,0.1919835778443862,-0.2549554063866025,0.41827831465517795,-2.0558097144365233
0.27785170012345217,-0.24453815829938558,0.30284794742641125,1790750206,571385079,0.14399999380111694,0.18822982740588065,-0.2553956751619551,0.41503543546717336,-2.119424112812065
0.27115167608202645,-0.24413668673913896,0.2915440416712542,1790750206,615993286,0.14900000393390656,0.18487395736669965,-0.25578992605679357,0.4124628509566114,-2.1736543274911817
0.2593256378657054,-0.24425249799611787,0.28482602436053295,1790750206,665511271,0.14800000190734863,0.18101123631929789,-0.2562476797323219,0.4098339068724717,-2.2336198015145308
0.24641823531036428,-0.2445266639390967,0.2795794481347207,1790750206,716226133,0.1459999978542328,0.17690415799376286,-0.25673999564374544,0.4073864391678006,-2.294992815450627
0.23664299716743903,-0.24427455059562042,0.2690382134445286,1790750206,765184518,0.1509999930858612,0.17278397536068435,-0.2572424632086078,0.4052544257258738,-2.3545898587750522
0.2248043474662374,-0.2442565814527299,0.2606517622373957,1790750206,815789026,0.15399999916553497,0.168397696104228,-0.257787639334243,0.4033093939915947,-2.416249427416727
0.2122165401435798,-0.2443897505707352,0.25396615595291283,1790750206,865246519,0.15600000321865082,0.16397935620485585,-0.2583501015741089,0.401662749311539,-2.4768946185643856
0.198195390400809,-0.24487243465113173,0.25086092003535054,1790750206,915313558,0.1550000011920929,0.15941044588822853,-0.25894663333436035,0.4002685683674552,-2.538358363649458
0.1841443018555055,-0.2453507232887482,0.24763159692797576,1790750206,965748610,0.1550000011920929,0.15472951861872702,-0.25957617124523646,0.39914861751351716,-2.6003456422852627
0.17020492339546234,-0.245812668596598,0.2443078458154605,1790750207,15635480,0.15600000321865082,0.15004164619682142,-0.2602263741560439,0.398326313373333,-2.6616724687508575
0.15594024663357153,-0.246449462525345,0.24282688347093023,1790750207,65499959,0.15600000321865082,0.14530992059562972,-0.26090552867809313,0.39779145788693504,-2.7230944058013136
0.1415311298327129,-0.2472651065772108,0.24321474216263134,1790750207,115617044,0.1550000011920929,0.14053131770274532,-0.2616161660586472,0.39754571065895694,-2.7848493585546414
0.12699778059895175,-0.2476050253668002,0.23851667155743372,1790750207,165442662,0.1599999964237213,0.13578117724162755,-0.26235049576805997,0.3975934514520929,-2.846226110742507
0.11273926856601499,-0.24877086062667225,0.2426624795440884,1790750207,215584487,0.15700000524520874,0.13101618332072348,-0.2631171026449853,0.3979336660984414,-2.9079888931381386
0.09795400223506574,-0.24946730032823008,0.24175914640573326,1790750207,265519635,0.1599999964237213,0.12630833687451365,-0.26390790137078274,0.3985631629495542,-2.9694679010954377
0.0829835707498062,-0.25025170768333943,0.24179462724414505,1790750207,315393587,0.16300000250339508,0.12165726213842382,-0.26472455666577815,0.399477483169627,-3.0308665693816876
0.06863846615901945,-0.25139816767081175,0.24568473387856815,1790750207,365421114,0.16300000250339508,0.11703750641587006,-0.2655753594954721,0.40068647886967895,-3.092793493665822
0.055960652009101185,-0.2529674179005559,0.25418421897160426,1790750207,415501134,0.1589999943971634,0.11249557073821227,-0.2664543584859831,0.4021805149260502,-3.1548474467662264
0.041207047940773775,-0.25401692667789844,0.25699532426499927,1790750207,465138471,0.16200000047683716,0.10806950568687049,-0.2673576917700582,0.40394918057847773,-3.216779225659207
0.028563510880864423,-0.25558597674610095,0.26533267435172925,1790750207,515751794,0.1599999964237213,0.10367612426970194,-0.26830573800333024,0.4060320056900443,-3.28000790420277
0.018353651155237377,-0.2574250201981642,0.2768158567168728,1790750207,565715062,0.1550000011920929,0.09949331374328953,-0.2692641206794073,0.40834984937443974,-3.3422674751175037
0.005632388101410188,-0.2588710110390425,0.28389222254758073,1790750207,615951805,0.15600000321865082,0.09544655651976003,-0.2702509966917898,0.410935176236806,-3.404840791220609
-0.0053516117760972065,-0.26052101953351586,0.29329120599903846,1790750207,665661561,0.1550000011920929,0.09159618787150939,-0.2712552207345355,0.41375240903807653,-3.467074514424225
-0.016399255618592512,-0.26216911946338006,0.3026190425859575,1790750207,715561466,0.1550000011920929,0.0879153498862802,-0.2722856599314117,0.41681676172636006,-3.5296018015829986
-0.026048780953744605,-0.26392624485640304,0.31324192204326984,1790750207,765249138,0.15399999916553497,0.0844625205014768,-0.2733293873595353,0.4200821434241887,-3.5917061047295937
-0.03363194182809717,-0.2658774201854339,0.3258966157168004,1790750207,815923739,0.1509999930858612,0.08116213716239509,-0.27441269502033394,0.42362310354966726,-3.6550148728905434
-0.04175451052287214,-0.26772442362370097,0.3375082350117916,1790750207,865367297,0.15000000596046448,0.07813904631629398,-0.27549922916824404,0.4273140767780017,-3.7174673908304974
-0.050096568921218124,-0.2696016564715404,0.3492539037015368,1790750207,915775913,0.15000000596046448,0.0752990127519161,-0.2766258161602461,0.4312698232883052,-3.7812601187950023
-0.05493397289033661,-0.27161494643263884,0.3627722834662762,1790750207,965397250,0.1469999998807907,0.07276613686160108,-0.27774868450486406,0.4353261199710185,-3.8439507787322653
-0.05706216013336958,-0.27371985563646856,0.37735287063496026,1790750208,15346203,0.1420000046491623,0.07048274204533518,-0.2788921503809609,0.43955855056583826,-3.9070369126532682
-0.066109800471683,-0.27540090910000636,0.3875201727161894,1790750208,65818430,0.1459999978542328,0.06859199164296537,-0.2799736056853833,0.4436496393132997,-3.9661915444154583
-0.06882286607226457,-0.27724751959822636,0.40001778462851517,1790750208,115442637,0.14399999380111694,0.06699656165612508,-0.2810298331134981,0.4477123898866223,-4.023513715471052
-0.07408467945264621,-0.2782549645452918,0.40625128806822686,1790750208,165187216,0.1469999998807907,0.06615593283154231,-0.28166541926806815,0.45018236396777966,-4.057792306203741
-0.0712187709728755,-0.2793262631497585,0.41407628120872997,1790750208,215598082,0.1420000046491623,0.06548233035977495,-0.2822312239296408,0.45239561598466116,-4.088196524712039
-0.06878334271390267,-0.27963224929132213,0.4165024325453279,1790750208,266011688,0.13899999856948853,0.06531989559404137,-0.2823772163089463,0.4529686667039675,-4.0960255492737945
-0.06996536335266113,-0.27973232830736544,0.417033823981235,1790750208,315795138,0.14000000059604645,0.06524226515442574,-0.28244851557192563,0.45324873371640384,-4.099845772868684
-0.07096267576505358,-0.27973044142936765,0.41689139420213656,1790750208,365693200,0.14100000262260437,0.06523104487308501,-0.28245890570429727,0.4532895628513356,-4.100402355194092
-0.07096267576505338,-0.2797304414293678,0.41689139420213667,1790750208,415240490,0.14100000262260437,0.0652310448730852,-0.2824589057042974,0.4532895628513357,-4.100402355194092
-0.06999676091321382,-0.27974979227868396,0.41714953776054225,1790750208,465215896,0.14000000059604645,0.06523104487308513,-0.28245890570429744,0.4532895628513357,-4.100402355194092
-0.0699967609132138,-0.27974979227868374,0.41714953776054214,1790750208,515307480,0.14000000059604645,0.06523104487308512,-0.28245890570429727,0.45328956285133565,-4.100402355194092
-0.06903084606137415,-0.279769143128,0.41740768131894784,1790750208,565404359,0.13899999856948853,0.06523104487308516,-0.2824589057042974,0.4532895628513357,-4.100402355194092
-0.06999676091321382,-0.27974979227868396,0.41714953776054225,1790750208,616027895,0.14000000059604645,0.06523104487308513,-0.28245890570429744,0.4532895628513357,-4.100402355194092
-0.07289450546873276,-0.27969173973073563,0.4163751070853255,1790750208,666832783,0.14300000667572021,0.06523104487308513,-0.28245890570429744,0.4532895628513357,-4.100402355194092
-0.07289450546873277,-0.27969173973073547,0.4163751070853252,1790750208,716104319,0.14300000667572021,0.06523104487308506,-0.28245890570429727,0.4532895628513355,-4.100402355194092
-0.0694241719547347,-0.2796661141302289,0.41506034123413715,1790750208,765792990,0.14000000059604645,0.0654362649497532,-0.2825016985296824,0.4525386307620389,-4.090443822943647
-0.06969509367779042,-0.2795484569679856,0.4123684937217824,1790750208,815368308,0.14100000262260437,0.06568317976587654,-0.2825514842848604,0.45167123721279434,-4.078907342718993
-0.06537660164406461,-0.2792891065109312,0.40524021294351886,1790750208,865273296,0.13899999856948853,0.06654564323754383,-0.2827142666646117,0.4488955583852443,-4.041727850619433
-0.06698294886727825,-0.2788135089102305,0.394852630499761,1790750208,915394297,0.14399999380111694,0.06764785955702622,-0.2829027105141899,0.4457822099991259,-3.9994849119400273
-0.06268242226736064,-0.27828741775943544,0.3818915079733047,1790750208,965406639,0.14499999582767487,0.06947582467314968,-0.2831820254816245,0.44134938693717884,-3.9381516579982088
-0.05190583383322185,-0.2779892036968392,0.37127352709653677,1790750209,15391544,0.14000000059604645,0.07169487781518298,-0.28348835460221067,0.43679164356992795,-3.873308392397847
-0.04640595821828036,-0.2774602081401137,0.35770347820767734,1790750209,65281903,0.1420000046491623,0.07426334330565633,-0.28381628401785236,0.432285790383714,-3.8069572093879755
-0.03895750267099053,-0.2769960383571517,0.34474859028402294,1790750209,115970077,0.14300000667572021,0.07718171026754499,-0.28416742152532626,0.42787052716429996,-3.739236739060018
-0.03243336788717373,-0.276472018017052,0.3313489326307709,1790750209,165374548,0.1459999978542328,0.08029184898635901,-0.284525678624731,0.4237835765964796,-3.673511255648661
-0.02191345113058843,-0.27621000389505684,0.3208927627077424,1790750209,215239239,0.14499999582767487,0.08368890835355683,-0.2849062309558413,0.41987516567066496,-3.6072206568951417
-0.011309779727446345,-0.275948507397951,0.3103391518610997,1790750209,265447305,0.14499999582767487,0.08738536212611327,-0.28531303607599795,0.4161530137468164,-3.54005276157583
-0.0012912899851481724,-0.2756149442744813,0.29897534422402355,1790750209,315560555,0.1469999998807907,0.09131561142538262,-0.28574261240977306,0.4126872262515148,-3.472930305153409
0.010600718330953607,-0.27548125949416674,0.2899437605242339,1790750209,365109325,0.1469999998807907,0.09542389050514967,-0.28619183440352763,0.40952349548116596,-3.4064922048411916
0.02327962157635835,-0.275420134032062,0.2815844379153876,1790750209,415487051,0.1469999998807907,0.09980257817240872,-0.28667469114437527,0.40659072584906375,-3.3389294905888116
0.03610955097967419,-0.27535785364058796,0.2731731681888222,1790750209,465795025,0.14800000190734863,0.10439398659928176,-0.2871879882321142,0.4039450471698678,-3.2709731810706226
0.04944389575629674,-0.2753722163337081,0.2656604207928319,1790750209,515696568,0.14900000393390656,0.10911613521558294,-0.2877265310422954,0.40162951992310847,-3.2034804337557254
0.06372172035596141,-0.2755531029445141,0.25994916198128937,1790750209,565770873,0.14900000393390656,0.11400461713830222,-0.28829737677590633,0.3996281330112591,-3.13566796685711
0.0773989249760589,-0.2755577127859973,0.25237724366890896,1790750209,615388866,0.15199999511241913,0.11896695339802198,-0.2888936111167525,0.39797343641788874,-3.0684580882768095
0.0931088736973928,-0.2760975560915414,0.2504905364797605,1790750209,665383522,0.15000000596046448,0.12413554843543398,-0.289534543482571,0.39663017727818484,-2.9998126527257925
0.10888938366190673,-0.2767444728437184,0.24968686209434238,1790750209,715632838,0.14800000190734863,0.1294186495417201,-0.29021384529865585,0.3956359142073359,-2.9306414141429724
0.12405638355698177,-0.27711819432774504,0.24602835872539816,1790750209,765364250,0.15000000596046448,0.13468309085733873,-0.2909173160858514,0.39501379129783754,-2.862396155261546
0.13962803089555464,-0.27823646770968136,0.25037225810799957,1790750209,815251589,0.14499999582767487,0.1399853313080286,-0.2916562459463071,0.39474947472655325,-2.7939756255847192
0.1555316213374913,-0.2785461192940865,0.2458420667599687,1790750209,865720168,0.15000000596046448,0.1454104587949749,-0.2924468877033962,0.394853249207992,-2.7239996179535613
0.17082896684255075,-0.2795909359580789,0.249333625406628,1790750209,915215215,0.14800000190734863,0.15071604721041565,-0.29325846852763593,0.39532221941967605,-2.655227854832782
0.18626002963369173,-0.280663623071264,0.2529361438077016,1790750209,965886120,0.1469999998807907,0.15609316527885003,-0.29412381258967596,0.39617644385652684,-2.5848789711187226
0.20180885350954225,-0.2815404346916105,0.254626232606879,1790750210,15451187,0.14900000393390656,0.16127477083055344,-0.29500434487261534,0.39737325511983684,-2.5160766010331597
0.21634437563128622,-0.28290482351511365,0.26129523039029445,1790750210,65814420,0.1469999998807907,0.16648368123077859,-0.2959413694513056,0.3989649786609483,-2.4455548630188426
0.23158094706285684,-0.28398965119669445,0.26515476197516047,1790750210,115159409,0.14900000393390656,0.17146675062836228,-0.29689429345733914,0.4008778431642639,-2.3763524475107842
0.24408360275060206,-0.2857073211098372,0.2755262277606018,1790750210,165050479,0.14499999582767487,0.1763869588470169,-0.29789737199973787,0.4031724805591801,-2.3059087237887224
0.256789869713539,-0.2873521807965113,0.2850171859643664,1790750210,215488455,0.14300000667572021,0.18118289616448077,-0.298945807299884,0.40584009473794436,-2.2346012476896737
0.27274952348325177,-0.2885281137342704,0.28964891883332633,1790750210,265608463,0.14800000190734863,0.18576267663754512,-0.30002388057364654,0.40883422155640314,-2.163446096053059
0.28082057759894397,-0.29070589180374173,0.3047020624297737,1790750210,315411078,0.14100000262260437,0.19008648392005875,-0.3011262409429743,0.4121252503719597,-2.092688100338858
0.29319935402600206,-0.2923827868929094,0.3144292890141285,1790750210,365853961,0.1420000046491623,0.19423323363249917,-0.3022778271419733,0.4157791608102497,-2.0206582866331075
0.30318613905669656,-0.2942412281559698,0.3261653563763747,1790750210,415257256,0.14100000262260437,0.198024451369431,-0.3034339251695766,0.4196400294378863,-1.9500491339888373
0.3125323955465941,-0.29621496165887234,0.3388584222001327,1790750210,465676954,0.14000000059604645,0.20162378313409735,-0.3046489090337809,0.42387694013184474,-1.877446655154901
0.3215875148552393,-0.29816309300560284,0.3513963937561867,1790750210,515291724,0.14000000059604645,0.204852112429724,-0.3058702379586505,0.42829532680547366,-1.8059038417792612
0.3289118968049963,-0.3002393452462861,0.36515392346147657,1790750210,565176646,0.13899999856948853,0.20777555814342255,-0.30712346461750106,0.43297424459363576,-1.7337208951486123
0.3361360213694313,-0.3023320300420128,0.37902219834442613,1790750210,615411073,0.13899999856948853,0.21036313821198313,-0.30840622880507185,0.4378888746050028,-1.6609848782822891
0.3376241130845935,-0.3042614114077809,0.3923670898445854,1790750210,665415043,0.13500000536441803,0.2122261298317772,-0.3094849317730212,0.4420969810521199,-1.6006766747775143
0.33905469875317895,-0.30609811695727107,0.4049176380107229,1790750210,715898565,0.13199999928474426,0.21378517900898386,-0.3105450446337519,0.4462912052786218,-1.542005206460822
0.33897903968063975,-0.3070238377556095,0.41126098650613724,1790750210,765502678,0.12999999523162842,0.21446480835199067,-0.3110746775650986,0.4484065872375419,-1.5128651154151207
0.3413337037907088,-0.3077146434337371,0.4158048488279002,1790750210,815218431,0.13099999725818634,0.21498291562069355,-0.3115178131723277,0.45018527218771676,-1.4885641319687428
0.34061324906523127,-0.30787725251863324,0.4169596984826454,1790750210,866235386,0.12999999523162842,0.21507383070728636,-0.3115999772147625,0.450515540290133,-1.484070480576534
0.34162078515143324,-0.3078718032857451,0.4168562640781712,1790750210,916593814,0.13099999725818634,0.21508933497144045,-0.3116142216815272,0.4505725168584513,-1.4832959368381946
0.3396944110652078,-0.30793195246603783,0.4173910417617794,1790750210,965378175,0.1289999932050705,0.2150913579797693,-0.31161608348672865,0.4505799644215768,-1.4831947088241577
0.3406603282137666,-0.30790339325145755,0.4171337627566068,1790750211,15347200,0.12999999523162842,0.2150913579797693,-0.31161608348672865,0.4505799644215768,-1.4831947088241577
0.3435580796594429,-0.3078177156077168,0.41636192574108905,1790750211,65662543,0.13300000131130219,0.2150913579797693,-0.31161608348672865,0.4505799644215768,-1.4831947088241577
0.3377625911613482,-0.30798907046963375,0.4179055959383764,1790750211,115452991,0.12700000405311584,0.2150913579797693,-0.31161608348672865,0.4505799644215768,-1.4831947088241577
0.34162624536232533,-0.3078748340368773,0.4168764837514342,1790750211,165789455,0.13099999725818634,0.2150913579797693,-0.31161608348672865,0.4505799644215768,-1.4831947088241577
0.3396944110652078,-0.30793195246603783,0.4173910417617794,1790750211,215625950,0.1289999932050705,0.2150913579797693,-0.31161608348672865,0.4505799644215768,-1.4831947088241577
0.34162624536232533,-0.3078748340368773,0.4168764837514342,1790750211,271065295,0.13099999725818634,0.2150913579797693,-0.31161608348672865,0.4505799644215768,-1.4831947088241577
0.3406603282137666,-0.30790339325145755,0.4171337627566068,1790750211,317281863,0.12999999523162842,0.2150913579797693,-0.31161608348672865,0.4505799644215768,-1.4831947088241577
0.34111308066925006,-0.30781143025640767,0.41498794135058054,1790750211,365558856,0.13099999725818634,0.2149017367343425,-0.31166060375888766,0.44987174571789557,-1.492576073404885
0.3433682494882456,-0.30764649225626806,0.41194278960666,1790750211,415429036,0.1340000033378601,0.2146702760976658,-0.3117132094444565,0.449041230962267,-1.503608526927547
0.3370820006840168,-0.3075128584551524,0.40517339882812453,1790750211,465788991,0.12999999523162842,0.21376152815198465,-0.31190630272752445,0.44607275655077444,-1.5433374485826732
0.33772626359081287,-0.3070911873783096,0.39509379075263246,1790750211,515333121,0.1340000033378601,0.21261123107251692,-0.31212633933452055,0.44281042073914906,-1.587611640267996
0.32855011434056697,-0.30685361300156694,0.3836078798809391,1790750211,565387748,0.12999999523162842,0.2105835141489988,-0.31246928219716624,0.4379433587041879,-1.6551152821509043
0.32270658812450637,-0.3064364378873536,0.3698498203851266,1790750211,615389060,0.13099999725818634,0.20807703334145267,-0.3128496104654392,0.4329365517108769,-1.7268113488489738
0.3198070690561993,-0.30577927332963556,0.35339564805908763,1790750211,665408612,0.13699999451637268,0.20513609867174096,-0.3132617980014464,0.4279850499410478,-1.8005791065191827
0.30983983335097753,-0.3055378837956903,0.34100975612602047,1790750211,715414952,0.13600000739097595,0.2018236972744161,-0.31369913184035203,0.42324059211708154,-1.874710629879055
0.3021547001310506,-0.30511924179851607,0.32695060899690537,1790750211,765107741,0.13899999856948853,0.1982230819184282,-0.31415565448059635,0.41880680957075145,-1.9479241810145318
0.2910800794665728,-0.30495404606880094,0.3153351353974046,1790750211,815474668,0.13899999856948853,0.19426056094942004,-0.31464508657908846,0.41459773747015144,-2.0220435846054405
0.2785969267330742,-0.3049449492113836,0.30537828571666675,1790750211,865599704,0.1379999965429306,0.19002516955602528,-0.31516065333597987,0.41070958337153024,-2.0958133214258217
0.26611136148616504,-0.3049521928440628,0.2956393636407128,1790750211,915520644,0.1379999965429306,0.18553684138576165,-0.3157048268022362,0.4071567462292585,-2.1692837938858056
0.25625883372247904,-0.3045590144810753,0.2818524103036402,1790750211,965105848,0.14399999380111694,0.18086720207027182,-0.316273110093098,0.4039789023335516,-2.241840228248929
0.24210790636345714,-0.3047305587137583,0.2738043117480756,1790750212,15391469,0.14399999380111694,0.17591782475841086,-0.3168823328458293,0.4011118358669672,-2.3153445448161794
0.22828920001621572,-0.3048257093992091,0.26502028981006,1790750212,65735228,0.1459999978542328,0.17081073487292378,-0.3175215547485432,0.3986280774912919,-2.3883970794521723
0.21293503829443405,-0.30527708039788193,0.2600969126038779,1790750212,115563880,0.14499999582767487,0.16560164137655303,-0.3181883746136875,0.3965441434585676,-2.460603457680381
0.198458393318633,-0.3054682950674394,0.2524843070365478,1790750212,165198538,0.14800000190734863,0.16029308325712727,-0.3188858217615187,0.3948478545123606,-2.532407469338214
0.1826115940592875,-0.305950662211382,0.24777765824130812,1790750212,215720716,0.14900000393390656,0.1547845349232978,-0.31963236399285316,0.39351532320307836,-2.605471862905092
0.16681509338697098,-0.30660891995640344,0.24527625548443963,1790750212,265262021,0.14900000393390656,0.149382842352466,-0.32038939506181174,0.39260994580014236,-2.6761678215565627
0.15057884023188065,-0.3075679652569469,0.24586898412063085,1790750212,315594447,0.1469999998807907,0.1438605072964097,-0.3211929143426216,0.3920819272205268,-2.747822823357808
0.13457172123113387,-0.3083501989652786,0.2446299324574032,1790750212,365611518,0.14800000190734863,0.1383467605825866,-0.3220278656559197,0.391948197028942,-2.819156526790674
0.11861911831383835,-0.3093262680984476,0.2455171718581158,1790750212,415390594,0.14800000190734863,0.1328659792172773,-0.3228949772234119,0.392203632213717,-2.8901745653771735
0.10320124672706404,-0.31016965203207525,0.24544190061717905,1790750212,465550463,0.15000000596046448,0.12768238002943758,-0.3237525662366254,0.3928060086695899,-2.9578100696122105
0.08885140970079058,-0.3114489688414789,0.25024918224412607,1790750212,515407448,0.14800000190734863,0.12264019786518217,-0.3246268222829515,0.39373668183078736,-3.024317585034293
0.07267533384129868,-0.31266999077279833,0.2535377779259331,1790750212,565010003,0.14900000393390656,0.11718695954269381,-0.3256218009122736,0.39514274593141685,-3.0974722873837948
0.05540116925634705,-0.31388763554531857,0.2563919299028985,1790750212,615585183,0.15199999511241913,0.111658192424501,-0.32669186471122874,0.3970162434973125,-3.173372851377374
0.04268059660035947,-0.3157769395628451,0.26732409087456843,1790750212,665643568,0.1469999998807907,0.10663126786698149,-0.3277260946169779,0.39914415498847033,-3.2444503358177683
0.029170178294582932,-0.31740658800989363,0.27546573434708466,1790750212,715949466,0.1459999978542328,0.10179737577198607,-0.3287861381918924,0.4016076995992149,-3.3151584505095766
0.016659245229368486,-0.31907232673604125,0.2842865233794239,1790750212,765684524,0.14499999582767487,0.09726952182560099,-0.329847162660301,0.4043318690114387,-3.3841190776091303
0.0047660975385612064,-0.320820500451818,0.2939650672854899,1790750212,815873717,0.14399999380111694,0.09291553567784705,-0.3309427398189824,0.4073811818400088,-3.4535500122394773
-0.0076540431755996174,-0.32249426198433806,0.3028729343827624,1790750212,865644349,0.14499999582767487,0.08880575848209843,-0.3320584245762948,0.41071092512859325,-3.5227262656967135
-0.019485132458938986,-0.3242492722806442,0.3126719304345557,1790750212,915432129,0.1459999978542328,0.08493569008736883,-0.3331995704919558,0.41431927842808214,-3.591984372730639
-0.02756582523382839,-0.32629555572853974,0.3258536132913863,1790750212,965199853,0.14300000667572021,0.08134448028620547,-0.3343572773888773,0.4181713033873812,-3.6609964095158074
-0.036248394531287476,-0.3282803096824972,0.3382870972352586,1790750213,15308897,0.1420000046491623,0.07801174189631684,-0.3355428375093819,0.42228637243136424,-3.730440422267218
-0.042294596764814826,-0.3303937905382495,0.35227611190982133,1790750213,65443088,0.13899999856948853,0.07498635709279573,-0.33674377727794136,0.42661220767071384,-3.7997367583735557
-0.049877919810906376,-0.33239999334728465,0.36503337002328395,1790750213,115568381,0.13899999856948853,0.07227353430291514,-0.33796068009135455,0.4311325426590371,-3.8689865567265467
-0.057197111541771054,-0.33432224904475,0.37729276088081665,1790750213,165615673,0.14000000059604645,0.06998014613144328,-0.3391365904591595,0.4356260053847816,-3.9352947937546765
-0.0589756793217059,-0.33640682982843984,0.3916837886463829,1790750213,215425398,0.13600000739097595,0.06801556286682674,-0.3403087492890485,0.44020184139257107,-4.000778695623174
-0.0611410836324993,-0.33773486108789164,0.4005936463253996,1790750213,265523718,0.13500000536441803,0.06688439213903359,-0.34109000629286274,0.44329285009454633,-4.044075232878128
-0.06456575176075287,-0.33888964391274534,0.40810462256034313,1790750213,315391638,0.13600000739097595,0.06598406316855222,-0.3417952004681769,0.4461086430499293,-4.0829720084293895
-0.06146493132048017,-0.3393630838111722,0.41178730897019045,1790750213,365273344,0.13199999928474426,0.06571011914477234,-0.34202958427576113,0.44704913146428893,-4.095862478232103
-0.06288127083257582,-0.3395897614834211,0.41315708520246985,1790750213,415975553,0.13300000131130219,0.06554295213969062,-0.3421782184750143,0.44764649217299707,-4.104025899874489
-0.061978902261807495,-0.3396443690478915,0.4136491611127267,1790750213,465581385,0.13199999928474426,0.06551949916910985,-0.34219943591429164,0.44773184112826175,-4.105190753936768
-0.061978902261807495,-0.3396443690478915,0.4136491611127267,1790750213,515888384,0.13199999928474426,0.06551949916910985,-0.34219943591429164,0.44773184112826175,-4.105190753936768
-0.06197890226180748,-0.3396443690478915,0.41364916111272676,1790750213,565457828,0.13199999928474426,0.06551949916910986,-0.34219943591429164,0.4477318411282618,-4.105190753936768
-0.06101300331859025,-0.3396637256543933,0.4139073637587172,1790750213,615309683,0.13099999725818634,0.06551949916910985,-0.34219943591429164,0.44773184112826175,-4.105190753936768
-0.06197890226180748,-0.3396443690478915,0.41364916111272676,1790750213,665338224,0.13199999928474426,0.06551949916910986,-0.34219943591429164,0.4477318411282618,-4.105190753936768
-0.06391070014824202,-0.33960565583488794,0.41313275582074577,1790750213,715477795,0.1340000033378601,0.06551949916910985,-0.34219943591429164,0.44773184112826175,-4.105190753936768
-0.061978902261807495,-0.3396443690478915,0.4136491611127267,1790750213,768186919,0.13199999928474426,0.06551949916910985,-0.34219943591429164,0.44773184112826175,-4.105190753936768
-0.06391070014824202,-0.33960565583488794,0.41313275582074577,1790750213,815760956,0.1340000033378601,0.06551949916910985,-0.34219943591429164,0.44773184112826175,-4.105190753936768
-0.06145747408877757,-0.33957656327651115,0.4117444302384883,1790750213,865769137,0.13199999928474426,0.06571356465201876,-0.3422444475962103,0.44702061356401357,-4.095796282658141
-0.05985857921691215,-0.33951823096124223,0.40978010391889463,1790750213,915973431,0.13099999725818634,0.06595110626831299,-0.34229776279622304,0.44618335270979087,-4.084706145522268
-0.05859447454373844,-0.339245476622528,0.4023307250804278,1790750213,965554300,0.13199999928474426,0.06677796269310825,-0.342471606578731,0.4435052788481509,-4.048989802018236
-0.058587977063309496,-0.3388856296089159,0.3932883423407386,1790750214,15453933,0.13500000536441803,0.0678233483101826,-0.3426707518930456,0.44052022897470866,-4.008683969956096
-0.05286643891542249,-0.33851233252531365,0.38194790658109323,1790750214,65731756,0.1340000033378601,0.06958113222958132,-0.342969422247802,0.4361948195480211,-3.949171849912461
-0.04893083906086525,-0.3380443278871784,0.3691815785244924,1790750214,115171354,0.13600000739097595,0.07167606600730415,-0.3432897968121279,0.4318111363704526,-3.8872306477871432
-0.042261844734414813,-0.3376650219523562,0.3573132116679809,1790750214,165373388,0.13600000739097595,0.07409999797306092,-0.34362982434253414,0.4274583804575157,-3.823707451039951
-0.03809036067643501,-0.3371261554113331,0.3435477358991,1790750214,215770925,0.14000000059604645,0.07680757804170343,-0.34398562943267275,0.42324347895584347,-3.7598150275943154
-0.029146021176222045,-0.3368635081454877,0.3331838138136396,1790750214,265299858,0.13899999856948853,0.07971845862889533,-0.344347656551373,0.4192855685095671,-3.697151534156167
-0.01955008069506313,-0.3366547631748905,0.3233785585304431,1790750214,315178045,0.1379999965429306,0.08288944966037476,-0.34472836547758756,0.4154923936056589,-3.6340690614535895
-0.011480377765968344,-0.33631394495165445,0.31209227993795285,1790750214,365576443,0.14000000059604645,0.08629674614593949,-0.3451255903925451,0.41190204454559265,-3.5709080051113635
-0.00017309778075282056,-0.33628128256723766,0.30441068459299436,1790750214,415281989,0.1379999965429306,0.08986249184442516,-0.3455353845910864,0.4085833933147493,-3.5087206253789347
0.007867207650471914,-0.33589281315231606,0.29276297466482637,1790750214,465220205,0.1420000046491623,0.09362559935798567,-0.3459632015328192,0.40549312524562076,-3.4465488498439574
0.019614776572561,-0.33590746945643574,0.2856218565615778,1790750214,515332395,0.14100000262260437,0.09757983536553926,-0.3464131348972591,0.4026350239429771,-3.3842176933426216
0.029197947263792295,-0.3356010039737608,0.27496554270941787,1790750214,565246426,0.14499999582767487,0.10169104376212797,-0.3468821112214841,0.40003546862837763,-3.322066536576217
0.04241517009827256,-0.3358221359307733,0.2701078519334361,1790750214,615555054,0.14300000667572021,0.10598681404486866,-0.34737815151522783,0.3976778582005641,-3.2594115410011337
0.05377515021766757,-0.3357039023354633,0.2615833952120048,1790750214,665434408,0.1459999978542328,0.11039124836340944,-0.34789331814895497,0.3956059117766235,-3.1971609200565037
0.06647961171956104,-0.3358149494604753,0.2555939476539454,1790750214,715302512,0.1469999998807907,0.11491251207618655,-0.3484333321131221,0.3938112785036946,-3.1348999586915323
0.0787900762286087,-0.33573085008741255,0.2475084488143172,1790750214,765612714,0.1509999930858612,0.11953770304209406,-0.348997447992292,0.39230011363321937,-3.0726025366000966
0.09291123923035033,-0.3362428573010256,0.2460235924852157,1790750214,815394039,0.14900000393390656,0.124186489122848,-0.3495803879887631,0.3910924388707152,-3.0110553407202976
0.10693092164737125,-0.33674831612384565,0.2444301368312025,1790750214,865692167,0.14800000190734863,0.1289354706619886,-0.35019244673653643,0.3901663908632978,-2.9490312951950117
0.12076312763840347,-0.33732771682703017,0.2437330326461432,1790750214,915311397,0.1469999998807907,0.13366084897468614,-0.350822129208057,0.38954301030122296,-2.887874342231399
0.13470202241309923,-0.338081903651784,0.2448766857478557,1790750214,965485246,0.14499999582767487,0.1384575744292479,-0.3514826801373412,0.3892072570370454,-2.826147556022374
0.1486068033839084,-0.33845359331828095,0.2419019176737562,1790750215,15715771,0.14800000190734863,0.14326471895175188,-0.3521706909530565,0.38916801672908174,-2.764372966697516
0.16236802283140303,-0.3391698186314095,0.24275767667089096,1790750215,65361806,0.14800000190734863,0.14799697626472857,-0.35287409396774067,0.38941941818059655,-2.703446028894913
0.17562502487819245,-0.34024343735013424,0.2474069351970823,1790750215,115212928,0.14499999582767487,0.15271773350579299,-0.35360657248728544,0.38996107021712284,-2.642290106753177
0.1901774456935384,-0.34066024280529633,0.24505885012052395,1790750215,165412452,0.15000000596046448,0.15740881732806467,-0.35436632334153034,0.39079272449267916,-2.5809354727504816
0.20283539466537498,-0.34188091837988926,0.2513112242751743,1790750215,215336361,0.1469999998807907,0.16200636257938436,-0.35514739738030277,0.3919027981293894,-2.5199594297481855
0.2152750968167495,-0.3430811174940592,0.2573390287737983,1790750215,265292077,0.14499999582767487,0.1665354890732555,-0.35595446958839727,0.3932938971415447,-2.4588364198022337
0.22741238493870383,-0.34436772197885307,0.2641596748004377,1790750215,316074377,0.14300000667572021,0.17103935524286007,-0.35680107835359737,0.39498969842432213,-2.396681516306907
0.23904990164917397,-0.3455956874866363,0.2705879499213931,1790750215,365389899,0.1420000046491623,0.1752900943434027,-0.3576439750878235,0.39689522231127616,-2.3364769848620885
0.2524620082624806,-0.3465820981365095,0.27436764974373945,1790750215,415718703,0.14499999582767487,0.17949414285790996,-0.35852792526780414,0.3990993082049153,-2.2750614584525373
0.26224730251610845,-0.3481069212135207,0.2839015580833335,1790750215,465729697,0.1420000046491623,0.18348478612328833,-0.35941857234434244,0.4015132661762246,-2.2146745699706307
0.27298088803909215,-0.34943359258546824,0.2914394198124725,1790750215,515294740,0.1420000046491623,0.18727617804585214,-0.36032134227407975,0.40413441043785425,-2.154935838633511
0.28138399108516776,-0.35105260647535613,0.3019530960648513,1790750215,565330466,0.13899999856948853,0.19093495881634626,-0.3612525034950625,0.40700515108872454,-2.094615590506137
0.29176254592756157,-0.35242727629509013,0.3099595432165305,1790750215,615291459,0.14000000059604645,0.19440278794802676,-0.36220242041688583,0.4100870831366621,-2.0343826274402694
0.3001506850971102,-0.35398619346276033,0.31990821035379957,1790750215,665137562,0.13899999856948853,0.1976569473569187,-0.36316452533435944,0.4133522660792306,-1.9744887200688748
0.3055895891785719,-0.35578193710198736,0.3322259646147333,1790750215,715260863,0.13500000536441803,0.20071778070930654,-0.3641492778546313,0.4168243856727399,-1.9142998309300003
0.3150607509399186,-0.3572565438889601,0.3412630030476986,1790750215,765215958,0.13699999451637268,0.20358097406887787,-0.3651572100487335,0.42050211788690495,-1.85364883627699
0.3207096902335463,-0.35902449442437984,0.3531896698310403,1790750215,815602485,0.13500000536441803,0.2062363041812483,-0.3661921328418872,0.4243898825668904,-1.7923388470013144
0.3263438561299138,-0.36074464610046225,0.36471077174978883,1790750215,865880149,0.1340000033378601,0.20861380979824953,-0.3672275569772877,0.4283787303463533,-1.7318276463561348
0.33025980811067573,-0.3625144889779122,0.3767780013872883,1790750215,915630269,0.13199999928474426,0.21071366981096057,-0.36826305555085537,0.43245272286081077,-1.6720688767651175
0.334816347710914,-0.3640595411627127,0.38714605459147644,1790750215,965431315,0.13199999928474426,0.21239943281849735,-0.36921157776585994,0.43625364339641715,-1.6178340986547386
0.3368515699662571,-0.36567500541926173,0.3982433211382293,1790750216,15458726,0.12999999523162842,0.2138514506456811,-0.3701550183368428,0.4400870648952807,-1.5643503969541988
0.3397832104322266,-0.36653478516371774,0.40398074033705583,1790750216,65193586,0.13099999725818634,0.21458843501958852,-0.3706999470855095,0.44232026194582397,-1.5336651398730896
0.3404030871755672,-0.3673526073128058,0.4096036560309895,1790750216,115410563,0.12999999523162842,0.21517569951705207,-0.37117915656191436,0.44429454332566004,-1.5067869031548202
0.3407660332495603,-0.36754540807404956,0.4109128713149034,1790750216,165758857,0.12999999523162842,0.21531094276778423,-0.37129654875314,0.44477949169601705,-1.5002172078958724
0.33995941560119447,-0.3676601480500343,0.41175564895571304,1790750216,216284079,0.1289999932050705,0.2153702690529913,-0.3713489908863688,0.44499621525394895,-1.4972849715243042
0.3370829031779713,-0.3677574039848324,0.41260601479610903,1790750216,265384551,0.12600000202655792,0.21537821130541965,-0.37135605711715564,0.44502542537886136,-1.4968899488449097
0.3370829031779714,-0.36775740398483237,0.41260601479610903,1790750216,315627705,0.12600000202655792,0.2153782113054197,-0.3713560571171556,0.44502542537886136,-1.4968899488449097
0.3409465375643643,-0.3676431612241563,0.4115768289234289,1790750216,365282749,0.12999999523162842,0.2153782113054196,-0.3713560571171555,0.44502542537886136,-1.4968899488449097
0.3390147275677601,-0.3677002823917002,0.4120914199427576,1790750216,415155870,0.12800000607967377,0.21537821130541976,-0.3713560571171556,0.44502542537886136,-1.4968899488449097
0.33901472756775997,-0.3677002823917003,0.41209141994275766,1790750216,465220586,0.12800000607967377,0.2153782113054197,-0.3713560571171556,0.44502542537886136,-1.4968899488449097
0.33708290317797135,-0.3677574039848322,0.41260601479610903,1790750216,515790920,0.12600000202655792,0.21537821130541968,-0.3713560571171554,0.44502542537886136,-1.4968899488449097
0.3380488153728656,-0.36772884318826643,0.4123487173694333,1790750216,572810412,0.12700000405311584,0.21537821130541962,-0.3713560571171557,0.44502542537886136,-1.4968899488449097
0.34094653756436444,-0.3676431612241563,0.4115768289234289,1790750216,615202889,0.12999999523162842,0.2153782113054197,-0.3713560571171556,0.44502542537886136,-1.4968899488449097
0.33954988141540826,-0.36762269983094764,0.4102431558263596,1790750216,666100662,0.1289999932050705,0.21521757760063548,-0.37139743627176924,0.4444225039743511,-1.504897400447669
0.3380751407462905,-0.3675965839036945,0.4086832651600462,1790750216,715390479,0.12800000607967377,0.21502603493303424,-0.37144540461047354,0.4437276041340038,-1.5141485950850653
0.33817338156852256,-0.36735252772818794,0.40208571696965134,1790750216,765313749,0.12999999523162842,0.21434813152673693,-0.37160580163206447,0.44144579666229533,-1.544704869073372
0.33774445402726205,-0.367078127880058,0.394566438164755,1790750216,815940880,0.13199999928474426,0.21348824921577378,-0.3717919672928634,0.43886288378975125,-1.5796592774230083
0.33116301574021906,-0.3669086969237552,0.38583503668449837,1790750216,865838834,0.1289999932050705,0.21208216111693576,-0.37206599334216606,0.4351721485046014,-1.630391441046733
0.3284640443201675,-0.36654956322293253,0.3748997220767018,1790750216,915922968,0.13099999725818634,0.21039580073482592,-0.37236356035582563,0.43135400956362335,-1.6840263787413785
0.32252222859357454,-0.3663455607963579,0.36549291252417626,1790750216,965288137,0.12999999523162842,0.2085158207821911,-0.3726695526767626,0.4276422879423131,-1.7375052826940467
0.31940675252213846,-0.36596284348544184,0.35418928759339774,1790750217,15474309,0.13300000131130219,0.20640168602868125,-0.37299170715908553,0.42397073477725195,-1.7919791333992547
0.3172178093121191,-0.3654715671830742,0.34176886651064853,1790750217,66051993,0.1379999965429306,0.20408907847899171,-0.37332460549891233,0.4204086725578702,-1.8465977193115333
0.30887300534676027,-0.36540592455334725,0.33380560625671135,1790750217,115334310,0.13600000739097595,0.20165651731399323,-0.3736604073066088,0.41706718334207016,-1.8997692198467304
0.3016235226706795,-0.3652592368736165,0.3249811843861266,1790750217,165335654,0.13600000739097595,0.19902733028249917,-0.3740107255497445,0.41382618854361763,-1.953475033112986
0.2946493878305428,-0.365083365950358,0.31588143789462314,1790750217,215273747,0.13699999451637268,0.19623647673811115,-0.37437369102442064,0.4107370507376043,-2.007067494812006
0.28571541756906826,-0.3650814753331559,0.3085030155213319,1790750217,265473455,0.13600000739097595,0.19325664355459746,-0.37475342854697996,0.4077694773254888,-2.0612277594797996
0.2764583367834055,-0.3651293193749345,0.30166726641631947,1790750217,315512068,0.13500000536441803,0.19013002952351837,-0.3751474834046363,0.404972935203223,-2.1152699091207876
0.27050657994774047,-0.3647637710544175,0.29060184825447094,1790750217,365359086,0.14000000059604645,0.18687240599633362,-0.37555455780770414,0.4023555239685338,-2.169133663365583
0.2608833411995295,-0.36481753917046217,0.28379451540800493,1790750217,415721833,0.14000000059604645,0.18344495959941587,-0.37598253495448064,0.39989206099442565,-2.2235597397689775
0.24959993011726284,-0.36516343007540414,0.28021477819242513,1790750217,465231134,0.13699999451637268,0.1799700494242516,-0.37641666842270183,0.3976628213385843,-2.2768241341055413
0.24141994354493995,-0.3649833798459407,0.2710814963003356,1790750217,515251932,0.14100000262260437,0.17634904821289943,-0.3768723424621577,0.39560230535718066,-2.3305969264807516
0.23089717637764376,-0.36518255531075616,0.2659179686003183,1790750217,565339972,0.14100000262260437,0.1726190903003657,-0.3773453911303163,0.39373319010218105,-2.384481142500985
0.2197784770431891,-0.36552252620539977,0.2622622054044224,1790750217,615295927,0.14000000059604645,0.16880603920048126,-0.3778356437732883,0.39207051747658384,-2.4382307553621425
0.20915730274372582,-0.3657390987506586,0.2573285636331756,1790750217,665323317,0.14100000262260437,0.1649120512017006,-0.3783432361919373,0.39061207414711235,-2.4919989801731544
0.19899361914014058,-0.3657377216544273,0.25006177040951155,1790750217,715505127,0.14499999582767487,0.1609362561999429,-0.378871446991444,0.3893605183394036,-2.5459228112614416
0.18764891980369536,-0.3661402487402266,0.24724300740811977,1790750217,765138929,0.14499999582767487,0.1569870552710419,-0.3794060632008871,0.38834179202408403,-2.5987284699269546
0.17569491815848592,-0.366789565391507,0.24696092857836582,1790750217,815558631,0.14300000667572021,0.15293567361054702,-0.3799674465515214,0.3875218126997873,-2.6522738506723837
0.16434590525925835,-0.36712266968566415,0.24337395255523958,1790750217,865609059,0.14499999582767487,0.1488740794631013,-0.3805433598711275,0.38692013492002736,-2.7055080197912122
0.15250835002290752,-0.36788253823155936,0.24435923443308732,1790750217,915628940,0.14300000667572021,0.14478994241360954,-0.3811384910607724,0.38653415418978154,-2.7587241158835627
0.14077469854615185,-0.36823863174084004,0.24099006716342758,1790750217,965557218,0.1459999978542328,0.14066739497358638,-0.38175563228478454,0.3863629620086301,-2.812298619565251
0.12889919891385007,-0.36902526289934867,0.24223131022514768,1790750218,15541571,0.14499999582767487,0.1365327221639548,-0.38239420040458244,0.38641175141880263,-2.866018785684054
0.11745117585848568,-0.36994626000005126,0.24506952131342083,1790750218,65305226,0.14300000667572021,0.13247432090116174,-0.3830404909680202,0.38667406974898566,-2.9189070769832193
0.10605925932905214,-0.3708332601661569,0.24751564130219775,1790750218,115434053,0.1420000046491623,0.12841651941058355,-0.38370928296969575,0.3871521776341035,-2.972073419800219
0.09463931250955855,-0.3716833156722,0.2495782777836247,1790750218,165359729,0.1420000046491623,0.1243867046751965,-0.38439669037053054,0.38784419579484575,-3.0253322448871676
0.08213345008831761,-0.37224960990705946,0.24844023730113773,1790750218,215977025,0.1459999978542328,0.1203423068461321,-0.3851136090287107,0.38876343625731513,-3.079389599798235
0.07185983020713155,-0.37346216708734165,0.25456226425024775,1790750218,265569770,0.14300000667572021,0.11645764965549137,-0.38582904668909634,0.3898659844453083,-3.1320738689654126
0.060206978261046054,-0.37429887312223975,0.25653901364968046,1790750218,315483075,0.14499999582767487,0.11261744062248405,-0.38656637588468773,0.39117797755337125,-3.185051130136098
0.05023448007662387,-0.37552179724746526,0.26279174580611186,1790750218,365608929,0.14300000667572021,0.10886052102799268,-0.38731866373380197,0.3926871774914794,-3.237961390968086
0.040761345544414934,-0.37677947877815415,0.26948370566785745,1790750218,415502336,0.14100000262260437,0.10521110058378372,-0.3880836175868451,0.3943814488849935,-3.2905740787052697
0.03019243595905749,-0.3778452952065995,0.2740540682288387,1790750218,465491087,0.1420000046491623,0.10164309998825449,-0.3888669789802963,0.39627242371172666,-3.3434315309477767
0.021317129303801197,-0.3792084318183566,0.2818042114638607,1790750218,516313367,0.14000000059604645,0.09812350442577046,-0.3896801655855091,0.3983851863243679,-3.397196462936822
0.010937858701951408,-0.3802697899705511,0.28649460881297445,1790750218,565151390,0.1420000046491623,0.0948484654889076,-0.3904770370667154,0.40059466795285736,-3.4489916586684046
0.0017187272396104875,-0.3815631099526853,0.2935441676282385,1790750218,615535664,0.1420000046491623,0.0915949031310565,-0.3913143339373028,0.4030484504590657,-3.5024479318723634
-0.004923319258886297,-0.3830662541248233,0.3031332558242381,1790750218,665229198,0.13899999856948853,0.08853968308555257,-0.39214782620166416,0.40561833690287297,-3.554866194788412
-0.013134784736070354,-0.38441258860692384,0.31090735588637686,1790750218,715386969,0.13899999856948853,0.08560162897631345,-0.39300146754219173,0.4083668416646741,-3.6077171946256357
-0.020910554826657074,-0.38579134819163335,0.3190885167312164,1790750218,765596630,0.13899999856948853,0.08282027237861046,-0.3938648708864115,0.4112608190835264,-3.6604908085188037
-0.025815912218764656,-0.3873495867924329,0.32942834956661016,1790750218,815214719,0.13600000739097595,0.08022832015070967,-0.3947292140217033,0.4142585558228221,-3.7126178133522996
-0.031730108675861,-0.3888189155569943,0.33875864286754676,1790750218,865131061,0.13500000536441803,0.07778909600900295,-0.39560662678648983,0.4174000583548887,-3.7649757316393075
-0.03805323980564444,-0.39028575984248726,0.3479472213721808,1790750218,915861377,0.13500000536441803,0.07548443297340106,-0.3965081753945686,0.42071726914603147,-3.8181705462752697
-0.03943578254118056,-0.391960011169301,0.3597562705882035,1790750218,965488956,0.12999999523162842,0.07339951604400272,-0.397401339351715,0.4240881141886103,-3.8704034743125266
-0.04814182411337335,-0.3932867793399947,0.36741382146349777,1790750219,15414104,0.1340000033378601,0.07148289603955375,-0.3983086890019215,0.42758613774123333,-3.922985239968551
-0.051025093473848884,-0.3948651446495313,0.3781008572500504,1790750219,65525911,0.13199999928474426,0.06975645090651185,-0.39922113089893957,0.4311748031374857,-3.9754967710517466
-0.05420046362994342,-0.39640064742322473,0.3883750384903352,1790750219,115198879,0.13099999725818634,0.06823573302352001,-0.400130990574305,0.43481275560319993,-4.027499636455123
-0.054065370650405176,-0.3976051960535044,0.3968066793823942,1790750219,165521763,0.12800000607967377,0.06722840831667758,-0.40081259241689576,0.43756858989759334,-4.06620276343242
-0.05723053144699643,-0.3986223652845126,0.40340338626866157,1790750219,215247287,0.1289999932050705,0.0663948757160107,-0.4014437940560164,0.4401429628908311,-4.101899483370425
-0.05520429687307235,-0.3991252967849771,0.4071549786538342,1790750219,265308278,0.12600000202655792,0.06607095495735615,-0.4017106469168293,0.4412376688184102,-4.116959842239503
-0.056771987694164,-0.3994312311088605,0.4090554032536116,1790750219,315511763,0.12700000405311584,0.06584104120188522,-0.40190907454816244,0.44205398604618557,-4.128147919391515
-0.054933931575922426,-0.3995217675428855,0.40991669676914655,1790750219,365707367,0.125,0.06580540837256478,-0.40194057007461403,0.4421837261198034,-4.129922866821289
-0.05589984825299245,-0.39950241708341694,0.40965856001121326,1790750219,415381604,0.12600000202655792,0.06580540837256478,-0.40194057007461403,0.4421837261198034,-4.129922866821289
-0.054933931575922426,-0.3995217675428855,0.40991669676914655,1790750219,465510365,0.125,0.06580540837256478,-0.40194057007461403,0.4421837261198034,-4.129922866821289
-0.05976350056802161,-0.3994250155338863,0.40862601682600974,1790750219,515420391,0.12999999523162842,0.06580540837256478,-0.40194057007461403,0.4421837261198034,-4.129922866821289
-0.05879758389095159,-0.3994443659933549,0.40888415358394303,1790750219,565535652,0.1289999932050705,0.06580540837256478,-0.40194057007461403,0.4421837261198034,-4.129922866821289
-0.05783168160713251,-0.3994637161644798,0.4091422864953467,1790750219,615921861,0.12800000607967377,0.06580540837256478,-0.40194057007461403,0.4421837261198034,-4.129922866821289
-0.06169533392216166,-0.39938631461494917,0.40810974331014316,1790750219,665597125,0.13199999928474426,0.06580540837256478,-0.40194057007461403,0.4421837261198034,-4.129922866821289
-0.05879758389095159,-0.3994443659933549,0.40888415358394303,1790750219,715885453,0.1289999932050705,0.06580540837256478,-0.40194057007461403,0.4421837261198034,-4.129922866821289
-0.05745872947019057,-0.3994185315114271,0.40777228829463463,1790750219,766301162,0.12800000607967377,0.06594694705147938,-0.40197555363631854,0.4416618471067274,-4.1230672001657025
-0.05606219936670512,-0.3993881812683117,0.40649328387594685,1790750219,815149731,0.12700000405311584,0.06611180065262154,-0.4020153240795352,0.44107091926962955,-4.115288806434377
-0.054565912376993195,-0.39922610357942206,0.4014741635538717,1790750219,865146768,0.12700000405311584,0.06668189052149953,-0.40214638306411954,0.43914966341135153,-4.08987870171466
-0.05456615989677421,-0.3989910168464009,0.39506495184668083,1790750219,916118975,0.1289999932050705,0.06740156071342668,-0.4022994200619531,0.4369448735780252,-4.0604678287150096
-0.05157108144013353,-0.39872974794705646,0.3869299407987708,1790750219,965297974,0.1289999932050705,0.06852938975526804,-0.40251750790201746,0.43386103859196484,-4.0188164466652685
-0.04886530203553224,-0.3984255079702318,0.3778726183809714,1790750220,15637663,0.12999999523162842,0.0698908771095686,-0.40275743075399645,0.43058128104732674,-3.9737580754515154
-0.04660016087955608,-0.39808889393889546,0.3684043320538909,1790750220,65604514,0.13199999928474426,0.07140715989050286,-0.4030042286799131,0.42734592636748797,-3.9284097159985203
-0.04123740675429281,-0.3978757826712705,0.36041285136705525,1790750220,115542484,0.13099999725818634,0.07306974687904552,-0.40325721442800483,0.4241773720830211,-3.8829785738575864
-0.03725476738679469,-0.3975973844154427,0.35169003826492146,1790750220,165484687,0.13199999928474426,0.074867851343433,-0.40351416404836193,0.4210983223455984,-3.83770440145749
-0.03535161656812742,-0.3971862413270385,0.34146115845268044,1790750220,215247637,0.13600000739097595,0.07679335788135801,-0.4037766150168075,0.4181167107023315,-3.7926210980534316
-0.028036831549941507,-0.39707565711312964,0.33471179986860417,1790750220,265187228,0.1340000033378601,0.0788713805467547,-0.40404740501279335,0.41519800870004236,-3.747108340370641
-0.021865765163240167,-0.39688660325949626,0.3269186953276251,1790750220,316292908,0.1340000033378601,0.08113397529984906,-0.40433294635587724,0.4123095984354723,-3.7004813196494366
-0.017126373755741206,-0.39661054387466593,0.31842327113874414,1790750220,365313969,0.13600000739097595,0.08341439164535541,-0.40461203620491937,0.40965666756459285,-3.65602196885951
-0.010333241570708765,-0.396466662692346,0.31128741526757775,1790750220,415840845,0.13600000739097595,0.08588163849931381,-0.4049083716008001,0.4070341458340133,-3.6102412744647965
-0.0026423836252218585,-0.39641516412471106,0.3052959414615942,1790750220,465866289,0.13500000536441803,0.08843054191304583,-0.4052087261987985,0.40456021977128237,-3.565074928418751
0.0026362739389121648,-0.3961264680785654,0.2966947701678294,1790750220,515392524,0.1379999965429306,0.09105808556706657,-0.4055155773546236,0.40222877843647364,-3.520386453698972
0.011505753476161493,-0.3962019651148198,0.29216012258035673,1790750220,565607812,0.13600000739097595,0.09381447772370889,-0.4058344766110213,0.39999560210988017,-3.475249460767971
0.01758858874166115,-0.39595200847943013,0.28403309063481946,1790750220,615447180,0.13899999856948853,0.09664318616795615,-0.4061613623549416,0.397906438357317,-3.430482426340588
0.02469608876406608,-0.39579288937097407,0.2769438535766511,1790750220,665285335,0.14100000262260437,0.09956953313851062,-0.4064988157670863,0.39594112752476485,-3.385598664914834
0.034686005793839805,-0.39604909466460825,0.2744522849017609,1790750220,715285399,0.1379999965429306,0.1025905624688455,-0.4068490111804215,0.39410316050186367,-3.340546811596129
0.042508147530753715,-0.3959501377852285,0.2679795868276279,1790750220,765429946,0.14000000059604645,0.10573039309637343,-0.4072144342303088,0.39238241419956044,-3.2949215668746956
0.05028235944315001,-0.39579665145651133,0.26092758982457454,1790750220,815431946,0.14300000667572021,0.10894032900610275,-0.4075920244234808,0.3908087420083222,-3.2493385837344593
0.05965159114041528,-0.39592139304360163,0.2569428426564321,1790750220,866248391,0.14300000667572021,0.11223538286478503,-0.4079832476503231,0.3893756876028065,-3.2035102839731615
0.06982176205867016,-0.3963365970603591,0.256338257586722,1790750220,915312989,0.14000000059604645,0.11546746193801109,-0.40837282860816604,0.38813962093151344,-3.1593476070213895
0.07807199341634835,-0.3961878667724193,0.24948671845189538,1790750220,965341979,0.14399999380111694,0.11881240599518768,-0.4087814482061461,0.3870280529819186,-3.114348903661145
0.088224368570303,-0.39659965718917056,0.24877096742536614,1790750221,15331830,0.1420000046491623,0.1221985263249359,-0.4092029769548325,0.3860695990868285,-3.0693914530947444
0.09804966646700149,-0.39696239055673066,0.24756861005646424,1790750221,65206948,0.14100000262260437,0.12560051897034913,-0.4096339399686789,0.38526894811492285,-3.024726147475393
0.10744041335425593,-0.3970090664743181,0.2428508525580299,1790750221,115994021,0.14399999380111694,0.12909263822749167,-0.41008628597351315,0.38461179817751434,-2.9792806857589462
0.11748488480800276,-0.39762798410049677,0.24452412864057887,1790750221,165110231,0.14100000262260437,0.13249720209774707,-0.4105364644058019,0.3841271451028818,-2.9352813901707506
0.12745760894868619,-0.3980273572354088,0.24364645644757835,1790750221,215914860,0.14100000262260437,0.13603573382253525,-0.4110162752476399,0.38378461870930713,-2.889760949899551
0.13717665517587244,-0.39836223053577374,0.24223349750428086,1790750221,265324471,0.1420000046491623,0.13949064997899516,-0.4114959996202178,0.38360588115133454,-2.8454427804169895
0.1471348542283437,-0.39883775338698113,0.24225345855346833,1790750221,315589353,0.1420000046491623,0.1430079382051855,-0.4119981721170035,0.38358205885556707,-2.800348911299109
0.1571003924643135,-0.39925756559976466,0.2417256952219767,1790750221,365439812,0.14300000667572021,0.14650227752502876,-0.41251053937633436,0.3837152742588458,-2.7554943597335915
0.16700044461139354,-0.399811085006442,0.24263912605585164,1790750221,415247308,0.14300000667572021,0.14998321289149602,-0.4130367777358434,0.38400565952709015,-2.710653873331445
0.1771623723547809,-0.4002192156639718,0.2420289913338468,1790750221,465292799,0.14499999582767487,0.15344178697025176,-0.41357523950606084,0.3844507215795173,-2.665863890382219
0.18702853922849258,-0.4008545825637628,0.24384351352273195,1790750221,515477605,0.14499999582767487,0.1568796509147133,-0.4141285236465509,0.3850520324286381,-2.6210001855002787
0.1960518148563113,-0.40180251332305944,0.24899079176043523,1790750221,565544095,0.1420000046491623,0.160287654608431,-0.4146950417885972,0.3858071243815494,-2.5760997091261824
0.20563080444214263,-0.40251950898485206,0.2516620684295194,1790750221,615817180,0.1420000046491623,0.16367103041597225,-0.415278107859874,0.3867198221454061,-2.5309873602979
0.21422768182102603,-0.40343845595097305,0.25657522088468776,1790750221,665473739,0.14000000059604645,0.16694667683165454,-0.41586273226299725,0.38776265965917756,-2.4867033129712373
0.2248089306005267,-0.4038676491992457,0.2563154265231054,1790750221,715304486,0.14399999380111694,0.170177502466482,-0.4164618956075673,0.388953242519008,-2.4423125566043082
0.23054499467425243,-0.4053800583952265,0.26745200463900726,1790750221,765316281,0.13600000739097595,0.17336321508178945,-0.41707548862043536,0.3902911800059551,-2.39773534537321
0.240985054775287,-0.405892463431646,0.26807727313167795,1790750221,815361456,0.14000000059604645,0.1764852203603744,-0.41770238276832183,0.3917716437901807,-2.353123821760447
0.24747693021846423,-0.40710716211995096,0.27611237833521274,1790750221,865008422,0.13600000739097595,0.17951253210343485,-0.4183358034104428,0.3933760138492832,-2.3088557498006663
0.25841431856683394,-0.40763019495242553,0.27686166128277284,1790750221,915411519,0.14100000262260437,0.1825069696200666,-0.418991278436759,0.39514099547734016,-2.2639113539810722
0.2642896415709592,-0.40891151660045477,0.28553644177478915,1790750221,965540000,0.13699999451637268,0.18540965754441474,-0.419656246177947,0.3970330668527026,-2.219074823971634
0.27327282147691356,-0.4097495452003646,0.2896228001252417,1790750222,15520693,0.13899999856948853,0.18821442592376236,-0.420331343494098,0.399049005821648,-2.1743461754140587
0.2795105039443132,-0.4109189559132916,0.2971711400118724,1790750222,65592340,0.13699999451637268,0.19091210355650381,-0.4210138447997385,0.40117794346519386,-2.129810395954546
0.2853044818785184,-0.4121050714901234,0.3049047933687984,1790750222,115511031,0.13500000536441803,0.19349810855268743,-0.42170431196352526,0.4034159391721279,-2.0854600939941768
0.2907229187096667,-0.413315927326145,0.31286679865639977,1790750222,165721994,0.13300000131130219,0.19599551928119072,-0.4224087614030739,0.40578095535371794,-2.040821526325563
0.2963762487698574,-0.4144643718627847,0.32024431809415,1790750222,215287098,0.13199999928474426,0.19835150414827876,-0.42311411999725007,0.4082234696600584,-1.9967520308321876
0.30244951089369976,-0.4155722406996038,0.3272108336391164,1790750222,265297800,0.13199999928474426,0.20059991378285955,-0.4238295380752545,0.4107720472467591,-1.9525839024557365
0.3114313819321691,-0.41647385537303744,0.3320871510689525,1790750222,315645857,0.13600000739097595,0.20274120334453094,-0.42455789983328057,0.41343268145690715,-1.9081749241008297
0.3144933483788135,-0.4178139976243991,0.3414077524925134,1790750222,365420334,0.13300000131130219,0.20475300473229455,-0.42529143116325163,0.4161750268364559,-1.863916409864249
0.3205235466073422,-0.41896146832939074,0.3487474779546792,1790750222,415770817,0.1340000033378601,0.206661538103235,-0.426042761482455,0.4190418532718943,-1.819077887832663
0.3217999924217329,-0.4203640999046447,0.35868622371810643,1790750222,465381561,0.12999999523162842,0.2084094164905076,-0.4267887081254372,0.42194205712039246,-1.7749611109694434
0.32620677009140564,-0.4216006958919048,0.3668977906858662,1790750222,516052354,0.12999999523162842,0.21005646991058857,-0.4275575858511257,0.42498067964761843,-1.7299132493476788
0.3273829391089068,-0.4229460278153376,0.37627114696073893,1790750222,565253064,0.12700000405311584,0.21151857129666185,-0.42831065248188493,0.4279980268506698,-1.6861976575735143
0.33001942714469534,-0.4242347807736038,0.3850079869159006,1790750222,615501213,0.12600000202655792,0.21286993707591165,-0.42908582765432607,0.43114327526958485,-1.6415557768880846
0.33367151934421563,-0.4252668704119719,0.39185532965936093,1790750222,665199984,0.12700000405311584,0.21390090093955155,-0.42974614964002245,0.4338545683911873,-1.6037261229167044
0.3379964368731396,-0.4262700446197332,0.3984882593717781,1790750222,715833676,0.1289999932050705,0.2148149111572403,-0.43040180049366455,0.4365702572527941,-1.5663555767403945
0.33912692584846915,-0.42681814354980685,0.4022214831130244,1790750222,765117739,0.1289999932050705,0.2152383369463607,-0.4307356546940675,0.43796038199347676,-1.5474037872657855
0.33617957323172476,-0.4274055661499105,0.4064846042899604,1790750222,815360434,0.125,0.21557971203176704,-0.431022536352227,0.4391586154472471,-1.5311555953155143
0.3363528037608639,-0.42749929869301906,0.4071197660974762,1790750222,866217785,0.125,0.21564583501907142,-0.43108020426825333,0.4393998654224347,-1.5278935555223743
0.3373645127237568,-0.4274957290080207,0.40703177146553093,1790750222,916244561,0.12600000202655792,0.2156633287825173,-0.4310955864604686,0.43946421454827217,-1.5270240633494863
0.3373708605648126,-0.42749919254836,0.4070552856884914,1790750222,965161610,0.12600000202655792,0.21566574014012446,-0.4310977108538441,0.4394731023810118,-1.5269039869308472
0.3364049449687041,-0.4275277522748695,0.4073125704652192,1790750223,15507371,0.125,0.21566574014012452,-0.431097710853844,0.4394731023810118,-1.5269039869308472
0.33447312097310444,-0.427584871515103,0.40782713810175764,1790750223,65743103,0.12300000339746475,0.2156657401401246,-0.43109771085384435,0.4394731023810117,-1.5269039869308472
0.3373708605648126,-0.42749919254836,0.4070552856884914,1790750223,115303067,0.12600000202655792,0.21566574014012446,-0.4310977108538441,0.4394731023810118,-1.5269039869308472
0.336404944968704,-0.42752775227486955,0.4073125704652193,1790750223,165273471,0.125,0.21566574014012443,-0.431097710853844,0.4394731023810119,-1.5269039869308472
0.33640494496870404,-0.4275277522748696,0.4073125704652192,1790750223,216669384,0.125,0.21566574014012446,-0.4310977108538441,0.4394731023810118,-1.5269039869308472
0.3354390293725954,-0.42755631200137934,0.407569855241947,1790750223,268614156,0.12399999797344208,0.2156657401401244,-0.4310977108538442,0.4394731023810118,-1.5269039869308472
0.33254128978088715,-0.42764199096812194,0.4083417076552133,1790750223,315652967,0.12099999934434891,0.21566574014012446,-0.4310977108538441,0.4394731023810118,-1.5269039869308472
0.3351807912178831,-0.4275276220209328,0.4066097568079894,1790750223,365675650,0.12399999797344208,0.21556705701373347,-0.43112277420537976,0.43910020106354486,-1.5318453672948362
0.33583175525807457,-0.4274642940285472,0.40520620710703176,1790750223,415737129,0.125,0.21544775776279884,-0.4311525342229275,0.43865901014842135,-1.5377003928738906
0.3336840217160784,-0.42737377220642725,0.40137931074661126,1790750223,465310926,0.12399999797344208,0.21499470690202224,-0.43126155373789465,0.4370686817293995,-1.5588873720838516
0.33412989013959393,-0.4271735117740079,0.396127724190341,1790750223,515389591,0.12600000202655792,0.21443817137873253,-0.4313869146208431,0.43527028679441365,-1.5830134523510535
0.3317005839556776,-0.42697096859914935,0.3891392977426248,1790750223,565361949,0.12600000202655792,0.21351656791872609,-0.43157673434555033,0.43258266071051055,-1.6194395136626674
0.3297347670144498,-0.4267238654835829,0.3813584178956171,1790750223,615777007,0.12700000405311584,0.21241926598147987,-0.43178412728765514,0.4297368014708144,-1.6585576508013988
0.324672488464863,-0.42660905144892974,0.37475679644512616,1790750223,665786346,0.125,0.21119138436905419,-0.43200005551687853,0.42689100870862506,-1.6983214978023546
0.32296019528288245,-0.4263358278011883,0.3666434085549122,1790750223,715441811,0.12700000405311584,0.20985611980584964,-0.43222033608702753,0.42410506274456283,-1.7379704328123955
0.3243641311093825,-0.42586546643216516,0.3565583135654984,1790750223,765676348,0.13300000131130219,0.20840744839565917,-0.4324464197141489,0.42136370791454647,-1.7777657856263975
0.31592895895996254,-0.4259537257815549,0.35204212547337677,1790750223,815366360,0.12800000607967377,0.2068714301650298,-0.4326752655879894,0.4187150425549734,-1.8170738640917532
0.3140633377266661,-0.425643109126328,0.34357051045202136,1790750223,865295995,0.13099999725818634,0.20522953234457708,-0.43290992715455745,0.4161197726360229,-1.8564970018298466
0.30937818732241995,-0.42550753724705437,0.33684659773383197,1790750223,915198862,0.13099999725818634,0.20348920657942435,-0.4331505339634718,0.4135936344196035,-1.8958851391376643
0.30516731570513417,-0.42532734520772997,0.3296282470006597,1790750223,965233090,0.13199999928474426,0.201634117292865,-0.4333994995301156,0.41111270541018574,-1.935659698826552
0.3028602992856383,-0.4249685232936743,0.32053193783040784,1790750224,15792298,0.13600000739097595,0.19965899488240563,-0.4336585541825734,0.4086794059901162,-1.97590837503772
0.29507169651701065,-0.42507613683094475,0.31628182991090614,1790750224,65462401,0.13300000131130219,0.19763126025912198,-0.43391913129890275,0.40637158060163886,-2.0153611431100575
0.28718713805177104,-0.42522012191949604,0.3124078572146838,1790750224,115302044,0.12999999523162842,0.19550848052931963,-0.434188081474512,0.4041389763429495,-2.0549335483578814
0.28192008893203435,-0.4251142117073038,0.3059685436309349,1790750224,165407180,0.13099999725818634,0.1932902635132803,-0.4344655826643326,0.40198054907353586,-2.094691711971831
0.2783386870327901,-0.4248056517048988,0.2974614370966582,1790750224,215318027,0.13500000536441803,0.1909983256887372,-0.43475019785795266,0.3999200566974168,-2.1342911692612176
0.27180395208642616,-0.4248059693066982,0.29211081896834634,1790750224,265487304,0.13500000536441803,0.18861674353118604,-0.4350441219201419,0.3979412021871731,-2.1740800587410773
0.2656713708784443,-0.42475329468407486,0.28623324138480266,1790750224,315482772,0.13600000739097595,0.18616812237122704,-0.4353458101649889,0.3960650860516923,-2.2137283502066283
0.25874492858181325,-0.42480125569336336,0.28142016055873637,1790750224,365520242,0.13600000739097595,0.18365547345413014,-0.4356551425387737,0.3942907452091235,-2.25327009295343
0.2532300632421055,-0.4246301782735475,0.2743544006348879,1790750224,415321985,0.13899999856948853,0.18108953334807867,-0.43597200357871396,0.39262572660899675,-2.2926012284409425
0.24449125880891803,-0.4249734934720125,0.27270671158047216,1790750224,465024172,0.13600000739097595,0.17848415652737692,-0.4362948622668386,0.3910743214547584,-2.3315989030218027
0.23793479862334244,-0.4249312833621436,0.26695075287146924,1790750224,515579380,0.1379999965429306,0.17577833039308946,-0.43663250784330576,0.38960332662608665,-2.371217774696338
0.22864827896507672,-0.4254266821518968,0.266881137349668,1790750224,565647914,0.1340000033378601,0.17303728123897835,-0.4369770259923082,0.3882483791557776,-2.4105611882967968
0.2226137389405714,-0.4252591565311258,0.2598963763643113,1790750224,615243951,0.1379999965429306,0.17027125068428758,-0.43732827818549236,0.38701285551426945,-2.4495517353153686
0.21403804422223666,-0.42564307949196034,0.258678478927991,1790750224,665251864,0.13600000739097595,0.1674353030502637,-0.4376921540490134,0.38587520187289304,-2.4888904074344826
0.2064007123146967,-0.4257917982514612,0.25497484539676774,1790750224,715331797,0.13699999451637268,0.16455326064080641,-0.4380668718844341,0.38484829092429906,-2.5282905314272632
0.19805665370350836,-0.4261480264223185,0.25348116055616765,1790750224,765172263,0.13600000739097595,0.16163692619945527,-0.43845109772966023,0.38393513671359447,-2.567657502978675
0.19093674845901426,-0.42599351919175216,0.24647773381439744,1790750224,815816981,0.14100000262260437,0.15863785487481802,-0.4388525872469797,0.38312482153148797,-2.607689499907574
0.1830094294710741,-0.42612943404139153,0.24269949776050365,1790750224,865424870,0.14300000667572021,0.15569222676162234,-0.4392532890509787,0.38245119461987664,-2.646641363683021
0.1739281753417406,-0.42676241088381667,0.24411054079850128,1790750224,916122172,0.14000000059604645,0.15266174376784,-0.4396731147091489,0.38188228239212474,-2.686401450183607
0.16558243716995097,-0.4271406587291634,0.24295252398560477,1790750224,965419576,0.14000000059604645,0.14968957952609557,-0.440092434721231,0.38144320504919277,-2.7251585088631027
0.15704064026773398,-0.42764581624734,0.24310375550447022,1790750225,15189856,0.13899999856948853,0.1466736555119982,-0.4405265925563132,0.3811168376056622,-2.7643037601139917
0.14852373140816758,-0.4281824348042635,0.24358826353522384,1790750225,65546996,0.1379999965429306,0.1436391547783668,-0.4409723914838214,0.38090744269506116,-2.8035722905164073
0.14015103849552799,-0.42828122556523385,0.2394278614112738,1790750225,115416805,0.1420000046491623,0.14063410976023252,-0.44142376267601496,0.38081754165989407,-2.842397670395508
0.13170232158988962,-0.4289661681572302,0.24156699077287502,1790750225,165202584,0.14000000059604645,0.13762283154708413,-0.44188618997678164,0.38084376832362854,-2.8813059068634717
0.12316314578015214,-0.4295024856019375,0.2420497832342046,1790750225,215526834,0.14000000059604645,0.13458128559134086,-0.4423646884104079,0.38098930241092743,-2.920662505277963
0.11459001714123036,-0.42997338706739785,0.241871157719539,1790750225,265207539,0.14100000262260437,0.13157104392440436,-0.44284990937355184,0.3812513594781198,-2.9597366421420443
0.10600879861895487,-0.43057580217411384,0.2430351219262702,1790750225,315599178,0.14100000262260437,0.12852854631222993,-0.443353374614203,0.3816374139201039,-2.9994107327791664
0.09765329029009889,-0.4311954200925107,0.24450350162838624,1790750225,365363495,0.14100000262260437,0.12556655023467397,-0.4438566349500552,0.3821317846852206,-3.038278466260671
0.08959297317588547,-0.43193383879139874,0.2472635301972884,1790750225,415233757,0.14000000059604645,0.12262509809033335,-0.44437053499493373,0.3827412312335486,-3.077173127348721
0.08164883360239263,-0.43270187840260604,0.2503343312865439,1790750225,465316170,0.13899999856948853,0.11969847446358506,-0.4448965825775623,0.3834677742028052,-3.1162366246392343
0.07262032283909942,-0.43315095635745815,0.24991681147745035,1790750225,515429538,0.1420000046491623,0.11680180103151788,-0.4454331417207699,0.38430857546541286,-3.1553249260181246
0.06528696222511668,-0.4340548465567191,0.25453108582449213,1790750225,565294541,0.14000000059604645,0.11396861861336471,-0.4459741821394968,0.385252262140553,-3.19404458629711
0.05741002600115441,-0.4348168570559888,0.2575717488562928,1790750225,615422177,0.14000000059604645,0.11116302889037231,-0.44652737989625113,0.3863097716082849,-3.2329354712017246
0.0492221616338518,-0.43552549362695014,0.26001970710287925,1790750225,665481220,0.14100000262260437,0.10839663880947452,-0.4470910162384119,0.38747801666836,-3.271906960569923
0.043806555320311864,-0.43674906702030025,0.2681353518351603,1790750225,715674690,0.13600000739097595,0.10567018377196259,-0.44766604369367935,0.38875754343129454,-3.311007682077338
0.035490551233574905,-0.43742795679990204,0.2702690604251324,1790750225,765646954,0.1379999965429306,0.10300828867398946,-0.4482476758534251,0.3901368536657645,-3.3499510568685444
0.028221257379623596,-0.43829578358308724,0.2744752966142209,1790750225,815775841,0.1379999965429306,0.1003951872889143,-0.44884026035680397,0.39162365083597767,-3.389019148579469
0.020626897218091828,-0.43910621860775395,0.278095389047975,1790750225,865515314,0.13899999856948853,0.09786547796526811,-0.44943620816509755,0.3931974853026693,-3.4277544433496048
0.014832053053029287,-0.44017219998539586,0.28450313441048347,1790750225,915846166,0.13699999451637268,0.09537137851823806,-0.4500477996469109,0.3948883149485467,-3.4669450634719845
0.00823040361576273,-0.44109687908393674,0.2894357745119641,1790750225,965357257,0.13699999451637268,0.09298773873982326,-0.4506570187992753,0.3966448989780143,-3.5054742641188854
0.005001834443230116,-0.44239093633962534,0.2984659742877524,1790750226,15411605,0.13199999928474426,0.09065018922017004,-0.4512808869990893,0.3985126029788193,-3.5444221211933273
0.00021895075151701082,-0.4434906008879994,0.3053122302652437,1790750226,65876921,0.12999999523162842,0.08838065722995633,-0.45191475912871043,0.40047811611184514,-3.5835191128240758
-0.008450473982162782,-0.44422385407204834,0.3080347366353752,1790750226,116198799,0.1340000033378601,0.08619900741361665,-0.4525538382981513,0.402523296412998,-3.6224735342663235
-0.014076498760720271,-0.4452170979178067,0.313803732633739,1790750226,165612185,0.1340000033378601,0.08413899158696184,-0.45318784281869784,0.40461224311615906,-3.6607056775138984
-0.017993933784636484,-0.44634910173152215,0.3211228666029645,1790750226,215366649,0.13199999928474426,0.08214862641923427,-0.45383286858431005,0.4067935189915143,-3.699198269051631
-0.023179880281266593,-0.4473874648014849,0.32733906202071417,1790750226,265585600,0.13199999928474426,0.08023174041181258,-0.4544890856203051,0.4090679033103648,-3.737984619029676
-0.027260686433649928,-0.44848248830825105,0.3342719008088835,1790750226,315292360,0.13099999725818634,0.07842477674230411,-0.4551444828241485,0.4113899919678265,-3.776363682909637
-0.03112189617674721,-0.4496046162728659,0.34143596022381983,1790750226,365300401,0.12999999523162842,0.07668286637273193,-0.45581642280507856,0.4138206643503146,-3.8153812555454683
-0.034735046404927875,-0.4507507272070636,0.34880659482924214,1790750226,415897728,0.1289999932050705,0.07501672755086407,-0.4565033116421731,0.41635253573453945,-3.8549382828468657
-0.03790178233345018,-0.4518688149811901,0.3560569782645115,1790750226,465410874,0.12800000607967377,0.07350310180887187,-0.4571730369878382,0.4188647689798082,-3.893226899912642
-0.04257511340893247,-0.45292584520081614,0.36253450131351245,1790750226,515435267,0.1289999932050705,0.07207688798439144,-0.4578531018797978,0.42145511710317407,-3.9318388129710944
-0.042475260279406804,-0.45417469096432966,0.3713237154533807,1790750226,565481782,0.125,0.07075523103222602,-0.45853706898672464,0.4240951612864823,-3.9703994409684533
-0.04567660917570929,-0.4552887609249524,0.37846096347754865,1790750226,615876503,0.125,0.06953016574700141,-0.45922966297337436,0.42680212919531585,-4.009215834741418
-0.04754965654562143,-0.4563947873063346,0.385778982159057,1790750226,665306529,0.12399999797344208,0.0684548306353063,-0.45989698907439597,0.42944467846725065,-4.0464938848627865
-0.05202320458156351,-0.4574477964452491,0.39231005353441994,1790750226,715869965,0.12600000202655792,0.06746264080011037,-0.46057975866874673,0.4321763811399308,-4.084476672432452
-0.05164423227651639,-0.4582142648512286,0.397619751545964,1790750226,765477604,0.12399999797344208,0.06687792090730728,-0.4610228142674153,0.4339599600244622,-4.109010611533814
-0.05389597218377505,-0.4588535425151615,0.4016686622160366,1790750226,815390727,0.125,0.06638079242640375,-0.4614301856425203,0.43560773711653855,-4.131510399994553
-0.05143428144056769,-0.45914609566006204,0.40399077879524986,1790750226,865450723,0.12200000137090683,0.06621525294767362,-0.46157340342119496,0.4361885360116158,-4.1394059471794025
-0.04978010444357962,-0.4593392867110015,0.4055177564774226,1790750226,916157921,0.11999999731779099,0.06610721344332103,-0.4616692050638749,0.4365773828389748,-4.144682384686927
-0.0498168822131831,-0.4593600758406336,0.40565322017016797,1790750226,966168861,0.11999999731779099,0.06609273723756127,-0.4616821863885594,0.43663010312595735,-4.145397186279297
-0.052714628636660335,-0.45930202295799055,0.40487879650955233,1790750227,15380715,0.12300000339746475,0.06609273723756127,-0.4616821863885594,0.43663010312595735,-4.145397186279297
-0.050782797687675504,-0.4593407248797526,0.40539507894996274,1790750227,65677000,0.12099999934434891,0.06609273723756127,-0.4616821863885594,0.43663010312595735,-4.145397186279297
-0.04885097393530717,-0.459379426657339,0.40591135946707513,1790750227,115519271,0.11900000274181366,0.0660927372375613,-0.4616821863885594,0.43663010312595735,-4.145397186279297
-0.052714628636660335,-0.45930202295799055,0.40487879650955233,1790750227,165217724,0.12300000339746475,0.06609273723756127,-0.4616821863885594,0.43663010312595735,-4.145397186279297
-0.05464645238902868,-0.45926332118040386,0.40436251599244,1790750227,215987932,0.125,0.06609273723756123,-0.4616821863885591,0.43663010312595735,-4.145397186279297
-0.0488509739353072,-0.459379426657339,0.40591135946707513,1790750227,265550800,0.11900000274181366,0.06609273723756127,-0.4616821863885594,0.43663010312595735,-4.145397186279297
-0.052714628636660335,-0.45930202295799055,0.40487879650955233,1790750227,316742476,0.12300000339746475,0.06609273723756127,-0.4616821863885594,0.43663010312595735,-4.145397186279297
-0.052472778584463475,-0.4592708446864866,0.403987079535076,1790750227,365242729,0.12300000339746475,0.06618681700678004,-0.46170234094225643,0.43628242031137154,-4.1407649688532215
-0.051215451642330184,-0.4592540001030556,0.40319181425728284,1790750227,415374623,0.12200000137090683,0.06630118629916065,-0.4617264442523148,0.4358679089039601,-4.135234896032217
-0.050104853931600274,-0.4591228998016907,0.3993660716657961,1790750227,465592175,0.12200000137090683,0.06673507482789089,-0.4618150492316513,0.4343686960449059,-4.115163662175896
-0.049727792891968714,-0.4589547200788466,0.3948174230135109,1790750227,515147238,0.12300000339746475,0.06725354337340077,-0.461914716565055,0.4327068176002093,-4.092775785530553
-0.04747014878496017,-0.4587307940339867,0.38826393848389523,1790750227,565532829,0.12300000339746475,0.06812965293748574,-0.46206929519938417,0.43015118102235994,-4.058029878903809
-0.04484861826567797,-0.4585016221237497,0.38144528841623626,1790750227,615384275,0.12300000339746475,0.06914602312042471,-0.4622346580617092,0.42749186281342766,-4.0214136803260585
-0.04376241717163992,-0.45821082294539917,0.3738112392161805,1790750227,664977385,0.125,0.07027365728211793,-0.46240621868801324,0.4248325325919844,-3.9842601829464663
-0.037806998514285234,-0.45809557461665446,0.3682109169174773,1790750227,715522608,0.12200000137090683,0.07152591814544057,-0.4625854605994625,0.42215676562745785,-3.9462567682279497
-0.03704056481645149,-0.45777427929818854,0.3602152169620575,1790750227,765342230,0.125,0.07284980796673157,-0.4627652393717072,0.41958015852791436,-3.9089849993402765
-0.0341526452484955,-0.4575289282847591,0.3530856685546689,1790750227,815857452,0.12600000202655792,0.07428550964538744,-0.46295167804834086,0.4170212678629137,-3.8712263240118148
-0.0301840203557264,-0.45733765837615953,0.3466479604747843,1790750227,865772057,0.12600000202655792,0.0757983901567683,-0.4631404322964854,0.4145453609219534,-3.833872447843137
-0.028413510436133993,-0.45701108972126936,0.33861207936430276,1790750227,915996970,0.1289999932050705,0.07741095558967728,-0.46333529107766747,0.41211163796477246,-3.796279103931046
-0.023953445213280564,-0.4568391591477536,0.33245134097630735,1790750227,965248964,0.1289999932050705,0.07908632459505412,-0.4635321662656841,0.40977538471739067,-3.759246440818001
-0.019932277906153623,-0.4566233975806312,0.32568858370323683,1790750228,15632454,0.12999999523162842,0.08088762381538925,-0.4637393025485786,0.407448659984812,-3.7213329707365412
-0.01569563957025545,-0.4564195947260059,0.3191224280042622,1790750228,65353361,0.13099999725818634,0.08275217446654823,-0.4639497362968809,0.4052172836051768,-3.683851860368951
-0.006737558619685918,-0.4565857637050004,0.31669485521292084,1790750228,115986557,0.12600000202655792,0.08473379142654366,-0.4641703891784437,0.40301673012212524,-3.6456710955999
-0.004945030121954047,-0.4561701790495766,0.3077435645499777,1790750228,165513572,0.13099999725818634,0.08675080241439152,-0.4643925015881357,0.4009383443886747,-3.6083159755786394
-0.0006253821109004076,-0.45594233231640363,0.30090856078019557,1790750228,215409814,0.13300000131130219,0.08885767050456346,-0.4646229898487213,0.39892095707898595,-3.570680648392943
0.007217617597025383,-0.45606211842530153,0.29800476155140965,1790750228,265331445,0.12999999523162842,0.09103462901434085,-0.4648600065763219,0.39698609575829513,-3.5330895196455567
0.012043571449469201,-0.45586521238409583,0.2915030451767045,1790750228,315653109,0.13199999928474426,0.0932979910988706,-0.46510617963312034,0.395119277606348,-3.495208683444277
0.017084843494256735,-0.45568027230501346,0.2852040803946376,1790750228,365637455,0.1340000033378601,0.09559790930907368,-0.4653564852963687,0.39336169821719635,-3.4578204774804293
0.02402504343458868,-0.4557307305596752,0.2815765069338763,1790750228,415233998,0.13300000131130219,0.09793843136219399,-0.46561213451667394,0.39170447472457115,-3.420763362646614
0.029029570385447817,-0.45550133193905323,0.2747933561959994,1790750228,465129666,0.13600000739097595,0.10036179028916294,-0.465878181670819,0.3901191443077565,-3.383327589603823
0.03791284605937732,-0.4558304959462559,0.2741609118082835,1790750228,515632175,0.13199999928474426,0.10287293635596807,-0.4661559614167447,0.38860553266330233,-3.345407377372487
0.042488178855628944,-0.4554770541562984,0.2660013415696996,1790750228,565663669,0.13699999451637268,0.1054166063632016,-0.4664398221660751,0.38719882185074395,-3.307797192886748
0.05089829175871319,-0.4557832325608175,0.26516247580283336,1790750228,615405650,0.1340000033378601,0.10799446105837444,-0.46673062910134194,0.38589433926412287,-3.27039726320085
0.058108765543639744,-0.4558738838306704,0.26190861440143404,1790750228,665297392,0.1340000033378601,0.11063811824488072,-0.46703240591303724,0.38467732126223175,-3.232704972958991
0.0640509858463548,-0.45565088624342476,0.2551866594032568,1790750228,715451332,0.1379999965429306,0.1133401090075306,-0.4673451123690954,0.3835526457827218,-3.1947808226291534
0.07158602912200959,-0.4557851500632521,0.25244165080685477,1790750228,765436325,0.1379999965429306,0.11605146511763925,-0.4676634973071492,0.38254057053457896,-3.1572618792368057
0.07915089966034383,-0.4559435103748147,0.24999690853411155,1790750228,815062768,0.1379999965429306,0.11877309444201194,-0.46798825238788694,0.3816365868851731,-3.1200627970625474
0.08763403577337157,-0.45639459241867336,0.250701912097446,1790750228,865206930,0.13500000536441803,0.12155433147660606,-0.4683257168892898,0.3808251738789764,-3.0824645201377296
0.09477680679539852,-0.4563444097594801,0.2458906581543687,1790750228,915941766,0.1379999965429306,0.12439526938999844,-0.4686768307019809,0.38010934952437914,-3.0444211424401377
0.10238203671238659,-0.45649091133122416,0.2433219675073433,1790750228,965390650,0.13899999856948853,0.12719604759127032,-0.46902967194871126,0.37951317114619,-3.007217564587843
0.11045811057908385,-0.4567603655196968,0.2419833405611535,1790750229,16089838,0.13899999856948853,0.13008810469851267,-0.4694015136899808,0.3790083904831511,-2.969050569516885
0.11882422984321844,-0.45724277665993995,0.24292632249271673,1790750229,67033408,0.13699999451637268,0.13301034544350562,-0.46978541366786386,0.37861138017612156,-2.930689201167362
0.1266371005263232,-0.45755882664089165,0.24222503075145785,1790750229,116080425,0.13699999451637268,0.1358342268227284,-0.47016472179325625,0.3783334536090522,-2.8937543130151506
0.13463306496731506,-0.45799989027272237,0.24279932000426507,1790750229,165624153,0.13600000739097595,0.13871393001500054,-0.47056040481514116,0.378156558544499,-2.856179110241857
0.14260983558426743,-0.4582851577249394,0.24167792561426113,1790750229,215307030,0.13699999451637268,0.14160792603206307,-0.4709676784577684,0.3780859471621038,-2.8184502992408755
0.15050305690618349,-0.45896983532063906,0.24483446662540248,1790750229,265407015,0.1340000033378601,0.14450982596902126,-0.4713862918932928,0.3781233021805973,-2.78060427767692
0.1586665321310488,-0.4591272394571079,0.24232273032402837,1790750229,315656955,0.13699999451637268,0.14741195333427826,-0.47181586252752394,0.37826879241547084,-2.7426823848124946
0.1666672044198786,-0.45949097807781497,0.2420917440395243,1790750229,365191979,0.1379999965429306,0.15026120947848706,-0.4722488371722272,0.3785178390769438,-2.7053333464215203
0.17450431061400687,-0.46007354895437097,0.24414346993653935,1790750229,415429141,0.13699999451637268,0.1531368313154324,-0.4726978852173144,0.3788767451874263,-2.667460881444632
0.18277965828089357,-0.4604068140202618,0.24354463442154017,1790750229,465731666,0.13899999856948853,0.15598902817741556,-0.47315595262414856,0.37934125148483566,-2.629671327260672
0.19038488040175827,-0.46103817762959626,0.24616038759268488,1790750229,515617092,0.1379999965429306,0.15879448100143106,-0.4736197424298731,0.3799054807316599,-2.5922197403401044
0.19836573828005633,-0.46151348412843896,0.2471214696757973,1790750229,565314303,0.13899999856948853,0.16157095499398233,-0.4740925484181276,0.3805715002746868,-2.5548279507388942
0.2051783068161276,-0.46237896058529665,0.252196379606855,1790750229,615255055,0.13600000739097595,0.16433323216013337,-0.4745775667786273,0.3813431019564052,-2.517238093409016
0.21237677823434084,-0.4630898555011113,0.25561413917958137,1790750229,665146462,0.13500000536441803,0.16706961892210173,-0.475073500385186,0.3822184638242817,-2.4795596621203866
0.22056716805791943,-0.4635661995622507,0.2565282109216843,1790750229,715342569,0.13699999451637268,0.16978742789429388,-0.4755824853364506,0.3832011179010127,-2.441626362844303
0.22803190469541734,-0.4642522293860914,0.2596211420471917,1790750229,765542981,0.13699999451637268,0.1724860568313974,-0.4761053460780536,0.3842933559011216,-2.4033892411849496
0.23492472479957485,-0.46504911343213445,0.2638823415478482,1790750229,815614799,0.13600000739097595,0.17513640914308606,-0.4766372729497918,0.38548445452414026,-2.365192269266374
0.24294083962035784,-0.46560818581138175,0.26570065329716436,1790750229,865275639,0.1379999965429306,0.17770460886403355,-0.47717162693998505,0.3867565084708064,-2.3274930463188284
0.24948153779036408,-0.46645053551380516,0.2704569498298295,1790750229,915345975,0.13699999451637268,0.18023970110981244,-0.477719087129818,0.3881327174927906,-2.289516501553118
0.2552377860505635,-0.4673918610344103,0.27625461381040445,1790750229,965432950,0.13500000536441803,0.18270923985418394,-0.47827326784205326,0.38959572030279366,-2.2517012724925505
0.26241978762436236,-0.46811443082881177,0.2797675676323274,1790750230,15608964,0.13600000739097595,0.18512234406800201,-0.4788367720470609,0.39115041473544393,-2.213849865584904
0.2682390636989703,-0.46901078155318243,0.2851183258634414,1790750230,65416110,0.13500000536441803,0.18745349477087514,-0.4794038515037009,0.3927783342154776,-2.176333331375499
0.27454061054160195,-0.4698630063175115,0.289952402872626,1790750230,115958313,0.13500000536441803,0.18975278881659838,-0.47998759470221214,0.39451587376740027,-2.1382733426640135
0.27928510166739795,-0.47087574529622084,0.2964715635080608,1790750230,165717330,0.13300000131130219,0.19196357354997848,-0.48057434402958255,0.3963208912907472,-2.100559051372624
0.28578197963497975,-0.4716895966848483,0.3009375058700932,1790750230,215455995,0.1340000033378601,0.19410469322968862,-0.4811694365765113,0.3982072786031329,-2.062819092687768
0.2893093690360044,-0.4728062497352483,0.3084864025283632,1790750230,265316087,0.13099999725818634,0.19618028525980147,-0.4817746931627773,0.40017904159572243,-2.0249348176074595
0.2961887885349042,-0.47360437145646395,0.3127508625142376,1790750230,315478219,0.13300000131130219,0.1981906964802505,-0.4823913786910611,0.4022392014546445,-1.9868115269396334
0.29909558420159943,-0.47474136513835796,0.3204948344675991,1790750230,365291588,0.12999999523162842,0.20010351114956007,-0.48300985581379335,0.40435304989717613,-1.949033701196146
0.30478906287469015,-0.475639605959474,0.325802420308583,1790750230,415236562,0.13099999725818634,0.20193783176713298,-0.4836367163387731,0.406540699748301,-1.9111712165602992
0.31032066524909596,-0.47656537370165497,0.33137325854856053,1790750230,465367074,0.13199999928474426,0.20369526114339714,-0.48427323731020616,0.40880459489929705,-1.873140766312054
0.3123109444977202,-0.47772938988469643,0.33935631439873526,1790750230,515140840,0.1289999932050705,0.20535278146468652,-0.4849117620019977,0.4111153775076962,-1.8353753825212697
0.3165433979757246,-0.4787484367878336,0.34582654236038846,1790750230,565569329,0.1289999932050705,0.2069427829783395,-0.48556552413203197,0.41351871885992764,-1.7970849110501388
0.31875600408320154,-0.47987430907686257,0.35337985079271383,1790750230,615568922,0.12700000405311584,0.20842632366668518,-0.4862197499888932,0.41595858542607583,-1.7591142619965756
0.326866659905038,-0.4806780816143888,0.3577498642804019,1790750230,665559942,0.13199999928474426,0.20982123436659675,-0.48688226295919185,0.4184612825272069,-1.7209922702641285
0.3267414078262599,-0.4819163629735828,0.3663911260097883,1790750230,715270338,0.12800000607967377,0.21111247001044486,-0.48754682129396815,0.42100109062326624,-1.6830564162649457
0.32714791755983147,-0.48310328161247196,0.374494701108538,1790750230,765440499,0.125,0.21230552179699183,-0.4882173735925974,0.42358716691206155,-1.6451086921850322
0.3299843455207089,-0.48416239106219977,0.3813788453812364,1790750230,815330795,0.125,0.21339069285461643,-0.48888782230397865,0.42619614625442387,-1.607434145835768
0.3304496214446312,-0.48520366910763035,0.3883827796744263,1790750230,865169767,0.12300000339746475,0.21429068316911573,-0.4895000035045419,0.4286027175812809,-1.5731616263980168
0.33540552987414934,-0.4860698547865734,0.39378481268557325,1790750230,915400178,0.12600000202655792,0.2150976207064724,-0.4901080721950622,0.4310098083545639,-1.5392812092901156
0.3364950771211369,-0.4866146517182678,0.3973734462894553,1790750230,965388058,0.12600000202655792,0.21551148972597525,-0.4904485289824494,0.4323630658474481,-1.5203894255386834
0.33351722233834824,-0.4871997160665475,0.4015158611489651,1790750231,15386495,0.12200000137090683,0.2158456580565913,-0.49074119499284635,0.4335293148989151,-1.5041900017334005
0.3346749814950922,-0.48727830180192394,0.4019588951554953,1790750231,65680472,0.12300000339746475,0.21592009544352825,-0.490808945179827,0.4337993165094043,-1.5004494152306247
0.33474954742689006,-0.4873203099357232,0.40223387193379845,1790750231,115713732,0.12300000339746475,0.21594881988758033,-0.49083541316048485,0.4339045527162873,-1.4989922054574867
0.33379480726535915,-0.487355186515806,0.40253250513745625,1790750231,165155781,0.12200000137090683,0.21595312546075807,-0.49083939334168775,0.4339203796554752,-1.4987730979919434
0.33379480726535915,-0.487355186515806,0.40253250513745625,1790750231,215341663,0.12200000137090683,0.21595312546075807,-0.49083939334168775,0.4339203796554752,-1.4987730979919434
0.33572663481124343,-0.48729806846878965,0.4020179506973625,1790750231,265379720,0.12399999797344208,0.21595312546075807,-0.49083939334168775,0.4339203796554752,-1.4987730979919434
0.33186297252284414,-0.48741230477560393,0.4030470614944179,1790750231,316417817,0.11999999731779099,0.21595312546075807,-0.49083939334168775,0.4339203796554752,-1.4987730979919434
0.32896522760570235,-0.48749798195251937,0.4038188941129925,1790750231,365242978,0.11699999868869781,0.21595312546075804,-0.49083939334168786,0.43392037965547525,-1.4987730979919434
0.33572663481124343,-0.48729806846878965,0.4020179506973625,1790750231,416171398,0.12399999797344208,0.21595312546075807,-0.49083939334168775,0.4339203796554752,-1.4987730979919434
0.33572663481124343,-0.48729806846878965,0.4020179506973625,1790750231,467673159,0.12399999797344208,0.21595312546075807,-0.49083939334168775,0.4339203796554752,-1.4987730979919434
0.33282888989410164,-0.48738374564570497,0.40278978331593707,1790750231,516097435,0.12099999934434891,0.21595312546075807,-0.49083939334168775,0.4339203796554752,-1.4987730979919434
0.332570315927101,-0.4873512232201454,0.4018298286470009,1790750231,565454326,0.12099999934434891,0.21585283079161927,-0.4908601985811664,0.4335428480065129,-1.5036950003427365
0.33129431308047624,-0.48734236053080543,0.4009605691205446,1790750231,615243499,0.11999999731779099,0.21573140436673985,-0.4908849583292755,0.4330956509895666,-1.5095335735961188
0.33490212471184116,-0.4870514931880381,0.39545958519634783,1790750231,665585958,0.125,0.21527203570250475,-0.49097557610738624,0.4314907297363194,-1.5305640717704798
0.32869453581649544,-0.48706194886238013,0.3923827829990745,1790750231,715309029,0.11999999731779099,0.2147166113969444,-0.49107858112917246,0.42970434200341284,-1.5541290088071373
0.3300971756317792,-0.48670037439914304,0.3842579837809716,1790750231,765158509,0.12399999797344208,0.21379847194500184,-0.4912350736714985,0.4270370384771439,-1.589662995614206
0.3272635315180247,-0.4864678213043046,0.3770079877649047,1790750231,815297715,0.12399999797344208,0.21271184802844514,-0.49140635940149874,0.4242258037730536,-1.6276223764633728
0.3231648315234326,-0.4862859470747963,0.3701173546086661,1790750231,865203687,0.12300000339746475,0.21148728449153742,-0.4915874118857293,0.4213913323710127,-1.6665009749967008
0.322330289734034,-0.4859364657022362,0.3615287837923227,1790750231,915468950,0.12600000202655792,0.21013410972367494,-0.491776422815614,0.4185718605211389,-1.7058704749872942
0.3185217378590188,-0.48573391383775016,0.3544107699239565,1790750231,965061649,0.12600000202655792,0.20868536073014213,-0.49196969135199703,0.41583621944358623,-1.744835533366967
0.31606432956864566,-0.4854391116661075,0.3462867672057792,1790750232,15470330,0.12800000607967377,0.20710216216045854,-0.49217270410367736,0.41311420440781044,-1.7844645898303018
0.3107857007217827,-0.4853184757015615,0.3399205546253103,1790750232,65679573,0.12700000405311584,0.20542587801976148,-0.4923813437514383,0.41047850729260443,-1.8237814533926473
0.30447082480209886,-0.4852806326382166,0.33438684617587777,1790750232,115947123,0.125,0.20364513141302104,-0.4925972723366108,0.40790994687311133,-1.8631156632815098
0.3035301605873216,-0.48484618926842415,0.3249147589436171,1790750232,165828742,0.12999999523162842,0.20178908221351619,-0.4928183133350033,0.4054454795999335,-1.9019517174412872
0.29912925849939376,-0.4846619284031436,0.3180150893644503,1790750232,215105640,0.13099999725818634,0.19986342311739472,-0.4930440506096382,0.40308584365095046,-1.9402839355161978
0.29431797175349717,-0.4844914995038132,0.31113400632695715,1790750232,265255281,0.13199999928474426,0.19780488560209197,-0.49328311192189184,0.4007550505286077,-1.9794306275633198
0.28708850410167297,-0.4845455223397643,0.3065327322721781,1790750232,315452088,0.12999999523162842,0.19565199993361532,-0.4935310929645548,0.3985035101654584,-2.0186419996159284
0.28307508537258314,-0.48427510934014656,0.298568493643799,1790750232,365632822,0.13300000131130219,0.19339914308566405,-0.49378989646116517,0.3963268413681813,-2.0580815625439097
0.2761289161350783,-0.48431053576562666,0.2937799911389515,1790750232,415358614,0.13199999928474426,0.19108008146491565,-0.49405578031282366,0.3942574798671992,-2.0972088480344278
0.26964370556227724,-0.48429977203258384,0.2885099837647521,1790750232,465307160,0.13199999928474426,0.18868264331902443,-0.4943314325134589,0.39228219584300106,-2.13632446897448
0.26354502724862305,-0.48423632686503953,0.28269779096540604,1790750232,515227955,0.13300000131130219,0.18621257774433803,-0.4946163089048799,0.3904054906684736,-2.175384062477247
0.2580751454991175,-0.48403731226523655,0.2753064290032342,1790750232,566208912,0.13600000739097595,0.18359547909592264,-0.4949204353744005,0.3885775150499616,-2.2155929879185843
0.25085190218166686,-0.48409928712898426,0.27075529846375956,1790750232,615837129,0.13600000739097595,0.18097452139163595,-0.4952272697406313,0.38689883753186877,-2.254794820802243
0.2435335358209273,-0.4841890241021326,0.26653900298850197,1790750232,665176722,0.13600000739097595,0.17831960356937132,-0.49554162278420677,0.3853424690734557,-2.2935727425022403
0.2350294129053906,-0.4844791601977501,0.264328604814305,1790750232,715458281,0.1340000033378601,0.17555596112071506,-0.4958723810505823,0.3838656448728616,-2.33305656940507
0.2278609068880702,-0.48454349425885024,0.2598221494903052,1790750232,765168518,0.13500000536441803,0.1727813383284938,-0.4962092876509288,0.38252158649071344,-2.371921743015921
0.22000069423493798,-0.48472453257196363,0.2564652018478376,1790750232,815625450,0.13500000536441803,0.16991579327247422,-0.49656202929919974,0.3812705615693086,-2.4113395547158323
0.21203012862815523,-0.4849362204200606,0.25343163760865806,1790750232,865768692,0.13500000536441803,0.16701056443876855,-0.49692583802812446,0.38013794904657733,-2.4506684069135742
0.2043444064782533,-0.48508528602570117,0.24979944013267974,1790750232,915238871,0.13600000739097595,0.16410073374060447,-0.4972961677454653,0.379133670646324,-2.48949659933413
0.19642146272699051,-0.48526578284462335,0.24644535196126283,1790750232,965202055,0.13699999451637268,0.16113289823500104,-0.4976812212449356,0.37823902632732975,-2.5286147808974606
0.18788904643260942,-0.48565864172224255,0.24533986135785196,1790750233,15225268,0.13600000739097595,0.15813028664442708,-0.4980780537275383,0.3774616855643679,-2.567761301160273
0.17906143354955853,-0.486181749220336,0.24553982740782496,1790750233,65312981,0.1340000033378601,0.1550575964488899,-0.4984929741824771,0.37679625749383117,-2.607462250783663
0.17074096217080956,-0.4864622048940638,0.2431487463831464,1790750233,115310480,0.13500000536441803,0.15195884349349295,-0.49892023524831114,0.3762540841652081,-2.647194657336692
0.16213675771360928,-0.486958392254529,0.24307721870265572,1790750233,165390360,0.1340000033378601,0.1488586329812347,-0.49935799244361856,0.375839947709289,-2.6867218429245385
0.15375327204926226,-0.4871194746284041,0.2393739478734264,1790750233,215885624,0.13699999451637268,0.14572333792049705,-0.4998109236112635,0.3755482691608457,-2.726524879175334
0.1452375776732565,-0.4875817809555756,0.23899968308857306,1790750233,265191550,0.13699999451637268,0.1426482632829825,-0.5002666504536569,0.3753865887441055,-2.765473269680969
0.13660442672935014,-0.4881758185814311,0.23995943012848223,1790750233,315241059,0.13600000739097595,0.13952245496204563,-0.5007413462441668,0.37534626344744176,-2.8050240118388965
0.1280547062822362,-0.4888029957117377,0.24126470019660098,1790750233,365610618,0.13500000536441803,0.13639820717299495,-0.5012289840950219,0.37543243944109034,-2.8445905465271673
0.11944020068191645,-0.489177188460184,0.2399234195579517,1790750233,415216057,0.13699999451637268,0.1333315318351121,-0.5017203684387631,0.3756389236549537,-2.883513762244338
0.11088426143181968,-0.4897748313927498,0.2409194951631946,1790750233,465228963,0.13699999451637268,0.13024195652124576,-0.5022299394974045,0.3759718865541371,-2.922889935230787
0.10285786415840269,-0.4906791789902078,0.2452053503560579,1790750233,515577819,0.1340000033378601,0.1271466745361775,-0.5027551103291485,0.3764312108686726,-2.9625558867649793
0.09466755583299924,-0.49143440024065316,0.24785076233209521,1790750233,565848997,0.13300000131130219,0.12406620815347413,-0.5032943070397725,0.3770175622508918,-3.002329873798026
0.08595323154205657,-0.4919456296619507,0.24790335502490882,1790750233,615464816,0.13500000536441803,0.12105037725531333,-0.5038384091129375,0.3777176593526889,-3.04161567941455
0.07794733074318909,-0.4927645168081523,0.2512156852341079,1790750233,665725188,0.1340000033378601,0.11802321398131994,-0.5044029599355282,0.3785517410816214,-3.0814844157189514
0.06977684921273689,-0.4935266952243603,0.25390173826568213,1790750233,716022839,0.1340000033378601,0.11503040808561608,-0.504979642263719,0.3795080530273175,-3.1213960756214005
0.06148102021577858,-0.4942231257240569,0.2559432065073568,1790750233,765610880,0.13500000536441803,0.11212975328747338,-0.5055587224865067,0.38056748798036766,-3.1606484375798596
0.054367246347435914,-0.49520992893348265,0.26109898464804915,1790750233,815911299,0.13300000131130219,0.10923553991298912,-0.5061569044174458,0.3817581510539388,-3.200447692627293
0.04582462694988311,-0.49588926779357473,0.262908118171389,1790750233,865595627,0.13500000536441803,0.10642265773638115,-0.5067606867595066,0.3830525827249368,-3.239848670258141
0.03860406712545664,-0.49685646034930636,0.2677855491249765,1790750233,916202717,0.1340000033378601,0.10361350525084835,-0.5073866941840985,0.3844855406611886,-3.2799974072959537
0.03135878994067731,-0.4977409736482204,0.2719334734979817,1790750233,965226371,0.1340000033378601,0.10096033577998888,-0.5080023005442325,0.3859787753813031,-3.3187797008845283
0.022989444146066476,-0.49852715340585535,0.2748277850163426,1790750234,15597615,0.13600000739097595,0.09830053911602528,-0.5086445760045253,0.38761909117391524,-3.3586078653657996
0.018206337742324552,-0.49978214737403776,0.2829420217531622,1790750234,65495186,0.13199999928474426,0.0957134983879968,-0.5092972800962948,0.3893661830563938,-3.3984166576711115
0.010124452758743407,-0.5006323994687203,0.28649071201455656,1790750234,115663224,0.1340000033378601,0.09318353547575117,-0.5099642817006429,0.39122898413494867,-3.438504140779765
0.006120214884020925,-0.501909044533558,0.294888329728783,1790750234,165470461,0.12999999523162842,0.09076364251623503,-0.5106333442541446,0.3931704517718022,-3.478108872995252
0.0005343609700394214,-0.502995286153573,0.30114850788781283,1790750234,215355022,0.1289999932050705,0.08842397271610986,-0.5113117790427262,0.3952083310859132,-3.5177408026533845
-0.005507990883762776,-0.5040443057194183,0.3069381430636861,1790750234,265460003,0.1289999932050705,0.08615799027212603,-0.5120039242143166,0.3973537977870366,-3.5576161612801154
-0.011303107619082473,-0.5051139233082549,0.3129628239179844,1790750234,315513206,0.1289999932050705,0.08398418350365067,-0.5127039141831119,0.39958685312420017,-3.597462755881291
-0.016812285080592765,-0.5061985953027995,0.3191814003922446,1790750234,365245720,0.1289999932050705,0.08191833173665759,-0.5134084205901964,0.4018934428595826,-3.637067935618726
-0.018230899071733503,-0.5075934747816101,0.3288208443365662,1790750234,416189165,0.12399999797344208,0.07990202589839561,-0.514137910671618,0.40433970882155584,-3.6776397666548357
-0.0238279053461163,-0.5086344053853269,0.3346274723263704,1790750234,465381551,0.125,0.07806456864594437,-0.5148467944282842,0.40676851450179363,-3.716626747932099
-0.027649261849144208,-0.5098201092963075,0.3419467433511793,1790750234,515904427,0.12399999797344208,0.07628243354837312,-0.5155810443938497,0.40933378821896693,-3.7566360166362815
-0.03025862659719364,-0.5110528004704677,0.34985148280586176,1790750234,565872286,0.12200000137090683,0.07461933768216109,-0.516318211611399,0.4119553344467755,-3.796409915604151
-0.034221892947211424,-0.5121952618070812,0.35676429471688925,1790750234,615288101,0.12200000137090683,0.07308085801197213,-0.5170537448236266,0.41461336656657966,-3.8357788938174555
-0.0361434082731924,-0.5134377552352667,0.3647867779716543,1790750234,665249803,0.11999999731779099,0.07163785903826667,-0.5178039479731892,0.4173618113428369,-3.8755822654826986
-0.037699216176838135,-0.5146783340883796,0.3728037623704262,1790750234,715198208,0.11800000071525574,0.07030958161125889,-0.5185591327383823,0.4201644968559518,-3.9153751146203115
-0.04167967624018361,-0.5158233280535888,0.37969068133022205,1790750234,765422959,0.11900000274181366,0.06910042107115348,-0.5193156149671402,0.4230101298996092,-3.9550728301588682
-0.04350294577126167,-0.5170380459362642,0.3874313730060182,1790750234,815798573,0.11800000071525574,0.0680074621411774,-0.5200769528003104,0.4259046642750721,-3.9948263464770823
-0.04140379831314357,-0.5179511730522669,0.3937577418978832,1790750234,865444548,0.11400000005960464,0.06732592416463444,-0.5206028638320954,0.42791643039002836,-4.022133182081082
-0.043788918715932906,-0.5186805057738463,0.39815156772896737,1790750234,915292906,0.11500000208616257,0.06674809904180778,-0.52108932222401,0.42978645019044853,-4.047307319216142
-0.0443023216115503,-0.5189681821984141,0.3999496099571469,1790750234,965607519,0.11500000208616257,0.06654072678787024,-0.5212751327816377,0.43050279441225203,-4.056901920593621
-0.044648026445616426,-0.5191680276312266,0.40119982603062443,1790750235,15826900,0.11500000208616257,0.06640105303371066,-0.5214041758499809,0.4310008674177179,-4.06355803410742
-0.04469754159747101,-0.5191970793179362,0.40138166357369026,1790750235,66043956,0.11500000208616257,0.06638104452676524,-0.5214229317531538,0.43107330828048707,-4.064525127410889
-0.041799840727477625,-0.51925514500605,0.40215622785021243,1790750235,115461724,0.1120000034570694,0.06638104452676526,-0.5214229317531538,0.43107330828048707,-4.064525127410889
-0.04566343708978801,-0.5191777241847035,0.40112347676395094,1790750235,165215386,0.11599999666213989,0.06638104452676521,-0.5214229317531538,0.43107330828048707,-4.064525127410889
-0.04469754159747104,-0.5191970793179362,0.40138166357369026,1790750235,215586702,0.11500000208616257,0.06638104452676521,-0.5214229317531538,0.43107330828048707,-4.064525127410889
-0.04373163890863281,-0.5192164345953767,0.40163985230708166,1790750235,265163760,0.11400000005960464,0.06638104452676526,-0.5214229317531538,0.43107330828048707,-4.064525127410889
-0.043731638908632825,-0.5192164345953767,0.40163985230708166,1790750235,317107171,0.11400000005960464,0.06638104452676521,-0.5214229317531538,0.43107330828048707,-4.064525127410889
-0.043731638908632756,-0.5192164345953767,0.40163985230708177,1790750235,369039739,0.11400000005960464,0.06638104452676528,-0.5214229317531538,0.4310733082804871,-4.064525127410889
-0.04469754159747104,-0.5191970793179362,0.40138166357369026,1790750235,417789712,0.11500000208616257,0.06638104452676521,-0.5214229317531538,0.43107330828048707,-4.064525127410889
-0.04435608494072525,-0.5191532922024352,0.40012981648900625,1790750235,465172538,0.11500000208616257,0.06651938901663448,-0.5214492218618734,0.43056595391718777,-4.057640208380188
-0.044886244466270986,-0.5190789452788687,0.39831973431326695,1790750235,516758166,0.11599999666213989,0.06669425429491642,-0.5214816856485867,0.4299428012191957,-4.049167223999447
-0.03967299696933842,-0.5190081763641402,0.3948403897289586,1790750235,565360387,0.1120000034570694,0.06725576333838844,-0.5215814164004897,0.4280611577687192,-4.023464190479809
-0.040814068971486386,-0.518759932539745,0.38870113143176255,1790750235,615335625,0.11500000208616257,0.06795259078346833,-0.5216966937567639,0.42593269920860366,-3.994156265329876
-0.04172686826321355,-0.5183849147854535,0.3796022352074291,1790750235,665440198,0.11900000274181366,0.06908866956134242,-0.521868676275533,0.4228316307050104,-3.950951306969458
-0.039258288649541326,-0.5180750117854716,0.37109924894914637,1790750235,715213285,0.11999999731779099,0.07042612328326985,-0.5220547416988525,0.41961203989173984,-3.9053580806654455
-0.03273815986530283,-0.5179141256203691,0.3642956736805346,1790750235,765439999,0.11699999868869781,0.07193400509490955,-0.5222506200733456,0.4163910899045815,-3.8588599195618767
-0.030363635496001642,-0.5175879586958826,0.35551451239544707,1790750235,815385403,0.11900000274181366,0.07357779664543285,-0.5224520805586378,0.4132511528886684,-3.812532256056799
-0.02752899935595912,-0.5172634318589916,0.3467423379890685,1790750235,865337447,0.12099999934434891,0.07536840394778543,-0.5226619065621555,0.4101771920171047,-3.7660204029246813
-0.021714888869326834,-0.5170850443375712,0.3396317583280312,1790750235,915825534,0.11999999731779099,0.07731730374518973,-0.5228818249261649,0.4071522849628172,-3.7189762048797452
-0.017289796802918242,-0.5168349755875986,0.33174945175761794,1790750235,965691085,0.12099999934434891,0.0793689815137703,-0.5231073150527561,0.4042666095431484,-3.672668507581086
-0.01328168175605153,-0.516544802559727,0.32343428004371183,1790750236,15365338,0.12300000339746475,0.08153693137683121,-0.5233404177321894,0.4014871534934501,-3.626565218014997
-0.008790603932742336,-0.5162639470676336,0.3151830461920956,1790750236,65395613,0.125,0.0838476390772343,-0.5235856467557969,0.3987865667262266,-3.5800630404680427
-0.004560016071840006,-0.5159326246287596,0.30635756714438467,1790750236,115543056,0.12800000607967377,0.08628278031927994,-0.5238413712307215,0.3961854004001413,-3.5334394706808547
0.004191719239711386,-0.5160002013107584,0.30207414600043786,1790750236,165638749,0.125,0.08881921030275138,-0.5241068876815252,0.3937118532636661,-3.4870654647095294
0.009711346705664176,-0.5157751753766427,0.29454685051945356,1790750236,215079054,0.12700000405311584,0.09142532461790469,-0.5243792501355814,0.3913858754050435,-3.44133387671942
0.015219486757909725,-0.5154960133066421,0.2862775681422031,1790750236,265426814,0.12999999523162842,0.09420540183464877,-0.5246710896137698,0.38912231499138333,-3.394383547611428
0.021191315607278605,-0.5152314438207926,0.2782008330838569,1790750236,315564387,0.13300000131130219,0.09707634527510894,-0.5249740900660498,0.3869921170419878,-3.347553125805674
0.0303382385455086,-0.5153641683266921,0.27452449721366845,1790750236,365717691,0.13099999725818634,0.1000539904175967,-0.5252917403501276,0.3849878691351962,-3.3005170812947013
0.03756374853164232,-0.5152275130471246,0.26786616295731913,1790750236,415660548,0.13300000131130219,0.10310723684550793,-0.525621062613361,0.38312684843103445,-3.253643310014409
0.045182228947363096,-0.5151181914329765,0.2614955501393514,1790750236,465542683,0.13500000536441803,0.10624713622955215,-0.5259651155766628,0.3814056113670552,-3.2066873667052254
0.05443312732874529,-0.5152840362990482,0.25814756675714423,1790750236,515588912,0.1340000033378601,0.10947240844531728,-0.5263240952864403,0.3798225252583592,-3.159551688015057
0.06374843612728232,-0.5154919739540059,0.255261587196169,1790750236,565551214,0.13300000131130219,0.11275276069310385,-0.5266964923098449,0.3783958037692551,-3.112605062263743
0.07276044150969842,-0.515653871403873,0.2518963439792751,1790750236,615232457,0.13300000131130219,0.11607193898944869,-0.5270806601691578,0.3771263045852799,-3.065942127764965
0.08166943274345162,-0.5157685893749996,0.24797921003690404,1790750236,665269639,0.1340000033378601,0.11945775327955595,-0.527481651371984,0.3760059568684234,-3.0190959716342998
0.09106094300100631,-0.5160089756059405,0.24541841412806314,1790750236,715509565,0.1340000033378601,0.12290032905371433,-0.5278987069299419,0.375036656206006,-2.972088310845959
0.1008970568977834,-0.5164689150967173,0.24525498366242313,1790750236,765171734,0.13199999928474426,0.12636512226475768,-0.528329458040928,0.37423058204717397,-2.925313979340822
0.11041627564176808,-0.5167079873559588,0.24256499844929932,1790750236,815933731,0.13300000131130219,0.12994206584427187,-0.5287857314594897,0.3735683265106269,-2.87744745450893
0.11995467327668742,-0.5170709087740861,0.24133324544878954,1790750236,865539223,0.13300000131130219,0.13345575357188685,-0.5292470159152217,0.3730847676204766,-2.8307595246156527
0.12936307028139296,-0.5171077818495133,0.23655505110981656,1790750236,915415515,0.13699999451637268,0.13700295396039536,-0.5297259399379175,0.37275862213977706,-2.7838320984096385
0.1393243184021167,-0.5179280431237931,0.2401710738195061,1790750236,965304020,0.13300000131130219,0.14059025057770091,-0.530225570105145,0.37259527324950503,-2.7365071478145464
0.14915786812465479,-0.5183318963657734,0.23926457044051125,1790750237,15397740,0.1340000033378601,0.1441982841054749,-0.5307438855650997,0.37259628439116527,-2.688915547496468
0.15889728810182635,-0.5188674219404448,0.2398037117274807,1790750237,65280040,0.1340000033378601,0.14776910257069056,-0.5312743581159687,0.37276322555055247,-2.6417446322258855
0.1686110255332241,-0.5194454406430479,0.2407895069212997,1790750237,115270379,0.1340000033378601,0.1513297663868471,-0.5318212050237582,0.37309294388669156,-2.5945129451432924
0.17870655796284945,-0.5198889628609422,0.2402764547286248,1790750237,165444942,0.13600000739097595,0.1549028395423259,-0.5323900268740835,0.37359227673877216,-2.546840460886985
0.18784000613315283,-0.5208366469273497,0.24511340742648854,1790750237,215773924,0.13300000131130219,0.15846010316681627,-0.5329772080956362,0.37425839736033817,-2.49896885285381
0.19777016800294223,-0.5213591748169315,0.24549580417378788,1790750237,265391396,0.13500000536441803,0.16192255076395068,-0.533571104793989,0.3750751951004129,-2.4518920956368877
0.2065874175664031,-0.522289620747039,0.2501661218532048,1790750237,315399847,0.13300000131130219,0.16536553842355484,-0.5341848204986619,0.3760559993319274,-2.404465575255305
0.21618032482643992,-0.5229958537422321,0.25242621302313073,1790750237,365465343,0.1340000033378601,0.1687691128040844,-0.5348169945742327,0.37719976189687154,-2.3568801410789706
0.22489128900683508,-0.523917654035599,0.2569662520281141,1790750237,415442052,0.13300000131130219,0.17210772379977013,-0.5354634811638546,0.378496451850061,-2.309359698006905
0.23423003513865315,-0.5247086292973789,0.26010369417738655,1790750237,465301584,0.1340000033378601,0.17538634746952525,-0.5361270087789596,0.37994960326926697,-2.2617600600261474
0.2430143564645334,-0.5256303862545889,0.26458714354178603,1790750237,515380683,0.1340000033378601,0.17860645070826406,-0.5368087795649039,0.38156007243406415,-2.213915408328709
0.2499800051902547,-0.5268328300329467,0.27200378874469455,1790750237,565120917,0.13099999725818634,0.181733639835088,-0.5375032725445202,0.38331225452363304,-2.1662628163495192
0.25992758640740454,-0.527596040164182,0.2747751298112299,1790750237,615421093,0.1340000033378601,0.18480732312698497,-0.5382203187036583,0.3852290643031374,-2.1180496025126
0.26738409174909905,-0.5287105056064,0.28123130098823346,1790750237,665436506,0.13300000131130219,0.18776105977960333,-0.5389462117227524,0.3872709324902842,-2.070239330470683
0.27257792170259953,-0.5300783702638152,0.2902982813036918,1790750237,715441039,0.1289999932050705,0.19061031338798337,-0.539685037936205,0.3894447455387928,-2.0224638257907115
0.2812192513686179,-0.5310293277590968,0.29504355378378355,1790750237,765488730,0.13099999725818634,0.193351967492154,-0.5404374554458387,0.3917483977123464,-1.9747095314195038
0.286128554017468,-0.5323621472792072,0.3037377890209033,1790750237,815241418,0.12800000607967377,0.19596347301549913,-0.5411977312898677,0.39416008814836123,-1.9272484135435801
0.29356497828288564,-0.5334614898852109,0.30995322807876957,1790750237,865297665,0.1289999932050705,0.1984920722801259,-0.5419815589918365,0.3967262032122578,-1.8791354247209993
0.2985646974387774,-0.5348138469777467,0.31862328506320603,1790750237,916424648,0.12700000405311584,0.20094670408097107,-0.5427955590691452,0.399468944652183,-1.8299203700319415
0.3060209161923959,-0.535892934351978,0.32472227109714136,1790750237,965353454,0.1289999932050705,0.20317016151766645,-0.5435872732703396,0.4022046410812625,-1.7827735193941574
0.31010571886452526,-0.5372751064945694,0.33372123336899934,1790750238,15786909,0.12700000405311584,0.2053237588185025,-0.5444142285048645,0.40512693913070474,-1.7341684247426326
0.31462623691260977,-0.538636415148575,0.3424167316319451,1790750238,66696417,0.12600000202655792,0.2073616897030274,-0.5452642945279498,0.4081920205902487,-1.684876019849868
0.31849234202891613,-0.5399587500624158,0.35091671827479287,1790750238,115400775,0.125,0.20916836101412078,-0.5460875939772074,0.41121352123601784,-1.6376797522134676
0.32026866958808176,-0.5414262061608848,0.3606743350731687,1790750238,165567310,0.12200000137090683,0.2108792483846296,-0.5469457342404257,0.414409702132994,-1.58905574943131
0.32515452385290644,-0.5427169699534058,0.36872602601436916,1790750238,215392664,0.12300000339746475,0.21242185630666052,-0.54780649321281,0.4176590747307113,-1.5407605109824671
0.330394986126838,-0.5439131560713848,0.3761517053867956,1790750238,265319159,0.125,0.21372552726449084,-0.5486211664982535,0.42077313528978705,-1.4953882145472872
0.33150798102436363,-0.5452638350613144,0.3850721081721256,1790750238,315422526,0.12300000339746475,0.21487585825135747,-0.5494346158720067,0.42391220807760893,-1.4504119253893988
0.3321781082045927,-0.546075424471246,0.39039567811745746,1790750238,365074063,0.12200000137090683,0.21550315981923754,-0.5499306604659769,0.42583709328673236,-1.4231553363602227
0.3315896230271849,-0.5468370565850253,0.39546361289251397,1790750238,415494768,0.11999999731779099,0.21602122547502087,-0.5503779355687377,0.42757913903669403,-1.3986743026830628
0.33193899918524117,-0.5470322334176282,0.39671869650890684,1790750238,465828286,0.11999999731779099,0.21615783662483554,-0.5505027885808771,0.42806637583752083,-1.3918558301567534
0.330193227245624,-0.5471953386009084,0.39791533470087814,1790750238,516067498,0.11800000071525574,0.2162304743813821,-0.5505705109271221,0.4283307804508986,-1.3881605981117278
0.3311851775665633,-0.5471818002888518,0.39775427998010926,1790750238,565299511,0.11900000274181366,0.21624075391809158,-0.5505801725011263,0.42836851181726554,-1.3876335620880127
0.3331170132932909,-0.5471246848878256,0.3972397559611781,1790750238,615469083,0.12099999934434891,0.21624075391809158,-0.5505801725011263,0.42836851181726554,-1.3876335620880127
0.33118517756656335,-0.5471818002888519,0.39775427998010926,1790750238,665238094,0.11900000274181366,0.2162407539180916,-0.5505801725011265,0.42836851181726554,-1.3876335620880127
0.3302192561048689,-0.5472103580957506,0.39801154294795216,1790750238,715373138,0.11800000071525574,0.21624075391809153,-0.5505801725011262,0.42836851181726554,-1.3876335620880127
0.33021925610486885,-0.5472103580957506,0.39801154294795227,1790750238,765402735,0.11800000071525574,0.21624075391809147,-0.5505801725011262,0.42836851181726565,-1.3876335620880127
0.330219256104869,-0.5472103580957508,0.39801154294795216,1790750238,816111703,0.11800000071525574,0.2162407539180916,-0.5505801725011265,0.42836851181726554,-1.3876335620880127
0.33021925610486896,-0.5472103580957507,0.39801154294795216,1790750238,868529479,0.11800000071525574,0.21624075391809158,-0.5505801725011263,0.42836851181726554,-1.3876335620880127
0.3311851775665633,-0.5471818002888518,0.39775427998010926,1790750238,916577691,0.11900000274181366,0.21624075391809158,-0.5505801725011263,0.42836851181726554,-1.3876335620880127
0.32886805550888903,-0.5471927339523076,0.3968461911652051,1790750238,965420449,0.11699999868869781,0.2160881253443452,-0.5506120286137134,0.4277976930553298,-1.3950453425099565
0.33031671562087894,-0.5470779862620052,0.39460447950287464,1790750239,15424426,0.11900000274181366,0.2159001605445076,-0.5506502620447388,0.42711742189109037,-1.4038976259644256
0.3315287208884712,-0.5468031649560866,0.3882205028455596,1790750239,65332420,0.12200000137090683,0.21525357924128338,-0.5507752605740545,0.42493990134048876,-1.4323830908680315
0.33037676245420605,-0.5465649833545456,0.38163305206783577,1790750239,115432795,0.12300000339746475,0.2144429893878706,-0.5509199859185852,0.4224912831975235,-1.46471957412734
0.32692794875596687,-0.5462774600865261,0.37257617697193096,1790750239,165232528,0.12300000339746475,0.21311349988251363,-0.5511358409775244,0.41896225460872216,-1.5119877890417224
0.32183537034682164,-0.5460332610854036,0.36346782123196475,1790750239,215682899,0.12200000137090683,0.21149729862354283,-0.5513758907902301,0.41524587228380483,-1.5627611719044903
0.32074052581690643,-0.5455844172810483,0.3523915622278778,1790750239,265326926,0.12600000202655792,0.20970495223436872,-0.5516247107189928,0.4116420201592135,-1.6131845311916733
0.31550708327292976,-0.5453351921497186,0.3431936602885296,1790750239,315288449,0.12600000202655792,0.20771312579973586,-0.5518860275888059,0.4081055220551578,-1.664011957711488
0.309799045797705,-0.5451157416431321,0.3342703534907842,1790750239,365397574,0.12600000202655792,0.20554145589445744,-0.5521598607318328,0.4046744431768461,-1.7148916162604468
0.3020404889106304,-0.5450467691745613,0.3268549712352566,1790750239,415524441,0.12399999797344208,0.2031951607227602,-0.552445905221382,0.40135902064605383,-1.7657715331045074
0.2963322574240995,-0.5448379408510928,0.31808496676408204,1790750239,465153135,0.125,0.2007075942506189,-0.5527429075436607,0.39820010450064075,-1.8161728750144774
0.2921843678575189,-0.5444541610267583,0.3073765675086927,1790750239,515828703,0.1289999932050705,0.19800377126653926,-0.5530600949211394,0.39510883850677486,-1.8676424444420685
0.28335400273139993,-0.5445045222168873,0.3012297283975368,1790750239,565056262,0.12700000405311584,0.1952128410242561,-0.5533850788450385,0.3922312248488632,-1.9179176603508221
0.2774114764198401,-0.5442398706634111,0.29171089787712756,1790750239,615246546,0.12999999523162842,0.19221702127554416,-0.5537319122109641,0.3894442326209574,-1.9692249607354064
0.26902768204286676,-0.5442281948650731,0.2847820729561708,1790750239,665277375,0.12999999523162842,0.189087924294058,-0.5540950871403308,0.3868226449269004,-2.0204514793466464
0.26142230196726113,-0.544102810315456,0.2766547699142362,1790750239,715385584,0.13199999928474426,0.18582082690907023,-0.5544755206822447,0.3843618897338885,-2.0717731838817968
0.2517215389856403,-0.5442572670166073,0.2714084659181546,1790750239,765241068,0.13099999725818634,0.1824301747376805,-0.5548744423882482,0.3820745479371237,-2.1231376399881396
0.24223959511488574,-0.5443805807745884,0.26580272715295095,1790750239,815298119,0.13099999725818634,0.17890705087295028,-0.555293245710449,0.37995570287187713,-2.1747659168699136
0.2329390215395067,-0.5444681210793099,0.2598200317890173,1790750239,865352864,0.13199999928474426,0.17528992378610317,-0.5557303436834908,0.3780306221834692,-2.226269138138028
0.22360266772059273,-0.544516146769113,0.2533603773138654,1790750239,915800179,0.1340000033378601,0.17155008529512913,-0.5561895656355488,0.3762841783019392,-2.2781518398848
0.211890907415756,-0.5451404866793219,0.25301523452484714,1790750239,965633839,0.12999999523162842,0.16775841863030222,-0.5566651970778659,0.37475061657975717,-2.3296129306453035
0.2014952410104842,-0.5454686649930889,0.24952359726819834,1790750240,15631806,0.12999999523162842,0.16387701775130298,-0.5571621903822923,0.37341116526038176,-2.381281272723212
0.1914651622044576,-0.5456665323276412,0.244664339451267,1790750240,65415288,0.13199999928474426,0.15995479024326512,-0.5576773344179875,0.37228423172197184,-2.432685875010427
0.18063713242363563,-0.5461002711144916,0.2422526214952321,1790750240,115576710,0.13199999928474426,0.15595053198429465,-0.5582163037963267,0.3713563523552406,-2.484473133631014
0.16971332235596912,-0.5465890434953676,0.2404177389353144,1790750240,165589602,0.13199999928474426,0.15191181910177054,-0.5587759647969724,0.3706428718484803,-2.5362000085804866
0.15878725422204223,-0.5471277710353006,0.2391654181017978,1790750240,215235287,0.13199999928474426,0.14787128488783255,-0.5593517581557046,0.3701441017245434,-2.5875639541057875
0.14766929668053413,-0.54772990744895,0.23848180758169393,1790750240,265243892,0.13199999928474426,0.14376077422981215,-0.5599567509590732,0.3698561869758652,-2.639607424286585
0.1364287397520714,-0.5482055175766705,0.23639619357877223,1790750240,315451314,0.1340000033378601,0.13962156765157432,-0.5605855548903182,0.36978487908344077,-2.6919154880220586
0.1253926545649991,-0.5491014866706371,0.23888262185962442,1790750240,365065748,0.13199999928474426,0.1355237028497716,-0.5612306709716031,0.3699331638654372,-2.7437841023504146
0.11429815333425059,-0.5499710650857208,0.24097091092864778,1790750240,415484266,0.13099999725818634,0.13137266310000065,-0.5619074195840635,0.3703037522304379,-2.796526443640295
0.10291631152277154,-0.5506196786222266,0.24069404789493926,1790750240,465732846,0.13300000131130219,0.12728054886793957,-0.5626012640045384,0.37089322569234734,-2.8489087701362723
0.0927664998345623,-0.5517580358202074,0.2458469598916819,1790750240,515289659,0.12999999523162842,0.12328574017446428,-0.5633049382307679,0.37168512490539984,-2.900537071647768
0.08166261789069065,-0.5526148801460319,0.24774354616506006,1790750240,565825576,0.13099999725818634,0.11924804729299619,-0.5640469518614547,0.3727141127580885,-2.953418508947381
0.07083483087488279,-0.5535081849861503,0.2501771347812633,1790750240,615343815,0.13199999928474426,0.11535002812837447,-0.564794029047872,0.3739310306733511,-3.0052777311826415
0.06084655962619608,-0.5546277036650566,0.25504963627887456,1790750240,665224446,0.13099999725818634,0.11151433312878453,-0.5655636040904147,0.3753583312756281,-3.0573080398550987
0.05056766790605374,-0.5557307482772056,0.25960933916008827,1790750240,716045636,0.13099999725818634,0.10769499469731868,-0.5663660958575579,0.3770161413360012,-3.110278795363656
0.041697153764950486,-0.5570217435584693,0.266366807857001,1790750240,765360954,0.1289999932050705,0.10404090743521885,-0.5671737320104312,0.37884432452446826,-3.1623156782450743
0.031970846258601165,-0.5582301183167617,0.2720012069712635,1790750240,815970039,0.1289999932050705,0.10039197094023744,-0.5680224978934691,0.3809216240033053,-3.2158315326601232
0.022183734801844254,-0.5593884592878218,0.27721465511374593,1790750240,865436434,0.12999999523162842,0.09693707076307924,-0.5688726347676146,0.3831485398643707,-3.2682724633302316
0.013715422777067804,-0.5607611985183591,0.28467108260558754,1790750240,915853804,0.1289999932050705,0.09354446495126247,-0.5697563757124736,0.3856037782978426,-3.32174436027407
0.0071851305693277495,-0.5622804810714096,0.29391047588804114,1790750240,965499636,0.12600000202655792,0.09035286467958192,-0.5706414500088703,0.38819315039447144,-3.374267838956132
0.0012989682743631964,-0.5638146369208029,0.3033580236905601,1790750241,15056624,0.12300000339746475,0.08731358816415641,-0.5715395026734548,0.39094119815971395,-3.4266747315620374
-0.007036755691576538,-0.5651543349265947,0.3104440802706946,1790750241,65393039,0.12399999797344208,0.08437889705223205,-0.5724699391572421,0.3939046090587245,-3.480060141004615
-0.012650072748180238,-0.5666943486068297,0.31986282040636244,1790750241,115433153,0.12200000137090683,0.081626848803303,-0.5734090977416307,0.39700408395145503,-3.5331603531142255
-0.01606360174573032,-0.5683550004029191,0.33067321303372327,1790750241,165634454,0.11800000071525574,0.07905066469792303,-0.5743627946686755,0.4002518225034908,-3.586302120240638
-0.022875307002578893,-0.5697609682803856,0.3386449191277223,1790750241,215280943,0.11900000274181366,0.07668334908679203,-0.5753171551320626,0.40359261683825925,-3.6388331482638914
-0.024181650515404482,-0.5714861067285187,0.3501876482842898,1790750241,265649006,0.11400000005960464,0.07446411301359421,-0.5763021407712798,0.40712462368226554,-3.692377276112348
-0.032761504606443476,-0.5728572037292835,0.35751484456251637,1790750241,316167821,0.11800000071525574,0.07243634430454005,-0.5773010252173634,0.4107845846020953,-3.7461281080872535
-0.03358323816094065,-0.5745103365192578,0.3684643260327638,1790750241,365672290,0.11400000005960464,0.07066208400952625,-0.5782819171477376,0.41445006293811626,-3.798469303844107
-0.035600038558104535,-0.5760861821658904,0.37852648309879944,1790750241,415188295,0.1120000034570694,0.06908963135838808,-0.5792692576958589,0.4181994186762167,-3.8507667064157163
-0.03714238313879652,-0.577223684816828,0.385720438937877,1790750241,465431467,0.11100000143051147,0.06807056496996243,-0.5799948603931845,0.4209845347544743,-3.888940010929221
-0.03919221646693331,-0.5782556136985014,0.3921236712792874,1790750241,515661899,0.11100000143051147,0.06722653304617389,-0.5806685893146538,0.4235915536089889,-3.924232111049607
-0.03994601220774763,-0.5786693888584049,0.39470142074731235,1790750241,565492946,0.11100000143051147,0.06691593611508383,-0.580938372062552,0.42464096038040205,-3.9383325873324164
-0.039498438797355456,-0.5789863211209062,0.39681754250963536,1790750241,615333900,0.10999999940395355,0.06670245986311082,-0.5811321747057548,0.42539663110552217,-3.948451836878087
-0.03764925215116323,-0.5790736716356827,0.3976370756338955,1790750241,666240136,0.1080000028014183,0.06666821735588377,-0.5811639608481735,0.4255207061679711,-3.950110673904419
-0.03958105381030566,-0.5790349626429525,0.3971207129960441,1790750241,715288738,0.10999999940395355,0.06666821735588377,-0.5811639608481735,0.4255207061679711,-3.950110673904419
-0.03958105381030566,-0.5790349626429525,0.3971207129960441,1790750241,765090701,0.10999999940395355,0.06666821735588377,-0.5811639608481735,0.4255207061679711,-3.950110673904419
-0.03764925215116323,-0.5790736716356827,0.3976370756338955,1790750241,815186909,0.1080000028014183,0.06666821735588377,-0.5811639608481735,0.4255207061679711,-3.950110673904419
-0.03861514938246734,-0.5790543172114188,0.3973788952767718,1790750241,865195078,0.10899999737739563,0.06666821735588377,-0.5811639608481735,0.4255207061679711,-3.950110673904419
-0.03861514938246734,-0.5790543172114188,0.3973788952767718,1790750241,915785079,0.10899999737739563,0.06666821735588377,-0.5811639608481735,0.4255207061679711,-3.950110673904419
-0.03958105381030562,-0.5790349626429524,0.3971207129960441,1790750241,969160967,0.10999999940395355,0.06666821735588377,-0.5811639608481735,0.4255207061679711,-3.950110673904419
-0.036683347723324905,-0.5790930262041489,0.3978952579146232,1790750242,16070689,0.10700000077486038,0.06666821735588377,-0.5811639608481735,0.4255207061679711,-3.950110673904419
-0.03861514938246734,-0.5790543172114188,0.3973788952767718,1790750242,66613874,0.10899999737739563,0.06666821735588377,-0.5811639608481735,0.4255207061679711,-3.950110673904419
-0.03958105381030566,-0.5790349626429525,0.3971207129960441,1790750242,115955924,0.10999999940395355,0.06666821735588377,-0.5811639608481735,0.4255207061679711,-3.950110673904419
-0.03764925215116323,-0.5790736716356827,0.3976370756338955,1790750242,166044704,0.1080000028014183,0.06666821735588377,-0.5811639608481735,0.4255207061679711,-3.950110673904419
-0.03958105381030566,-0.5790349626429525,0.3971207129960441,1790750242,215813111,0.10999999940395355,0.06666821735588377,-0.5811639608481735,0.4255207061679711,-3.950110673904419
-0.03764925215116317,-0.5790736716356827,0.39763707563389555,1790750242,266181617,0.1080000028014183,0.06666821735588382,-0.5811639608481735,0.42552070616797116,-3.950110673904419
-0.03861514938246734,-0.5790543172114188,0.3973788952767718,1790750242,317776556,0.10899999737739563,0.06666821735588377,-0.5811639608481735,0.4255207061679711,-3.950110673904419
-0.03861514938246734,-0.5790543172114188,0.3973788952767718,1790750242,365457881,0.10899999737739563,0.06666821735588377,-0.5811639608481735,0.4255207061679711,-3.950110673904419
-0.03861514938246734,-0.5790543172114188,0.3973788952767718,1790750242,415631070,0.10899999737739563,0.06666821735588377,-0.5811639608481735,0.4255207061679711,-3.950110673904419
-0.03958105381030566,-0.5790349626429525,0.3971207129960441,1790750242,469351165,0.10999999940395355,0.06666821735588377,-0.5811639608481735,0.4255207061679711,-3.950110673904419
-0.03764925215116323,-0.5790736716356827,0.3976370756338955,1790750242,517673683,0.1080000028014183,0.06666821735588377,-0.5811639608481735,0.4255207061679711,-3.950110673904419
-0.03958105381030566,-0.5790349626429525,0.3971207129960441,1790750242,567578452,0.10999999940395355,0.06666821735588377,-0.5811639608481735,0.4255207061679711,-3.950110673904419
-0.03861514938246734,-0.5790543172114188,0.3973788952767718,1790750242,616154954,0.10899999737739563,0.06666821735588377,-0.5811639608481735,0.4255207061679711,-3.950110673904419
-0.03571744329548658,-0.5791123807726153,0.3981534401953509,1790750242,666452812,0.10599999874830246,0.06666821735588377,-0.5811639608481735,0.4255207061679711,-3.950110673904419
-0.03764925215116323,-0.5790736716356827,0.3976370756338955,1790750242,716095948,0.1080000028014183,0.06666821735588377,-0.5811639608481735,0.4255207061679711,-3.950110673904419
-0.03764925215116323,-0.5790736716356827,0.3976370756338955,1790750242,765669084,0.1080000028014183,0.06666821735588377,-0.5811639608481735,0.4255207061679711,-3.950110673904419
-0.040546958238143985,-0.5790156080744862,0.3968625307153164,1790750242,816336566,0.11100000143051147,0.06666821735588377,-0.5811639608481735,0.4255207061679711,-3.950110673904419
-0.036683347723324905,-0.5790930262041489,0.3978952579146232,1790750242,865524901,0.10700000077486038,0.06666821735588377,-0.5811639608481735,0.4255207061679711,-3.950110673904419
-0.040546958238143985,-0.5790156080744862,0.3968625307153164,1790750242,919199681,0.11100000143051147,0.06666821735588377,-0.5811639608481735,0.4255207061679711,-3.950110673904419
-0.03958105381030566,-0.5790349626429525,0.3971207129960441,1790750242,965884298,0.10999999940395355,0.06666821735588377,-0.5811639608481735,0.4255207061679711,-3.950110673904419
-0.03958105381030566,-0.5790349626429525,0.3971207129960441,1790750243,16173498,0.10999999940395355,0.06666821735588377,-0.5811639608481735,0.4255207061679711,-3.950110673904419
-0.03958105381030562,-0.5790349626429524,0.3971207129960441,1790750243,65574454,0.10999999940395355,0.06666821735588377,-0.5811639608481735,0.4255207061679711,-3.950110673904419
-0.03764925215116323,-0.5790736716356827,0.3976370756338955,1790750243,116312502,0.1080000028014183,0.06666821735588377,-0.5811639608481735,0.4255207061679711,-3.950110673904419
-0.03764925215116323,-0.5790736716356827,0.3976370756338956,1790750243,166208928,0.1080000028014183,0.06666821735588377,-0.5811639608481735,0.4255207061679712,-3.950110673904419
-0.03958105381030566,-0.5790349626429525,0.3971207129960441,1790750243,216155632,0.10999999940395355,0.06666821735588377,-0.5811639608481735,0.4255207061679711,-3.950110673904419
-0.04054695823814393,-0.5790156080744862,0.39686253071531635,1790750243,265486477,0.11100000143051147,0.06666821735588382,-0.5811639608481735,0.42552070616797105,-3.950110673904419
-0.03764925215116323,-0.5790736716356827,0.3976370756338955,1790750243,316449731,0.1080000028014183,0.06666821735588377,-0.5811639608481735,0.4255207061679711,-3.950110673904419
-0.03571744329548658,-0.5791123807726153,0.3981534401953509,1790750243,367245325,0.10599999874830246,0.06666821735588377,-0.5811639608481735,0.4255207061679711,-3.950110673904419
-0.040546958238143985,-0.5790156080744862,0.3968625307153164,1790750243,415634510,0.11100000143051147,0.06666821735588377,-0.5811639608481735,0.4255207061679711,-3.950110673904419
-0.04054695823814394,-0.5790156080744862,0.3968625307153164,1790750243,467022399,0.11100000143051147,0.06666821735588377,-0.5811639608481735,0.4255207061679711,-3.950110673904419
-0.03861514938246734,-0.5790543172114188,0.3973788952767718,1790750243,516220334,0.10899999737739563,0.06666821735588377,-0.5811639608481735,0.4255207061679711,-3.950110673904419
-0.03571744329548658,-0.5791123807726153,0.3981534401953509,1790750243,566661063,0.10599999874830246,0.06666821735588377,-0.5811639608481735,0.4255207061679711,-3.950110673904419
-0.040546958238143985,-0.5790156080744862,0.3968625307153164,1790750243,616276588,0.11100000143051147,0.06666821735588377,-0.5811639608481735,0.4255207061679711,-3.950110673904419
-0.03861514938246734,-0.5790543172114188,0.3973788952767718,1790750243,665662322,0.10899999737739563,0.06666821735588377,-0.5811639608481735,0.4255207061679711,-3.950110673904419
-0.03861514938246734,-0.5790543172114188,0.3973788952767718,1790750243,715664434,0.10899999737739563,0.06666821735588377,-0.5811639608481735,0.4255207061679711,-3.950110673904419
-0.03958105381030566,-0.5790349626429525,0.3971207129960441,1790750243,766509344,0.10999999940395355,0.06666821735588377,-0.5811639608481735,0.4255207061679711,-3.950110673904419
-0.03861514938246734,-0.5790543172114188,0.3973788952767718,1790750243,816032543,0.10899999737739563,0.06666821735588377,-0.5811639608481735,0.4255207061679711,-3.950110673904419
-0.040546958238143985,-0.5790156080744862,0.3968625307153164,1790750243,865605678,0.11100000143051147,0.06666821735588377,-0.5811639608481735,0.4255207061679711,-3.950110673904419
-0.03861514938246734,-0.5790543172114188,0.3973788952767718,1790750243,917244829,0.10899999737739563,0.06666821735588377,-0.5811639608481735,0.4255207061679711,-3.950110673904419
-0.03571744329548658,-0.5791123807726153,0.3981534401953509,1790750243,965613125,0.10599999874830246,0.06666821735588377,-0.5811639608481735,0.4255207061679711,-3.950110673904419
-0.03764925215116323,-0.5790736716356827,0.3976370756338955,1790750244,15554477,0.1080000028014183,0.06666821735588377,-0.5811639608481735,0.4255207061679711,-3.950110673904419
-0.036683347723324905,-0.5790930262041489,0.3978952579146232,1790750244,66629287,0.10700000077486038,0.06666821735588377,-0.5811639608481735,0.4255207061679711,-3.950110673904419
-0.036683347723324905,-0.5790930262041489,0.3978952579146232,1790750244,116806124,0.10700000077486038,0.06666821735588377,-0.5811639608481735,0.4255207061679711,-3.950110673904419
-0.036683347723324905,-0.5790930262041489,0.3978952579146232,1790750244,167357335,0.10700000077486038,0.06666821735588377,-0.5811639608481735,0.4255207061679711,-3.950110673904419
-0.03861514938246734,-0.5790543172114188,0.3973788952767718,1790750244,215534192,0.10899999737739563,0.06666821735588377,-0.5811639608481735,0.4255207061679711,-3.950110673904419
-0.03861514938246734,-0.5790543172114188,0.3973788952767718,1790750244,265557878,0.10899999737739563,0.06666821735588377,-0.5811639608481735,0.4255207061679711,-3.950110673904419
-0.040546958238143985,-0.5790156080744862,0.3968625307153164,1790750244,316212312,0.11100000143051147,0.06666821735588377,-0.5811639608481735,0.4255207061679711,-3.950110673904419
-0.03861514938246734,-0.5790543172114188,0.3973788952767718,1790750244,366556623,0.10899999737739563,0.06666821735588377,-0.5811639608481735,0.4255207061679711,-3.950110673904419
-0.03861514938246734,-0.5790543172114188,0.3973788952767718,1790750244,416409492,0.10899999737739563,0.06666821735588377,-0.5811639608481735,0.4255207061679711,-3.950110673904419
-0.03764925215116317,-0.5790736716356827,0.39763707563389544,1790750244,466432113,0.1080000028014183,0.06666821735588382,-0.5811639608481735,0.42552070616797105,-3.950110673904419
-0.03958105381030566,-0.5790349626429525,0.3971207129960441,1790750244,517393153,0.10999999940395355,0.06666821735588377,-0.5811639608481735,0.4255207061679711,-3.950110673904419
-0.03861514938246734,-0.5790543172114188,0.3973788952767718,1790750244,565710651,0.10899999737739563,0.06666821735588377,-0.5811639608481735,0.4255207061679711,-3.950110673904419
-0.03861514938246734,-0.5790543172114188,0.3973788952767718,1790750244,616704581,0.10899999737739563,0.06666821735588377,-0.5811639608481735,0.4255207061679711,-3.950110673904419
-0.03861514938246734,-0.5790543172114188,0.3973788952767718,1790750244,666352873,0.10899999737739563,0.06666821735588377,-0.5811639608481735,0.4255207061679711,-3.950110673904419
-0.03958105381030566,-0.5790349626429525,0.3971207129960441,1790750244,716949928,0.10999999940395355,0.06666821735588377,-0.5811639608481735,0.4255207061679711,-3.950110673904419
-0.040546958238143985,-0.5790156080744862,0.3968625307153164,1790750244,765724413,0.11100000143051147,0.06666821735588377,-0.5811639608481735,0.4255207061679711,-3.950110673904419
-0.040546958238143985,-0.5790156080744862,0.3968625307153164,1790750244,816071909,0.11100000143051147,0.06666821735588377,-0.5811639608481735,0.4255207061679711,-3.950110673904419
-0.03764925215116323,-0.5790736716356827,0.3976370756338955,1790750244,866909031,0.1080000028014183,0.06666821735588377,-0.5811639608481735,0.4255207061679711,-3.950110673904419
-0.036683347723324905,-0.5790930262041489,0.3978952579146232,1790750244,916422052,0.10700000077486038,0.06666821735588377,-0.5811639608481735,0.4255207061679711,-3.950110673904419
-0.040546958238143985,-0.5790156080744862,0.3968625307153164,1790750244,966527952,0.11100000143051147,0.06666821735588377,-0.5811639608481735,0.4255207061679711,-3.950110673904419
-0.03861514938246734,-0.5790543172114188,0.3973788952767718,1790750245,15661359,0.10899999737739563,0.06666821735588377,-0.5811639608481735,0.4255207061679711,-3.950110673904419
-0.040546958238143985,-0.5790156080744862,0.3968625307153164,1790750245,65358975,0.11100000143051147,0.06666821735588377,-0.5811639608481735,0.4255207061679711,-3.950110673904419
-0.03861514938246734,-0.5790543172114188,0.3973788952767718,1790750245,115915778,0.10899999737739563,0.06666821735588377,-0.5811639608481735,0.4255207061679711,-3.950110673904419
-0.04247875989728643,-0.578976899081756,0.39634616807746503,1790750245,165363252,0.11299999803304672,0.06666821735588377,-0.5811639608481735,0.4255207061679711,-3.950110673904419
-0.03958105381030566,-0.5790349626429525,0.3971207129960441,1790750245,216635111,0.10999999940395355,0.06666821735588377,-0.5811639608481735,0.4255207061679711,-3.950110673904419
-0.03764925215116323,-0.5790736716356827,0.3976370756338955,1790750245,265693395,0.1080000028014183,0.06666821735588377,-0.5811639608481735,0.4255207061679711,-3.950110673904419
-0.03861514938246734,-0.5790543172114188,0.3973788952767718,1790750245,315720312,0.10899999737739563,0.06666821735588377,-0.5811639608481735,0.4255207061679711,-3.950110673904419
-0.03861514938246734,-0.5790543172114188,0.3973788952767718,1790750245,365654311,0.10899999737739563,0.06666821735588377,-0.5811639608481735,0.4255207061679711,-3.950110673904419
-0.036683347723324905,-0.5790930262041489,0.3978952579146232,1790750245,416062945,0.10700000077486038,0.06666821735588377,-0.5811639608481735,0.4255207061679711,-3.950110673904419
-0.03764925215116323,-0.5790736716356827,0.3976370756338955,1790750245,465709580,0.1080000028014183,0.06666821735588377,-0.5811639608481735,0.4255207061679711,-3.950110673904419
-0.03861514938246734,-0.5790543172114188,0.3973788952767718,1790750245,515917008,0.10899999737739563,0.06666821735588377,-0.5811639608481735,0.4255207061679711,-3.950110673904419
-0.03957508872081557,-0.5790329030997557,0.3970969842321262,1790750245,565413437,0.10999999940395355,0.06667059587930402,-0.5811632339833744,0.42551029208334257,-3.949984034847999
-0.0386021781210604,-0.5790498418110278,0.39732729317724635,1790750245,615223693,0.10899999737739563,0.0666734180039181,-0.5811623720180917,0.4254979428844665,-3.9498338578554217
-0.040485224143994886,-0.578994298236978,0.3966174024891788,1790750245,665248990,0.11100000143051147,0.06669265617851207,-0.5811564900886763,0.42541370804291917,-3.9488085150746457
-0.04042847197973491,-0.5789747901829974,0.39639312767432644,1790750245,715376343,0.11100000143051147,0.06671511435131551,-0.5811496525376221,0.4253158211767085,-3.9476166482774646
-0.039333264743701274,-0.5789500563948643,0.39614402504398855,1790750245,765356972,0.10999999940395355,0.06676684115491253,-0.581134021505144,0.42509221485906673,-3.9448930076508195
-0.037260317925948916,-0.5789412499588961,0.39611214117581806,1790750245,815288730,0.1080000028014183,0.06682476197881662,-0.5811167090784564,0.42484477286774736,-3.941876937292382
-0.038928630978439016,-0.5788147997795229,0.39459141042574397,1790750245,865284341,0.10999999940395355,0.06692803744921755,-0.5810863219842253,0.42441096449921234,-3.936583980808971
-0.03960336436557664,-0.5787003657661534,0.39324685831038253,1790750245,915398213,0.11100000143051147,0.0670420952372688,-0.581053438756047,0.4239422864907427,-3.930857540018481
-0.03437210449970449,-0.5786707017335883,0.39307393950591885,1790750245,965413093,0.10599999874830246,0.067216476285438,-0.5810044362731565,0.42324534437542277,-3.9223261557653175
-0.03772798563290572,-0.5784352452282422,0.39025507225936856,1790750246,15481565,0.10999999940395355,0.06740729346920296,-0.5809524442333386,0.42250777239688,-3.913276080260908
-0.03707510423133442,-0.57824066517084,0.3880434854976156,1790750246,65089726,0.10999999940395355,0.06766843893204799,-0.5808838006401709,0.4215368261691759,-3.9013275615319865
-0.03635400159644882,-0.578034015902654,0.3857031740820659,1790750246,115485767,0.10999999940395355,0.06795723465940355,-0.5808108940647834,0.4205091334470686,-3.8886356210422592
-0.03541748555269775,-0.5777770360557961,0.3828050834279052,1790750246,165757936,0.10999999940395355,0.068332767512875,-0.5807202257688159,0.4192361483589852,-3.872846613938133
-0.03816744543243848,-0.5774017041673258,0.378477655974456,1790750246,215333078,0.11400000005960464,0.06873469065338801,-0.58062773769423,0.4179431601719268,-3.856728270029071
-0.031278694225025036,-0.5772573356451326,0.37704031883556677,1790750246,265328957,0.1080000028014183,0.06924782557616914,-0.5805155842692106,0.4163824494040829,-3.8371557500286633
-0.03266983659860018,-0.5768357366327225,0.37227309391641716,1790750246,315590849,0.11100000143051147,0.06980896566606296,-0.5803994784412636,0.4147748015091208,-3.816852185478618
-0.030055865872537696,-0.5764901216122544,0.3684862707589341,1790750246,365437364,0.10999999940395355,0.07049060337439694,-0.5802662773057344,0.4129401574171737,-3.7934919210839833
-0.030009917405029368,-0.5760259272065187,0.363346934699035,1790750246,415939166,0.1120000034570694,0.0712390107037976,-0.5801284732426676,0.4110525365421984,-3.76922849815406
-0.027822498129772347,-0.5755907411003571,0.3586146163178601,1790750246,465466853,0.1120000034570694,0.07211363429783532,-0.5799769430031484,0.40898853261055246,-3.7424090793687257
-0.02719654548304469,-0.575060449089926,0.3528436188538859,1790750246,515644697,0.11400000005960464,0.07306836017076741,-0.5798215042061101,0.40688324377858975,-3.7147141361703957
-0.02184044997520522,-0.5747070598157863,0.34913330345974536,1790750246,565370286,0.11100000143051147,0.0741632565582423,-0.5796541587068691,0.4046293831589015,-3.6846480330416944
-0.020626577700601986,-0.5741298803365246,0.34294993978780725,1790750246,615151865,0.11299999803304672,0.07533781774246887,-0.5794857378731381,0.40237341286673445,-3.6540791230963845
-0.016434602717323082,-0.5736567644633913,0.33798797799621993,1790750246,665432674,0.1120000034570694,0.0766799827403773,-0.5793053615681487,0.39996997619063357,-3.620932809314571
-0.015346266906844888,-0.5729807527789792,0.3308551407751754,1790750246,715239069,0.11500000208616257,0.07809693871591056,-0.579127020292433,0.3976053557442218,-3.587674402986333
-0.011374533882580876,-0.5724343750753564,0.325204962773102,1790750246,765034926,0.11500000208616257,0.07966909891792583,-0.5789417661775378,0.39516002883230283,-3.5525269561853365
-0.009437298293526991,-0.5717070529635339,0.3176783338520057,1790750246,815325234,0.11800000071525574,0.08135081089528487,-0.578756471426039,0.3927238207120509,-3.5166555197926033
-0.003992754235638191,-0.571200180133088,0.3125668693177301,1790750246,865523569,0.11699999868869781,0.08318474913606842,-0.5785677598401133,0.39025085330601433,-3.479257680977598
0.0017526930459677015,-0.570695884911329,0.30752422730977735,1790750246,916844872,0.11599999666213989,0.08515769850394256,-0.5783785407100911,0.387777458335384,-3.4407256904185934
0.00606197970354988,-0.5700946938064865,0.3015034803837984,1790750246,965123535,0.11699999868869781,0.08713243966940855,-0.5782019690628117,0.38547283373368174,-3.403664294214385
0.009514664885793916,-0.5693343026248442,0.29391008573861876,1790750247,15379657,0.11999999731779099,0.08927250198520477,-0.5780236822420268,0.38314674557840755,-3.3649585100386568
0.014068005306257333,-0.5686392700209296,0.28706445320102886,1790750247,65410545,0.12200000137090683,0.09152644071528045,-0.5778492831362487,0.38086939324633307,-3.3256058327613705
0.021356125994864097,-0.5682649797922942,0.28352470647886685,1790750247,115267884,0.11999999731779099,0.09385684944915937,-0.5776821931504134,0.378682262917866,-3.286232418266797
0.026361142757446443,-0.567601247222415,0.27709418781426,1790750247,165132010,0.12200000137090683,0.09623930405739489,-0.5775242128564357,0.37660588391509886,-3.247175759995044
0.030627044739250264,-0.566776262674455,0.26911772491049185,1790750247,215394104,0.12600000202655792,0.09870449012249868,-0.577373478392944,0.37461256345626737,-3.207868864357107
0.03922452550878566,-0.566657368998747,0.2681937836000311,1790750247,265475104,0.12200000137090683,0.10117391480570297,-0.5772346748440444,0.3727614368265203,-3.169478279941969
0.045826967781303386,-0.5662235139833353,0.26415940770150415,1790750247,315886395,0.12200000137090683,0.10370771260626672,-0.5771042376359905,0.37100242135145367,-3.1309807079732246
0.05096781574421404,-0.56555512787272,0.25785159002800206,1790750247,365558731,0.125,0.10618973844851963,-0.5769876688457675,0.3694080163769099,-3.0940384855782552
0.05848678482995781,-0.5653636927244459,0.2562226211719134,1790750247,415590416,0.12300000339746475,0.10872440008685758,-0.5768795973118838,0.36790326761796993,-3.0570016753089253
0.06491964994747472,-0.5650287884929972,0.2531965185373741,1790750247,465413180,0.12300000339746475,0.11118207890307609,-0.5767850191799035,0.3665569152504261,-3.0216736960109882
0.07139267673368083,-0.564718675738261,0.25042023988001194,1790750247,515239945,0.12300000339746475,0.11365543894473942,-0.5766996794281186,0.36530851307032264,-2.9866301648624285
0.07701271011327727,-0.5642462391319862,0.24609736184581493,1790750247,565439548,0.125,0.11604175719596461,-0.576626469264754,0.36420097476970936,-2.953245441847719
0.08384782855548044,-0.5641950252878576,0.24579706203777854,1790750247,615359369,0.12300000339746475,0.11841537338599055,-0.5765623559214101,0.3631901402543728,-2.92040171162099
0.08934159591564428,-0.5638830635189965,0.24300670164840119,1790750247,665180995,0.12399999797344208,0.1206115471483229,-0.5765106473594768,0.36233286715149265,-2.8902955282469525
0.09558325981114107,-0.563896558938158,0.24329000984801696,1790750247,715620703,0.12200000137090683,0.12281562914850405,-0.576466016494549,0.36154569525684965,-2.8603183972853885
0.10001397892281721,-0.5633241395594236,0.23805519234530287,1790750247,766063049,0.12600000202655792,0.12482040803816263,-0.5764316798861219,0.36089180729305337,-2.833231926763848
0.10549618753269288,-0.5633944430989962,0.2388462701094154,1790750247,815416984,0.12399999797344208,0.12675586904106953,-0.5764041563066299,0.36031549584923456,-2.807222368590666
0.11034382268324888,-0.5634950278036115,0.23989216246656447,1790750247,865122821,0.12200000137090683,0.12848665080473476,-0.5763842145674033,0.3598450990159612,-2.784064041386332
0.11457384099552702,-0.563185197976219,0.23711672784478305,1790750247,915639437,0.12399999797344208,0.13020880570355972,-0.5763687392926781,0.35941857416915146,-2.761101357579231
0.11877448735205454,-0.5634304897857804,0.23947297602758816,1790750247,965634195,0.12099999934434891,0.13168490601787713,-0.5763589393086003,0.3590855845776132,-2.7414731748244425
0.12229822624061955,-0.5631525194857808,0.23698120131797568,1790750248,15351597,0.12300000339746475,0.13311359991621075,-0.5763525054482553,0.3587916643276209,-2.7225147843501607
0.12522579173623682,-0.5627815183569808,0.23362868021405703,1790750248,65404040,0.12600000202655792,0.13431555495013103,-0.5763494192635653,0.35856581952978267,-2.706590318714052
0.12847404297412218,-0.5630636252728906,0.2362865712360185,1790750248,115442843,0.12300000339746475,0.13547463441185134,-0.5763484651204621,0.35836648598665516,-2.6912513202976824
0.13087954820210818,-0.5630348599486712,0.236068329922132,1790750248,165956644,0.12300000339746475,0.1363942451758195,-0.576349126290982,0.3582211819757394,-2.6790906734500237
0.13314388351098413,-0.5631195813172003,0.2368855933253321,1790750248,215163104,0.12200000137090683,0.13724702250009876,-0.5763508643345675,0.35809655708130433,-2.6678195915960745
0.13482948824731028,-0.5631036068568003,0.23676872006613509,1790750248,265534504,0.12200000137090683,0.13789467467468441,-0.5763529129334465,0.35800840356602737,-2.6592627226099532
0.13639112344773316,-0.5630902642297719,0.23667327192032833,1790750248,315443177,0.12200000137090683,0.13849469484677548,-0.5763553721241973,0.35793172413880114,-2.651336841157323
0.13740250399817658,-0.5628645577714919,0.2346287944204979,1790750248,365184301,0.12399999797344208,0.1388925401902557,-0.5763572948634597,0.35788351171491617,-2.6460824881942426
0.13836786604263193,-0.5629664324802048,0.23557572885005335,1790750248,415349032,0.12300000339746475,0.13925701526726178,-0.5763592636449779,0.357841187270756,-2.6412692137853218
0.13891578033470212,-0.563180602038468,0.23753925882248578,1790750248,465176259,0.12099999934434891,0.13946300883069718,-0.5763604713217125,0.35781806588334,-2.6385484529726364
0.13937543977077985,-0.5629596908695017,0.23553101224063466,1790750248,515680643,0.12300000339746475,0.139642172945981,-0.5763615759457963,0.35779842067637185,-2.636181927510104
0.13956602086005945,-0.5628494994554739,0.23452903300064848,1790750248,565597593,0.12399999797344208,0.13971549004096778,-0.5763620403121289,0.3577904965485669,-2.635213627606535
0.1397106527619142,-0.5628485862884626,0.2345231930641697,1790750248,615271855,0.12399999797344208,0.1397705068705242,-0.5763623934151844,0.35778459388308415,-2.6344870675711136
0.13974405713873753,-0.5628483756689082,0.23452185747701282,1790750248,665408068,0.12399999797344208,0.13978321154160867,-0.576362474272266,0.3577832346528545,-2.634319250875634
0.13975603542961682,-0.562739311757366,0.23352732306258722,1790750248,716354865,0.125,0.139787862319764,-0.5763625028091307,0.3577827360336775,-2.6342577863308376
0.13975873509138287,-0.5631752434037779,0.23750342871476737,1790750248,765286700,0.12099999934434891,0.1397885112192177,-0.576362506793338,0.3577826664867495,-2.634249210357666
0.13975799684061288,-0.5628482866078727,0.23452130019923387,1790750248,815781593,0.12399999797344208,0.1397885112192177,-0.576362506793338,0.3577826664867495,-2.634249210357666
0.13975824292298056,-0.5629572716651702,0.23551533810027858,1790750248,865233603,0.12300000339746475,0.1397885112192177,-0.576362506793338,0.3577826664867495,-2.634249210357666
0.13975775075641172,-0.5627393007385688,0.23352725489198947,1790750248,915489937,0.125,0.1397885112192177,-0.576362506793338,0.3577826664867495,-2.634249210357666
0.13975775075641172,-0.5627393007385688,0.23352725489198947,1790750248,965418248,0.125,0.1397885112192177,-0.576362506793338,0.3577826664867495,-2.634249210357666
0.13975824292298056,-0.5629572716651702,0.23551533810027858,1790750249,15909752,0.12300000339746475,0.1397885112192177,-0.576362506793338,0.3577826664867495,-2.634249210357666
0.13975799684061288,-0.5628482866078727,0.23452130019923387,1790750249,67114107,0.12399999797344208,0.1397885112192177,-0.576362506793338,0.3577826664867495,-2.634249210357666
0.13975799684061288,-0.5628482866078727,0.23452130019923387,1790750249,115868301,0.12399999797344208,0.1397885112192177,-0.576362506793338,0.3577826664867495,-2.634249210357666
0.13976952853833383,-0.5638981042126762,0.23653534832312395,1790750249,165610082,0.12200000137090683,0.13978772625517963,-0.576701867604756,0.357861617722393,-2.6337886142398794
0.13978197828516217,-0.5647882669741545,0.2355758670796597,1790750249,216248763,0.12300000339746475,0.13978788125186165,-0.5771031897941742,0.35795782439718377,-2.633238983013021
0.1398000063066912,-0.5702392763331918,0.23884020746459383,1790750249,265398527,0.11999999731779099,0.13976594388726385,-0.5792101019724796,0.3585044146586037,-2.6307160832383487
0.13980148076973378,-0.5761505249620028,0.24031878845949306,1790750249,315620907,0.11900000274181366,0.13978362936201608,-0.5815134186079668,0.35919788546826487,-2.6278077664987265
0.13981649241277583,-0.5834463750628474,0.24419167989289609,1790750249,365533615,0.11599999666213989,0.13975670565615722,-0.5844499737141517,0.3601873196424457,-2.6248063953592595
0.13981996561108806,-0.5907396185131377,0.2433047323372181,1790750249,415320489,0.11800000071525574,0.13978832932839955,-0.5872918843854498,0.36125434995987404,-2.6217931629761204
0.13982245808901092,-0.5941573266876653,0.2469471919760915,1790750249,465161373,0.11500000208616257,0.13980103140827974,-0.5886732625102172,0.36181635694568803,-2.6204867680389756
0.13982565280223863,-0.5971012515157507,0.24551069932023506,1790750249,515419299,0.11699999868869781,0.1398119158852295,-0.5897791014860163,0.3622813532680248,-2.619497171718117
0.13971369065385197,-0.597832155817486,0.24161541078189952,1790750249,565275952,0.12099999934434891,0.13977277015665124,-0.58995971398197,0.3623590276338524,-2.619589843688657
0.13958414909643682,-0.5976091091738346,0.245615288013474,1790750249,615369524,0.11699999868869781,0.1397228024327826,-0.5899741678967965,0.36236582608548373,-2.619883266203244
0.13871761695437546,-0.5977500762874998,0.24362862194016233,1790750249,665267122,0.11900000274181366,0.13939617604381763,-0.5899794622795446,0.36237270713202846,-2.6218713559089184
0.13771587988094947,-0.5976903606448537,0.244640001051372,1790750249,715787977,0.11800000071525574,0.13901325472087095,-0.589982954770948,0.3623808728080393,-2.624203404556462
0.13533868317364248,-0.5975734630824213,0.24668676578281368,1790750249,765422849,0.11599999666213989,0.13809131446615677,-0.5899906360890744,0.36240592141995487,-2.6298161224475405
0.13268237300726077,-0.5975893037148289,0.2467742354764228,1790750249,815196528,0.11599999666213989,0.13706987326528156,-0.5899979837520463,0.36244238549329216,-2.6360307138511065
0.12801093250177173,-0.5977521064619883,0.24501192265801763,1790750249,865307073,0.11800000071525574,0.13531994203310152,-0.5900101005083722,0.362530601566034,-2.646672775287547
0.12287375818832953,-0.597920846881795,0.24338320283560572,1790750249,915400766,0.11999999731779099,0.1334281548236229,-0.590019429345021,0.3626567190445459,-2.6581725724652756
0.1160339482235277,-0.5979559477243294,0.2451380471799486,1790750249,965454856,0.11900000274181366,0.1308066039368034,-0.5900615512814784,0.36295335942980766,-2.674168061641627
0.1086438744241145,-0.5981392763309622,0.24519402681534957,1790750250,15213804,0.11999999731779099,0.12806601193415132,-0.5901015753210396,0.36333874863264515,-2.690916567260886
0.10009622201498916,-0.5981606357645558,0.24990430348148773,1790750250,65325163,0.11699999868869781,0.12461489823058841,-0.5901951091032291,0.3640287294156303,-2.712180173529676
0.0901148421237825,-0.5985517123211073,0.2502633143613981,1790750250,116288023,0.11900000274181366,0.12098842108369988,-0.5902856991412218,0.3648909541384927,-2.734653009538944
0.07954950576665426,-0.598950381408805,0.25351620257447005,1790750250,165412916,0.11900000274181366,0.1169987925743895,-0.5904500314943831,0.36614965951101286,-2.7597880236432673
0.0690870278421768,-0.5993137926868849,0.258419105144167,1790750250,215531108,0.11800000071525574,0.11288919610505468,-0.590608583405671,0.3676417655935497,-2.7860014883608595
0.05745223666126609,-0.5999275979019956,0.26363938093320827,1790750250,265126043,0.11800000071525574,0.1084721405955804,-0.590854318420426,0.3696518574196248,-2.814946359273078
0.04572721354510445,-0.600588557021042,0.2697959544829611,1790750250,315596120,0.11800000071525574,0.10399243935626883,-0.5910910750574717,0.37196719048569354,-2.8449740613102303
0.035020475082711916,-0.6012868192486045,0.2789221496943411,1790750250,365420373,0.11599999666213989,0.09951055742326953,-0.5914366670574858,0.37483879583637614,-2.8763979142491216
0.024904185905141624,-0.6020016752151441,0.2887863549735763,1790750250,415468777,0.11400000005960464,0.0951262866777166,-0.5917659950743689,0.37800567703293697,-2.908287317035981
0.013548597739696883,-0.6031691769221816,0.29734580000768945,1790750250,465432394,0.11500000208616257,0.09099456546665191,-0.5922002962159746,0.3816476755426136,-2.940392489464506
0.004875962224522634,-0.6040646307023428,0.308844948199759,1790750250,515590753,0.11299999803304672,0.08706024970236044,-0.592612252241491,0.38554948179991916,-2.9726729354665093
-0.0026394790500508386,-0.6050763875465224,0.32084867507720966,1790750250,565569833,0.11100000143051147,0.08353624074354894,-0.5931076112141841,0.38977975680914667,-3.004337108208567
-0.011600388628767902,-0.6064056472878238,0.33322370633532505,1790750250,620529733,0.11100000143051147,0.07996923921664612,-0.5936149106125,0.3946435779497175,-3.0390557476574065
-0.016019384330701186,-0.607312902789262,0.34437402407082224,1790750250,666462484,0.10899999737739563,0.07756189116322904,-0.594082066745001,0.39867401746650577,-3.0656525227567117
-0.020167049726548036,-0.6082706520689064,0.35657708818037304,1790750250,716875199,0.10700000077486038,0.07516872289516208,-0.5945509889664355,0.40318032271185605,-3.0946614785330158
-0.02373889019074825,-0.6093100991385789,0.3673811539137368,1790750250,768839784,0.10599999874830246,0.07337045566664954,-0.5950364123593819,0.4074066026622243,-3.1203567338646843
-0.026259257703134073,-0.6101978947609175,0.377172090271846,1790750250,816288378,0.10499999672174454,0.07195709854271196,-0.5954479635782535,0.4112453379518384,-3.1432827518598074
-0.027219773272913472,-0.6109827208494198,0.38737505914765474,1790750250,865375299,0.10300000011920929,0.07079591135207314,-0.5958950957617597,0.41520111099240053,-3.166136680556631
-0.025709986343021005,-0.6114355892096835,0.3980923113164309,1790750250,915679169,0.0989999994635582,0.06981142001102525,-0.596325092799045,0.4192662037350152,-3.1893925337185123
-0.029960281932474103,-0.6127258230928747,0.4049762906491144,1790750250,965266216,0.10199999809265137,0.06925088157183858,-0.5966736852021077,0.42239678192109714,-3.206899810683644
-0.02704769525462812,-0.6128715072618384,0.41279369831313595,1790750251,15913053,0.09799999743700027,0.06882963983964546,-0.5969996279532325,0.4254277617958589,-3.2237638229691012
-0.028532880079267728,-0.6136124659242366,0.41790054215510586,1790750251,65555526,0.0989999994635582,0.06861764411326655,-0.5972466920414267,0.4276441035223406,-3.2359532343915447
-0.029850416978911776,-0.614325180607888,0.42280625932440075,1790750251,115843377,0.10000000149011612,0.0684752195357843,-0.5974761582704478,0.42974743705411855,-3.2475053308818835
-0.030967273966260006,-0.6148302872323975,0.42582277429004967,1790750251,165445340,0.10100000351667404,0.06841825659227475,-0.5976159947301622,0.43103671326305343,-3.2545719685993637
-0.02907330152714034,-0.6147890628109989,0.42869494558873766,1790750251,215736376,0.0989999994635582,0.06838452030819245,-0.5977407356313952,0.43220598493261275,-3.2609843292118343
-0.028109115568957954,-0.6147569993464088,0.43003630657017816,1790750251,265826651,0.09799999743700027,0.0683740427978566,-0.5977987992577933,0.43276010887040633,-3.264027724023689
-0.027133921972308225,-0.6146945642736152,0.43109986001092093,1790750251,315469901,0.09700000286102295,0.06836822941508601,-0.5978446128790175,0.4332019478819165,-3.2664566144713967
-0.026150848229316404,-0.6145506260377159,0.43140112832383304,1790750251,365166282,0.09600000083446503,0.06836704859022191,-0.5978569744718962,0.43332189338687344,-3.267116331230734
-0.028120557550905187,-0.6149139632966971,0.43150725001065315,1790750251,415553079,0.09799999743700027,0.06836651077611229,-0.5978633463058879,0.4333838436113704,-3.2674571260700263
-0.028120411529314743,-0.6149096360178817,0.43146663940669405,1790750251,465126958,0.09799999743700027,0.06836665000827025,-0.5978615730808239,0.43336664035102523,-3.2673623418755486
-0.028120112094474306,-0.6149015993507139,0.43139119826006267,1790750251,515930204,0.09799999743700027,0.06836692146880752,-0.5978582794063303,0.43333467377664775,-3.2671863177259644
-0.02811801954064877,-0.6148605549939947,0.4310058725739901,1790750251,565633335,0.09799999743700027,0.06836856062842739,-0.5978414418583627,0.43317131317697743,-3.266287851910917
-0.02713010954170607,-0.6146405483575768,0.43059356873575605,1790750251,615202084,0.09700000286102295,0.06837079274838218,-0.5978222727471668,0.43298601984492513,-3.265269108412351
-0.030073184885637774,-0.6150619088920284,0.4295963476721043,1790750251,665658058,0.10000000149011612,0.06837674570140351,-0.597781984048408,0.4325989570088006,-3.263142143660703
-0.028087612333250966,-0.6146099586979292,0.4286662392249283,1790750251,715569728,0.09799999743700027,0.06838515190083744,-0.597737867807564,0.43217876077978157,-3.2608347297778018
-0.027063580129891726,-0.614260072010702,0.4270563267646979,1790750251,765305508,0.09700000286102295,0.06840375835713956,-0.5976631858900235,0.4314757394336264,-3.2569781022119084
-0.02897108162229642,-0.6144051403420161,0.42515323633486146,1790750251,815614785,0.0989999994635582,0.06843043657495983,-0.5975805877736834,0.4307100859395837,-3.252782721968295
-0.028852783956841974,-0.6141172944326029,0.4225414302728982,1790750251,865537650,0.0989999994635582,0.06847953974008712,-0.5974581294571812,0.42960477791140694,-3.2467398529452485
-0.027704137828085493,-0.6136413929133878,0.4198550499117892,1790750251,915809556,0.09799999743700027,0.06854683694094817,-0.5973247253732533,0.42842918042442024,-3.240322565185323
-0.026430063063028975,-0.613094275725266,0.41642750007905477,1790750251,965205118,0.09700000286102295,0.06867507126117717,-0.5971643012893523,0.42692749506402045,-3.2320361067540344
-0.028977081365969437,-0.6131714994048543,0.4123071867262302,1790750252,15600656,0.10000000149011612,0.06884169868991684,-0.5969901394713644,0.4253321687647677,-3.2232296771759197
-0.02739356479704269,-0.612496268752765,0.4077589248093399,1790750252,65521881,0.0989999994635582,0.06909782911626502,-0.5967731165127416,0.42335358024280323,-3.212267656271376
-0.02760470048570185,-0.6121078127883502,0.4027122632995123,1790750252,115686471,0.10000000149011612,0.06941257159604089,-0.5965381945757392,0.42129279624541727,-3.2008475452376337
-0.028434025163390803,-0.6117973491195129,0.3966038053819408,1790750252,165608539,0.10199999809265137,0.06988001184855033,-0.5962837328750556,0.4189124908729164,-3.1874214230837237
-0.02614541693833182,-0.6110012582763145,0.39099470772030964,1790750252,215609608,0.10100000351667404,0.07043167379775377,-0.596012992679587,0.4164744673291446,-3.1736154232601077
-0.025279279733181143,-0.6104212654784537,0.3840184673953542,1790750252,265496388,0.10199999809265137,0.07119664637650047,-0.5957153150485518,0.4136854577066986,-3.15751503146518
-0.024975608808103372,-0.6099282846722948,0.3764111644608045,1790750252,316157206,0.10400000214576721,0.07209380304197963,-0.5953905006493968,0.4107940463223083,-3.140704343477641
-0.020419460492228536,-0.6088508633461309,0.3697234997367814,1790750252,365161892,0.10199999809265137,0.07321934229782326,-0.5950639964162312,0.4077458158577637,-3.1224914198720723
-0.01815551125104617,-0.6081267167432315,0.3616855683912687,1790750252,415918175,0.10300000011920929,0.07452525169095542,-0.594702348803423,0.40456986097564346,-3.103293628201031
-0.016029987896247697,-0.6075042160132873,0.35270342290003087,1790750252,465372505,0.10499999672174454,0.07613956738725162,-0.5943485594891837,0.4012492887572605,-3.0824078476508485
-0.013293318397750484,-0.6068235597156432,0.34349069501628976,1790750252,515439473,0.10700000077486038,0.07794430981216457,-0.5939650277245618,0.3978906354526889,-3.060882785637295
-0.007100550132963249,-0.6057841873448104,0.33545846313765654,1790750252,565415125,0.10599999874830246,0.08013029732839132,-0.5936026422745987,0.39443633140632506,-3.0375049533223004
-0.002038449964227404,-0.6049583876982373,0.32650422233663096,1790750252,615289035,0.10700000077486038,0.08250079730069994,-0.5932171810278395,0.39103529937415304,-3.0138266574741697
0.0034063783516040808,-0.6042273796773586,0.3165475391667,1790750252,665405513,0.10899999737739563,0.08531989762959298,-0.5928458838354399,0.387552020294071,-2.987965762625026
0.009607871502235021,-0.6034599508887281,0.30669511576661634,1790750252,715489157,0.11100000143051147,0.0883479446456227,-0.5924472327812992,0.38415298327427383,-2.9617158192988686
0.018435413209915777,-0.6025511484467496,0.29824593233037927,1790750252,765647108,0.11100000143051147,0.09185518617638154,-0.5921021461137199,0.38083743071471976,-2.933525811486188
0.025981228938144335,-0.601916992442905,0.287951018354314,1790750252,815491980,0.11400000005960464,0.09554998006005072,-0.5917368089385188,0.3776870353416148,-2.9051605758761005
0.034670532807147894,-0.601353512875766,0.27795122810536343,1790750252,865892749,0.11699999868869781,0.09958818588024566,-0.5914287049470538,0.3747819887148639,-2.875834880489249
0.04554244560424189,-0.6005482062022438,0.2710477443948983,1790750252,915674047,0.11699999868869781,0.10373126937997831,-0.5911048126174567,0.37211150050139963,-2.846753273473171
0.05745885984146224,-0.5998719413033771,0.26474234045708456,1790750252,965227749,0.11699999868869781,0.10830814903358896,-0.5908616917815689,0.3697288390431671,-2.816025241346932
0.06929037721767443,-0.5993612965474241,0.2572613875757593,1790750253,15372301,0.11900000274181366,0.11310680897717354,-0.5905985614481662,0.3675534336806215,-2.7845984614172647
0.08335247813786797,-0.5987110237970957,0.25441033919363626,1790750253,65621956,0.11699999868869781,0.11822031571834245,-0.5904219022807171,0.365785938227283,-2.7521152994420235
0.09714871364823857,-0.5983032434685823,0.2495481817833865,1790750253,117139506,0.11800000071525574,0.12357355429532019,-0.590224794368934,0.3642672587746223,-2.7186249250413344
0.11131697482366748,-0.598214843046208,0.24385669229783236,1790750253,168605796,0.12099999934434891,0.1291463445677633,-0.5901307553729945,0.36326255874648117,-2.684394119384521
0.1251750018218998,-0.59785343348941,0.24422637964473834,1790750253,215571401,0.11900000274181366,0.1342722471334896,-0.5900280137434392,0.36261980676842537,-2.6530639523863426
0.13979442181734747,-0.5978658299909616,0.2427088866147887,1790750253,265748694,0.11999999731779099,0.13981447652969886,-0.5900205733631937,0.36245215741746395,-2.61943625627031
0.15423157670323148,-0.597799714391289,0.2441914534201871,1790750253,315314145,0.11900000274181366,0.14527486621979654,-0.5900033437942551,0.3625975115227238,-2.586189941958588
0.16931499269487893,-0.5982002661869376,0.24297930341707133,1790750253,365950564,0.12200000137090683,0.1508180464663759,-0.5900950657523537,0.36329625584122627,-2.5522342267848024
0.1834696344913333,-0.598387782091846,0.24669352409479034,1790750253,415560637,0.12099999934434891,0.15617766829336058,-0.5901775892625694,0.36428919219564876,-2.5189682668049693
0.19714353170116025,-0.5986928369436973,0.2525804446624335,1790750253,466842573,0.11900000274181366,0.161526018802453,-0.5903590023188054,0.3658188684765569,-2.4850757866702655
0.21092809559643877,-0.599301814483044,0.2553461606783387,1790750253,515467078,0.12099999934434891,0.16646853491545185,-0.590522441138094,0.3675391636199485,-2.453027680791169
0.2237530842252066,-0.5999338720438856,0.261075372940928,1790750253,565274533,0.12099999934434891,0.17127137819731122,-0.5907705952739468,0.36971562668037533,-2.4208401764601177
0.23774142221780842,-0.6008507544604944,0.2650975233656341,1790750253,615675448,0.12399999797344208,0.17595818798782795,-0.5910106097420156,0.3721582678867535,-2.3883881689154505
0.24713978268648273,-0.6013321944374808,0.275795915183524,1790750253,665596673,0.11999999731779099,0.18024337231517454,-0.5913220527126741,0.3749153718928535,-2.3572620431901283
0.259167817122254,-0.6023338736081294,0.282112823903102,1790750253,715434138,0.12200000137090683,0.18431957861190024,-0.5916215921078339,0.37785721565247227,-2.3263687479300383
0.2671223805231444,-0.6029949109787676,0.29283633944455106,1790750253,765412298,0.11900000274181366,0.18801923224231945,-0.5919821022211563,0.38105431169443765,-2.2964943717067405
0.2756880709472996,-0.6038531624299708,0.3025206826475869,1790750253,815996883,0.11800000071525574,0.19154005728440202,-0.592335797333836,0.38443809390204187,-2.2664803337946964
0.2858533063165203,-0.6051306047905401,0.309402605942321,1790750253,865431278,0.12099999934434891,0.1945398616821999,-0.5927115817052614,0.3878157587673073,-2.238850157819845
0.29101604471136433,-0.6058143728209536,0.3206731398097668,1790750253,915840083,0.11800000071525574,0.19737879108830622,-0.5930789520318563,0.3913404870081446,-2.210982163464356
0.2948142409383216,-0.6064746295195849,0.33140932096880227,1790750253,965613731,0.11500000208616257,0.1997589229691396,-0.5934660548770061,0.39481487270809046,-2.1852128115308687
0.30303751898326065,-0.6078174322280347,0.33910366795155,1790750254,15768561,0.11800000071525574,0.20195493420636423,-0.5938413895509241,0.3983572033288546,-2.1595513590327036
0.3076649134001544,-0.6087734875128533,0.34778166545190653,1790750254,65070008,0.11800000071525574,0.20370632037508574,-0.5942112228628428,0.40167555706599906,-2.1365683344592314
0.3137543871548171,-0.6100114808541635,0.356040026137647,1790750254,116401315,0.11999999731779099,0.20534352348669396,-0.5945805177264312,0.4051212788921563,-2.1130681128524063
0.31523658638277796,-0.6106427582080071,0.3649368871249482,1790750254,165394972,0.11800000071525574,0.2065875052824475,-0.5949228256943745,0.40820651927754453,-2.0926383346114825
0.3209897466126384,-0.6119467917918651,0.3721957299863608,1790750254,215419928,0.12099999934434891,0.20771586732847935,-0.5952577807207836,0.41133017801772465,-2.0721251507790557
0.3233078342229143,-0.6127820232571245,0.3798051282373307,1790750254,265391366,0.12099999934434891,0.20857900803223753,-0.595573347957835,0.4141876496208118,-2.053727429614637
0.32436823714998914,-0.6134695150302863,0.387740951038131,1790750254,316579190,0.11999999731779099,0.20934252297748945,-0.5958826181723603,0.4170630501151909,-2.035299904553632
0.32480727005854493,-0.6140208674178366,0.39436006306559696,1790750254,366213512,0.11900000274181366,0.20986990772204067,-0.5961476409010138,0.41947880438671276,-2.019995422292955
0.3259680748945393,-0.6146964171713128,0.4005934675827446,1790750254,415839528,0.11900000274181366,0.21031710758675545,-0.5964000362232477,0.4218325084633694,-2.005099151318927
0.32675720536688985,-0.6152701113763022,0.4058214227346212,1790750254,465430193,0.11900000274181366,0.21061351323211255,-0.5966183554332806,0.42381462784365287,-1.9926559554976155
0.33033437505424085,-0.6163105216701759,0.4105957230789637,1790750254,515879155,0.12200000137090683,0.21085850431373637,-0.5968298066017597,0.42576208011428085,-1.9804302948725976
0.32877522983256185,-0.6164456114380485,0.4149783278840667,1790750254,566013354,0.11999999731779099,0.2110059743761518,-0.5970022703400418,0.42732167882533223,-1.9706649740441304
0.3251416310282444,-0.6162163998976038,0.4192176285423734,1790750254,615435785,0.11599999666213989,0.21111851585237718,-0.5971633735726349,0.4287941946841295,-1.9614337323724134
0.3253091726545747,-0.6165415304676651,0.42217631787551524,1790750254,666732507,0.11599999666213989,0.211181310791473,-0.5972891054847393,0.42993354060340344,-1.954296072473877
0.32738964534418613,-0.617165846103392,0.4247108792620505,1790750254,715538486,0.11800000071525574,0.21122420649656148,-0.5974003972047852,0.4309493098319691,-1.9479247133447055
0.3254794156409626,-0.6170337349491655,0.42667808702084714,1790750254,765413774,0.11599999666213989,0.21124850787694108,-0.5974777802977945,0.4316644258277862,-1.9434316994475405
0.3255185246783595,-0.6172189011866348,0.42838331545079594,1790750254,815195395,0.11599999666213989,0.21126632772683984,-0.5975479364361452,0.4323187777047902,-1.9393144965579099
0.3255354155949101,-0.6173304331289385,0.42941354882216587,1790750254,865382594,0.11599999666213989,0.21127508888703841,-0.5975899763649936,0.4327137507823047,-1.936826156783411
0.3255463756449437,-0.6174320783643724,0.43035438949986654,1790750254,918079084,0.11599999666213989,0.21128174377949654,-0.5976281484138447,0.43307422199193246,-1.9345530863046467
0.32357951683781516,-0.6171306710113256,0.43077260649397553,1790750254,965773244,0.11400000005960464,0.21128408943208812,-0.5976433090749993,0.4332179535281553,-1.9336461473866993
0.3265369599994717,-0.6176793024877139,0.4310405336162549,1790750255,15567586,0.11699999868869781,0.21128599887018806,-0.5976566305518929,0.4333444998664706,-1.932847371362942
0.32850758775502387,-0.6180311678824094,0.43109027313794485,1790750255,65170630,0.11900000274181366,0.21128647824123756,-0.5976601575882484,0.43337808355486324,-1.9326353521549313
0.32555268063417464,-0.6175224583881913,0.4311930039066707,1790750255,115716852,0.11599999666213989,0.2112867198633022,-0.5976619653388912,0.4333953323482539,-1.9325264524529684
0.3255506274999039,-0.6174872926888265,0.43086653788966867,1790750255,165303746,0.11599999666213989,0.211284902463913,-0.5976488206825621,0.4332703548694852,-1.9333155136623943
0.32751750619114,-0.6177858779942977,0.43042197826401535,1790750255,215443149,0.11800000071525574,0.2112824674611162,-0.5976327285569405,0.43311762438058293,-1.9342794623767259
0.32552813975050904,-0.6172777840513912,0.4289271806538056,1790750255,265557226,0.11599999666213989,0.21127120436838875,-0.597570144660333,0.4325273045870153,-1.9380009449678806
0.3264767802427265,-0.6172553988002955,0.42712324684818875,1790750255,315787555,0.11699999868869781,0.21125400410728282,-0.5974978245157484,0.43185080554029587,-1.9422594178477601
0.32537287538959264,-0.6166939151928597,0.42356781204335486,1790750255,365239560,0.11599999666213989,0.2112058974373483,-0.5973476843660024,0.43046880643997487,-1.950938691340767
0.3241822585145643,-0.616086221687194,0.4196210754385961,1790750255,415924061,0.11500000208616257,0.2111292434513138,-0.597175882332829,0.42891706007867647,-1.9606562424976686
0.3266232940833701,-0.6159144975110182,0.41325259246045515,1790750255,465488696,0.11800000071525574,0.21092748441648423,-0.5969261197701491,0.42659130698225733,-1.9752708805861972
0.3268477393025674,-0.6153505783080869,0.406535307581483,1790750255,515511282,0.11900000274181366,0.2106444186331311,-0.596650264032544,0.42408771949391677,-1.9909586825053864
0.32741351471487107,-0.6147235773808616,0.3975543568278618,1790750255,565271476,0.12099999934434891,0.21011335576974646,-0.5963024745797179,0.4208424551695177,-2.011444377134368
0.32267000012442015,-0.6132784758835299,0.38916223327544486,1790750255,615508361,0.11800000071525574,0.20942537104927358,-0.5959215926729838,0.4174180779743435,-2.0330405305034973
0.32176764001239166,-0.6124262740548302,0.37808617596051985,1790750255,665185905,0.11999999731779099,0.20835026266070397,-0.5954957561257774,0.4134394704829367,-2.0585910905382114
0.3191559079816373,-0.611357448282078,0.3668525859531452,1790750255,715321631,0.12099999934434891,0.20703510092219118,-0.5950335470186398,0.4093196874931892,-2.0851652848932236
0.3114595282508016,-0.609660523752571,0.3558433535074067,1790750255,766268172,0.11800000071525574,0.2051427060639057,-0.5945536876776619,0.40475671561517995,-2.115731875268832
0.3074287378632807,-0.6085900410609909,0.34297664650557175,1790750255,816788719,0.11999999731779099,0.20295936144227106,-0.5940457273328985,0.40020086938936517,-2.1466835967400772
0.30022032000284715,-0.6072829261727456,0.3307087411416459,1790750255,866692117,0.11999999731779099,0.20022473280276296,-0.593567389871662,0.39561456492313607,-2.179654424771857
0.2907312537819915,-0.6057863886574897,0.32032483531971806,1790750255,915198684,0.11800000071525574,0.1972634208847494,-0.5930731837206329,0.39122010175216093,-2.212042714637313
0.28067257178910276,-0.6044684251618614,0.3095276757060722,1790750255,965237826,0.11699999868869781,0.19370441901893123,-0.5926233056596337,0.3868919648896312,-2.246573348162936
0.2683451706698169,-0.6029742875709244,0.3007756305388586,1790750256,15786510,0.11400000005960464,0.1897932355186881,-0.5921462224295643,0.38268012677012275,-2.2816663022230683
0.2608708336484844,-0.6024178332560847,0.28741896897391583,1790750256,65337525,0.11900000274181366,0.18565013812613285,-0.5917676596618368,0.37901275380726424,-2.3157052361187636
0.2462798461533967,-0.6009856733141591,0.28241638540985303,1790750256,115510426,0.11400000005960464,0.18121611599156384,-0.5913692674297231,0.37553048621571294,-2.3501075000354117
0.23787111017400825,-0.6006954546332407,0.26985813292744276,1790750256,165503872,0.11999999731779099,0.17675300326223714,-0.5910828105987074,0.37267920780247266,-2.382661729969716
0.225478878108948,-0.5999379857826249,0.2629824059827813,1790750256,216144984,0.11999999731779099,0.17208829977339596,-0.5907864899882954,0.3700603945051265,-2.4153228795592305
0.21311739506890895,-0.5992465139454131,0.2595124509288046,1790750256,265824564,0.11800000071525574,0.1677199341822298,-0.5905920227405314,0.3680857924810817,-2.444725456012717
0.20181621144948564,-0.5988205017975851,0.25406975485755035,1790750256,315550016,0.11900000274181366,0.16329594194807032,-0.590392623387374,0.36634691351233944,-2.4737197178922994
0.19109719397708486,-0.598423930836634,0.25177889200163633,1790750256,365460414,0.11800000071525574,0.15933922677919599,-0.5902758350627625,0.3651324990175491,-2.499036379359882
0.18059973186379463,-0.5980699018777346,0.25013224278702195,1790750256,415385415,0.11699999868869781,0.15542420062524742,-0.5901597756493222,0.3641174270131432,-2.52367604974259
0.17241953562623266,-0.5980390981500668,0.2464900715059676,1790750256,465373639,0.11900000274181366,0.1521641330952051,-0.5901007004638957,0.36348452078897375,-2.543928969128549
0.16415076101846204,-0.5979660162115248,0.24421049423559643,1790750256,515746385,0.11999999731779099,0.14898339277587558,-0.5900430964442471,0.3629841345739514,-2.5635096410337317
0.1577346091372332,-0.5978348897786915,0.2445023595198561,1790750256,565496476,0.11900000274181366,0.1466018643339303,-0.5900197249654644,0.36272243330023524,-2.578083358221666
0.1517820417552769,-0.5978503070906483,0.24302206745615756,1790750256,615925029,0.11999999731779099,0.14432302196112723,-0.5899980270860756,0.3625323351268063,-2.5919685768543164
0.14783352322701077,-0.5977675653108838,0.24381334703737406,1790750256,665364847,0.11900000274181366,0.14285102550450854,-0.5899912492808299,0.36245442035516584,-2.6009157619142917
0.14423541208414495,-0.5978215486427488,0.24269224426796127,1790750256,715887818,0.11999999731779099,0.14147889465327873,-0.5899854475131698,0.3624043843666588,-2.6092414195299503
0.1423564837924973,-0.5976856394819741,0.24464739112932693,1790750256,765236099,0.11800000071525574,0.14078022394184098,-0.589981642267774,0.3623850826329706,-2.613475412579377
0.1408018923074803,-0.5976813695383494,0.24462531688982195,1790750256,815112775,0.11800000071525574,0.14018741749483365,-0.5899779663471102,0.36237199484201804,-2.6170653644187616
0.14026124356363273,-0.5976799233829123,0.24462017628917765,1790750256,865281056,0.11800000071525574,0.13998119681252175,-0.5899765860016772,0.36236812886504377,-2.618313691626126
0.13991729634262837,-0.5977442908813824,0.24361970546782974,1790750256,915448198,0.11900000274181366,0.13984977148088193,-0.5899756771047647,0.36236584112257203,-2.619109101658016
0.13984944915779537,-0.5984263987058943,0.24376940734349764,1790750256,965418921,0.11900000274181366,0.13982019512100421,-0.5902465561493231,0.3624879399005618,-2.619083814818219
0.1398319179768485,-0.5993070362228146,0.2429516650816516,1790750257,15642685,0.11999999731779099,0.13980981060606823,-0.590565856111811,0.3626328692776364,-2.6189093522573814
0.13983567147016052,-0.6038820779782064,0.24403727640659134,1790750257,66380491,0.11999999731779099,0.139790882049157,-0.592359005927167,0.3634827290646317,-2.617790279076959
0.13984266635581594,-0.6093458590836708,0.2413227353647849,1790750257,115434749,0.12399999797344208,0.13980417445844376,-0.5942466736721067,0.3643999981540373,-2.616545633373441
0.13985049721872284,-0.6179072872936233,0.24288250404602474,1790750257,165315868,0.125,0.1397624413646382,-0.5974408804330157,0.3661955951449938,-2.6154522887745406
0.13986597052263428,-0.6276741168393102,0.24085423851533735,1790750257,215217219,0.12999999523162842,0.1398031221637147,-0.6005783756167848,0.36799909927623925,-2.6143895657890743
0.13987903141921407,-0.6389078368516093,0.23139909852350882,1790750257,265142543,0.14300000667572021,0.13978848809834268,-0.6034345099673762,0.3699293724383734,-2.6145459812701386
0.1398933351657398,-0.6476696932885222,0.23283871826885782,1790750257,315617318,0.14499999582767487,0.13981906504774916,-0.606074977156603,0.3717447039709879,-2.614935504645751
0.1399007401487951,-0.6519759627888235,0.23258178798961765,1790750257,365094720,0.1469999998807907,0.1398299021117611,-0.6072509558922174,0.3726127442279563,-2.615362650233959
0.1399070081225663,-0.6552952238473819,0.23302267101889804,1790750257,415621579,0.14800000190734863,0.1398382158916749,-0.6081918764566291,0.37332687800069253,-2.6158070387595895
0.13988424359349869,-0.6567887688379545,0.2304289763081232,1790750257,465273613,0.1509999930858612,0.1398331241288621,-0.6083557280762873,0.3734507783570037,-2.615919920148241
0.13985448735298245,-0.6572187176385523,0.229532826526419,1790750257,515513163,0.15199999511241913,0.13982472350316186,-0.608388777995248,0.3734759910835453,-2.6159762362282155
0.13949574921869834,-0.6578818251348356,0.22765289505376055,1790750257,565407005,0.15399999916553497,0.13971966589331028,-0.6083958895666801,0.3734853049812248,-2.6164528020253783
0.1390915755224991,-0.6566006246973562,0.23144845162517663,1790750257,615075621,0.15000000596046448,0.13959735635025716,-0.6083981973883786,0.3734916562335506,-2.6170041466326257
0.13801730462688958,-0.6569323780777699,0.23052402425625432,1790750257,665388719,0.1509999930858612,0.13927918498249983,-0.6084038134129872,0.373507883420407,-2.6184374646752056
0.1368112286174125,-0.6569434192834338,0.23055368322546987,1790750257,716136007,0.1509999930858612,0.1389205011342913,-0.6084094902229363,0.3735257315822388,-2.6200518734829426
0.13468910091400416,-0.656639843771503,0.23156448066042182,1790750257,765392776,0.15000000596046448,0.13828125170634012,-0.6084179070978565,0.3735565334812305,-2.622924598566356
0.1322542151312952,-0.6573000294941959,0.22975952634402252,1790750257,816019108,0.15199999511241913,0.13757204513312576,-0.6084246827163602,0.37358900759036984,-2.626106152485638
0.12871975488027917,-0.657639143129923,0.22896981238383957,1790750257,865537446,0.15299999713897705,0.13653362236468938,-0.6084281127354316,0.37362878060556964,-2.6307477433320403
0.1250416586049144,-0.6573292786021974,0.2301233136402541,1790750257,915663800,0.15199999511241913,0.1354177329397704,-0.6084252050188327,0.37366678156034383,-2.6357213197095515
0.11961710699746463,-0.659337054242592,0.22493894836878292,1790750257,965406548,0.15800000727176666,0.13397247022378433,-0.6084547224897886,0.3738312388337912,-2.642381943439823
0.1149724252083511,-0.6571616569936395,0.2321487408119971,1790750258,17401851,0.1509999930858612,0.13239519058565224,-0.6084801418877438,0.3740203561743806,-2.6496592022480066
0.10873198913271222,-0.6576064674526568,0.23212350455729358,1790750258,65233537,0.15199999511241913,0.13057877455004338,-0.6085222805235223,0.37431161613702557,-2.6581772150273886
0.10178134959060733,-0.6583719472857072,0.23139912866898565,1790750258,115513484,0.15399999916553497,0.1286069992727701,-0.608551333267893,0.37462723583026397,-2.667407377819022
0.09541250647529205,-0.6563211146495248,0.23959403874186166,1790750258,165859072,0.1469999998807907,0.12630492095133541,-0.608624352900516,0.3751657083909853,-2.6785167116509006
0.08774845042219107,-0.6565249922545677,0.24153293269907855,1790750258,215720849,0.1469999998807907,0.12395951235910431,-0.608678329508649,0.37572852063859247,-2.6898464102815476
0.07923833380833782,-0.656857617690203,0.24420739759404428,1790750258,265443521,0.1469999998807907,0.12138292665442638,-0.6087915225202576,0.37657991647127814,-2.702775440648368
0.07052704220799731,-0.6571856660828774,0.24728119744752872,1790750258,315953157,0.1469999998807907,0.11871611631703512,-0.6088824058066227,0.37748721938257795,-2.7162017786069903
0.0614399054576252,-0.6576542213318949,0.25114225149089253,1790750258,365166703,0.1469999998807907,0.11596862304641899,-0.6090393030294519,0.3787048190470562,-2.730660688710864
0.05306962824810777,-0.6574505192064017,0.2571732709305912,1790750258,415166536,0.14499999582767487,0.11314870818980796,-0.6091689000221734,0.3799917882328843,-2.7455944716150555
0.04588982504264465,-0.6563882932045801,0.2665477888980502,1790750258,465595023,0.14000000059604645,0.11025210699892586,-0.6093702421744408,0.38164253120020913,-2.7617243075817703
0.03485063893758346,-0.6583225072003042,0.2689009158893524,1790750258,515528448,0.14399999380111694,0.10737958146961046,-0.6095352198779842,0.3833358375943855,-2.777901760755455
0.02568357535091785,-0.6591004687960038,0.27551154115496207,1790750258,565412335,0.14399999380111694,0.10457590638056727,-0.6097928810461499,0.38542405231597776,-2.7948239212473887
0.0201922199754178,-0.6577923932268946,0.2870675891488375,1790750258,616079585,0.1379999965429306,0.10175892764515101,-0.6100171072140425,0.38760809487742093,-2.8121548815998696
0.011389011426955642,-0.6590227343046177,0.29393268822563956,1790750258,665345465,0.13899999856948853,0.09918911891825996,-0.6103141081352609,0.39005558073063584,-2.829272755287341
0.0040467841414176114,-0.6595373945427729,0.3027307877547246,1790750258,715687811,0.1379999965429306,0.09662421839563644,-0.6105745480023742,0.39259767471213525,-2.846811468787707
-0.003239456536623664,-0.6605163810997006,0.31131734095558045,1790750258,765607394,0.1379999965429306,0.0943269019572746,-0.6108976889220932,0.39535774863351136,-2.864059024241026
-0.007095000416524541,-0.65999642052142,0.32244521962760153,1790750258,815430669,0.1340000033378601,0.0921210628658918,-0.6111771155106224,0.39813438093586795,-2.8812472551439647
-0.01373507098650692,-0.6613948108094284,0.33089454195887963,1790750258,865150610,0.13500000536441803,0.09024468479743508,-0.6115268674660742,0.4010828605183715,-2.8978719396770094
-0.020000445445049572,-0.6627774055137143,0.3397477259544679,1790750258,915502467,0.13600000739097595,0.08846067977166855,-0.6118433823803741,0.4040743270967734,-2.9146060308371533
-0.02452334757087235,-0.6637992291561028,0.3487955705533499,1790750258,965506244,0.13600000739097595,0.08702610356210465,-0.6121820069097257,0.4070054007355898,-2.930066507375693
-0.024358790754689955,-0.6628499359116639,0.35979808627056226,1790750259,15550078,0.13099999725818634,0.08570466325412678,-0.6124825067648565,0.4098995578501003,-2.945333040213283
-0.026631927124518978,-0.6633992794782299,0.36854327528673847,1790750259,65427474,0.12999999523162842,0.08468346680408655,-0.6127976737529152,0.412683498810896,-2.959354538247315
-0.029357011773691807,-0.6642974570074387,0.37694326923624266,1790750259,115782246,0.12999999523162842,0.0837580131075866,-0.6130837656465002,0.41544194094732545,-2.973295932473833
-0.03132943731337674,-0.6651307010832557,0.38441755556360857,1790750259,165575197,0.12999999523162842,0.08311360547253872,-0.6133650223470861,0.4179302878173093,-2.9854285470755766
-0.03385598976520231,-0.6663247973269399,0.39152099956965714,1790750259,215306452,0.13099999725818634,0.08255952524864126,-0.6136213457557353,0.42034413850676955,-2.997258722761854
-0.030505257282701245,-0.6650064174403967,0.39883636699952557,1790750259,265178682,0.12600000202655792,0.08219855848515897,-0.6138609830151897,0.4224582839309195,-3.007384515366902
-0.032264996151793054,-0.6660759822962974,0.40472429814373273,1790750259,315276969,0.12700000405311584,0.08190437422772792,-0.6140828290706289,0.42449973528902385,-3.017219872105711
-0.03369156924408573,-0.6670224887648974,0.4094456312366346,1790750259,365684159,0.12800000607967377,0.08172928314037331,-0.614263851875573,0.4261355870431026,-3.025045661923717
-0.03226832247501951,-0.6666933018639696,0.41427640250536557,1790750259,416031959,0.12600000202655792,0.08159493070383757,-0.6144284343019654,0.42767579446717696,-3.032466432719576
-0.03335644805290809,-0.6674641468785013,0.4174029750610148,1790750259,465258819,0.12700000405311584,0.08153429227470066,-0.6145490690241812,0.4287657807064823,-3.0376764388803927
-0.03166957457964327,-0.6669683995392574,0.42066897996364117,1790750259,516209228,0.125,0.08149198262654438,-0.6146633434446158,0.4298146389124064,-3.042711422403215
-0.031719055882849026,-0.6671607116266355,0.4224518423571344,1790750259,565388976,0.125,0.08147221278422322,-0.614727069542227,0.4304173853582619,-3.045626813750632
-0.029939289888488804,-0.6664953675833293,0.42420342218886836,1790750259,616396988,0.12300000339746475,0.08145719327924472,-0.61478433341492,0.43097049828352085,-3.0483161454771115
-0.03176070945819061,-0.6674163601662043,0.42484812949614326,1790750259,665288437,0.125,0.08145121141732774,-0.614810218332279,0.4312242421852586,-3.049554181764593
-0.030861310339384454,-0.6670622818704817,0.4255301573948693,1790750259,715530014,0.12399999797344208,0.08144665210048546,-0.6148317607488224,0.4314372491817219,-3.0505956006874744
-0.030862687241153416,-0.6670803134133083,0.4257009157259749,1790750259,765157193,0.12399999797344208,0.08144548120028547,-0.6148375603555782,0.43149483941308664,-3.050877601666081
-0.032674793279174844,-0.6679325242309335,0.42569827105184754,1790750259,815603911,0.12600000202655792,0.08144486641638254,-0.6148406085094685,0.4315251284113206,-3.0510260406701413
-0.029051916088865412,-0.666246791186618,0.42588059230442676,1790750259,865680189,0.12200000137090683,0.08144489367127966,-0.6148405179875894,0.4315242119867242,-3.051021628284875
-0.029051765148918746,-0.6662448399111978,0.4258620342140346,1790750259,915617975,0.12200000137090683,0.08144503185452552,-0.614839882555486,0.43151787594965274,-3.0509906663902613
-0.03086212569692255,-0.6670731848767624,0.42563322556645966,1790750259,965775930,0.12399999797344208,0.08144597134326596,-0.614835270049836,0.4314719832391173,-3.050765900921331
-0.03086080820003484,-0.6670568408989022,0.4254784302453083,1790750260,15372479,0.12399999797344208,0.08144706501540988,-0.6148300126389584,0.4314197702577619,-3.050510279534936
-0.03357489959422333,-0.668285856294842,0.425008300124733,1790750260,65613046,0.12700000405311584,0.08144933164081078,-0.6148190572961583,0.43131136787902513,-3.0499799880292904
-0.030853881791689755,-0.6669855622265032,0.42480523795068564,1790750260,115666406,0.12399999797344208,0.08145194740431608,-0.6148069958220063,0.43119252485380183,-3.049399224351287
-0.030846083982686692,-0.6669236845664513,0.424222733824142,1790750260,165397994,0.12399999797344208,0.08145655913556808,-0.6147869074598497,0.430995644498592,-3.048438569270294
-0.0290245416330379,-0.6660168230937793,0.4237129235585602,1790750260,215190592,0.12200000137090683,0.08146195914943168,-0.6147651438724157,0.4307839105007809,-3.047407337781582
-0.02991082986758091,-0.6663351431453441,0.42270376217038375,1790750260,266018925,0.12300000339746475,0.0814709871367207,-0.614731509345,0.430459834320421,-3.0458327053637073
-0.03169663099392464,-0.6670664068739229,0.4215751449351973,1790750260,315833588,0.125,0.08148154543330224,-0.6146959561522733,0.43012127106454845,-3.0441924622844403
-0.03436940716373953,-0.6681715900305704,0.4199686643676631,1790750260,365473962,0.12800000607967377,0.08149786402985672,-0.6146462247230335,0.42965433890487914,-3.041938363007862
-0.03340813658325366,-0.6675931750275202,0.41857475298872643,1790750260,415337913,0.12700000405311584,0.08151747321730626,-0.6145927837016036,0.4291607702171558,-3.039565504541112
-0.029703548852944003,-0.6657201492282587,0.4170606611846705,1790750260,465307513,0.12300000339746475,0.08154549366804552,-0.6145221566779246,0.42852438364970524,-3.036524620523066
-0.032308457799381435,-0.6667506368883456,0.4148220974493852,1790750260,515349558,0.12600000202655792,0.081579004983018,-0.614446525387929,0.42785767383987094,-3.0333565060598495
-0.03394838113385257,-0.667313177771405,0.4121979678386885,1790750260,565374909,0.12800000607967377,0.081632967147206,-0.6143555063803543,0.4270451401878819,-3.0294846854818207
-0.030134131673531947,-0.6653815610965931,0.4101905076851191,1790750260,615839099,0.12399999797344208,0.08169736395613128,-0.6142579844090561,0.4261935070702275,-3.025448043401953
-0.032534618318023054,-0.6663114456127078,0.40693324197140535,1790750260,665668299,0.12700000405311584,0.08180741296668047,-0.6141586584668354,0.4252359112875639,-3.020800932827699
-0.03037833232993177,-0.66517649167895,0.40431125106833093,1790750260,715476518,0.125,0.08193344366962067,-0.6140548164674272,0.42425214611830137,-3.01604054713163
-0.031700343431656314,-0.6656096679372584,0.4005132179963945,1790750260,765938828,0.12700000405311584,0.0820906918997366,-0.6139238727991898,0.4230782327016133,-3.010422816476633
-0.03205527236129066,-0.6656177573173763,0.39680681962444675,1790750260,815527793,0.12800000607967377,0.0822620097669877,-0.6137847953523015,0.4218847903782228,-3.004762250384009
-0.03213238747569622,-0.6655561537199193,0.39226084976374614,1790750260,869863262,0.1289999932050705,0.08254412242484548,-0.6136347624123172,0.4204471132376806,-2.9977352790757736
-0.030394775283330386,-0.6647155364091883,0.3884496470663584,1790750260,919420478,0.12800000607967377,0.08283231376043734,-0.6134902295950498,0.4191024740953389,-2.991180196577087
-0.030281778371130053,-0.6646500776383236,0.38396186567064994,1790750260,965717523,0.1289999932050705,0.08316574531108807,-0.6133357266446575,0.41768863544452,-2.9842794021132555
-0.02992718509844959,-0.6645068065090121,0.37890464835584153,1790750261,17183095,0.12999999523162842,0.08356320402478468,-0.6131502381735108,0.41608573529101955,-2.9765210853039616
-0.027620795693768047,-0.663589527539041,0.37436542637274006,1790750261,65202393,0.1289999932050705,0.08404820877473594,-0.612980113672048,0.4144867288934819,-2.968549430455021
-0.02596339764745731,-0.6630215459485483,0.3692548236941179,1790750261,115595146,0.1289999932050705,0.08459556089556061,-0.6127884058287351,0.4127789154881426,-2.960069771958899
-0.023174433343718423,-0.6620686092610155,0.3643391112485406,1790750261,165172342,0.12800000607967377,0.08525543909192744,-0.6126062991727773,0.4110343379930491,-2.9511400074633967
-0.022714406072047694,-0.6622440466510321,0.3582069928434293,1790750261,215397102,0.12999999523162842,0.08596748134447392,-0.6124073390058775,0.4092417719543192,-2.941985386322271
-0.019365296549836417,-0.6612508114661979,0.35295225425056076,1790750261,265437684,0.1289999932050705,0.08681540543853583,-0.6122096556986047,0.40737303900366206,-2.9321640942794884
-0.016650804644202474,-0.6606160496757039,0.34729275120048747,1790750261,315412765,0.1289999932050705,0.08771086402865082,-0.6119936494925402,0.4054778228181637,-2.922224584055942
-0.014309504485329083,-0.6603562447808766,0.3409570945932984,1790750261,365203372,0.12999999523162842,0.08876560030177207,-0.6117881578593566,0.4035403388854827,-2.9116466617501717
-0.011662878277432759,-0.6600552890411463,0.3344984475583879,1790750261,415636727,0.13099999725818634,0.08988763868910883,-0.6115596189549649,0.401555600557641,-2.900806839309195
-0.008511198841907638,-0.6597648933172107,0.3278722286624229,1790750261,465553141,0.13199999928474426,0.09118850529260628,-0.6113494290443346,0.39956540564534604,-2.889365262586232
-0.005807769994355033,-0.6598058985595577,0.3206712981697095,1790750261,515340636,0.1340000033378601,0.09254363680734579,-0.6111175599664368,0.3975637383684345,-2.8778215912596705
-0.0010666440297756319,-0.6591415700586847,0.314504891941183,1790750261,565456098,0.1340000033378601,0.09409822240270792,-0.6109097539274192,0.39558103519006893,-2.8656464676202056
-0.00017491953377815617,-0.660591430240529,0.304627141460567,1790750261,615559718,0.14000000059604645,0.0957080219857693,-0.6106785420862508,0.3935943561441265,-2.8533716097592396
0.007429267075628979,-0.6588745207495448,0.300507410494761,1790750261,665044367,0.13699999451637268,0.09750013985295432,-0.610480684661076,0.39169004592091783,-2.840692044376201
0.012760646584883698,-0.6585368790479359,0.29378593640394957,1790750261,715702614,0.1379999965429306,0.09939153449974208,-0.6102528873959997,0.38974292914073694,-2.827603066085989
0.019113179140937908,-0.6579239452973107,0.28806093762384444,1790750261,765080224,0.1379999965429306,0.10143174535860695,-0.6100681603473052,0.3879482568817708,-2.814395822875092
0.025851873126212108,-0.6572756908907227,0.2824167144969137,1790750261,815420578,0.1379999965429306,0.10356081368868045,-0.6098532129296209,0.38612991609891056,-2.80084841944489
0.031577364145101636,-0.6577196693813085,0.2746733387413889,1790750261,865974278,0.14100000262260437,0.105905102830277,-0.6096801656889089,0.38443942679462434,-2.786799293117112
0.04010395131271914,-0.656444094090231,0.2711198476023456,1790750261,915682754,0.13899999856948853,0.10825416288512331,-0.6094817688766158,0.382793874463944,-2.772906908671405
0.046652407750834915,-0.6569457717646501,0.26391914504737535,1790750261,965211496,0.1420000046491623,0.11077405443534435,-0.6093328137597981,0.38133048170980016,-2.7587798659172003
0.054161956260445836,-0.6570732917549433,0.2576631106068793,1790750262,15276550,0.14399999380111694,0.11335539356999311,-0.6091533327216183,0.3798752733422096,-2.7444485852412686
0.06274389082403484,-0.6569515124416104,0.25260185820429415,1790750262,65423336,0.14499999582767487,0.11613468309370281,-0.609022147697139,0.3786066124242613,-2.7297301322602094
0.07387632311461131,-0.6545083263283081,0.2540542047694333,1790750262,115395277,0.13899999856948853,0.11893810715872782,-0.608861212620724,0.37736996301324455,-2.7149918856130832
0.08123255348173837,-0.6564584950348684,0.24453401430421426,1790750262,165568370,0.1459999978542328,0.1219010225541634,-0.6087664519585743,0.3763958511788388,-2.700145903030341
0.08975979340860023,-0.6577246534789315,0.23704795411041793,1790750262,215225918,0.1509999930858612,0.12485165848010335,-0.6086448753432319,0.3754702582954157,-2.685443067325429
0.10147587514472384,-0.6549037151133981,0.24215122069372738,1790750262,265268295,0.14300000667572021,0.12793129692285504,-0.6085920197462915,0.3748325661799016,-2.6707641809928164
0.11072128105445836,-0.6566016401589575,0.2346732189536818,1790750262,315813494,0.14900000393390656,0.13104607089605205,-0.608508980742488,0.37422607704139954,-2.655964114283532
0.1205972958609052,-0.6577783202719677,0.22970733468821625,1790750262,365341273,0.15299999713897705,0.1341462034765823,-0.6084883366946757,0.373915253145904,-2.641786638000533
0.13133612290497934,-0.6560360116866389,0.23361830410800316,1790750262,415191768,0.14800000190734863,0.13725609845905848,-0.6084364682489023,0.3736298676252117,-2.6275764183722425
0.14180289264135634,-0.6573220756262483,0.22971494627298272,1790750262,465315322,0.15199999511241913,0.1404256571022809,-0.6084462782174274,0.3736359599023247,-2.613661129557434
0.15246887354143607,-0.6569775639703364,0.2309591621513856,1790750262,515822595,0.1509999930858612,0.1436056888589501,-0.6084238410918593,0.3736650760577628,-2.5997118628365694
0.16365134784038204,-0.6593586429553617,0.2253933733858091,1790750262,565549505,0.15800000727176666,0.14672901111519976,-0.6084714919747933,0.3740141481204292,-2.58657342163974
0.17361411356374806,-0.6575274131420101,0.23248128006380878,1790750262,616072333,0.15199999511241913,0.14987841800444865,-0.6084866294913123,0.3743813040575246,-2.573331722389166
0.1842770971475393,-0.6587663614142529,0.23183772595401914,1790750262,665481814,0.1550000011920929,0.152871687908764,-0.6085809046535684,0.3750861834319805,-2.561350511093223
0.19535507248845582,-0.6599859543594275,0.23168622821488163,1790750262,716070938,0.15800000727176666,0.1559022673563556,-0.6086448333215336,0.37580967445337254,-2.549247884040575
0.20459658268145492,-0.6597130605334062,0.23665915337635024,1790750262,765583985,0.15600000321865082,0.1587430771109391,-0.6087667504863971,0.3767945540562204,-2.538455519790338
0.2145973777881197,-0.6603778897807631,0.23926767963165868,1790750262,815423379,0.15700000524520874,0.16156841097450594,-0.6088554735188896,0.3777681162671237,-2.5277725972684864
0.22379092913015056,-0.6608467678245249,0.24329706031483436,1790750262,865423469,0.15700000524520874,0.16423167303791586,-0.609000264164848,0.37899391628063145,-2.5183244498165256
0.23118180729919938,-0.6599430792790707,0.2510123358404559,1790750262,915772711,0.15299999713897705,0.16687667298786701,-0.6091141895696977,0.38020317451193786,-2.5090584018602007
0.24074590419825423,-0.661478439981417,0.2531443568423787,1790750262,965515344,0.15600000321865082,0.16928777807758416,-0.609278139877575,0.38161562166300034,-2.501352936462806
0.24796306225895293,-0.6612942740863954,0.25968552441892734,1790750263,15861809,0.15399999916553497,0.1716976521076923,-0.6094123134909922,0.38300563276392435,-2.4938313852275438
0.25479358585209955,-0.6615469038645823,0.26557797614925915,1790750263,65444958,0.15299999713897705,0.17384752633100817,-0.6095924778838532,0.38456315250979517,-2.488047915696286
0.2625884332006538,-0.66242102700005,0.2701358108116702,1790750263,115646799,0.15399999916553497,0.1760058226160766,-0.609742762665808,0.38608602320507623,-2.4824857615498024
0.2719759073866179,-0.6647737478906858,0.2718880588570169,1790750263,165227615,0.1589999943971634,0.177875294180815,-0.6099324225715683,0.3877263161377295,-2.4788498717636838
0.27531796094970507,-0.6636112081710629,0.28106300403711354,1790750263,215246806,0.15399999916553497,0.17975042534836266,-0.6100928214473178,0.3893156167749066,-2.4755161042249023
0.28086967774268795,-0.6642584084006836,0.2865908316452328,1790750263,265466092,0.15399999916553497,0.18135555819330967,-0.6102865572805475,0.3909937963539166,-2.474174171750525
0.2849019778783397,-0.6641226491611247,0.29344805379385397,1790750263,315636184,0.15199999511241913,0.18295654207361306,-0.6104508545606915,0.39259675573759456,-2.4732118628314974
0.2950253624016558,-0.6675981805046498,0.2937694290460881,1790750263,365623338,0.1599999964237213,0.18428649791944723,-0.6106385543841932,0.3942308830520883,-2.474287076279183
0.29463570223459107,-0.6656538066122649,0.30349397774036146,1790750263,415373683,0.15299999713897705,0.18562404533811472,-0.610797462925789,0.3957774504890781,-2.4757152602391623
0.30359446197629847,-0.6687627240001891,0.3045465869467144,1790750263,465420884,0.1599999964237213,0.1867428020244695,-0.6109684184596125,0.39731245712090846,-2.4789413706103565
0.3029787831805487,-0.6670970669504963,0.31311408146720815,1790750263,515526502,0.15399999916553497,0.18788846023606,-0.611113689808527,0.39876499384587516,-2.482496744922635
0.30916453207917904,-0.6691184794745564,0.3157874039503,1790750263,565228236,0.15800000727176666,0.18878647100878246,-0.6112771568153309,0.4002119626038196,-2.4881750955396904
0.3115197601503763,-0.6692468539582802,0.32116111201199227,1790750263,615243705,0.15700000524520874,0.18971657125529748,-0.6114208868679902,0.4015920908202724,-2.494302766302986
0.31246635165873443,-0.6690558167580081,0.32665972268558985,1790750263,665321971,0.1550000011920929,0.19040083464920443,-0.6115773840990153,0.4029567718147048,-2.5027070968428724
0.3173254727268834,-0.6706610746125162,0.3296869890000107,1790750263,716165414,0.15800000727176666,0.19111907793977254,-0.6117181043108381,0.4042636238445364,-2.5116783494299106
0.31547511284953356,-0.6692182530932942,0.336065610852775,1790750263,765261362,0.15299999713897705,0.19176494218013274,-0.6118432237910592,0.40544066984404625,-2.5209340878381585
0.3201214018264295,-0.6707028515684482,0.3387872518216585,1790750263,815337739,0.15600000321865082,0.1924846810965966,-0.6119525157492272,0.4065608939451453,-2.5304780180960287
0.32506006686439837,-0.6726972645727402,0.34093935701692935,1790750263,865442292,0.1599999964237213,0.19290718971904786,-0.6120879412777088,0.4077385025766975,-2.5427653487143123
0.3224781192156186,-0.6712438959219349,0.3467281365007359,1790750263,915365659,0.1550000011920929,0.19332674483959633,-0.6122142350366003,0.4088604308579842,-2.5555056335217214
0.3264612374848783,-0.6727747660230694,0.3490740243765517,1790750263,965359812,0.15800000727176666,0.19375288575220853,-0.6123261396889849,0.40988898349516445,-2.568100545612547
0.32288167290733605,-0.6707987717333491,0.35476414200851303,1790750264,15382143,0.15199999511241913,0.19423126027384044,-0.6124246905701066,0.41084922462193113,-2.5806707136526676
0.32411925716851986,-0.6711798424856994,0.35811092594621013,1790750264,65146423,0.15199999511241913,0.19458818289964167,-0.6125448401510869,0.41184765281104435,-2.593870138799096
0.3253413255000208,-0.6715366954390342,0.3614564429239482,1790750264,115313217,0.15199999511241913,0.19496242283716986,-0.6126582390517695,0.41282440597543835,-2.60730536509721
0.32552861756689,-0.6715264122969289,0.36504250957031653,1790750264,165235499,0.1509999930858612,0.19525488001328356,-0.6127742584976917,0.4138065910206522,-2.6208626375766992
0.32829150306520455,-0.6726569047326452,0.36766382731888286,1790750264,215403821,0.15299999713897705,0.19556458448241504,-0.6128781182482651,0.41477073652018204,-2.6345217542234263
0.3301459167340552,-0.6733501662473497,0.3704437947895266,1790750264,265638459,0.15399999916553497,0.19588640374216018,-0.6129658283529635,0.41565568096142347,-2.6473453079660403
0.3319980297905718,-0.6740043556306432,0.37317612830763824,1790750264,315398443,0.1550000011920929,0.19623623153110584,-0.6130385760110462,0.4164994271003154,-2.6598883465129504
0.33020121347294185,-0.6732482939042871,0.3773933403823462,1790750264,365511930,0.15199999511241913,0.19644920881077796,-0.613188589695065,0.417483634635802,-2.6718888282878286
0.330109108608443,-0.6732765784873621,0.38113865530673274,1790750264,415900931,0.1509999930858612,0.19665415771231007,-0.6133299709494587,0.41851750277341465,-2.683834706543138
0.33169121223897935,-0.6740160154386448,0.3840337501890436,1790750264,465257660,0.15199999511241913,0.19686191642969603,-0.6134311653873668,0.41945317212125993,-2.694519415551995
0.33505024080325796,-0.6755255299679916,0.38654274859058857,1790750264,515460186,0.1550000011920929,0.19709182744328055,-0.6135097791915842,0.4204030972064096,-2.705204809745359
0.3293920299962132,-0.6730613636832117,0.391087225329703,1790750264,565469192,0.14800000190734863,0.19726441487264554,-0.6136182562419116,0.42129998528399437,-2.714328700618243
0.33888821856285944,-0.6774150767607763,0.3922340691399511,1790750264,615764256,0.15800000727176666,0.19744015332697795,-0.613715079208819,0.42221335283360795,-2.7232177837904996
0.3330620078190747,-0.6749481488086683,0.39654724342826414,1790750264,665357414,0.1509999930858612,0.19755564035133955,-0.6138350791153243,0.4230842930058968,-2.7306256844755405
0.33348151827195094,-0.675299494838375,0.3996543835205513,1790750264,716622601,0.1509999930858612,0.19767423684212523,-0.6139450185400368,0.4240061485639094,-2.7380342680506238
0.3320170146467988,-0.6747538645628333,0.40257790415830197,1790750264,765409610,0.14900000393390656,0.19778547529630114,-0.6140172550369075,0.4248030988525042,-2.7442555925280354
0.33504629099115085,-0.6762281430553446,0.4048031346608884,1790750264,815421171,0.15199999511241913,0.1979071252953364,-0.6140730974217992,0.42562615194281156,-2.7505023825621997
0.3343801068022878,-0.6760805598167007,0.40735525558757957,1790750264,865469991,0.1509999930858612,0.1979800217644101,-0.6141503843185802,0.42634651874624974,-2.7554567591918357
0.33639755852444847,-0.6771543808301865,0.4095099473949085,1790750264,915441218,0.15299999713897705,0.1980488982789581,-0.6142214921545297,0.42706269235808303,-2.760167223806461
0.3338117315460123,-0.6761782070155543,0.41195247715011507,1790750264,965307657,0.15000000596046448,0.19807093018226232,-0.6143122045609078,0.42766980432581614,-2.7636704361714526
0.33482028963179666,-0.6768433793127188,0.4139237801177493,1790750265,15270208,0.1509999930858612,0.1980872098984952,-0.6143995386261016,0.4282705420827762,-2.7669596856784664
0.3339951368647459,-0.6766259916238455,0.41574180137335426,1790750265,65190267,0.15000000596046448,0.19810709544337177,-0.6144618091954482,0.42878236922184987,-2.769729531575244
0.3340672554935271,-0.6768097194163343,0.4174386199248639,1790750265,116008236,0.15000000596046448,0.19813004973448062,-0.6145158577041234,0.4292941111227,-2.7724501900742604
0.33230557558608087,-0.6761155240444647,0.41891067955939126,1790750265,165795478,0.14800000190734863,0.19814990974366398,-0.6145535989019938,0.42969897227444964,-2.7745642356152507
0.3359764708727421,-0.6779074895089394,0.419898097485703,1790750265,215272828,0.15199999511241913,0.19817036566416446,-0.6145860404461515,0.43008975927398063,-2.7765743687669886
0.3332886528243194,-0.6767535283603882,0.42108796163037676,1790750265,265209684,0.14900000393390656,0.19818730525256423,-0.6146090332310096,0.4303986426857347,-2.778143575743381
0.33331700762720795,-0.6768426439980343,0.4220344747096261,1790750265,315754167,0.14900000393390656,0.19820431378426367,-0.6146290562477453,0.4306964972242636,-2.779640513603506
0.3333356805865392,-0.6769040028147519,0.42270238639505486,1790750265,365698097,0.14900000393390656,0.19821678882017635,-0.6146420169821434,0.43090795647361413,-2.780693515651052
0.3315382485969365,-0.676123324778641,0.4234248444547927,1790750265,415376977,0.1469999998807907,0.19822868146845132,-0.6146531567280612,0.4311045395530285,-2.7816654608312588
0.3333623871648258,-0.6769962959730409,0.42373386162190885,1790750265,465286036,0.14900000393390656,0.19823683277988755,-0.6146601508411799,0.4312365767682289,-2.782314581114503
0.3351852985129285,-0.677866405175389,0.4240140064681312,1790750265,515617248,0.1509999930858612,0.19824440583745576,-0.6146662164183493,0.43135743661005654,-2.78290617976157
0.3306558372289419,-0.6757919441773995,0.4244684128272668,1790750265,565337824,0.1459999978542328,0.19824874557846273,-0.6146695163505548,0.43142616179153304,-2.7832415801475916
0.3342876986062701,-0.6774826375772625,0.4244645636851139,1790750265,615358662,0.15000000596046448,0.19825254132011005,-0.6146722999244107,0.4314859064487052,-2.78353254553889
0.33610327322781425,-0.6783269528260001,0.42445059687863285,1790750265,665477381,0.15199999511241913,0.19825415874942953,-0.6146734509629889,0.43151118129327193,-2.783655362280212
0.3324769967159303,-0.6766568751531671,0.4246950676486493,1790750265,715672517,0.14800000190734863,0.1982553771995381,-0.6146743042305476,0.43153014780871224,-2.7837474139577054
0.33701170236094535,-0.6787516399639981,0.4244730266524658,1790750265,765160645,0.15299999713897705,0.19825555763905928,-0.6146744297895042,0.43153295318889107,-2.7837610244750977
0.3333840968287364,-0.6770764215973923,0.42465759958515914,1790750265,815283096,0.14900000393390656,0.19825555763905933,-0.6146744297895042,0.4315329531888912,-2.7837610244750977
0.3324749360556897,-0.6766490657095503,0.4246037401315499,1790750265,865384666,0.14800000190734863,0.19825348854894007,-0.614672968788338,0.4315006237887212,-2.7836040066334866
0.33337912705172645,-0.677057574237782,0.4244378011952945,1790750265,915597572,0.14900000393390656,0.19825104221174122,-0.6146712056633269,0.43146224963443625,-2.783417408956076
0.3333707139435404,-0.6770264104679906,0.42407779042487936,1790750265,965172015,0.14900000393390656,0.19824372172625668,-0.6146656830206328,0.4313466843469741,-2.782853701388816
0.33517458042784176,-0.677827403731414,0.42356949011159706,1790750266,15291725,0.1509999930858612,0.1982355822791227,-0.6146591081640521,0.43121639360710684,-2.7822154924762255
0.33515442812620705,-0.6777569754027495,0.4227821086348026,1790750266,65284729,0.1509999930858612,0.19822037482297428,-0.6146454948060972,0.43096770420115693,-2.7809895336509953
0.3324103605515021,-0.6764256202615027,0.42209811305095335,1790750266,115435123,0.14800000190734863,0.19820440980298168,-0.6146291711422629,0.430698242382197,-2.7796491820333533
0.3314627759003743,-0.675881963130096,0.42082280990712695,1790750266,165202189,0.1469999998807907,0.19818041490952362,-0.614600137515209,0.43027532613105457,-2.777519507356853
0.33413386293639896,-0.6769901906406651,0.4191868913340894,1790750266,215111488,0.15000000596046448,0.19815657393315184,-0.6145647890451899,0.42982869095212484,-2.7752346706726625
0.3313378659723092,-0.6755357204593904,0.4174113589213686,1790750266,265361152,0.1469999998807907,0.19812634634509768,-0.6145077282308612,0.4292128490016972,-2.7720213942383203
0.3339639155670727,-0.6765497304225553,0.4150593826010273,1790750266,315655780,0.15000000596046448,0.19809855095222334,-0.6144382424250875,0.42857853734360757,-2.768630420550278
0.3329282695511131,-0.6758128814201864,0.4124467831718225,1790750266,365294215,0.14900000393390656,0.19807482134040633,-0.6143285231437563,0.4277837439307862,-2.7643118699642755
0.3354834787552406,-0.6766849214322248,0.4092787123863944,1790750266,415422896,0.15199999511241913,0.19805780727329242,-0.6141947635753155,0.4269751386620483,-2.7597684362870765
0.33245060621137645,-0.6751425975775855,0.4064107540429531,1790750266,465555790,0.14900000393390656,0.19793492730862658,-0.6141207539304624,0.42597776453363684,-2.7528691466208253
0.33478886147274034,-0.676042477825178,0.4027321853243413,1790750266,515470358,0.15199999511241913,0.19780617940053372,-0.6140368051596683,0.42498167708882595,-2.745579170356106
0.33340225052277855,-0.6752341468769797,0.3990534927453068,1790750266,565431991,0.1509999930858612,0.19765028997090384,-0.6139257373366276,0.4238260993478596,-2.7366090528141602
0.33107666886820447,-0.6739757310475146,0.395546899786038,1790750266,615357290,0.14900000393390656,0.1975070947118818,-0.6137790821768673,0.42268605041288665,-2.7273406498450496
0.33483901324706516,-0.6755690339209951,0.3905059212360467,1790750266,665768419,0.15399999916553497,0.19727409843019947,-0.6136591719983681,0.42147466275284895,-2.71574328429413
0.32962242051954915,-0.6731082008845216,0.3875112082223978,1790750266,715906379,0.14900000393390656,0.1970520621598826,-0.6135132141783978,0.42029136710228543,-2.703803524888457
0.3322796879203403,-0.6742719816822196,0.3824504096028144,1790750266,765242347,0.15299999713897705,0.19677029902901344,-0.6133908189548403,0.41905216737192286,-2.689955749130643
0.328679490996224,-0.672595508964195,0.37898701322038464,1790750266,815332528,0.15000000596046448,0.19650554462736355,-0.6132367071811287,0.41780173130901216,-2.675533288465902
0.32843997052375945,-0.6725739107113351,0.374667984007892,1790750266,865369726,0.1509999930858612,0.19613904174790678,-0.6131046759550859,0.41663073266051265,-2.6600054270386178
0.32727914278896386,-0.672116364461341,0.3705929015872731,1790750266,915874079,0.1509999930858612,0.19579251656399047,-0.6129520408178352,0.415446528460813,-2.644120106480971
0.32860651866216,-0.6728658933396987,0.3656228654036642,1790750266,965360956,0.15399999916553497,0.19539588056163962,-0.6128252115990558,0.41426484496819044,-2.6273005665082594
0.3264373285507547,-0.671993372118933,0.36178387570967957,1790750267,15593101,0.15299999713897705,0.19503661833358918,-0.6126801102723343,0.4130165747218173,-2.6099978462556193
0.32486215950457226,-0.6715838468490244,0.357646212678193,1790750267,65246999,0.15299999713897705,0.19452817590141638,-0.6125494802629275,0.4118402658984276,-2.593582246863806
0.32156166451957746,-0.6703453523857609,0.3541453083696702,1790750267,115588775,0.1509999930858612,0.1940551958924734,-0.612402525027053,0.41058755431944094,-2.577062509481492
0.323979564375164,-0.6718042693771332,0.34792774289024325,1790750267,165749483,0.15600000321865082,0.19351642819780093,-0.6122661082619395,0.4093327791169822,-2.561174734651346
0.3213847664098973,-0.6708919675201257,0.3439645680262283,1790750267,215443900,0.1550000011920929,0.19305183321431302,-0.6121147865391783,0.40800285050553475,-2.5455367572164365
0.31743560527095516,-0.6696923202289687,0.34016705377938394,1790750267,265483376,0.15299999713897705,0.192320186252651,-0.6119809522835518,0.4066841873486371,-2.532386365367237
0.3167224203886785,-0.6699248506961298,0.3345461469705896,1790750267,315335358,0.1550000011920929,0.19163699948824744,-0.6118292489347034,0.40528184449092625,-2.5197681580369404
0.31246014049568904,-0.6686481552887644,0.330525531519566,1790750267,365279342,0.15299999713897705,0.19084712326489955,-0.6116744181987475,0.40382809932280406,-2.5086944315074273
0.3082345851481906,-0.6672729530705641,0.3264871232382812,1790750267,415444079,0.1509999930858612,0.19013241495819702,-0.6114907451410643,0.4022579658286469,-2.4978592327236817
0.3072152340760871,-0.6678362574254203,0.3196259015535252,1790750267,465582667,0.15399999916553497,0.18911208996639237,-0.6113307489914372,0.40071088543467626,-2.490309470805229
0.3045130254163439,-0.6675634304692473,0.3136488388420099,1790750267,515667199,0.1550000011920929,0.18813053412694763,-0.6111432483951931,0.399070610923564,-2.483369448212827
0.2966877486947805,-0.6652005146236305,0.31086094273119136,1790750267,565543423,0.15000000596046448,0.18686620198181494,-0.6109831759462729,0.3974618079258071,-2.4792356274489564
0.29678944201818147,-0.6667167927415695,0.30166912586726524,1790750267,615299858,0.15600000321865082,0.18563567333768521,-0.6107928898131023,0.39576140925750497,-2.475596779394022
0.2911506300600329,-0.6657710747305553,0.296436817843659,1790750267,665202508,0.1550000011920929,0.18416248443863142,-0.610625098685515,0.3940967297424644,-2.474234324828887
0.2860534379169785,-0.665088058177543,0.2905731981799024,1790750267,715383773,0.1550000011920929,0.18269976681497863,-0.6104232091546115,0.3923316048134014,-2.4733058071174705
0.28106647621252256,-0.6648556388900656,0.28417053241887025,1790750267,765206709,0.15600000321865082,0.1810293422279403,-0.6102575950762421,0.39069577093103514,-2.474544183210231
0.27518302720876753,-0.6641856306376185,0.27842073097758824,1790750267,815712867,0.15600000321865082,0.17934043315606335,-0.6100585691266889,0.3889669176221743,-2.476210079348814
0.267165949583016,-0.6626028934090569,0.2752199840475861,1790750267,865302060,0.15299999713897705,0.17749753395591622,-0.6099040897066147,0.3874314382391441,-2.4796482177853454
0.26133633120589733,-0.66233420528216,0.2691976094509994,1790750267,915449453,0.15399999916553497,0.1756290689494789,-0.6097188483692448,0.38582474675797795,-2.4834482269845783
0.2529858457704994,-0.6608132884550146,0.2666064613504351,1790750267,965622625,0.1509999930858612,0.1736228892945049,-0.6095767202389304,0.38440855440806326,-2.4886568174402135
0.2457684094542557,-0.6599405943651753,0.26276746291728037,1790750268,15162021,0.15000000596046448,0.17162983977945973,-0.6094112749107244,0.382976706115068,-2.494064249329764
0.24111765850590047,-0.6611851859487425,0.2544320753780566,1790750268,65503222,0.1550000011920929,0.16953387273473017,-0.6092884708716373,0.381740727670121,-2.5005424216538796
0.23479531177306484,-0.6613774894505132,0.24864552470657053,1790750268,115610846,0.15700000524520874,0.16743809789982275,-0.6091437436861975,0.3804925693820532,-2.507173180545482
0.22716508431550256,-0.6606802750488338,0.24587899629644594,1790750268,165537255,0.15600000321865082,0.16533153352759303,-0.6090430980138617,0.37946872250709823,-2.51440390510918
0.21918230827228286,-0.6596305759191984,0.24422525788960237,1790750268,215457340,0.15399999916553497,0.16321911877098064,-0.6089226354011362,0.37843712745501296,-2.521744327087314
0.21316347102739827,-0.6603237531738444,0.23871326103507626,1790750268,265768134,0.15700000524520874,0.16115102744207316,-0.6088410892947006,0.37761337867068534,-2.5293279811261815
0.2060964677979627,-0.66001340134937,0.2360437400430928,1790750268,315794016,0.15700000524520874,0.1590994464415199,-0.6087439168778047,0.3767978575410813,-2.53690192279229
0.1987112428115503,-0.6588140572439681,0.23661314282152535,1790750268,365383495,0.15399999916553497,0.15718654399085216,-0.6086804496288272,0.37617789667552015,-2.544234192567153
0.1929235562651862,-0.659553925521305,0.23190989788954802,1790750268,415480110,0.15700000524520874,0.1552682417084323,-0.6086033041737963,0.37555916909177267,-2.551610844311057
0.18625494788022381,-0.658448196564875,0.23318278072863885,1790750268,465090182,0.15399999916553497,0.15351482255616927,-0.6085711298162819,0.37515588434093006,-2.5586409325754134
0.18031140810957771,-0.658315074458159,0.23186333901017955,1790750268,515288408,0.15399999916553497,0.15176195623520056,-0.6085329130377984,0.3747712287328067,-2.5657022830151965
0.17464938727947366,-0.6575757678199683,0.23271982368137215,1790750268,565364449,0.15199999511241913,0.15018880102809815,-0.6085087436365348,0.37448761047441204,-2.5721480629622495
0.16995502275369198,-0.6587660754703655,0.22808595621763675,1790750268,615980987,0.15600000321865082,0.1486286259571557,-0.6084764640927453,0.3742096736333379,-2.578543860224171
0.1650033138695052,-0.6574156071021579,0.23121784995070604,1790750268,665310278,0.15199999511241913,0.14731772663117398,-0.6084585069734588,0.37402688630765146,-2.5840019524619735
0.16052274243682285,-0.6570289168926079,0.23161953877902142,1790750268,715743637,0.1509999930858612,0.14601063398231107,-0.6084351206418278,0.3738483670314973,-2.5894461515369915
0.15707851342283619,-0.657645181912893,0.22939661727576305,1790750268,765366626,0.15299999713897705,0.1449345011345974,-0.6084288866532488,0.3737547773187118,-2.5940188249692233
0.15368008912072165,-0.6582622720224207,0.22723055240033305,1790750268,815153052,0.1550000011920929,0.14389029151006613,-0.6084211096665976,0.37367173092369677,-2.598465686714655
0.15075353543057018,-0.6579321543626039,0.2280110451800979,1790750268,865663060,0.15399999916553497,0.1430472335604074,-0.6084206281389627,0.37363117231050663,-2.602101663104118
0.14806996698169037,-0.6579244413063724,0.22788757570045276,1790750268,915467894,0.15399999916553497,0.14225634399946852,-0.6084191275856152,0.37359764894254116,-2.60551849470781
0.14599098091122006,-0.6569519214517036,0.230649424882688,1790750268,965072132,0.1509999930858612,0.1416679610029451,-0.6084157991193802,0.3735709216553727,-2.6080559099819536
0.14414937938518546,-0.6572636926055047,0.22964089615261235,1790750269,15264239,0.15199999511241913,0.14110991024573147,-0.6084109095335681,0.37354421691920225,-2.610458852267951
0.14291031954068273,-0.6575775702496959,0.22865847215575516,1790750269,65165267,0.15299999713897705,0.14073537782687803,-0.6084066879171184,0.3735256288328445,-2.6120688845151157
0.14172042936083287,-0.6562845110882045,0.23241762935720506,1790750269,115486143,0.14900000393390656,0.1403916543699171,-0.608402149436848,0.37350807897026844,-2.613544852732844
0.1410847853380869,-0.6575651704263381,0.2286152378292147,1790750269,165146613,0.15299999713897705,0.14019155793769242,-0.6083992048607715,0.37349763530849334,-2.614403284048632
0.14048828513893952,-0.6575607280394594,0.22860328154498633,1790750269,215633704,0.15299999713897705,0.14001365520974873,-0.6083964031249267,0.3734882117712026,-2.615166066767681
0.14021600195261452,-0.655630742735146,0.23428017818945568,1790750269,265213738,0.1469999998807907,0.1399358163606564,-0.608395120447359,0.3734840482795938,-2.6154995145408972
0.14002332015412156,-0.6572358149945824,0.22954169248228617,1790750269,315280602,0.15199999511241913,0.13987517872984276,-0.6083940972838945,0.37348078786419875,-2.6157591526822115
0.1399572342912326,-0.65727379060375,0.2295597350980199,1790750269,365189427,0.15199999511241913,0.13985519459152276,-0.6084059180489134,0.37348999298022956,-2.6158530045650843
0.13991554268183154,-0.6563544434842792,0.23242254466288653,1790750269,415320791,0.14900000393390656,0.13984293779992626,-0.6084202643421579,0.3735016372698576,-2.6159154454572544
0.13991284003937202,-0.6600809155818712,0.22874764662500854,1790750269,465545870,0.15399999916553497,0.13983571038534973,-0.6090787095436023,0.37405686440981123,-2.6164183421411162
0.1399140299742206,-0.6615190373162425,0.23281095035338054,1790750269,515270665,0.1509999930858612,0.1398343363581825,-0.6098340048667045,0.37468994450525595,-2.617000210844655
0.13991877479763234,-0.6696572834806533,0.23273244085461622,1790750269,565533596,0.1550000011920929,0.13981863604355085,-0.6119078799203007,0.3765726185874119,-2.6191073328504166
0.13993738369719555,-0.6789156162949453,0.23221059371733627,1790750269,615280391,0.1599999964237213,0.13983932904972965,-0.614027466880254,0.3784621486027926,-2.6214738352838354
0.13994155237621697,-0.6887423641657014,0.236148958945144,1790750269,665428190,0.16200000047683716,0.13982776434774732,-0.6166327723759226,0.3812151299799214,-2.625809043596523
0.13996456958777848,-0.699038205003927,0.2394456906914221,1790750269,715375386,0.16500000655651093,0.13984799532676984,-0.6190638301532342,0.38376855077024397,-2.6304871166966555
0.13997063758418202,-0.7044984119918499,0.24601432469568751,1790750269,765148015,0.16300000250339508,0.13985159711952716,-0.6208305612503954,0.3859024135302279,-2.6348513876722506
0.13998010587359325,-0.7087358943375166,0.2531216578231563,1790750269,815287037,0.1599999964237213,0.1398581200007547,-0.622393462208231,0.38782491832206695,-2.639192938836716
0.13998051689959196,-0.7074090448064719,0.25972800641059973,1790750269,865048286,0.15399999916553497,0.1398610440623633,-0.622915465421605,0.38847900839489163,-2.640764237207318
0.13998138558769718,-0.7069983126586391,0.2632643826807153,1790750269,915497275,0.1509999930858612,0.13986265809016885,-0.6232567797385052,0.38891604196103513,-2.6418353643010137
0.1399186856129495,-0.7060736318140323,0.26508420654616593,1790750269,965282487,0.14900000393390656,0.13984673227818986,-0.6233081376808037,0.38898283033151837,-2.6420125062356794
0.1398455118296613,-0.7060752568548246,0.26508717160370476,1790750270,15370128,0.14900000393390656,0.1398275103311338,-0.6233088226137354,0.3889851869682201,-2.6420313636541053
0.13949414817578765,-0.7049712195850898,0.26676396892714194,1790750270,65508881,0.1469999998807907,0.13973440229865416,-0.6233118666230018,0.3889960936600535,-2.64212168000411
0.13910134682159628,-0.7038676952624459,0.26844267214998574,1790750270,115380807,0.14499999582767487,0.1396282470394611,-0.6233151656868801,0.3890080533552212,-2.6422245640667485
0.13821896740697243,-0.703327743863295,0.26930972113654117,1790750270,165361391,0.14399999380111694,0.13938943284548766,-0.6233219737297548,0.38903317318633,-2.642456235574575
0.13718460392404572,-0.7055656865355655,0.266024477100241,1790750270,215588497,0.14800000190734863,0.13912429944138535,-0.623328496125646,0.3890581418402537,-2.642713131176085
0.13550456154394644,-0.7055871006684964,0.2660939591554403,1790750270,265384347,0.14800000190734863,0.138678528878709,-0.6233370126278606,0.3890933474191253,-2.643144089431225
0.1337141985266847,-0.7050478112202823,0.2670022354135325,1790750270,315699436,0.1469999998807907,0.13819359195796896,-0.623342781543168,0.38912194358916696,-2.643611550486535
0.1311185129957716,-0.7056126463282484,0.26627963142571925,1790750270,365474008,0.14800000190734863,0.13750626675261896,-0.6233436108722634,0.38914135439776193,-2.64426213769032
0.12830501739324132,-0.7067184859774355,0.2647388232380144,1790750270,415300063,0.15000000596046448,0.13677774905541223,-0.6233364444692412,0.3891399878637766,-2.6449468405818903
0.12490457535537289,-0.7051192217983178,0.26759458914183837,1790750270,465360278,0.1469999998807907,0.13582712219783205,-0.623361016200385,0.38927159499270936,-2.64622470621104
0.1210846271983824,-0.7057330603109834,0.26719347194532517,1790750270,515494160,0.14800000190734863,0.13482869599940447,-0.6233781063419208,0.3893931556360842,-2.647612727238594
0.11656897208019129,-0.705819455411565,0.26783765231973805,1790750270,565178435,0.14800000190734863,0.13362597595898482,-0.6234039361709839,0.3895781195915513,-2.649478497419779
0.11200911358143698,-0.7053165039369516,0.26936558992888615,1790750270,615402800,0.1469999998807907,0.13235924237253635,-0.6234105739039832,0.38972459810265203,-2.6514545096981723
0.10640234695880885,-0.7060230210426844,0.2696944962620493,1790750270,665272356,0.14800000190734863,0.13090451629856997,-0.6234550213136014,0.39005300108393137,-2.6542236236807306
0.10095724583848414,-0.7055785789915652,0.271770795928457,1790750270,715557342,0.1469999998807907,0.12938320566886216,-0.6234762833702977,0.3903464166368987,-2.657167196233969
0.09473517851101426,-0.7058217310938911,0.2736161427998842,1790750270,765505657,0.1469999998807907,0.12772677263878401,-0.6235510418019182,0.3908854412768711,-2.661009350875713
0.08772438636519762,-0.7076997454437162,0.27322901915743303,1790750270,815062134,0.15000000596046448,0.12603543284658092,-0.6235951507332446,0.39137588815626845,-2.6649837713115576
0.08039112737825081,-0.7086244616634972,0.2752537592100499,1790750270,865635772,0.1509999930858612,0.12419426610233895,-0.623704687038246,0.39217644660409234,-2.670055429843454
0.07374891525090949,-0.708361777886961,0.27896591468635645,1790750270,915159212,0.15000000596046448,0.12234348730604527,-0.6237744727838702,0.39291132780296345,-2.675212781417325
0.06598103755968082,-0.7094197685194176,0.2820770260894394,1790750270,965345475,0.1509999930858612,0.12041442965583665,-0.623922690062751,0.3940067063007708,-2.6814772806438474
0.06009989943198729,-0.7075782635360923,0.2891039735079283,1790750271,15970742,0.1469999998807907,0.11843030459518945,-0.6240266693161579,0.39505535340340947,-2.6880008967207183
0.05290339444869027,-0.7081653969353032,0.29388417298632374,1790750271,65554238,0.1469999998807907,0.11652742615462873,-0.6242009127649295,0.3964070872661923,-2.695212700178372
0.04627645168571465,-0.7081016331578759,0.2995570811847741,1790750271,115454885,0.1459999978542328,0.11459483078033013,-0.6243231137072024,0.3976884122160686,-2.7026079250039743
0.03624381764212517,-0.7122494452865368,0.3015433504517461,1790750271,166116644,0.15199999511241913,0.11272151342525578,-0.6245187711171221,0.39931087763566514,-2.710868602120556
0.03158802204323635,-0.7105335660991113,0.3100427093449061,1790750271,215373552,0.14800000190734863,0.11089979318687689,-0.6246565154076308,0.4008104111290036,-2.7190377298149673
0.02576630590048669,-0.7107635266749669,0.31744916930909983,1790750271,265340626,0.1469999998807907,0.10922484676646085,-0.6248920314039916,0.40271204646793063,-2.728038790111491
0.019734384031708338,-0.7115034122301742,0.3244012602669225,1790750271,315191680,0.1469999998807907,0.10758698329586049,-0.6250812168814754,0.4045394217045055,-2.737161636262163
0.013611829892640495,-0.7129595487726744,0.33134005690841406,1790750271,365327849,0.14800000190734863,0.10613534814686305,-0.6253263441825241,0.40659841583083944,-2.746684967452575
0.00976448799622874,-0.7125532703590265,0.3398246036869859,1790750271,415425258,0.1459999978542328,0.10472981471042442,-0.6255210766758652,0.4085485686351664,-2.756265961609575
0.005332427721967167,-0.7134293304758982,0.3475491726537714,1790750271,465851264,0.1459999978542328,0.1035484180892773,-0.6257654888294951,0.41067341108401934,-2.766020810464813
-0.0014321335443737288,-0.7166415006587035,0.3535974649351956,1790750271,515741985,0.15000000596046448,0.10243880724576317,-0.6259642041162464,0.41266062891463856,-2.7756915472047705
-0.0019115315653667059,-0.7150893475297078,0.3627532122513214,1790750271,565533835,0.1459999978542328,0.10158246906483553,-0.626208773376027,0.4147650834453453,-2.7852328385463476
-0.003330609710027646,-0.714669346061933,0.370868847735007,1790750271,615215396,0.14399999380111694,0.10079729593156037,-0.6264201850705675,0.4167541729026281,-2.794733929055936
-0.005533462751357909,-0.7154560378359938,0.37788135552053836,1790750271,665256009,0.14399999380111694,0.10020891374344507,-0.6266407708303917,0.4187028740454128,-2.8037589304710866
-0.008147326347873421,-0.7168096528276001,0.384456958463823,1790750271,715201592,0.14499999582767487,0.09968636066725688,-0.6268343897998359,0.4205311428320563,-2.812658296611589
-0.010222562549833517,-0.7181046156628383,0.39030049293018804,1790750271,765211954,0.1459999978542328,0.09933208764414035,-0.6270189661981016,0.4221937909079624,-2.8205819916273986
-0.01131454893758499,-0.7187419276572076,0.39622470614490934,1790750271,815746433,0.1459999978542328,0.09902620702429939,-0.627185750005752,0.42376346575842483,-2.828398284425336
-0.012763240567047598,-0.7199007543554545,0.40089563425537017,1790750271,865350484,0.1469999998807907,0.09883901747435402,-0.6273280205219641,0.4250663792916039,-2.8348396563632
-0.01178470304045541,-0.7191429087216648,0.4058972032390037,1790750271,915883315,0.14499999582767487,0.09868125197235417,-0.6274589261834014,0.4263010979421499,-2.841181965450357
-0.012825540238953978,-0.7201760627456364,0.4093603925535428,1790750271,965305391,0.1459999978542328,0.0986125314358938,-0.627570162074686,0.42729646558387857,-2.8460770239158966
-0.010723800501689654,-0.7186480982962798,0.41311636149720543,1790750272,15261086,0.14300000667572021,0.09856562379204219,-0.6276748984002491,0.4282392100211282,-2.8507951077247426
-0.011579399970428172,-0.7195309005226714,0.4152692111227563,1790750272,65504348,0.14399999380111694,0.09853983796708186,-0.6277416874299919,0.42885199473328484,-2.8539570515231616
-0.010872790524781697,-0.7191107358595585,0.41737260903000717,1790750272,115412856,0.14300000667572021,0.09852022333891468,-0.6277995607142767,0.4293909167586692,-2.856807062920499
-0.011660298768076782,-0.7198680356426544,0.41839438990499184,1790750272,165448958,0.14399999380111694,0.09851082016363914,-0.6278305136683641,0.42968231783209376,-2.8583774602899887
-0.010909033170158774,-0.719328918466847,0.4194081141023905,1790750272,215627423,0.14300000667572021,0.09850356463720901,-0.6278564207798455,0.4299279770863237,-2.8597181349169567
-0.012443194241150632,-0.7206460453772856,0.4196152603736835,1790750272,265645655,0.14499999582767487,0.09850102929694772,-0.6278660436605931,0.43001955443934325,-2.8602221619574233
-0.013975817045625255,-0.721952730226093,0.41972466955347304,1790750272,315539079,0.1469999998807907,0.09849929983073383,-0.6278728153374002,0.43008409343408355,-2.8605788219612736
-0.01397625877174985,-0.7219581650459255,0.4197757112076779,1790750272,365772044,0.1469999998807907,0.0984989491181305,-0.6278741800012967,0.43009711291494335,-2.8606508797518835
-0.01015070789464552,-0.7187595671163965,0.42014121373460617,1790750272,415463170,0.1420000046491623,0.09849884123489863,-0.6278745768455096,0.4301008993606532,-2.8606718228876633
-0.012445623149939869,-0.7206735460784711,0.41987329990496275,1790750272,465231945,0.14499999582767487,0.09849923299235719,-0.6278730254803342,0.43008608905903345,-2.860589875612366
-0.010914725589413518,-0.7193860585481617,0.41994384068353285,1790750272,515131629,0.14300000667572021,0.09849972206290049,-0.627871106255402,0.43006777574105726,-2.8604886290216
-0.013973226555891963,-0.7219229449869762,0.41944526800992976,1790750272,565313011,0.1469999998807907,0.09850118417263425,-0.6278653335602481,0.4300127951057972,-2.860184925080667
-0.010910110364952388,-0.7193380119479634,0.4194934567114971,1790750272,615733831,0.14300000667572021,0.09850288232264907,-0.6278587625041263,0.42995031386798144,-2.8598407503087646
-0.013965038639517563,-0.7218502072126703,0.41876412129641405,1790750272,665419160,0.1469999998807907,0.09850608974339135,-0.6278469658181142,0.4298382285987875,-2.8592263791972763
-0.012427609773855472,-0.7205208970867458,0.41844421943271665,1790750272,715512809,0.14499999582767487,0.09850974657038392,-0.6278340402730925,0.4297157912566595,-2.8585590386798736
-0.012413979522309354,-0.7204424600802855,0.41771288961559083,1790750272,765191805,0.14499999582767487,0.09851576919325088,-0.6278137696201559,0.4295245509538572,-2.857524456891309
-0.011631118193255532,-0.7197195251516614,0.4170126015775042,1790750272,815181230,0.14399999380111694,0.09852269320389818,-0.6277917385380746,0.4293178077004779,-2.856416225414026
-0.013129402323769246,-0.720874078119623,0.4157105107607389,1790750272,865328797,0.1459999978542328,0.09853344859713861,-0.6277597335269341,0.4290193773062073,-2.8548347885186995
-0.012323862436869587,-0.7201069856174875,0.4146110608954491,1790750272,915367177,0.14499999582767487,0.09854588309182838,-0.6277252863037147,0.4287007716209098,-2.8531692361755097
-0.013023278363257743,-0.7205723415963278,0.41294272609009963,1790750272,965090766,0.1459999978542328,0.09856382481538706,-0.6276791244008761,0.4282779136244308,-2.8509935205514174
-0.012175746986420863,-0.7197525894693154,0.41138241751222276,1790750273,15512058,0.14499999582767487,0.098585010123606,-0.627628774861143,0.42782189002439386,-2.848689355879817
-0.010525979357745657,-0.7182537915200722,0.4095593629976431,1790750273,65086524,0.14300000667572021,0.09861423231759686,-0.6275643971243702,0.42724692497939376,-2.8458433251127517
-0.013421299859840877,-0.720539161438673,0.4068312361208196,1790750273,115786532,0.1469999998807907,0.09864913934012338,-0.6274935036886009,0.4266232091486921,-2.8428254796222925
-0.01088724556589156,-0.7183784651421063,0.4047866029756674,1790750273,165420387,0.14399999380111694,0.09872369795453909,-0.6274254063503388,0.42597575991274184,-2.83946379301022
-0.013630778809815128,-0.7206265134681779,0.4016086806883824,1790750273,215444359,0.14800000190734863,0.09880980944692248,-0.6273536424623841,0.42530016040980456,-2.8360045596768146
-0.009441264065406005,-0.7171435217603047,0.39938993114210786,1790750273,265266800,0.14300000667572021,0.09891610489266413,-0.6272623858433759,0.4244710776075956,-2.8319069157686236
-0.010495432960394693,-0.7180425074843091,0.39585067566220294,1790750273,315353153,0.14499999582767487,0.0990334238957341,-0.6271615817486801,0.42358306905423593,-2.827663596354382
-0.009870980540882854,-0.7176718406481846,0.3923922352221815,1790750273,365202492,0.14499999582767487,0.09921102522566044,-0.6270647807303275,0.422665581601718,-2.82306934415032
-0.00915229994525843,-0.7172829736603176,0.38881922882467557,1790750273,415481560,0.14499999582767487,0.09940886604455595,-0.6269606463218057,0.4217031034916366,-2.818363557117737
-0.0082477597797289,-0.7168421662009707,0.3848084512928929,1790750273,465437021,0.14499999582767487,0.09965386911595173,-0.626840893822547,0.4206135939675049,-2.813123103574731
-0.007969094793881887,-0.7169909892393074,0.38040218228435735,1790750273,515462188,0.1459999978542328,0.09991812089185384,-0.6267076806360374,0.41945691634646876,-2.8077682631711665
-0.006695053325946068,-0.716526250875579,0.3760609287146167,1790750273,565454881,0.1459999978542328,0.10027209770059853,-0.6265869736121454,0.41830964916898805,-2.802181740467221
-0.005290702848293569,-0.7160414601914903,0.37165771600406006,1790750273,615375990,0.1459999978542328,0.10065073615674701,-0.6264559115127805,0.4171202318045717,-2.7965604185746296
-0.0014376933033161121,-0.713708817427096,0.36797732728730403,1790750273,665419342,0.14300000667572021,0.10112178876150159,-0.6263268645545249,0.41588295180080054,-2.790589071329044
-0.0031481021034703432,-0.7162283638006953,0.36148514659119035,1790750273,715470666,0.14800000190734863,0.10161892423021143,-0.6261816937302838,0.4145838091638322,-2.7845554440166205
0.000463753242134074,-0.7144779283677576,0.35722267362307725,1790750273,765244347,0.1459999978542328,0.10222219442057101,-0.6260427742931864,0.4132623251760395,-2.778248842316077
0.002855666552290706,-0.7139034788388869,0.3521334649806204,1790750273,815370561,0.1459999978542328,0.10285863903817818,-0.6258829878601272,0.41186451247922784,-2.7718412501492096
0.006263218698654857,-0.7127524081328174,0.34743017191705206,1790750273,865227688,0.14499999582767487,0.10360794016364666,-0.62573947573895,0.41049960658353024,-2.765337684773482
0.008557873179506625,-0.7127545127256786,0.3417464638835539,1790750273,915799962,0.1459999978542328,0.10439645133515815,-0.6255717598950123,0.40905273342366444,-2.7587165539212206
0.009298944193239095,-0.7145808783171668,0.33463934714263166,1790750273,965444920,0.15000000596046448,0.10529995005746258,-0.625429190735967,0.40768580675992494,-2.7521380809577867
0.013494687839588002,-0.7133822869113463,0.32986250031686,1790750274,15226435,0.14900000393390656,0.10623151430054908,-0.6252612051606408,0.4062533187529733,-2.745528048394262
0.0198697297295945,-0.710476238841122,0.32682902444394063,1790750274,65228341,0.14499999582767487,0.10729995690152329,-0.6251217720082117,0.40490315049322967,-2.7389072973663855
0.02223000227806078,-0.7116450312505096,0.3200387574844362,1790750274,115553038,0.14800000190734863,0.10839940920926658,-0.6249544153185471,0.4034867711398638,-2.732247368887905
0.0251218030209312,-0.7128688366040197,0.3132732533111745,1790750274,165491305,0.1509999930858612,0.10963914192304607,-0.6248231268706473,0.4021876522259843,-2.7256606101718797
0.03315734107651756,-0.7088066300697735,0.3119439275734392,1790750274,215174114,0.14499999582767487,0.11089332172013569,-0.6246624508202672,0.40083640870557824,-2.719111558777422
0.0357105585067434,-0.7112112778876049,0.3041032168353726,1790750274,265306919,0.15000000596046448,0.11229908340759633,-0.6245415565014345,0.39961530526659905,-2.7126399859270682
0.04262284149289709,-0.7089332774197373,0.3013505881784372,1790750274,315780155,0.1469999998807907,0.11372881887335262,-0.6243870787326367,0.3983293499424643,-2.7061505933939882
0.04833974638885381,-0.708490324675294,0.29704117474197983,1790750274,365550447,0.1469999998807907,0.11528656388868928,-0.6242797336550564,0.3972195154729905,-2.6999091429079596
0.05467492172268572,-0.7074187673851807,0.2935110336385843,1790750274,415452889,0.1459999978542328,0.11685689787133742,-0.6241360414094835,0.39604585099221024,-2.693679469739845
0.05965411248048575,-0.7087368355867154,0.28755209734215254,1790750274,465340266,0.14900000393390656,0.11854220260008505,-0.624043000511589,0.39507022750928944,-2.687783555116518
0.06609675524524461,-0.7082839229006727,0.28379799156747765,1790750274,515566045,0.14900000393390656,0.12023724902566613,-0.6239125357464946,0.3940308230433865,-2.681909158789358
0.07241565175380944,-0.7085203335917631,0.2797794077692305,1790750274,565532182,0.15000000596046448,0.12202624558037188,-0.6238368080726789,0.3932143727226073,-2.676484974200652
0.08007250101109985,-0.7064449267923294,0.2789648150459415,1790750274,615246992,0.1469999998807907,0.12379764379908799,-0.6237237051165312,0.3923416704335645,-2.6711613976230058
0.08703397784456554,-0.70618513423952,0.27633907450827744,1790750274,665383501,0.1469999998807907,0.1256856332730201,-0.6236648369593225,0.3916883269305637,-2.6662678535283195
0.093389450967273,-0.7075451900599633,0.27147254275848065,1790750274,715340795,0.15000000596046448,0.12755663651086852,-0.623567578415381,0.39097302795682876,-2.661480689931799
0.10049547169762037,-0.707913417728015,0.26868745325468973,1790750274,765434443,0.1509999930858612,0.1295032564825936,-0.6235270077181427,0.3905007535935465,-2.6573083628639376
0.10849011715126702,-0.7054302161614026,0.2701220487252198,1790750274,815300431,0.1469999998807907,0.13142514044097525,-0.6234484682476762,0.3899635176775955,-2.6532743093498095
0.1155961439876352,-0.7064293747656362,0.26722379044867206,1790750274,865309790,0.14900000393390656,0.13340927741539027,-0.6234259626580143,0.3896742989338615,-2.649964339611714
0.12329243221960273,-0.7045803564612882,0.2685875926912662,1790750274,915179065,0.1459999978542328,0.13537152975372116,-0.623365180247206,0.38931120234866834,-2.646806879786643
0.13060620049711646,-0.7045431073407398,0.2680518217478798,1790750274,965148554,0.1459999978542328,0.13735419265902324,-0.6233625626449298,0.3892136273555482,-2.6445723258464344
0.13800995233186297,-0.7049961367751042,0.26681979444712584,1790750275,15704096,0.1469999998807907,0.13934041129524277,-0.6233227325660357,0.38903552538550107,-2.642499404827076
0.14530115979950733,-0.7072661017054523,0.2636740389287356,1790750275,65472378,0.1509999930858612,0.1412774632812301,-0.6233432893960951,0.3891402469384915,-2.6414428036667763
0.15262985525559142,-0.7066879943695696,0.26480612936051157,1790750275,115750435,0.15000000596046448,0.1432145290805409,-0.6233271838939802,0.38915374171398476,-2.640550160436629
0.1588603718696694,-0.7023621336877396,0.27224896837314627,1790750275,165296390,0.1420000046491623,0.14507263766638764,-0.6233678338417792,0.3894402662486638,-2.6408565750684465
0.1657542944853027,-0.702971945877117,0.27233494033296357,1790750275,215280119,0.14300000667572021,0.14693085690385688,-0.6233750162640768,0.3896337421301267,-2.641380304493191
0.17269315182754155,-0.7042729258111338,0.2721170888874421,1790750275,265648798,0.14499999582767487,0.14874072093788523,-0.62343220726813,0.3900834318414932,-2.643214062704046
0.17971275109951418,-0.7055037627486582,0.2719955144991585,1790750275,315856705,0.1469999998807907,0.15053707560387444,-0.6234565764664549,0.39042709452534496,-2.6452872945252315
0.1850768659144994,-0.7035087278450537,0.2771104069209469,1790750275,365565218,0.14300000667572021,0.15221902351055577,-0.6235262920163195,0.3910058592477016,-2.648731658767601
0.19205599006313373,-0.7053529140132466,0.2767046825990573,1790750275,415893942,0.1459999978542328,0.1539215710516633,-0.6235654557033918,0.39147653072963046,-2.6524610053277393
0.19763252884929763,-0.7050801925937662,0.2798420963674437,1790750275,465656752,0.14499999582767487,0.15549563481583006,-0.6236466989310455,0.3921722662289804,-2.6576583077108547
0.20251455715000882,-0.7036031346750639,0.2845145751118177,1790750275,515759307,0.1420000046491623,0.15709038174036424,-0.6236998017297208,0.3927555238924969,-2.6631531360642287
0.20848465555432713,-0.7050628532341926,0.28569209912874416,1790750275,565782453,0.14399999380111694,0.15852714073082724,-0.6237934720238213,0.39356022512092437,-2.6701915307567705
0.21333441504026535,-0.7047545021373485,0.28909645497401504,1790750275,615275546,0.14300000667572021,0.15996036277126477,-0.6238616902383743,0.3942466591427146,-2.677420907905792
0.2185539881382085,-0.7056909303968739,0.29133372544904473,1790750275,665104746,0.14399999380111694,0.16125689579864877,-0.6239640970819266,0.39513047944677093,-2.6862084912215702
0.22255012431482027,-0.7048541362551113,0.29572693350491713,1790750275,715324589,0.1420000046491623,0.16258289165210052,-0.6240450548237815,0.39591587843080234,-2.695352734476555
0.2264860739456082,-0.7046658206547902,0.299555657681116,1790750275,765261651,0.14100000262260437,0.16376269742789687,-0.6241506427852785,0.39683918614525404,-2.705705034094757
0.23041104052155148,-0.704406790762457,0.30337116072425735,1790750275,815994148,0.14000000059604645,0.16498895767558003,-0.6242363740269259,0.39767203836301057,-2.7164655606379218
0.23479679822392507,-0.7053611796160055,0.3059144266955063,1790750275,865303916,0.14100000262260437,0.16605012502187247,-0.624342464960858,0.39860133806303644,-2.7279732208813923
0.23978952421627292,-0.7068301882062856,0.3078782539558431,1790750275,915614954,0.14300000667572021,0.16716943929185948,-0.6244298495531506,0.39945068083574875,-2.739894138584372
0.24188423675618292,-0.7054742887606503,0.31312634064904504,1790750275,965525534,0.14000000059604645,0.1681657653252343,-0.6245342822775192,0.40038631135318925,-2.7525175649805367
0.24601307453419297,-0.7063572644914082,0.31580056009190327,1790750276,15221278,0.14100000262260437,0.16919694066295957,-0.6246183847663562,0.4012349668490446,-2.7652313112838334
0.2459699622149162,-0.7032815484970342,0.32287981950383626,1790750276,65603558,0.13500000536441803,0.17009690160519703,-0.6247351928817277,0.402244485077759,-2.7790123414261263
0.25084782771238534,-0.7053743306285307,0.32455467080052064,1790750276,115169504,0.1379999965429306,0.1710109037234695,-0.6248316727818672,0.4031863748443236,-2.792743829973725
0.2532007231499215,-0.7052287284085135,0.3287255787414497,1790750276,165639599,0.13699999451637268,0.17180689517565437,-0.6249613885176948,0.4042318527326443,-2.8068934520515185
0.25910763474745824,-0.7085448187115839,0.32961880955819783,1790750276,215515048,0.1420000046491623,0.17262196900741464,-0.6250685159708544,0.40522263103966555,-2.8209072700532496
0.26119479298311443,-0.7083812155945826,0.3338247181782355,1790750276,265663362,0.14100000262260437,0.17335211607730605,-0.6251919019637469,0.4062415874230921,-2.83468902447687
0.26131666414427995,-0.7063758324411831,0.33947261469256523,1790750276,315814120,0.13699999451637268,0.17411798926160948,-0.6252902816697206,0.40722601351713383,-2.8484165379765143
0.26564037553305514,-0.7085518838726865,0.3416718770827837,1790750276,365728755,0.14000000059604645,0.17478945605182092,-0.6254024559063626,0.40824727212615086,-2.8617219391206326
0.2686846149814652,-0.709490527547805,0.34491368738998185,1790750276,415644742,0.14100000262260437,0.17549315179919098,-0.62548790613508,0.40925583162928797,-2.874966460686828
0.2674388510837871,-0.70697018535939,0.3509224221751986,1790750276,465212845,0.13600000739097595,0.17604586494131486,-0.6256317428468916,0.4103141881360486,-2.8874104444840345
0.2708335549613086,-0.7085981433893599,0.35391928406084705,1790750276,515465623,0.1379999965429306,0.17661545044932517,-0.6257559568575636,0.4114007589779792,-2.899891962734171
0.2733666373605719,-0.7096366032247906,0.35728402731489933,1790750276,565218478,0.13899999856948853,0.17711816690254034,-0.6258869589703449,0.41244949317952345,-2.9113395453313142
0.2730939565941949,-0.7082133559701003,0.36227639546719315,1790750276,615769399,0.13600000739097595,0.1776519522872781,-0.6259903835687439,0.41352294299685394,-2.9227995699503673
0.2746437664851962,-0.7086062184431599,0.3658966791181166,1790750276,665177352,0.13600000739097595,0.17809355555674894,-0.6261019404003095,0.4145495606838152,-2.9329927809146326
0.2776142405404571,-0.7101791715502332,0.368950543196148,1790750276,715807236,0.1379999965429306,0.17856059901485763,-0.6261885809908531,0.4156191176746281,-2.9432574379594607
0.27599035981174835,-0.7081751057426223,0.37384741971918023,1790750276,765645398,0.1340000033378601,0.17889515629258382,-0.6263267020221354,0.4166184514641208,-2.9519878457684445
0.2793584833279472,-0.7104146883392296,0.37650157120373196,1790750276,815282873,0.13699999451637268,0.1792257751330589,-0.6264462348556517,0.41763231477371493,-2.9604466527615765
0.27746905656872406,-0.70831995349781,0.38104996799134544,1790750276,865411473,0.13300000131130219,0.17952951694658895,-0.6265468466474844,0.41860001357661536,-2.9681414853004244
0.28068132033758986,-0.7104829174855795,0.38359418775243975,1790750276,915509323,0.13600000739097595,0.17984462943453863,-0.626621170005721,0.4195826732400576,-2.975672806276672
0.2799692914727984,-0.7096282971883818,0.3872787482188651,1790750276,965098834,0.1340000033378601,0.1800485729283455,-0.6267416657462792,0.42046997037605277,-2.98184243393825
0.2791847104843747,-0.7087530191909245,0.3909287243690123,1790750277,15181110,0.13199999928474426,0.18024436874714814,-0.626852317814629,0.4213767736031452,-2.987836020899446
0.2820478816526426,-0.7109212414051291,0.3931538815520354,1790750277,65173791,0.13500000536441803,0.18042656168178894,-0.626935951827623,0.42221553859971095,-2.9931694855778552
0.2833922039597282,-0.7118226484428315,0.3958982886524727,1790750277,116121744,0.13600000739097595,0.18061885790185497,-0.6270004388554172,0.423079791758867,-2.998479502769003
0.28304079262562487,-0.7115141789880999,0.39870947665810363,1790750277,165465464,0.13500000536441803,0.1807197276466308,-0.6271011263308606,0.423806043177122,-3.002503088173908
0.28492380382019944,-0.7130801100725427,0.4010098837567225,1790750277,215831946,0.13699999451637268,0.18081166653684577,-0.6271983358487336,0.42454671072955263,-3.0064108870757664
0.28217930077779596,-0.7108127479441695,0.4039590144993067,1790750277,265221241,0.13300000131130219,0.18090052014547336,-0.62726496248958,0.4252046372971946,-3.009801568967512
0.2824571089672494,-0.7110328167459667,0.40622110845468556,1790750277,315483926,0.13300000131130219,0.18099463206245903,-0.6273187128395813,0.42587600444276363,-3.0131722399720973
0.27958872789224054,-0.7087230853687059,0.40870481396915953,1790750277,365249262,0.1289999932050705,0.18104874460385353,-0.6273805674114394,0.4264323268461656,-3.0157647997692494
0.2843358854532839,-0.7127133677191778,0.4098040034166779,1790750277,415424566,0.13500000536441803,0.18109788752685713,-0.6274385378538635,0.4269830785948616,-3.018240074608215
0.2859669084080463,-0.7141754238678493,0.41121076686975166,1790750277,465412924,0.13699999451637268,0.18111868952236473,-0.6275008789716833,0.42743953025544634,-3.0201375775320187
0.279922474195912,-0.7092985423939024,0.41371334993293374,1790750277,515656127,0.1289999932050705,0.18113499686035778,-0.6275603820920661,0.4278874713891968,-3.0219351415385574
0.28304508683011803,-0.7119777250015047,0.41456554850892074,1790750277,565351999,0.13300000131130219,0.18115066656374076,-0.62760328032645,0.42825790232999195,-3.0234022577221578
0.28309679517831565,-0.712111941108921,0.4158159571199919,1790750277,615229124,0.13300000131130219,0.18116695823180792,-0.6276410014821491,0.428620997043202,-3.0248189974792887
0.28390027056923733,-0.7128511513031718,0.41672420088792717,1790750277,665485531,0.1340000033378601,0.1811804720864253,-0.6276687031117845,0.4289141317457551,-3.025946515089243
0.2839318204244299,-0.7129465578698977,0.41767442052071546,1790750277,715320155,0.1340000033378601,0.1811937072996811,-0.6276929155098343,0.4291938593288884,-3.0270094106052747
0.28471989865304514,-0.7136522431241904,0.4182992939772116,1790750277,765326309,0.13500000536441803,0.18120385198649389,-0.6277096729456781,0.4294035347001418,-3.027798196308478
0.2855053817792139,-0.7143538644758097,0.4188976152832043,1790750277,816112010,0.13600000739097595,0.18121375300458697,-0.6277246452135868,0.42960446112587114,-3.0285477113464125
0.28398311454473557,-0.7131219691803241,0.4195042975906683,1790750277,865193476,0.1340000033378601,0.18122046505398084,-0.6277341044224547,0.4297391066401136,-3.029046641170576
0.2839933068535301,-0.7131613756621257,0.4199315455501424,1790750277,915644701,0.1340000033378601,0.18122694060522004,-0.6277427084678817,0.4298676492846909,-3.029520440632408
0.288600561464171,-0.7170098264543763,0.41974609250278316,1790750277,965116542,0.14000000059604645,0.18123079804434572,-0.6277475968439536,0.4299435644953865,-3.0297991205140025
0.2817030980327696,-0.7112915567036266,0.4206236334492706,1790750278,15420117,0.13099999725818634,0.1812342838808327,-0.6277518664566324,0.4300117545597301,-3.030048723306483
0.28400664771531003,-0.7132163773145822,0.42053878714308307,1790750278,65275954,0.1340000033378601,0.181236289830124,-0.6277542868034539,0.43005117486462874,-3.03019267266283
0.28477590774530726,-0.7138643020801192,0.4205811114322693,1790750278,115253588,0.13500000536441803,0.18123802856058618,-0.627756356081341,0.43008535565232703,-3.030317295130213
0.2824757787143475,-0.7119540601745606,0.4208289070501356,1790750278,165325751,0.13199999928474426,0.18123857731694498,-0.6277570307339609,0.43009654416932874,-3.030358282492699
0.28554399468750896,-0.7145075129462707,0.42057056709643476,1790750278,215450758,0.13600000739097595,0.1812388944916412,-0.627757436631878,0.43010326571343405,-3.030383034517462
0.2840097809827403,-0.7132303251177603,0.42069456382178266,1790750278,265391947,0.1340000033378601,0.1812386556941888,-0.6277571398766946,0.4300983559408077,-3.0303651020984304
0.28324237998095597,-0.7125903724952641,0.42074137934660405,1790750278,315563973,0.13300000131130219,0.18123831166371898,-0.6277567088990503,0.43009124118425973,-3.0303390723861297
0.2840056537042679,-0.7132122857751635,0.420492990618666,1790750278,365289706,0.1340000033378601,0.18123555017502474,-0.6277534447566254,0.430037266751689,-3.030142149857576
0.28323430940657124,-0.712556026770108,0.42035865688754126,1790750278,415315203,0.13300000131130219,0.18123236319960317,-0.6277495754370814,0.42997474398657337,-3.0299135237454364
0.28168980002606714,-0.7112384028368712,0.4200379070335584,1790750278,465626471,0.13099999725818634,0.18122511162746457,-0.6277403820715017,0.4298320989288831,-3.0293897170361856
0.28627851623382805,-0.7150140947252068,0.41906580124668374,1790750278,515304537,0.13699999451637268,0.18121733447515076,-0.6277298236503767,0.4296772388444782,-3.028817608773829
0.28395338208416704,-0.7130166997693624,0.4183924823249486,1790750278,565338375,0.1340000033378601,0.1812039724627931,-0.627709927239749,0.4294067584058548,-3.027810248596904
0.28239029152950523,-0.7116490144854364,0.4175932501110651,1790750278,615369640,0.13199999928474426,0.1811900722501877,-0.6276865930933689,0.42911831943716616,-3.026723549762798
0.2831063747122059,-0.7121382383708096,0.41606659761730314,1790750278,665236847,0.13300000131130219,0.18117026800819916,-0.6276481660769172,0.4286942728827101,-3.025102108729146
0.28227753139392636,-0.7113395690391353,0.41463436729072317,1790750278,715627080,0.13199999928474426,0.1811502888928903,-0.6276021773796934,0.4282479587853422,-3.023363287767997
0.281417151880127,-0.7104713949056829,0.41270183204038335,1790750278,765643511,0.13099999725818634,0.18112795472461404,-0.6275300620816455,0.4276621637519376,-3.021042238697057
0.2828321915373191,-0.7114782977364099,0.41035142889849036,1790750278,815182677,0.13300000131130219,0.18110731269246969,-0.6274453564835564,0.4270701057959473,-3.0186337668990872
0.2810571566022517,-0.7099476197151986,0.4079472872529239,1790750278,865583956,0.13099999725818634,0.18102327764790174,-0.6273756792600821,0.42628023552830974,-3.015008577411636
0.2838187631117445,-0.7121774465610536,0.40463474131703003,1790750278,915350986,0.13500000536441803,0.18093428006597045,-0.6272957814236515,0.42548869826286334,-3.011210223630381
0.28264565814107623,-0.7111967009135781,0.40152022997799997,1790750278,965203998,0.1340000033378601,0.18081339592963797,-0.6271967740249091,0.4245463792467262,-3.006418743413581
0.28217103920628517,-0.7107940208701822,0.39812597973500174,1790750279,16006226,0.1340000033378601,0.18069301965132142,-0.6270700821200839,0.42359192801733975,-3.0013465936815535
0.2807256103126528,-0.7098040212167718,0.39460740789547205,1790750279,65162516,0.13300000131130219,0.18047189706998426,-0.626978040007624,0.4225009585229035,-2.994863609347448
0.2799429616931123,-0.7093874008208514,0.3907650887410141,1790750279,115726194,0.13300000131130219,0.18024349865539865,-0.6268586421782449,0.42139222402507814,-2.9879185189645265
0.28564009476129004,-0.7145135787207336,0.3842941710938034,1790750279,165349824,0.1420000046491623,0.17994116369724336,-0.6267390327630442,0.42017405925139795,-2.979632769893752
0.2778459089339872,-0.7084449261654553,0.3823115040911658,1790750279,215510691,0.13300000131130219,0.1796459516150202,-0.626578953975192,0.4189684451624347,-2.9709928264917003
0.27792335624235054,-0.7091881775333172,0.37715898239117523,1790750279,265700198,0.13500000536441803,0.1792377313881999,-0.6264440328588067,0.41765040639209694,-2.9606232589698465
0.2764523255371936,-0.708639029912391,0.3726280652743736,1790750279,315283086,0.13500000536441803,0.17884872502435276,-0.6262700121140663,0.4163760197666916,-2.950072921152857
0.2731564144548764,-0.7069637545660754,0.3685665057994229,1790750279,365584715,0.13300000131130219,0.1782773368313078,-0.6261544799496264,0.41500810476059746,-2.9373589890461274
0.2719345110108209,-0.7070512374162085,0.3635488798391355,1790750279,415507968,0.1340000033378601,0.17772860376976404,-0.6260018047991083,0.4136711045292074,-2.9243678682041896
0.2703818950566509,-0.7071986117858068,0.3584713387528638,1790750279,465393045,0.13500000536441803,0.1770468095072237,-0.6258828496754705,0.41233514929657855,-2.910011166258095
0.2700686388452901,-0.7084525212901176,0.3524786486288861,1790750279,515922936,0.1379999965429306,0.1763942376507971,-0.6257181607588832,0.4109947250027318,-2.895219274661543
0.26606393266166406,-0.7067982539313711,0.34872069926313676,1790750279,565789698,0.13600000739097595,0.17560787002821898,-0.6255947115326262,0.4097099396674493,-2.879538615950294
0.26339853218949855,-0.7062660074052345,0.3441952137172649,1790750279,615145667,0.13600000739097595,0.17487578990327454,-0.6254329269225753,0.4084271310804904,-2.8638380274761315
0.2616857899757904,-0.7070032215258789,0.33878309079699204,1790750279,665212932,0.1379999965429306,0.17400175700086826,-0.6253071453340798,0.40720282875297503,-2.847421087765272
0.25924451013940697,-0.7070586377499415,0.3338012593204284,1790750279,715499837,0.13899999856948853,0.17317438435774027,-0.6251473698710109,0.405936391154452,-2.8308370279738986
0.25711189178916427,-0.7077985407641326,0.32846964947508067,1790750279,765153625,0.14100000262260437,0.17222081295995348,-0.625025763046147,0.40477936539406506,-2.8143751971149387
0.25130717076822495,-0.7049256449302881,0.3263291690343523,1790750279,815928315,0.13699999451637268,0.1713018212996548,-0.6248710543946899,0.4035263521958888,-2.7975254387622814
0.24999153773469535,-0.7068516017052789,0.3200614032433229,1790750279,865373664,0.14100000262260437,0.17027473090383133,-0.6247571527953262,0.40244303290938555,-2.7817828309324897
0.24627520247283907,-0.706348020864952,0.3159638880310198,1790750279,915660376,0.14100000262260437,0.16928803004651286,-0.6246153160497416,0.4012501177809816,-2.765887294191952
0.2417336570568342,-0.7054231041019956,0.31289511019632255,1790750279,965359562,0.14000000059604645,0.1681409821262114,-0.6245191044801138,0.40029454502648165,-2.7516514463776214
0.23566995763442428,-0.7027028449921542,0.311759424118513,1790750280,15488891,0.13600000739097595,0.16702794421653036,-0.6244029159596101,0.39924312041549015,-2.7375762909367563
0.23291414810270283,-0.7041132825789538,0.30644341886136767,1790750280,65481266,0.13899999856948853,0.16580543374627243,-0.624314702590575,0.3983651610749656,-2.725093523278118
0.2304972316984677,-0.7060090926056788,0.30033264868010795,1790750280,115335731,0.14300000667572021,0.16463215685867666,-0.6242047935087877,0.3973834110412101,-2.712934233950441
0.22463565923663176,-0.7039996042364147,0.29928986101112454,1790750280,165362994,0.14000000059604645,0.16336865511417412,-0.624124586432506,0.39658495802827654,-2.7025111273076408
0.22140793749860016,-0.7053418209326182,0.2940765284763015,1790750280,215360590,0.14300000667572021,0.16214456219014528,-0.6240232666691037,0.39568433816038584,-2.692417506381708
0.21547280794050575,-0.7033663173415696,0.29343132593609866,1790750280,265690117,0.14000000059604645,0.16083078668096054,-0.6239506390986218,0.39495669088878915,-2.683895205260945
0.21154314548363418,-0.7041632503675206,0.2891959545607034,1790750280,315666055,0.1420000046491623,0.15955361839029053,-0.6238569237023913,0.39413395668827467,-2.675731974531023
0.20676746445208935,-0.7039235364723015,0.2867847760727994,1790750280,365612605,0.1420000046491623,0.15823552462000723,-0.6237932143546733,0.3934983347887489,-2.6691980666769513
0.20200486089511382,-0.7036248239369697,0.28439295840522505,1790750280,415542265,0.1420000046491623,0.15694006028689797,-0.6237086026330738,0.3927745188249321,-2.662948925639431
0.19728859860247788,-0.7034214226759972,0.28238947484863336,1790750280,465053624,0.1420000046491623,0.15564032078544096,-0.6236540573732167,0.3922375049078465,-2.658178748632969
0.19170796735478568,-0.7014846199944565,0.2827387978912509,1790750280,515353696,0.13899999856948853,0.1543354712856055,-0.6235795633942849,0.39161991790753736,-2.6535961777640997
0.1880945690437601,-0.7036003935023262,0.2780609898670867,1790750280,565122633,0.14300000667572021,0.15304668858911077,-0.6235502898179442,0.3912538734111167,-2.6505285033361905
0.18375651289662776,-0.7045597767341746,0.274950671873441,1790750280,616095093,0.14499999582767487,0.15173783725521447,-0.6235071719474925,0.3908397501228154,-2.6476761260442467
0.18014534073301242,-0.7066934945277221,0.2705515636606674,1790750280,665434246,0.14900000393390656,0.15054370355601504,-0.6234842699514791,0.3905556019017447,-2.6457338988896244
0.1748839311515824,-0.7043214137108535,0.2726068662956401,1790750280,716057831,0.14499999582767487,0.14933523431439175,-0.6234450352809596,0.3902133044357846,-2.6438837212230935
0.17094647841804797,-0.7042202179183075,0.27171401080448876,1790750280,765079342,0.14499999582767487,0.14826790017758287,-0.6234163919318314,0.38995707649953965,-2.6426484929265914
0.16709465854941,-0.7046440132689954,0.270008869593845,1790750280,815627611,0.1459999978542328,0.14718512238969964,-0.6233733861203222,0.3896529037376439,-2.64147130795851
0.16334251681352874,-0.7040624547422463,0.27030314059371463,1790750280,865483290,0.14499999582767487,0.14620706381589524,-0.6233722672465137,0.3895527472282656,-2.641096547604871
0.15959061113035955,-0.7029197231225937,0.2714905912071345,1790750280,915270994,0.14300000667572021,0.14524548615405503,-0.6233672378727687,0.3894508446370361,-2.6408606885334733
0.15691539415314076,-0.7050928232347848,0.26778715013584,1790750280,965309054,0.1469999998807907,0.14441822153272318,-0.6233509126156138,0.3893234849899708,-2.640652142405549
0.15421464145265212,-0.7072429708575022,0.2640810557449652,1790750281,15422855,0.1509999930858612,0.1436132552768475,-0.6233246195953668,0.3891663020553373,-2.640448533609967
0.15152186078750463,-0.7061373507150046,0.26558030564201696,1790750281,65420349,0.14900000393390656,0.1429382070426417,-0.6233306359841198,0.3891536444177024,-2.640657053706099
0.14878034081782004,-0.7028129771861867,0.2704488828091607,1790750281,115427723,0.14300000667572021,0.14228523648427802,-0.6233376024638771,0.38915221191875604,-2.640940321625149
0.14697921929869048,-0.7039237924187423,0.2687058223094444,1790750281,165414911,0.14499999582767487,0.14177322090880118,-0.6233387252519969,0.38913814073154124,-2.64116443514848
0.14521285497115102,-0.70447148119599,0.2677975753475226,1790750281,215326033,0.1459999978542328,0.14128640072404108,-0.6233361175568869,0.38911383599559823,-2.641377577459054
0.14386243550423816,-0.7039050804077498,0.26857179165356243,1790750281,265410612,0.14499999582767487,0.14092623350622172,-0.6233318443876009,0.38908872467583094,-2.641535073705543
0.14268117218304505,-0.7061139681188511,0.2651938718742517,1790750281,315693979,0.14900000393390656,0.14058866661490205,-0.6233260313042059,0.3890598482790974,-2.6416824187222665
0.1418221773165729,-0.7044362413448124,0.2676534835769095,1790750281,365179587,0.1459999978542328,0.14036636148390205,-0.6233212547292712,0.3890381569094925,-2.641779053031405
0.14107311242201453,-0.7049804057607051,0.2667904636252678,1790750281,415647290,0.1469999998807907,0.14016043216970966,-0.623316157208442,0.3890161462296359,-2.641868373891122
0.14065540923177658,-0.7055290117294931,0.26594147923202255,1790750281,465365012,0.14800000190734863,0.14004583506605894,-0.6233130369023023,0.38900309984188786,-2.641917980136996
0.1402866502774576,-0.7049672004055623,0.26675790905949687,1790750281,515393044,0.1469999998807907,0.13994668160786167,-0.6233101743554954,0.3889913516311387,-2.641960853301105
0.14013025115529978,-0.7038534956605415,0.26841459654701355,1790750281,565470678,0.14499999582767487,0.139904982303916,-0.6233089275707079,0.3889862374713723,-2.6419788429470055
0.14001560459890436,-0.70274049974515,0.27007292048198595,1790750281,615346614,0.14300000667572021,0.13987402193509538,-0.6233079855246216,0.3889823715286159,-2.641992182080961
0.1399962306619284,-0.7066283220673334,0.2642511082258684,1790750281,665543657,0.15000000596046448,0.1398669588263924,-0.6233077667576754,0.38898149802651855,-2.6419952487894305
0.1399837986545622,-0.704961725835392,0.26674532704668835,1790750281,715480928,0.1469999998807907,0.13986426772745172,-0.6233076817744043,0.38898117598551735,-2.6419964362984545
0.13998079541317415,-0.7050880104323282,0.2668578608697058,1790750281,765094908,0.1469999998807907,0.1398634396467306,-0.623344421716452,0.3890338482666826,-2.6421208911368157
0.13997746975245293,-0.7041257307060399,0.2686541184398875,1790750281,815237385,0.14499999582767487,0.13986295582077202,-0.6233884095039973,0.38909692910828475,-2.6422699577208237
0.13997900536264124,-0.7056656224231648,0.2673735789718681,1790750281,865565031,0.1469999998807907,0.13986295558380962,-0.623512050840381,0.38927426466966775,-2.642690397948197
0.13997854093996565,-0.7055793977946021,0.2686262142592184,1790750281,915820509,0.1459999978542328,0.1398630656036837,-0.6236493190552804,0.38947094205754335,-2.643160617062219
0.13998018249242325,-0.7070531726345716,0.2686170484955515,1790750281,965403702,0.1469999998807907,0.1398633652609847,-0.623911636655535,0.3898460520950758,-2.6440694052529
0.1399773426735981,-0.7051910974786361,0.273614862862013,1790750282,15435260,0.1420000046491623,0.13986375433617282,-0.6241939754412088,0.3902487114639769,-2.645063393663468
0.1399780115020584,-0.705514454054188,0.27658728214093076,1790750282,65138491,0.14000000059604645,0.1398643889779963,-0.6246208864481321,0.3908510908328324,-2.646595099589804
0.13998176325424222,-0.7076549206291313,0.2771956908827654,1790750282,115275541,0.14100000262260437,0.13986504347841913,-0.6250680366298603,0.39147777043752036,-2.6482442516593623
0.13998107863480888,-0.7074642957745767,0.28252612988890435,1790750282,165364739,0.13699999451637268,0.1398669561818017,-0.6257060973177786,0.39245602781776934,-2.650770831487082
0.13998172656123206,-0.7078725569260362,0.28710667342218305,1790750282,215580606,0.1340000033378601,0.13986831112700332,-0.626357761375941,0.3934613918784508,-2.653474175818846
0.13997930380737791,-0.7056431070827991,0.29620625629758446,1790750282,265365050,0.12600000202655792,0.1398718201762801,-0.6271712601335411,0.3947869754790445,-2.6570877763048717
0.13997666248435411,-0.7032272550047332,0.30521245522296625,1790750282,315654584,0.11800000071525574,0.13987269160004936,-0.627979805496493,0.39610695836457777,-2.6609062511339534
0.13998133153990147,-0.7050411708056035,0.31030056358515967,1790750282,365723300,0.11599999666213989,0.13987893229446022,-0.628965941021424,0.3978708105489276,-2.666000470181251
0.13998037681732348,-0.7047237432432938,0.3175782959416747,1790750282,415441697,0.11100000143051147,0.1398777272678247,-0.6299105161672368,0.3995781181067859,-2.6713011934484414
0.13998106083427103,-0.7019095650012067,0.3284542210564928,1790750282,465426403,0.10199999809265137,0.13988665485432508,-0.6310048417803961,0.40177891623753026,-2.6781144380794517
0.1399786251573665,-0.7036285147263236,0.33406373874589435,1790750282,515223014,0.10000000149011612,0.1398788854548669,-0.6320228606645507,0.4038678980517744,-2.685176638529926
0.1406843979918443,-0.700340935678754,0.3433021717406284,1790750282,565405964,0.09200000017881393,0.14011380391027137,-0.6328666618832305,0.40583933534006394,-2.6932693645388954
0.1413593876955431,-0.6980641647581763,0.35072314286030765,1790750282,615304585,0.0860000029206276,0.1403126053106777,-0.6336067288608269,0.4076454030624973,-2.7014951488894288
0.14352709415962409,-0.695404393363047,0.35402145433069354,1790750282,665593082,0.0820000022649765,0.14100166359494218,-0.6337264349317063,0.40799785672711975,-2.7087173890681835
0.14616235305434647,-0.6968889520213617,0.35276132869608634,1790750282,716120563,0.08399999886751175,0.1417913393369872,-0.6337156753256491,0.4079521898992925,-2.7157751552378535
0.14864062268181447,-0.6954347091751832,0.35443589025567646,1790750282,765186323,0.0820000022649765,0.1426014667810715,-0.6337335583696888,0.4081061516370067,-2.7241171449861663
0.15112973371427788,-0.6939394463840618,0.3560290213031482,1790750282,815442347,0.07999999821186066,0.1434419803252243,-0.6337334524191011,0.40814558731068473,-2.7329204988819606
0.1540156878739381,-0.6955288093761551,0.35534774132226604,1790750282,865142901,0.0820000022649765,0.1442838521016715,-0.6337625694093929,0.4083969952691985,-2.7431686124354733
0.1565484835202187,-0.6940631886181374,0.35718952512826807,1790750282,916535652,0.07999999821186066,0.14516946534258557,-0.6337733420796349,0.4085281272087164,-2.754069293878004
0.15949362286082855,-0.6956840552182557,0.356768147117787,1790750282,965495734,0.0820000022649765,0.14599604236684807,-0.6338115191964085,0.40886042081062834,-2.765950256976497
0.16166060305416113,-0.6934842970185301,0.3594302693504349,1790750283,15186603,0.07900000363588333,0.14685641049338122,-0.6338300584388983,0.4090609884322425,-2.778257514974121
0.16431820698547123,-0.6936232488148678,0.3605288855363121,1790750283,65785927,0.07900000363588333,0.14769886131910323,-0.6338770084746241,0.4094695096567419,-2.792346432809683
0.167889602415675,-0.6967375105210789,0.3590729379400207,1790750283,115415304,0.08299999684095383,0.1485560203723993,-0.6339025890940477,0.4097383574116198,-2.806458143310855
0.17000665933721784,-0.6953894472406686,0.36161934172382754,1790750283,165515891,0.08100000023841858,0.1493566085996468,-0.6339579329952616,0.41020683497750243,-2.821958734369127
0.17260448464476438,-0.6955013325799618,0.36285269290795785,1790750283,215382650,0.08100000023841858,0.15018963672009344,-0.6339912161789216,0.4105504938160518,-2.8376189567289156
0.17477885876135713,-0.6949312199038604,0.3649614932371202,1790750283,265448458,0.07999999821186066,0.15095281935235041,-0.6340556247241401,0.41107528153837536,-2.8544657721095295
0.17725340706919726,-0.6950652903687866,0.3664096479284982,1790750283,315418395,0.07999999821186066,0.15175656035045998,-0.6340958509122994,0.4114944344275009,-2.8715011896928266
0.17985834385003185,-0.6960386397848796,0.367535042148681,1790750283,365322535,0.08100000023841858,0.1524596934882054,-0.6341685355234459,0.4120592400151616,-2.8889587141481208
0.18180758061839233,-0.6954274031086367,0.36970630524876325,1790750283,415346305,0.07999999821186066,0.1532050453443863,-0.6342139420985872,0.41254095105059163,-2.906539332433213
0.183879118573952,-0.6956528033024595,0.3715009719574549,1790750283,465356215,0.07999999821186066,0.15384726739748586,-0.6342938713929032,0.4131323195663268,-2.9240989001023383
0.18636903450916883,-0.6965905891647566,0.37277099479375225,1790750283,515839037,0.08100000023841858,0.1545322770189037,-0.6343438863754882,0.41367049238228437,-2.941821591965221
0.18781099764677753,-0.6960550232479141,0.37512435141411604,1790750283,565654592,0.07999999821186066,0.15510225883219753,-0.6344280309689126,0.4142683412682582,-2.9586967960784554
0.1900598243472507,-0.6970030829726777,0.37647458535346534,1790750283,615373350,0.08100000023841858,0.15569908588156547,-0.6344797419141743,0.41483043906054196,-2.9754350040614304
0.19170069516617877,-0.6972375396667012,0.37836845161354626,1790750283,665366407,0.08100000023841858,0.156209087006729,-0.6345639641934084,0.4154274414307736,-2.9914284629759935
0.19376589869087396,-0.6981941146246363,0.37980841430531936,1790750283,715145555,0.0820000022649765,0.15673420572609695,-0.6346157419514493,0.41600847806006963,-3.00719429562871
0.19380617027297783,-0.6960843527051623,0.3829678835143677,1790750283,765319021,0.07900000363588333,0.1571815794631494,-0.6346920182994179,0.41659259464614484,-3.021878484299802
0.19517156863080984,-0.6962526446639816,0.3848044865202205,1790750283,815578285,0.07900000363588333,0.15763673018076657,-0.6347369570494922,0.417176645149439,-3.036347584125312
0.19727486782057857,-0.6980057813051509,0.3857288162092186,1790750283,865584482,0.08100000023841858,0.1580010282459931,-0.6348013799027115,0.4177252098662051,-3.0490894187867514
0.19789218012889614,-0.6973786858737455,0.3878473812134102,1790750283,915641882,0.07999999821186066,0.15836174360809926,-0.634838365654485,0.4182784943912964,-3.0615445654052995
0.19829899438800538,-0.6968032114126407,0.3898028333438671,1790750283,966073279,0.07900000363588333,0.15865145502921033,-0.6349183590852326,0.4187741683092648,-3.072392813079433
0.19963972786937667,-0.6977637553462815,0.3909793807882923,1790750284,15383494,0.07999999821186066,0.15891987694424806,-0.634978649794664,0.4192623080661619,-3.0826941448093934
0.19981178886809114,-0.6971071566009398,0.39264276920263486,1790750284,65126862,0.07900000363588333,0.15914082288472123,-0.6350145856454456,0.4196869133485689,-3.0913424372596885
0.2004661749725188,-0.6972046533621769,0.3939387026145431,1790750284,115490081,0.07900000363588333,0.15935654238605432,-0.6350296403204436,0.4201162967808484,-3.0997752961205607
0.20095928080292721,-0.6973506074265272,0.39500491795378795,1790750284,165303339,0.07900000363588333,0.1595204002217642,-0.6350889241020837,0.42044705898508494,-3.106436518544504
0.20141592164309,-0.6974910222773848,0.39605113836901695,1790750284,215555417,0.07900000363588333,0.1596695315003976,-0.6351447161862057,0.42077314478655314,-3.11285063809998
0.20175259252586145,-0.6975825383177711,0.3968511701757653,1790750284,265741504,0.07900000363588333,0.1597781012695383,-0.6351758583277651,0.421028617329413,-3.1177026963254253
0.2031304084313453,-0.6992388726411707,0.3970116180877659,1790750284,315791256,0.08100000023841858,0.15987698543628168,-0.6351968373244664,0.4212759777605024,-3.122265582248039
0.2022711495889961,-0.6977030433710008,0.39813581609505444,1790750284,365685349,0.07900000363588333,0.1599430277146202,-0.6352066854836316,0.4214496730018691,-3.125394677264589
0.20246105262831526,-0.6977406072635822,0.39862323720564025,1790750284,415579543,0.07900000363588333,0.16000274631900255,-0.6352124769848919,0.4216129245385575,-3.128280733879878
0.20203395743112723,-0.6969691873740386,0.3992019626976464,1790750284,465401023,0.07800000160932541,0.16003757779809238,-0.6352144512909079,0.42171100354961677,-3.1299902501874315
0.2032080429478211,-0.6985693628387567,0.39888092430617644,1790750284,515116178,0.07999999821186066,0.16006765113577692,-0.635215276424954,0.4217974258470626,-3.1314815330048353
0.203794046862021,-0.6993690215184936,0.3987184326747994,1790750284,565110383,0.08100000023841858,0.1600819363527413,-0.6352153956773673,0.42183906685479333,-3.132196123343792
0.2027512893027044,-0.6977908281573967,0.39938672990889457,1790750284,615744013,0.07900000363588333,0.16009328073443366,-0.6352153611250108,0.421872409910569,-3.1327664194063596
0.2038398181223029,-0.6993763747742189,0.39884039040606395,1790750284,665290295,0.08100000023841858,0.16009589708917144,-0.6352153341014968,0.4218801445511122,-3.132898144691931
0.20384354179319558,-0.6993769617587372,0.3988503504158061,1790750284,715442094,0.08100000023841858,0.16009703253124094,-0.6352153192493217,0.4218835133881705,-3.1329552804373266
0.20275941466184438,-0.6977921017170812,0.39940849347871205,1790750284,765212037,0.07900000363588333,0.16009579766882254,-0.6352153282650583,0.42187989272033766,-3.132893437169459
0.2027539685194471,-0.6977912423019479,0.3993939774311524,1790750284,815208381,0.07900000363588333,0.16009410334593718,-0.6352153394927367,0.42187492192776316,-3.1328085705463407
0.20219014009547426,-0.6969953763778738,0.39961495316300444,1790750284,865307059,0.07800000160932541,0.16008664220192165,-0.635215386708953,0.4218529520093577,-3.1324334574050425
0.20324207623194349,-0.6985749958949372,0.39897123658005285,1790750284,915201717,0.07999999821186066,0.1600781328929758,-0.635215376447173,0.4218280152849051,-3.132006616473024
0.2015669503934563,-0.6961897149338535,0.3996786305571874,1790750284,965540231,0.07699999958276749,0.16006024473947272,-0.635215151769716,0.42177605050709016,-3.131113837257331
0.20365905186394834,-0.6993461053529756,0.3983620937906794,1790750285,15569047,0.08100000023841858,0.16004060693773792,-0.6352145619361326,0.42171967157213053,-3.130139467999632
0.20355224071387937,-0.6993266664738202,0.39808351254548224,1790750285,65441222,0.08100000023841858,0.16000776229814423,-0.6352128272030204,0.4216269628466473,-3.1285259565679877
0.20182700415293692,-0.6969304835464741,0.3986651112277618,1790750285,115366898,0.07800000160932541,0.15997214870906423,-0.6352098689525664,0.421528554996748,-3.126795211244847
0.20219536014169454,-0.6976870596348236,0.39794395471713045,1790750285,165408204,0.07900000363588333,0.15991906854620702,-0.63520353808428,0.42138591022527105,-3.1242540664245833
0.202549165143451,-0.6984374244597362,0.39719394082385,1790750285,215344408,0.07999999821186066,0.15986203857776374,-0.6351941997591969,0.4212377231581623,-3.1215708441446446
0.20283696860744405,-0.6991680456813831,0.39629168944596355,1790750285,265103044,0.08100000023841858,0.1597849178691387,-0.6351775692501539,0.42104527286240023,-3.1180150647500233
0.20151405077412327,-0.697518889442741,0.39628195764218543,1790750285,315385641,0.07900000363588333,0.15970127140577534,-0.6351547589358637,0.4208463074622929,-3.11425477034185
0.20276062964021047,-0.6997830225943389,0.39455188744823916,1790750285,365371188,0.0820000022649765,0.15959337276359833,-0.6351152287490384,0.42060308213075703,-3.109518750125983
0.20030329081351053,-0.6965107432327097,0.395028566304461,1790750285,415421717,0.07800000160932541,0.15947673003205773,-0.6350644971508747,0.42035742392306824,-3.104590667044276
0.20140345035701146,-0.6987875691852801,0.393082603337032,1790750285,465393226,0.08100000023841858,0.15932283108982276,-0.6350440265493248,0.4200452125010553,-3.098500330499299
0.20039363691637438,-0.6979062901068276,0.3924323929263742,1790750285,515316633,0.07999999821186066,0.15916247012004292,-0.6350183858825051,0.4197289513318446,-3.0921989353432635
0.19776472918724153,-0.6946547045760032,0.3926958322278107,1790750285,565629720,0.07599999755620956,0.15897354302435623,-0.634987712874877,0.41936217067083603,-3.0847675714098677
0.20021523672871952,-0.6992297863845206,0.3894308817467041,1790750285,615232531,0.0820000022649765,0.158782923524574,-0.6349417604703104,0.4190013656464236,-3.0772481045762348
0.1989670725367064,-0.6983141246983604,0.3884966672669602,1790750285,665346542,0.08100000023841858,0.15854188379270392,-0.6349027475363505,0.4185932019520848,-3.0684756277384024
0.19720602026095319,-0.6965917677963833,0.3879452393861268,1790750285,715750214,0.07900000363588333,0.15829463062964302,-0.6348458410589025,0.4181833752869988,-3.059428187669089
0.19729837191042687,-0.6980125776794694,0.38576795219509363,1790750285,765373636,0.08100000023841858,0.15800822255063698,-0.634804477417917,0.41773700384250334,-3.049361302116845
0.19589911821969366,-0.6970592131176512,0.3847401318393276,1790750285,815372572,0.07999999821186066,0.15772207993005824,-0.6347429475368371,0.4172854311218793,-3.0390114352938995
0.19527604779731733,-0.6976993724027309,0.38282545500044945,1790750285,865509084,0.08100000023841858,0.15736013683590439,-0.6347062270024861,0.4168143850685411,-3.027459776400269
0.19461162378603233,-0.6983040857441531,0.3808737781697275,1790750285,915663364,0.0820000022649765,0.15700411419349594,-0.6346490583430133,0.41633802890569516,-3.015689859543918
0.19333254820534487,-0.6981397900590343,0.379279573444203,1790750285,965376009,0.0820000022649765,0.15659602182759091,-0.6345993452889166,0.41584512936187445,-3.002902299810113
0.19203511839144366,-0.6979301611612897,0.3776590974230598,1790750286,15264637,0.0820000022649765,0.15620167030444254,-0.6345226214390088,0.41533466345755654,-2.989871759208946
0.18971896322361478,-0.6962243085842565,0.3769958851317361,1790750286,65256276,0.07999999821186066,0.1557338934660824,-0.6344747111910942,0.41483768700817597,-2.9760383013034923
0.18868269186556708,-0.6967965411904558,0.3749076408118083,1790750286,115249868,0.08100000023841858,0.1552862847609074,-0.634404955066885,0.4143153813218743,-2.9620582589515765
0.18618750384706553,-0.6951181321228938,0.37434628468138753,1790750286,165350018,0.07900000363588333,0.15472729172531716,-0.6343662100705054,0.41384893768931486,-2.9472238838222586
0.18412103282475387,-0.6941753712340901,0.3732946066259876,1790750286,215454538,0.07800000160932541,0.15418938051882014,-0.6343080004494772,0.4133445049608041,-2.9322100899497054
0.18301388282666814,-0.6955712833454863,0.3707700774864799,1790750286,265501677,0.07999999821186066,0.15357286867119505,-0.6342668619664634,0.4129007589286088,-2.916825222737183
0.1811455280282627,-0.695384723298043,0.3692203330001943,1790750286,315627622,0.07999999821186066,0.15298920095740287,-0.6342026024190254,0.412394040792342,-2.901342505364897
0.17976941828357917,-0.6967765029453286,0.36670252160691813,1790750286,365550742,0.0820000022649765,0.1523225796588411,-0.63416088038883,0.4119789529241702,-2.8858459916182104
0.17802922916294328,-0.6973546343754378,0.36464354246124675,1790750286,415247803,0.08299999684095383,0.15169360564678608,-0.6340987039182936,0.4114849949538255,-2.8704059361603984
0.17482623567491887,-0.6949418398851374,0.36501581831129987,1790750286,465523760,0.07999999821186066,0.15096424665643338,-0.6340595218424826,0.41110213454217714,-2.854905704656148
0.1720431736672897,-0.693249642619961,0.36479815970996565,1790750286,515476314,0.07800000160932541,0.15027226909242122,-0.6340009516186726,0.4106197766574348,-2.839527527138686
0.1699107492440472,-0.6939009960987504,0.3630470158343827,1790750286,565227478,0.07900000363588333,0.14948669890054447,-0.6339674545429458,0.4102892568757885,-2.8245985234760598
0.1679548490617772,-0.6952568678035391,0.3605558018482419,1790750286,615585251,0.08100000023841858,0.14872069974777924,-0.6339138476238069,0.4098313679436162,-2.809560597184838
0.16555206262916689,-0.6959237150056897,0.3589317146781971,1790750286,665271479,0.0820000022649765,0.14788530190625532,-0.6338872450772278,0.4095613733362464,-2.795583285835801
0.16289845803822356,-0.6957818512471221,0.3578047948770061,1790750286,715446434,0.0820000022649765,0.14706591783085313,-0.6338406453568739,0.40915280413637306,-2.781625627363532
0.1599267743723768,-0.6949621317859321,0.3576338602724455,1790750286,765074624,0.08100000023841858,0.14618208227592439,-0.6338227769242885,0.40895698142558207,-2.76883721799441
0.15697489186587849,-0.6940921772860419,0.3573616414167333,1790750286,815295265,0.07999999821186066,0.1453027553327485,-0.633783923524764,0.4086127435601506,-2.756084333771383
0.1541714219760444,-0.6948083740301887,0.35614969553255316,1790750286,865258367,0.08100000023841858,0.14436860523524192,-0.6337754745143691,0.40849365410717686,-2.7445307620218493
0.15129578339187982,-0.6954715203477492,0.3548181797797917,1790750286,915575222,0.0820000022649765,0.1434328523180174,-0.6337446476827442,0.40822199871984594,-2.7331163647619796
0.1481164590852514,-0.6947130289244541,0.3551636244307591,1790750286,965444211,0.08100000023841858,0.14246071926752712,-0.6337475980792473,0.40819407688589404,-2.722993154853398
0.14500965299965118,-0.6946520741270094,0.35474586527158064,1790750287,15615241,0.08100000023841858,0.14147865004592258,-0.6337251533417111,0.40800412641843514,-2.713025823231635
0.14268789108852856,-0.6936556380317289,0.35303394663257015,1790750287,65428423,0.08100000023841858,0.14078772867557623,-0.6333724892736767,0.407101787325932,-2.70301824915576
0.14033593960553817,-0.6923992533749247,0.3509443225973063,1790750287,115516673,0.08100000023841858,0.14001271050825526,-0.6329093259454593,0.40591562507424805,-2.6929355515032616
0.1399799307543098,-0.6913376018847355,0.3425496247682539,1790750287,165613739,0.08500000089406967,0.13990705655423963,-0.631487302297519,0.40290636822466686,-2.681365255926383
0.13996311216637944,-0.6911211456183568,0.33062321469228934,1790750287,215258039,0.09200000017881393,0.13987977672034974,-0.6296240760559509,0.3990491127378526,-2.6696363650061508
0.13996422282996496,-0.693010519647198,0.3161933803659679,1790750287,265477809,0.10300000011920929,0.139879588780434,-0.6277807645189833,0.39590581294425486,-2.6600243824134715
0.13996596159016514,-0.6962119023548261,0.29787644898938853,1790750287,315251509,0.11800000071525574,0.13986866498799053,-0.6257370985514612,0.39251942406439755,-2.6509080464859367
0.13995703199957862,-0.6944944189563548,0.2854701973132478,1790750287,365132989,0.12600000202655792,0.13985976119726332,-0.6237268630010492,0.38971962931743814,-2.643588591126477
0.13996411776302392,-0.6965498415269784,0.2649461791746446,1790750287,415317537,0.14300000667572021,0.13985850482646914,-0.6215006423427828,0.38666967097871086,-2.6365761924852973
0.13995349760952178,-0.6947072862976477,0.24987718590123675,1790750287,465276008,0.15399999916553497,0.13984244930338818,-0.6193705984315578,0.38419163364467884,-2.631298997348609
0.1399523110432695,-0.6894699244672089,0.2388441883197727,1790750287,515601103,0.1599999964237213,0.13984787048745986,-0.6170451627483221,0.3815138832017749,-2.6262995674321723
0.13993775313951448,-0.6837107747730756,0.22940176270520657,1790750287,565260904,0.16500000655651093,0.13982543209623338,-0.6148407102990451,0.37934142979492225,-2.6228123455898804
0.13992926806264033,-0.6738121028750298,0.22815086349832708,1790750287,615549184,0.16099999845027924,0.13983417624476854,-0.6124399683610386,0.3769945787292117,-2.6195420487432832
0.1399140190481564,-0.6655677121071193,0.22495936654684212,1790750287,665323912,0.1599999964237213,0.13981006740277138,-0.6101643390979313,0.37506084658235356,-2.6175090998862514
0.13990380009240896,-0.6552703947095496,0.22758116274980136,1790750287,715492025,0.15299999713897705,0.13982314590703537,-0.6077179172443654,0.37300383810118015,-2.615679225619378
0.13989363584424658,-0.6480010356916689,0.22330159397915741,1790750287,765140798,0.15399999916553497,0.13980408887284332,-0.605400613320225,0.37129211981814236,-2.614845491979332
0.13988371316192638,-0.6386743826048364,0.2258655034486741,1790750287,815716387,0.14800000190734863,0.13982523162932373,-0.6028997267625313,0.3694766838764185,-2.6141816401432183
0.1398729351275242,-0.6307718792163518,0.2272392591309678,1790750287,865354706,0.14399999380111694,0.13979868180474356,-0.600645625266378,0.36805261618244733,-2.614423310808689
0.13986299554081053,-0.6232360779737409,0.2267921638133712,1790750287,916217419,0.1420000046491623,0.13980866413548032,-0.5982301129842196,0.3665730640945017,-2.6148331968404417
0.13985390116425414,-0.6161874303714606,0.23090859572521397,1790750287,965319908,0.13600000739097595,0.13979441337184212,-0.5961571745567138,0.3654254620414639,-2.6156908570253137
0.13984304559836913,-0.6093745897283251,0.23517530191969502,1790750288,15424075,0.12999999523162842,0.13981096510747268,-0.5939804994630381,0.36426062144120264,-2.6166463412922374
0.13983674055088743,-0.6039791820313042,0.23691602063240094,1790750288,65334868,0.12700000405311584,0.13980055561100427,-0.5921297374727295,0.3633620185279248,-2.6178653011595436
0.13982837522306835,-0.5988038169733081,0.23879051167553933,1790750288,115242968,0.12399999797344208,0.13981074073467537,-0.5902612104414081,0.3624958998366037,-2.61913236477319
0.1398227693639206,-0.5942883932639715,0.2429395301011944,1790750288,165216660,0.11900000274181366,0.1398014267595555,-0.5886489325260086,0.3618058275939231,-2.6205026502634157
0.13981570579708524,-0.5901081825451481,0.24418502152141353,1790750288,215476375,0.11699999868869781,0.13980722604071835,-0.587020983198886,0.36114428289666956,-2.6218999918847654
0.13981257590038057,-0.5866217590743467,0.24362543712761237,1790750288,265664376,0.11699999868869781,0.13979695547015233,-0.5856514788900817,0.3606214114409257,-2.623281838639417
0.1398080027016263,-0.5832318070583212,0.24313698592010322,1790750288,315537873,0.11699999868869781,0.1397972335354502,-0.5842975685106283,0.3601321299633802,-2.624652619870824
0.13980584785643896,-0.580350830428652,0.24077615862885182,1790750288,365376055,0.11900000274181366,0.13978990684625073,-0.583174808719516,0.3597426477972247,-2.6259008503409182
0.13980134112207984,-0.5777615525164987,0.24545977472092706,1790750288,415135041,0.11400000005960464,0.13978988681030854,-0.5820693833297724,0.3593783529953807,-2.627125531415658
0.13979793345108346,-0.5753876771968872,0.24322919130819837,1790750288,465086993,0.11599999666213989,0.13979150087897485,-0.581135478342096,0.35908669847210045,-2.6281879482717425
0.13979245650489222,-0.5730836819625064,0.24202972331126602,1790750288,515499589,0.11699999868869781,0.13979854408887946,-0.5802115511870409,0.35881239812399046,-2.6292273165450326
0.13979111254797832,-0.5711949143624468,0.23989643414562095,1790750288,565224334,0.11900000274181366,0.1397927048394822,-0.5795133710202058,0.3586053383139657,-2.6301198133253076
0.1397899461223408,-0.5696541962877895,0.24177442705100535,1790750288,615474660,0.11699999868869781,0.13978754366475138,-0.5788406087539645,0.3584132263991845,-2.6309956422610243
0.13978892469301474,-0.568273326013337,0.24069820092228703,1790750288,665414158,0.11800000071525574,0.13978527342130098,-0.578318401711566,0.35826986676778494,-2.631676788121265
0.13978737607381908,-0.5667685132019147,0.23764415924929,1790750288,715093282,0.12099999934434891,0.1397851063619769,-0.5778206002841886,0.35813835499044044,-2.632320161010901
0.139785533523972,-0.5659407727140794,0.23859681488920126,1790750288,765450804,0.11999999731779099,0.13978629188997946,-0.5774495338864096,0.3580436556677375,-2.6327942626076273
0.13978335764951175,-0.565090210914781,0.23856079502105004,1790750288,815554461,0.11999999731779099,0.1397883641829578,-0.5771038360226604,0.3579579145129867,-2.633231919670838
0.1397815967623046,-0.5644337621671545,0.23754468642442866,1790750288,865351837,0.12099999934434891,0.1397901831712477,-0.5768776586070576,0.3579031061922163,-2.6335161858835447
0.13977971818204518,-0.5638174061504082,0.23653224363650344,1790750288,915833035,0.12200000137090683,0.13979218251400807,-0.576669091188655,0.35785344693922133,-2.633776908582999
0.1397785618293426,-0.5635308607308464,0.23652291907339554,1790750288,965378853,0.12200000137090683,0.1397933776468672,-0.5765523691873926,0.3578260123254182,-2.6339223311241637
0.13977747988129371,-0.5632802503111912,0.23651510308166676,1790750289,15451380,0.12200000137090683,0.13979448417012702,-0.5764500862125503,0.3578021818150863,-2.634049455848017
0.13977699432861107,-0.5631729469043287,0.23651184222812402,1790750289,65422581,0.12200000137090683,0.13979496837123054,-0.5764062339191398,0.3577920142523205,-2.634103871106472
0.1397766172752472,-0.5630916362532182,0.23650940516710284,1790750289,115368736,0.12200000137090683,0.1397953391121755,-0.576372981079943,0.35778432369351426,-2.6341450987261723
0.13977655864802999,-0.5630790910352667,0.23650903213382551,1790750289,165985824,0.12200000137090683,0.1397953969982253,-0.5763678488488908,0.357783138584414,-2.6341514587402344
0.13977702188593263,-0.5634058636153917,0.2394911808961863,1790750289,215279258,0.11900000274181366,0.1397953969982253,-0.5763678488488908,0.357783138584414,-2.6341514587402344
0.13977640423501225,-0.5629701665713753,0.23551498007762192,1790750289,265229663,0.12300000339746475,0.1397953969982253,-0.5763678488488908,0.357783138584414,-2.6341514587402344
0.13977640423501225,-0.5629701665713753,0.23551498007762192,1790750289,315502599,0.12300000339746475,0.1397953969982253,-0.5763678488488908,0.357783138584414,-2.6341514587402344
0.13977655864802999,-0.5630790910352667,0.23650903213382551,1790750289,365331762,0.12200000137090683,0.1397953969982253,-0.5763678488488908,0.357783138584414,-2.6341514587402344
0.13977624982314502,-0.562861242919033,0.23452093542766828,1790750289,415544179,0.12399999797344208,0.1397953969982253,-0.5763678488488908,0.357783138584414,-2.6341514587402344
0.13977640423501225,-0.5629701665713753,0.23551498007762192,1790750289,465321045,0.12300000339746475,0.1397953969982253,-0.5763678488488908,0.357783138584414,-2.6341514587402344
0.1397768674740654,-0.5632969399630492,0.23849713624623267,1790750289,516320129,0.11999999731779099,0.1397953969982253,-0.5763678488488908,0.357783138584414,-2.6341514587402344
0.13977640423501225,-0.5629701665713753,0.23551498007762192,1790750289,565505987,0.12300000339746475,0.1397953969982253,-0.5763678488488908,0.357783138584414,-2.6341514587402344
0.13977640423501225,-0.5629701665713753,0.23551498007762192,1790750289,615562366,0.12300000339746475,0.1397953969982253,-0.5763678488488908,0.357783138584414,-2.6341514587402344
0.13977640423501225,-0.5629701665713753,0.23551498007762192,1790750289,665467751,0.12300000339746475,0.1397953969982253,-0.5763678488488908,0.357783138584414,-2.6341514587402344
0.1397767130610477,-0.563188015499158,0.23750308419002908,1790750289,715680261,0.12099999934434891,0.1397953969982253,-0.5763678488488908,0.357783138584414,-2.6341514587402344
0.1397768674740654,-0.5632969399630492,0.23849713624623267,1790750289,765608601,0.11999999731779099,0.1397953969982253,-0.5763678488488908,0.357783138584414,-2.6341514587402344
0.13977624982314502,-0.562861242919033,0.23452093542766828,1790750289,818850675,0.12399999797344208,0.1397953969982253,-0.5763678488488908,0.357783138584414,-2.6341514587402344
0.13977655864802999,-0.5630790910352667,0.23650903213382551,1790750289,871544760,0.12200000137090683,0.1397953969982253,-0.5763678488488908,0.357783138584414,-2.6341514587402344
0.1397767130610477,-0.563188015499158,0.23750308419002908,1790750289,923990390,0.12099999934434891,0.1397953969982253,-0.5763678488488908,0.357783138584414,-2.6341514587402344
0.1397764042350122,-0.5629701665713751,0.23551498007762203,1790750289,972312117,0.12300000339746475,0.13979539699822524,-0.5763678488488906,0.35778313858441413,-2.6341514587402344
0.13977624982314502,-0.562861242919033,0.23452093542766828,1790750290,16246070,0.12399999797344208,0.1397953969982253,-0.5763678488488908,0.357783138584414,-2.6341514587402344
0.1397759409971096,-0.5626433939912504,0.23253283131526112,1790750290,66415893,0.12600000202655792,0.1397953969982253,-0.5763678488488908,0.357783138584414,-2.6341514587402344
0.13977655864802999,-0.5630790910352667,0.23650903213382551,1790750290,117759860,0.12200000137090683,0.1397953969982253,-0.5763678488488908,0.357783138584414,-2.6341514587402344
0.1397767130610477,-0.563188015499158,0.23750308419002908,1790750290,166251053,0.12099999934434891,0.1397953969982253,-0.5763678488488908,0.357783138584414,-2.6341514587402344
0.13977624982314502,-0.562861242919033,0.23452093542766828,1790750290,216922586,0.12399999797344208,0.1397953969982253,-0.5763678488488908,0.357783138584414,-2.6341514587402344
0.13977655864802999,-0.5630790910352667,0.23650903213382551,1790750290,266543181,0.12200000137090683,0.1397953969982253,-0.5763678488488908,0.357783138584414,-2.6341514587402344
0.13977655864802999,-0.5630790910352667,0.23650903213382551,1790750290,316434186,0.12200000137090683,0.1397953969982253,-0.5763678488488908,0.357783138584414,-2.6341514587402344
0.13980884584131129,-0.5629702783218502,0.23551626739694698,1790750290,366810354,0.12300000339746475,0.13980807062482842,-0.5763677369762641,0.35778445187998675,-2.6339915977966446
0.13984497907112772,-0.5630793246714217,0.23651176717785083,1790750290,415407112,0.12200000137090683,0.13982225917012076,-0.5763676119745157,0.35778592451921437,-2.6338126290858352
0.14005662348997547,-0.5628621983313455,0.2345321209962948,1790750290,465233820,0.12399999797344208,0.13990440008127727,-0.5763668719697762,0.35779444336354116,-2.632776785280042
0.14029986999984856,-0.5630808536276636,0.23653042041741285,1790750290,515979994,0.12200000137090683,0.14000087844686082,-0.5763660130718922,0.35780455400365596,-2.6315601442786076
0.14088681586658416,-0.5629740859265643,0.2355616805862788,1790750290,567270117,0.12300000339746475,0.14022925127537372,-0.5763640202444299,0.3578289211028946,-2.6286802431064062
0.1415001180731575,-0.5628676439629735,0.23459561800142842,1790750290,615672318,0.12399999797344208,0.1404656193941923,-0.576362027107366,0.3578548202276687,-2.6256994765048356
0.14259409546276916,-0.5628724893209194,0.2346505170271797,1790750290,665267356,0.12399999797344208,0.14089095248296757,-0.5763586336320206,0.35790319534706105,-2.620335553769842
0.1437549662815631,-0.5630958652661124,0.23670521785294307,1790750290,715752248,0.12200000137090683,0.14135757255737041,-0.5763551762633836,0.3579588508282487,-2.6144504857512474
0.14550515783373938,-0.5629970325079802,0.23582056914002403,1790750290,765354046,0.12300000339746475,0.14203372390692212,-0.5763506415011802,0.35804426205234285,-2.605921401035333
0.1473070100351194,-0.5631175847335596,0.23694616444848093,1790750290,815303469,0.12200000137090683,0.14275232139972976,-0.5763464528206719,0.3581412641640623,-2.596854565821258
0.14982856919109475,-0.5630282439423321,0.23615774421199853,1790750290,865355411,0.12300000339746475,0.1437229371193518,-0.5763418382454126,0.3582825586418016,-2.5846027246561447
0.15257390090183434,-0.5628356964341146,0.2344225145258833,1790750290,915736969,0.125,0.14474663513414923,-0.5763382521166154,0.3584443468806868,-2.5716727439972975
0.1557584654953049,-0.5629777009639024,0.2357696428049815,1790750290,965598400,0.12399999797344208,0.14600908520858724,-0.5763356262842912,0.35866193268751856,-2.5557122319188688
0.15918714748354582,-0.5629106454680708,0.2351984693955805,1790750291,15151817,0.125,0.14730514406478412,-0.5763349922591907,0.35890620928273664,-2.539305819873227
0.16342467782032616,-0.5628613581150415,0.2348036136592108,1790750291,65743673,0.12600000202655792,0.1488999633965644,-0.5763370705949343,0.35923607869450624,-2.519082003584814
0.16775829104237772,-0.5628223965187942,0.23450792281816604,1790750291,115494064,0.12700000405311584,0.15051611789302127,-0.576342384993407,0.3596035598572946,-2.49853911526983
0.1721147291425722,-0.5632285455667434,0.23835407691924126,1790750291,165179502,0.12399999797344208,0.1523682482792517,-0.5763524396974055,0.36006619379252275,-2.4749253680911543
0.1772893868112742,-0.563226470903594,0.2384344119119144,1790750291,216200400,0.125,0.1543087113826001,-0.5763675146359324,0.36059906116228757,-2.4500886573110745
0.18230933289881582,-0.563561804785234,0.24167675623856447,1790750291,265764104,0.12300000339746475,0.15641388184522217,-0.5763891310420225,0.36123379765231467,-2.4230126429853036
0.1880079126387769,-0.5636002637453122,0.24217270778317432,1790750291,315415467,0.12399999797344208,0.15854780419753747,-0.5764166533118221,0.36193848614462243,-2.3954056786523963
0.19427133326380472,-0.5636715574608181,0.2430032702942263,1790750291,365402584,0.125,0.1608794842077003,-0.5764532265967542,0.3627806193662182,-2.365026811937602
0.19973639949399405,-0.5640681201603805,0.2469090589364614,1790750291,415305690,0.12300000339746475,0.16322406596004244,-0.5764969094232564,0.36370535824915723,-2.334221754346593
0.2058294240155752,-0.5643944674959791,0.25020466263048013,1790750291,465327076,0.12200000137090683,0.16573391712511265,-0.5765514487024284,0.3647845843866246,-2.300917005412278
0.21220758460682893,-0.5646415094295556,0.2527872911148392,1790750291,515173395,0.12200000137090683,0.16823942172027326,-0.5766140499719598,0.36595733688598425,-2.267284094627171
0.2200648716642936,-0.564635188035601,0.2530161623492878,1790750291,565259772,0.125,0.1708624134461245,-0.5766885057913693,0.36729142492333666,-2.2316032194133073
0.22768215062570066,-0.564759650734751,0.2545136778388456,1790750291,615525568,0.12700000405311584,0.17348098878971882,-0.576772183394216,0.3687368547524056,-2.195435848413746
0.23376659384759754,-0.5652986934943276,0.26001049572770274,1790750291,665611020,0.125,0.17616748739781585,-0.5768680619468545,0.3703440475140764,-2.1576835356286352
0.24214303366872997,-0.5654046464428565,0.2614273602562831,1790750291,715944234,0.12800000607967377,0.1788369685660214,-0.5769737839887644,0.37207318590755656,-2.1194307565166275
0.24899923523903678,-0.5658112363456951,0.26576375877822656,1790750291,765549457,0.12800000607967377,0.18145442947853094,-0.5770880165365623,0.3739050321186997,-2.0811068501732355
0.25631613250623675,-0.5661575897168748,0.26957854445564444,1790750291,815477638,0.1289999932050705,0.18403452330910447,-0.5772114042386434,0.3758526259774323,-2.0424266590198035
0.2605976982528361,-0.5669482035789771,0.2777300046280246,1790750291,865453458,0.125,0.18656271675223088,-0.5773433172625109,0.37790866066668116,-2.003529487921175
0.2687998081832598,-0.5671736520060757,0.2804955055250773,1790750291,915329713,0.12800000607967377,0.18901782111747442,-0.5774825455334457,0.3800573597187027,-1.9646765709858944
0.27176489237614293,-0.5680568568007673,0.28967699439758443,1790750291,965118318,0.12300000339746475,0.19139993338309416,-0.5776289073610212,0.3822990762673733,-1.9258095250713914
0.279074998867435,-0.5684104434639901,0.2938086113932088,1790750292,15431022,0.125,0.19372934067607037,-0.5777836664126008,0.3846560732148711,-1.8865175072180893
0.2854645570957885,-0.5688543352357336,0.29886250584042057,1790750292,65608177,0.12600000202655792,0.19593389691979354,-0.5779417084807025,0.3870536677935876,-1.8479755337024126
0.2902523749935269,-0.5694613647498796,0.30557010840460286,1790750292,116273570,0.125,0.19806943961877438,-0.5781066406470905,0.3895496632400228,-1.809177242999786
0.29597791232780774,-0.5699113174928399,0.31076536268778976,1790750292,165690457,0.12600000202655792,0.19999845843968167,-0.5782667363375853,0.39196962315458145,-1.7726887481544769
0.2975975318440143,-0.5706937290146699,0.3192486930117087,1790750292,215188457,0.12200000137090683,0.2018401103211735,-0.5784305920913542,0.3944461498006912,-1.7363569058858876
0.3035397291099273,-0.5710848408836288,0.3239614323550415,1790750292,265386807,0.12399999797344208,0.2035498573615237,-0.5785935525485659,0.3969110334114165,-1.7010934055729268
0.30682770524605774,-0.5716628559439766,0.3305352571585332,1790750292,315373645,0.12300000339746475,0.20515997595003596,-0.5787578449383256,0.3993998691645355,-1.6662937656911634
0.30877105867591953,-0.5722624176510154,0.33730211525854276,1790750292,365286760,0.12099999934434891,0.20658957322120874,-0.5789137589408822,0.4017668616758434,-1.6338693452760298
0.31301183157432294,-0.572695108934573,0.3424890309566856,1790750292,415278164,0.12200000137090683,0.20793408591280096,-0.5790702991784746,0.40414959088398295,-1.6018223306408483
0.31422278404712795,-0.5732476931414516,0.34879610451021126,1790750292,465331262,0.11999999731779099,0.209108106859181,-0.5792160477517002,0.406374596494544,-1.5723809840196237
0.318759008643387,-0.5736014619513723,0.3532174858777056,1790750292,515764875,0.12200000137090683,0.21021249331472705,-0.5793620839277717,0.4086112542903283,-1.543212231436018
0.3192927934279991,-0.5740956580158599,0.358906039837237,1790750292,565439200,0.11999999731779099,0.21114019939819503,-0.5794925096712232,0.4106157077254012,-1.517402995952716
0.3223614078344651,-0.574448373212788,0.36325253456087975,1790750292,615223629,0.12099999934434891,0.21200605170548675,-0.5796216739887877,0.41260769816166054,-1.4920377868318446
0.3232777159370514,-0.5748465331782817,0.3679546126232162,1790750292,665582212,0.11999999731779099,0.2127409690332076,-0.5797378543121261,0.4144056827696728,-1.4693662882289837
0.3240331816658573,-0.5752320169597985,0.37252974544171236,1790750292,715753988,0.11900000274181366,0.21341909814411839,-0.5798512536101303,0.4161667461631832,-1.4473497580558288
0.3263189049103096,-0.5754877085840049,0.37575393148530095,1790750292,765479194,0.11999999731779099,0.21396559742242333,-0.5799476377285753,0.41766863874692606,-1.4287102483301652
0.32851895319325997,-0.57573956562375,0.378939972949496,1790750292,815416254,0.12099999934434891,0.2144729723970215,-0.5800417333048518,0.41913954333028647,-1.410569334073086
0.3295069143985012,-0.575976607481102,0.3818498623726134,1790750292,865534816,0.12099999934434891,0.2148701096852043,-0.5801189244157069,0.42034978518904453,-1.3957222916445546
0.3294593497987031,-0.5762363035729204,0.3849466366767803,1790750292,915473172,0.11999999731779099,0.2152340614511905,-0.5801927687448055,0.42151067969093714,-1.3815438823874124
0.3301355679412967,-0.5764126034303565,0.3871253874334945,1790750292,965729283,0.11999999731779099,0.21550788060433013,-0.5802505193184648,0.422420756162044,-1.3704703952201385
0.33074629584528326,-0.576577485267592,0.38916785209300886,1790750293,15329672,0.11999999731779099,0.2157554401362859,-0.5803045336440714,0.4232737397076389,-1.3601230284317345
0.3311784629023097,-0.5766977280688699,0.3906602233574962,1790750293,65443428,0.11999999731779099,0.21593077707570485,-0.5803439275326439,0.42389688229536776,-1.3525819977292248
0.3315669963043197,-0.5768085683563936,0.3920380901845625,1790750293,115283162,0.11999999731779099,0.21608853512492252,-0.5803802419799202,0.4244721387668057,-1.3456337277082056
0.32988533913108886,-0.5769387166019689,0.3934591069252908,1790750293,165694246,0.11800000071525574,0.21618824961696953,-0.5804036373724664,0.4248432801479975,-1.341157225255144
0.3310624004142252,-0.5769723975249424,0.3939793134070589,1790750293,215615046,0.11900000274181366,0.21627548535580024,-0.5804244041343982,0.4251730376843855,-1.3371840489939433
0.3302093405980283,-0.5770346822008553,0.3946569915768708,1790750293,265553133,0.11800000071525574,0.21632130296220434,-0.580435429717333,0.42534819501679255,-1.3350754815382677
0.3293371100264887,-0.5770914042553006,0.39526593891983103,1790750293,315419812,0.11699999868869781,0.21635967651651763,-0.5804447281353164,0.42549596421937513,-1.333297569256029
0.32937029910050997,-0.5771014280715722,0.3953911906781781,1790750293,365550429,0.11699999868869781,0.21637337247431648,-0.5804480694253495,0.42554901317648075,-1.3326593646962843
0.3313243090468769,-0.5770510256071856,0.3949605314893646,1790750293,415338588,0.11900000274181366,0.21638253310779298,-0.5804503127010273,0.42558460116951546,-1.3322312213872645
0.33036203304448325,-0.5770806904296747,0.39523159679914455,1790750293,465835136,0.11800000071525574,0.21638401999569776,-0.5804506771378499,0.42559038300409613,-1.3321616649627686
0.33229386048075055,-0.5770235721082673,0.3947170419779669,1790750293,515438997,0.11999999731779099,0.21638401999569776,-0.5804506771378499,0.42559038300409613,-1.3321616649627686
0.331327950360932,-0.5770521311625796,0.3949743184301211,1790750293,565288352,0.11900000274181366,0.21638401999569776,-0.5804506771378499,0.42559038300409613,-1.3321616649627686
0.331327950360932,-0.5770521311625796,0.3949743184301211,1790750293,615502248,0.11900000274181366,0.21638401999569776,-0.5804506771378499,0.42559038300409613,-1.3321616649627686
0.3313279503609321,-0.5770521311625799,0.3949743184301212,1790750293,665364668,0.11900000274181366,0.21638401999569787,-0.5804506771378503,0.42559038300409624,-1.3321616649627686
0.33036203304448325,-0.5770806904296747,0.39523159679914455,1790750293,715901845,0.11800000071525574,0.21638401999569776,-0.5804506771378499,0.42559038300409613,-1.3321616649627686
0.3293961157280345,-0.5771092496967698,0.39548887516816805,1790750293,765472122,0.11699999868869781,0.21638401999569776,-0.5804506771378499,0.42559038300409613,-1.3321616649627686
0.331327950360932,-0.5770521311625796,0.3949743184301211,1790750293,815461729,0.11900000274181366,0.21638401999569776,-0.5804506771378499,0.42559038300409613,-1.3321616649627686
0.3313279503609321,-0.5770521311625795,0.3949743184301211,1790750293,867183634,0.11900000274181366,0.2163840199956978,-0.5804506771378498,0.42559038300409613,-1.3321616649627686
0.331327950360932,-0.5770521311625796,0.3949743184301211,1790750293,915630990,0.11900000274181366,0.21638401999569776,-0.5804506771378499,0.42559038300409613,-1.3321616649627686
0.32801950993135276,-0.5769048511942041,0.3942513563954016,1790750293,965432372,0.11599999666213989,0.2162199944513113,-0.5803003914309496,0.42499770366698947,-1.3404210356909463
0.33136450583871946,-0.5765103290903487,0.39139697888557357,1790750294,15384468,0.11999999731779099,0.21602031320621196,-0.5801234568250628,0.42430080678138965,-1.3501560773104366
0.32959401013509015,-0.5756154258354979,0.38562251617283544,1790750294,65365528,0.11999999731779099,0.21532685511956134,-0.5795515801497932,0.4220577097381373,-1.3816754531103195
0.32644315158102677,-0.574650800133725,0.3795228511683769,1790750294,115366893,0.11900000274181366,0.2144605674054838,-0.5789104340182654,0.41955729899882366,-1.4171785187011532
0.3237540244139875,-0.5731721272643281,0.3699367651404969,1790750294,165577316,0.11999999731779099,0.2130362499226163,-0.577982472452653,0.41596321782932444,-1.4690001111936517
0.3203358047921068,-0.5716350616713545,0.3600014978966989,1790750294,215445022,0.12099999934434891,0.2113402122959095,-0.577017161185533,0.4122699746542514,-1.5234135292671591
0.31455086930603476,-0.5701949414299933,0.3510651314369591,1790750294,265118717,0.11999999731779099,0.2094224977056914,-0.5760505738903982,0.40863019383958854,-1.578471372212054
0.30821221785328107,-0.5687656356924167,0.34233712779122905,1790750294,315543226,0.11900000274181366,0.20726563977088758,-0.5750781009016381,0.4050343510869162,-1.6345193557806466
0.30643110498255827,-0.5670555826801478,0.330710744290401,1790750294,365151957,0.12399999797344208,0.2049479306610926,-0.5741330112277719,0.40161261191182496,-1.6897544356084393
0.2998247606578213,-0.5656240476402169,0.32192929501006645,1790750294,415480075,0.12399999797344208,0.20240459807260003,-0.5731875185572142,0.39827132358522566,-1.7458074253869396
0.294334521274137,-0.5641184395572684,0.3123096244992825,1790750294,465532877,0.12600000202655792,0.19971394623676456,-0.5722688454970944,0.395113719647443,-1.8011740890375572
0.2868581481761171,-0.5627798523118593,0.3043493158311303,1790750294,515417166,0.12600000202655792,0.19686428073318993,-0.5713693921705466,0.3921178986975152,-1.8562852058915889
0.28029145025000246,-0.5613371263103422,0.29531787727747594,1790750294,565426161,0.12800000607967377,0.19384770636999177,-0.5704844908302059,0.3892742843115062,-1.9115281765514227
0.27384469072900286,-0.5598577219814324,0.28585425072596415,1790750294,615136773,0.13099999725818634,0.19069596018894272,-0.5696212833221255,0.38661118974838493,-1.9664399427569175
0.2649883791410127,-0.5586388224620489,0.2790560962417965,1790750294,665270389,0.13099999725818634,0.18740264443332283,-0.5687758307589289,0.38412128607316637,-2.0213664874719415
0.25577095552764534,-0.5574663604835938,0.27273863555240174,1790750294,715500285,0.13099999725818634,0.18397409407687568,-0.5679478048211797,0.38180902242281634,-2.076310373137744
0.24673983916829179,-0.5562628639318792,0.26607191334609825,1790750294,765309139,0.13199999928474426,0.18042911333661482,-0.5671401445368148,0.3796878110782825,-2.1311799458130047
0.23634494700100417,-0.5552679821117253,0.26161530709402,1790750294,815330115,0.13099999725818634,0.176749634525709,-0.5663468756080047,0.37774737041640677,-2.186356029075121
0.22663386456767576,-0.5541622085745412,0.2559513228225305,1790750294,865337749,0.13199999928474426,0.17298757545715213,-0.5655778322807992,0.3760169674143109,-2.241262817053193
0.2169638470693006,-0.5530197132066447,0.24987420133380406,1790750294,915248696,0.1340000033378601,0.16914395270878424,-0.5648305140024772,0.3744926734094026,-2.296017004445528
0.20534130605111983,-0.5523736451188298,0.24902440806574017,1790750294,965260867,0.13099999725818634,0.16522040467486457,-0.5641038499420872,0.3731763909303165,-2.3507992829275426
0.19406646337925865,-0.5516960058358671,0.24786971258176457,1790750295,15421382,0.1289999932050705,0.1612164492241863,-0.5633955786840986,0.37206711517976054,-2.4057284428780017
0.18419338810405048,-0.5505380206113988,0.2415220608270707,1790750295,65098307,0.13300000131130219,0.15720508584879214,-0.5627170243746482,0.371184328883433,-2.4600100838074903
0.17289466311678572,-0.5498806579023535,0.24056805118869756,1790750295,115404601,0.13199999928474426,0.1530980605443777,-0.5620508631102246,0.37050642289990887,-2.51495736665844
0.1617228880920483,-0.5492885514081667,0.2402385210267872,1790750295,165398336,0.13099999725818634,0.14899988637186884,-0.5614130960689923,0.3700542362759079,-2.5693628185114847
0.15055216533007917,-0.5488440713263147,0.24149849767838757,1790750295,215437895,0.1289999932050705,0.14487807250710727,-0.5607958209565493,0.36981824907434657,-2.6237812899831616
0.13964674488583886,-0.5479070687834132,0.2373763405750446,1790750295,265258017,0.13300000131130219,0.14079689117239408,-0.5602072591802795,0.369801348894949,-2.6775566299288434
0.12863860602203236,-0.547665576374109,0.24080144858206684,1790750295,315672692,0.12999999523162842,0.13667341492368895,-0.5596329639335337,0.36999983185809626,-2.7318976392984675
0.11722870358000373,-0.5467518895280686,0.2368594322361712,1790750295,365170013,0.13500000536441803,0.13262352127623153,-0.5590880946354917,0.3704102430912177,-2.78546226737377
0.10624302170737476,-0.5464382209977274,0.2394649009401484,1790750295,415158915,0.1340000033378601,0.12855391918198764,-0.5585574849632069,0.37103749759066246,-2.839597889443041
0.09542218869030604,-0.546176819218159,0.24264649527555543,1790750295,465429440,0.13300000131130219,0.12450734650629534,-0.5580462086111094,0.37188337677253325,-2.8939307260034934
0.08598009722880195,-0.5463187203837044,0.25019852026519346,1790750295,515410360,0.12800000607967377,0.12053184106847561,-0.5575577596322604,0.3729334482637201,-2.9479304464859
0.07365077525381655,-0.5455493888296351,0.24779324790593252,1790750295,565325612,0.1340000033378601,0.11660614116740063,-0.5570886123000507,0.37419611083029997,-3.0020696166758283
0.06388389675420247,-0.5455265098539965,0.25354465424790323,1790750295,615142502,0.13199999928474426,0.1127536479026362,-0.5566390559819664,0.37566041306885306,-3.0561420939865327
0.05403902506104018,-0.5454637853248971,0.2588925738371064,1790750295,665629224,0.13099999725818634,0.10895529875748877,-0.5562061473655588,0.3773400466794129,-3.1106147742296013
0.04511625760070737,-0.5455254941101336,0.2655519251666219,1790750295,715599051,0.1289999932050705,0.1052896234816116,-0.5557962421974232,0.37919468128947603,-3.1644679150757327
0.03621340301199258,-0.5455480549187826,0.27171894815527986,1790750295,765419237,0.12800000607967377,0.10175489479258075,-0.5554081572066741,0.38122279646411295,-3.2178748488615434
0.026576707849217077,-0.5454599521598125,0.27665424075538825,1790750295,815273980,0.1289999932050705,0.09832817260555671,-0.5550367886852283,0.38342975177918737,-3.2712680720850376
0.018378703180559647,-0.5455637346735643,0.28370126464186135,1790750295,865213575,0.12800000607967377,0.09502541006852526,-0.5546831305614209,0.3858096408813617,-3.324581238122589
0.008633856376167828,-0.5454975283808042,0.28887159156061415,1790750295,915455156,0.12999999523162842,0.09183085251985855,-0.5543430508886221,0.38837041227952424,-3.3781834290887547
0.002611285690304041,-0.5458065303180564,0.2981575948303925,1790750295,965018394,0.12700000405311584,0.08881958846472508,-0.554023786755108,0.3910532688894838,-3.4309697499382037
-0.0037540950459626077,-0.5460737235309026,0.3071663308759699,1790750296,16117920,0.125,0.08586164627893508,-0.5537090786394225,0.3939748572956473,-3.4853752275035026
-0.010870729141695484,-0.5462432144766888,0.31489089020782735,1790750296,65503600,0.125,0.08313673087117482,-0.5534173095980914,0.3969648192055162,-3.538297759026932
-0.013714059408465526,-0.5467135309673349,0.3261311246596764,1790750296,115301647,0.11999999731779099,0.08054328215547121,-0.5531352306915625,0.40011973655516386,-3.591722033059839
-0.021492399579408378,-0.5468272379966501,0.3332257038454646,1790750296,165208658,0.12200000137090683,0.07813062573372041,-0.552867428705705,0.40338815290590735,-3.644848123913826
-0.02471749336014853,-0.5472106184694667,0.3434474315219647,1790750296,215129225,0.11900000274181366,0.0758903644088745,-0.5526106987908502,0.40677119278266605,-3.697910925169119
-0.02819966257400268,-0.5475532340537098,0.3532040378137857,1790750296,265154357,0.11699999868869781,0.07382788219830322,-0.5523646154334177,0.41026742721635623,-3.750979736629131
-0.03653991671690114,-0.5476823030996699,0.3604601430769366,1790750296,315620087,0.12099999934434891,0.07193136273071098,-0.5521255416885794,0.41389457960594384,-3.8044955298067107
-0.03806169734093588,-0.5480874387766342,0.37088675186066405,1790750296,365518450,0.11800000071525574,0.07025966242060956,-0.5519008261830637,0.4175337374513609,-3.856856859401535
-0.039915227712021134,-0.5484537124543014,0.38084825237034187,1790750296,415316867,0.11599999666213989,0.06877866696563736,-0.5516840345286442,0.4212363880628267,-3.9090118244647347
-0.041311975368793274,-0.5487016229435048,0.38781416472320485,1790750296,465344898,0.11500000208616257,0.06783603441514775,-0.5515322521072077,0.42392095049208367,-3.946234068695311
-0.04420629328570992,-0.5488880742209851,0.39369460579833027,1790750296,515174000,0.11599999666213989,0.06705358275944773,-0.5513947069415474,0.4264200698964423,-3.980503477787721
-0.04301897907888018,-0.5490169034263324,0.396793556038426,1790750296,565501757,0.11400000005960464,0.06675624836484269,-0.5513388485289398,0.42745310633208256,-3.9945737376756947
-0.0425444813045487,-0.5490967921997356,0.3988334083703465,1790750296,615159089,0.11299999803304672,0.06655642896374506,-0.5512999445762118,0.4281785451685335,-4.004423639693863
-0.0426240524723219,-0.5491067243689287,0.3991283217070092,1790750296,665745108,0.11299999803304672,0.06652386923802465,-0.5512934905103559,0.4282993483537237,-4.006061553955078
-0.03972632131126777,-0.5491647800816776,0.39990277340145763,1790750296,715605535,0.10999999940395355,0.06652386923802471,-0.5512934905103559,0.4282993483537235,-4.006061553955078
-0.0416581468830349,-0.5491260761770564,0.399386470989577,1790750296,765282191,0.1120000034570694,0.06652386923802461,-0.551293490510356,0.42829934835372363,-4.006061553955078
-0.043589965258205354,-0.5490873724166181,0.39887017050106865,1790750296,815503196,0.11400000005960464,0.06652386923802471,-0.5512934905103559,0.4282993483537235,-4.006061553955078
-0.043589965258205354,-0.5490873724166181,0.39887017050106865,1790750296,865319882,0.11400000005960464,0.06652386923802471,-0.5512934905103559,0.4282993483537235,-4.006061553955078
-0.042624052472321844,-0.5491067243689287,0.399128321707009,1790750296,916029254,0.11299999803304672,0.06652386923802471,-0.5512934905103559,0.4282993483537235,-4.006061553955078
-0.0426240524723219,-0.5491067243689285,0.3991283217070091,1790750296,967673545,0.11299999803304672,0.06652386923802465,-0.5512934905103557,0.42829934835372363,-4.006061553955078
-0.042624052472321844,-0.5491067243689287,0.399128321707009,1790750297,16049797,0.11299999803304672,0.06652386923802471,-0.5512934905103559,0.4282993483537235,-4.006061553955078
-0.04234220215902948,-0.5489422402720563,0.39810275564314,1790750297,65240743,0.11299999803304672,0.06663894760786997,-0.5511866575767861,0.42788649519873356,-4.00055067036938
-0.04006201080373924,-0.5487808603321709,0.39738258910565977,1790750297,115562656,0.11100000143051147,0.06678387555407754,-0.5510551880959573,0.4273789942104205,-3.993765071855246
-0.040640968073603165,-0.5480145921897208,0.39233988224507277,1790750297,165289044,0.11299999803304672,0.06733310079197888,-0.550583288805785,0.4255664048704353,-3.96942305495994
-0.037066729784483915,-0.5472374856678716,0.3878654559672771,1790750297,215542512,0.11100000143051147,0.06801828381546934,-0.5500440128194366,0.4235062140907896,-3.9415325704046547
-0.036144818425506056,-0.5459473286925443,0.3795903612860513,1790750297,265231464,0.11299999803304672,0.06916487231709871,-0.5492355623449453,0.4204322039307303,-3.8994097145114264
-0.034582468955624016,-0.5445613289980225,0.3707230716248741,1790750297,315470451,0.11500000208616257,0.07054452121373422,-0.5483723442904271,0.41718588019463354,-3.8541581424104665
-0.028928289743147345,-0.5433003042437906,0.36351155063629254,1790750297,365423211,0.11299999803304672,0.07210036746282418,-0.547500703454441,0.413955248211887,-3.8081922246614144
-0.025520123682826426,-0.5419241730952935,0.35505191318732154,1790750297,416062563,0.11400000005960464,0.07383971776463356,-0.5466202479486219,0.4107436432924044,-3.7614101343798283
-0.023536705359529744,-0.5405124204907763,0.34592113709178496,1790750297,465317686,0.11699999868869781,0.07567073730305497,-0.5457765946323132,0.407720582753642,-3.7161554101722607
-0.02178075125029265,-0.5390253602533256,0.33607263393772074,1790750297,515508404,0.12099999934434891,0.07767847795052468,-0.5449257676321828,0.40473155004389916,-3.6700836650143516
-0.015505268733637126,-0.5378008772826833,0.3292344522713738,1790750297,565351182,0.11999999731779099,0.07981723148236429,-0.5440893861362737,0.4018572790219112,-3.624261266314872
-0.008899713900968609,-0.5365976614516191,0.32268184057640037,1790750297,615537325,0.11900000274181366,0.0821071466764126,-0.543256480414497,0.39906516408631565,-3.5781100153180625
-0.005753350814064709,-0.535143793245147,0.31317127561697194,1790750297,665266842,0.12300000339746475,0.08450453144417665,-0.5424433407965173,0.3964132850327655,-3.5324434622810186
-0.0006044512124249585,-0.533810244354427,0.3050784878804479,1790750297,715194380,0.125,0.0870347483859913,-0.5416377123596955,0.393865319327321,-3.4866071707910935
0.00638075076211167,-0.532616046442592,0.29860934873926626,1790750297,765300439,0.125,0.08970688497592808,-0.5408381500816649,0.3914218067862838,-3.4404149912183577
0.013687800242938905,-0.5314485805760041,0.2924583329272267,1790750297,815505416,0.125,0.09250140064511735,-0.5400482473464323,0.38909922553011683,-3.3940942133395193
0.01814752400758722,-0.5299803131660681,0.2827750680793884,1790750297,865041524,0.12999999523162842,0.09534329354310972,-0.5392883946232515,0.386958423494869,-3.348769729864418
0.0262435025057442,-0.528858670223795,0.2771696717600992,1790750297,916010528,0.12999999523162842,0.09836498497805578,-0.5385206064414652,0.38489681557606203,-3.3022045657754164
0.03327364132646604,-0.5276577281120609,0.2704261006768723,1790750297,965222095,0.13199999928474426,0.10137485314479626,-0.5377935564752272,0.3830471011316713,-3.257266905737403
0.043224548067753436,-0.5268583325392172,0.26826179447481735,1790750298,15352386,0.1289999932050705,0.10452651889662355,-0.5370663391956053,0.3813054286145057,-3.2114944478705016
0.05088323643655316,-0.5257141506806778,0.2621864259253752,1790750298,65401026,0.13099999725818634,0.10772529448418033,-0.5363616109510471,0.379730508330003,-3.1662089641279785
0.06001971284991251,-0.5248540834101288,0.2592050413103829,1790750298,115205785,0.12999999523162842,0.11097365379087584,-0.5356753137659603,0.37831253744893106,-3.121220723530448
0.06935476466816992,-0.5240253460973203,0.2566243606592397,1790750298,165455576,0.1289999932050705,0.11432880102340075,-0.5349959801691516,0.377031916439135,-3.0756761111515103
0.0771858523277591,-0.5228095447120044,0.24976651160099642,1790750298,215405660,0.13300000131130219,0.11772342894445519,-0.5343348808695298,0.3759127436386911,-3.030373152925165
0.08608020862926141,-0.5217944899950573,0.24513694239769168,1790750298,265257021,0.13500000536441803,0.12118834494648262,-0.5336863045610305,0.3749483631550843,-2.984828122284207
0.09619097244732155,-0.5211674837529184,0.24478005409967718,1790750298,315336125,0.13300000131130219,0.1247173491692724,-0.5330492139974744,0.3741402901319268,-2.9390081289723637
0.10550222184349667,-0.5202299205967928,0.240995775837635,1790750298,365295719,0.13500000536441803,0.1282683910387274,-0.532431470772526,0.37350171971139523,-2.8933847012130838
0.11583135469948537,-0.519876343368993,0.24356099429876102,1790750298,415386046,0.13099999725818634,0.1318549785626051,-0.5318280727013234,0.3730268157571861,-2.847657825180529
0.12521050399925582,-0.5189360260359935,0.23968168100929793,1790750298,465374010,0.1340000033378601,0.13542500287959816,-0.5312477932206369,0.3727233485272644,-2.802414982445622
0.1350212720661303,-0.5182150873733589,0.23821963899523785,1790750298,515749238,0.13500000536441803,0.13902882372723696,-0.5306797486728938,0.37258322482400447,-2.7568922165482053
0.14467978829771866,-0.5178276655411144,0.24019766795776695,1790750298,565251576,0.13300000131130219,0.1425617495458408,-0.5301403080585827,0.37260957488040347,-2.712337543248342
0.15452522985528416,-0.5171933411267742,0.23963898746584228,1790750298,615779889,0.1340000033378601,0.1461615884717299,-0.5296058615876954,0.37280046738087264,-2.666891806317176
0.16441165914170786,-0.5165172781462068,0.23853737197586924,1790750298,665396368,0.13600000739097595,0.14970384397055733,-0.5290952863445311,0.3731534033131497,-2.622054806662527
0.17421281880365536,-0.5160642012353092,0.23988146067860522,1790750298,715428166,0.13600000739097595,0.15325968098614698,-0.5285957317038302,0.37367207608216235,-2.5768063812674487
0.18321285634320983,-0.5159352824729432,0.24457645623378235,1790750298,765068089,0.13300000131130219,0.15674220862428617,-0.5281194921906294,0.3743449046012591,-2.5321817444918464
0.1929245542304262,-0.5154759259211713,0.2458059940332337,1790750298,815261407,0.1340000033378601,0.160225985475431,-0.5276539240814663,0.37518335239523315,-2.4871088013620044
0.20086128957879335,-0.5156013600082979,0.2532056535327714,1790750298,865109379,0.1289999932050705,0.16366135023233705,-0.5272058985246282,0.37617921754289196,-2.4421529869011778
0.21229815029143093,-0.5146876257630677,0.24964935770495703,1790750298,915357328,0.13600000739097595,0.1670781632425203,-0.5267692990576858,0.37734112702484696,-2.396798836885584
0.22118284934020987,-0.5145338138278653,0.25411931118055336,1790750298,965672157,0.13500000536441803,0.17043847693997527,-0.5263491777016052,0.3786600968478613,-2.3514684877663674
0.2297820545819459,-0.5144179358326647,0.2589628741999515,1790750299,15853160,0.1340000033378601,0.17372524408333295,-0.5259453029116699,0.3801270384544661,-2.306274393665103
0.2379192519460175,-0.5143426912656837,0.2640792705906381,1790750299,65252108,0.13300000131130219,0.17687397384986306,-0.52556544517371,0.3817080262828133,-2.2620673726138123
0.2453693808391602,-0.5143818612661217,0.2704495801403997,1790750299,115253312,0.13099999725818634,0.17998253069065365,-0.5251954218792046,0.3834479253325695,-2.217370776999923
0.2556959343027287,-0.5139675625456475,0.2720869649282498,1790750299,165334657,0.13500000536441803,0.1830193586242831,-0.5248391837461253,0.3853341487719172,-2.172548301877448
0.26262587876251253,-0.5140764077758447,0.2791714019776553,1790750299,215367825,0.13300000131130219,0.18596531467303595,-0.5244967936452397,0.3873544589719118,-2.1277586317048005
0.2703781474353751,-0.5140603172463026,0.2849384042117343,1790750299,265545448,0.13300000131130219,0.18881827027018386,-0.5241684422688693,0.389508058481668,-2.082966660909721
0.2778291684131333,-0.5140779371407693,0.29102700435571877,1790750299,315548995,0.13300000131130219,0.19155960455147056,-0.5238541574031901,0.3917791170745373,-2.038353050956159
0.2829095594489176,-0.5143415184702093,0.2995940738009265,1790750299,365208668,0.12999999523162842,0.19418271329955034,-0.5235546832101085,0.3941597289199252,-1.9939856969851015
0.2911173469348097,-0.5142796159703026,0.30485227097678447,1790750299,415186233,0.13199999928474426,0.19671215106548726,-0.523265124444625,0.3966723093208477,-1.949322940769101
0.29619386437151507,-0.5145216840829312,0.3132384640658351,1790750299,465325772,0.12999999523162842,0.1991412452831581,-0.5229861970208348,0.3993148249847178,-1.90438335339359
0.3000398108312488,-0.5148424661284894,0.32240014568224995,1790750299,515407395,0.12700000405311584,0.20144566105340994,-0.5227185987740799,0.4020629424799119,-1.8594707698163364
0.3057173723969385,-0.5149939047622782,0.3297469433970437,1790750299,565337885,0.12700000405311584,0.2035961535646564,-0.5224657336380759,0.40487636151638884,-1.8151479649377424
0.31111576570295585,-0.5151726337634558,0.3374307574628654,1790750299,615940782,0.12700000405311584,0.20564016328921206,-0.5222199898093404,0.40781707074685425,-1.7703119024007052
0.3177381545701228,-0.515266664690986,0.3441076947483026,1790750299,665228173,0.1289999932050705,0.20750108225466213,-0.5219906560266759,0.4107678333225788,-1.7266589268710242
0.3207289795778625,-0.5155979870534881,0.3533102683925246,1790750299,716048109,0.12700000405311584,0.20928043208004785,-0.5217631564140817,0.41389255109030665,-1.6816517825362478
0.32764265199030806,-0.5157049537114237,0.36016836909372635,1790750299,765518761,0.12999999523162842,0.2108774795313291,-0.5215488530828134,0.41701678244876533,-1.6377375290203111
0.3278906477837703,-0.5161426099665344,0.37025448551451123,1790750299,815135016,0.12600000202655792,0.21233750019856565,-0.521341224585863,0.4202189228663339,-1.593676563832167
0.33029236991594846,-0.5164463702879128,0.37878314515627903,1790750299,865389215,0.125,0.21360421488260228,-0.5211497129394443,0.42335615316354785,-1.5512953468688357
0.3294149751509105,-0.5168550305215024,0.38817300288318946,1790750299,915277733,0.12099999934434891,0.21471535377917828,-0.5209675895307068,0.426488581397803,-1.5096439619988364
0.33394975807881155,-0.5169336234550137,0.3925144341544827,1790750299,967032884,0.12399999797344208,0.21536259173667663,-0.5208521053195985,0.42853843970957584,-1.4826998736744403
0.3362129767991201,-0.5170586917716734,0.39670150128426235,1790750300,15516941,0.125,0.21585985657886447,-0.52075705947545,0.4302641074044128,-1.4601850441021462
0.33273710069177004,-0.5172235674882231,0.3991382689114233,1790750300,65564525,0.12099999934434891,0.21600549223588036,-0.520727861417644,0.4307997810782407,-1.4532248682786342
0.33294135782701223,-0.517249480580344,0.39989614085824743,1790750300,115469218,0.12099999934434891,0.21608470223687348,-0.5207116437157102,0.43109766825746687,-1.4493599967061777
0.33393895920385813,-0.5172249844849562,0.39975750385389797,1790750300,166207468,0.12200000137090683,0.21609698687817788,-0.5207091101807455,0.4311442966341553,-1.4487553834915161
0.33104120714275875,-0.5173106596668703,0.40052930987237606,1790750300,215319652,0.11900000274181366,0.21609698687817788,-0.5207091101807455,0.4311442966341553,-1.4487553834915161
0.33200711969869295,-0.5172821014147501,0.40027204247741793,1790750300,265355245,0.11999999731779099,0.21609698687817788,-0.5207091101807455,0.4311442966341553,-1.4487553834915161
0.3300752873901761,-0.5173392181317671,0.40078657918413607,1790750300,315869242,0.11800000071525574,0.21609698687817788,-0.5207091101807455,0.4311442966341553,-1.4487553834915161
0.3349048789564407,-0.5171964260200593,0.39950023454213796,1790750300,365711889,0.12300000339746475,0.21609698687817788,-0.5207091101807455,0.4311442966341553,-1.4487553834915161
0.33104120714275875,-0.5173106596668703,0.40052930987237606,1790750300,416162302,0.11900000274181366,0.21609698687817788,-0.5207091101807455,0.4311442966341553,-1.4487553834915161
0.33297303945127554,-0.5172535429498532,0.4000147731656579,1790750300,466765448,0.12099999934434891,0.21609698687817788,-0.5207091101807455,0.4311442966341553,-1.4487553834915161
0.33393895920385813,-0.5172249844849562,0.39975750385389797,1790750300,517528170,0.12200000137090683,0.21609698687817788,-0.5207091101807455,0.4311442966341553,-1.4487553834915161
0.3326644256800898,-0.5170784737695105,0.39888664940136787,1790750300,565185754,0.12099999934434891,0.2159768590639683,-0.5205974488463764,0.43070847293411085,-1.454849153268986
0.3293899244682753,-0.5169535051141448,0.39831731827253253,1790750300,616244553,0.11800000071525574,0.2158260707114117,-0.5204608034775728,0.4301756005061989,-1.462313134237311
0.3338660606284596,-0.5161001928218104,0.39233045596872457,1790750300,665195291,0.12399999797344208,0.2153278549894496,-0.5200332505035506,0.42851366144543046,-1.485692329011902
0.3265625827114391,-0.515533030581539,0.3892513284372625,1790750300,715657408,0.11800000071525574,0.2147072853456024,-0.5195438209031333,0.42661850897040954,-1.5125502910022721
0.3259428201567689,-0.514374315286318,0.3816461045055546,1790750300,765375831,0.11999999731779099,0.21372082011603794,-0.5188417580721658,0.4239103212625607,-1.5513396788977476
0.3238913302911996,-0.5131842708451947,0.3739408030420758,1790750300,815511536,0.12099999934434891,0.2125546017033853,-0.5180991991159423,0.4210680370876807,-1.5926490789862295
0.3242272354515116,-0.5118708570103991,0.3650214720637576,1790750300,865228246,0.125,0.21127379975903054,-0.517363103036325,0.41827892786907417,-1.6338843100928593
0.32322396453515945,-0.510587744544364,0.3563796572972415,1790750300,915114902,0.12800000607967377,0.20987147256945293,-0.5166294674342607,0.41552956605526636,-1.6753101736127796
0.31479880877232724,-0.5096824548437129,0.3515157683610551,1790750300,965649075,0.12300000339746475,0.20832524428270913,-0.51588792219159,0.4127846272997191,-1.7175836837594523
0.3139532221731702,-0.5083621179372141,0.34248903404204845,1790750301,15312979,0.12700000405311584,0.2066908140933625,-0.5151650609009525,0.4101462347633639,-1.7591886845441929
0.3093201460652678,-0.5072535752855362,0.33557736734317367,1790750301,65515332,0.12700000405311584,0.20493384969001266,-0.5144440910195792,0.4075551322572588,-1.8011448334681572
0.3060228981080457,-0.5060505941218295,0.3276901790866491,1790750301,115512045,0.1289999932050705,0.20307765914611872,-0.5137341765074128,0.40504803960323743,-1.8429105378059034
0.30159492360320905,-0.5049228899594647,0.3205282894685687,1790750301,165390487,0.12999999523162842,0.20112465709612876,-0.5130348598672313,0.40262530678610076,-1.8845633708262324
0.29535901477204973,-0.5039421450695896,0.31484764837569995,1790750301,215246735,0.1289999932050705,0.19907263200121567,-0.5123443408432469,0.4002837873685044,-1.9261948662200876
0.2910353734858907,-0.5027794784423447,0.3073336921847821,1790750301,265368375,0.13099999725818634,0.19690950163172455,-0.5116582647500654,0.3980116204972428,-1.9681301036034224
0.2843003901074259,-0.5018451408961624,0.30212854472715583,1790750301,315281402,0.12999999523162842,0.19466066265236392,-0.5109839832014085,0.3958365997882095,-2.009907579394602
0.2793585116652583,-0.5007221882580352,0.2949788306140091,1790750301,365702832,0.13199999928474426,0.1923212029979503,-0.5103192007084707,0.39375334181578836,-2.051721227773598
0.27291469335241614,-0.4997808674963566,0.28961826232964644,1790750301,415387198,0.13199999928474426,0.18993570356121245,-0.5096748273871242,0.3917975000547522,-2.0928531110949478
0.2667337878233461,-0.49877287542469145,0.28363221849630516,1790750301,465840657,0.13300000131130219,0.1874274698762192,-0.5090296333060924,0.3899068965726838,-2.1347170124141344
0.25812047426640766,-0.4981167853162654,0.28123361363589555,1790750301,515583644,0.12999999523162842,0.18487684042922076,-0.5084034485418416,0.3881427031569979,-2.1760080398448443
0.25378330108342056,-0.4968557404725405,0.27251246355915604,1790750301,565227278,0.13500000536441803,0.18226651395626778,-0.5077907716603384,0.3864895476608486,-2.2171287528633967
0.24590590105043936,-0.49609601967222994,0.2690316203517401,1790750301,615194027,0.1340000033378601,0.1795723757637993,-0.5071849524647954,0.38493200812984535,-2.258501674543502
0.2387985061216319,-0.4951957961014721,0.2640974865484253,1790750301,665244009,0.13500000536441803,0.17679860692694457,-0.506586972715002,0.38347610709499086,-2.300131478878998
0.23137059091855078,-0.4943138883152837,0.259397155666806,1790750301,715795589,0.13600000739097595,0.1739338364094341,-0.5059938740404475,0.38211878854082276,-2.3422147910300612
0.2219728598755642,-0.49391456487320345,0.2596576086478076,1790750301,765388111,0.13199999928474426,0.17108116205478058,-0.5054261739309299,0.38090742415691514,-2.3833387135268516
0.21607754380099065,-0.4926584856594568,0.2509667210047085,1790750301,815896941,0.1379999965429306,0.1681273538263732,-0.5048599733695943,0.3797918040627307,-2.4251929158884984
0.20731624059910347,-0.4921533692359788,0.2500790880794678,1790750301,865443056,0.13600000739097595,0.16519816162846104,-0.5043188146307787,0.37881941343448,-2.466085294667022
0.199042691520397,-0.49149426095955634,0.24761906249906823,1790750301,915630539,0.13600000739097595,0.1621931504387128,-0.5037826527475511,0.37795366557775767,-2.5074783608520375
0.19100472349292683,-0.49078403913162816,0.2445494112580149,1790750301,965355998,0.13699999451637268,0.15918995175685444,-0.5032650256917317,0.37721833667521376,-2.5483839539973294
0.18214434467261953,-0.49037314631942197,0.2447073844164529,1790750302,15610167,0.13500000536441803,0.15612617389556274,-0.5027539526885444,0.37659662534026406,-2.589704843522044
0.17405102942475642,-0.4896328903897652,0.2413101648721444,1790750302,65381728,0.13699999451637268,0.15306163751537444,-0.5022591763788118,0.37610267514954565,-2.630714512495746
0.1649142413720975,-0.4895680306976779,0.24514786296890026,1790750302,115356421,0.13199999928474426,0.14996337846028637,-0.5017740935013876,0.37572919218635237,-2.671906704993359
0.15669534392631437,-0.48879561263265275,0.2414225492607475,1790750302,165612007,0.13500000536441803,0.1468408664357284,-0.5013000867626604,0.3754804802029801,-2.713234886779324
0.14821773814202513,-0.4882440992200619,0.24001622614550622,1790750302,215454420,0.13600000739097595,0.14373534277059388,-0.5008420811358058,0.375357280499794,-2.7542059408880397
0.13955700141356883,-0.4878134543129478,0.2399463432180549,1790750302,265597115,0.13600000739097595,0.140590392425414,-0.5003914905098961,0.37535951509874904,-2.795645258622107
0.13085675517969667,-0.48732344389839577,0.23923035905862908,1790750302,315652809,0.13699999451637268,0.13744797669308267,-0.4999533294985821,0.3754876167962404,-2.8370526403224394
0.12252719902652846,-0.4872381187486457,0.24282928814107915,1790750302,365737087,0.1340000033378601,0.1343417575773775,-0.4995318217646504,0.3757400926941679,-2.8780643270892923
0.11393526136009641,-0.48672926134900485,0.24179221165262368,1790750302,415268849,0.13600000739097595,0.13128522897850214,-0.4991272377757801,0.3761100094848801,-2.918551924219267
0.10561958789876348,-0.4865223907490428,0.24407185983597862,1790750302,465336738,0.13500000536441803,0.12820479577998226,-0.4987295683117998,0.376608249741945,-2.9595690034568998
0.09698950902986826,-0.4861647805720898,0.24473315416477504,1790750302,515602138,0.13600000739097595,0.1251311318066303,-0.4983418410187075,0.37723134387586266,-3.000765162832952
0.08872633587022902,-0.4859332589507305,0.24668280601770026,1790750302,565278336,0.13600000739097595,0.122130526841623,-0.49797199707964723,0.37796582403661816,-3.0413265340371867
0.0807608379030402,-0.4858174115860228,0.2499322063082253,1790750302,615408920,0.13500000536441803,0.11913424606028768,-0.4976102935512344,0.37882522756905535,-3.082230331611868
0.0723474552963908,-0.48555842576489777,0.25159231732427917,1790750302,665277705,0.13600000739097595,0.11618230237201227,-0.4972613642885353,0.3798013241144199,-3.1230121081913604
0.06455589591130206,-0.4854986564871373,0.25550786082863397,1790750302,715952684,0.13500000536441803,0.11322145915211479,-0.4969178544696121,0.38091227191645977,-3.164470219728733
0.056382565160897756,-0.48530323595973673,0.25780105734915665,1790750302,765232609,0.13600000739097595,0.11038431919997273,-0.4965947353540236,0.3821083966838781,-3.2048175645911177
0.050303662269513244,-0.48554417502587494,0.2649809549995805,1790750302,815363813,0.13199999928474426,0.10754634664075977,-0.49627658630931154,0.38343807907909505,-3.2458669292754023
0.04140899625481667,-0.4852434612795389,0.26615371650445907,1790750302,865325414,0.13500000536441803,0.10477576997291978,-0.4959708432705129,0.38487429901891335,-3.2867253962670056
0.03547803106730617,-0.4854462640210175,0.27290311989697613,1790750302,915364515,0.13199999928474426,0.10205917878317029,-0.49567487357822143,0.38642107498134615,-3.327637878324304
0.02673158626174163,-0.4852116068066385,0.2747628354918698,1790750302,965247133,0.13500000536441803,0.09942007477612111,-0.4953908999155276,0.3880667060245711,-3.3683251530839433
0.0195943364037654,-0.4852354458611043,0.27954503425625465,1790750303,15763953,0.13500000536441803,0.09681542384759911,-0.49511319945795706,0.38983707878469986,-3.4095111095257886
0.012756398797942617,-0.4852847871739229,0.2845346236448886,1790750303,65813118,0.13500000536441803,0.09432050519455451,-0.4948494743124359,0.3916831875926029,-3.4500830406066805
0.006767864138440743,-0.4854263276019554,0.290549902162349,1790750303,115822922,0.1340000033378601,0.09190312246392601,-0.49459516208585763,0.39362230952050775,-3.490583028010621
0.00040431899321471954,-0.48552056541485594,0.29601404107396717,1790750303,165417814,0.1340000033378601,0.08957025837029814,-0.49435066551911777,0.39565070842940175,-3.5309668035820394
-0.0043906366552459025,-0.4857641278765422,0.3031965480844323,1790750303,215300765,0.13199999928474426,0.08730254828374456,-0.4941128843327047,0.3977833225962649,-3.571623534616825
-0.0073780117128601636,-0.4861394672374985,0.3118689416248203,1790750303,265234993,0.12800000607967377,0.08512696327104186,-0.4938842433554013,0.39999867328507077,-3.6121606543425737
-0.014442366719955704,-0.4861672324108473,0.31661704155267834,1790750303,315511097,0.12999999523162842,0.08302670447347843,-0.49366196882624097,0.4023118946476948,-3.6529452347949882
-0.017474431517988345,-0.48649979980045893,0.32483554679018123,1790750303,365497882,0.12700000405311584,0.08102413795905396,-0.49344800540527184,0.4047026569128154,-3.693638708739486
-0.023297893355303176,-0.48662549022496904,0.33067520971214187,1790750303,415392231,0.12800000607967377,0.07911883916081315,-0.4932413259138381,0.40716733463527816,-3.7342829887303033
-0.0272542692912819,-0.4868719558431646,0.33789668292167596,1790750303,465402738,0.12700000405311584,0.07731518702493247,-0.4930419876725938,0.4097030930982515,-3.7748661149339915
-0.030918239977740417,-0.48712902765833455,0.34526588598189456,1790750303,515669953,0.12600000202655792,0.0756046756099086,-0.4928480640667786,0.4123193093692064,-3.81562875611411
-0.035090264115025416,-0.48735091220765564,0.35217584017326764,1790750303,565504069,0.12600000202655792,0.07401478373843896,-0.4926622697958493,0.41497614689350737,-3.8559890395676426
-0.03632932954253967,-0.4877028896525326,0.36063220416086417,1790750303,615323344,0.12300000339746475,0.07253021081927336,-0.492481978510442,0.4176914857693751,-3.8963283463250367
-0.042583702218903466,-0.48783356945877515,0.3664278230368307,1790750303,665228220,0.12600000202655792,0.07115811243007066,-0.492307299562464,0.42045361178637486,-3.936519148176192
-0.03947675241989536,-0.4883178512715852,0.3765287915455662,1790750303,715379443,0.11900000274181366,0.06988939487481044,-0.4921364685947117,0.4232777449050147,-3.9768665116273523
-0.04608809686719628,-0.4884449117488512,0.38218218926636316,1790750303,765419043,0.12300000339746475,0.06875235066455694,-0.4919736728560218,0.42609369449598955,-4.016448245555245
-0.04967461808026813,-0.488682609855067,0.3891526437077866,1790750303,815347689,0.12399999797344208,0.06772885980989105,-0.4918154817487536,0.428934649569813,-4.055814590779148
-0.04750772175309792,-0.48896067662027726,0.39540901524184446,1790750303,865523115,0.11999999731779099,0.06709051330960902,-0.491708501237216,0.4309011740470927,-4.082772647178116
-0.04791043119679668,-0.4891457643655124,0.4002579428689804,1790750303,915603457,0.11900000274181366,0.06655246455924776,-0.4916118790518674,0.43271043778148766,-4.107388626250481
-0.04739767972851065,-0.4892233677968226,0.4021313364780859,1790750303,965572029,0.11800000071525574,0.06637345838776976,-0.49157815209885347,0.43334965307936213,-4.116046300184116
-0.04769515715764333,-0.4892621921205045,0.4032212310014588,1790750304,15900271,0.11800000071525574,0.06625485781686362,-0.4915553048115462,0.433784867733631,-4.121929941244059
-0.046771996867001175,-0.489287206370888,0.40363807197713614,1790750304,65523487,0.11699999868869781,0.06623781649204818,-0.4915519870562995,0.43384821176752947,-4.122785568237305
-0.050635580906296315,-0.4892097779578275,0.40260524650428803,1790750304,115396289,0.12099999934434891,0.06623781649204818,-0.4915519870562995,0.43384821176752947,-4.122785568237305
-0.04870379248489119,-0.4892484920922469,0.4031216582788186,1790750304,165376814,0.11900000274181366,0.06623781649204818,-0.4915519870562995,0.43384821176752947,-4.122785568237305
-0.043874310636651065,-0.48934527764462815,0.4044126906008254,1790750304,215569388,0.11400000005960464,0.06623781649204817,-0.4915519870562996,0.4338482117675294,-4.122785568237305
-0.04870379248489112,-0.48924849209224686,0.40312165827881863,1790750304,265253326,0.11900000274181366,0.06623781649204825,-0.4915519870562994,0.4338482117675295,-4.122785568237305
-0.04677199686700115,-0.48928720637088796,0.4036380719771362,1790750304,316155214,0.11699999868869781,0.06623781649204821,-0.49155198705629943,0.4338482117675295,-4.122785568237305
-0.046771996867001175,-0.489287206370888,0.40363807197713614,1790750304,371783611,0.11699999868869781,0.06623781649204818,-0.4915519870562995,0.43384821176752947,-4.122785568237305
-0.04773789467594619,-0.48926784923156735,0.4033798651279773,1790750304,418543321,0.11800000071525574,0.06623781649204818,-0.4915519870562994,0.4338482117675294,-4.122785568237305
-0.0455236242372858,-0.4891443145850277,0.40286709054288283,1790750304,466221264,0.11599999666213989,0.06635126552036663,-0.49144823478267835,0.43343995791008355,-4.1173140066544365
-0.046157417683140675,-0.4889391272494247,0.4014264389909998,1790750304,515338871,0.11699999868869781,0.0664833537370463,-0.4913300602432636,0.4329754444656492,-4.111078461036822
-0.04787439411835927,-0.48825667489858127,0.3966579687394701,1790750304,565264942,0.11999999731779099,0.06694393920604115,-0.49093722434764286,0.4314367603160598,-4.090343893798177
-0.04454801340528847,-0.4876048872575798,0.39283083271949015,1790750304,615334570,0.11800000071525574,0.0675048149258012,-0.49049350451749996,0.42970656623259335,-4.066870571819074
-0.04418422654817204,-0.48654419628020834,0.3858011113841772,1790750304,665490977,0.11999999731779099,0.06839351877966406,-0.4898521279592089,0.42721739080637766,-4.032772200565376
-0.04246845108744102,-0.4854488511549415,0.3787241242646395,1790750304,715740986,0.12099999934434891,0.06942977107267975,-0.4891756936414895,0.42461419251275995,-3.9966422337334246
-0.038664549697396286,-0.48442582027335734,0.3725229496458373,1790750304,765418295,0.11999999731779099,0.07055904102280315,-0.488504039418978,0.4220565212418418,-3.960607031829012
-0.03730788636216244,-0.48329878399517157,0.36510987312273,1790750304,815399719,0.12200000137090683,0.07179205387891514,-0.48783094453415327,0.4195218469404795,-3.924295535924481
-0.03474018774322192,-0.4822030871178041,0.35812314168202264,1790750304,865411050,0.12300000339746475,0.07312922420251373,-0.48715777301317437,0.41701831881848894,-3.887736827450376
-0.031862098597804436,-0.4811039009467766,0.351151057603942,1790750304,915777922,0.12399999797344208,0.07457194339988192,-0.4864836623931635,0.41454547666609876,-3.850876306118676
-0.030423770839543562,-0.4799300121403966,0.3432441166073299,1790750304,965681382,0.12700000405311584,0.0760918537345336,-0.4858220365773823,0.41215497786388117,-3.814407212783871
-0.025367778792079215,-0.478951413311192,0.33761173092807206,1790750305,15472016,0.12600000202655792,0.07769642954837366,-0.4851672478410559,0.4098276077900591,-3.7780294917979047
-0.019303093312547218,-0.47803930864051786,0.33276881732192354,1790750305,65341298,0.12399999797344208,0.079398736526433,-0.4845143924119804,0.40754863795558893,-3.7414292563784968
-0.015406818693132263,-0.4769843999564147,0.32629299475418905,1790750305,115360277,0.125,0.08119301591883016,-0.4838648806139444,0.40532546237897515,-3.7046858774549865
-0.012023645663197247,-0.47588836357279524,0.3193137853116336,1790750305,165426682,0.12700000405311584,0.08305984519541135,-0.4832257594305319,0.4031844799412789,-3.668159812422717
-0.007629336377734747,-0.4748623951685474,0.3131197694891449,1790750305,215352178,0.12800000607967377,0.08499791582114384,-0.48259562769451503,0.4011219900360219,-3.631783587049375
-0.003672445573901062,-0.47378497224769095,0.306348176287657,1790750305,265294767,0.12999999523162842,0.08701529890204794,-0.4819718013693096,0.3991312975491333,-3.5953642534347834
0.002600842848434093,-0.47291178366419245,0.3018926158178781,1790750305,315235162,0.1289999932050705,0.08910636788282678,-0.4813548178733988,0.3972157901186454,-3.5589411647750486
0.006500141643658461,-0.4717817221755161,0.2945931632166214,1790750305,365601830,0.13199999928474426,0.09129195958914506,-0.480738951154681,0.39536079427782456,-3.5221328923604
0.013756954593542453,-0.47101839877393514,0.2913600047426901,1790750305,415387287,0.12999999523162842,0.0935209703245019,-0.48013739803396305,0.3936074712501311,-3.4857358405238137
0.01759331772604332,-0.4698468983646922,0.28357182165190786,1790750305,465452970,0.1340000033378601,0.09582497695593412,-0.47954130804290684,0.39193153192134195,-3.44918350078631
0.024613537147122055,-0.46905075425436016,0.2799905869119973,1790750305,515582052,0.13300000131130219,0.09819312611494625,-0.478952544547288,0.39034002726004485,-3.4125941579604526
0.031194229158428732,-0.46820656268917676,0.2758531401807261,1790750305,565355306,0.13300000131130219,0.1006148745928393,-0.4783736148887547,0.3888416590038671,-3.376088298798153
0.03647912524211401,-0.4671467750565477,0.269343468776314,1790750305,615256246,0.13600000739097595,0.10310012638780126,-0.47780106518110654,0.38742873592947574,-3.3394569231386195
0.04441150093928518,-0.466497720182007,0.267400158722271,1790750305,665488903,0.1340000033378601,0.10564672098655122,-0.4772355157019266,0.3861054596472163,-3.3026997168938865
0.0503385191286456,-0.4654584021778191,0.2612234821707736,1790750305,716518672,0.13699999451637268,0.10828193389491814,-0.4766703593304317,0.3848594445745897,-3.2653810390470484
0.05776370731478922,-0.4648086002244973,0.25906345796773805,1790750305,765098235,0.13600000739097595,0.1108227290691276,-0.47614367989099865,0.3837721512885015,-3.230014478333489
0.06509427102281837,-0.4640783983194371,0.25617012952019375,1790750305,815215789,0.13600000739097595,0.1134821878116489,-0.4756095770979659,0.3827467602035878,-3.193553650395604
0.07186893687144441,-0.46320282102318244,0.2516692513110323,1790750305,865236805,0.1379999965429306,0.11617337670039979,-0.4750860161336981,0.3818226428583014,-3.157171763980487
0.07947828545557181,-0.4625195794476211,0.2492979697480732,1790750305,915453276,0.1379999965429306,0.11890837393139819,-0.4745697266433769,0.38099482286612607,-3.1206491510080263
0.08712948153883684,-0.4618661135170312,0.24722046912454487,1790750305,965226178,0.1379999965429306,0.12165888382570483,-0.4740657825129169,0.38027266752784566,-3.084319079553321
0.09514727901574702,-0.46132159536821205,0.24638061253866267,1790750306,15478706,0.13699999451637268,0.12446380077727724,-0.473566223027674,0.37964579607424714,-3.047614491477882
0.10290465525134278,-0.4607212082821118,0.2448792931813075,1790750306,65209968,0.13699999451637268,0.12726551316489215,-0.47308109566496437,0.37912824208998686,-3.0112458653427527
0.11078012014286219,-0.4601423892032884,0.24365451349251419,1790750306,115354419,0.13699999451637268,0.1301094188824631,-0.4726015849695199,0.37871059498675913,-2.974566422970256
0.11857001550687435,-0.4595009872025897,0.24173479292537808,1790750306,165329249,0.1379999965429306,0.13296054939698962,-0.47213345219880154,0.3783998301818973,-2.9379853336517767
0.12662056331589971,-0.4589719839807847,0.24108868338582573,1790750306,215857122,0.1379999965429306,0.13585419788329858,-0.47167011906610734,0.37819264541420583,-2.900994245430867
0.13450786852984953,-0.4582939978631748,0.23875660898813764,1790750306,265543587,0.14000000059604645,0.13871123923496168,-0.47122392302772015,0.37809486244657475,-2.8645596792476495
0.14250903450076483,-0.4581977805409291,0.24268922914679844,1790750306,315211366,0.13600000739097595,0.1415705472595006,-0.4707876287608822,0.37810199432734576,-2.8281280329732597
0.1505697226458825,-0.4574786772101484,0.23994908729133077,1790750306,365665544,0.13899999856948853,0.14444751260386554,-0.4703586383023421,0.37821558630241736,-2.7914575428505333
0.15864229712379083,-0.4568854601035002,0.23849827553523245,1790750306,415481835,0.14100000262260437,0.14727800101019523,-0.4699455811736905,0.3784314265433082,-2.7553122076044163
0.1665319505361158,-0.45659523801485397,0.24032229052493792,1790750306,465297671,0.14000000059604645,0.1501168956606318,-0.46953996952466853,0.3787527064979699,-2.718947948277148
0.17394858300444466,-0.45660408950364456,0.24539610492147118,1790750306,515677496,0.13600000739097595,0.1529778182499038,-0.4691392946041876,0.37918361431245484,-2.6821313786171403
0.1813208608075696,-0.4563738202719085,0.24772930503750948,1790750306,565197098,0.13500000536441803,0.1557217439830032,-0.4687624031962902,0.37969979294795414,-2.6466149056923913
0.1895398466777841,-0.4558001999789607,0.2464535270438649,1790750306,615349300,0.1379999965429306,0.15847147328915667,-0.46839137132436587,0.3803199441356222,-2.610765423651178
0.1971723292589352,-0.4556079985102403,0.24943149306276913,1790750306,665562623,0.13699999451637268,0.16130935057510623,-0.468015219417928,0.38107079618595197,-2.5734434993217996
0.2049642923582554,-0.4553518111574656,0.2517381689168663,1790750306,715395080,0.13699999451637268,0.16412307718470404,-0.4676484509768018,0.3819295138280674,-2.5360479974851726
0.21251504650484485,-0.4551276200648282,0.25428337214502517,1790750306,765320594,0.13699999451637268,0.16685012578736144,-0.46729863908422303,0.38287411757167567,-2.4993742808779293
0.2193096624892057,-0.4551032416016307,0.25898860663191636,1790750306,815990617,0.13500000536441803,0.16956975211856926,-0.4669547462978147,0.38393053154565493,-2.462304854175009
0.22646969498743286,-0.45493178257981676,0.2620083038820947,1790750306,865392829,0.13500000536441803,0.1721800204206224,-0.4666290943992888,0.3850562846864165,-2.426196867521317
0.23447229632668465,-0.4546124508893264,0.2635360103995474,1790750306,915409585,0.13699999451637268,0.1747792959506646,-0.46630860518084577,0.38629163828838836,-2.3896454936276075
0.2406108701660502,-0.4546593511224619,0.26891067316698963,1790750306,965603259,0.13500000536441803,0.1773348101147148,-0.46599691488783934,0.38762293588924884,-2.353056222478075
0.24842000070447162,-0.4543957533006896,0.27098753005958504,1790750307,15337641,0.13699999451637268,0.17981608715780475,-0.465697030451565,0.3890332105325558,-2.3168184500622764
0.25425073820681726,-0.45448408097204784,0.2768625036244944,1790750307,66055553,0.13500000536441803,0.18230675445667993,-0.4653984225379552,0.39057240556243283,-2.2796501109218408
0.26129495997574326,-0.4543536774218858,0.2803132489033206,1790750307,115251391,0.13600000739097595,0.184668834514655,-0.4651169528332004,0.3921550604479628,-2.2435586404312082
0.26781217560934567,-0.45432621297335646,0.28496264179624026,1790750307,165919506,0.13600000739097595,0.18703348576567563,-0.4648364893487404,0.39386782701714107,-2.20650196180848
0.27211600294513283,-0.45454775966454464,0.2920545430392326,1790750307,215266911,0.13300000131130219,0.1892725879886985,-0.4645715695521275,0.3956184951775129,-2.17043136235784
0.27947035119194985,-0.454412473036576,0.29557181650019365,1790750307,265502094,0.13500000536441803,0.19149934817549516,-0.46430830936839507,0.3974942208084009,-2.1334867878556363
0.28537891254395337,-0.45444951145677487,0.3008637481781338,1790750307,315623944,0.13500000536441803,0.19365270938220924,-0.46405324964022704,0.3994491087284054,-2.0965838529789007
0.2889475415396763,-0.4547138795047861,0.30846390617667213,1790750307,365874683,0.13199999928474426,0.19572583287958253,-0.4638066492136705,0.4014748430856523,-2.059807938041191
0.2964478731247049,-0.4545834599967524,0.3119370582446225,1790750307,415260727,0.13500000536441803,0.19768706027232155,-0.4635716994952762,0.40353681175873723,-2.023703096522097
0.29942465865705453,-0.45487226348959137,0.3197500087464802,1790750307,465200268,0.13199999928474426,0.199599070700837,-0.4633403401215283,0.40569850191840034,-1.9870872656528582
0.30520998719729736,-0.4549192176750903,0.3251546132896214,1790750307,515635121,0.13300000131130219,0.20144910931030546,-0.46311342733956995,0.4079527744823779,-1.9500877149533837
0.30912648389262,-0.455104920356051,0.3318765834574635,1790750307,565392966,0.13199999928474426,0.20318547729923703,-0.4628967785142021,0.41023339477336973,-1.9137195303853574
0.3136571416392992,-0.45524767621719586,0.3382325534026463,1790750307,615882532,0.13199999928474426,0.2048599786673178,-0.46268334772364894,0.4126092159364595,-1.8768410396548152
0.3178716815011118,-0.4554035258919428,0.3446291363164273,1790750307,665399818,0.13199999928474426,0.2064180303596589,-0.462479577386736,0.4149996766984283,-1.8406364103152282
0.32015396954144193,-0.45567728579116085,0.35223195321596035,1790750307,715309777,0.12999999523162842,0.20789970200315966,-0.46227972129867867,0.41746527311489107,-1.8041385918296775
0.3239160599024534,-0.4558597192763131,0.3589720860284208,1790750307,765336411,0.12999999523162842,0.2093037599280603,-0.4620832285503158,0.42000721842869937,-1.767290478245004
0.32563445885417275,-0.4561459404190695,0.3667334137783021,1790750307,815390083,0.12800000607967377,0.21061530763903036,-0.46189143135510663,0.42260456683646475,-1.7303696870295664
0.3279410885229661,-0.456390275755972,0.3740726100826292,1790750307,865367820,0.12700000405311584,0.21182839996294991,-0.4617042879035124,0.4252449254470127,-1.693500139396973
0.3299676558061464,-0.45664083255059684,0.38148121650579697,1790750307,915506373,0.12600000202655792,0.21294623696552795,-0.4615209317359908,0.4279373536155683,-1.656510763361228
0.3334236906163805,-0.4568111489830702,0.38780062573220586,1790750307,965623315,0.12700000405311584,0.21390142950875363,-0.4613537435165508,0.43049482866557953,-1.6218729034672894
0.33377018752381493,-0.4570906522876818,0.39505244650696825,1790750308,15390965,0.125,0.2147513498918126,-0.46119311171444144,0.43303515461709186,-1.587888010762256
0.33599047766434953,-0.4571915836018039,0.39886477759756533,1790750308,65374099,0.12600000202655792,0.21523214502585278,-0.4610952018098744,0.43461652404369555,-1.5669212390369494
0.3341617641372408,-0.45740170809123837,0.4033726971761353,1790750308,115935869,0.12300000339746475,0.21563456019249755,-0.46100827190148674,0.43604218536159955,-1.5481310956052412
0.3363682295210412,-0.457376666147124,0.40386367949343555,1790750308,165524507,0.125,0.21574080010440078,-0.4609844186492204,0.43643678794530205,-1.5429477583797018
0.3355658208052488,-0.4574252937634242,0.40472960511861367,1790750308,217225198,0.12399999797344208,0.2158029705886324,-0.46097025674093495,0.4366716220069383,-1.5398665916800025
0.3336524907410968,-0.45748467581041774,0.4053134985812159,1790750308,265466099,0.12200000137090683,0.21581004681449414,-0.46096863558971835,0.43669853909677037,-1.5395135879516602
0.3336524907410968,-0.45748467581041774,0.4053134985812159,1790750308,315301833,0.12200000137090683,0.21581004681449414,-0.46096863558971835,0.43669853909677037,-1.5395135879516602
0.33558433078076305,-0.4574275618133385,0.40479899060009955,1790750308,365234966,0.12399999797344208,0.21581004681449414,-0.46096863558971835,0.43669853909677037,-1.5395135879516602
0.3346184143592685,-0.45745611870549474,0.40505624363231024,1790750308,415379056,0.12300000339746475,0.21581004681449412,-0.46096863558971823,0.4366985390967703,-1.5395135879516602
0.3336524907410968,-0.45748467581041774,0.4053134985812159,1790750308,465371921,0.12200000137090683,0.21581004681449414,-0.46096863558971835,0.43669853909677037,-1.5395135879516602
0.3365502543989347,-0.45739900470841544,0.40454173565119383,1790750308,515857218,0.125,0.21581004681449412,-0.46096863558971823,0.4366985390967703,-1.5395135879516602
0.33461841435926853,-0.45745611870549485,0.4050562436323103,1790750308,565649961,0.12300000339746475,0.21581004681449414,-0.46096863558971835,0.43669853909677037,-1.5395135879516602
0.3336524907410967,-0.4574846758104175,0.40531349858121585,1790750308,615875551,0.12200000137090683,0.2158100468144941,-0.4609686355897181,0.4366985390967703,-1.5395135879516602
0.33432330385505776,-0.45729441701101375,0.4039756814365087,1790750308,665137427,0.12300000339746475,0.21569624458572065,-0.46086795195134894,0.43628437210814885,-1.5451818638370143
0.3339620835507989,-0.4571011670246433,0.40268492722890004,1790750308,715416351,0.12300000339746475,0.2155569235975877,-0.4607475667992851,0.43578965047067186,-1.5519644010594547
0.33274045359961557,-0.4564809191399824,0.39854981964054026,1790750308,765431717,0.12300000339746475,0.21508557943963164,-0.46036059206597163,0.4342048271452657,-1.5737835923847263
0.33124190838815126,-0.45577942010295697,0.39388304996741996,1790750308,815906319,0.12300000339746475,0.2145070723138513,-0.4599220495971257,0.43241637973992597,-1.5985858118838645
0.32982625121736703,-0.4547442389051478,0.3869074586332833,1790750308,865430438,0.12399999797344208,0.21359816251765118,-0.4592965202169895,0.4298761405944801,-1.6341776155502985
0.3316283272627018,-0.4534753504446145,0.3779149515498149,1790750308,916115377,0.1289999932050705,0.21251563580828997,-0.4586262192094032,0.4271758237747587,-1.672546315058937
0.3248649741851183,-0.45258403972618794,0.3725045639503279,1790750308,965235380,0.125,0.2113401889134977,-0.45796632737409954,0.4245444919739866,-1.7105427835348934
0.32318821563838346,-0.4514152572916566,0.36453946415953536,1790750309,15956393,0.12700000405311584,0.21001518260907084,-0.45728730035739257,0.42186646246462456,-1.7499211900627953
0.3203869454246429,-0.4503239879262498,0.35723624551932387,1790750309,65859627,0.12800000607967377,0.2086216594876018,-0.4566301889900648,0.4193068041115478,-1.788306251742399
0.314657175416885,-0.4493809650594191,0.3514557523948712,1790750309,116675835,0.12600000202655792,0.2071030991235376,-0.4559676395303271,0.4167607055208914,-1.8273325694606484
0.3146239123712729,-0.4480898778651016,0.3421797244614501,1790750309,166770201,0.13099999725818634,0.20550324585148275,-0.4553176614428545,0.4143007239309163,-1.8659347963078043
0.3101349530296918,-0.44709166651744425,0.33575914319765987,1790750309,216101215,0.13099999725818634,0.2038331963357409,-0.45468322240555975,0.41193856354608804,-1.9039692862777418
0.30617777685331365,-0.446046603528643,0.32888035921956327,1790750309,265642251,0.13199999928474426,0.2020680807290054,-0.45405280170661794,0.40963351256239977,-1.942112477949139
0.3026792396332686,-0.44494709889612477,0.3214609213238564,1790750309,315396566,0.1340000033378601,0.20020656952908827,-0.45342643166438956,0.4073879467120972,-1.980410859797022
0.29730405570841273,-0.4439765186133456,0.31539096322453614,1790750309,365571489,0.1340000033378601,0.19823586175177332,-0.4527993482331609,0.4051888001595977,-2.0191557032708203
0.2917118370432188,-0.44302902351815193,0.3095480354496181,1790750309,415576558,0.1340000033378601,0.1961851860701002,-0.4521813571287567,0.40307286978727785,-2.057792174643241
0.2852365238669315,-0.442176959249825,0.30467088056860275,1790750309,465329364,0.13300000131130219,0.19406255254078872,-0.4515732826749541,0.40104523611776555,-2.0962546728154132
0.2799036136831905,-0.44120301834819003,0.2985560763739554,1790750309,515203922,0.1340000033378601,0.1918556829509916,-0.4509715097835651,0.3990953192764233,-2.1348151085078495
0.2748835154665625,-0.4401645978169841,0.29180760995314253,1790750309,565420623,0.13600000739097595,0.1895552543122903,-0.4503726572953132,0.39721579455197115,-2.1736819001301106
0.26838686496387576,-0.4393007448666941,0.2868363859141945,1790750309,615333681,0.13600000739097595,0.18719542545308485,-0.44978571301666775,0.39543665112291826,-2.2123214495770473
0.26115722270325226,-0.4385422469137324,0.28295215890861236,1790750309,665111543,0.13500000536441803,0.18477535841955922,-0.44920882236428744,0.3937539478160935,-2.250828933390381
0.2558542614215643,-0.43747785264082406,0.2759423549153129,1790750309,715566238,0.1379999965429306,0.18225625485163238,-0.448633111260865,0.3921443027470989,-2.289854594999759
0.24831431482491623,-0.4367732967561126,0.27260694690836096,1790750309,765343887,0.13699999451637268,0.1797236430043136,-0.44807666781443045,0.39066012153489316,-2.328146231049296
0.24109260483152795,-0.4360074264393856,0.2686685428070015,1790750309,815571662,0.13699999451637268,0.17711286004207383,-0.44752492548548023,0.3892626470156471,-2.366745727721431
0.23333922177916908,-0.4353579128379678,0.2659297428490688,1790750309,865402988,0.13600000739097595,0.17446682926144588,-0.4469857695152965,0.38797414607460035,-2.405079123443578
0.22667746257591492,-0.4344738161104349,0.26074885826092387,1790750309,915464103,0.1379999965429306,0.1717581504966317,-0.446453530209979,0.3867820072998983,-2.44359662686745
0.21974169125421036,-0.4336110654808781,0.2557942175738655,1790750309,965147780,0.14000000059604645,0.16900206218182515,-0.4459301138888237,0.3856931446472346,-2.4821374040328195
0.21081525448211844,-0.4332089626290792,0.25575417452600885,1790750310,15385055,0.13699999451637268,0.16616814851886297,-0.4454100723143718,0.3846989974117666,-2.521166603894964
0.20350616304834993,-0.432395546164244,0.2513468051657617,1790750310,65553022,0.13899999856948853,0.1633172798372038,-0.4449034008894467,0.3838209793988246,-2.5599045493196515
0.1954717968859262,-0.43179058934434433,0.24913535911672438,1790750310,115651370,0.13899999856948853,0.16043964485230783,-0.4444081097915469,0.38305528334002914,-2.5985449428541476
0.18758111039250994,-0.43112324943764074,0.24626303903189617,1790750310,165404064,0.14000000059604645,0.15753709954348066,-0.4439230966657074,0.3824009157963535,-2.6371275368717964
0.17897006638337815,-0.4307568788425387,0.24661988667799817,1790750310,215380299,0.1379999965429306,0.15459309406182278,-0.4434457176352272,0.3818558125127265,-2.6759223414323445
0.17084344996496884,-0.4301425689480913,0.2443583766103858,1790750310,265705435,0.13899999856948853,0.15161967259375467,-0.4429767809886402,0.3814230656706906,-2.7148293943282455
0.1626911659838189,-0.4295630512136219,0.24241758644131878,1790750310,315487658,0.14000000059604645,0.1486639769932299,-0.44252357177057805,0.38110883722091204,-2.753288236357919
0.15433622440490646,-0.42910298454333773,0.24177824569501072,1790750310,365585644,0.14000000059604645,0.14568581290605215,-0.44207846146968804,0.3809069901956611,-2.791886025850363
0.14602466313957382,-0.428769630014328,0.2424572226159894,1790750310,415185568,0.13899999856948853,0.14273110245299334,-0.44164821707717156,0.38082012969583645,-2.830080966661784
0.13763942347962482,-0.42818241322269285,0.24046629822584786,1790750310,465182460,0.14100000262260437,0.13973898762845227,-0.4412226927019512,0.38084629566516337,-2.868720403714641
0.12910071337532922,-0.4278057084414218,0.2407968188622089,1790750310,515800934,0.14100000262260437,0.13670874882199813,-0.4408021765015701,0.38099029358260456,-2.907866699204337
0.12069988367287893,-0.42746344374014766,0.24144747643862538,1790750310,565416784,0.14100000262260437,0.1337279167941159,-0.4403973863336688,0.3812472769447559,-2.946451975048061
0.11191154540196485,-0.4269629782131811,0.24046697768277372,1790750310,615900636,0.14300000667572021,0.13070233463213254,-0.43999567371881504,0.381626663844301,-2.985750147944884
0.10405375145756304,-0.4269532931780513,0.24471491381148622,1790750310,665467189,0.14000000059604645,0.12776083619919815,-0.43961264223409,0.3821111116534327,-3.024149066888038
0.0962023585524705,-0.42687608905965047,0.24827889659836513,1790750310,715486785,0.1379999965429306,0.12481383803569615,-0.4392365697590062,0.38271327019571066,-3.06286699429102
0.08762788792889747,-0.42646975524668296,0.24825336961508052,1790750310,765309240,0.14000000059604645,0.12190519796356844,-0.4388716734375177,0.38342458921773076,-3.1013917321672526
0.07951990692559482,-0.42627030860134196,0.2504957403899132,1790750310,815307002,0.14000000059604645,0.11901455166932141,-0.43851547889793546,0.3842501010959001,-3.140044380581232
0.07176224297780473,-0.42618325102188537,0.2540126156115232,1790750310,865689945,0.13899999856948853,0.11613543347958831,-0.43816587601417356,0.38519354511465037,-3.1789810732612143
0.06394115461668973,-0.4260387310179435,0.256840136640059,1790750310,915344879,0.13899999856948853,0.11333414523443636,-0.4378309319038617,0.3862320841422864,-3.2173526465174334
0.05573572857830117,-0.425835446672814,0.25909339561574485,1790750310,965486171,0.14000000059604645,0.1105358341405026,-0.43750026391348135,0.38739335912316913,-3.2562478302931623
0.048036036079276596,-0.4257444427544328,0.2625689321312047,1790750311,15447072,0.14000000059604645,0.10779062881038995,-0.4371799455612503,0.3886586545116868,-3.295031127815002
0.04001481935516085,-0.425599070509394,0.2654554924508986,1790750311,65298203,0.14100000262260437,0.10509578540837254,-0.43686813035757194,0.390028671294875,-3.3338036813994703
0.034019807416489786,-0.42579539205681405,0.27215063260768035,1790750311,115397058,0.1379999965429306,0.10244016530781841,-0.4365636920398314,0.3915101625470493,-3.3727831899862735
0.025730620038241475,-0.4256242410477327,0.2747971375891676,1790750311,165367968,0.14000000059604645,0.09983872165784428,-0.43626681796314465,0.3930964401984018,-3.4118263051586566
0.018613402459795966,-0.42563415429808044,0.2794507519334686,1790750311,215264645,0.14000000059604645,0.0973010535211441,-0.4359787850016234,0.39478176403753296,-3.4508413021318933
0.011712782911065991,-0.42566715765833607,0.28435531220060706,1790750311,265226027,0.14000000059604645,0.09484107392125364,-0.4356996116215277,0.39655619128849573,-3.489675257230024
0.0061340099644309615,-0.42586331068225824,0.29117709842084694,1790750311,316176309,0.1379999965429306,0.09240605720988844,-0.4354234839170417,0.3984605360878388,-3.529233520261479
0.0004968241574440507,-0.426001708326366,0.2971832866377838,1790750311,365221412,0.13699999451637268,0.09014233563387579,-0.4351654788974073,0.40037585458013325,-3.5671673493706897
-0.004425763605244409,-0.42622380237794283,0.3043144082376587,1790750311,416189981,0.13500000536441803,0.08786809532840606,-0.4349050822259796,0.4024545143703117,-3.606564332809033
-0.00956977536994591,-0.42639079542724456,0.3107279065031522,1790750311,465589486,0.1340000033378601,0.08573151317721382,-0.43465765744003426,0.4045645959602031,-3.644950663013042
-0.014553683150062918,-0.426574266319704,0.3174328217575591,1790750311,515992567,0.13300000131130219,0.0836330445382566,-0.43441191938212276,0.40680249250294864,-3.6841504902383426
-0.019145159784478533,-0.4267671482917926,0.32418003219662017,1790750311,565398470,0.13199999928474426,0.08166029822865542,-0.4341764476450674,0.40907621426052887,-3.7226058286521506
-0.023521731756810146,-0.42697382498202757,0.33116075863977756,1790750311,615514048,0.13099999725818634,0.07974801361965712,-0.43394376536939466,0.41145882152127544,-3.7616188949640628
-0.025957317013895698,-0.42728994305332796,0.3394141829624958,1790750311,665435614,0.12800000607967377,0.0779364720339783,-0.43371703786792326,0.4139042803306466,-3.8004735926760964
-0.03051237322400384,-0.4274620836568071,0.34602040314211346,1790750311,715435839,0.12800000607967377,0.07621701896891951,-0.4334954636152347,0.41642236848970104,-3.8393881665972587
-0.03653750211116591,-0.42756067990168684,0.351799878713172,1790750311,765270062,0.12999999523162842,0.07458838706658101,-0.4332771354006911,0.4190186086268384,-3.878493864283722
-0.0415343382774051,-0.4277285353676988,0.35842734050972247,1790750311,815486076,0.13099999725818634,0.07304713539199387,-0.43306165639698124,0.4217016875508471,-3.917961798888917
-0.045383053966090214,-0.4279517931502705,0.3657148137367494,1790750311,865867121,0.13099999725818634,0.07161535550073866,-0.4328502493538432,0.4244376933553339,-3.957341258794471
-0.04341470108494143,-0.428386570758102,0.3754790891891891,1790750311,915290135,0.125,0.07031615970908901,-0.4326470225838504,0.4271718338763243,-3.9959320465628316
-0.048404082219360725,-0.42854788785091874,0.3819809744696733,1790750311,965239720,0.12700000405311584,0.06911287879433425,-0.4324462547051328,0.4299764705028126,-4.034828662390864
-0.05129605712341305,-0.42878767529246214,0.3894525350799394,1790750312,15384206,0.12700000405311584,0.06801417899973927,-0.4322482534661858,0.4328356306867841,-4.073856500246965
-0.05242089213200876,-0.42900652478813234,0.39573402837968097,1790750312,65129797,0.12600000202655792,0.06722537613704246,-0.43209344646499376,0.43511983692214656,-4.104639188712349
-0.053278069235631484,-0.42921720298403554,0.40179914126977956,1790750312,115481683,0.125,0.06653093321331506,-0.4319456551897519,0.43734289572466856,-4.134301335531851
-0.05407148915024455,-0.42930648789150977,0.4045320050379276,1790750312,165295479,0.125,0.06622572861959501,-0.43187644774080153,0.43839902001133246,-4.148300766218666
-0.054692732732586596,-0.42938022109633495,0.406777899912084,1790750312,216247640,0.125,0.06598662894952709,-0.43182001045775253,0.4392669610230103,-4.159764533882641
-0.051882892983375214,-0.429449035386526,0.40787839628993083,1790750312,265902592,0.12200000137090683,0.06595284690398379,-0.4318118577340671,0.43939277095061385,-4.161423365738126
-0.05382008706717488,-0.42941096529261635,0.4073821279456182,1790750312,315450199,0.12399999797344208,0.06595073722447065,-0.4318113441752874,0.43940067455743426,-4.161527617035381
-0.053820962430643035,-0.4294110717993102,0.4073853905284198,1790750312,365195356,0.12399999797344208,0.0659503992378738,-0.4318112618823287,0.4394019410772899,-4.161544322967529
-0.054786862481849274,-0.4293917153881298,0.4071271920126495,1790750312,415162376,0.125,0.06595039923787377,-0.43181126188232877,0.4394019410772899,-4.161544322967529
-0.054786862481849274,-0.4293917153881298,0.4071271920126495,1790750312,465292065,0.125,0.06595039923787377,-0.43181126188232877,0.4394019410772899,-4.161544322967529
-0.05382096243064306,-0.42941107179931026,0.4073853905284198,1790750312,516124391,0.12399999797344208,0.06595039923787377,-0.43181126188232877,0.4394019410772899,-4.161544322967529
-0.05671866258426171,-0.429353002565769,0.4066107949811089,1790750312,571171776,0.12700000405311584,0.06595039923787377,-0.43181126188232877,0.4394019410772899,-4.161544322967529
-0.054786862481849274,-0.4293917153881298,0.4071271920126495,1790750312,617080749,0.125,0.06595039923787377,-0.43181126188232877,0.4394019410772899,-4.161544322967529
-0.05347566875047553,-0.42922137027358886,0.4061269846778265,1790750312,665541899,0.12399999797344208,0.06608347996888259,-0.43169504689834376,0.43892165465439714,-4.154987659516925
-0.05498436811624767,-0.42895777943179425,0.40411015341183293,1790750312,715310389,0.12600000202655792,0.06624361219189673,-0.43155880355684834,0.43835941580683424,-4.147296806767245
-0.052578318101013766,-0.4282511145952451,0.3995675277322381,1790750312,765373151,0.125,0.06679707858562023,-0.43111384490370086,0.43653128621388904,-4.122168345931768
-0.0507972163059376,-0.4274308854541003,0.39416077974559477,1790750312,815399098,0.125,0.06747941052641922,-0.430611147537299,0.4344785857156818,-4.093711745764564
-0.05170373678537209,-0.42614648767202495,0.3850557713892228,1790750312,865195810,0.1289999932050705,0.06856006745832055,-0.42989379019956003,0.4315699988847982,-4.0528953882311285
-0.04554111153316996,-0.42499617041847154,0.3780680028868119,1790750312,915400333,0.12600000202655792,0.06984161518619798,-0.42913361503664366,0.4285230168847072,-4.009417163251155
-0.044438785151932336,-0.42363599606819974,0.36867226934148534,1790750312,965611088,0.1289999932050705,0.07128551805339811,-0.4283621372623603,0.425474976002012,-3.965060687477111
-0.0410696703434595,-0.42233868715875256,0.36011279068396435,1790750313,16025576,0.12999999523162842,0.07287733956300994,-0.4275897703347863,0.4224706596266788,-3.9203525472938097
-0.03738004702239134,-0.4210706211717402,0.35180976090240373,1790750313,65512266,0.13099999725818634,0.07457341154902614,-0.42683551862356434,0.419590203162046,-3.8764142169025835
-0.03243165887655754,-0.41985050115024464,0.3441322285390621,1790750313,115390395,0.13099999725818634,0.07641098987490197,-0.4260813245509698,0.41676454871513946,-3.8321190027003045
-0.026399182138210797,-0.41871212970481414,0.337350456524007,1790750313,165160968,0.12999999523162842,0.07835260414821107,-0.4253409988908015,0.4140519566615029,-3.7883013321007355
-0.020821712352659602,-0.417534311527392,0.3301766827827507,1790750313,215517446,0.12999999523162842,0.08043406524874308,-0.4246003338872614,0.4114006791789421,-3.744038379942551
-0.016415614655146876,-0.41625872208161185,0.32192167282167183,1790750313,265496984,0.13199999928474426,0.08263910191624844,-0.42386458117465037,0.4088372286421915,-3.6996591382983186
-0.009403093186450981,-0.41517212010202925,0.31585475582188294,1790750313,315549421,0.13099999725818634,0.0849650264659632,-0.4231346608585478,0.4063658337052738,-3.655131251449354
-0.00426664368311673,-0.4139306866727089,0.30800989934140566,1790750313,365104380,0.13300000131130219,0.08738536783105903,-0.4224171177245309,0.40401453267862775,-3.6108831467615983
0.0014178911899758312,-0.41268182339017245,0.3002198429510005,1790750313,415601878,0.13500000536441803,0.08995940601237291,-0.42169486244091475,0.401729284523782,-3.5657634936936184
0.008568195048825708,-0.41161552008688046,0.2943484062463835,1790750313,465073771,0.13500000536441803,0.09256594042670058,-0.42099987890185026,0.39961622673041597,-3.521808704677316
0.014349657607417368,-0.4103419034700045,0.2862757931488957,1790750313,515505426,0.1379999965429306,0.09531457875293066,-0.42030225956595363,0.3975837977855415,-3.4770460805494077
0.022211252745166818,-0.4093107073326336,0.28091244075691585,1790750313,565567937,0.1379999965429306,0.09814059855544051,-0.4196173480710645,0.3956839818608047,-3.432488071810003
0.02871175711032746,-0.4080864340358146,0.2733696639511882,1790750313,615266462,0.14100000262260437,0.10102994497405623,-0.41894784329476026,0.3939230141020263,-3.388231320195666
0.03902722998914157,-0.40742851290359294,0.2721655318165186,1790750313,665227130,0.13699999451637268,0.10401450554296365,-0.41828452970129015,0.39228130685404583,-3.343711108101845
0.046224747171815427,-0.4062475427094807,0.2652022104407957,1790750313,715404393,0.14000000059604645,0.10708440508286471,-0.4176298872070248,0.3907671117451901,-3.298991963345852
0.05500363875760301,-0.4053404251026338,0.2612679861499676,1790750313,765393884,0.14000000059604645,0.1102112962225922,-0.41698817936252863,0.389394659972488,-3.2544130815827614
0.06396978796466413,-0.40446687904082473,0.25771900615925475,1790750313,815481091,0.14000000059604645,0.11340432965313792,-0.41635737532355505,0.3881599596711558,-3.2097420228116604
0.07244582969160127,-0.4034567823810178,0.2526839812846199,1790750313,865355590,0.1420000046491623,0.11664506765738104,-0.41573925729683187,0.3870698789582556,-3.1651591739153466
0.08126405895282382,-0.4024745918118155,0.24799259342289579,1790750313,915415935,0.14399999380111694,0.11994636638516651,-0.4151313413026523,0.3861210988037825,-3.1203912233135287
0.09112629221123071,-0.40178505869978465,0.24656801897105882,1790750313,965676708,0.14300000667572021,0.1233169739983245,-0.41453042027477194,0.38531353303786003,-3.0752528953431786
0.10072530282424066,-0.401053921434705,0.24463304970559477,1790750314,15409206,0.14300000667572021,0.12668890637797148,-0.4139485280886882,0.3846638403160879,-3.0305534429398633
0.11083302919984665,-0.40063209591061233,0.24608153918327694,1790750314,65092592,0.14000000059604645,0.13009517120232048,-0.4133777443925636,0.384163103836724,-2.985770812314786
0.12031989331566378,-0.3995964348962556,0.24103217705214133,1790750314,115952677,0.14399999380111694,0.13360513880420735,-0.41280710226641665,0.3838081509926675,-2.939903959715413
0.1300263250298081,-0.39889263207400905,0.23940401853309307,1790750314,165348096,0.14499999582767487,0.13701692391533413,-0.4122671729879635,0.3836165421660577,-2.895508396149759
0.14000009019298973,-0.3986826242371693,0.24318250554904974,1790750314,215478784,0.14100000262260437,0.14048426071989012,-0.411733231004382,0.38357640848462204,-2.8504779914556346
0.14967218862444576,-0.3981482010382187,0.24341372723251814,1790750314,265259032,0.14100000262260437,0.14391358705885646,-0.4112177552364808,0.38368855035000393,-2.805950407924021
0.15957104543045866,-0.39746425499326093,0.24209454940951433,1790750314,315457766,0.14300000667572021,0.14736215143986442,-0.4107120492071422,0.38395518794342587,-2.7610826036112
0.1692285966866234,-0.397096422266799,0.24418838315361463,1790750314,365431313,0.1420000046491623,0.1508008262002496,-0.4102184677326373,0.3843747966110396,-2.7161750050122206
0.1788844767668385,-0.3966772749637969,0.24571764642832072,1790750314,415199126,0.1420000046491623,0.15420815521955514,-0.4097400748030957,0.3849456742661652,-2.671407503201977
0.18858392224639745,-0.39629159360716676,0.24769990374085696,1790750314,465280294,0.1420000046491623,0.1576314900990502,-0.4092682423950083,0.3856765497747528,-2.6260759471367447
0.1981960028403435,-0.3959459100478824,0.2501190741476814,1790750314,515354073,0.1420000046491623,0.1610233531669445,-0.4088097234118781,0.38656216756892114,-2.580696919361756
0.20770031605171355,-0.3956384019594475,0.2529699159027917,1790750314,565473122,0.1420000046491623,0.1643778095560405,-0.4083632243918464,0.387599929812612,-2.5352692705938953
0.21645752062068668,-0.3955451595280012,0.25814499150573766,1790750314,616054111,0.14000000059604645,0.16771368987479848,-0.40792633253702415,0.3888000552653557,-2.4894213158169465
0.2253970970521307,-0.3953170155650767,0.2617291857967301,1790750314,665245306,0.14000000059604645,0.17089779022394014,-0.4075141939890864,0.3901077453798342,-2.444927523374182
0.23480109942433422,-0.39503595572163686,0.26490208020206,1790750314,715585551,0.14100000262260437,0.17409326532255073,-0.407105649809913,0.39159020949150924,-2.3994105485129014
0.24302076333387673,-0.39496432483097166,0.2702005111170138,1790750314,765334271,0.14000000059604645,0.1771742013549967,-0.40671473403021347,0.39318895905463475,-2.354579534331009
0.2510073511019293,-0.39492434859432873,0.27586685662319826,1790750314,815405801,0.13899999856948853,0.18019952846549625,-0.40633392731089646,0.3949343726353991,-2.3094846127017554
0.2603698519902472,-0.39467367601708764,0.27938142351332496,1790750314,865388745,0.14100000262260437,0.1831576485646912,-0.4059625739314781,0.39682007628839494,-2.2642089989125562
0.267905302089685,-0.3946998681954406,0.2858001905449526,1790750314,915438867,0.14000000059604645,0.1860358565027576,-0.4056022906705874,0.39884235626357084,-2.218825458167952
0.27448222217688645,-0.39482950707763576,0.2932982668156759,1790750314,965385636,0.1379999965429306,0.18882041549279205,-0.40525265351879347,0.40098954751997373,-2.173473391821205
0.2839762611239478,-0.39461703166380957,0.29731569490083654,1790750315,15677667,0.14100000262260437,0.1915253628998786,-0.4049118575051438,0.4032772384816745,-2.127796976953416
0.2864103938000731,-0.39515394411481897,0.3089846970231147,1790750315,65278552,0.1340000033378601,0.19409785669064636,-0.40458444329403603,0.4056566271383142,-2.082627932696401
0.29326347505049605,-0.3952104813054655,0.3158305986119776,1790750315,115784252,0.1340000033378601,0.19660705630871023,-0.40426151138235256,0.4081973483929803,-2.0366133124969195
0.2996957748406852,-0.39529332006867723,0.32286330762168813,1790750315,165385849,0.1340000033378601,0.19896270338297964,-0.40395254684813636,0.41080571491660584,-1.991332830571022
0.30585619641338113,-0.3954042466979951,0.3302416797995953,1790750315,215389896,0.1340000033378601,0.20121803768252883,-0.4036505255811436,0.4135414728158136,-1.9456680105647346
0.31249077993253227,-0.39548171516545794,0.33731096588075615,1790750315,265554380,0.13500000536441803,0.20335162205976934,-0.4033560719789657,0.4163782800629805,-1.8999578159126087
0.31711665615345164,-0.39569932256610624,0.34574995005065484,1790750315,315372775,0.1340000033378601,0.2053409914114231,-0.40307225496256144,0.4192879778587315,-1.8545815969321038
0.31963482640847246,-0.3960357805062952,0.35539796587548195,1790750315,365461730,0.13099999725818634,0.20720586272705596,-0.4027942756038705,0.4222937815232757,-1.8090470318581149
0.32516625067801935,-0.39618027080815754,0.36314206458795895,1790750315,415535907,0.13199999928474426,0.20893263201940188,-0.4025239055114681,0.42537954528445354,-1.7635427356499338
0.3285596417361863,-0.3964390086311717,0.3720249336320749,1790750315,465344452,0.13099999725818634,0.21051977188950738,-0.40225904489121694,0.4285379019327728,-1.7180580610258873
0.33066819711326223,-0.39675286209180516,0.3815399399442514,1790750315,515902717,0.1289999932050705,0.21198522700817637,-0.40199631070483455,0.4318177392257041,-1.671847315616618
0.33296317763286676,-0.39701192863195245,0.38996810837887147,1790750315,565559713,0.12800000607967377,0.21319501594244755,-0.40176177962425896,0.434879442329724,-1.6295135014355908
0.3339028707116887,-0.3973074642531567,0.3986530880752145,1790750315,615209330,0.12600000202655792,0.2142621785324677,-0.40153497418428524,0.4379498238856058,-1.5877297307849103
0.33928181207463237,-0.3973222154814818,0.402424989854249,1790750315,665107653,0.12999999523162842,0.2148501093936783,-0.40139833652911655,0.439843372573804,-1.5622528930879325
0.34057997488181113,-0.3974578462188638,0.4069202744306288,1790750315,715748540,0.12999999523162842,0.21533248587722847,-0.40127791123987977,0.4415392339976864,-1.539603501994721
0.3399392554605639,-0.3975228165341677,0.40836707216671553,1790750315,765461712,0.1289999932050705,0.21545290367170433,-0.4012464031967062,0.4419867296244455,-1.5336514044133722
0.3391395238856895,-0.39757008930014975,0.40924320826333027,1790750315,815993923,0.12800000607967377,0.21551484959253117,-0.40122992185360223,0.44222118709751174,-1.5305367951087443
0.33916269326066006,-0.3975726913696698,0.4093301148977155,1790750315,865214312,0.12800000607967377,0.2155235333199795,-0.4012275974370876,0.4422542906231256,-1.530097246170044
0.3372308275633156,-0.3976297993899932,0.4098445561615333,1790750315,915487611,0.12600000202655792,0.2155235333199795,-0.4012275974370876,0.4422542906231256,-1.530097246170044
0.3381967604119879,-0.3976012453798315,0.4095873355296244,1790750315,965217191,0.12700000405311584,0.2155235333199795,-0.4012275974370876,0.4422542906231256,-1.530097246170044
0.33916269326066006,-0.3975726913696698,0.4093301148977155,1790750316,15256266,0.12800000607967377,0.2155235333199795,-0.4012275974370876,0.4422542906231256,-1.530097246170044
0.3381967604119879,-0.3976012453798315,0.4095873355296244,1790750316,65230228,0.12700000405311584,0.2155235333199795,-0.4012275974370876,0.4422542906231256,-1.530097246170044
0.34012861171584036,-0.39754413778499514,0.40907289809868486,1790750316,117441124,0.1289999932050705,0.2155235333199795,-0.4012275974370876,0.4422542906231256,-1.530097246170044
0.338196760411988,-0.39760124537983155,0.4095873355296245,1790750316,166363268,0.12700000405311584,0.21552353331997962,-0.40122759743708764,0.4422542906231257,-1.530097246170044
0.3381967604119879,-0.3976012453798315,0.4095873355296244,1790750316,216106098,0.12700000405311584,0.2155235333199795,-0.4012275974370876,0.4422542906231256,-1.530097246170044
0.3348929875610671,-0.3974678805316819,0.40887808179916424,1790750316,265560850,0.12399999797344208,0.21536768353101154,-0.4010924031611425,0.44168911698010527,-1.5377331380115762
0.3382447066245587,-0.3970896002102166,0.40604051642161704,1790750316,315378913,0.12800000607967377,0.21517795455117578,-0.4009329360066636,0.4410234388332849,-1.5467487249158103
0.3374409508157453,-0.3962073548469546,0.3999695349410075,1790750316,365687675,0.1289999932050705,0.21451638159054692,-0.4004134603527021,0.4388650000260551,-1.5761537899028142
0.3343292074437693,-0.3953001795886389,0.39390985828664105,1790750316,415410949,0.12800000607967377,0.21370284227676226,-0.3998371798246386,0.4364856402741857,-1.60890678764104
0.3326373707469293,-0.3938598772707917,0.38397456785426265,1790750316,465550598,0.12999999523162842,0.21236715770894024,-0.3989994768374392,0.43305266003717724,-1.656884886941062
0.32840002898686504,-0.3924422384746859,0.3744405722201384,1790750316,515320826,0.12999999523162842,0.21078375103245667,-0.3981272678425454,0.4295231498782448,-1.7072603145035923
0.32266533980373313,-0.39105695297242987,0.3653561257027761,1790750316,565380836,0.1289999932050705,0.20896987572676196,-0.3972389969654466,0.42598715758661254,-1.7589912629167288
0.3190585512605022,-0.38955139209947603,0.3550917477969654,1790750316,615196407,0.13099999725818634,0.20697191165424453,-0.39636089954853104,0.4225544420192021,-1.810672146176174
0.3123368722463551,-0.3882150238988917,0.3465515973450109,1790750316,665251907,0.12999999523162842,0.20477961180040732,-0.3954854402555765,0.41920540338149065,-1.8627200795905248
0.30663775282195443,-0.3867656411944606,0.3370076403685349,1790750316,716490273,0.13099999725818634,0.202351549221377,-0.39460040033194893,0.4158999946842814,-1.916020534744613
0.30454657977134764,-0.3850864864760825,0.3249125489662228,1790750316,765426270,0.13699999451637268,0.19986892568135542,-0.39376580100240816,0.41286854211652035,-1.966904584840979
0.2948467701358559,-0.3839652986361632,0.31860961017677025,1790750316,815768291,0.1340000033378601,0.19715244120490014,-0.39291996707797255,0.40988738897519417,-2.019247077369354
0.28854051033490025,-0.3825732156288945,0.3094786482087498,1790750316,865191117,0.13600000739097595,0.19433263407473142,-0.3921010519966091,0.40710087106320175,-2.0706572029944588
0.28083890592922656,-0.3812529918213347,0.3012014179491578,1790750316,915763531,0.13699999451637268,0.1912975689017696,-0.39127729193490124,0.40440442598697934,-2.1232675399863936
0.2722669352123386,-0.3800729443044209,0.2942579473395015,1790750316,965317220,0.13699999451637268,0.18819905691102504,-0.39048647899236427,0.40192943210081,-2.1746181482746456
0.264406693532669,-0.37876861091595504,0.28607702528440576,1790750317,15343488,0.13899999856948853,0.18494382082689875,-0.38970388334648837,0.39959826241884855,-2.2264223967349226
0.2560019823657291,-0.37749372700140604,0.2782331675260276,1790750317,65244134,0.14100000262260437,0.18155579741791364,-0.3889326944596277,0.39743013187403375,-2.278427866194756
0.24501030826813258,-0.37657381081183944,0.27418489370369903,1790750317,115898252,0.13899999856948853,0.17799693878075853,-0.38816577207847025,0.3954112701498315,-2.331283235877724
0.2363257945516571,-0.37530727417931914,0.2664043004811882,1790750317,165441356,0.1420000046491623,0.1744186017937558,-0.38743191714580455,0.393622592554826,-2.382923405688747
0.22468013976017445,-0.3745941998876605,0.2644861106959798,1790750317,215427512,0.13899999856948853,0.17071585510729223,-0.3867090150232914,0.39200899820426205,-2.4350155895058885
0.2142424938773703,-0.373568328262199,0.25941436667942586,1790750317,265685375,0.14000000059604645,0.1668568780471736,-0.3859889069451445,0.390564405964463,-2.488120028462713
0.20347317870960707,-0.37259248067551587,0.2548828615243487,1790750317,315900821,0.14100000262260437,0.16291474016614085,-0.38528636102646324,0.3893257088763969,-2.5413254717181872
0.19294827663841668,-0.3715974693523078,0.25001830211667425,1790750317,365320943,0.14300000667572021,0.1590118565053045,-0.3846186048748345,0.3883214883688677,-2.5931816730615616
0.18155588807275658,-0.37082696278222194,0.24761434258987075,1790750317,415481305,0.14300000667572021,0.15500543094726368,-0.3839608863934857,0.3875127885650026,-2.645725800052109
0.1701134321932922,-0.37011427028691307,0.24582055469683692,1790750317,465199985,0.14300000667572021,0.15098228567285968,-0.3833242331388503,0.38691803172431677,-2.6979773615077596
0.15823157915108887,-0.36963200020774595,0.24659836159475124,1790750317,515734861,0.14100000262260437,0.14686054206940732,-0.38269631138620036,0.3865305738573106,-2.7511191807396274
0.14697548269638624,-0.36875830873100673,0.2430435305530828,1790750317,565067879,0.14399999380111694,0.14283610390643833,-0.38210311161288013,0.38636408034968034,-2.802794439396163
0.13521273712240986,-0.36848061096677914,0.24605753735172517,1790750317,615814267,0.14100000262260437,0.1386922432642751,-0.3815128812644308,0.38641085475987236,-2.855913350612638
0.12367076393321706,-0.3679847860197464,0.2466964141658779,1790750317,665812127,0.14100000262260437,0.13459692651553534,-0.3809465225057455,0.38667360194326794,-2.9084894826598613
0.1117449655528718,-0.36718322358004934,0.24398120016536276,1790750317,715390130,0.14499999582767487,0.13054860940530444,-0.38040354362819195,0.38714769382125025,-2.960664428321154
0.10007391168353087,-0.366798424224648,0.24586706983956938,1790750317,765463195,0.14499999582767487,0.12648192808785563,-0.3798716136906269,0.38784138856236255,-3.013452236622105
0.08834013893964462,-0.3663823685567976,0.24738532979404593,1790750317,815273006,0.1459999978542328,0.12247400497265346,-0.3793611793090539,0.388744549636735,-3.0659794448292748
0.07734621958774929,-0.3662805244015359,0.25244324327252066,1790750317,865359052,0.14399999380111694,0.11846229339929558,-0.3788608027562053,0.3898739650401234,-3.119246100396884
0.06499931341065969,-0.36579833828603175,0.2533789856620635,1790750317,915618850,0.1469999998807907,0.11449332312815651,-0.37837676374489443,0.39122355820669674,-3.172783646277953
0.054608146005473486,-0.36579965392413244,0.25958009599879517,1790750317,965464635,0.14499999582767487,0.1106378524302584,-0.3779139507515818,0.3927676126824341,-3.225808038350322
0.0429522230535507,-0.3655200600801198,0.2626768972996004,1790750318,15165111,0.1469999998807907,0.10687846262517653,-0.3774702736306261,0.3945087153682323,-3.27866507463095
0.03465844644943955,-0.3658500018801489,0.2725964885895082,1790750318,65385010,0.1420000046491623,0.10318089023805173,-0.37703803034984185,0.3964653871741002,-3.332025256219205
0.024553696776468903,-0.3658229327625529,0.2785467246417248,1790750318,115320397,0.1420000046491623,0.09961075444748135,-0.3766250723415691,0.3986040159432025,-3.385074007836817
0.014731682661294626,-0.3658408248381174,0.28505896561781585,1790750318,165668306,0.1420000046491623,0.09614135504223714,-0.37622452474825424,0.4009409976131426,-3.4383881849271063
0.004183010016924171,-0.3657631568723515,0.2904038020373463,1790750318,215267920,0.14399999380111694,0.09284933766684512,-0.37584543428725115,0.4034198550472067,-3.490878799144206
-0.0036604586623326663,-0.36600757879121393,0.29948587615062194,1790750318,265331031,0.1420000046491623,0.08964368817737912,-0.3754735706202709,0.4061101346548096,-3.544179053274516
-0.011690462974472945,-0.3662180388921295,0.3082499559157864,1790750318,315728200,0.14100000262260437,0.08656002031277293,-0.3751131461672343,0.4089908132675155,-3.597895692653347
-0.019102374310232303,-0.36645627486665444,0.3172911858150814,1790750318,365229850,0.14000000059604645,0.08366921929894246,-0.37476866728440467,0.4119954826881218,-3.650967862839263
-0.024602435245725696,-0.36683893106592275,0.32813114356480805,1790750318,415719104,0.13699999451637268,0.08088387763974987,-0.37442983241060335,0.415217391090402,-3.7051539025638864
-0.032485955841930134,-0.3670197747205506,0.3365765313532109,1790750318,465439413,0.1379999965429306,0.07832415720692303,-0.37410731095166094,0.41852093154091097,-3.7583227330158024
-0.038312410488267404,-0.36733624899724165,0.3466341901338028,1790750318,515509783,0.13699999451637268,0.07592648756053472,-0.3737935593320386,0.42197857156547736,-3.8118322855061026
-0.042720404089287636,-0.3677143130334255,0.3574862068150157,1790750318,565624755,0.13500000536441803,0.0737091405331409,-0.37348659195731476,0.42557323482646325,-3.86554353077448
-0.04820624350691574,-0.3680207443729582,0.367441384827476,1790750318,615180350,0.13500000536441803,0.07170602057651683,-0.37319170481865965,0.4292419636180263,-3.9186829742690312
-0.05226838887317187,-0.3683851486250306,0.37814369841370155,1790750318,665328146,0.1340000033378601,0.06988992983526678,-0.3729028377003638,0.4330339211340793,-3.972130302941857
-0.05482600928355984,-0.3687921265298297,0.3894293205949264,1790750318,715876706,0.13199999928474426,0.06826617350108083,-0.3726192403201935,0.4369442398153218,-4.025940873029174
-0.05862757395712023,-0.3690265688279515,0.3969363780368417,1790750318,765485200,0.13300000131130219,0.06720677650502857,-0.372413963529891,0.4398693740854376,-4.065468329986494
-0.061052595734870374,-0.36928327982474374,0.40447494661584676,1790750318,815402864,0.13300000131130219,0.06631037298678225,-0.3722223012426485,0.4426722855325675,-4.102851332896125
-0.0610439947622953,-0.3694161529385048,0.4080072491959151,1790750318,865343435,0.13199999928474426,0.06595755809983775,-0.37214084216610926,0.44388456027676804,-4.118888465961921
-0.058828870306167624,-0.3695590502572979,0.4112440086089895,1790750318,915191959,0.1289999932050705,0.06570423447949507,-0.3720797040795484,0.44480217249886533,-4.130979231285771
-0.06183246368936218,-0.369514133780826,0.41086207085076304,1790750318,966515751,0.13199999928474426,0.06566424535243254,-0.37206982453674814,0.44495103445255835,-4.132936954498291
-0.06086657756730074,-0.36953349511377326,0.4111203210997764,1790750319,15329578,0.13099999725818634,0.06566424535243251,-0.37206982453674825,0.44495103445255835,-4.132936954498291
-0.05893480532317773,-0.3695722177796675,0.41163682159780324,1790750319,65209510,0.1289999932050705,0.06566424535243254,-0.37206982453674814,0.44495103445255835,-4.132936954498291
-0.05990069144523921,-0.3695528564467203,0.41137857134878986,1790750319,115408621,0.12999999523162842,0.06566424535243254,-0.37206982453674814,0.44495103445255835,-4.132936954498291
-0.06086657756730071,-0.36953349511377315,0.4111203210997764,1790750319,165718529,0.13099999725818634,0.06566424535243254,-0.37206982453674814,0.44495103445255835,-4.132936954498291
-0.05990069144523921,-0.3695528564467203,0.41137857134878986,1790750319,215510487,0.12999999523162842,0.06566424535243254,-0.37206982453674814,0.44495103445255835,-4.132936954498291
-0.05893480532317773,-0.3695722177796675,0.41163682159780324,1790750319,265496892,0.1289999932050705,0.06566424535243254,-0.37206982453674814,0.44495103445255835,-4.132936954498291
-0.05893480532317773,-0.3695722177796675,0.41163682159780324,1790750319,316398011,0.1289999932050705,0.06566424535243254,-0.37206982453674814,0.44495103445255835,-4.132936954498291
-0.06136227486679445,-0.369258728633836,0.4091554864555855,1790750319,365294237,0.13199999928474426,0.0658385243829057,-0.3719164934262725,0.44432497277139715,-4.124370132763085
-0.05885366236165633,-0.3689930336440966,0.4076538713601762,1790750319,415794851,0.12999999523162842,0.06605601961167082,-0.371731589205678,0.4435714217079076,-4.114031403746757
-0.0558728280672276,-0.36802735757770794,0.4014064101496142,1790750319,465107397,0.1289999932050705,0.06681504050658635,-0.3711323571224144,0.4411435983937535,-4.080501105272033
-0.05796809535683704,-0.36675998161388934,0.3922577366322922,1790750319,515580789,0.1340000033378601,0.06779030689792158,-0.37044445881948296,0.4383798548034941,-4.041874205946338
-0.05541263284546595,-0.36504421823757033,0.3805919273338744,1790750319,565285922,0.13600000739097595,0.06939904744057775,-0.36945125878371443,0.43443080239775905,-3.985684855249242
-0.046433374338649566,-0.3634446643921082,0.3709563625952607,1790750319,615482570,0.13199999928474426,0.07136118233374045,-0.3683990279713602,0.430318779249674,-3.9256641483148362
-0.04131263681613674,-0.3616961400894844,0.35955644938980746,1790750319,665131536,0.13300000131130219,0.07357366646776234,-0.3673532869314452,0.42632571145084003,-3.8655599332891057
-0.037053702312969644,-0.35985288010062677,0.347188668485527,1790750319,715311119,0.13600000739097595,0.07605780648782835,-0.3663053005852829,0.4224226691570432,-3.804671782693665
-0.030357202892366833,-0.35812162540008846,0.33617254440580974,1790750319,765140614,0.13699999451637268,0.07877620887720924,-0.36526968843808444,0.41868195070486836,-3.743865568863633
-0.023574940233944963,-0.35633717183095837,0.3247159713707894,1790750319,815760833,0.13899999856948853,0.08177176145296661,-0.364230903357911,0.4150529020723971,-3.682021535618253
-0.009743231762464,-0.3551609077981818,0.3200468332007143,1790750319,865244880,0.13199999928474426,0.08492444793582732,-0.3632266948456543,0.41168183367007116,-3.621421057812435
-0.006607308742593104,-0.35302649641579775,0.30461787367555265,1790750319,915357221,0.14100000262260437,0.08832351762511692,-0.3622262955928093,0.4084663336536419,-3.560025710549951
0.003639316413473037,-0.3514771326356509,0.2959542313346396,1790750319,966112274,0.14100000262260437,0.0919562615125013,-0.36123241673191836,0.40543460574097223,-3.498006885970268
0.012939951209916145,-0.3498808884857148,0.2865287173609062,1790750320,15459143,0.14300000667572021,0.09566284766301533,-0.3602855608958213,0.402708178126156,-3.437737324264542
0.023732415145464564,-0.34836438874785,0.27826739476183243,1790750320,65468983,0.14399999380111694,0.09963978151068535,-0.35933153511725097,0.4001435271534127,-3.375826682241209
0.035614509395673066,-0.34697689961707295,0.2714944056094472,1790750320,115629778,0.14399999380111694,0.10379448473106762,-0.35839413687279914,0.3978159630390212,-3.3135678980315504
0.04810406896548837,-0.34575827336466947,0.26647004618774484,1790750320,165257660,0.14300000667572021,0.1080162485833153,-0.35749343077420437,0.39578291764016715,-3.2523843480651022
0.06095678432571374,-0.34459927664263035,0.262186113132682,1790750320,215466789,0.1420000046491623,0.11240361847831132,-0.35660665821231136,0.3939929694182232,-3.1905587138160625
0.07278563733660429,-0.343165071471059,0.25492243945479753,1790750320,265502935,0.14499999582767487,0.1169007101455641,-0.3557419237162884,0.3924749091843069,-3.128706269313315
0.08567730584233832,-0.34197182175299046,0.25028733897209743,1790750320,315368430,0.1459999978542328,0.12147371602126689,-0.3549043385764372,0.3912389845827434,-3.067020917894356
0.0994464325364396,-0.34111775401041744,0.24937305589155676,1790750320,365327325,0.14399999380111694,0.12611814866919957,-0.35409051541450975,0.39028552955804124,-3.0053583409744506
0.11247260081772688,-0.33979037493731085,0.24338242785909306,1790750320,415637187,0.14800000190734863,0.13084685596776569,-0.353297306643663,0.3896149485517776,-2.9432885507257476
0.12632346268234307,-0.3389967009266624,0.243156075885206,1790750320,465318856,0.1469999998807907,0.13558382166093866,-0.3525334674979519,0.3892382502506447,-2.8816074949745953
0.14041378878807678,-0.33817226752337665,0.24278520087995292,1790750320,516058991,0.1469999998807907,0.14044511005867777,-0.35177971608432007,0.38915403747979666,-2.8185402397830557
0.15407557242413064,-0.3377173875964457,0.24626100683062505,1790750320,565471120,0.14399999380111694,0.145223328573929,-0.3510642463911704,0.3893676012064677,-2.7565716415728354
0.16822337109356242,-0.3367777947518615,0.2446463786106821,1790750320,615414959,0.1469999998807907,0.15004079483684665,-0.3503672467963272,0.3898831531505773,-2.6938399869499507
0.18169825469368958,-0.3363787759558968,0.24883364810438063,1790750320,665451299,0.14499999582767487,0.15481881853081297,-0.3496963584424758,0.39069673949289063,-2.631155513311634
0.19630656113242248,-0.335508573977383,0.2480506179969882,1790750320,715735096,0.14900000393390656,0.15956069254773525,-0.3490498008894478,0.39181214792755426,-2.568190793793398
0.20904831011998182,-0.3353524685813648,0.25488769548575463,1790750320,765874715,0.1459999978542328,0.1642338721628182,-0.3484279857689649,0.3932231442120167,-2.505158693431885
0.22243902677494573,-0.33491877412497906,0.25866576965866583,1790750320,815266501,0.1469999998807907,0.16874773079543565,-0.34784121214600006,0.39489812740302105,-2.4430235169996855
0.23493174737756037,-0.3347311600199687,0.2651584679721083,1790750320,865371703,0.1459999978542328,0.17320459558233786,-0.3472720436875787,0.396872113208739,-2.3801735341309995
0.24499058833334847,-0.334948703952269,0.2758669290201684,1790750320,915356579,0.14100000262260437,0.1775193123094195,-0.34672991747424065,0.3991139600563234,-2.3175078075700615
0.25843006849964956,-0.3345623455555982,0.2803288808919412,1790750320,965310660,0.14399999380111694,0.18171765153146363,-0.34620756513077855,0.4016367213585274,-2.254436023107793
0.2701036587597993,-0.3344965082840691,0.28825004798737824,1790750321,15800810,0.14399999380111694,0.18579916182930073,-0.3457034895698484,0.40445311843939974,-2.190605460410268
0.27930776014151526,-0.33472149419973674,0.299166353725369,1790750321,65899086,0.14100000262260437,0.1896850772644766,-0.34522332922831905,0.4075106517503626,-2.1270060109091027
0.289623112877485,-0.33477704336065595,0.3082562342897468,1790750321,115531337,0.14100000262260437,0.19334096357894734,-0.3447695652243791,0.41077890482086177,-2.063953492889732
0.2979700408015099,-0.3350267434487483,0.31941752827281844,1790750321,165371767,0.13899999856948853,0.1968160939485192,-0.3443320753734879,0.41429792369858887,-2.000400701936394
0.3055557803872422,-0.3353186676326177,0.3310444687624773,1790750321,215437819,0.13699999451637268,0.20007980245239995,-0.3439126362661356,0.4180499874340014,-1.9365176332327352
0.3155719594331642,-0.33541355972224396,0.3407223959334221,1790750321,265547290,0.13899999856948853,0.2031123701060089,-0.34350967971187163,0.42201380514619774,-1.8724371817187546
0.3224569942834561,-0.3357369175937545,0.3526718431326456,1790750321,315423590,0.1379999965429306,0.2058764723585162,-0.3431260526542741,0.4261455230228952,-1.8086284988483383
0.32766293215436676,-0.3361432737806361,0.36545731327355063,1790750321,365195528,0.13600000739097595,0.20837783640057117,-0.3427563015961739,0.43044451050857724,-1.7448104707442151
0.33296144569136443,-0.33653129437196083,0.3781594223608404,1790750321,415534695,0.13500000536441803,0.21062716542657853,-0.34239681788764037,0.4349478098566719,-1.680238024873205
0.3367938112086049,-0.3369002240463444,0.38956011634081533,1790750321,465740796,0.1340000033378601,0.21236040448327223,-0.3420938318900148,0.43901064336369566,-1.623591755298858
0.3388860623938976,-0.3373079640412639,0.40105854357834503,1790750321,515535040,0.13199999928474426,0.21381731056669817,-0.3418097198088965,0.4430292634026163,-1.5687866076519374
0.3369891218023918,-0.33762542482151847,0.40825593199828514,1790750321,565427933,0.12800000607967377,0.21452843952615686,-0.34165566326779123,0.44528484004188984,-1.5384725829160322
0.34231958350120395,-0.3376676767154202,0.41230448204246933,1790750321,615465949,0.13199999928474426,0.2150819412990975,-0.3415256418244125,0.4472286616783464,-1.5125709045301303
0.3397265850594024,-0.33779021134609094,0.414197294788228,1790750321,665282165,0.1289999932050705,0.21519344770605897,-0.34149802631030757,0.44764498612907644,-1.507048107074174
0.3407968514188069,-0.3377739647993166,0.41432970858603657,1790750321,716943412,0.12999999523162842,0.21523238783103815,-0.3414881875308101,0.4477926551634104,-1.505091356944217
0.3417754685854758,-0.3377469321771995,0.4141200637710384,1790750321,767182495,0.13099999725818634,0.21523709250788087,-0.34148699442484004,0.44781057572431315,-1.5048539638519287
0.33984358102572954,-0.3378040324810983,0.4146344237853008,1790750321,815705632,0.1289999932050705,0.21523709250788087,-0.34148699442484004,0.44781057572431315,-1.5048539638519287
0.33887765163951117,-0.3378325822076182,0.414891599960159,1790750321,865041639,0.12800000607967377,0.21523709250788087,-0.34148699442484004,0.44781057572431315,-1.5048539638519287
0.33791170785963803,-0.33786113235956755,0.4151487799672902,1790750321,915569956,0.12700000405311584,0.21523709250788087,-0.34148699442484004,0.44781057572431315,-1.5048539638519287
0.34080952480560267,-0.3377754823291489,0.4143772437781696,1790750321,965596379,0.12999999523162842,0.21523709250788087,-0.34148699442484004,0.44781057572431315,-1.5048539638519287
0.33984358102572954,-0.3378040324810983,0.4146344237853008,1790750322,15876323,0.1289999932050705,0.21523709250788087,-0.34148699442484004,0.44781057572431315,-1.5048539638519287
0.33984358102572954,-0.3378040324810983,0.4146344237853008,1790750322,68108409,0.1289999932050705,0.21523709250788087,-0.34148699442484004,0.44781057572431315,-1.5048539638519287
0.33887765163951117,-0.3378325822076182,0.414891599960159,1790750322,116741195,0.12800000607967377,0.21523709250788087,-0.34148699442484004,0.44781057572431315,-1.5048539638519287
0.3421827229400609,-0.3374186077320271,0.411835093278339,1790750322,165466815,0.13199999928474426,0.215030803005131,-0.34130472017085767,0.44706699924645854,-1.5149508500817428
0.3376582750890908,-0.33718834722046065,0.41056815072885644,1790750322,215296596,0.12800000607967377,0.21477800899763425,-0.341090377589534,0.4461942074947712,-1.52683977903283
0.3361953925819443,-0.33601293823668893,0.40261819201209753,1790750322,265696087,0.1289999932050705,0.21386966653256315,-0.34038552592835547,0.44334036619617895,-1.5660235724856295
0.33682252710038274,-0.33457974119895134,0.3926340817091115,1790750322,316128681,0.13300000131130219,0.21270443868881964,-0.33959287390567827,0.4401584857383103,-1.6103477439149438
0.329781438675147,-0.33283151777007475,0.3812078237645911,1790750322,365600272,0.13099999725818634,0.21078042794145121,-0.3384663639446771,0.43568724404961456,-1.673997151786732
0.32516572615148076,-0.33082905152198894,0.36769604261374256,1790750322,415676231,0.13300000131130219,0.2084097992192524,-0.33727942332331307,0.43106359407840944,-1.7418987956139746
0.3186319064106395,-0.32888270467507735,0.35480651683288567,1790750322,465441141,0.1340000033378601,0.20569232339117108,-0.33609431353349656,0.4265605702348245,-1.8105865148884497
0.31510150031782513,-0.32666491850206586,0.3392526922604426,1790750322,515580704,0.14000000059604645,0.20262933293776025,-0.33491589442516734,0.4222101098193328,-1.8800121493995026
0.30574499124698984,-0.32484436295446084,0.327621956494774,1790750322,565300604,0.14000000059604645,0.19929368120539812,-0.333766713615629,0.41811234502306505,-1.948907416419124
0.29695495792324256,-0.3229411322827063,0.31519658923978217,1790750322,615351026,0.1420000046491623,0.19565010312021894,-0.33263299135047764,0.41422888488878185,-2.0182701956702718
0.28313504221862423,-0.3215110537283036,0.307694005558498,1790750322,665406754,0.1379999965429306,0.19170457713078398,-0.3315133182667855,0.4105746344629342,-2.0882637106877593
0.27328904762338335,-0.3196549752332595,0.2958222731327109,1790750322,715389555,0.14100000262260437,0.18750414242873398,-0.33042059942817203,0.40720473187740447,-2.1582696840601048
0.26248886828397666,-0.31786117090596566,0.28456546297699686,1790750322,765227928,0.14399999380111694,0.18308492015548009,-0.329358075318867,0.4041431884330756,-2.228102200232137
0.24819819247102087,-0.31653956886849116,0.2782673583784325,1790750322,815374426,0.1420000046491623,0.1784254406445499,-0.3283190576679078,0.40138115966223753,-2.2983711200527193
0.23481871948150773,-0.31505293900091697,0.27031118624483363,1790750322,865355579,0.14300000667572021,0.17354841552241118,-0.3273042177705674,0.39893800277437486,-2.369078239250114
0.22152590885170148,-0.3134766280938772,0.26142137291897327,1790750322,915379372,0.1459999978542328,0.16849006403737501,-0.3263198237025089,0.3968401709671951,-2.439968006010683
0.2061898227477379,-0.3123405385325761,0.25720980418964046,1790750322,965668408,0.14499999582767487,0.16327300775637105,-0.32536499968416105,0.3950992859956628,-2.511109224061331
0.191166815465517,-0.3111305356707184,0.25218950561300413,1790750323,15788896,0.1459999978542328,0.1579577987287356,-0.3244485164067688,0.39373734900853713,-2.5819892749870768
0.17586604304591655,-0.30992460911067243,0.24723951145385206,1790750323,65395488,0.14800000190734863,0.1525410626991909,-0.3235639119123977,0.3927521063571212,-2.6530600125803647
0.15987685332519921,-0.3089061891692447,0.24434902302687517,1790750323,115315288,0.14900000393390656,0.14701289315872912,-0.32270797078783264,0.392149667562995,-2.72475184723773
0.1437446994026442,-0.3081851650170861,0.2445971659766749,1790750323,165193059,0.14800000190734863,0.14149641930986875,-0.3218939998359411,0.3919437426220418,-2.79587416011897
0.12742062286623534,-0.3072872168931874,0.24301316904645212,1790750323,215598078,0.15000000596046448,0.1359217638996457,-0.32110923849050577,0.3921328662974616,-2.8676513461100246
0.11171897171136105,-0.30713515233025285,0.24953447737868026,1790750323,265371339,0.14499999582767487,0.13035212634197202,-0.3203574187561597,0.39272308030887093,-2.93968381949686
0.09531523184395947,-0.3064437981712856,0.2503115339848864,1790750323,315522114,0.1469999998807907,0.12477468629607257,-0.31963482743409644,0.3937240064387285,-3.012479728157359
0.07938549783843502,-0.30603963086262004,0.25423458214461114,1790750323,365540619,0.1469999998807907,0.11927370864124433,-0.3189468417804037,0.39512934610064665,-3.085383939723569
0.06313153116174958,-0.3055704721791061,0.25741915127262055,1790750323,415416492,0.14900000393390656,0.11389445966556895,-0.3182963477426513,0.3969260627614835,-3.15813493779142
0.04821157673764805,-0.3054601484100696,0.2645682095561883,1790750323,465167373,0.14800000190734863,0.10864781633507471,-0.31767857569085595,0.3991125202596951,-3.2310205174860473
0.03234615867834145,-0.3052049736114339,0.2701971956854864,1790750323,515380214,0.15000000596046448,0.10351783588729163,-0.3170891080540151,0.4017014218531462,-3.3046412490517674
0.018356449353327156,-0.3052868409631862,0.27961117161530036,1790750323,565441617,0.14900000393390656,0.09856683127436074,-0.3165291929401716,0.4046747767385003,-3.3786118104696827
0.0063705568375966165,-0.3055972815191242,0.2915726107180568,1790750323,615381981,0.1459999978542328,0.09384719262705725,-0.31600180078379925,0.4080010588880167,-3.4525150688941255
-0.007185887777543448,-0.30570081835039775,0.3012704417151736,1790750323,665547803,0.1469999998807907,0.08937227609740295,-0.31550223165108476,0.4116762986764806,-3.5266142952868744
-0.017997906601600916,-0.3060840865570139,0.31418127400223284,1790750323,716108888,0.14499999582767487,0.08514513929182242,-0.3150276975054323,0.4157023195891269,-3.60127201105015
-0.02969870257205111,-0.3063424685361732,0.32546211282707754,1790750323,765420570,0.1459999978542328,0.0813326905970736,-0.3145908427033208,0.4199078296593297,-3.673856359250864
-0.03588416933844202,-0.3069898028569823,0.3413194874732939,1790750323,815390324,0.14100000262260437,0.07778666598451535,-0.31417203389110687,0.42443601708039436,-3.747370737482454
-0.04568476627706701,-0.3073633620380126,0.35398553579737346,1790750323,865186085,0.1420000046491623,0.07460910733566177,-0.3137764879739541,0.429167030244722,-3.8202053640898743
-0.054596675917053014,-0.3078032141073195,0.3674293875108828,1790750323,915175266,0.14300000667572021,0.07177113418922,-0.31339848805770415,0.43412924798765673,-3.893242626135226
-0.05660021922650152,-0.3084638102246183,0.3829575459675326,1790750323,965255178,0.1379999965429306,0.06945876566570366,-0.31306240939890934,0.43892167965536744,-3.9612215356179714
-0.06298621454017234,-0.308928845750078,0.39603484149479473,1790750324,15431851,0.13899999856948853,0.06749556049908637,-0.3127428773698649,0.4437942295533258,-4.028326034361432
-0.06389868744518233,-0.30928516699894415,0.4048071046791882,1790750324,65241742,0.13699999451637268,0.06648423500593566,-0.31255757917532384,0.44674257116210436,-4.0681364512679155
-0.06801049276080669,-0.30951585000464565,0.411462924906823,1790750324,115230783,0.13899999856948853,0.06569023525874092,-0.3123968781863298,0.4493682623407137,-4.103172353615383
-0.06664269914988484,-0.3096329100201055,0.41399590136941006,1790750324,165533790,0.13699999451637268,0.06548831268867668,-0.31235314075371223,0.4500929172122745,-4.11278032969252
-0.06497927232232059,-0.30970927352470023,0.4154987887671027,1790750324,215778686,0.13500000536441803,0.06539094729744488,-0.3123315322499149,0.4504520581973729,-4.117532846180644
-0.06598405093987152,-0.3096953448021929,0.4153850587591073,1790750324,265730383,0.13600000739097595,0.06537668322778216,-0.312328338020581,0.4505052363781409,-4.118236064910889
-0.06888170551552891,-0.30963726424337695,0.41461035127882007,1790750324,315325114,0.13899999856948853,0.06537668322778212,-0.312328338020581,0.45050523637814077,-4.118236064910889
-0.0630863819713659,-0.30975342564949904,0.41615977008741933,1790750324,365115004,0.13300000131130219,0.06537668322778212,-0.312328338020581,0.45050523637814077,-4.118236064910889
-0.06598405093987156,-0.3096953448021929,0.4153850587591072,1790750324,415286510,0.13600000739097595,0.06537668322778212,-0.312328338020581,0.45050523637814077,-4.118236064910889
-0.06791581585936038,-0.3096566245258123,0.4148685883882574,1790750324,465357450,0.1379999965429306,0.06537668322778212,-0.312328338020581,0.45050523637814077,-4.118236064910889
-0.06405227162753446,-0.30973406536706366,0.41590153297798194,1790750324,515738051,0.1340000033378601,0.06537668322778212,-0.312328338020581,0.45050523637814077,-4.118236064910889
-0.06791581585936038,-0.3096566245258123,0.4148685883882574,1790750324,569093316,0.1379999965429306,0.06537668322778212,-0.312328338020581,0.45050523637814077,-4.118236064910889
-0.06694992620319182,-0.30967598480824765,0.4151268254976948,1790750324,617970418,0.13699999451637268,0.06537668322778212,-0.312328338020581,0.45050523637814077,-4.118236064910889
-0.06635279277440473,-0.30935040326490193,0.41296853954642726,1790750324,665651636,0.13699999451637268,0.06559283631650445,-0.3121336786526355,0.44973269109935177,-4.107688179276544
-0.06560105024513446,-0.30895781636332675,0.4103700685474081,1790750324,715841632,0.13699999451637268,0.06586487370365976,-0.3118987996442521,0.44880260626113855,-4.094947863398692
-0.06110690856493722,-0.3077693457095462,0.4028452255388557,1790750324,765398150,0.13500000536441803,0.06680492330927862,-0.31115614918303125,0.4458811904659633,-4.054605056556775
-0.06055938835085385,-0.30628510319580693,0.39265028342831126,1790750324,815880743,0.1379999965429306,0.06802434019818047,-0.3103111613561199,0.4425903941006646,-4.0084871395074355
-0.05579621352443527,-0.3042341455051261,0.3791293683766547,1790750324,865609512,0.13899999856948853,0.0700622160014175,-0.30909713985350207,0.43792568293438383,-3.941620657153668
-0.05055790364737092,-0.30204852324291875,0.36466144007908635,1790750324,915542811,0.14100000262260437,0.07255977657923493,-0.3078248924048735,0.43314261351017236,-3.870783729301265
-0.04246012024833998,-0.29995381362749185,0.35143299803009886,1790750324,965520824,0.14100000262260437,0.07543025769613104,-0.30655365595786405,0.42849986256277883,-3.7991774714209883
-0.03416154586349625,-0.2978464819624941,0.33812852055481196,1790750325,15734460,0.1420000046491623,0.07865215774282984,-0.3052930300068735,0.42404486662009144,-3.7271070380342053
-0.024389449856764764,-0.2958950882597756,0.32636065502277756,1790750325,65137586,0.1420000046491623,0.08210067529507993,-0.3040843850896372,0.4199383766392979,-3.6568830300573256
-0.014291959686216063,-0.2939073234883635,0.31438136953167517,1790750325,115601530,0.14300000667572021,0.08590998793644442,-0.3028748037595001,0.41600890467579055,-3.585273535616396
-0.0021851901765713028,-0.2921421211753205,0.3047752599530258,1790750325,165386697,0.1420000046491623,0.08993538101677448,-0.3017074377165454,0.41241496639465447,-3.5147459899766975
0.006983168642231544,-0.29002668894891426,0.29125768746752145,1790750325,215279061,0.1469999998807907,0.09421689379766322,-0.3005641906754032,0.40910605706940995,-3.444089041245605
0.019952394031027984,-0.28834096572611584,0.28249592152291114,1790750325,265113515,0.1469999998807907,0.09869219591928234,-0.2994572277346869,0.40613035152729027,-3.3740011937911483
0.033763920345991905,-0.28671064171888017,0.27452421903911345,1790750325,315928028,0.1469999998807907,0.10345682488910624,-0.2983598582369691,0.4034280389042032,-3.302632928187832
0.047243345879888314,-0.2851351990517138,0.2668523057160368,1790750325,365536749,0.14800000190734863,0.10825057622930195,-0.2973267872316696,0.40114111235054056,-3.2335244947662036
0.061341249141657485,-0.2836384448584108,0.2600801048990986,1790750325,415386723,0.14900000393390656,0.1132121923180228,-0.2963211004989237,0.39918278881354585,-3.1641822338310717
0.07688704176924431,-0.2824833640184626,0.25711572282093564,1790750325,465652164,0.1469999998807907,0.11833659675844582,-0.295341137482004,0.3975636206966599,-3.0944145977374964
0.09095697723013221,-0.2809140171952906,0.24948424383715057,1790750325,515196079,0.1509999930858612,0.12348801468472419,-0.29440813700583723,0.39631965593040785,-3.0256757825630296
0.10687721037328778,-0.28005997317657344,0.24967150990203,1790750325,565279861,0.14800000190734863,0.12873555882562376,-0.29350518414496907,0.3954296639433281,-2.956732295620399
0.1222157638758875,-0.27904146262106955,0.24800190856523094,1790750325,615134983,0.14800000190734863,0.13400398975207709,-0.29264107972192577,0.3949035379298409,-2.8882042595361015
0.13774364616920945,-0.2779279341654374,0.24539054524174753,1790750325,665324035,0.15000000596046448,0.13934614974916779,-0.29180385521216473,0.3947387711619793,-2.8191180171299965
0.15330859184616172,-0.2773749333902634,0.2488281801505812,1790750325,715633301,0.1469999998807907,0.14470510114629195,-0.2909990016994542,0.3949423980605308,-2.749847286006104
0.16855326319750272,-0.2765673566064884,0.24931434822375967,1790750325,765331329,0.14800000190734863,0.1499224901317246,-0.2902459906442495,0.3954984439059086,-2.68215806506501
0.18411687960049633,-0.2757601453900046,0.24988423232511905,1790750325,815528075,0.15000000596046448,0.15513544828287112,-0.28952035119082037,0.3964131890648719,-2.613921005781378
0.1988982867700426,-0.2753278169780598,0.25440646975417797,1790750325,865814730,0.14900000393390656,0.16025743780512966,-0.2888311112527617,0.3976738666290628,-2.5459908398990594
0.21366478446266488,-0.2748164223396373,0.2579234530983132,1790750325,915257125,0.15000000596046448,0.16519640161888116,-0.28818598411980856,0.3992460361148077,-2.479276229079867
0.22603338282441834,-0.2749198905233164,0.26799642515673067,1790750325,965471149,0.14499999582767487,0.17006551230600808,-0.2875669217976184,0.4011604175105461,-2.4120008074452355
0.24080146349843046,-0.2744135129267667,0.2715264412510341,1790750326,15127648,0.14800000190734863,0.17474001767897132,-0.2869858270803031,0.40336658254966384,-2.3455633183881885
0.2531181862344147,-0.2744168167172735,0.28050960841651895,1790750326,65374126,0.1459999978542328,0.17931868866019768,-0.2864275554033481,0.4059104684113529,-2.27829921937463
0.26744043402792117,-0.2740960766447949,0.28606675708921114,1790750326,115363369,0.14900000393390656,0.1836973306198481,-0.28590094611684025,0.4087400584250639,-2.2113730350942773
0.2765651913836198,-0.27448218346263237,0.2989299734196513,1790750326,165264046,0.14399999380111694,0.18787144953294943,-0.28540369273218236,0.4118464868555677,-2.1446282512672474
0.2899238116225177,-0.27433102483233135,0.30625290200620425,1790750326,215308725,0.1469999998807907,0.1918421013282228,-0.2849316164953829,0.4152327420092604,-2.0777030294917447
0.29790783320888287,-0.2747529078772511,0.3194584737552306,1790750326,265600204,0.14300000667572021,0.19558454017362184,-0.28448497790698446,0.418877950844041,-2.0107470821561164
0.3084951340566105,-0.2748870472084226,0.32960043095022196,1790750326,315313046,0.14399999380111694,0.19903557191969462,-0.28406729510215534,0.42271501369710424,-1.9446180384990726
0.3209053798797815,-0.27491752270280256,0.33877286944875507,1790750326,365806961,0.14800000190734863,0.20225395092930853,-0.2836689925473213,0.426802698189623,-1.8779876239915183
0.32511040996429563,-0.27552636545649606,0.3535765229605009,1790750326,415340940,0.14300000667572021,0.20513785078635544,-0.28329879930199453,0.4310050462944055,-1.8127204508509156
0.3282254587852951,-0.27614014121218006,0.3684344512910454,1790750326,465368786,0.1379999965429306,0.20776497770059033,-0.2829439388685042,0.4354193740732816,-1.7469664102705729
0.33654996423645434,-0.2764413764980785,0.3802302096528032,1790750326,515600699,0.14000000059604645,0.21010617715983373,-0.2826044777889545,0.4400130254035993,-1.6809746922046775
0.3415988496952096,-0.27682665511336774,0.3917184402602689,1790750326,565274911,0.14000000059604645,0.21190216871343057,-0.2823218018217353,0.4441452890293601,-1.6233123434039325
0.3431403658840162,-0.2773438329475363,0.40444977218559364,1790750326,616194683,0.13699999451637268,0.21345914767411148,-0.2820494231994661,0.448377412248112,-1.5656036216619023
0.344212080505972,-0.2775983670668865,0.41102730298193174,1790750326,665434881,0.13600000739097595,0.2141890620103524,-0.2819076475455256,0.4506687809234729,-1.5348322946804664
0.3429534576038483,-0.2778873529487739,0.41743886853230844,1790750326,715945954,0.13300000131130219,0.21477894469999576,-0.28178342449209726,0.45272505870914437,-1.5074605998430717
0.3452049702154077,-0.27787133908054573,0.4180962607557961,1790750326,765181929,0.13500000536441803,0.21489653207097922,-0.2817573093947219,0.4531620793184633,-1.501670273848481
0.34243183155268264,-0.27797368423881585,0.4193322301480363,1790750326,815670817,0.13199999928474426,0.21494165909082458,-0.2817471092860141,0.4533324801505194,-1.4994148863800347
0.34341624507435753,-0.2779475532135638,0.4191442103084461,1790750326,865394373,0.13300000131130219,0.21494846345963484,-0.2817455647102916,0.4533583089297605,-1.4990731477737427
0.34341624507435753,-0.2779475532135638,0.4191442103084461,1790750326,915569053,0.13300000131130219,0.21494846345963484,-0.2817455647102916,0.4533583089297605,-1.4990731477737427
0.3424503199563462,-0.2779761097485726,0.4194014596890539,1790750326,965250848,0.13199999928474426,0.21494846345963484,-0.2817455647102916,0.4533583089297605,-1.4990731477737427
0.34438217019236883,-0.27791899667855496,0.41888696092783834,1790750327,15771274,0.1340000033378601,0.21494846345963484,-0.2817455647102916,0.4533583089297605,-1.4990731477737427
0.34534809531038013,-0.2778904401435462,0.41862971154723055,1790750327,65279372,0.13500000536441803,0.21494846345963484,-0.2817455647102916,0.4533583089297605,-1.4990731477737427
0.34438217019236883,-0.27791899667855496,0.41888696092783834,1790750327,115747907,0.1340000033378601,0.21494846345963484,-0.2817455647102916,0.4533583089297605,-1.4990731477737427
0.3424503199563462,-0.2779761097485726,0.4194014596890539,1790750327,168200752,0.13199999928474426,0.21494846345963484,-0.2817455647102916,0.4533583089297605,-1.4990731477737427
0.3492117813890486,-0.2777762144290356,0.41760071785810615,1790750327,215784236,0.13899999856948853,0.21494846345963484,-0.2817455647102916,0.4533583089297605,-1.4990731477737427
0.34579470606709645,-0.2775807978465722,0.4164855283609431,1790750327,265296575,0.13600000739097595,0.21476030995875597,-0.2815750320816636,0.45267993593646866,-1.5083170957217964
0.34514788820205805,-0.2772440111425372,0.4142264605263346,1790750327,315603071,0.13600000739097595,0.21452589747076883,-0.281370540692797,0.4518677849133874,-1.5194157876287684
0.34193410007989755,-0.27619361848071644,0.4072861330548593,1790750327,365722732,0.13500000536441803,0.2137049841267508,-0.2807108837407107,0.44926100154587656,-1.5552942663026508
0.33908575084620507,-0.27498785004009907,0.3992645681996027,1790750327,415786559,0.13500000536441803,0.21266653600845603,-0.2799722933293366,0.4463638133453195,-1.5956834022331743
0.3362405792969638,-0.2731917293630153,0.3871207185794087,1790750327,465330833,0.13699999451637268,0.21096135764935411,-0.2789185056798876,0.44226887497535483,-1.6538664810569805
0.33219134072487866,-0.2712775205887101,0.3742076495646163,1790750327,515915666,0.13899999856948853,0.2088550500077533,-0.2777964612337333,0.43797803773440247,-1.716514988398906
0.3290648944532939,-0.2692993240690908,0.3605654165658826,1790750327,565731342,0.14300000667572021,0.20650714163472444,-0.27670082167644217,0.4338717393933633,-1.7784738654343366
0.321683560177299,-0.26755710846239134,0.34922317785082924,1790750327,615377238,0.14300000667572021,0.20390998359959253,-0.2756236060174105,0.42992830895502865,-1.8402651665393084
0.31589835783871467,-0.265666679628096,0.33642223197058524,1790750327,665352444,0.1459999978542328,0.20104546050686903,-0.2745550783721598,0.42612065846560815,-1.9025812124760546
0.3069314990031349,-0.2639936376134473,0.32581787722879313,1790750327,715457651,0.1459999978542328,0.19793331300845976,-0.27350212610614805,0.42248733191790555,-1.965080677819991
0.298809466257112,-0.26225447849352845,0.31446336585827506,1790750327,765167261,0.14800000190734863,0.1946270549057082,-0.2724789262418604,0.41908404449220343,-2.0270262611598393
0.2870603360421859,-0.2608211630304911,0.3063643054357653,1790750327,815872734,0.1459999978542328,0.19103829294546065,-0.2714569518751239,0.41582958124786473,-2.090200869319165
0.27581531215846194,-0.2594304337272232,0.29853051168780054,1790750327,865410980,0.14499999582767487,0.18734889148208209,-0.2704842600979647,0.4128830548396737,-2.1517263834381795
0.26784526235309447,-0.2575280922700338,0.2855111039038221,1790750327,915953295,0.1509999930858612,0.18340122687085847,-0.2695158101333032,0.41011647057731515,-2.214464343012427
0.25596847451539856,-0.25618335263948516,0.27811411405816533,1790750327,965305835,0.1509999930858612,0.17937131105658458,-0.2685918773659712,0.4076513711547476,-2.275900526246514
0.24517728104163133,-0.2545428510018077,0.26776278169689527,1790750328,15756833,0.1550000011920929,0.17509499326413971,-0.2676721900561428,0.4053894279737626,-2.338735062545173
0.23191947690721165,-0.253429993884114,0.26273044273055557,1790750328,65320015,0.15399999916553497,0.17080629618071674,-0.2668039413495535,0.40345114630208834,-2.399818524026266
0.22028724763500912,-0.2518497881610864,0.2528531358737949,1790750328,115645928,0.1589999943971634,0.16634138266414686,-0.2659500096405137,0.40175587468364543,-2.4617279664493443
0.20566388248507778,-0.2510660977919499,0.2513011036317169,1790750328,165752550,0.15600000321865082,0.16182392329480075,-0.26513168130683623,0.4003521631475743,-2.5230049946260333
0.19213979560153444,-0.250011634792041,0.24682995753114295,1790750328,215529976,0.15700000524520874,0.15725867847634725,-0.2643459435069483,0.39923349065541236,-2.5838171923465127
0.1783322384295614,-0.2489352384748253,0.24217005622718987,1790750328,265637580,0.1589999943971634,0.1525866731763771,-0.26358025647541755,0.3983868528140305,-2.6452065637991375
0.16379206961071974,-0.24831233070448222,0.2423137339337096,1790750328,315515728,0.15700000524520874,0.147885515341863,-0.2628449028762847,0.3978283233597787,-2.7063458133904925
0.14967823367972521,-0.247407147308667,0.23937540742023625,1790750328,365284949,0.1589999943971634,0.1431923675299704,-0.26214264447335006,0.3975582032037698,-2.7670172378657374
0.13526389408124156,-0.24685735276629336,0.24028121461153581,1790750328,415389748,0.15800000727176666,0.13845944162314744,-0.26146351886847136,0.3975721891955256,-2.828037121497578
0.12100461396642477,-0.24638925145317556,0.2420569578094456,1790750328,465353092,0.15700000524520874,0.1337384670652321,-0.2608127079221366,0.3978735632651593,-2.8889912956378865
0.10667031907188598,-0.24581893726457726,0.2427130975692204,1790750328,515242259,0.15800000727176666,0.12904513976790336,-0.2601895777680957,0.39845921915244964,-2.94987474059164
0.09227972006331475,-0.24532953045210573,0.24426016794752667,1790750328,565334057,0.1589999943971634,0.12437406178057102,-0.25959107447916163,0.39933292445233093,-3.011015013211752
0.07828023788214986,-0.24501249320316143,0.24763492000214518,1790750328,615168733,0.1589999943971634,0.1197837461408093,-0.25902196350492374,0.40048187536071755,-3.0718434898787246
0.06450962018388098,-0.24477339210362978,0.2518518775295615,1790750328,665387024,0.1589999943971634,0.11526944901870624,-0.25847908666186525,0.4019071737760906,-3.1326698997522398
0.051509791061718754,-0.2446955292391475,0.2577692699236155,1790750328,715241820,0.15800000727176666,0.11088359320748205,-0.2579658792673311,0.403586455902373,-3.1929675949490948
0.04054469831586065,-0.2450108776999954,0.2680868301879574,1790750328,765638761,0.15299999713897705,0.1065633948917606,-0.25747261149396866,0.40554677350889146,-3.2538554546095058
0.026824465103160833,-0.24474068971673885,0.2718265534604283,1790750328,815186767,0.15600000321865082,0.10243654675668556,-0.2570111378573353,0.4077244938961417,-3.3137048862374514
0.015138810703450814,-0.24485820842362196,0.27996113069569994,1790750328,865645644,0.1550000011920929,0.09837802987938611,-0.2565650978803369,0.4101885529222712,-3.374582180193329
0.0024420284787881053,-0.2448164174580928,0.28620003487513135,1790750328,915304641,0.15700000524520874,0.09453411516091331,-0.2561479886000553,0.4128477538162246,-3.4344812528465942
-0.00751803852369734,-0.24512606383731703,0.29642189946388614,1790750328,965280689,0.1550000011920929,0.09082138326111439,-0.25574831999899594,0.4157597650666083,-3.494931707816786
-0.01686084732119722,-0.2454822756539652,0.30724461343530673,1790750329,15760252,0.15299999713897705,0.08725077243702825,-0.2553647383564137,0.41892319995385274,-3.5560226138870727
-0.027461021029980395,-0.2456926692753477,0.3163130785383069,1790750329,65745409,0.15399999916553497,0.08392823496463525,-0.2550062482415232,0.4222455600479533,-3.6161787753262034
-0.03597965365729598,-0.24607406849117003,0.32729176007630867,1790750329,115600363,0.15299999713897705,0.08081817545012633,-0.2546665100086792,0.4257470097539594,-3.676119748719921
-0.04293406170989855,-0.2465430667939866,0.3392401300669815,1790750329,165397898,0.1509999930858612,0.07793998408766088,-0.2543453849643701,0.42940435132812116,-3.7356731230165625
-0.051661042342827354,-0.2468988066823254,0.3499253029146653,1790750329,215635041,0.15199999511241913,0.07526064738929751,-0.25403670296333963,0.4332555712833628,-3.7956953031220286
-0.05710623621370295,-0.24742566362242924,0.362558940337704,1790750329,265588365,0.15000000596046448,0.07283515251050782,-0.253744017670623,0.4372269769175191,-3.855217153345702
-0.06350627144611559,-0.24789191565528534,0.3744609156996011,1790750329,315422475,0.15000000596046448,0.07065235042770196,-0.253464211489527,0.44132208144020957,-3.9145671958668222
-0.06622910377137357,-0.24846699182448664,0.387425002900571,1790750329,365171464,0.1469999998807907,0.06878351521743194,-0.2532065870574536,0.4453743680029063,-3.9716353763084276
-0.07099214771850808,-0.2489583755576428,0.39941419639336306,1790750329,415595960,0.1469999998807907,0.06713558507652077,-0.2529563213879662,0.4495514662332276,-4.029063542680124
-0.07555282173437224,-0.2492320933682486,0.40652383213664506,1790750329,465306365,0.14900000393390656,0.06621511063963297,-0.2528012054027525,0.45224161819402997,-4.065426155333212
-0.073889998967696,-0.24961932516433086,0.4147556933515789,1790750329,515264653,0.14499999582767487,0.06546552967725482,-0.2526629740174085,0.4547028037323209,-4.098332967356406
-0.0745353689303357,-0.2497149951270707,0.41704138923791345,1790750329,565364229,0.14499999582767487,0.06523964530961217,-0.2526185694650923,0.4555058330829982,-4.109003008190755
-0.07394468017927938,-0.24979201124617925,0.4186730533755795,1790750329,615266238,0.14399999380111694,0.06510837252584586,-0.25259205513716276,0.4559880168931276,-4.1153954285162575
-0.07400228792742444,-0.24980094411736603,0.41888702456680804,1790750329,665513038,0.14399999380111694,0.06508811051906732,-0.2525879134259243,0.45606352355193347,-4.116395473480225
-0.07400228792742444,-0.24980094411736603,0.41888702456680804,1790750329,715292879,0.14399999380111694,0.06508811051906732,-0.2525879134259243,0.45606352355193347,-4.116395473480225
-0.07207048723291722,-0.249839651816143,0.41940336205207623,1790750329,765497836,0.1420000046491623,0.06508811051906734,-0.25258791342592424,0.45606352355193347,-4.116395473480225
-0.07496819547123548,-0.24978159012377932,0.41862885390065646,1790750329,815261093,0.14499999582767487,0.06508811051906732,-0.2525879134259243,0.45606352355193347,-4.116395473480225
-0.07303639477672827,-0.24982029782255635,0.41914519138592465,1790750329,865200769,0.14300000667572021,0.06508811051906732,-0.2525879134259243,0.45606352355193347,-4.116395473480225
-0.07400228792742444,-0.24980094411736603,0.41888702456680804,1790750329,916188569,0.14399999380111694,0.06508811051906732,-0.2525879134259243,0.45606352355193347,-4.116395473480225
-0.07496819547123548,-0.24978159012377932,0.41862885390065646,1790750329,968348391,0.14499999582767487,0.06508811051906732,-0.2525879134259243,0.45606352355193347,-4.116395473480225
-0.07690001055885753,-0.2497428821366059,0.41811251256835336,1790750330,15717777,0.1469999998807907,0.06508811051906732,-0.2525879134259243,0.45606352355193347,-4.116395473480225
-0.07351730237337449,-0.24953642836750642,0.4171260955637692,1790750330,65634259,0.14399999380111694,0.06525812264138443,-0.2524320854478715,0.455453563478669,-4.108066463379639
-0.0738906771982247,-0.2492055667862896,0.41479009278075707,1790750330,115509331,0.14499999582767487,0.0654640901402988,-0.25224944582871983,0.4547398413460081,-4.0982963375318375
-0.06895301172264905,-0.24825892851348758,0.4089488731235458,1790750330,165504952,0.1420000046491623,0.06619027520975089,-0.25164996707871995,0.4524091328434123,-4.066193343535282
-0.06636866229296941,-0.2471228403086314,0.40148351922704867,1790750330,215703242,0.1420000046491623,0.06710313443226769,-0.2509738136583989,0.44979967391218983,-4.029851924855501
-0.06678370919959707,-0.24534750772787864,0.3889830488477513,1790750330,265234968,0.1469999998807907,0.06858187411741153,-0.25000885279273466,0.4461094935155654,-3.977616125944744
-0.06334947392930441,-0.24353541696384431,0.3767650263992586,1790750330,315526685,0.14900000393390656,0.07038543841028393,-0.2489803084927379,0.442235077186358,-3.9214945195567523
-0.05743801854584049,-0.2418140251059936,0.3656447274651732,1790750330,365439703,0.14900000393390656,0.07240664088965346,-0.24796147930173137,0.4384703712679989,-3.8654084605164143
-0.049239632144495935,-0.24021862816771816,0.35597031033065907,1790750330,415162626,0.1469999998807907,0.07463265466201197,-0.24695570837921946,0.43483264783407394,-3.8094660227531394
-0.04450703674256036,-0.23839656965653885,0.3437856002984907,1790750330,465466036,0.15000000596046448,0.0771044033354197,-0.24594615634502462,0.4312708171704417,-3.7526277719756242
-0.037365103586730786,-0.23668246106340834,0.3329315567954614,1790750330,516117303,0.1509999930858612,0.07979910673164536,-0.24494213534943482,0.4278279398302758,-3.69535021160652
-0.03127995248247298,-0.2349259144355539,0.32137120042974565,1790750330,565489491,0.15399999916553497,0.08261393257213083,-0.24397865997464244,0.42462927753927726,-3.6395685383307597
-0.01997505803352842,-0.2335215733430933,0.31405804010976995,1790750330,616270417,0.1509999930858612,0.08569309340905905,-0.2430032074735857,0.42150727601608995,-3.58220370292445
-0.012632947957913337,-0.23183420543166386,0.3032747589483436,1790750330,665385102,0.15399999916553497,0.08885225209596045,-0.24207297268256656,0.41865205982764064,-3.5265427676469434
-0.0030552888392858246,-0.2302741897607098,0.29415983705833015,1790750330,715828551,0.1550000011920929,0.09226185570587267,-0.24113426879467278,0.41590424558981975,-3.46934666511993
0.007888025714001115,-0.22895084082699718,0.2874366455590166,1790750330,765187044,0.15399999916553497,0.09571791245862554,-0.2402418998113713,0.4134303863734816,-3.4138832668966868
0.01879613305547756,-0.22758925668253235,0.28040239812963796,1790750330,815413445,0.15399999916553497,0.09936712389312065,-0.23935369499226114,0.41111549299653255,-3.3575330343352343
0.028059423771098588,-0.2259821448998251,0.2705552293318484,1790750330,865067136,0.15800000727176666,0.10310262575493001,-0.2384948940237402,0.4090324882708315,-3.3018169912165196
0.04080997274404359,-0.22488227694373014,0.2664530190527531,1790750330,915554050,0.15600000321865082,0.10701678502465693,-0.23764172072567047,0.4071294406955934,-3.2451637142731378
0.05123082228880337,-0.22336908054553573,0.25765878318150975,1790750330,965269815,0.1599999964237213,0.11096958537631323,-0.2368234824590175,0.4054771112383367,-3.1894520848720522
0.06493590138379479,-0.22258765765820931,0.2569135582267953,1790750331,15110258,0.15600000321865082,0.11502020765023792,-0.23602420857306944,0.40404282917428747,-3.133615657240137
0.07808646325009394,-0.22169520386234778,0.2550320512743437,1790750331,65418807,0.15399999916553497,0.11920606509372071,-0.23523617630490865,0.40282183492841156,-3.0770150095312045
0.09057173637187452,-0.22060738752348052,0.25100226241953333,1790750331,115653522,0.1550000011920929,0.1234543058840087,-0.2344709608302908,0.401838393127647,-3.0204512944971182
0.10331571128531193,-0.21968630217287874,0.24868097003488124,1790750331,165418797,0.1550000011920929,0.1277006809515226,-0.23373820917252128,0.4011044509477648,-2.964610090893388
0.11618372248653225,-0.21883072082717567,0.2470693100082408,1790750331,215255555,0.1550000011920929,0.13198752782989653,-0.23302725962808424,0.40060659665969933,-2.9087229767877023
0.12905605335101464,-0.21776171733660035,0.24318946776744566,1790750331,265322953,0.15800000727176666,0.13632267821405303,-0.23233582730127303,0.40034796667767264,-2.8525403258566295
0.14217941567936776,-0.21740942830169055,0.2470003165203064,1790750331,315198627,0.15399999916553497,0.14065198137876256,-0.23166985050337524,0.40033102788000696,-2.7965658576157297
0.15548872015233606,-0.21638006958767408,0.2435877023682717,1790750331,365419463,0.15800000727176666,0.14501719109508,-0.23102179467068404,0.4005589394267689,-2.740105608161979
0.1683283728806991,-0.21606892513921225,0.24786415498621453,1790750331,415574483,0.1550000011920929,0.14936084401042066,-0.2303976758694678,0.4010304702145119,-2.6837006008488773
0.18067799611690094,-0.2157420550287055,0.25180463139610454,1790750331,465187237,0.15299999713897705,0.15359380043186666,-0.22980844569712475,0.40172988651406377,-2.628364023169706
0.1933379333192443,-0.21528914576195038,0.2545044769334114,1790750331,515639298,0.15299999713897705,0.15784793441343442,-0.22923289597236024,0.4026767784349481,-2.5721770053169517
0.2053876831801054,-0.2149978931823366,0.25881470144876817,1790750331,565274664,0.15199999511241913,0.16199375901736146,-0.22868738284251977,0.4038442285554136,-2.516697478399713
0.21892739584773924,-0.21432210132509721,0.2591197469304627,1790750331,615311015,0.15600000321865082,0.16610620079766147,-0.22815925025505457,0.405251385076317,-2.460730203871583
0.2302459389449745,-0.2142473098352676,0.265736093996757,1790750331,665183967,0.15399999916553497,0.17012044561649456,-0.22765566649710794,0.4068783653637028,-2.4050014889063234
0.24330898592433292,-0.21380216039441147,0.2684678377112192,1790750331,715171300,0.15700000524520874,0.1740481113711344,-0.22717244027038178,0.4087289104262098,-2.3491555760994514
0.2549861145082104,-0.21368046366074842,0.274661706825212,1790750331,765377191,0.15700000524520874,0.17790563484645294,-0.22670643399891785,0.41081575707292994,-2.2927837972567695
0.2668856603422017,-0.2135401943538624,0.2806929442397394,1790750331,815752436,0.15800000727176666,0.18165753911845015,-0.2262593516894814,0.41312554100964194,-2.236166569254164
0.2776805083861722,-0.21354388070940353,0.2880717095174935,1790750331,865254282,0.15800000727176666,0.18520840389820092,-0.22584120317317563,0.41559303341928666,-2.1806382638310504
0.28577012279773645,-0.21390577908021635,0.2993214305149488,1790750331,915947437,0.15399999916553497,0.18869785902324446,-0.2254327675927281,0.41831766526425773,-2.123792895743456
0.29422017332734596,-0.21415434294895155,0.30924121399051246,1790750331,966017447,0.15199999511241913,0.19197550721308926,-0.22505045597165904,0.4211845098431717,-2.0679135209861106
0.30618070265351904,-0.21402907768529725,0.3152274226903154,1790750332,15467413,0.15600000321865082,0.19504982739488824,-0.22469053308563802,0.42418733704975425,-2.0127704203761834
0.31121816509751976,-0.21456441905544646,0.327969840014473,1790750332,65230594,0.1509999930858612,0.19796488179702507,-0.22434671034129616,0.4273629912412391,-1.9574851098871933
0.31931900957439113,-0.21480427254219484,0.3377095674833679,1790750332,115184278,0.1509999930858612,0.2007100488799671,-0.22401756305997617,0.43070433955553156,-1.9020253801172515
0.32607257254087696,-0.2151458097222308,0.3484826928560316,1790750332,165055831,0.15000000596046448,0.20327671126602037,-0.22370290753102876,0.43420290236928594,-1.8464020594548065
0.33395718359519655,-0.21541742843794637,0.35863135271165986,1790750332,215418140,0.1509999930858612,0.2056708520218129,-0.22339911993402356,0.4378772210218466,-1.7901825529589444
0.3412199692291626,-0.21573178387677733,0.3691245203597535,1790750332,265182118,0.15199999511241913,0.20783494069380656,-0.22311188628358453,0.4416363591535859,-1.7345981233956946
0.34981800657377315,-0.21600881135789685,0.37940206904972523,1790750332,315818263,0.1550000011920929,0.20982095857055527,-0.22283176713255204,0.44557815381174937,-1.6780333513985857
0.3519627407420417,-0.21654919063508193,0.3916448507825391,1790750332,365170829,0.15199999511241913,0.21145757056013037,-0.2225841066009794,0.44931525441917164,-1.6257508687990179
0.3562911383064717,-0.2169886232466122,0.40299605782713466,1790750332,415665019,0.15199999511241913,0.21291561985359647,-0.2223421378403704,0.45318369678374526,-1.572767167011401
0.36246718908386194,-0.21714030468555773,0.40888942125200334,1790750332,465165105,0.15600000321865082,0.21371039400552996,-0.22219678060302586,0.45559968750620355,-1.540170598456882
0.36251910510413315,-0.2174723020374171,0.4160430162988045,1790750332,515574201,0.15399999916553497,0.214363353791028,-0.22206711443262334,0.4578133502080154,-1.5105898688927049
0.3621006543513079,-0.21758209847730023,0.4182691871342875,1790750332,566046215,0.15299999713897705,0.21454521019771605,-0.22202886010387032,0.4584763548559722,-1.5017784704372688
0.36336844724794737,-0.21759925100831523,0.41912737456370247,1790750332,615973315,0.15399999916553497,0.21464623784210213,-0.2220071170308256,0.4588548825343302,-1.4967571619506048
0.3634121366563373,-0.21760599217744378,0.4192906697258723,1790750332,665208778,0.15399999916553497,0.21466078528358778,-0.2220039569540003,0.4589100224917838,-1.4960262775421143
0.3614802969987787,-0.2176631087191726,0.41980520782030734,1790750332,715543429,0.15199999511241913,0.2146607852835877,-0.22200395695400033,0.4589100224917837,-1.4960262775421143
0.36244621682755807,-0.21763455044830818,0.4195479387730899,1790750332,765355129,0.15299999713897705,0.21466078528358778,-0.2220039569540003,0.4589100224917838,-1.4960262775421143
0.3595484717345181,-0.2177202248353509,0.4203197420811427,1790750332,815360860,0.15000000596046448,0.2146607852835877,-0.22200395695400033,0.4589100224917837,-1.4960262775421143
0.3634121366563373,-0.21760599217744378,0.4192906697258723,1790750332,865193718,0.15399999916553497,0.21466078528358778,-0.2220039569540003,0.4589100224917838,-1.4960262775421143
0.3634121366563373,-0.21760599217744375,0.4192906697258723,1790750332,915521249,0.15399999916553497,0.21466078528358778,-0.2220039569540003,0.4589100224917838,-1.4960262775421143
