x,y,z,stamp_sec,stamp_nanosec,raw_range,ox,oy,oz,j7
0.1392642984659901,-0.20138069936420872,0.24095428279519465,1790749882,869035258,0.15700000524520874,0.13928883395651395,-0.2184916077378633,0.3970190701741344,-2.7923471927642822
0.13926398591367636,-0.20116272719870495,0.2389662071816143,1790749882,915911667,0.1589999943971634,0.13928883395651395,-0.2184916077378633,0.3970190701741344,-2.7923471927642822
0.13926429846599,-0.20138069936420866,0.24095428279519465,1790749882,967861698,0.15700000524520874,0.13928883395651395,-0.2184916077378633,0.3970190701741344,-2.7923471927642822
0.13926414218866875,-0.20127171246944275,0.23996023758220558,1790749883,16206383,0.15800000727176666,0.1392888339565138,-0.21849160773786327,0.3970190701741345,-2.7923471927642822
0.13926445474331112,-0.2014896862589745,0.2419483280081839,1790749883,67612848,0.15600000321865082,0.1392888339565138,-0.21849160773786327,0.3970190701741345,-2.7923471927642822
0.1392642984659901,-0.20138069936420872,0.24095428279519465,1790749883,117911623,0.15700000524520874,0.13928883395651395,-0.2184916077378633,0.3970190701741344,-2.7923471927642822
0.13926398591367636,-0.20116272719870495,0.2389662071816143,1790749883,166046556,0.1589999943971634,0.13928883395651395,-0.2184916077378633,0.3970190701741344,-2.7923471927642822
0.13926398591367625,-0.20116272719870487,0.23896620718161438,1790749883,215600458,0.1589999943971634,0.1392888339565138,-0.21849160773786327,0.3970190701741345,-2.7923471927642822
0.137739608638622,-0.20127122282204496,0.23995589763370961,1790749883,265406250,0.15800000727176666,0.1387732199867294,-0.2184923067510433,0.3970112006762041,-2.7987830906058666
0.1358278725203244,-0.20116291335239742,0.23896992189494692,1790749883,315574283,0.1589999943971634,0.1381315493994804,-0.2184936025218083,0.39700579916352063,-2.8067928000473934
0.1290792816805606,-0.20128608526898237,0.2401127111578818,1790749883,365677215,0.15800000727176666,0.13584416223380405,-0.21850206565646085,0.3970262182510464,-2.835355810966228
0.12137469016906455,-0.20110599469976712,0.23851956201275476,1790749883,415262525,0.1599999964237213,0.13328862217532308,-0.21851866243792273,0.3971223869623176,-2.8673076886928706
0.10942224607232622,-0.20088294404078724,0.23661562122179777,1790749883,465324651,0.16300000250339508,0.12940256049692406,-0.2185584905320338,0.3974178690538377,-2.9160454225145322
0.0972320457309303,-0.20115995373101794,0.23933599280529985,1790749883,515151072,0.16200000047683716,0.12530562036024195,-0.21861987521475354,0.39792674191699773,-2.9677351928924196
0.08390991315187785,-0.20107842184811564,0.23887919597390248,1790749883,565035161,0.16500000655651093,0.12109678045546787,-0.21870423260216332,0.39866489576914804,-3.0213091787249966
0.07146834283058823,-0.20160670625057672,0.24402992174892696,1790749883,615957346,0.16300000250339508,0.11682210745165553,-0.21881282732986507,0.3996447868750084,-3.0763773232167315
0.05892786418000466,-0.20186983629013175,0.24682972513697968,1790749883,665422877,0.164000004529953,0.11277119105850862,-0.21893804705473865,0.40079587017469287,-3.1293436970136566
0.047546311003888286,-0.2025097199847357,0.25308828781409765,1790749883,715362169,0.16200000047683716,0.10875947351599838,-0.21908464070143094,0.40215948185572503,-3.182727473314375
0.03712494597285716,-0.20330110106626298,0.26074674616727367,1790749883,765090146,0.1589999943971634,0.10485826982562683,-0.21925014523538372,0.40371115799149393,-3.235722288100882
0.025250741681383193,-0.20375384888561696,0.26542219195099503,1790749883,815403106,0.1599999964237213,0.10100633627357868,-0.2194374201414242,0.4054761613207983,-3.2893091546558684
0.015240398807262662,-0.20455350368893122,0.27323544964015867,1790749883,865115592,0.15800000727176666,0.09728558991785331,-0.2196427392749805,0.40741780273822326,-3.342497963745272
0.004890154431268945,-0.2053272374301483,0.2808727289481323,1790749883,916207574,0.15700000524520874,0.09357544950499422,-0.21987369905769036,0.40960625425836494,-3.3972085442678805
-0.0045703926539390205,-0.20612378569247286,0.2887121565218029,1790749883,965307983,0.15600000321865082,0.09013506322936034,-0.22011381003186742,0.41188340661344824,-3.449728456682943
-0.01052432697326007,-0.2074160103424622,0.3009385763944498,1790749884,15481369,0.15000000596046448,0.08675213280561267,-0.22037721375216357,0.4143815108029051,-3.5033868847167082
-0.018994141032229822,-0.20830328937306117,0.3096176913712595,1790749884,65374587,0.14900000393390656,0.0835189002383692,-0.22065766540383863,0.41703950914887294,-3.5569224317726613
-0.030010870746029428,-0.20893313029938543,0.3161152100508209,1790749884,116178448,0.15199999511241913,0.08037947084769123,-0.22096090083576095,0.41990973655834635,-3.611467649247576
-0.03743841248658053,-0.20990536571792429,0.3255656174173882,1790749884,165334320,0.1509999930858612,0.07750191887451156,-0.22127009216523866,0.42283103332309535,-3.6641821652525812
-0.04448528705584136,-0.21093556133468386,0.3355448850814289,1790749884,215582633,0.15000000596046448,0.07472779118071185,-0.22160176077909202,0.4259576936591793,-3.718057374357201
-0.05082297545458381,-0.21198311195474118,0.3456514556850607,1790749884,265100340,0.14900000393390656,0.07217546481321158,-0.22194204715366683,0.42915717090083105,-3.770949303061414
-0.05589655221159874,-0.21315148322545718,0.35679678105825924,1790749884,315942479,0.1469999998807907,0.0697398379846257,-0.22230550753089234,0.4325641966300604,-3.8252188722137537
-0.059219124378962124,-0.2143610278181554,0.3682038736986697,1790749884,365111416,0.14399999380111694,0.06757072997770924,-0.22266932596867606,0.43596302974992107,-3.8776071136042543
-0.06738955537941324,-0.2152798636113653,0.3772729109973116,1790749884,415239968,0.1469999998807907,0.06554970912138608,-0.22305236994440872,0.4395283530424998,-3.93100113588031
-0.06647697681036002,-0.21661536353048585,0.3895367673720381,1790749884,465151446,0.14100000262260437,0.06384579404894947,-0.22341908206411148,0.4429285790030508,-3.9806812625242207
-0.07235632498175223,-0.21756490131109557,0.39872172969748343,1790749884,515374638,0.14300000667572021,0.06232630844403075,-0.2237922362765995,0.44637475123840575,-4.0300028407081525
-0.07358202001955942,-0.2182436912489069,0.4050688279956895,1790749884,565229679,0.1420000046491623,0.061499596161518275,-0.22401979730328536,0.4484692299422001,-4.059548048676586
-0.07535087133312648,-0.21881263810287438,0.41043987214082017,1790749884,615421084,0.1420000046491623,0.060820706297727324,-0.22422356618533934,0.4503400553881796,-4.08569844818706
-0.07484349494322212,-0.21900476968075278,0.4121723001697234,1790749884,665593673,0.14100000262260437,0.060645897926430374,-0.22427897429998295,0.4508479763114781,-4.09276224580976
-0.07603338861220899,-0.21904702349546806,0.4126482735158532,1790749884,715479512,0.1420000046491623,0.060557519663058335,-0.224307499593495,0.45110932508912305,-4.096391324960403
-0.07703009932456259,-0.21902218126352407,0.4124923407637798,1790749884,765896732,0.14300000667572021,0.060544137263174896,-0.22431184979317076,0.4511491738389778,-4.096944332122803
-0.07606803982129362,-0.21905917202577943,0.41276266880301676,1790749884,815564023,0.1420000046491623,0.06054413726317492,-0.22431184979317068,0.4511491738389779,-4.096944332122803
-0.07414392081475576,-0.21913315355029028,0.4133033248814905,1790749884,865308723,0.14000000059604645,0.06054413726317492,-0.22431184979317068,0.4511491738389779,-4.096944332122803
-0.07606803982129362,-0.21905917202577943,0.41276266880301676,1790749884,915459515,0.1420000046491623,0.06054413726317492,-0.22431184979317068,0.4511491738389779,-4.096944332122803
-0.07414392081475576,-0.21913315355029028,0.4133033248814905,1790749884,965222798,0.14000000059604645,0.06054413726317492,-0.22431184979317068,0.4511491738389779,-4.096944332122803
-0.07414392081475576,-0.21913315355029028,0.4133033248814905,1790749885,15308054,0.14000000059604645,0.06054413726317492,-0.22431184979317068,0.4511491738389779,-4.096944332122803
-0.07703009932456256,-0.219022181263524,0.4124923407637799,1790749885,65355004,0.14300000667572021,0.06054413726317492,-0.22431184979317068,0.4511491738389779,-4.096944332122803
-0.07703009932456256,-0.219022181263524,0.4124923407637799,1790749885,116109559,0.14300000667572021,0.06054413726317492,-0.22431184979317068,0.4511491738389779,-4.096944332122803
-0.0751059803180247,-0.21909616278803484,0.41303299684225364,1790749885,166998170,0.14100000262260437,0.06054413726317492,-0.22431184979317068,0.4511491738389779,-4.096944332122803
-0.07318186131148685,-0.21917014431254572,0.41357365292072745,1790749885,215542068,0.13899999856948853,0.06054413726317492,-0.22431184979317068,0.4511491738389779,-4.096944332122803
-0.07461064671479331,-0.21899640457617411,0.41131514740579517,1790749885,266058881,0.14100000262260437,0.060720097873577135,-0.2243352667499999,0.45053359790324066,-4.088766466137723
-0.07306386731086609,-0.21892073985649652,0.4096227920827106,1790749885,315344486,0.14000000059604645,0.06092953439159506,-0.22436257588122546,0.4498242210097507,-4.079319150538146
-0.07195493093347913,-0.21851212978109216,0.4028791460011244,1790749885,365483103,0.14100000262260437,0.06166303525765545,-0.22445478435128208,0.4475101297139965,-4.048315332409471
-0.07032688988832828,-0.21806102571395738,0.39534040238459706,1790749885,415351247,0.1420000046491623,0.06257280920143365,-0.2245625638547609,0.44493275364985285,-4.013411499398101
-0.06430186054959519,-0.21758935149296804,0.3857976568387434,1790749885,465319614,0.14000000059604645,0.06405242919898113,-0.224725890046778,0.4412435429575666,-3.962653575209526
-0.060229725274967796,-0.21696736726982105,0.37473281971468553,1790749885,515476583,0.14100000262260437,0.06582066309738523,-0.22491046537068154,0.4374162108427469,-3.908820365808241
-0.05636024349928784,-0.2163057094465813,0.3632723443798558,1790749885,565341348,0.14300000667572021,0.067807205447073,-0.22511057419469832,0.4336564398004568,-3.8545224364398845
-0.05014289345641065,-0.21579789848400882,0.35302751165490326,1790749885,615034370,0.14300000667572021,0.06998954422108904,-0.22532512110420688,0.4300108303418946,-3.8002661383511938
-0.04332536190872796,-0.21533075002960672,0.3430612816439292,1790749885,665028135,0.14300000667572021,0.0723835029785606,-0.2255574600796371,0.42646316949608654,-3.745600187620348
-0.03667578068877121,-0.21483137923232418,0.33276130473492943,1790749885,715491115,0.14399999380111694,0.07499018453439142,-0.22580936072778765,0.42301757514195665,-3.690404444719705
-0.03096468817552596,-0.21421593166024144,0.32152483660813896,1790749885,765276981,0.1469999998807907,0.07776258727435707,-0.2260782506292469,0.41974227358791005,-3.6355680676564335
-0.020976278744575264,-0.21405258868297153,0.313987110381024,1790749885,815273607,0.14499999582767487,0.08072341998954645,-0.22636808461804575,0.4166053281948595,-3.5804298812687647
-0.014018422927977114,-0.21352056587826201,0.30339816192239377,1790749885,865248455,0.14800000190734863,0.08383560048028242,-0.22667725260601793,0.41365011093799475,-3.5255518151705583
-0.005056226559208649,-0.21321051430295487,0.2946029699103216,1790749885,915620157,0.14900000393390656,0.0871252919171739,-0.22701011036612218,0.4108490019810376,-3.470282619636802
0.005375287961974756,-0.21315265210125933,0.2880460022203766,1790749885,965156790,0.14800000190734863,0.09049554176590453,-0.22735873511065388,0.4082821455486619,-3.4160698384124824
0.016184112487609897,-0.21316515762152555,0.2820363006215381,1790749886,15122212,0.1469999998807907,0.09402528700491035,-0.22773284558851123,0.4058810985825998,-3.3614139509223553
0.024374958050571258,-0.2126394155563941,0.2714243955633419,1790749886,65275505,0.15199999511241913,0.09768305810752867,-0.22813124828061623,0.40367387230733237,-3.3066931302098803
0.035074896406943584,-0.2125752565928432,0.26474564270642525,1790749886,115291882,0.15299999713897705,0.10143973621328202,-0.2285524096132898,0.40167422899638616,-3.252148342783312
0.04697652798220872,-0.2127926248211319,0.26045461594304287,1790749886,165065525,0.15199999511241913,0.10531007141224899,-0.2290000198491708,0.39987669658838454,-3.197427140134962
0.05815655896471722,-0.21276463184231673,0.2539850136408207,1790749886,215234171,0.15399999916553497,0.10930670046906607,-0.22947749416386523,0.39827757408691866,-3.142186159996309
0.06918268298561012,-0.21258622382377865,0.24621032457750835,1790749886,265341464,0.15800000727176666,0.11337014647490437,-0.2299799673211151,0.3969051421904889,-3.087114245959599
0.08191232318318288,-0.2130310273506707,0.24384482350341374,1790749886,315262006,0.15700000524520874,0.11748159949913446,-0.2305066162895959,0.3957606950264142,-3.032266488359659
0.0947478211992152,-0.21355931296882502,0.24217937024653885,1790749886,365229104,0.15600000321865082,0.12166425232645442,-0.2310624977368483,0.39483959840884736,-2.9771893126063156
0.10809924244345782,-0.2146214812325001,0.24516898705127904,1790749886,415287221,0.1509999930858612,0.12589689523289327,-0.23164669903608995,0.3941467821277842,-2.9219781262768327
0.12053150894013265,-0.2148657437087943,0.24097653031343763,1790749886,465566284,0.15399999916553497,0.13017492366029096,-0.23226095459780305,0.3936867491386581,-2.8665506476186717
0.13325818931841746,-0.21574835999225736,0.242438372723421,1790749886,515384428,0.15199999511241913,0.1344271827729827,-0.23289653934955443,0.39346344320249277,-2.811636216848024
0.14591886466235776,-0.21637224176478081,0.24161411964117638,1790749886,565238980,0.15299999713897705,0.13868431809879228,-0.23355982034133654,0.39347342163885224,-2.756691563937017
0.15836554677981923,-0.21753033904500263,0.245451347875955,1790749886,615567847,0.15000000596046448,0.1429695768311137,-0.23425653092138315,0.39371867537190885,-2.701226430022813
0.17110772215546416,-0.21808106065175542,0.24402285787710398,1790749886,665218648,0.15299999713897705,0.14714801888136764,-0.2349663901452994,0.3941888240326836,-2.6468467440585592
0.18299005577270866,-0.21938398982367818,0.24918245595851832,1790749886,715687193,0.15000000596046448,0.15135275378226998,-0.2357134802291654,0.3948959785087685,-2.59163275511051
0.19507458716044573,-0.2204215564781802,0.2520405229742959,1790749886,765342475,0.15000000596046448,0.15546718854340102,-0.23647943055708645,0.39582299910750174,-2.536969797566869
0.20712844065436398,-0.22154692533008424,0.25559926517847115,1790749886,815571861,0.15000000596046448,0.15957027765603568,-0.23728079043492525,0.39698762541094035,-2.481614442156245
0.2191213243612527,-0.22262218730935313,0.25881160987199026,1790749886,864991846,0.1509999930858612,0.1635280738375864,-0.23809321136257752,0.398350263380212,-2.427240604853012
0.23074486235912517,-0.22389446789637596,0.26368027465625066,1790749886,915290019,0.1509999930858612,0.16746724473032795,-0.23894436091419113,0.3999536826979746,-2.371916982982678
0.24115123449110082,-0.22543240870588346,0.27094415007665346,1790749886,965037469,0.14900000393390656,0.1713123838258493,-0.23982127345006857,0.40177417981537367,-2.316525068891589
0.2527422870243235,-0.22676630081434423,0.27625559662744714,1790749887,15379828,0.15000000596046448,0.17509811469342884,-0.24073480003961617,0.40383406393515264,-2.260331196712599
0.26163741661936063,-0.22850961310696008,0.2854099312842413,1790749887,65271759,0.1469999998807907,0.17870259274238734,-0.2416576005677256,0.40606624226373145,-2.205001427979011
0.2718032281446986,-0.2300522438812309,0.29265783746126717,1790749887,115763656,0.1469999998807907,0.18220875104132803,-0.24261236821483587,0.4085201389844566,-2.1490733877861827
0.2786549359901815,-0.23193338806087452,0.3032396826875386,1790749887,165027214,0.14300000667572021,0.1854715711300611,-0.24355998145326657,0.41108533512049344,-2.0947858467747493
0.2897936421342423,-0.23333204857191675,0.3091927465158693,1790749887,215450213,0.1459999978542328,0.18865292705015044,-0.2445486152600742,0.41388631727092884,-2.03927086721781
0.2970364923119637,-0.2351729816649111,0.3192577574471156,1790749887,265569626,0.14399999380111694,0.19166956874192934,-0.2455566778312013,0.41685892796281393,-1.9837563570210954
0.3051182897943642,-0.2368995389922554,0.32829752552880165,1790749887,315343039,0.14399999380111694,0.19449412630571095,-0.24657632847672395,0.41997441690514964,-1.9285653907437947
0.3151200065467035,-0.2384940543024321,0.33602735680434637,1790749887,365165692,0.1469999998807907,0.19714892861089997,-0.24761734863613488,0.4232545901441564,-1.8731413016854352
0.3206577287043434,-0.24046415888195083,0.34726927990352663,1790749887,415428550,0.14499999582767487,0.19963366226841198,-0.24868355986157437,0.42670866296302146,-1.8171940371972626
0.32717716848115563,-0.2423382938922581,0.3576344193218301,1790749887,465265037,0.14499999582767487,0.20190217891116058,-0.2497575490456911,0.43027139634615025,-1.7616219457652984
0.3331393455246898,-0.24426079249188803,0.3684173884677877,1790749887,515420321,0.14499999582767487,0.20397567703960415,-0.25085152880510264,0.43397886899065496,-1.7056766570617332
0.33567168183671825,-0.24630811183794052,0.38057765689285983,1790749887,565121400,0.1420000046491623,0.20581003325943775,-0.251941850609973,0.43774595699529,-1.6504558189982501
0.34123497292275695,-0.24822857550237853,0.3913968390192348,1790749887,615287166,0.14300000667572021,0.2074395662913012,-0.25305114127178446,0.44164157937063064,-1.5947589779422349
0.3395596580393687,-0.24986439132855495,0.4015545500480925,1790749887,665522524,0.1379999965429306,0.2085153632373646,-0.2538915576957125,0.44462627832483503,-1.5528865346444998
0.3477939640318505,-0.2510884982675317,0.4078174779360638,1790749887,715285214,0.14399999380111694,0.2093983867571611,-0.2546764571887314,0.4474380402277196,-1.5139729537307456
0.3439836125868869,-0.251824609005463,0.41273639668853457,1790749887,765179210,0.13899999856948853,0.2097523936326393,-0.2550242577482474,0.4486911141578382,-1.4967762661455675
0.3447165049593107,-0.25230250615569083,0.4155111594948971,1790749887,816570184,0.13899999856948853,0.21001295277376175,-0.25529584517157927,0.449672432194386,-1.483365467116701
0.3448155958773898,-0.252369146854898,0.4158984747555196,1790749887,865693669,0.13899999856948853,0.21004816849209645,-0.25533370358459123,0.44980940988954277,-1.4814972877502441
0.34384604406525865,-0.25239047464459613,0.41614243881455176,1790749887,915687970,0.1379999965429306,0.2100481684920966,-0.25533370358459123,0.44980940988954266,-1.4814972877502441
0.3448155958773898,-0.252369146854898,0.4158984747555196,1790749887,965174372,0.13899999856948853,0.21004816849209645,-0.25533370358459123,0.44980940988954277,-1.4814972877502441
0.34578514768952107,-0.25234781906519976,0.4156545106964873,1790749888,15269045,0.14000000059604645,0.21004816849209645,-0.25533370358459123,0.44980940988954277,-1.4814972877502441
0.34481559587738986,-0.25236914685489786,0.41589847475551955,1790749888,65246551,0.13899999856948853,0.21004816849209648,-0.2553337035845911,0.4498094098895427,-1.4814972877502441
0.3428764922531275,-0.25241180243429456,0.4163864028735841,1790749888,116563034,0.13699999451637268,0.21004816849209668,-0.25533370358459145,0.44980940988954266,-1.4814972877502441
0.34384604406525865,-0.25239047464459613,0.41614243881455176,1790749888,168174519,0.1379999965429306,0.2100481684920966,-0.25533370358459123,0.44980940988954266,-1.4814972877502441
0.3457851476895213,-0.2523478190652,0.4156545106964872,1790749888,218373368,0.14000000059604645,0.21004816849209668,-0.25533370358459145,0.44980940988954266,-1.4814972877502441
0.3434074595686867,-0.25228645886465245,0.4144344826424974,1790749888,265491723,0.1379999965429306,0.20989072804249023,-0.25535473069529924,0.4491888659111398,-1.4896858032741653
0.3447912616763862,-0.25211511130998404,0.41186216950328924,1790749888,316130491,0.14000000059604645,0.20969462782553455,-0.2553801819502564,0.4484441186418463,-1.4995361660628925
0.3437796715334166,-0.2516730748251243,0.40477066240539017,1790749888,365548134,0.14100000262260437,0.208994334755095,-0.25546644578498373,0.44599594670871245,-1.532104276041662
0.3412629499072244,-0.25120460411039636,0.3970882160357298,1790749888,415726076,0.14100000262260437,0.2081020740021547,-0.2555673144146761,0.4432417492327667,-1.569131865652504
0.3370446079934987,-0.25053004789455213,0.3859635508076936,1790749888,465558896,0.14100000262260437,0.20660552317626127,-0.25571982737684074,0.4392524997609352,-1.6236269772093956
0.33104474962340635,-0.24988725218726612,0.3749313478431816,1790749888,515301585,0.14000000059604645,0.20479571041495576,-0.2558897073337023,0.43514057303377124,-1.6810820286407417
0.32689757341278874,-0.24912347614406807,0.36255007079663987,1790749888,565377953,0.1420000046491623,0.20269255896827887,-0.25607726994340424,0.4310245949570714,-1.740193726652798
0.32281262035047714,-0.2483187526151291,0.34980619449234623,1790749888,615231699,0.14499999582767487,0.20035242228055375,-0.25627836270506205,0.42704053456149615,-1.799276386632599
0.3130224571564687,-0.2478873801848363,0.34067605919830535,1790749888,665092584,0.1420000046491623,0.19778799534602662,-0.2564952784681713,0.4232043829348483,-1.8582976401364408
0.3066416629921584,-0.2472020281291595,0.3290692740140048,1790749888,715296683,0.14399999380111694,0.19498428792499736,-0.2567305388535253,0.4195006639801482,-1.9177119049940918
0.2979822911621934,-0.24668812299967785,0.31905990437209464,1790749888,766021673,0.14399999380111694,0.19195210649615946,-0.25698651034728787,0.4159492297513492,-1.977461614911461
0.2888131378648625,-0.24623421569916806,0.30965242271258847,1790749888,816403783,0.14399999380111694,0.18874063532392693,-0.25726044381860336,0.41260831007885,-2.0367561828907434
0.28018758520503295,-0.2456703446035127,0.299104210474716,1790749888,867428496,0.1459999978542328,0.18526528775711198,-0.257563006193326,0.40939619305257424,-2.0973373006602642
0.2700704180073927,-0.24533904432550144,0.2909327714738637,1790749888,916339942,0.1459999978542328,0.1817537999355104,-0.2578755911024246,0.40651395221143566,-2.1554951470181782
0.2589371541760938,-0.2451636860332018,0.28418276384519386,1790749888,965325666,0.14499999582767487,0.17808429396447095,-0.25821178486627494,0.40383877456955264,-2.213662813235667
0.2492578397077083,-0.24468521116487424,0.27454223937961664,1790749889,15434877,0.14800000190734863,0.17417943179412756,-0.2585803872712422,0.4013261394249702,-2.2731505910151717
0.23837170874196928,-0.2443574896988628,0.26626944411177855,1790749889,65491262,0.15000000596046448,0.17012291354733033,-0.258977182230342,0.39904130985488173,-2.332835116624745
0.22645338669951257,-0.2441960315083581,0.2594941486452014,1790749889,115707158,0.1509999930858612,0.1659228338369052,-0.25940302559099837,0.39699250286461657,-2.392758242935823
0.21348077858438147,-0.24431889271371002,0.25531080017915125,1790749889,165323375,0.15000000596046448,0.16163776992724582,-0.2598551937243684,0.39520693162109555,-2.4523320984285446
0.20060166276807884,-0.24432251250498352,0.24992109652042263,1790749889,216092755,0.1509999930858612,0.15714887503164066,-0.2603483174691819,0.3936431432812159,-2.5133568798130312
0.18758422826952487,-0.2445129280369266,0.24638168756546833,1790749889,265380110,0.1509999930858612,0.15273138431005323,-0.26085514852353625,0.3923926769102224,-2.572348978746196
0.17365146120226682,-0.2451248902375898,0.24650845841372873,1790749889,315502700,0.14800000190734863,0.14817751042568209,-0.261400510971078,0.39138834855085913,-2.632297603087768
0.16095514269372732,-0.24483408764687883,0.23860393581914777,1790749889,365387048,0.15399999916553497,0.1435789489867654,-0.26197719680611364,0.3906571549353423,-2.692217887658536
0.14704509775746535,-0.24540958608675148,0.2383827861882277,1790749889,415355174,0.15299999713897705,0.13893650946670055,-0.2625868178324692,0.39019909832237143,-2.752285233779716
0.1332617184806546,-0.24641792053693434,0.24197366920253421,1790749889,465459754,0.14900000393390656,0.13429043322456222,-0.2632273523703174,0.3900188849972997,-2.8122212704889455
0.11930273138540198,-0.24627504823302884,0.23545868670468953,1790749889,515343334,0.15600000321865082,0.1296699280374103,-0.26389607040695184,0.3901132107747722,-2.8718379299768104
0.10515437547378989,-0.24691318873039186,0.23575631297894128,1790749889,565309386,0.15700000524520874,0.12501350510252282,-0.26460544401192093,0.39048704916421884,-2.932172261761341
0.09008938743505868,-0.24721114010586406,0.2330340306651591,1790749889,615743283,0.16200000047683716,0.1203396499327883,-0.26535563539186924,0.3911469620279348,-2.993188671531853
0.07782362992034778,-0.24892929766721483,0.2427816436399849,1790749889,665180694,0.1550000011920929,0.11581289503731589,-0.2661229816134056,0.3920672535887673,-3.0529785046538094
0.06428814015996273,-0.24996965858144854,0.24654775861945208,1790749889,715240543,0.1550000011920929,0.11129749572710788,-0.26693171596135973,0.39326997734637537,-3.113517545609242
0.05199349035618329,-0.25143545031243675,0.2539380593335385,1790749889,765264808,0.15199999511241913,0.10683595534616848,-0.2677789007655051,0.3947542309023104,-3.174517650836262
0.040335973055629026,-0.2529822076293931,0.261991652931713,1790749889,815255971,0.14900000393390656,0.10247328637114841,-0.2686584061048533,0.39650638174455016,-3.235573791576521
0.026560705654920858,-0.25398525202327693,0.26538711921486086,1790749889,865160912,0.15199999511241913,0.09824149189094575,-0.2695670592147335,0.39851514287407774,-3.2964932736849524
0.015902918608884764,-0.2557034339773262,0.2748374152943604,1790749889,915528854,0.14900000393390656,0.09410714729072545,-0.27051444201004393,0.4007966699350469,-3.3579716057732854
0.0033149742214058503,-0.2569826663718885,0.2806314482283626,1790749889,965290720,0.1509999930858612,0.09019126695102848,-0.2714755642806935,0.403283246354978,-3.418446387630039
-0.005919884893612781,-0.2588253553963747,0.2911592879316437,1790749890,15314773,0.14800000190734863,0.0864206851495132,-0.2724688822048465,0.4060116882762262,-3.479192739247192
-0.015063450941420628,-0.26064036623389836,0.30140880596529074,1790749890,65083991,0.1459999978542328,0.08281493476934246,-0.27349364429759637,0.40897559557578494,-3.5401947711753894
-0.022289996491977757,-0.26272505917002553,0.3137472582636871,1790749890,116089325,0.1420000046491623,0.07931301206139972,-0.2745726108282127,0.4122381994358122,-3.602821003764286
-0.032036461759979554,-0.264389383742179,0.3227428284279128,1790749890,165282050,0.14300000667572021,0.07613645611112412,-0.2756401251504722,0.41559239798141806,-3.6633430911388913
-0.037385952638143094,-0.2665204553774605,0.3355029635951836,1790749890,215119185,0.13899999856948853,0.07313485732211167,-0.2767452723311756,0.4191785471683508,-3.7246784232020778
-0.047660585509741574,-0.26820700556645216,0.3445813807022443,1790749890,265004135,0.1420000046491623,0.07034688013834085,-0.2778811845887929,0.42296919628555074,-3.7864640182670497
-0.05240135988445592,-0.2703999370538194,0.3576596458088462,1790749890,315848293,0.13899999856948853,0.06775377835478233,-0.27906171771974525,0.4270045512649989,-3.8495148957177863
-0.05870744119109293,-0.2723792106661564,0.36914926168629714,1790749890,365207491,0.13899999856948853,0.06549317484827379,-0.28022443693513954,0.43106581038329794,-3.9106697327146076
-0.06343951218606254,-0.274481508436002,0.38154203276247695,1790749890,415212793,0.1379999965429306,0.06346554201863618,-0.28141912136561126,0.4353098278631714,-3.972614906869875
-0.06437796622952907,-0.27619364488926157,0.3918237702536046,1790749890,465208623,0.13500000536441803,0.06211272456203901,-0.28233349393880286,0.43859351309140154,-4.019425922749335
-0.06745980866289561,-0.27768282170740594,0.4005439508183929,1790749890,515364593,0.13500000536441803,0.06098378730278783,-0.28320144040018397,0.44173604898686314,-4.063469864262867
-0.06772764503341037,-0.2783782981596404,0.4046836954539954,1790749890,565074209,0.1340000033378601,0.06053462033351205,-0.28358293348961383,0.44312461048698704,-4.0827279505696445
-0.07053985829104413,-0.27881087681919897,0.40711158193332675,1790749890,615241521,0.13600000739097595,0.060206759124175044,-0.2838779950875924,0.444201315786213,-4.097583915354726
-0.06780014169097016,-0.2790077778303347,0.40842826025183965,1790749890,665739066,0.13300000131130219,0.06015326006062101,-0.2839276447977258,0.44438270695910337,-4.100080490112305
-0.07164835772499907,-0.27885981215931677,0.40734692535632716,1790749890,716029703,0.13699999451637268,0.06015326006062101,-0.2839276447977258,0.44438270695910337,-4.100080490112305
-0.07068631446830145,-0.2788968031636592,0.4076172560589854,1790749890,765390855,0.13600000739097595,0.060153260060621085,-0.2839276447977258,0.4443827069591034,-4.100080490112305
-0.06876219928341394,-0.27897078627477623,0.40815792552088825,1790749890,815393749,0.1340000033378601,0.06015326006062101,-0.2839276447977258,0.44438270695910337,-4.100080490112305
-0.0697242568758576,-0.2789337947192177,0.40788759078993686,1790749890,865088652,0.13500000536441803,0.060153260060621085,-0.2839276447977258,0.4443827069591034,-4.100080490112305
-0.06780014169097016,-0.2790077778303347,0.40842826025183965,1790749890,916779156,0.13300000131130219,0.06015326006062101,-0.2839276447977258,0.44438270695910337,-4.100080490112305
-0.06876219928341394,-0.27897078627477623,0.40815792552088825,1790749890,967672480,0.1340000033378601,0.06015326006062101,-0.2839276447977258,0.44438270695910337,-4.100080490112305
-0.06972425687585772,-0.2789337947192177,0.4078875907899368,1790749891,17000623,0.13500000536441803,0.06015326006062101,-0.2839276447977258,0.44438270695910337,-4.100080490112305
-0.06726318251302553,-0.2789051087488108,0.4065689956325155,1790749891,65352381,0.13300000131130219,0.06035129107355035,-0.2839555457903943,0.44369095093819033,-4.090883619055687
-0.06660345276076146,-0.27878409948559124,0.4043675872613408,1790749891,115221285,0.13300000131130219,0.06059454364425018,-0.2839890147049194,0.4428718586726613,-4.079962886158243
-0.06237103200871794,-0.2784794205645903,0.3978155267358541,1790749891,165262449,0.13099999725818634,0.0614576158974166,-0.2841027266086486,0.44019292246185693,-4.04399125614652
-0.06126466632714357,-0.277961208216461,0.38903234209830473,1790749891,215651975,0.13300000131130219,0.06256133862597968,-0.2842384947705575,0.4371646235700284,-4.002799241405023
-0.05454155453701014,-0.2774724649531222,0.3783535911203806,1790749891,265067127,0.13099999725818634,0.06436757475562989,-0.2844437784732593,0.432878989241944,-3.943359824326206
-0.05292442052937839,-0.27658877579943036,0.36399117444371665,1790749891,315572033,0.13600000739097595,0.06659981410609017,-0.28468260090795516,0.4283685721875179,-3.87903651501684
-0.04770771061788308,-0.27589554005157757,0.35110637777638964,1790749891,365159269,0.1379999965429306,0.06910575443848904,-0.28494096276992475,0.4240227254305269,-3.814909230097684
-0.04141317518533369,-0.2752261429698465,0.33820531934875275,1790749891,415773778,0.14000000059604645,0.0719481511404008,-0.2852276803881573,0.41974781814437134,-3.7492726729405645
-0.032816224595423854,-0.27476214783083897,0.3270901637925273,1790749891,465083022,0.14000000059604645,0.07500894978472378,-0.2855334407482834,0.4157338955826001,-3.684718579394285
-0.020391105707092308,-0.27468927318632735,0.3190371319804345,1790749891,515461085,0.13600000739097595,0.07839723037473624,-0.2858725703444099,0.4118369193142599,-3.618656015665829
-0.012531930717324224,-0.2741271891738438,0.30701914354145393,1790749891,565202321,0.13899999856948853,0.08198810446762957,-0.2862353890202417,0.4082137780209193,-3.553378710493107
-0.003014134097885743,-0.2737076050004187,0.29608382285997104,1790749891,615449440,0.14100000262260437,0.0858426040737394,-0.2866316126885425,0.40479652150346446,-3.4874285787542774
0.007870529929810438,-0.27345378177183244,0.2865388723229774,1790749891,665738206,0.1420000046491623,0.08990564509287095,-0.2870585711727673,0.4016438283670232,-3.4215628854156908
0.020277342622068484,-0.2734834168229902,0.279493523484361,1790749891,715305359,0.14100000262260437,0.09409760427540435,-0.28751115728828225,0.39880317190579373,-3.356666918198619
0.031345796578652274,-0.27320138043251335,0.26969874494885726,1790749891,765038105,0.14399999380111694,0.09851729844962966,-0.2880028113737709,0.39620923934837415,-3.2909625142806407
0.04622768172851023,-0.2737416093787011,0.2668344082605615,1790749891,815325334,0.14000000059604645,0.10315139025880753,-0.28853623012487206,0.393880898849746,-3.224414920255461
0.05823059232239693,-0.27353964542856857,0.2576112537517523,1790749891,865410470,0.14399999380111694,0.10791750343487462,-0.2891051499489258,0.3918681870842592,-3.1579909463671663
0.07192664631094159,-0.2737569360678857,0.25197160681451036,1790749891,915516718,0.14499999582767487,0.11280436103059517,-0.28971190932492347,0.3901723667895972,-3.091512400744695
0.08585587223074093,-0.27396910744153724,0.24625293026572265,1790749891,965252843,0.1469999998807907,0.11780493241735601,-0.29035871251572026,0.38879989923966063,-3.024827418208208
0.10114420272091265,-0.2748556788319836,0.24633433141280234,1790749892,15311256,0.14399999380111694,0.12292211096523557,-0.29105020935318726,0.3877537717610846,-2.9575806486105085
0.11611084146131467,-0.27585554447162913,0.2474680921301231,1790749892,65211402,0.14100000262260437,0.12806710823340775,-0.29177751548036934,0.38705512327430147,-2.890679282942962
0.1307385697452031,-0.27629514065189503,0.24364107207706548,1790749892,115419649,0.14399999380111694,0.13327026812489476,-0.2925488395407086,0.3866984241791779,-2.823390278219236
0.14572480521756492,-0.277192252830614,0.24378481069746258,1790749892,165222145,0.14399999380111694,0.13851110731668848,-0.2933647787423192,0.38669180906686307,-2.7557137573424875
0.16092236811963226,-0.27810285459071393,0.2439647052308164,1790749892,215366402,0.14499999582767487,0.1437832284409895,-0.2942293130395896,0.3870422576945009,-2.687382290882376
0.1755772123937692,-0.27933622418708104,0.24710597702417114,1790749892,265100824,0.14399999380111694,0.14894948140235995,-0.29512281824165054,0.38773935003757465,-2.6198991551806823
0.19002203325690467,-0.2806866035756291,0.2512355271568282,1790749892,315252701,0.14300000667572021,0.15408749606930874,-0.2960624457315687,0.3887902232757355,-2.551904301286937
0.20484184216104157,-0.28194487896705417,0.2544688599094753,1790749892,365384615,0.14399999380111694,0.15918216558230483,-0.29704974911048354,0.39020034132553083,-2.483294907882799
0.21784531105788632,-0.2837157622630091,0.2623678398120796,1790749892,415102472,0.14100000262260437,0.16412784263393182,-0.29806870171495237,0.39194186288300514,-2.4151316026733696
0.23175527898662598,-0.2853166615632187,0.2685380899692559,1790749892,465607045,0.14100000262260437,0.1690588974826053,-0.29915188448397884,0.39407195429522013,-2.345224399929554
0.24553483864658415,-0.2869070969841859,0.27471017599652964,1790749892,515406717,0.1420000046491623,0.17376310689276667,-0.3002584850210073,0.39650738564810745,-2.2761691289686437
0.2577870053891836,-0.2887851392506793,0.28349825183004773,1790749892,565210630,0.14100000262260437,0.17828545999687098,-0.3014008063505709,0.39926245166502783,-2.2070601731750035
0.2695696478941316,-0.2907851275265751,0.2932491213317122,1790749892,615995565,0.14000000059604645,0.1826806911301546,-0.30259994203602963,0.40238536424609844,-2.1365816392739303
0.2803499356703867,-0.29282575881334255,0.3035563493965701,1790749892,665346041,0.13899999856948853,0.18675923994218774,-0.30380704584927304,0.4057385034669556,-2.0674901601443145
0.29267892398984147,-0.29475311461213055,0.31265650215058405,1790749892,715469011,0.14100000262260437,0.19065050145059853,-0.30506491838690114,0.40942875249456834,-1.9972090732941818
0.2997285857564967,-0.2971691766442521,0.32641987384085325,1790749892,765207645,0.13699999451637268,0.1942406950756676,-0.3063411827835769,0.41335190315442544,-1.9274467784926685
0.30730316770090366,-0.2994990021239651,0.33934585368994974,1790749892,815295671,0.13500000536441803,0.19756078191126836,-0.3076519494623381,0.4175452121226726,-1.8571905487311215
0.3190180547383215,-0.30155816721427087,0.349598369375386,1790749892,865180111,0.13899999856948853,0.20058768271867783,-0.30899406968715565,0.42198589551090443,-1.786535997058599
0.3257329854784919,-0.30398371769919674,0.36330937657343215,1790749892,915409535,0.1379999965429306,0.2033048673047108,-0.3103689098837743,0.4266701234680321,-1.715263520827166
0.3292179432224539,-0.3063783475159093,0.3773806442963282,1790749892,965084031,0.13500000536441803,0.2055424792803162,-0.3116776524185862,0.4312443466814999,-1.6481929663074786
0.33074399102263297,-0.30880977153850875,0.3918670125484564,1790749893,15478464,0.13099999725818634,0.2074663341136475,-0.3130057441086414,0.43598064312751883,-1.580810575059515
0.33541899804029396,-0.3101788754897628,0.3994172472795743,1790749893,65218747,0.13300000131130219,0.20849025025021625,-0.31383433517219084,0.43897392747090697,-1.5390962249867963
0.3376397234935756,-0.31148194445454347,0.4069397186581621,1790749893,115594468,0.13300000131130219,0.20930331538114355,-0.3145860143241603,0.44171228617697195,-1.5014209730109926
0.3372626153662801,-0.3118837669036594,0.40939011923466584,1790749893,165169714,0.13199999928474426,0.20951934745981307,-0.31480477562187326,0.4425129968846706,-1.4904817719634897
0.3346827894639629,-0.31216674831902763,0.4113908731780631,1790749893,215833417,0.1289999932050705,0.20963989796789592,-0.314931134126301,0.44297618154001506,-1.4841685126576285
0.335698909517259,-0.3121770690935066,0.4113293511210015,1790749893,265358680,0.12999999523162842,0.20965725119811543,-0.3149495941161232,0.44304389405295364,-1.4832464456558228
0.33860756917202195,-0.31211308761482215,0.4105974755433108,1790749893,315262908,0.13300000131130219,0.20965725119811554,-0.3149495941161232,0.4430438940529536,-1.4832464456558228
0.3395771223902762,-0.31209176045526066,0.4103535170174139,1790749893,365622713,0.1340000033378601,0.20965725119811554,-0.3149495941161232,0.4430438940529536,-1.4832464456558228
0.34054667560853047,-0.3120704332956991,0.41010955849151703,1790749893,415465505,0.13500000536441803,0.20965725119811554,-0.3149495941161232,0.4430438940529536,-1.4832464456558228
0.33666846273551343,-0.31215574193394513,0.41108539259510457,1790749893,465186723,0.13099999725818634,0.20965725119811554,-0.3149495941161232,0.4430438940529536,-1.4832464456558228
0.3395771223902762,-0.31209176045526066,0.4103535170174139,1790749893,516678347,0.1340000033378601,0.20965725119811554,-0.3149495941161232,0.4430438940529536,-1.4832464456558228
0.33860756917202195,-0.31211308761482215,0.4105974755433108,1790749893,568948973,0.13300000131130219,0.20965725119811554,-0.3149495941161232,0.4430438940529536,-1.4832464456558228
0.3347293562990049,-0.3121983962530681,0.4115733096468983,1790749893,617420242,0.1289999932050705,0.20965725119811554,-0.3149495941161232,0.4430438940529536,-1.4832464456558228
0.33320645136954863,-0.3120991279432182,0.40967182544146824,1790749893,666287049,0.12800000607967377,0.20944897382444738,-0.3149816553894929,0.4422260777534436,-1.4940344880139758
0.33640113285765194,-0.3118666075833642,0.40616613416147895,1790749893,715592784,0.13199999928474426,0.20920052988800553,-0.31501848667929533,0.4412954961467969,-1.5063473230782063
0.3358801528849005,-0.31134825062782645,0.39744443068643104,1790749893,765303475,0.1340000033378601,0.20830433305978766,-0.31514229468974553,0.4382612938700846,-1.5467957293399772
0.3317774828851643,-0.31086091005746447,0.3886596294953357,1790749893,815402092,0.13300000131130219,0.20714460008106525,-0.315286561951661,0.43487714217243123,-1.5925357840915522
0.3282571956646132,-0.3100507661651334,0.3748427546880092,1790749893,865257487,0.13500000536441803,0.2051761552371315,-0.3155048173716854,0.4300361624566715,-1.65936979016176
0.3215753217748095,-0.3093015453991307,0.36132337685310423,1790749893,915282854,0.13500000536441803,0.20273612534467284,-0.3157516218247228,0.4250465543816638,-1.7304102912491344
0.31301569448626354,-0.3086511042467307,0.3486958683980124,1790749893,965180286,0.1340000033378601,0.19991963573338342,-0.3160204962358202,0.42018694791722766,-1.8022672129096318
0.3082671197484631,-0.30769135603867076,0.33299490816703703,1790749894,15835591,0.13899999856948853,0.19670485974992194,-0.31631659871853646,0.41545985184038914,-1.8754099204417298
0.2955542949086725,-0.30736423332921764,0.3234877810091761,1790749894,65214614,0.13500000536441803,0.19323659588047618,-0.31663080121550913,0.4110675768160691,-1.9470474644694304
0.2878946960486566,-0.306556101394268,0.3093404821296366,1790749894,115318602,0.13899999856948853,0.1894052016440755,-0.31697747481133387,0.40687106231016196,-2.0197967964498895
0.2758879905925844,-0.30619331935967803,0.29946871370936384,1790749894,165183330,0.1379999965429306,0.18533933401694605,-0.3173489916616522,0.4030085167499671,-2.0916368061151376
0.26442904392368205,-0.30575774338571554,0.28890863419819185,1790749894,215253957,0.13899999856948853,0.1809983095756939,-0.31775357004177546,0.39943651444254924,-2.163669128704402
0.24997763958341862,-0.3057719885321617,0.2824694007493103,1790749894,265509261,0.13600000739097595,0.17640337813492077,-0.3181931903849086,0.39617315533633757,-2.235936756425544
0.23879106711151324,-0.3052461934536382,0.27116690296234935,1790749894,315222127,0.14000000059604645,0.17164209697356994,-0.3186639801346571,0.3932774224800767,-2.3074177498478177
0.22369457108027782,-0.30549030466738336,0.26690069901896907,1790749894,365276458,0.13699999451637268,0.16670480629756176,-0.31917026045597685,0.3907313253483185,-2.378738725406437
0.21100036391262145,-0.3051417203623524,0.2572833488905094,1790749894,415365594,0.14100000262260437,0.1616079074992413,-0.3197149109928632,0.38854266514605595,-2.44998722320112
0.19712190736080745,-0.3050884758600589,0.2504934096757778,1790749894,465079738,0.14300000667572021,0.15648106541326534,-0.3202867889895195,0.3867517494318081,-2.51981645054991
0.18150787136444815,-0.30568355700166444,0.249479025680504,1790749894,515180217,0.14000000059604645,0.1512171883080796,-0.32090185309833963,0.38531303523181465,-2.590024874302368
0.1664541107098691,-0.3060762569282522,0.24663277447601262,1790749894,565398168,0.14000000059604645,0.1458504853145702,-0.3215597302998269,0.38424001570922295,-2.6605249269708677
0.15161751598584264,-0.3062468893151247,0.24188500791023393,1790749894,615133063,0.14300000667572021,0.14047653240037905,-0.32225307407396764,0.383548985136169,-2.730370394143518
0.13628644218584343,-0.3064167991895327,0.23717306936404295,1790749894,665209319,0.1469999998807907,0.13507375700018118,-0.3229872718030585,0.38323110165585955,-2.800233148020377
0.12082843571339445,-0.3074958669374743,0.24048265275964925,1790749894,715319965,0.14399999380111694,0.12966979553251534,-0.32376318594688014,0.3832874247510529,-2.8700549096203183
0.10562339713474908,-0.3084672184319531,0.24285931615169268,1790749894,765226082,0.14300000667572021,0.12430137815785514,-0.32457837579161886,0.3837158585723009,-2.939738589264699
0.09105498183133054,-0.3097839287052011,0.2482225429847525,1790749894,815243413,0.14000000059604645,0.11896672332740098,-0.3254378197270221,0.384515941758965,-3.0096065706825517
0.0759217088494969,-0.31064629829346907,0.24970526873729007,1790749894,865146668,0.1420000046491623,0.11376164613825167,-0.3263283926498082,0.38566928008935375,-3.0787668884723502
0.06155155936859226,-0.3119781194270005,0.2551572691575663,1790749894,915992632,0.14100000262260437,0.10856608984273249,-0.3272759343645037,0.3872050314332235,-3.1491271551377285
0.04783751872329638,-0.3132585385371205,0.26042184717882255,1790749894,964994514,0.14100000262260437,0.10369927054361526,-0.3282228832616131,0.3890163019974736,-3.216678661867251
0.03470933504549288,-0.31477677947424293,0.2676077333802132,1790749895,15023743,0.14000000059604645,0.09887630412989765,-0.3292272637994843,0.39119488379715583,-3.285600330806452
0.022162509176053974,-0.3163942469577091,0.2756471239178666,1790749895,65648418,0.13899999856948853,0.09421823385643774,-0.3302687492557763,0.3936999524696784,-3.3545950692356854
0.01106296652191796,-0.31817233810730217,0.285143540163421,1790749895,115444970,0.13699999451637268,0.0898294931617099,-0.3313264319697945,0.3964620138919349,-3.422321265523847
-0.0005086085405396762,-0.3198424118152794,0.2937369402855574,1790749895,165252744,0.13699999451637268,0.0856460765221244,-0.3324161514784664,0.39951155827173457,-3.4900446251919424
-0.011512053639776074,-0.3216104030661887,0.303127794366303,1790749895,215283871,0.13699999451637268,0.08166664984421784,-0.3335430732986237,0.4028491014959834,-3.5580684578520487
-0.020342279052103035,-0.32361769428253,0.3145528557694903,1790749895,265295943,0.13500000536441803,0.07794755011349744,-0.33469391781141766,0.40643010106628885,-3.62579133867879
-0.027523788564706664,-0.3257633103697016,0.32708822454314535,1790749895,315426440,0.13199999928474426,0.07447912642279357,-0.33587534571122113,0.4102576413168437,-3.6936234436297277
-0.03692837013080745,-0.3276551936145837,0.33756481051000664,1790749895,365365844,0.13300000131130219,0.07129863270041434,-0.3370772973690751,0.41429251194708017,-3.7611885697626812
-0.04402336856250022,-0.3297815385343964,0.34988804049658523,1790749895,415920316,0.13199999928474426,0.0683691977433146,-0.33831907830474556,0.4185831732574673,-3.829584401780138
-0.05000903118920273,-0.33188855918601345,0.3622152150196559,1790749895,465200681,0.13099999725818634,0.06582473878405481,-0.3395416841326407,0.42291914153169147,-3.8958430653839473
-0.05431677637442664,-0.3341258631484293,0.3754729659354776,1790749895,515426262,0.1289999932050705,0.06353988906266408,-0.34080618969891113,0.4274939030294672,-3.9632997179901728
-0.055558674949009894,-0.3359076421825859,0.38614599232527513,1790749895,565036730,0.12600000202655792,0.06201872994618706,-0.34177843086504317,0.43105799750261553,-4.014455513289428
-0.061751485585574584,-0.3373601044078835,0.39442754722751483,1790749895,615267432,0.1289999932050705,0.060740047339974165,-0.34271609235786615,0.43452911828822366,-4.063317205776224
-0.05932077583206144,-0.33825009090524844,0.39990439987856147,1790749895,665172419,0.125,0.06021407530790959,-0.3431463773831337,0.4361320929002188,-4.085608812005885
-0.06225196842224426,-0.33874767764290126,0.4027084616024575,1790749895,715441695,0.12700000405311584,0.05982583641433949,-0.3434858724463462,0.4374008253987891,-4.103143927670469
-0.06241564957146195,-0.33884372976157273,0.4032731156862159,1790749895,765445118,0.12700000405311584,0.059763423800554064,-0.34354244216312785,0.4376125560021913,-4.106061434287305
-0.06145660498866924,-0.33888249353095173,0.40355388559055827,1790749895,815136568,0.12600000202655792,0.05976227114011076,-0.3435434848305321,0.43761647123629754,-4.106115296341068
-0.05857091566451804,-0.3389937495823434,0.4043665372222204,1790749895,865044055,0.12300000339746475,0.059762086523060906,-0.34354365184908714,0.43761709839664054,-4.106123924255371
-0.060495026199525,-0.338919767559384,0.40382587862429875,1790749895,915407591,0.125,0.059762086523060906,-0.34354365184908714,0.43761709839664054,-4.106123924255371
-0.060495026199525,-0.338919767559384,0.40382587862429875,1790749895,965151615,0.125,0.059762086523060906,-0.34354365184908714,0.43761709839664054,-4.106123924255371
-0.06338120275385917,-0.33880879411153747,0.4030148877062458,1790749896,16583655,0.12800000607967377,0.059762086523060906,-0.34354365184908714,0.43761709839664054,-4.106123924255371
-0.05857091566451804,-0.3389937495823434,0.4043665372222204,1790749896,67142470,0.12300000339746475,0.059762086523060906,-0.34354365184908714,0.43761709839664054,-4.106123924255371
-0.06145708505096972,-0.33888277641010184,0.40355554831828105,1790749896,115874193,0.12600000202655792,0.059762086523060906,-0.34354365184908714,0.43761709839664054,-4.106123924255371
-0.06294210271386672,-0.3387306049233651,0.4014892963943925,1790749896,165247400,0.12800000607967377,0.059927989155924594,-0.34357103484801427,0.4370352148443374,-4.098424251000333
-0.05952977252644611,-0.33875412412864786,0.40052901317076467,1790749896,215159601,0.125,0.060132135998610094,-0.3436040058132293,0.4363411102300915,-4.089217574030227
-0.059412627244508485,-0.33835886069315413,0.3936021375416226,1790749896,265314664,0.12700000405311584,0.060903010352080296,-0.3437237267620756,0.43390556904912936,-4.056710523765677
-0.05683626334463981,-0.3380068898490429,0.3864165166143507,1790749896,315681885,0.12700000405311584,0.06187985695225586,-0.34386503513421385,0.43115090992601046,-4.0195171921951
-0.05428711148066455,-0.33739555647576275,0.37498643282431676,1790749896,365202769,0.1289999932050705,0.06353778100135393,-0.34408383112048996,0.42707827422760875,-3.963545955871484
-0.04621245803438895,-0.3370484945245792,0.36511799865995137,1790749896,415267869,0.12600000202655792,0.06556742885935483,-0.3443328345239628,0.42280851596988567,-3.903354873952344
-0.04177910348310365,-0.3364506477037988,0.35309613424359504,1790749896,465213745,0.12800000607967377,0.06790632888492582,-0.34460481733119785,0.41856839554807845,-3.84169338512273
-0.03404698740401757,-0.33608662854869403,0.34291252526901445,1790749896,515106622,0.12700000405311584,0.07050828954730728,-0.3448968142070184,0.4144637357394814,-3.7797888045915915
-0.029669381629192568,-0.33541237156945675,0.3302131395480735,1790749896,565522611,0.13099999725818634,0.07335704007378113,-0.34520755741534853,0.4105288294658617,-3.7179047733163455
-0.021476873491157622,-0.33507951909817585,0.32038252363832537,1790749896,615396553,0.13099999725818634,0.07639869455555161,-0.34553583161397505,0.40682347452244494,-3.656810806853932
-0.012016554227920556,-0.3348917899771135,0.3117973628643128,1790749896,665533013,0.12999999523162842,0.07965059984525626,-0.34588421191176366,0.4033194819632415,-3.5958789692584863
-0.002035998433742789,-0.3347776360089322,0.30378961661449416,1790749896,716061281,0.1289999932050705,0.08312817056493607,-0.3462590762285178,0.3999989669717062,-3.534559345410952
0.005684363768999751,-0.33436907664950394,0.29349001946681036,1790749896,765303562,0.13199999928474426,0.08671452741483168,-0.3466483929197997,0.39696625240286304,-3.4746521881455315
0.0143323716553556,-0.33400699858176847,0.28344008726559344,1790749896,815358736,0.13500000536441803,0.09053668250112325,-0.34707059325968204,0.39410736766502186,-3.413730947250261
0.02572324113515624,-0.3340982780117801,0.2772827577768098,1790749896,865357696,0.1340000033378601,0.0945013833715543,-0.3475161202477415,0.39149978608164343,-3.353146450047236
0.03607914715293696,-0.3339651462825273,0.2691825340042783,1790749896,915607787,0.13600000739097595,0.09862965103998293,-0.3479919102062434,0.38912704770811757,-3.292307326940515
0.04730389800851701,-0.33400415839874115,0.2626350178681309,1790749896,965187208,0.13699999451637268,0.10284897547216791,-0.34849008567755857,0.38702915268933535,-3.232078536437149
0.058770330848928104,-0.33401664310783485,0.25575797362244035,1790749897,15393928,0.13899999856948853,0.10724030658092262,-0.3490249160405287,0.38516590536711914,-3.1710510494910142
0.07145114523990524,-0.33443069593980074,0.2524571121073489,1790749897,65369509,0.1379999965429306,0.1116729228670375,-0.34958103239330324,0.3835932053681596,-3.110853685557106
0.08359985342790664,-0.3346023906703599,0.24702772093918957,1790749897,115636943,0.14000000059604645,0.1162060424552419,-0.35017020442750485,0.38228480866042336,-3.050405262986186
0.0961653985069767,-0.33496081647331066,0.24332719949088202,1790749897,165332392,0.14100000262260437,0.12074315316505459,-0.35078018022025426,0.3812644404600404,-2.9907913600739886
0.10918163479817561,-0.33552179863625314,0.24134871633463814,1790749897,215360056,0.14100000262260437,0.12535644036935423,-0.35142487152603663,0.38051217661416425,-2.9308057036885393
0.12238879543115563,-0.33617488610282287,0.24014640733462664,1790749897,265628370,0.14100000262260437,0.13003845892237473,-0.3521042672110948,0.3800347135133526,-2.8703679595481186
0.1354645368140427,-0.3370212368184973,0.24073646305678828,1790749897,315227161,0.14000000059604645,0.1346748748858922,-0.35280601027251945,0.37984152237505114,-2.810704601846566
0.14848468031888878,-0.3378403006745622,0.24111009240306489,1790749897,365504271,0.14000000059604645,0.13931183918091491,-0.35353704379193135,0.3799246140060219,-2.75103185789471
0.1614557033628219,-0.3386264768198403,0.24125816617737317,1790749897,415428463,0.14100000262260437,0.1438859320109125,-0.3542912984945534,0.38027944956993687,-2.6919263710291608
0.17419002550011262,-0.33972618199208954,0.24415263430236495,1790749897,465596599,0.14000000059604645,0.14846553544139837,-0.35508043328109856,0.3809097099711072,-2.632322697346335
0.18737239629939742,-0.3405825970949765,0.24489047566629688,1790749897,515661486,0.1420000046491623,0.15298681638239142,-0.35589823083708433,0.3818103959745227,-2.5728039968459684
0.19970751817427315,-0.3418471138026876,0.24928888881620764,1790749897,565604696,0.14100000262260437,0.15744549606274708,-0.35674434472909794,0.3829788089199482,-2.513243018350285
0.21211855078504066,-0.3430931095923646,0.2534908875366506,1790749897,615797676,0.14100000262260437,0.16184415767075883,-0.3576240857685626,0.3844196348304816,-2.4533505326784817
0.22441989695235853,-0.34429071897165464,0.25741470034554853,1790749897,665399699,0.1420000046491623,0.1660592487462167,-0.3585120691298239,0.38608400228272316,-2.394656535029072
0.2351648359506225,-0.345866273624524,0.2647421153336185,1790749897,715255751,0.14000000059604645,0.1701775051940422,-0.3594297817442971,0.38800069822143485,-2.335748221501645
0.24637024659546408,-0.3473118552532226,0.270922127674157,1790749897,765079229,0.14000000059604645,0.1741679416968341,-0.36037086031944815,0.39015421111187343,-2.2768876282289345
0.25665764278778397,-0.3489229771314026,0.27859789488199554,1790749897,815090995,0.13899999856948853,0.1780318679286735,-0.36134018965132586,0.392548761326079,-2.2178065939833553
0.26520238078042746,-0.35076404339256373,0.28841171053791564,1790749897,865520874,0.13600000739097595,0.18174726928960414,-0.3623330761874787,0.39517033481057073,-2.15864947275887
0.27487873413323294,-0.35238275165571137,0.29627142923476435,1790749897,915475482,0.13600000739097595,0.18525654947175527,-0.36333750438628487,0.3979761951971395,-2.1001277501774847
0.2819148823308626,-0.35427668720375716,0.30675952606911294,1790749897,965209015,0.13300000131130219,0.18857269264116377,-0.36435568548075764,0.4009648856112902,-2.041928985213344
0.29125398243812206,-0.35593081364071794,0.3149467913846902,1790749898,15487866,0.1340000033378601,0.1917344752008723,-0.3654044945780056,0.4041774920616432,-1.983104202300067
0.2992732843538747,-0.35769464316221944,0.32424727672180004,1790749898,65158056,0.1340000033378601,0.19467074401706688,-0.3664606624896833,0.4075387309940335,-1.924807596983126
0.30681759225860306,-0.35952878014142675,0.3341289426106243,1790749898,115436184,0.1340000033378601,0.1974320200744172,-0.36754734877378653,0.4111127074547324,-1.8657625962637145
0.315429560068071,-0.36129077003370924,0.3433488786114831,1790749898,165526562,0.13600000739097595,0.1999632737797981,-0.36864456482703734,0.414829368559984,-1.8069279402951317
0.31909996921594175,-0.3633439708623616,0.35546687037152486,1790749898,215291114,0.13300000131130219,0.2022492716044584,-0.3697484516815216,0.4186641602022848,-1.7484739792014035
0.3229354510113253,-0.36537564838811465,0.367339822760903,1790749898,265735687,0.13099999725818634,0.20432499018087646,-0.37087648731792117,0.42267786242894423,-1.6892746610449076
0.3286934291651122,-0.36726458530840017,0.3779745677716951,1790749898,315155673,0.13199999928474426,0.20611602035653073,-0.37199160758186134,0.4267232489987045,-1.631287498680281
0.3311571432619924,-0.36886107250746847,0.38734710908409925,1790749898,365410597,0.13099999725818634,0.20737279103932302,-0.37289251059203343,0.4300341203806197,-1.5848582263278077
0.3320376840278143,-0.3703931104463496,0.39651819338928646,1790749898,415154408,0.1289999932050705,0.2084078793558774,-0.3737443305688423,0.4331984192252538,-1.5412032956937534
0.33326656324618653,-0.37112391294578556,0.4007739092186423,1790749898,465467203,0.1289999932050705,0.20886653252471526,-0.3741668446622811,0.43477936716253696,-1.5196188180017332
0.3390178757256467,-0.3715964687345712,0.4029314267419939,1790749898,515271255,0.1340000033378601,0.20920499331874962,-0.3745024000157174,0.43603991536876285,-1.5025049284101064
0.33626128243672604,-0.3717609857113652,0.40425611973070585,1790749898,565484587,0.13099999725818634,0.20926024037042826,-0.37455944057913304,0.43625460791487425,-1.499598233758288
0.33627085411178514,-0.37176740746769904,0.4042937524653151,1790749898,615467603,0.13099999725818634,0.20926376283193007,-0.3745631226359903,0.43626846158007,-1.4994108989445225
0.33433330140051953,-0.37181109405588464,0.40478778111507446,1790749898,665246312,0.1289999932050705,0.2092643168086766,-0.3745637019727349,0.4362706413683881,-1.499381422996521
0.3382114175133649,-0.3717257416949495,0.4038115663642688,1790749898,715545125,0.13300000131130219,0.20926431680867652,-0.374563701972735,0.43627064136838806,-1.499381422996521
0.33336378681938716,-0.37183243182815684,0.40503183116609986,1790749898,765227242,0.12800000607967377,0.20926431680867652,-0.374563701972735,0.43627064136838806,-1.499381422996521
0.3343333014005195,-0.3718110940558847,0.4047877811150744,1790749898,815944789,0.1289999932050705,0.20926431680867652,-0.374563701972735,0.43627064136838806,-1.499381422996521
0.335302830428731,-0.371789755965651,0.4045437274273731,1790749898,871210557,0.12999999523162842,0.20926431680867663,-0.37456370197273503,0.4362706413683881,-1.499381422996521
0.3343333014005195,-0.3718110940558847,0.4047877811150744,1790749898,918320302,0.1289999932050705,0.20926431680867652,-0.374563701972735,0.43627064136838806,-1.499381422996521
0.3369701250439887,-0.37168847916366143,0.40298956420139004,1790749898,967020285,0.13199999928474426,0.20916401175970803,-0.37458181281454417,0.435871562904674,-1.5046588170245203
0.3356542878008534,-0.37163768988947116,0.40190811156852513,1790749899,15361405,0.13099999725818634,0.20903507329234536,-0.37460461720327753,0.43537109322300177,-1.511287221308365
0.33227521057395215,-0.371404580492111,0.3972325514531091,1790749899,65285745,0.1289999932050705,0.20849325551496856,-0.374696773598255,0.4334014236118571,-1.5374908091774537
0.3304536314670429,-0.37108995072686796,0.3913423443327555,1790749899,115221853,0.1289999932050705,0.2078102130560946,-0.3748038412969307,0.43116441339274914,-1.5674996977621898
0.32815512398414737,-0.3705658366607157,0.38180569519320856,1790749899,165313176,0.12999999523162842,0.2065967680034021,-0.37497298693365744,0.4276766214750435,-1.6148982835287982
0.32325576840634185,-0.37008792811047586,0.3724488319402533,1790749899,215741916,0.1289999932050705,0.2051079850972627,-0.37516077164435513,0.423988775717288,-1.6659616712418077
0.3178520275436318,-0.36963573606216477,0.3632841949930909,1790749899,265169373,0.12800000607967377,0.20341376537325584,-0.37535878872243944,0.4203379624065452,-1.7176512779768849
0.3145040855460091,-0.36905796674606617,0.3527820854677609,1790749899,315391686,0.12999999523162842,0.20149258387408286,-0.37557008672242576,0.4167038465784587,-1.7704592360474893
0.3089495862438138,-0.36860252783041125,0.3435726936435931,1790749899,365153656,0.12999999523162842,0.19941588632626733,-0.375787451367093,0.413219977986691,-1.8225708125540532
0.30452274573939936,-0.368054563857753,0.3334645806633336,1790749899,415190968,0.13199999928474426,0.19715190326081275,-0.3760167090082492,0.40983280861981736,-1.8749314506592545
0.2971676859802574,-0.36771424577971057,0.3253742680592645,1790749899,465219252,0.13099999725818634,0.19471820464933634,-0.3762563546811766,0.4065662346088289,-1.9272959660327573
0.29317421775710184,-0.3670697552672994,0.3144148451010065,1790749899,515274787,0.13500000536441803,0.1921178831965041,-0.3765090083824131,0.40342899675229305,-1.9796913055192873
0.28423056463739155,-0.3668743923782338,0.30774285983877486,1790749899,565516869,0.13300000131130219,0.18937417878434132,-0.37677287631795287,0.40044284056907903,-2.031851730854413
0.2764747473878457,-0.36658375778870084,0.30023455004154637,1790749899,615245847,0.13300000131130219,0.18651583453588816,-0.37704810058093374,0.3976352270270116,-2.0834011999252398
0.26883508081472285,-0.3662474802769477,0.2922406641782574,1790749899,665638615,0.1340000033378601,0.18346646620922577,-0.3773424341500749,0.39493001383749815,-2.135869619246599
0.26019702593335503,-0.3660377525554511,0.2854541974765571,1790749899,715738788,0.1340000033378601,0.1802983023125525,-0.3776518406138086,0.3923995471505184,-2.1880759530670604
0.25188656509588614,-0.3657864274178872,0.2783684181434652,1790749899,765230237,0.13500000536441803,0.17704785111123775,-0.37797297999961105,0.39006289550779044,-2.2396422087701087
0.24252819038421047,-0.3656702085696736,0.2724587484096736,1790749899,815475467,0.13500000536441803,0.17363181536804956,-0.3783170645054884,0.38786389557809137,-2.291992726570264
0.2334878703923705,-0.3655091567563083,0.2662366756881034,1790749899,865183917,0.13600000739097595,0.17016283884869776,-0.37867297676692246,0.385872189784322,-2.3435667590933966
0.22437236120498621,-0.36529630275035296,0.2594928454932742,1790749899,915642120,0.1379999965429306,0.16654679584913007,-0.3790533532905445,0.38403579630767837,-2.3958778383668333
0.2134912913481511,-0.3655361714514272,0.25693977463221185,1790749899,965309209,0.13600000739097595,0.16289912345418142,-0.37944626618559635,0.38241066297935133,-2.4474187563133474
0.20342757553998286,-0.36553042339492137,0.2521118611373835,1790749900,15620050,0.13699999451637268,0.15912574732692877,-0.3798648105799126,0.38095623182736726,-2.4996370413111304
0.19296083056001884,-0.36568216764877254,0.2487935099093301,1790749900,65595270,0.13699999451637268,0.15534200990064007,-0.38029637438310454,0.3797142790455136,-2.551098299937544
0.1825821803343527,-0.3657844309961174,0.2450475147287827,1790749900,115562434,0.1379999965429306,0.15150797931407925,-0.38074813624874104,0.37866817406674996,-2.602479694552721
0.17213412865738692,-0.36583251031750685,0.24083992999227974,1790749900,165468959,0.14000000059604645,0.14762253592243246,-0.3812204140906417,0.37781581986329854,-2.653949662974799
0.16080241434749762,-0.36649152749575487,0.24208911869211086,1790749900,215167724,0.13699999451637268,0.1437152494451745,-0.3817124528922947,0.3771644707114927,-2.705232635569566
0.1499514649320783,-0.3667700363460318,0.23995654065256924,1790749900,265043952,0.1379999965429306,0.13976597444590544,-0.3822269414503149,0.37670937943115596,-2.7567463589504486
0.13881591214154315,-0.36722760391087494,0.23936650865497586,1790749900,315446979,0.1379999965429306,0.1357584259584137,-0.3827693484065095,0.37645445488702517,-2.8088135635278757
0.12768956024868933,-0.36774639087884414,0.23934811401945036,1790749900,365714709,0.1379999965429306,0.13175499781037708,-0.3833316394239244,0.37640493176694134,-2.8607788001737484
0.11654288563735743,-0.3680968666163239,0.23791056139819688,1790749900,415416826,0.14000000059604645,0.12780137536109698,-0.38390993744242297,0.37655829259882717,-2.9121661162349466
0.10584213566140027,-0.3690758809245235,0.24198158961516172,1790749900,465586889,0.13699999451637268,0.1238459466424376,-0.3845117063705392,0.3769134115862793,-2.963800809209792
0.09600743831506016,-0.37033119032472317,0.2485002351654841,1790749900,515215820,0.13199999928474426,0.1199620521287726,-0.38512840335814796,0.3774623178667643,-3.0148359681507064
0.0841468774697188,-0.3704195339022386,0.24483926334724465,1790749900,565329420,0.1379999965429306,0.11608618793909377,-0.38577013399597027,0.37821181888005306,-3.0662559646325835
0.07351088160509303,-0.371242197409318,0.24758219673530682,1790749900,615437557,0.1379999965429306,0.11225839784501465,-0.3864333504686631,0.3791567303647802,-3.117649314986423
0.06448119810029374,-0.37254707586841396,0.25456745128068703,1790749900,665269156,0.1340000033378601,0.10853607767693281,-0.38710764707875117,0.38027806438102574,-3.168381889910039
0.05441396187319382,-0.37347838190851995,0.25827912029857203,1790749900,715628377,0.1340000033378601,0.10484437924394335,-0.3878091863963217,0.3815974155393469,-3.219581860637777
0.04463871237544387,-0.37445668724839143,0.26245475564122933,1790749900,765173835,0.1340000033378601,0.10126045644683775,-0.38852347140957094,0.38308685989305313,-3.2703303283524363
0.03593092288293161,-0.3757072563901554,0.2689193718085241,1790749900,815154981,0.13199999928474426,0.09772389473429591,-0.38926535372652,0.3847718920123015,-3.321594923357853
0.026607447980424248,-0.376804166246512,0.2740749288612837,1790749900,865339007,0.13199999928474426,0.0942729313859434,-0.390027727267905,0.38663833144215537,-3.372999002704108
0.01805964838289667,-0.37806071269979563,0.2805611966448152,1790749900,915875729,0.13099999725818634,0.09090250610339884,-0.3908150288038977,0.3886918804559895,-3.424751442860156
0.009517255892975598,-0.3792379419563534,0.2864944191134965,1790749900,965211844,0.13099999725818634,0.08772534382370024,-0.3916000586848526,0.3908575942944761,-3.4752299909862714
0.0018076808005340617,-0.38057349704812254,0.29370556443413254,1790749901,15270990,0.12999999523162842,0.08462022795856693,-0.3924146297675112,0.3932136966110748,-3.5264400954940234
-0.003415720140055256,-0.3822047481058023,0.30342453640372996,1790749901,65078515,0.12600000202655792,0.08165862578382783,-0.3932409657786406,0.39570973606106286,-3.57738504766388
-0.010923684638665138,-0.38353309331603264,0.3105510451173653,1790749901,115493375,0.12600000202655792,0.07879669089309749,-0.3940943719614638,0.3983844904471806,-3.6289492414022413
-0.01646069396241885,-0.38504398931870304,0.31926304915999737,1790749901,165455716,0.12399999797344208,0.07611740187889525,-0.3949503380117982,0.401160301393396,-3.679788206302341
-0.024607983866124047,-0.38627873293077375,0.32568903229549473,1790749901,215550482,0.12600000202655792,0.07358069571935603,-0.3958229203070025,0.4040720164137328,-3.7307133240302743
-0.030833769896090893,-0.38770495847531616,0.3337299513306392,1790749901,265668554,0.12600000202655792,0.07120782914960352,-0.3967050835062877,0.4070955449308904,-3.7814503480944097
-0.03326236282703211,-0.3894285450544348,0.34419654564305735,1790749901,315589496,0.12200000137090683,0.06900350452447539,-0.3975964395255263,0.4102191039792371,-3.831950353648586
-0.03852051747189239,-0.3909018821365033,0.35262502034368876,1790749901,365572790,0.12200000137090683,0.06695892953124613,-0.39850161065208856,0.4134553640950006,-3.8825627808378185
-0.045967534943109054,-0.3922200713636231,0.3598597354292585,1790749901,415097545,0.125,0.06509891682475945,-0.39941016846683514,0.4167591712379035,-3.9327193245473593
-0.04587633513860705,-0.3940343348549513,0.3709865786175637,1790749901,465419627,0.11999999731779099,0.06338817538132903,-0.40033914668579806,0.42019547461093293,-3.983523374022342
-0.051613519375740616,-0.3954843162576284,0.37927054526059756,1790749901,515527773,0.12200000137090683,0.06186281292961349,-0.40127310276573397,0.42369590166648025,-4.034081479745951
-0.05232961731484815,-0.39674083449436415,0.38679740555665393,1790749901,565343465,0.11999999731779099,0.06084822848194422,-0.4019723790041215,0.4263373286611537,-4.0715612659957365
-0.0535692591726685,-0.3978872407206938,0.3935872936768127,1790749901,615566398,0.11900000274181366,0.0599834824819835,-0.402636164396152,0.4288608423951965,-4.10690464385033
-0.05536956789166129,-0.3983115476897986,0.3960185946012357,1790749901,665250506,0.11999999731779099,0.05964972862430796,-0.402914091431596,0.4299210631890278,-4.121633732255554
-0.05310258576194006,-0.3987780735938382,0.3989215364539538,1790749901,715819941,0.11699999868869781,0.059405898527152154,-0.4031264490629673,0.4307324196058856,-4.1328613287799625
-0.05319258759443973,-0.3988312988095327,0.39923292653108633,1790749901,767153647,0.11699999868869781,0.05936982568738443,-0.4031585910441195,0.43085534502246037,-4.134559154510498
-0.05415466146330849,-0.39879431333045073,0.3989626488992021,1790749901,815782565,0.11800000071525574,0.059369825687384394,-0.4031585910441195,0.43085534502246026,-4.134559154510498
-0.05415466146330849,-0.39879431333045073,0.3989626488992021,1790749901,865464043,0.11800000071525574,0.059369825687384394,-0.4031585910441195,0.43085534502246026,-4.134559154510498
-0.05415466146330845,-0.39879431333045073,0.39896264889920213,1790749901,915402605,0.11800000071525574,0.05936982568738446,-0.4031585910441195,0.43085534502246037,-4.134559154510498
-0.05511673533217725,-0.3987573278513687,0.39869237126731794,1790749901,965257612,0.11900000274181366,0.059369825687384435,-0.4031585910441195,0.43085534502246037,-4.134559154510498
-0.05415466146330848,-0.39879431333045073,0.39896264889920213,1790749902,15994982,0.11800000071525574,0.05936982568738443,-0.4031585910441195,0.43085534502246037,-4.134559154510498
-0.053192587594439754,-0.3988312988095327,0.39923292653108633,1790749902,70147562,0.11699999868869781,0.059369825687384435,-0.4031585910441195,0.43085534502246037,-4.134559154510498
-0.05415466146330849,-0.39879431333045073,0.3989626488992021,1790749902,117134909,0.11800000071525574,0.059369825687384394,-0.4031585910441195,0.43085534502246026,-4.134559154510498
-0.05287497518916741,-0.39878004591571226,0.3981245851844197,1790749902,168985969,0.11699999868869781,0.05949663578134774,-0.40318134462959343,0.43040847142318717,-4.12868138973975
-0.05542128264168577,-0.3986133628586351,0.3961535245718948,1790749902,215620611,0.11999999731779099,0.05962834313926605,-0.4032045982117935,0.42995446423138806,-4.122699585615053
-0.05216178789109455,-0.39849067314236136,0.3923719095568977,1790749902,265380348,0.11800000071525574,0.060161118208005605,-0.4032960715408211,0.4282114558777591,-4.099635997032871
-0.05333480954818624,-0.39813757010353573,0.38645638152756545,1790749902,315444901,0.12099999934434891,0.06081866718878966,-0.4034026733817156,0.42623404206288645,-4.073262500676017
-0.04963342656131898,-0.397847755275266,0.3793998987658846,1790749902,365322686,0.11999999731779099,0.06190123587275364,-0.403564556928493,0.42330134077915993,-4.033684524586553
-0.047275296309808035,-0.39745546349670763,0.371224584095021,1790749902,415557295,0.12099999934434891,0.06318436745048492,-0.40374354115075994,0.4202156302433946,-3.9913620172121176
-0.044515676837815044,-0.39707058622841646,0.36304119676993135,1790749902,465064801,0.12200000137090683,0.06460983128551484,-0.40393201116381716,0.41715722636544206,-3.9486159267038765
-0.03868130303720746,-0.39687342020535366,0.3562397518144243,1790749902,515341503,0.11999999731779099,0.06619521170391619,-0.4041323556579533,0.414103590851596,-3.9050116187269373
-0.034308089604109124,-0.39658566212319335,0.3487444105208504,1790749902,565142398,0.11999999731779099,0.06790951211964873,-0.4043400576075056,0.4111257427027295,-3.8614597368572503
-0.030394010103567473,-0.3962511319766212,0.3408227676726907,1790749902,615326554,0.12099999934434891,0.06976780523453047,-0.40455891615519446,0.40819925698128745,-3.817501914741754
-0.02616993404707668,-0.39593599200151025,0.33312964963257286,1790749902,665211912,0.12200000137090683,0.07172847333921435,-0.4047834582680516,0.40539045855685407,-3.7740622747775765
-0.022353957922472426,-0.3955639496118749,0.3249552081556923,1790749902,715233530,0.12399999797344208,0.07381098507407804,-0.40501851339799966,0.4026656608599324,-3.7305520610731238
-0.016674688106819532,-0.3953656666420669,0.3182560833510211,1790749902,765072740,0.12399999797344208,0.07599353022375407,-0.4052611853998192,0.4000526573463038,-3.6873526382209016
-0.009956321045388392,-0.39527972670064065,0.31246225068645106,1790749902,815244832,0.12300000339746475,0.07829917658083128,-0.40551651007366174,0.39752208986275395,-3.6438935613396524
-0.005052532479572255,-0.3949702507506965,0.3048027307010333,1790749902,865878137,0.125,0.08072336126923384,-0.4057835056992994,0.39508323562324804,-3.6002334377254015
8.066469623438377e-05,-0.3946838927029674,0.2974512484467563,1790749902,915309031,0.12700000405311584,0.08318648969070612,-0.4060558360938723,0.39280900526283147,-3.5576453178993943
0.00817052832171214,-0.3947862191288831,0.2933074394304739,1790749902,965325834,0.125,0.08577995205198816,-0.40634316458530617,0.39061218936577624,-3.5144600898334284
0.014015215554309832,-0.3945541354094808,0.2863524385273094,1790749903,15311035,0.12700000405311584,0.08846315447395088,-0.40664339079579515,0.3885304954882504,-3.4712848663392486
0.02082773359286931,-0.39444406995927755,0.2804036211766181,1790749903,65572960,0.12800000607967377,0.09125160721101822,-0.40695788916834835,0.3865539104358293,-3.4278191742609145
0.027380535996122043,-0.39426686955339113,0.27390308076675607,1790749903,115590171,0.12999999523162842,0.09410761957686575,-0.4072847605350761,0.38470935130872863,-3.3845551548104797
0.035654646063187495,-0.39442434160822676,0.2703018304684628,1790749903,165188426,0.1289999932050705,0.09701848150808105,-0.4076220272318244,0.3830018705775104,-3.3415983574357373
0.04414323690785445,-0.39462674404520964,0.267026958046486,1790749903,215438184,0.12800000607967377,0.10003798518090815,-0.40797836517642094,0.38140139961914277,-3.2980674222159942
0.05139554365585624,-0.39455111064392623,0.26146897599985025,1790749903,265206496,0.12999999523162842,0.10307108575771058,-0.408342072854086,0.37995714616894705,-3.25526002247152
0.05913059894283095,-0.3945132180425072,0.25612808496767747,1790749903,316053655,0.13199999928474426,0.10622419745524668,-0.4087283336234853,0.3786194041676245,-3.211582420319413
0.06756492680605254,-0.3947225202349006,0.2530674307803784,1790749903,365210352,0.13199999928474426,0.10934256348280033,-0.409117657794465,0.37745154913766454,-3.1691025155026744
0.07633495310462465,-0.3949800573476103,0.2503057659080184,1790749903,415535417,0.13199999928474426,0.11258451127464021,-0.4095321453726933,0.37639385447217016,-3.1255649002682198
0.08503748711923662,-0.39527358025217263,0.24797214339999174,1790749903,465275580,0.13199999928474426,0.1158020806491369,-0.4099525765846788,0.3754949518021861,-3.082891594334153
0.09376532322382544,-0.3955029009042445,0.24501210653461072,1790749903,515800533,0.13300000131130219,0.11909888574281863,-0.4103946826483737,0.37472504264889295,-3.039611131935818
0.1031090628368507,-0.39621765779611573,0.24637686636599906,1790749903,565381326,0.12999999523162842,0.1223735359784844,-0.41084448752931785,0.3741067950700996,-2.9969838082353824
0.11149421192838929,-0.39607904502346597,0.2402423517877411,1790749903,615391879,0.13500000536441803,0.12569951112365252,-0.41131422553001795,0.3736256348411235,-2.9539594913092455
0.12085832581993189,-0.39688556024774063,0.24238841047229082,1790749903,665534674,0.13199999928474426,0.1290449954554581,-0.41179920258834785,0.37328746136108715,-2.910883557176781
0.12980799243832725,-0.39716687400876255,0.23997690261993843,1790749903,715221374,0.1340000033378601,0.1323675462211041,-0.41229532756483817,0.37309556950021205,-2.8682103186788925
0.13908561715469228,-0.3976145289890582,0.23894559684831534,1790749903,765761115,0.13500000536441803,0.1357563269102848,-0.41281572406989475,0.37304571222103133,-2.824724833263215
0.1481414639106941,-0.3983215943392245,0.2402941528391948,1790749903,815395139,0.1340000033378601,0.13908140727393792,-0.4133426897234971,0.3731409930791564,-2.782004329782305
0.15753072575161786,-0.3986240943930424,0.23807401093855354,1790749903,865296034,0.13699999451637268,0.14239878064897313,-0.41388426665083033,0.3733779276503743,-2.739260380124445
0.1665453578004305,-0.39941914607821777,0.24020641463579945,1790749903,915379542,0.13600000739097595,0.14570889754162508,-0.41444283083838773,0.3737584001337911,-2.6963978619157833
0.17597198607737452,-0.39992385027891986,0.23978611669048336,1790749903,965210307,0.1379999965429306,0.14898704918891992,-0.41501388694079033,0.374278135117297,-2.653666529308038
0.18416680140847974,-0.4011339039043765,0.24560453524384038,1790749904,15601482,0.1340000033378601,0.15227421151395756,-0.4156069665251308,0.3749466941199859,-2.6104385340888476
0.1931049389181564,-0.4018205398523586,0.24689313034444205,1790749904,65155691,0.13500000536441803,0.15544546028890666,-0.4161988348046673,0.3757342330719117,-2.568294545747553
0.20216666474645523,-0.4025655798749106,0.24861948328114603,1790749904,115648654,0.13600000739097595,0.1586312687872529,-0.4168156720063582,0.3766726214046072,-2.5254184511428788
0.21066641663122104,-0.4034405038765241,0.251614849367219,1790749904,165107918,0.13600000739097595,0.16171493284629754,-0.4174344944033471,0.3777256041613089,-2.483315489139183
0.2196020943657656,-0.40427326711680855,0.2541293418285806,1790749904,215582788,0.13699999451637268,0.16481110229449497,-0.41808052038376925,0.37893441160763286,-2.440328252404898
0.2270280743229691,-0.40543129607271483,0.25966853602225615,1790749904,265157035,0.13500000536441803,0.1678094031950373,-0.41873064544832805,0.38025575650776255,-2.3979134939142894
0.2342563462949972,-0.4066335788124919,0.26554650352143294,1790749904,315475617,0.13300000131130219,0.17079140230804926,-0.41940476848120267,0.3817278184906902,-2.3548244961642792
0.2426286685548017,-0.4075737339616804,0.26909520727739433,1790749904,365377068,0.1340000033378601,0.17368271804983926,-0.42008609608508785,0.3833138467265075,-2.3120562401580553
0.24979195235473214,-0.4087395165091565,0.27469482352252717,1790749904,415406483,0.13300000131130219,0.17650724746074015,-0.4207821653130496,0.3850276245709596,-2.269171255916606
0.257831490619134,-0.40975680749916504,0.27895412402544106,1790749904,465563370,0.1340000033378601,0.17924958499933905,-0.42148891884500905,0.3868579820059455,-2.2263340107484364
0.2644020314033704,-0.410972063506114,0.2850872778252884,1790749904,515281284,0.13300000131130219,0.18188241003752129,-0.42220088718352117,0.38878600470881863,-2.18389996288796
0.27002282736817296,-0.41229437257427076,0.29222540482772896,1790749904,565295041,0.13099999725818634,0.18443124411673456,-0.4229242765040039,0.3908260402242697,-2.1414085448107736
0.27805398517447866,-0.41333167459834397,0.2966875182071691,1790749904,615719114,0.13300000131130219,0.18690477076754936,-0.42366404108298406,0.3929894562179542,-2.0986046966333576
0.2822189052876528,-0.4147538284641361,0.30487283606225735,1790749904,665113156,0.12999999523162842,0.1892265796407401,-0.4243961002359266,0.39520252512449694,-2.0567868510828866
0.2890023741879394,-0.41591619945037384,0.3105662778846216,1790749904,715215830,0.13099999725818634,0.1914799354049932,-0.42514813381888084,0.39754411760996156,-2.0143894171830783
0.29249692253436577,-0.4173835250950748,0.3191299726479725,1790749904,765322754,0.12800000607967377,0.19363842095464573,-0.42591211935376583,0.3999894884873568,-1.9717976256257463
0.29954092583707265,-0.4185410225729508,0.32475666800068503,1790749904,815477697,0.12999999523162842,0.1956902350981944,-0.42668641539114843,0.4025299627047062,-1.9291288108749147
0.30551950562080676,-0.4197851802359388,0.33125253723962855,1790749904,865170295,0.13099999725818634,0.19761390617754174,-0.4274620678880719,0.40513383586391505,-1.8867921123560412
0.3078787352477044,-0.4212860207739963,0.3401966725953502,1790749904,915191099,0.12800000607967377,0.1994334404925173,-0.4282508037518566,0.4078362423746474,-1.8441642154531572
0.3132332126848745,-0.4225719604601778,0.34710966103057445,1790749904,965204356,0.1289999932050705,0.20112342755994436,-0.42904119256792844,0.4105962215145563,-1.8017845344205938
0.3138644617451251,-0.42411611788329084,0.35656957440639014,1790749905,15361308,0.125,0.20269339962825791,-0.4298394980475106,0.4134311419832999,-1.7593294554399985
0.3176483461894313,-0.42547810705668765,0.3642381831505014,1790749905,65475418,0.125,0.2041392172596027,-0.43064516832731076,0.4163340479328158,-1.716822860187565
0.3210891025218414,-0.4268519747713457,0.3720448504810524,1790749905,115459323,0.125,0.2054531050193252,-0.4314545623305894,0.4192902975564856,-1.6744099599479474
0.3259040148056642,-0.42809473769850176,0.37886332004269974,1790749905,165088319,0.12700000405311584,0.20657322056492788,-0.43222173624464816,0.4221314429320347,-1.6343678855658896
0.32475706081841405,-0.4295393159445425,0.38779628959449247,1790749905,215419236,0.12300000339746475,0.2075786291164529,-0.4329956542086726,0.425028932603673,-1.5941538962945563
0.33011552909458947,-0.43029061770953564,0.39161667544105294,1790749905,265694281,0.12700000405311584,0.2081622595255716,-0.4334965316337863,0.4269171455063112,-1.5682411859061862
0.33428105553945797,-0.43099469437157406,0.39536337967702384,1790749905,315556297,0.12999999523162842,0.20863924917156823,-0.4339437268482293,0.42861151436588635,-1.545163311515448
0.3298141204119633,-0.43134528349487206,0.39802672252717475,1790749905,365292896,0.125,0.20877819271765502,-0.43408192641104826,0.42913644757783254,-1.538044692045159
0.33099948511868793,-0.4314673785058755,0.39862019572804785,1790749905,415408625,0.12600000202655792,0.2088602947606855,-0.43416554763596205,0.4294542446468924,-1.5337418237209954
0.33103247600950314,-0.4314894855378796,0.3987495704673914,1790749905,465153048,0.12600000202655792,0.20887277105871938,-0.43417838474110526,0.4295030551171828,-1.5330814123153687
0.33103247600950314,-0.4314894855378796,0.3987495704673914,1790749905,515439315,0.12600000202655792,0.20887277105871938,-0.43417838474110526,0.4295030551171828,-1.5330814123153687
0.3329715228436254,-0.4314468045123369,0.3982614189359807,1790749905,565210544,0.12800000607967377,0.20887277105871938,-0.43417838474110526,0.4295030551171828,-1.5330814123153687
0.3290934291753808,-0.43153216656342225,0.39923772199880214,1790749905,615240589,0.12399999797344208,0.20887277105871938,-0.43417838474110526,0.4295030551171828,-1.5330814123153687
0.33006295259244195,-0.4315108260506509,0.3989936462330968,1790749905,665324188,0.125,0.20887277105871938,-0.43417838474110526,0.4295030551171828,-1.5330814123153687
0.33103247600950314,-0.4314894855378796,0.3987495704673914,1790749905,715844040,0.12600000202655792,0.20887277105871938,-0.43417838474110526,0.4295030551171828,-1.5330814123153687
0.3320019994265643,-0.4314681450251082,0.39850549470168606,1790749905,768497641,0.12700000405311584,0.20887277105871938,-0.43417838474110526,0.4295030551171828,-1.5330814123153687
0.3329715228436254,-0.4314468045123369,0.3982614189359807,1790749905,815882944,0.12800000607967377,0.20887277105871938,-0.43417838474110526,0.4295030551171828,-1.5330814123153687
0.3317045028803051,-0.43140467473184374,0.3973396588534518,1790749905,867768125,0.12700000405311584,0.20876030790250052,-0.43419761727499684,0.42905598623701957,-1.5389789905886748
0.3333088819899583,-0.4312910014504431,0.3955727575321589,1790749905,915796597,0.1289999932050705,0.2086360910973343,-0.4342184141729961,0.42857463191383793,-1.5453390714001816
0.32924726650866315,-0.43113259139146093,0.3921387971462255,1790749905,965263490,0.12600000202655792,0.20819428252593386,-0.4342894814560164,0.4269555980430627,-1.5668127827598333
0.3278026784221565,-0.43087538411312193,0.3873494352614652,1790749906,15732305,0.12600000202655792,0.20764481351983358,-0.43437202181468354,0.4251100170577212,-1.5914573382080677
0.32458173165863446,-0.4305424231879095,0.38087437577402233,1790749906,65575895,0.125,0.2067775554816865,-0.43449144153857694,0.42248664955636556,-1.626831037729375
0.3219032748405942,-0.4301662008532315,0.3737473833176864,1790749906,115998895,0.125,0.2057523506983738,-0.4346216223102568,0.4197268574398252,-1.66453506303212
0.31716370940594146,-0.42988351733236563,0.3676098411430035,1790749906,165190593,0.12300000339746475,0.20463795162720405,-0.4347542603076208,0.4170388866017847,-1.7018118350541267
0.3184643768013902,-0.4293162698790486,0.3585482569986074,1790749906,215160193,0.12800000607967377,0.20340198569771914,-0.4348934038520355,0.41434739038390034,-1.7397645180421768
0.31227856940004206,-0.42910132618035424,0.3530271970724918,1790749906,265102404,0.125,0.20206518233753262,-0.43503681548526296,0.4117023986394297,-1.7777426863297414
0.3085128914923751,-0.42876735957962697,0.3463007455825518,1790749906,315296439,0.125,0.2006219409163656,-0.4351859198813184,0.40909680332074605,-1.8159216526928779
0.30533969503916325,-0.42839236783365287,0.3391887681619413,1790749906,365835134,0.12600000202655792,0.1990831592616971,-0.43533966435997323,0.4065481341494566,-1.8540757716118392
0.30278673688026775,-0.42797287929822014,0.3317317217063135,1790749906,415448445,0.12800000607967377,0.1974822698370149,-0.4354959652897003,0.4041083336351527,-1.89147957479085
0.29905000746124893,-0.42761312835183235,0.3248240929618973,1790749906,465416026,0.1289999932050705,0.19576952277399332,-0.4356598573172524,0.40169664907024366,-1.929389236614501
0.2926636885636765,-0.4274600074885162,0.31986563537064916,1790749906,515690007,0.12700000405311584,0.1939540625570695,-0.43583152011005105,0.399334676761336,-1.9675755650237414
0.2899806562794833,-0.4269962042053507,0.31202056905555753,1790749906,565211447,0.12999999523162842,0.19207951515047014,-0.43600696687805807,0.39707450183891924,-2.0052103604677622
0.284690659364384,-0.42674764483749467,0.30618655870325595,1790749906,615235344,0.12999999523162842,0.1901016901425579,-0.4361915082807289,0.3948642847963476,-2.043230473016104
0.27781112299873856,-0.4266725237573937,0.30200210044375764,1790749906,665342222,0.12800000607967377,0.18805446499812342,-0.4363820796972361,0.3927405621036746,-2.081040902312743
0.27419287426150796,-0.4262367187303309,0.29444815228055166,1790749906,715603026,0.13099999725818634,0.18592560456622922,-0.4365809820275197,0.3906920331199286,-2.118916577674516
0.26834326622455007,-0.42605302202494166,0.2893002234537837,1790749906,765031707,0.13099999725818634,0.18374974994567025,-0.4367850845997436,0.3887474914811673,-2.1563265987210465
0.2628079287739513,-0.4258052271118864,0.2835009860235816,1790749906,815339225,0.13199999928474426,0.1814611690571873,-0.4370017130057257,0.3868515699521913,-2.1944323673499033
0.25536097040750105,-0.4258410644493569,0.28037572405846256,1790749906,865236759,0.12999999523162842,0.1791385570971388,-0.43722361524251635,0.3850685127633627,-2.2319788139425825
0.24944792986682127,-0.42564106539873947,0.27503765446587264,1790749906,915832908,0.13099999725818634,0.1767206932396796,-0.4374577251066466,0.3833525421202117,-2.270004515476541
0.24343017341680234,-0.4254634573191428,0.26998260335609847,1790749906,965482071,0.13199999928474426,0.17428761791852446,-0.4376964351760662,0.3817576501379812,-2.3073193107054926
0.23664119096136566,-0.4254023124737782,0.26596521058147937,1790749907,15593847,0.13199999928474426,0.171774154715766,-0.43794716885311746,0.3802407285120768,-2.3449820846411042
0.2316008848152286,-0.42497953704557606,0.2587013580669024,1790749907,65096186,0.13600000739097595,0.1692294335438976,-0.4382051626891566,0.378829984559464,-2.382314759092169
0.22221296901898563,-0.4254623172565692,0.25960477335803567,1790749907,115407852,0.13099999725818634,0.16659025114676482,-0.43847797357692925,0.3774933021837973,-2.4202813581668527
0.21619799065177453,-0.4251835393725707,0.25363097402883245,1790749907,165429406,0.1340000033378601,0.16391784175168822,-0.4387595195562002,0.3762624532158056,-2.458047686076048
0.2091706390676079,-0.42512976028006316,0.2497129843305526,1790749907,215285514,0.13500000536441803,0.16121061688722582,-0.43905098317235997,0.3751364162483292,-2.4956923180035533
0.20031560222370007,-0.4256271182976189,0.2507378421378372,1790749907,265713764,0.13099999725818634,0.15844584393637426,-0.43935499463525357,0.374105050235712,-2.5335876490759577
0.1940326710224785,-0.4253159902710856,0.2445499890480828,1790749907,315447520,0.13500000536441803,0.15568619696801989,-0.4396656618703152,0.37319149207481944,-2.570928659578117
0.18560811897193316,-0.4257782345753859,0.24528966489917783,1790749907,365691019,0.13199999928474426,0.1528834137533936,-0.43998848474081126,0.3723768879775353,-2.6084322785051404
0.17850944565579277,-0.42573234202034993,0.2415392242882065,1790749907,415181339,0.1340000033378601,0.15009861151105489,-0.4403173147902342,0.371678011615615,-2.6453346885530666
0.170582751768404,-0.42604493301448737,0.24095444360472973,1790749907,465229800,0.13300000131130219,0.1472567417227638,-0.44066122364807114,0.3710746251765047,-2.682687723016347
0.16288442793253533,-0.42617224185134944,0.23869180879372273,1790749907,515718865,0.1340000033378601,0.14436957236771136,-0.4410200169195418,0.3705733639615497,-2.7203758930357136
0.155340906882738,-0.4262127868098217,0.23574368325704675,1790749907,565081407,0.13600000739097595,0.14152943475317845,-0.4413822830673291,0.37018746939554176,-2.757253136803556
0.14717138441770325,-0.42684860786086515,0.2380173872437885,1790749907,615234674,0.13300000131130219,0.13863184041396612,-0.44176222317587527,0.3699024152615681,-2.7947268374573873
0.13932375012922593,-0.42695780855124693,0.23563129010921496,1790749907,665033005,0.13500000536441803,0.13572137173679696,-0.442154521218557,0.36972485536280153,-2.8322722058380663
0.13126582664037753,-0.42755518317132596,0.2375141695461103,1790749907,715340125,0.13300000131130219,0.13277233698015123,-0.4425638383459114,0.36965602909581136,-2.8702691667646785
0.12326774586078845,-0.4276141843017604,0.23472882986859658,1790749907,765200428,0.13600000739097595,0.12987984878265355,-0.4429771125408481,0.3696964650305747,-2.907548453082895
0.11571301088406842,-0.42861170806467397,0.24017147050830545,1790749907,815372593,0.13099999725818634,0.12697943090981204,-0.4434042415646981,0.3698450916272478,-2.944990676863626
0.10799744324784807,-0.4290731108561066,0.24093491952137805,1790749907,865101970,0.13099999725818634,0.12411004702345818,-0.4438396698843306,0.37009889288733255,-2.982147295293787
0.10003792996639374,-0.4294624260219341,0.24102083442946873,1790749907,915589988,0.13199999928474426,0.12120916100590368,-0.44429399886901866,0.3704650433935078,-3.019878899388298
0.09214471844796682,-0.4298789178820318,0.24139385838172364,1790749907,965867478,0.13300000131130219,0.11836063808843299,-0.44475448476120216,0.3709332092224405,-3.0571510956740604
0.08484674932532993,-0.4305407193544324,0.2439658152102389,1790749908,15264039,0.13199999928474426,0.11558608800895727,-0.445217816143958,0.3714949322709974,-3.0937181311910362
0.07838902179961024,-0.4315712030062729,0.24969082120207806,1790749908,65128332,0.12800000607967377,0.11279789624264859,-0.4456988915707432,0.3721671018926064,-3.130786426768022
0.06982979867131743,-0.4317529212999198,0.24804644504312817,1790749908,115142655,0.13199999928474426,0.11002742866863524,-0.44619349255231106,0.372944884807906,-3.167995160125657
0.06370998721353457,-0.43284822577162585,0.2542715848180565,1790749908,165699952,0.12800000607967377,0.10725857484325235,-0.4467052826711651,0.3738353922429468,-3.2056260288927936
0.05662315033573112,-0.43352256533637323,0.25692480355629954,1790749908,215182383,0.12800000607967377,0.10458404082495218,-0.44721763801558057,0.3748069460724105,-3.2424604499496077
0.04998686601390899,-0.43433843095506564,0.260770294054956,1790749908,265097084,0.12700000405311584,0.10192557769553275,-0.44774560015777226,0.3758859709730656,-3.27962103611721
0.04392001572080244,-0.43529146022033777,0.2657609357508288,1790749908,315429232,0.125,0.09928875468937375,-0.44828933541647037,0.3770729206644758,-3.3170932944457525
0.03677507764152637,-0.4359497494297916,0.2682724826476113,1790749908,365073923,0.12600000202655792,0.09673493132341744,-0.44883646116364684,0.37833950367492597,-3.354056584458782
0.03015065622130117,-0.43674733871574095,0.2719507276979471,1790749908,415137773,0.12600000202655792,0.0942102345926594,-0.44939910005505374,0.3797111279597756,-3.391332661109014
0.02426341629218652,-0.4376644111620285,0.2766750725669991,1790749908,465156790,0.125,0.09176105442226422,-0.4499673429570835,0.38116290303594563,-3.428292401975272
0.018596241224257487,-0.4386035843964616,0.28158694456368444,1790749908,515184251,0.12399999797344208,0.08937183580342078,-0.4505451866672027,0.38270179433653917,-3.4652044247681784
0.012521857820659343,-0.4394741474353147,0.2859070048351061,1790749908,565179267,0.12399999797344208,0.08703407516666567,-0.45113530487536524,0.3843343707998291,-3.502261651446875
0.008475130262110345,-0.4406504997596763,0.292785134441239,1790749908,615391600,0.12099999934434891,0.08474843280945434,-0.45173853814962084,0.3860612758950796,-3.5395112913043696
0.0028503443810712764,-0.44156151945381955,0.2974534994908589,1790749908,665187431,0.12099999934434891,0.08255091646365507,-0.45234585064016314,0.38785547320772285,-3.576419719903539
-0.0005611672930165429,-0.4427605411832253,0.3045147933286247,1790749908,715217698,0.11800000071525574,0.08041335157046303,-0.4529653796601885,0.389737963507206,-3.6134960868688686
-0.00789908027387036,-0.44346370219376585,0.3074397414748925,1790749908,765360205,0.12099999934434891,0.0783507449683535,-0.4535935867513026,0.39169739944061843,-3.650546857285417
-0.011463447555936562,-0.44460236651026885,0.3140156435411714,1790749908,815095156,0.11900000274181366,0.07638087520758953,-0.45422513212002025,0.3937136861318705,-3.6872764770539157
-0.017114049533666284,-0.4455373573895824,0.3188473337386184,1790749908,865526109,0.11999999731779099,0.07445174738590939,-0.45487792203519145,0.3958438144559478,-3.7247405489519094
-0.020972955073692415,-0.4466373390302892,0.32507328485592313,1790749908,915307412,0.11900000274181366,0.07262699218749195,-0.45553133702981263,0.39801810869449056,-3.7617632243108496
-0.02459062444123157,-0.44775557599391475,0.33143365186911666,1790749908,965643134,0.11800000071525574,0.07087964399946055,-0.4561953438289717,0.4002682240807086,-3.798937641677759
-0.028713783196957512,-0.44880252621206224,0.337250733729515,1790749909,15289362,0.11800000071525574,0.06924334973214179,-0.4568569197002735,0.4025464228877449,-3.835556468645435
-0.031780757076995805,-0.44993605855038643,0.34375964917955326,1790749909,65308138,0.11699999868869781,0.06768911228902451,-0.4575278312163959,0.4048915538550153,-3.87230073931016
-0.03547138335426543,-0.45102421793988695,0.34988595010929324,1790749909,115625749,0.11699999868869781,0.06621675625793445,-0.45820909603794546,0.40730458368830724,-3.9092365711509225
-0.03976987328362408,-0.45205550565900576,0.3555986458694076,1790749909,165029587,0.11800000071525574,0.06485555262620284,-0.4588872667599056,0.4097359478177677,-3.945660223280298
-0.040317842184712835,-0.45334797183216263,0.36332412204802456,1790749909,215364198,0.11500000208616257,0.06356182912873903,-0.4595849003121564,0.41226403511253706,-3.982798796474363
-0.04140548670763844,-0.4545652552637821,0.37047627854180964,1790749909,265021769,0.11299999803304672,0.06238165558741679,-0.4602775455882038,0.41480006886872145,-4.019395651248737
-0.04596206569757307,-0.45560834162421626,0.3762468105488882,1790749909,315343278,0.11500000208616257,0.061283391658735455,-0.4609845730433387,0.41741121862165964,-4.0564740158692185
-0.04521513420399878,-0.45670599856324234,0.3827875136489893,1790749909,365069719,0.1120000034570694,0.06044148295857385,-0.46158036306245287,0.4196239167697333,-4.087475243373413
-0.04705103357846946,-0.4576489875556771,0.388184931380522,1790749909,415351033,0.1120000034570694,0.059687141826207324,-0.46216557050078955,0.4218087795267995,-4.1177535320258025
-0.04697106383061524,-0.4581743436299322,0.39126132648508255,1790749909,465226337,0.11100000143051147,0.059326250597685065,-0.46246696006053345,0.4229386797060247,-4.1332947387882255
-0.04861993164666529,-0.45853871794681544,0.3932897196043249,1790749909,515286798,0.1120000034570694,0.05904186977535703,-0.4627162509256796,0.4238754271678111,-4.14612348882978
-0.048745813090843054,-0.4586142142409864,0.39372327808439506,1790749909,565347824,0.1120000034570694,0.058990069443693796,-0.4627629194195902,0.42405096566899436,-4.1485220166840024
-0.046847258967767896,-0.4587036278191205,0.39435250096815266,1790749909,616498262,0.10999999940395355,0.05897954976261807,-0.4627724603335809,0.42408684180129286,-4.149011907641029
-0.04781259739970498,-0.4586686204119904,0.39409354399873037,1790749909,665246181,0.11100000143051147,0.05897819563404177,-0.4627736897036172,0.42409146470847237,-4.149075031280518
-0.046850516245874295,-0.4587056030926921,0.39436379608085353,1790749909,716129896,0.10999999940395355,0.05897819563404177,-0.4627736897036172,0.42409146470847237,-4.149075031280518
-0.04781259739970498,-0.4586686204119904,0.39409354399873037,1790749909,765230715,0.11100000143051147,0.05897819563404177,-0.4627736897036172,0.42409146470847237,-4.149075031280518
-0.04781259739970498,-0.4586686204119904,0.39409354399873037,1790749909,815755909,0.11100000143051147,0.05897819563404177,-0.4627736897036172,0.42409146470847237,-4.149075031280518
-0.04781259739970498,-0.4586686204119904,0.39409354399873037,1790749909,865243461,0.11100000143051147,0.05897819563404177,-0.4627736897036172,0.42409146470847237,-4.149075031280518
-0.04877467855353567,-0.4586316377312888,0.39382329191660725,1790749909,916111685,0.1120000034570694,0.05897819563404177,-0.4627736897036172,0.42409146470847237,-4.149075031280518
-0.046850516245874295,-0.4587056030926921,0.39436379608085353,1790749909,970478636,0.10999999940395355,0.05897819563404177,-0.4627736897036172,0.42409146470847237,-4.149075031280518
-0.04877467855353567,-0.4586316377312888,0.39382329191660725,1790749910,17080482,0.1120000034570694,0.05897819563404177,-0.4627736897036172,0.42409146470847237,-4.149075031280518
-0.04753300805311151,-0.4586209948004107,0.39311794883397655,1790749910,65469945,0.11100000143051147,0.059093409115430796,-0.46278977860726583,0.423686375698067,-4.143649285830976
-0.04911428026183572,-0.4584886437661072,0.39140670687567486,1790749910,115448897,0.11299999803304672,0.05923199379156915,-0.46280885764050483,0.4232095401817265,-4.1372520556737085
-0.0479695889151393,-0.4583066809615572,0.38768332467796485,1790749910,165137154,0.11299999803304672,0.05969852826779303,-0.46287151929593523,0.42167947664744376,-4.116645240432472
-0.04467843124987121,-0.45818847771278515,0.384104218424574,1790749910,215603987,0.11100000143051147,0.060268920054678515,-0.462944748444015,0.4199431868871877,-4.093102197164407
-0.044400544256578627,-0.45781842357785957,0.3774839253732712,1790749910,265165530,0.11299999803304672,0.06115190703619821,-0.46305148794052886,0.41748760794038864,-4.059485160022052
-0.041864045690295,-0.4575252191314184,0.3711793663466383,1790749910,315340437,0.11299999803304672,0.062183993051456034,-0.4631699114286622,0.4148959837630519,-4.023547661822597
-0.0390304206011064,-0.4572373709255203,0.3648067855434978,1790749910,365893965,0.11299999803304672,0.06333640099069639,-0.46329696766619494,0.41227587738230376,-3.986672046785529
-0.03779727352191581,-0.4568531908994139,0.3577348493816169,1790749910,415482110,0.11500000208616257,0.06456135377665846,-0.46342751144771455,0.4097395626939423,-3.9503826719481454
-0.0353441292077193,-0.4565253805337682,0.3510248856806957,1790749910,465668053,0.11599999666213989,0.06589910963053423,-0.4635662642996913,0.4072052360796704,-3.9134529577678068
-0.03181289506621428,-0.4562730537747634,0.3449549034949465,1790749910,515287633,0.11599999666213989,0.06731165999343314,-0.4637098039956946,0.40474634565847756,-3.876904218461498
-0.025533510254591205,-0.45623792417903913,0.3406162136126859,1790749910,565516771,0.11299999803304672,0.0688219588876283,-0.4638608609084498,0.40232468818498135,-3.840103123165447
-0.02244761443842272,-0.4559582264803785,0.334331201483753,1790749910,615463315,0.11400000005960464,0.07040697011715864,-0.46401780903344647,0.39997470283514747,-3.8035449794457437
-0.01834284660872318,-0.4557647390728824,0.3287657983605642,1790749910,665180748,0.11400000005960464,0.07206679756363048,-0.4641810952589398,0.3976951912402905,-3.7671612666016285
-0.015541981257795892,-0.45543437358737765,0.3220365086303673,1790749910,715351339,0.11599999666213989,0.07382207442528754,-0.46435340957268195,0.39545663921170093,-3.7304468974213774
-0.011724953222604459,-0.4551922568886471,0.3160425438426951,1790749910,765389865,0.11699999868869781,0.07564855770294726,-0.4645328014312395,0.3932929387241818,-3.6938853592165053
-0.006938739633952265,-0.4550471762478753,0.31084064649009185,1790749910,815533605,0.11699999868869781,0.07755386080104247,-0.4647206664688177,0.3911925210907068,-3.6572576907143257
-0.0027194417095289525,-0.454839147542619,0.305157009829725,1790749910,865058722,0.11800000071525574,0.07951137469123737,-0.4649147839595641,0.3891842349038481,-3.6210190745458957
0.0024568663096383447,-0.45473423309471,0.30028483236885306,1790749910,915139128,0.11800000071525574,0.08156157138669223,-0.4651198195660179,0.3872249577260186,-3.584363041225457
0.008458755024905631,-0.4547424189086567,0.29635529179457787,1790749910,965316284,0.11699999868869781,0.0836845441894552,-0.46533424768717413,0.38533783784071324,-3.5476304764968094
0.012702554606714545,-0.45450022167162546,0.2903359461330859,1790749911,15286282,0.11900000274181366,0.0858636667071544,-0.4655570271141833,0.3835357282260927,-3.5110487074847905
0.017251875932809344,-0.45427258673111004,0.2844066087643487,1790749911,65042178,0.12099999934434891,0.08811848716519895,-0.4657906359720391,0.3818040306781413,-3.4742509999715585
0.02380574117824201,-0.45435314964334805,0.28103680826517474,1790749911,115244677,0.11999999731779099,0.0904585846200072,-0.46603677454448894,0.3801372155628585,-3.4370491055729526
0.028838812090281454,-0.4541659254448737,0.27541436427082283,1790749911,165672445,0.12200000137090683,0.0928438793955168,-0.4662918439421146,0.3785662609783087,-3.400045367549708
0.03402973376614061,-0.4539967156776331,0.2700022464437057,1790749911,215352979,0.12399999797344208,0.09524210297073155,-0.46655278777061315,0.37710682341112745,-3.363655511191039
0.04141992866364467,-0.4542600939141871,0.26821811591267003,1790749911,265640340,0.12200000137090683,0.097728011672264,-0.4668282854568667,0.3757143515850982,-3.326701356313128
0.04700359386308449,-0.45413788067021205,0.26318671535790183,1790749911,315263235,0.12399999797344208,0.10022877432271311,-0.46711080947729194,0.37442871633154506,-3.2902137471214856
0.05406475158780343,-0.45435635551090403,0.2610455590081974,1790749911,365556966,0.12300000339746475,0.10279081524239247,-0.4674061087197606,0.37322610766835157,-3.2534662761568356
0.059632569636238524,-0.45417420089815047,0.2555029281230651,1790749911,415319084,0.12600000202655792,0.1053620113842653,-0.46770865284547464,0.37212898558275975,-3.2171495816987488
0.06651405035100716,-0.45433953219998907,0.25292899695796234,1790749911,465128896,0.12600000202655792,0.10798128984715592,-0.468023500292526,0.37112044155740903,-3.1806641173696466
0.07299783636648279,-0.4543173619986804,0.24867136114047783,1790749911,515647027,0.12800000607967377,0.11067285643208537,-0.4683542809973444,0.37019320824822183,-3.1436344580052533
0.08111479290529269,-0.4549802314290882,0.25042843976871754,1790749911,565163217,0.12399999797344208,0.11334053194417311,-0.46868965049352773,0.3693803336995298,-3.107337177749285
0.08753657435283041,-0.4549024856639446,0.24571081708330886,1790749911,615308318,0.12700000405311584,0.11606783346047184,-0.46904055776654735,0.36865423171152584,-3.0705786594274755
0.09464393738538707,-0.45507617370921555,0.24314997532361537,1790749911,665165501,0.12800000607967377,0.11883148289052435,-0.4694047964950226,0.36802453145053615,-3.0336364026290594
0.1017606955897,-0.4551686981399691,0.23985367378946146,1790749911,715180009,0.12999999523162842,0.12162879536828705,-0.46978266895781373,0.3674925754940229,-2.9964976916397723
0.1094931244831654,-0.45574057854389405,0.24076124963309847,1790749911,765262090,0.12800000607967377,0.12442816400460666,-0.4701705923339872,0.3670653305367147,-2.959537276582421
0.11699741542735695,-0.4562295660590808,0.24096813127949998,1790749911,815173617,0.12700000405311584,0.1272259811525231,-0.47056836691167736,0.36674084796641493,-2.922746366154345
0.12427757821015599,-0.4564086013600995,0.2384726424163178,1790749911,865034105,0.1289999932050705,0.13001723594048875,-0.4709757770500177,0.3665189307985506,-2.8861448001494567
0.13181074130467327,-0.4568487219862102,0.23822367511677864,1790749911,915473809,0.1289999932050705,0.13284255116217344,-0.47139927822166117,0.36639627331376134,-2.849147407973389
0.1393082400039682,-0.45720356217084973,0.23725383022866606,1790749911,965266603,0.12999999523162842,0.13564436738578392,-0.4718309143125211,0.36637631226407563,-2.812464484053952
0.14668977841993563,-0.45804338867870414,0.2405263346694812,1790749912,15541546,0.12700000405311584,0.13847193597095658,-0.47227875489574067,0.3664581513150059,-2.775397275920835
0.15450173188383332,-0.45812774617343854,0.23713216013301847,1790749912,65561267,0.13099999725818634,0.14127799568066027,-0.4727360584139309,0.36664173235051134,-2.738520089808721
0.16179559660538362,-0.45891611866882687,0.23995087166881285,1790749912,115873026,0.1289999932050705,0.14408926937639027,-0.473207644368109,0.36692817876009903,-2.7014283073043983
0.1695185631040977,-0.4592860088618395,0.2390932286774658,1790749912,165458014,0.13099999725818634,0.14685643114085203,-0.4736857555823351,0.3673120820139032,-2.664729557103581
0.17653461850183846,-0.4601280691575473,0.24242139291319956,1790749912,215230382,0.1289999932050705,0.14961753405596667,-0.474177304170493,0.3677971792811943,-2.6278674386349725
0.18382278457854626,-0.460778869631605,0.24405290652224326,1790749912,265021268,0.1289999932050705,0.1523513277038997,-0.4746791878087583,0.3683804047021286,-2.5910817539056237
0.19086412918919302,-0.4615749360112539,0.24692773519956018,1790749912,315525287,0.12800000607967377,0.1550968963841848,-0.4751993265593988,0.3690714317051944,-2.5537865150509327
0.19888500533938439,-0.46196524253543614,0.24623163284797894,1790749912,365061534,0.13099999725818634,0.15776519932653296,-0.47572145630343843,0.3698476812311857,-2.5171513526949263
0.2064219734560125,-0.46260976641923196,0.24775569614752074,1790749912,415229588,0.13199999928474426,0.16043526612140502,-0.4762613228936539,0.37073072436674626,-2.4800387332230125
0.21233094391640253,-0.46368612335383336,0.2532115426581828,1790749912,465161947,0.1289999932050705,0.16304370409208951,-0.47680686293224506,0.37170041314956853,-2.4432861086850344
0.22045209354138123,-0.4641831000626058,0.2534191369611959,1790749912,515325095,0.13199999928474426,0.165622012982979,-0.4773649158821452,0.3727669555790129,-2.4063986613544563
0.2268691546777241,-0.46511193631854825,0.2575233538821726,1790749912,565286417,0.13099999725818634,0.16816018761091236,-0.47793410396654573,0.37392717033335043,-2.369474891534458
0.2336008172604968,-0.46597092640658055,0.2609802347151143,1790749912,615376471,0.13099999725818634,0.17066044935258207,-0.4785155053399612,0.37518243657061856,-2.3324212181691637
0.24017906031142416,-0.4668542803311197,0.2646670673137558,1790749912,665085385,0.13099999725818634,0.1731041306556372,-0.47910543179219484,0.3765235037901332,-2.2954728013777195
0.24776108147346806,-0.46758972471736454,0.26695701463071353,1790749912,715211226,0.13300000131130219,0.17551664034175718,-0.47971071155650535,0.3779652249235496,-2.258180653472198
0.25418889966471697,-0.46854223049848376,0.2712074607625745,1790749912,765564301,0.13300000131130219,0.17788167492114149,-0.480328333828371,0.37950009933527284,-2.2207389291771418
0.25974974569448034,-0.4695901501665905,0.2764090085536752,1790749912,815112195,0.13199999928474426,0.18014910268408899,-0.4809452699119056,0.381093289604243,-2.183899411679452
0.26392742769497624,-0.4708412747746131,0.28340986016050296,1790749912,865573186,0.1289999932050705,0.18239443669445937,-0.4815827316734931,0.38279794158432046,-2.1463932267178625
0.2703358972486008,-0.4717665453240698,0.2874484865627447,1790749912,915507980,0.12999999523162842,0.18454992271292417,-0.4822223200831908,0.384564098630909,-2.1092802250587024
0.275210457992352,-0.47286925532317187,0.2931561383703664,1790749912,965205607,0.1289999932050705,0.18662554112467533,-0.4828668925184915,0.3863964622703069,-2.0723815857488384
0.28064061584340605,-0.47392930640415915,0.29839561420964456,1790749913,15697710,0.1289999932050705,0.18866152788329035,-0.48352993137831773,0.3883326678918678,-2.0349000442031766
0.2842852438816283,-0.47513013992519143,0.305054209783097,1790749913,65324799,0.12700000405311584,0.19058170278257208,-0.4841869308008139,0.3902986932059213,-1.9982150541436563
0.28997305083602604,-0.4761448612928362,0.3099124863729005,1790749913,115529697,0.12800000607967377,0.19244653264759207,-0.4848585925319162,0.3923542882353699,-1.9611306081598632
0.2946966138694778,-0.4772456290581329,0.31559418631030356,1790749913,165199231,0.12800000607967377,0.19422647246674643,-0.4855351002308946,0.39446773644333377,-1.9241877491833919
0.29926285875684794,-0.47837831326523234,0.32151731615848467,1790749913,215436128,0.12800000607967377,0.19594659883758164,-0.48622713909797316,0.3966714772258429,-1.886776219111098
0.30027176616496476,-0.4797542497612675,0.3298027031486932,1790749913,265273997,0.12399999797344208,0.19757497051645057,-0.48692277125392663,0.39892563682884197,-1.849539964596028
0.30515827222947656,-0.48085367815957386,0.3354011224541644,1790749913,315395959,0.125,0.19912620846138182,-0.4876290657749656,0.4012516773169739,-1.81206934030837
0.30549144165660475,-0.4822207355356592,0.34364128956398066,1790749913,365282661,0.12099999934434891,0.20057957972352275,-0.4883368875427761,0.40361706593821545,-1.7748400557633226
0.3089958283126135,-0.4833875819948837,0.34992152397320675,1790749913,415315872,0.12099999934434891,0.20194588733030153,-0.48905205162310333,0.40603946906073585,-1.7375135438270055
0.3131555384081368,-0.4845206175754149,0.3558729876081964,1790749913,465109369,0.12200000137090683,0.2032163550164425,-0.489770311800885,0.4085020385231401,-1.7003005373447502
0.31529072248034384,-0.4857583549834383,0.3628396665732255,1790749913,515181192,0.12099999934434891,0.20439951675089885,-0.490497569219677,0.41102348316785997,-1.6628666957290548
0.31810409968685593,-0.486973889080288,0.3695403067931453,1790749913,565755397,0.12099999934434891,0.20549495792866654,-0.4912351008005521,0.4136086980559488,-1.6251039221862986
0.32062486083367625,-0.4881800104773705,0.37623333998585845,1790749913,615553404,0.12099999934434891,0.20647552921903048,-0.4919649623017137,0.4161908683497283,-1.587929250909721
0.32540472090784367,-0.4891147898334403,0.3810078315682737,1790749913,665658467,0.12399999797344208,0.20722182892244526,-0.49258037770075547,0.41838152873774315,-1.556760802772245
0.32711428670603393,-0.4901122820962769,0.38662213793642763,1790749913,715751096,0.12399999797344208,0.20787543228260771,-0.49317622911162085,0.42051472299407383,-1.5266979691862477
0.32695226509374,-0.49064361785640354,0.3897514736843844,1790749913,765358130,0.12300000339746475,0.20818234776350542,-0.4934794473352733,0.4216052904778609,-1.511427976974994
0.3256533323661506,-0.49111384376922923,0.3926563171646525,1790749913,815228109,0.12099999934434891,0.20842733062639843,-0.49373476961420404,0.42252595233415524,-1.4985849347610702
0.3267387391301597,-0.4911727241833668,0.39286355637012793,1790749913,865719295,0.12200000137090683,0.20847225900329258,-0.4937831098244311,0.4227002099979653,-1.4961585245878155
0.32579157613800724,-0.49120966824573586,0.39319523206274964,1790749913,916074137,0.12099999934434891,0.2084808703863116,-0.493792499054655,0.4227338024815092,-1.4956906832076526
0.3267642728510302,-0.491190547697383,0.392963601825116,1790749913,965314198,0.12200000137090683,0.20848209750948563,-0.4937938384770601,0.4227385948241046,-1.4956239461898804
0.3267642728510302,-0.491190547697383,0.392963601825116,1790749914,15392965,0.12200000137090683,0.20848209750948563,-0.4937938384770601,0.4227385948241046,-1.4956239461898804
0.32773380083232606,-0.49116920920536544,0.3927195440135983,1790749914,65220481,0.12300000339746475,0.20848209750948563,-0.4937938384770601,0.4227385948241046,-1.4956239461898804
0.32773380083232606,-0.49116920920536544,0.3927195440135983,1790749914,115294203,0.12300000339746475,0.20848209750948563,-0.4937938384770601,0.4227385948241046,-1.4956239461898804
0.3267642728510302,-0.491190547697383,0.392963601825116,1790749914,165210867,0.12200000137090683,0.20848209750948563,-0.4937938384770601,0.4227385948241046,-1.4956239461898804
0.3267642728510302,-0.491190547697383,0.392963601825116,1790749914,215526469,0.12200000137090683,0.20848209750948563,-0.4937938384770601,0.4227385948241046,-1.4956239461898804
0.32773380083232606,-0.49116920920536544,0.3927195440135983,1790749914,268349248,0.12300000339746475,0.20848209750948563,-0.4937938384770601,0.4227385948241046,-1.4956239461898804
0.32773380083232606,-0.49116920920536544,0.3927195440135983,1790749914,315354660,0.12300000339746475,0.20848209750948563,-0.4937938384770601,0.4227385948241046,-1.4956239461898804
0.3284044145846807,-0.4910790876023487,0.39130593425603855,1790749914,366451218,0.12399999797344208,0.20836747529632674,-0.4938074289907836,0.4222847795696686,-1.5015043486288717
0.32612342098778324,-0.49104660721809384,0.3904911958389413,1790749914,415344907,0.12200000137090683,0.20823385226234875,-0.49382296512702384,0.42176965099570785,-1.5081898841718768
0.32586776579485166,-0.4907682143935235,0.38584481600924775,1790749914,465764759,0.12300000339746475,0.20776257462122347,-0.49387589444652813,0.4200574887827281,-1.5304964348264016
0.32533685302151194,-0.49045779746833107,0.3806709182317252,1790749914,515462220,0.12399999797344208,0.20718997802145717,-0.4939364051083398,0.4181571118771455,-1.555422655119808
0.32199490818917936,-0.490079279545669,0.3739290776264803,1790749914,565437199,0.12300000339746475,0.20626731647211088,-0.4940265276638917,0.4154085253498654,-1.591829995586436
0.3191768656165023,-0.48965805606791285,0.3665614332101642,1790749914,615545467,0.12300000339746475,0.20517826323543736,-0.49412600419938746,0.4125326952162768,-1.6304337819649835
0.3160546679537994,-0.4892468796256501,0.3592751626273818,1790749914,665164945,0.12300000339746475,0.20397096901347184,-0.49423105766932895,0.40968749481762334,-1.669220189888535
0.3108226409872589,-0.48893421645302937,0.3529380778989054,1790749914,715144138,0.12099999934434891,0.2026386344906322,-0.49434248216131027,0.4068636863025099,-1.7083896573302593
0.30623312298646715,-0.4886019223668823,0.3463645051748806,1790749914,765731917,0.11999999731779099,0.201187115762194,-0.49446062002014524,0.40407941992241747,-1.74777331628049
0.30317587470456525,-0.4881932045744102,0.33908544754531095,1790749914,815616461,0.12099999934434891,0.1996496933183136,-0.49458322228454926,0.40139513605823374,-1.7865615627303713
0.2997960452796649,-0.4877926592867563,0.3318741772116846,1790749914,865428728,0.12200000137090683,0.19800285571226586,-0.4947136137447673,0.39876399169481025,-1.8254900095667388
0.2960931986987218,-0.48740131908781836,0.3247462699436361,1790749914,915370124,0.12300000339746475,0.19624706114099505,-0.49485177889763715,0.3961902360933546,-1.8645541279260487
0.29366623069119546,-0.48689432165373686,0.31651996401238547,1790749914,965198002,0.12600000202655792,0.19439384637795804,-0.4949981761906922,0.39369069528468426,-1.903575105798788
0.28697846836144886,-0.48672343662720724,0.3114657365032225,1790749915,15449622,0.12399999797344208,0.1924256800850637,-0.49515421459789216,0.39124475448028045,-1.9429363075866908
0.2838500853002156,-0.4862335422980269,0.30340110501365836,1790749915,65299453,0.12700000405311584,0.19037166502210062,-0.4953189840404979,0.3888893540315422,-1.9821261420662455
0.2788533167544137,-0.48589416407560565,0.29673611372363734,1790749915,115526239,0.12800000607967377,0.18820759824233607,-0.49549444587356894,0.3865981739116021,-2.0216385947281776
0.2722719460385897,-0.48573328779673675,0.2917706139093571,1790749915,165322191,0.12700000405311584,0.18598030998954962,-0.49567821374018406,0.3844196993093264,-2.0607077199301886
0.26617371580529225,-0.4855229540630051,0.28633657234419596,1790749915,215169124,0.12700000405311584,0.1836672271752852,-0.4958720879591348,0.38232915430258446,-2.0997978242960817
0.2610515723626627,-0.4851697616759373,0.27954699683527084,1790749915,265560727,0.1289999932050705,0.18125567591518085,-0.49607859300539425,0.38031708444105017,-2.139184334912381
0.25391723741399685,-0.48509719856658673,0.27539300282889523,1790749915,315374632,0.12800000607967377,0.17879633333548237,-0.496293352119314,0.37842453912942264,-2.1780948076697926
0.24880890315404902,-0.48469774426126816,0.2681933002170666,1790749915,365411621,0.13099999725818634,0.17624151666610777,-0.49652201023174125,0.37661451785556255,-2.217367218738261
0.24168373247035335,-0.4845902302433931,0.26364247161643173,1790749915,415892492,0.13099999725818634,0.1735909072656891,-0.49676466937381397,0.3748906152825242,-2.2570226372916613
0.2335711580669815,-0.4847078768776044,0.2612102080064734,1790749915,465261247,0.1289999932050705,0.17093485623616453,-0.4970145381697254,0.37330944095526764,-2.2958062282858935
0.22661280981865048,-0.48457243098456154,0.25638271548144603,1790749915,515825322,0.12999999523162842,0.16815247715025752,-0.4972828434753672,0.3717986315365457,-2.335529051052548
0.21908859921297905,-0.4845670155693684,0.25276130587889056,1790749915,565565051,0.12999999523162842,0.1653406765143087,-0.4975620053053586,0.3704145668093156,-2.374866694903597
0.2121740368443621,-0.4843912748439496,0.24759908529636357,1790749915,615272243,0.13199999928474426,0.1624747790038299,-0.4978541887251131,0.36914221974295075,-2.414225138031412
0.20356381224484077,-0.4846596813185211,0.24640626445716982,1790749915,665567345,0.12999999523162842,0.15953859500647466,-0.4981627871881949,0.3679770057529704,-2.453894949857547
0.19477614556349915,-0.48507504400862833,0.24656139007687933,1790749915,715348185,0.12700000405311584,0.15659125877296282,-0.4984813770964027,0.3669407308435782,-2.4931308707454747
0.1866532538275196,-0.485321709131352,0.2451848585500812,1790749915,765134516,0.12600000202655792,0.15361074824020834,-0.4988138179216688,0.3660242409367657,-2.5323121196100113
0.1793554671366878,-0.4851739881508344,0.24025265156021947,1790749915,815301358,0.1289999932050705,0.15057450239856923,-0.4991625161609164,0.3652205490369817,-2.5717815626508886
0.1712710570454789,-0.48538317341446646,0.23853798437108592,1790749915,865179782,0.1289999932050705,0.1475387934284358,-0.4995226227724328,0.36454534083241685,-2.6108838719762315
0.16348226972256452,-0.4852992215133177,0.23418330150284591,1790749915,915552643,0.13199999928474426,0.14445113225116268,-0.4999001689821708,0.36398556631640333,-2.6503469444597334
0.15473101219050273,-0.4860270017372088,0.23705434379465462,1790749915,965091057,0.12800000607967377,0.14136667821659582,-0.5002902184760333,0.36355318482528115,-2.689541296067552
0.1463907435007942,-0.48624519134194966,0.23531216518777023,1790749916,15704169,0.1289999932050705,0.13819517059969258,-0.500704212304241,0.36323701634868805,-2.72966042563929
0.13808219012009418,-0.4868310045296243,0.23689631308880646,1790749916,65081110,0.12700000405311584,0.13509304611237316,-0.5011235345169497,0.3630541096538779,-2.768802797451903
0.12975171959286314,-0.4875779233273928,0.2398042942175208,1790749916,115620046,0.12399999797344208,0.13191402147533177,-0.5015675724044084,0.3629936349361263,-2.8088668853441514
0.12145390663120256,-0.4876808825343994,0.2370866396836842,1790749916,165436655,0.12700000405311584,0.12878762331175128,-0.5020202468383148,0.36306124133219303,-2.8482972958542825
0.11331637558807209,-0.48827329668396746,0.23866796573442955,1790749916,215318552,0.12600000202655792,0.12566443362135962,-0.5024880107677295,0.3632531489506373,-2.8877684593800805
0.10485319537965075,-0.48856826309142637,0.23762153228161959,1790749916,265233753,0.12800000607967377,0.1225450650729117,-0.5029727373303773,0.3635719607249266,-2.9273509583578923
0.09723612546015362,-0.4895829596858955,0.24281256878248664,1790749916,315802875,0.12399999797344208,0.11940062911432356,-0.5034789884147625,0.36402162232529933,-2.967468468852393
0.08904168533567665,-0.49006543158521754,0.2434021316956132,1790749916,365579567,0.125,0.11633131497663658,-0.5039924399218169,0.36458923725083114,-3.006919336993013
0.08131837962939928,-0.490810419582075,0.2462574638119919,1790749916,415595010,0.12399999797344208,0.11327467150094406,-0.5045228002644562,0.36528168623438684,-3.0465530382703268
0.07346554466180019,-0.4914819528751706,0.24846164287114442,1790749916,465632463,0.12399999797344208,0.1102527285640631,-0.5050683432738671,0.36609715023983364,-3.0861660626682488
0.06573906371506455,-0.49218716942993046,0.2509689905637225,1790749916,515491128,0.12399999797344208,0.10727880357963275,-0.5056260960405755,0.3670286509154198,-3.125630603680504
0.05881981811101388,-0.49314865593245405,0.2556479893793199,1790749916,565588932,0.12200000137090683,0.10432900016273824,-0.5062027025479275,0.36808689079002077,-3.1653477235232494
0.051788281453890715,-0.4940315536718691,0.2596526998355959,1790749916,615502736,0.12099999934434891,0.10143587641749768,-0.5067913786434064,0.36925791422961,-3.20493002743654
0.045846779191409746,-0.49515603723125967,0.2657037192979964,1790749916,665349419,0.11800000071525574,0.0985910232096268,-0.5073958540596144,0.37054756401839695,-3.2445729189954866
0.037735195651226044,-0.4958083676136634,0.2676459496799989,1790749916,715996661,0.11999999731779099,0.09575660189553618,-0.5080243374386821,0.37197373051970045,-3.2848737438757314
0.030296499749557143,-0.49658672715182184,0.2707295749491535,1790749916,765436621,0.12099999934434891,0.0930395353239227,-0.5086551161572155,0.3734849413056647,-3.3243923170058918
0.02502920272017635,-0.49781131218040414,0.2775304684944512,1790749916,815870899,0.11800000071525574,0.0903326158379577,-0.5093125631999511,0.3751377716482322,-3.3647377712502142
0.0174085991242922,-0.49855234955691224,0.2803169737360917,1790749916,865082515,0.11999999731779099,0.08777503732062082,-0.5099646169834514,0.37684843950771074,-3.4039075155973224
0.010345194459291912,-0.4994444927570299,0.28432248891849876,1790749916,915255912,0.12099999934434891,0.08524404504821646,-0.5106414381864204,0.37869298449228306,-3.4438082544736224
0.006697806119715974,-0.5008195909413771,0.29239052542198507,1790749916,965338958,0.11699999868869781,0.08280249880115702,-0.5113290847446106,0.3806323861515646,-3.483561676624402
0.00011276153598957506,-0.5017649311753076,0.2968444569873988,1790749917,15353243,0.11800000071525574,0.08044768574243497,-0.5120274777046384,0.38266392016608775,-3.5232463270164236
-0.004910103459270454,-0.5029175044086214,0.30300707383101566,1790749917,65067287,0.11699999868869781,0.07817340417758707,-0.5127408586433977,0.38479724538903126,-3.5630609438082224
-0.008967797494193713,-0.504184524553593,0.3100710449808953,1790749917,115249611,0.11500000208616257,0.07596580564602518,-0.5134737310490498,0.38704502876841895,-3.6033236256772474
-0.011145046481283852,-0.5056226743057297,0.3185173560988583,1790749917,165623871,0.11100000143051147,0.07385447087232855,-0.5142194273884361,0.3893846842809019,-3.64362071216028
-0.017539752221141583,-0.506596905849525,0.32318206316756465,1790749917,215243164,0.11299999803304672,0.07187385149742251,-0.5149639985527338,0.3917692251238962,-3.6832924161364438
-0.019799191306452024,-0.5079867349253916,0.33116824870715766,1790749917,265549238,0.10999999940395355,0.06995719394869891,-0.515735398025218,0.39428519884706936,-3.7237909624616874
-0.024991500342321712,-0.5091058202079054,0.3369514177946258,1790749917,315585450,0.11100000143051147,0.0681557131650873,-0.5165134601182816,0.3968657216321645,-3.7641236861076
-0.027354442651949612,-0.5104379833309807,0.34445943209031893,1790749917,365585625,0.10899999737739563,0.06647482472717588,-0.5172976690211161,0.39950498344191665,-3.804242317504667
-0.03199488518807847,-0.5115940366961317,0.35055593853655653,1790749917,415473262,0.10999999940395355,0.06491043447881746,-0.5180881607727365,0.40220073732214734,-3.8442382008196496
-0.03456950238501039,-0.5128775468804492,0.35768185832262744,1790749917,465325464,0.10899999737739563,0.06347223697779716,-0.518880900559915,0.40493412298355996,-3.8838980859741197
-0.035924268860538636,-0.5142248517197694,0.365282849032857,1790749917,515389398,0.10700000077486038,0.06214457299686525,-0.519683422616416,0.40772936156726813,-3.9236693725144614
-0.03866165713864015,-0.5154141681261009,0.37179247806974286,1790749917,565089729,0.10700000077486038,0.0609911364149275,-0.5204514841682298,0.41043114199439046,-3.9614624607186086
-0.03830973995834867,-0.5167465985855338,0.37937979217779955,1790749917,615266404,0.10400000214576721,0.05994406072522299,-0.5212256936176501,0.4131751883915715,-3.999283051517503
-0.039728105758690124,-0.5175100175516613,0.383557162060444,1790749917,665060958,0.10400000214576721,0.05933527404973454,-0.5217207168375174,0.414937366629176,-4.023308941505898
-0.04090615794773885,-0.5181955318749174,0.3873138139866893,1790749917,715303735,0.10400000214576721,0.05882917098474386,-0.5221644845447432,0.4165218954668849,-4.04475707109627
-0.040287530989184736,-0.518442529684402,0.3887375031054217,1790749917,765375688,0.10300000011920929,0.05868205129075718,-0.5223000024346758,0.4170065977473061,-4.051290682042072
-0.04240376753207985,-0.5184887981672777,0.388854684489886,1790749917,815773688,0.10499999672174454,0.05859888036462152,-0.5223780765706272,0.41728596907082904,-4.055051018205997
-0.04050740286680421,-0.5185802189082025,0.3894911500168056,1790749917,865409056,0.10300000011920929,0.058586993541082696,-0.5223893233903881,0.4173262240809692,-4.0555925369262695
-0.04339364610010915,-0.5184692741682859,0.38868042007567405,1790749917,915218684,0.10599999874830246,0.058586993541082696,-0.5223893233903881,0.4173262240809692,-4.0555925369262695
-0.04146948633392783,-0.5185432372363855,0.38922090603193826,1790749917,965159488,0.10400000214576721,0.058586993541082696,-0.5223893233903881,0.4173262240809692,-4.0555925369262695
-0.04050740286680421,-0.5185802189082025,0.3894911500168056,1790749918,15584563,0.10300000011920929,0.058586993541082696,-0.5223893233903881,0.4173262240809692,-4.0555925369262695
-0.042431562632985545,-0.5185062558401029,0.38895066406054146,1790749918,65544524,0.10499999672174454,0.058586993541082696,-0.5223893233903881,0.4173262240809692,-4.0555925369262695
-0.04146948633392783,-0.5185432372363855,0.38922090603193826,1790749918,116735009,0.10400000214576721,0.058586993541082696,-0.5223893233903881,0.4173262240809692,-4.0555925369262695
-0.04243156263298563,-0.518506255840103,0.38895066406054146,1790749918,167698160,0.10499999672174454,0.05858699354108261,-0.5223893233903882,0.4173262240809692,-4.0555925369262695
-0.042431562632985545,-0.5185062558401029,0.38895066406054146,1790749918,216480793,0.10499999672174454,0.058586993541082696,-0.5223893233903881,0.4173262240809692,-4.0555925369262695
-0.04022386553076353,-0.5185325579248877,0.388503543027915,1790749918,265648872,0.10300000011920929,0.05870903684139571,-0.5224040938576349,0.41689882542304846,-4.049768032892979
-0.040836614880469725,-0.5184376409595407,0.3870443128992998,1790749918,316118363,0.10400000214576721,0.058857877746155356,-0.5224218612366587,0.4163894074641974,-4.042814015082684
-0.0395157569040739,-0.5182344381011686,0.38279458056169663,1790749918,365311294,0.10400000214576721,0.05942296272387464,-0.5224879962166294,0.4145599303639604,-4.017728040233889
-0.03786325961251611,-0.5180057010346856,0.3779317649794288,1790749918,415611007,0.10400000214576721,0.06012951306540577,-0.5225668641599119,0.4124659906136861,-3.988782799370196
-0.03514757841178502,-0.517674666066591,0.37077299132654973,1790749918,465155078,0.10400000214576721,0.06128987434699734,-0.5226875321274862,0.409382437393189,-3.9456450028533814
-0.03282132922152031,-0.5172849044895609,0.36283174576598787,1790749918,515123354,0.10499999672174454,0.06267152092491901,-0.5228240602871413,0.4061380113118206,-3.8994897079760498
-0.030904777921260618,-0.5168405234323835,0.35430060268685504,1790749918,565361836,0.10700000077486038,0.06423978110555788,-0.5229741319706438,0.4028690276120238,-3.8520479285072398
-0.026794064980691853,-0.5165228984673552,0.34673083684801065,1790749918,615666345,0.10700000077486038,0.06596474964420514,-0.5231350905850795,0.3996560802636287,-3.804342441531732
-0.022415562187629398,-0.5162362896962464,0.3394861886847068,1790749918,665209481,0.10700000077486038,0.06780242227536225,-0.5233046819542144,0.3965804377483648,-3.757462746361933
-0.017627199053713696,-0.5159712041659641,0.332326694440966,1790749918,715629250,0.10700000077486038,0.06981150975881335,-0.5234886648128433,0.3935391127271345,-3.709772594507564
-0.014971263097470738,-0.5155171554966635,0.32368992756050047,1790749918,765006366,0.10999999940395355,0.07192098563676048,-0.5236824782898835,0.3906456180017228,-3.6629032421008803
-0.009437523423144314,-0.5152991750425719,0.3168706041762811,1790749918,815381802,0.10999999940395355,0.07420595835499899,-0.5238932417900055,0.387792461467527,-3.6150561330279234
-0.0021245157622980793,-0.5152785141525914,0.3116672183263262,1790749918,865605459,0.1080000028014183,0.07662425059493828,-0.5241191298589616,0.3850462065739986,-3.5671389043461015
0.0011227120205765523,-0.5147946931663542,0.30265275792636825,1790749918,915350642,0.1120000034570694,0.07914277626790127,-0.5243572172670118,0.38243639335401236,-3.519639652910968
0.006940869883951678,-0.5145857977597533,0.2958767027415903,1790749918,965113010,0.11299999803304672,0.08179149631321535,-0.5246123849010987,0.379935318176966,-3.471910221325459
0.011959682809210115,-0.5142223482647378,0.2877089681896039,1790749919,15616724,0.11599999666213989,0.08459513472730724,-0.5248873237665233,0.37752182165622405,-3.423430112426479
0.018465115553696815,-0.5140728839188743,0.281443102594934,1790749919,65174323,0.11699999868869781,0.08743509406118274,-0.5251723801004051,0.37529907173035126,-3.3761497356794212
0.025385011892588155,-0.5139572570653996,0.2753906956710817,1790749919,115417934,0.11800000071525574,0.09040955163964635,-0.525477470620029,0.3731817692879479,-3.328266901133969
0.03466095557778859,-0.5142806734520704,0.2730595972597909,1790749919,165335294,0.11500000208616257,0.09347674655122473,-0.5258005358242617,0.3712074244538365,-3.2804075686517997
0.04212326287887413,-0.5142520966309693,0.2676721489795219,1790749919,215794739,0.11599999666213989,0.09666792016666065,-0.526145182000316,0.36935515693744875,-3.231974090327858
0.04837256783506644,-0.5139481520119012,0.2600327349632924,1790749919,265236069,0.11999999731779099,0.09985651987629914,-0.5264997095492997,0.36769823752502884,-3.184783917750908
0.05680267727301283,-0.5141007933628275,0.25622361398431115,1790749919,315437606,0.11999999731779099,0.10316209062585861,-0.5268773400770129,0.3661670721976586,-3.1369155215255833
0.06640499408915285,-0.5146250779636129,0.2556199663289234,1790749919,365175632,0.11699999868869781,0.10652470209372908,-0.5272735169935009,0.36479608877742425,-3.0891777318706706
0.07397622682783275,-0.5144431666004157,0.24881203082410203,1790749919,415857568,0.12099999934434891,0.11001375991308286,-0.5276968925799734,0.3635579884789176,-3.0404746718678606
0.08265158857003366,-0.5146289493725146,0.2452428371911973,1790749919,465278991,0.12200000137090683,0.11349787366109956,-0.5281337818042029,0.36250377071798606,-2.9925642492442974
0.09208390077087475,-0.5150900822424223,0.24398143539380995,1790749919,515395870,0.12099999934434891,0.11707931826223039,-0.5285971397067909,0.3615985614614856,-2.9439042366279535
0.10090855566600622,-0.5152620930287072,0.24025621632559155,1790749919,565029562,0.12300000339746475,0.12064824016779026,-0.5290749248234424,0.3608735922270624,-2.8959057680998925
0.11066615902560134,-0.5160505962919505,0.24185394426427576,1790749919,615282228,0.11999999731779099,0.12428570078421908,-0.5295781736416938,0.36030862796062363,-2.8473454643659215
0.1198200128118249,-0.5162170363358702,0.23797374139836233,1790749919,665661071,0.12300000339746475,0.12795376142475576,-0.5301041967636745,0.3599163088001126,-2.798653132418788
0.12921956434955723,-0.5167653800297213,0.23750634361525283,1790749919,715382671,0.12300000339746475,0.13158447532531428,-0.5306431912140674,0.359698055235087,-2.750594542588676
0.13869526715975644,-0.5172557134558198,0.2364867111949518,1790749919,765476837,0.12399999797344208,0.13523457754773274,-0.5312055060683282,0.35965093656454067,-2.702334182826999
0.14821633604095685,-0.5177948418891087,0.2359104978344176,1790749919,815413595,0.125,0.13886522076961128,-0.5317853838953581,0.35977260413635875,-2.6542540761867848
0.1578303530014114,-0.5183898344697329,0.2357886183052138,1790749919,865186908,0.12600000202655792,0.1424962936583956,-0.5323881205235383,0.360066191190724,-2.606009868851745
0.16761044708821154,-0.5190475726811027,0.23614319198124106,1790749919,915571686,0.12700000405311584,0.14615395891278568,-0.5330189171740577,0.3605354010529045,-2.557113171410643
0.17705243106351445,-0.5198574542728012,0.23791271443839512,1790749919,965207044,0.12700000405311584,0.14973041343223648,-0.5336612540044737,0.361168397857114,-2.5089240887504443
0.18623149153380847,-0.5208329495102216,0.24110500862156076,1790749920,15355303,0.12600000202655792,0.1533054553726081,-0.5343296305385937,0.3619756678181677,-2.460233029704787
0.19550178601438623,-0.5217505343783568,0.2437679167062507,1790749920,65064069,0.12600000202655792,0.15683405336426487,-0.5350180814615747,0.3629517207938277,-2.411563931460487
0.2055125830584978,-0.5225296229860622,0.24506911742563697,1790749920,115664052,0.12800000607967377,0.16037523282803798,-0.5357394234019083,0.364115840788957,-2.361941899907033
0.21452091338296042,-0.5235456131220264,0.24861955834378008,1790749920,165196800,0.12800000607967377,0.1637706872520865,-0.5364632638986064,0.36541660626227845,-2.3135096616839754
0.22296713926107462,-0.5247140860996505,0.2535099696329446,1790749920,215101289,0.12700000405311584,0.16711919743902257,-0.5372102585281965,0.3668848085451485,-2.264740379703518
0.23166896492923492,-0.5258375495456513,0.2579366665590509,1790749920,265331770,0.12700000405311584,0.17041506763718017,-0.5379818730015039,0.3685236300937528,-2.2156132559085493
0.2411869508179908,-0.5268204348968604,0.2610761871207964,1790749920,315533761,0.1289999932050705,0.17362246419837132,-0.538770671965598,0.3703155125889467,-2.1665063942756895
0.2483736934251346,-0.5282207603579472,0.26800839117118413,1790749920,365860159,0.12700000405311584,0.17674117637055495,-0.5395785687312414,0.3722618501971192,-2.1173425154118437
0.25677287050582404,-0.5293642485469487,0.27271241971409044,1790749920,415102516,0.12800000607967377,0.17969343578300503,-0.5403847796081239,0.3743062689094865,-2.0692490822674405
0.2645382100956206,-0.5306732829617459,0.27876350825149965,1790749920,465415201,0.12800000607967377,0.18262004727318898,-0.5412299250290848,0.3765488520636282,-2.0198422825558886
0.2719560796772923,-0.5320144430477658,0.28514224316549786,1790749920,515398386,0.12800000607967377,0.1854147942533069,-0.5420856214117616,0.3789141944085076,-1.9707089286872421
0.2769242350545686,-0.5336190134475163,0.2939683669083225,1790749920,565302014,0.125,0.1880905686129278,-0.5429571294907646,0.3814119446902164,-1.9215666160621638
0.2844042650331737,-0.5349679015862141,0.30033600040023056,1790749920,615742551,0.12600000202655792,0.19066582609544028,-0.5438523409653874,0.3840627721827806,-1.8718795750644472
0.2915328206260247,-0.5363465853364731,0.3070209914525712,1790749920,665486105,0.12700000405311584,0.19308352870516768,-0.544753169315855,0.3868086301917325,-1.8226754359164716
0.29512562296335826,-0.5380097211917779,0.3164229301788941,1790749920,715099593,0.12399999797344208,0.19535712160837684,-0.5456645918114992,0.38965986478562137,-1.7735643465722786
0.2990474032599101,-0.5396300117658152,0.3253763657820045,1790749920,765130027,0.12200000137090683,0.19750386520223143,-0.5465955107535065,0.3926399669127981,-1.7240877804215888
0.30422154198356866,-0.5411637209841731,0.33345652240180135,1790749920,815491463,0.12200000137090683,0.19951116407612698,-0.5475433846221379,0.39573843779341766,-1.674292546306987
0.3089373002081969,-0.5427053541928856,0.3416774069949007,1790749920,865215016,0.12200000137090683,0.20134120301529307,-0.5484912708658792,0.39889281900608553,-1.6250916105267266
0.3114896942495026,-0.5443738889232306,0.3510718467123064,1790749920,915555869,0.11999999731779099,0.20303217484508354,-0.549460317739478,0.40217071248061037,-1.5752726961202488
0.31532479112062717,-0.545941348957013,0.35958905092553034,1790749920,965229681,0.11999999731779099,0.20453378182778592,-0.5504209035992201,0.4054724379664942,-1.5262407140752656
0.31973132859162695,-0.54751875362518,0.36807822409482127,1790749921,15706108,0.12099999934434891,0.2058892761797789,-0.5514035091044123,0.40889360868025737,-1.476440065525076
0.3220381049776429,-0.5487330748059404,0.37478943667904363,1790749921,65814311,0.12099999934434891,0.20678575262674828,-0.552140865730222,0.41148115345455105,-1.4393416069319325
0.3220477206708576,-0.5499263204503861,0.3816867794624951,1790749921,115597069,0.11900000274181366,0.20753638547048356,-0.5528344654806947,0.4139311193636611,-1.4046016443217006
0.3257085428792306,-0.5503527538990886,0.38366291112840656,1790749921,165070528,0.12200000137090683,0.20783489376908437,-0.5531360328786019,0.4150006924487487,-1.3895395072195016
0.3253117820177331,-0.5507632516175771,0.386082786405402,1790749921,215162241,0.12099999934434891,0.20805545568803793,-0.5533706095102408,0.4158343487478412,-1.3778395860130777
0.3263738202343967,-0.5508066262082925,0.3862000757620426,1790749921,265393852,0.12200000137090683,0.20809127364202293,-0.55340975327194,0.41597360822990237,-1.375888466835022
0.32346523438492647,-0.5508706374995592,0.3869322114635439,1790749921,315514074,0.11900000274181366,0.20809127364202293,-0.55340975327194,0.41597360822990237,-1.375888466835022
0.32540428921005515,-0.5508279633583726,0.38644412160196956,1790749921,365187293,0.12099999934434891,0.20809127364202293,-0.55340975327194,0.41597360822990237,-1.375888466835022
0.32540428921005515,-0.5508279633583726,0.38644412160196956,1790749921,415475396,0.12099999934434891,0.20809127364202293,-0.55340975327194,0.41597360822990237,-1.375888466835022
0.3224957033605849,-0.5508919746496393,0.38717625730347077,1790749921,465146310,0.11800000071525574,0.20809127364202293,-0.55340975327194,0.41597360822990237,-1.375888466835022
0.32443475818571366,-0.5508493005084528,0.3866881674418965,1790749921,515556274,0.11999999731779099,0.20809127364202293,-0.55340975327194,0.41597360822990237,-1.375888466835022
0.3263738202343967,-0.5508066262082925,0.3862000757620426,1790749921,573048155,0.12200000137090683,0.20809127364202293,-0.55340975327194,0.41597360822990237,-1.375888466835022
0.3205566413119018,-0.5509346489497998,0.38766434898332464,1790749921,616025190,0.11599999666213989,0.20809127364202293,-0.55340975327194,0.41597360822990237,-1.375888466835022
0.3240487588944674,-0.5507636211420952,0.38518378462945746,1790749921,666024948,0.11999999731779099,0.20794021990560352,-0.5534287447089339,0.41537821534962194,-1.3835857008794836
0.32358619795938437,-0.5506646129232938,0.3834428242750546,1790749921,715380695,0.11999999731779099,0.20775915555582464,-0.5534509195352048,0.4146891376540478,-1.3925128657453942
0.3219357631559463,-0.5503392835578723,0.37769164946112443,1790749921,765560269,0.11999999731779099,0.2071127771855769,-0.5535263245687887,0.41241230640642057,-1.4221615167456438
0.31986896510159557,-0.5499790778500251,0.3712787872156558,1790749921,815634453,0.11999999731779099,0.20630269589269723,-0.5536137224131059,0.40987271436931494,-1.455543236967958
0.3183378831904888,-0.5493963150124788,0.3613640307456264,1790749921,865395915,0.12200000137090683,0.20497305069400507,-0.5537444164073854,0.40623617245743987,-1.5040184274760944
0.3096725965054735,-0.5490688454159405,0.3538223407205996,1790749921,915196459,0.11699999868869781,0.20337085303757554,-0.5538903818915067,0.40246071872455125,-1.5553383747166463
0.31040346990955625,-0.548298728832191,0.341745729474622,1790749921,965075439,0.12300000339746475,0.20154471329273094,-0.5540487849582456,0.3987168519680603,-1.6074426739139425
0.3042652334988316,-0.5478502900049068,0.3328446091960688,1790749922,15315513,0.12200000137090683,0.19950128814931692,-0.5542196542255305,0.39503743264644936,-1.660060255248438
0.2984777808415691,-0.5473839151063954,0.32371666328617477,1790749922,65937024,0.12200000137090683,0.1972510651482259,-0.5544050184162402,0.39145038068565624,-1.7130258889833054
0.2931539076899238,-0.5468985887644845,0.31451466680248996,1790749922,115392493,0.12300000339746475,0.19486966099734676,-0.5545991730361941,0.38806674828033333,-1.7647625199319148
0.28644887986386947,-0.5465019066076662,0.3060798417161817,1790749922,165450039,0.12300000339746475,0.19227598616726463,-0.554811752209713,0.3847653765663335,-1.8172916314644618
0.28147647675866805,-0.5459269786309853,0.2959601852234761,1790749922,215571001,0.12600000202655792,0.18950468311991714,-0.5550403150497939,0.3815997600991213,-1.869917050958477
0.2731412573749015,-0.5456781011128211,0.28893154807786847,1790749922,265183934,0.125,0.18659209203229296,-0.5552849175235443,0.3786084740786434,-1.9221754794777137
0.26433095953441804,-0.5454780896807649,0.28225934776992123,1790749922,315686065,0.12399999797344208,0.18346692983386156,-0.5555519513260458,0.37572338101026936,-1.9754004782929393
0.256526607192334,-0.5451683017756057,0.27460331271066707,1790749922,365388498,0.125,0.1802285201101111,-0.5558361339039862,0.3730400907221107,-2.028068529971302
0.24934552976966623,-0.5447212196945171,0.26565948220783653,1790749922,415402247,0.12800000607967377,0.17682677327486707,-0.5561421448049978,0.3705145916802191,-2.0811174991491375
0.23847837891342916,-0.5448649793454148,0.26215007642858895,1790749922,465191282,0.125,0.17331622755185186,-0.5564683031001482,0.36818901695410405,-2.1338874940680848
0.23082812894322544,-0.5444108310862708,0.2531422447713265,1790749922,515357199,0.1289999932050705,0.16965951670083726,-0.5568184283324515,0.36603799603693066,-2.187049243595175
0.2204598822544238,-0.5444877336734745,0.24900029689828185,1790749922,565205790,0.12800000607967377,0.16592615257738932,-0.5571891149035862,0.36410350623128007,-2.2397864638398977
0.20986162335354264,-0.5446302653273214,0.2454098600644556,1790749922,615422484,0.12700000405311584,0.1620681862714102,-0.5575853574069866,0.3623583700616979,-2.292896435187306
0.19818163637493688,-0.5451546620381446,0.24524239400047715,1790749922,665180788,0.12300000339746475,0.1581333568254864,-0.5580057010571663,0.360827803707053,-2.3459049483937817
0.18876575963003353,-0.5449086554460996,0.23807814790333365,1790749922,715545233,0.12700000405311584,0.1540684282660697,-0.5584563128483155,0.3594929625044478,-2.399631421857115
0.17759876391503718,-0.5453613839746322,0.23723903993618212,1790749922,765190527,0.125,0.15000175696869517,-0.5589263338662036,0.35839760274559607,-2.4525730077084695
0.1666661592071239,-0.5456706527025406,0.23502951160805974,1790749922,815666759,0.125,0.14581465110751982,-0.5594297279337465,0.35750768296424124,-2.506397717051737
0.1558444142177616,-0.5458272808980191,0.23144555570025474,1790749922,865785583,0.12700000405311584,0.14158500132357313,-0.5599612133202962,0.3568485147071578,-2.560285125751606
0.14443038489635587,-0.5466101609814945,0.23340703871341825,1790749922,915904453,0.12399999797344208,0.1373214758706484,-0.5605199306495708,0.35641915688743764,-2.6142500678592406
0.13340921633591227,-0.547350690587167,0.23500388470997707,1790749922,965753813,0.12200000137090683,0.1330826004487205,-0.5611016401782063,0.35622601570060186,-2.6677538039329547
0.1225585779553587,-0.547930644835954,0.23520483408251114,1790749923,15363032,0.12200000137090683,0.12886445309736563,-0.5617063715125605,0.3562604643841461,-2.720970847170754
0.11167805353338464,-0.5485831064593474,0.23599896899329548,1790749923,65155920,0.12200000137090683,0.12463568853317605,-0.5623422797843025,0.35652608286866916,-2.7744931706719225
0.10119426329897814,-0.5496500607957271,0.2403456364061898,1790749923,115619726,0.11900000274181366,0.1203722075392853,-0.5630139211068076,0.3570273159658073,-2.828757195394035
0.09022901225443558,-0.550212415359563,0.24034617201909309,1790749923,165400484,0.12099999934434891,0.11621489459229893,-0.563702684271238,0.35775037298799306,-2.882165354414401
0.0797878134575669,-0.5511917989402056,0.24388847716143783,1790749923,216122023,0.11999999731779099,0.11203038714317178,-0.5644308359479372,0.3587150581325096,-2.9365604510676646
0.07023625611972131,-0.552318906549249,0.24882942237032782,1790749923,265018268,0.11800000071525574,0.10802896314679826,-0.5651649465769385,0.3598730656821936,-2.9893957939620406
0.06002887014171628,-0.5533177720496932,0.2525080553035903,1790749923,315346379,0.11800000071525574,0.10397949629464463,-0.565947421571131,0.3612868886423034,-3.043847790759788
0.05214692960226511,-0.554909837946253,0.261253904335077,1790749923,365542426,0.11299999803304672,0.10001328650619894,-0.566758788390557,0.36292697749401237,-3.09840790589969
0.04175202345540391,-0.5558182519816504,0.26414675746298255,1790749923,415449285,0.11500000208616257,0.0961663970818887,-0.5675914316302786,0.36477214523175505,-3.1527004873824263
0.03299822323441391,-0.5570997251475334,0.27021208019785065,1790749923,465209775,0.11400000005960464,0.09243025777177147,-0.5684509228994542,0.3668297990383252,-3.2070487120173357
0.02455415090613451,-0.5584471826363253,0.2767801058445849,1790749923,515457766,0.11299999803304672,0.08877990186448131,-0.5693438062744017,0.3691127439667305,-3.2619690632000897
0.01664226964718503,-0.5598322741687287,0.2837018807586023,1790749923,565167764,0.1120000034570694,0.08530972219391272,-0.5702509528858593,0.37156673646846883,-3.3162524733298
0.007116994310558664,-0.5610116233626928,0.28883874610438814,1790749923,615439606,0.11400000005960464,0.08194802591824574,-0.5711909062430492,0.3742360465427561,-3.3711401727753723
0.0033715430256733153,-0.5629498129772784,0.3002931865639824,1790749923,665815292,0.1080000028014183,0.07873575254031022,-0.5721579176293747,0.3771010464355888,-3.4262435279622396
-0.0038462994534674833,-0.5643902235765191,0.3076072043700551,1790749923,715766486,0.1080000028014183,0.0757172076973556,-0.5731379349724903,0.38011324880981257,-3.480900787131441
-0.00978310432296381,-0.5659372279103343,0.31584437384617897,1790749923,765183964,0.10700000077486038,0.07291202348127457,-0.5741265932196531,0.38324949456479596,-3.5348887793012
-0.015300125315518873,-0.5675388859081699,0.32445872690107286,1790749923,815296649,0.10599999874830246,0.07025256558359072,-0.5751474373789056,0.38657834344108943,-3.589621190396466
-0.017770429574857624,-0.5693742086221386,0.3349423154661502,1790749923,865182166,0.10199999809265137,0.06779019915508833,-0.5761872433683228,0.39005094437110954,-3.644356456580694
-0.023879735847551084,-0.5709019811190013,0.3429098450727787,1790749923,915143276,0.10300000011920929,0.06552432930958858,-0.5772459132967293,0.3936608813425873,-3.6992204783494986
-0.027834294302646626,-0.5726135576511943,0.3522803461725684,1790749923,965348360,0.10199999809265137,0.06343941535238228,-0.5783366161941312,0.39745064767282945,-3.75495130606566
-0.03122290761114009,-0.5743476700994236,0.3618118116240189,1790749924,15492841,0.10100000351667404,0.06157575235338614,-0.579442248912457,0.401352356459342,-3.8107282590324747
-0.03236640699448174,-0.5757889745750798,0.3698632655898447,1790749924,65370237,0.0989999994635582,0.0602626784244289,-0.5803273299441317,0.404507973104628,-3.854863816185345
-0.0358732314731873,-0.5770549712503812,0.37667461631127125,1790749924,115788572,0.10000000149011612,0.0591352116826373,-0.5811872824420358,0.40759904082240817,-3.89739237771132
-0.03795924329879029,-0.5776533526974321,0.37988435196698045,1790749924,165396921,0.10100000351667404,0.05863938927477644,-0.5816035224965238,0.4091093593039097,-3.9179531620097614
-0.03404182210870688,-0.5783744865900354,0.38419776097856695,1790749924,216354082,0.09600000083446503,0.058250858145554786,-0.5819508248618046,0.4103754449148472,-3.935090121252694
-0.03415796185208958,-0.5784486599238541,0.384597019061653,1790749924,266398739,0.09600000083446503,0.058198639261431845,-0.5820001453735872,0.41055169767795474,-3.937469218742658
-0.03704777243248725,-0.5783410985146128,0.38379836438912357,1790749924,315424512,0.0989999994635582,0.05819700376293263,-0.5820027764625526,0.41055700067490003,-3.9375409605807565
-0.03416213402613037,-0.5784525914822599,0.38461114746797803,1790749924,365248075,0.09600000083446503,0.0581967472589915,-0.5820031891700131,0.41055783249781896,-3.9375522136688232
-0.03704834772229183,-0.5783416353561857,0.38380031393836944,1790749924,415328880,0.0989999994635582,0.0581967472589915,-0.5820031891700131,0.41055783249781896,-3.9375522136688232
-0.03416213402613037,-0.5784525914822599,0.38461114746797803,1790749924,465296713,0.09600000083446503,0.0581967472589915,-0.5820031891700131,0.41055783249781896,-3.9375522136688232
-0.03608627410090717,-0.578378620823398,0.3840705924528149,1790749924,515697843,0.09799999743700027,0.0581967472589915,-0.5820031891700131,0.41055783249781896,-3.9375522136688232
-0.03416213402613037,-0.5784525914822599,0.38461114746797803,1790749924,568341242,0.09600000083446503,0.0581967472589915,-0.5820031891700131,0.41055783249781896,-3.9375522136688232
-0.03416213402613037,-0.5784525914822599,0.38461114746797803,1790749924,615859009,0.09600000083446503,0.0581967472589915,-0.5820031891700131,0.41055783249781896,-3.9375522136688232
-0.035124207647515046,-0.5784156060150476,0.3843408689535326,1790749924,666230223,0.09700000286102295,0.0581967472589915,-0.5820031891700131,0.41055783249781896,-3.9375522136688232
-0.03608627410090717,-0.578378620823398,0.3840705924528149,1790749924,715860387,0.09799999743700027,0.0581967472589915,-0.5820031891700131,0.41055783249781896,-3.9375522136688232
-0.03416213402613036,-0.5784525914822599,0.38461114746797803,1790749924,765164467,0.09600000083446503,0.058196747258991516,-0.5820031891700131,0.41055783249781896,-3.9375522136688232
-0.03223798678336105,-0.5785265624166845,0.3851517044968689,1790749924,815149910,0.09399999678134918,0.0581967472589915,-0.5820031891700131,0.41055783249781896,-3.9375522136688232
-0.03223798678336105,-0.5785265624166845,0.3851517044968689,1790749924,868790563,0.09399999678134918,0.0581967472589915,-0.5820031891700131,0.41055783249781896,-3.9375522136688232
-0.03320006040474571,-0.5784895769494722,0.3848814259824235,1790749924,916104700,0.0949999988079071,0.0581967472589915,-0.5820031891700131,0.41055783249781896,-3.9375522136688232
-0.035124207647515046,-0.5784156060150476,0.3843408689535326,1790749924,965816337,0.09700000286102295,0.0581967472589915,-0.5820031891700131,0.41055783249781896,-3.9375522136688232
-0.03416213402613037,-0.5784525914822599,0.38461114746797803,1790749925,15589854,0.09600000083446503,0.0581967472589915,-0.5820031891700131,0.41055783249781896,-3.9375522136688232
-0.03320006040474571,-0.5784895769494722,0.3848814259824235,1790749925,65638011,0.0949999988079071,0.0581967472589915,-0.5820031891700131,0.41055783249781896,-3.9375522136688232
-0.035124207647515046,-0.5784156060150476,0.3843408689535326,1790749925,118113057,0.09700000286102295,0.0581967472589915,-0.5820031891700131,0.41055783249781896,-3.9375522136688232
-0.035124207647515046,-0.5784156060150478,0.38434086895353253,1790749925,170201472,0.09700000286102295,0.0581967472589915,-0.5820031891700134,0.41055783249781896,-3.9375522136688232
-0.03416213402613037,-0.5784525914822599,0.38461114746797803,1790749925,215860426,0.09600000083446503,0.0581967472589915,-0.5820031891700131,0.41055783249781896,-3.9375522136688232
-0.034162134026130414,-0.5784525914822599,0.38461114746797803,1790749925,266070750,0.09600000083446503,0.05819674725899146,-0.5820031891700131,0.41055783249781896,-3.9375522136688232
-0.035124207647515046,-0.5784156060150476,0.3843408689535326,1790749925,315569970,0.09700000286102295,0.0581967472589915,-0.5820031891700131,0.41055783249781896,-3.9375522136688232
-0.030313846708584294,-0.5786005330755464,0.3856922595120321,1790749925,365996943,0.09200000017881393,0.05819674725899146,-0.582003189170013,0.4105578324978191,-3.9375522136688232
-0.035124207647515046,-0.5784156060150476,0.3843408689535326,1790749925,416553482,0.09700000286102295,0.0581967472589915,-0.5820031891700131,0.41055783249781896,-3.9375522136688232
-0.03416213402613037,-0.5784525914822599,0.38461114746797803,1790749925,465949284,0.09600000083446503,0.0581967472589915,-0.5820031891700131,0.41055783249781896,-3.9375522136688232
-0.035124207647515046,-0.5784156060150476,0.3843408689535326,1790749925,515851718,0.09700000286102295,0.0581967472589915,-0.5820031891700131,0.41055783249781896,-3.9375522136688232
-0.03223798678336105,-0.5785265624166845,0.3851517044968689,1790749925,565646837,0.09399999678134918,0.0581967472589915,-0.5820031891700131,0.41055783249781896,-3.9375522136688232
-0.03608627410090717,-0.578378620823398,0.3840705924528149,1790749925,615812356,0.09799999743700027,0.0581967472589915,-0.5820031891700131,0.41055783249781896,-3.9375522136688232
-0.03416213402613037,-0.5784525914822599,0.38461114746797803,1790749925,665263769,0.09600000083446503,0.0581967472589915,-0.5820031891700131,0.41055783249781896,-3.9375522136688232
-0.035124207647515046,-0.5784156060150476,0.3843408689535326,1790749925,716072087,0.09700000286102295,0.0581967472589915,-0.5820031891700131,0.41055783249781896,-3.9375522136688232
-0.03512420764751503,-0.5784156060150476,0.3843408689535326,1790749925,765931521,0.09700000286102295,0.058196747258991516,-0.5820031891700131,0.41055783249781896,-3.9375522136688232
-0.035124207647515046,-0.5784156060150476,0.3843408689535326,1790749925,816384494,0.09700000286102295,0.0581967472589915,-0.5820031891700131,0.41055783249781896,-3.9375522136688232
-0.0351242076475151,-0.5784156060150476,0.3843408689535326,1790749925,865379063,0.09700000286102295,0.058196747258991446,-0.5820031891700131,0.41055783249781896,-3.9375522136688232
-0.03320006040474571,-0.5784895769494722,0.3848814259824235,1790749925,915827472,0.0949999988079071,0.0581967472589915,-0.5820031891700131,0.41055783249781896,-3.9375522136688232
-0.035124207647515046,-0.5784156060150476,0.3843408689535326,1790749925,965157589,0.09700000286102295,0.0581967472589915,-0.5820031891700131,0.41055783249781896,-3.9375522136688232
-0.035124207647515046,-0.5784156060150476,0.3843408689535326,1790749926,15372098,0.09700000286102295,0.0581967472589915,-0.5820031891700131,0.41055783249781896,-3.9375522136688232
-0.03416213402613047,-0.5784525914822598,0.3846111474679781,1790749926,65875739,0.09600000083446503,0.058196747258991405,-0.582003189170013,0.4105578324978191,-3.9375522136688232
-0.03608627410090717,-0.578378620823398,0.3840705924528149,1790749926,115706858,0.09799999743700027,0.0581967472589915,-0.5820031891700131,0.41055783249781896,-3.9375522136688232
-0.035124207647515046,-0.5784156060150476,0.3843408689535326,1790749926,165915284,0.09700000286102295,0.0581967472589915,-0.5820031891700131,0.41055783249781896,-3.9375522136688232
-0.035124207647515046,-0.5784156060150476,0.3843408689535326,1790749926,216147516,0.09700000286102295,0.0581967472589915,-0.5820031891700131,0.41055783249781896,-3.9375522136688232
-0.03416213402613037,-0.5784525914822601,0.384611147467978,1790749926,265473948,0.09600000083446503,0.0581967472589915,-0.5820031891700134,0.41055783249781896,-3.9375522136688232
-0.03416213402613037,-0.5784525914822599,0.38461114746797803,1790749926,315596096,0.09600000083446503,0.0581967472589915,-0.5820031891700131,0.41055783249781896,-3.9375522136688232
-0.03416213402613037,-0.5784525914822599,0.38461114746797803,1790749926,367272704,0.09600000083446503,0.0581967472589915,-0.5820031891700131,0.41055783249781896,-3.9375522136688232
-0.03416213402613037,-0.5784525914822599,0.38461114746797803,1790749926,416295153,0.09600000083446503,0.0581967472589915,-0.5820031891700131,0.41055783249781896,-3.9375522136688232
-0.035124207647515046,-0.5784156060150476,0.3843408689535326,1790749926,465735196,0.09700000286102295,0.0581967472589915,-0.5820031891700131,0.41055783249781896,-3.9375522136688232
-0.03608627410090717,-0.578378620823398,0.3840705924528149,1790749926,516711597,0.09799999743700027,0.0581967472589915,-0.5820031891700131,0.41055783249781896,-3.9375522136688232
-0.0351242076475151,-0.5784156060150476,0.3843408689535326,1790749926,566987330,0.09700000286102295,0.058196747258991446,-0.5820031891700131,0.41055783249781896,-3.9375522136688232
-0.03416213402613037,-0.5784525914822599,0.38461114746797803,1790749926,616071418,0.09600000083446503,0.0581967472589915,-0.5820031891700131,0.41055783249781896,-3.9375522136688232
-0.03512420764751503,-0.5784156060150474,0.3843408689535327,1790749926,665629045,0.09700000286102295,0.058196747258991516,-0.5820031891700129,0.4105578324978191,-3.9375522136688232
-0.03223798678336105,-0.5785265624166845,0.3851517044968689,1790749926,716597252,0.09399999678134918,0.0581967472589915,-0.5820031891700131,0.41055783249781896,-3.9375522136688232
-0.035124207647515046,-0.5784156060150476,0.3843408689535326,1790749926,765632340,0.09700000286102295,0.0581967472589915,-0.5820031891700131,0.41055783249781896,-3.9375522136688232
-0.035124207647515046,-0.5784156060150476,0.3843408689535326,1790749926,815957711,0.09700000286102295,0.0581967472589915,-0.5820031891700131,0.41055783249781896,-3.9375522136688232
-0.03608627410090717,-0.578378620823398,0.3840705924528149,1790749926,865370736,0.09799999743700027,0.0581967472589915,-0.5820031891700131,0.41055783249781896,-3.9375522136688232
-0.03416213402613037,-0.5784525914822599,0.38461114746797803,1790749926,915352476,0.09600000083446503,0.0581967472589915,-0.5820031891700131,0.41055783249781896,-3.9375522136688232
-0.03416213402613043,-0.57845259148226,0.3846111474679781,1790749926,965702412,0.09600000083446503,0.058196747258991446,-0.5820031891700133,0.4105578324978191,-3.9375522136688232
-0.03416213402613037,-0.5784525914822599,0.38461114746797803,1790749927,15828032,0.09600000083446503,0.0581967472589915,-0.5820031891700131,0.41055783249781896,-3.9375522136688232
-0.03608627410090717,-0.578378620823398,0.3840705924528149,1790749927,67317973,0.09799999743700027,0.0581967472589915,-0.5820031891700131,0.41055783249781896,-3.9375522136688232
-0.03608627410090717,-0.578378620823398,0.3840705924528149,1790749927,116052264,0.09799999743700027,0.0581967472589915,-0.5820031891700131,0.41055783249781896,-3.9375522136688232
-0.03512420764751509,-0.5784156060150478,0.38434086895353253,1790749927,165267852,0.09700000286102295,0.05819674725899146,-0.5820031891700134,0.41055783249781896,-3.9375522136688232
-0.03416213402613037,-0.5784525914822599,0.38461114746797803,1790749927,216294745,0.09600000083446503,0.0581967472589915,-0.5820031891700131,0.41055783249781896,-3.9375522136688232
-0.03320006040474571,-0.5784895769494722,0.3848814259824235,1790749927,265290759,0.0949999988079071,0.0581967472589915,-0.5820031891700131,0.41055783249781896,-3.9375522136688232
-0.035124207647515046,-0.5784156060150476,0.3843408689535326,1790749927,315932066,0.09700000286102295,0.0581967472589915,-0.5820031891700131,0.41055783249781896,-3.9375522136688232
-0.03416213402613037,-0.5784525914822599,0.38461114746797803,1790749927,365745574,0.09600000083446503,0.0581967472589915,-0.5820031891700131,0.41055783249781896,-3.9375522136688232
-0.03320006040474571,-0.5784895769494722,0.3848814259824235,1790749927,415410202,0.0949999988079071,0.0581967472589915,-0.5820031891700131,0.41055783249781896,-3.9375522136688232
-0.03416213402613036,-0.5784525914822599,0.38461114746797803,1790749927,465366016,0.09600000083446503,0.058196747258991516,-0.5820031891700131,0.41055783249781896,-3.9375522136688232
-0.035124207647515046,-0.5784156060150476,0.3843408689535326,1790749927,515641192,0.09700000286102295,0.0581967472589915,-0.5820031891700131,0.41055783249781896,-3.9375522136688232
-0.035124207647515046,-0.5784156060150476,0.3843408689535326,1790749927,565519034,0.09700000286102295,0.0581967472589915,-0.5820031891700131,0.41055783249781896,-3.9375522136688232
-0.03608627410090717,-0.578378620823398,0.3840705924528149,1790749927,615688766,0.09799999743700027,0.0581967472589915,-0.5820031891700131,0.41055783249781896,-3.9375522136688232
-0.03415568931541146,-0.5784504651360494,0.38459114978255954,1790749927,665130235,0.09600000083446503,0.05819998879981054,-0.5820022396908595,0.4105490729969963,-3.9374290211835294
-0.03607192718571142,-0.5783738829827635,0.3840260262589276,1790749927,715417032,0.09799999743700027,0.058203889283566235,-0.5820010976931814,0.41053853727066814,-3.9372808428654333
-0.034093921070112304,-0.5784301726289278,0.3844001066586791,1790749927,765491291,0.09600000083446503,0.05823108243276183,-0.5819931779300049,0.41046538781265973,-3.9362520137243555
-0.034031509441782716,-0.5784097606203108,0.38420788398821326,1790749927,815415401,0.09600000083446503,0.05826249249410382,-0.5819840626610785,0.41038118587768113,-3.935067352314354
-0.031963567101147054,-0.5784371303560644,0.3843096857049376,1790749927,865519623,0.09399999678134918,0.058336250232595165,-0.5819627853517144,0.41018461838577946,-3.9323003514562567
-0.033720326232994376,-0.5783092125129647,0.3832607464781717,1790749927,915775994,0.09600000083446503,0.05841890241079898,-0.581939158823578,0.4099662926236098,-3.92922443438272
-0.03534749745689362,-0.5781408237047116,0.38182985951958653,1790749927,965620789,0.09799999743700027,0.05856408477773841,-0.5818982050406251,0.4095876747314604,-3.9238829138301754
-0.03407019835886645,-0.5780799019424548,0.38117688606023725,1790749928,15708372,0.09700000286102295,0.05872301862365951,-0.5818541307153692,0.40918000435520613,-3.918121669629569
-0.03263526846894965,-0.577973568485932,0.3800949101009635,1790749928,65187268,0.09600000083446503,0.05896199658721367,-0.5817892641716134,0.4085796720076833,-3.9096190744444623
-0.03495884543430277,-0.5776951278280212,0.3777006777336018,1790749928,115718807,0.0989999994635582,0.05922636416853693,-0.5817193692974144,0.40793231127282176,-3.900424286485715
-0.03233674570368313,-0.5775712178644244,0.37637098205229425,1790749928,165099118,0.09700000286102295,0.059581899833728615,-0.5816282373180311,0.4070874882136266,-3.8883822379472126
-0.02870972219159383,-0.5774818669218883,0.37528769562257636,1790749928,215705769,0.09399999678134918,0.059974330804173415,-0.5815311581203335,0.4061865852454706,-3.8754852021869386
-0.03147235076104553,-0.5770437606805557,0.3714527690138406,1790749928,265073812,0.09799999743700027,0.060468059954056755,-0.5814137718355357,0.40509594629684575,-3.859791325696875
-0.03129257721031392,-0.5767187822134492,0.36844674040291864,1790749928,315446887,0.0989999994635582,0.06100905979141531,-0.5812906313699941,0.4039503443872374,-3.8432055395885545
-0.030825657156695177,-0.5763391985241086,0.3649161583247363,1790749928,365399923,0.10000000149011612,0.06168006860342837,-0.5811450175894057,0.4025936728755618,-3.8234205177968077
-0.02840035733418192,-0.5760491080291077,0.36207014140000854,1790749928,415317024,0.0989999994635582,0.06240044197139677,-0.5809964767471043,0.4012075695477641,-3.8030340672892557
-0.02657103864404474,-0.5756601577260445,0.358355869527416,1790749928,465255088,0.0989999994635582,0.06327539297217015,-0.5808255950932383,0.3996104071738731,-3.779310272448636
-0.02640090397928674,-0.575158525408837,0.35371979808907583,1790749928,515057606,0.10100000351667404,0.06421137205535206,-0.5806529817124922,0.3979942500011867,-3.755028407787032
-0.021386063177802853,-0.574886045999933,0.3508563437489073,1790749928,565637663,0.09799999743700027,0.0653201470809716,-0.5804604179306927,0.39618799911015357,-3.7275307126820945
-0.020689787743913515,-0.5743389688357781,0.3457647248481556,1790749928,615263985,0.10000000149011612,0.06648031286370072,-0.5802710212886061,0.3944081685150933,-3.7000278034428487
-0.01779050877184349,-0.5738626915640371,0.34117396002550837,1790749928,665881885,0.10000000149011612,0.06783981081691126,-0.5800628021029616,0.39244780613106267,-3.6692184660615754
-0.01643408976085621,-0.5732679242392058,0.3355984630116187,1790749928,715611124,0.10199999809265137,0.06925917146394524,-0.5798592361301129,0.3905276829142863,-3.6384578106580636
-0.012146451804199376,-0.572839578756041,0.33136072877908923,1790749928,765743393,0.10100000351667404,0.07085722992005879,-0.5796448219548667,0.3885015915271355,-3.605299512256689
-0.013329549933706372,-0.571935422802843,0.32310729033606306,1790749928,815645642,0.10700000077486038,0.0725360137487442,-0.5794343997369531,0.386509738902793,-3.571914849892198
-0.0076367453345179,-0.5715685027731932,0.3193515330727575,1790749928,865221381,0.10499999672174454,0.0743813481693955,-0.5792185446898142,0.38446304133530373,-3.5366920410856872
-0.004044419964497517,-0.5709914971327417,0.3138057144836038,1790749928,915264241,0.10599999874830246,0.07634054977908358,-0.579005035380656,0.3824354425809297,-3.5007537270735347
-3.882645310328281e-05,-0.5704063311060966,0.3081658677206135,1790749928,965147537,0.10700000077486038,0.07845881193954354,-0.5787903156658457,0.3803934921831366,-3.463355970160482
0.005680583020840735,-0.5699908014249806,0.30399001241307055,1790749929,15220518,0.10599999874830246,0.08068265691172338,-0.5785809830684916,0.37840034385997506,-3.425504880029592
0.008922689201413717,-0.5692557367328693,0.2970379416465093,1790749929,65070749,0.10899999737739563,0.0830341240521211,-0.5783757197643812,0.3764439902961339,-3.3868440622224054
0.014575960625265477,-0.5687770682727449,0.2923106125880241,1790749929,115575982,0.10899999737739563,0.08550769623346881,-0.5781758894497612,0.3745380439741659,-3.347488041803708
0.019760629734446172,-0.5682351368449159,0.28704409865791536,1790749929,165535916,0.10999999940395355,0.08804381169875795,-0.5779865429530539,0.3727314198239586,-3.308352865254333
0.02515997578607923,-0.5677133349673201,0.2819655453227568,1790749929,215269332,0.11100000143051147,0.09064310778035824,-0.5778073972809553,0.37102209841011713,-3.2693588636527346
0.029709610957788776,-0.567022327140185,0.27539605213408547,1790749929,265351266,0.11400000005960464,0.09332692553368509,-0.5776370062130602,0.36939693451250344,-3.230136188703313
0.03514106670668295,-0.5664387615910654,0.2697819255147113,1790749929,315447063,0.11599999666213989,0.09607660207484849,-0.5774766361354381,0.3678687497091677,-3.1909109700918146
0.04263574851196827,-0.5662713242417367,0.2678971432275758,1790749929,365416238,0.11400000005960464,0.09880732928652135,-0.5773306029564766,0.3664793215418503,-3.152800942539865
0.04827477401114401,-0.5657415196004226,0.26280361519693285,1790749929,415465710,0.11599999666213989,0.10158386317198513,-0.5771947900270996,0.36518995625369377,-3.1148121007025984
0.05361106916102576,-0.5651356513966552,0.25704582371507656,1790749929,465823739,0.11900000274181366,0.1043543971351303,-0.5770712819587139,0.36402084903290566,-3.077579588065906
0.0606790406651766,-0.5649584086873783,0.25515336154216756,1790749929,515281162,0.11800000071525574,0.10710625394577722,-0.5769598550312854,0.3629702401904214,-3.0411860762443337
0.0675606581057471,-0.5648153267340273,0.2536021296552391,1790749929,565561645,0.11699999868869781,0.10980628609272804,-0.5768609005875952,0.36204202434201543,-3.0059803495502746
0.07368024805611957,-0.5644926794052325,0.2504597269907969,1790749929,615357727,0.11800000071525574,0.11248835136657469,-0.5767723582013861,0.36121685215621774,-2.9714432357801805
0.07956589527546097,-0.5642002356597303,0.24761877831460913,1790749929,665303004,0.11900000274181366,0.115046368104905,-0.5766966362828806,0.36051685921865495,-2.93885855347318
0.0849958778344411,-0.5637149050566255,0.2430497974986809,1790749929,715492902,0.12200000137090683,0.11761054611591261,-0.5766290023284645,0.359898031713171,-2.906501135254238
0.09128857435780888,-0.5637898216926288,0.24358143885206796,1790749929,765073465,0.11999999731779099,0.11996726768107628,-0.5765739437567406,0.3594006865123326,-2.8769980833140734
0.09687710619454987,-0.5635621235943001,0.24138957972828456,1790749929,815469800,0.12099999934434891,0.12234008271069167,-0.5765252110154595,0.35896761778294095,-2.8474930177343167
0.10220839830478107,-0.5635768296229563,0.24142603655370912,1790749929,865118696,0.11999999731779099,0.12443493965502027,-0.5764876584430688,0.3586407571098479,-2.8215890154465426
0.10761354135876211,-0.5637138110783191,0.2425896339955964,1790749929,915287853,0.11800000071525574,0.12651465827243216,-0.5764553673612917,0.35836700955621265,-2.7959878736701205
0.11112576196400539,-0.562896816099676,0.23510189181919044,1790749929,965342492,0.125,0.12836396578097795,-0.5764307696482753,0.35816560064721525,-2.7733064652629147
0.11622140195018661,-0.563389473766431,0.23953339857601547,1790749930,15175139,0.11999999731779099,0.13016562977016832,-0.5764104894920344,0.3580070708253717,-2.751273307713361
0.11981232852552287,-0.5631376563891155,0.2372082908299703,1790749930,65158352,0.12200000137090683,0.13171360898808682,-0.5763959440288527,0.3579003687253925,-2.7323852390746315
0.12340343619726514,-0.562892558950087,0.23495068187236234,1790749930,115734659,0.12399999797344208,0.13323164706171023,-0.576384243549312,0.35782207893161566,-2.713894222032611
0.12658619727162393,-0.5630927645848715,0.236758853032976,1790749930,165555908,0.12200000137090683,0.1344559616930562,-0.5763766503555502,0.3577778826162774,-2.698999795777424
0.12947203958614376,-0.5629709787494752,0.23563909228054092,1790749930,215797436,0.12300000339746475,0.13564452568697796,-0.5763708430887241,0.3577511100625802,-2.6845532263828185
0.13174423334908575,-0.5629637568609016,0.2355686623757306,1790749930,265587454,0.12300000339746475,0.13655985390732447,-0.5763674113124505,0.35774129712573866,-2.6734342354592924
0.1338983875813182,-0.5629590914805642,0.23552435847161263,1790749930,315258526,0.12300000339746475,0.13742761552790211,-0.5763649952983431,0.3577406713300271,-2.662897163958419
0.1354833085430951,-0.5630660446318757,0.23649972880277792,1790749930,365222757,0.12200000137090683,0.13805757232569474,-0.5763637593102653,0.3577455299045522,-2.655249856522633
0.13691656096800023,-0.562956150648193,0.23549908595085076,1790749930,415229377,0.12300000339746475,0.13864343114489505,-0.5763629966415886,0.35775404591435433,-2.648138892714519
0.1378532118417277,-0.5630650700634651,0.23649391355571064,1790749930,465112404,0.12200000137090683,0.13901690769448835,-0.57636269720796,0.3577614659297465,-2.643606301351321
0.13867482765477285,-0.5629563333532859,0.23550409160631341,1790749930,515134450,0.12300000339746475,0.13935173068213433,-0.5763625547388633,0.3577694418337134,-2.639543016104425
0.1391295999990462,-0.5629566075140822,0.23550773881917852,1790749930,565194904,0.12300000339746475,0.13953493079857587,-0.576362528753192,0.35777432386370356,-2.637319777748462
0.13951252886115917,-0.5627389361666221,0.23352350996723725,1790749930,615864452,0.125,0.1396903353310252,-0.5763625353702239,0.3577787550460624,-2.6354338513318587
0.13964866138414608,-0.5628480493086961,0.2345190610983075,1790749930,665150088,0.12399999797344208,0.13974434086849263,-0.5763625434595322,0.35778036399056534,-2.634778511384715
0.13974491985999762,-0.5631751039735141,0.23750230966089575,1790749930,715692229,0.12099999934434891,0.1397825576274077,-0.5763625509307576,0.35778152510346833,-2.6343147781171483
0.13975916817403347,-0.5631751181662268,0.23750248343006447,1790749930,765878026,0.12099999934434891,0.13978835391503894,-0.576362552201356,0.35778170263726616,-2.634244441986084
0.13975796215102437,-0.5626301825802401,0.2325322650671822,1790749930,815877757,0.12600000202655792,0.13978835391503894,-0.576362552201356,0.35778170263726605,-2.634244441986084
0.13975892696907224,-0.563066130886626,0.23650843827624823,1790749930,865416181,0.12200000137090683,0.13978835391503894,-0.576362552201356,0.35778170263726605,-2.634244441986084
0.139758685764111,-0.5629571436070254,0.23551439312243208,1790749930,915417273,0.12300000339746475,0.13978835391503894,-0.576362552201356,0.35778170263726605,-2.634244441986084
0.139758685764111,-0.5629571436070254,0.23551439312243208,1790749930,965201577,0.12300000339746475,0.13978835391503894,-0.576362552201356,0.35778170263726605,-2.634244441986084
0.13975844456094688,-0.5628481571394415,0.23452035537481447,1790749931,15624736,0.12399999797344208,0.13978835391503894,-0.576362552201356,0.35778170263726605,-2.634244441986084
0.13975796215102437,-0.5626301825802401,0.2325322650671822,1790749931,65531578,0.12600000202655792,0.13978835391503894,-0.576362552201356,0.35778170263726605,-2.634244441986084
0.13975820335598563,-0.5627391698598408,0.23352631022099835,1790749931,115928931,0.125,0.13978835391503894,-0.576362552201356,0.35778170263726605,-2.634244441986084
0.13975844456094688,-0.5628481571394415,0.23452035537481447,1790749931,166327664,0.12399999797344208,0.13978835391503894,-0.576362552201356,0.35778170263726605,-2.634244441986084
0.13975916817403347,-0.5631751181662268,0.23750248343006436,1790749931,216541646,0.12099999934434891,0.13978835391503894,-0.576362552201356,0.35778170263726605,-2.634244441986084
0.1397698863714324,-0.5638237445805909,0.23554132889366858,1790749931,266611785,0.12300000339746475,0.13978756131438078,-0.5767143022226815,0.3578639925625434,-2.633769640935079
0.1397818372370551,-0.564894396113515,0.23657098557109085,1790749931,315326603,0.12200000137090683,0.13978774348897335,-0.5771056212310364,0.35795832544122175,-2.6332366193121413
0.13980012347993362,-0.570120158548855,0.23784001351870512,1790749931,365231843,0.12099999934434891,0.13976621290585997,-0.5791919601122363,0.35849945619850554,-2.6307365086988175
0.1398014909889059,-0.5760571072207078,0.24030970329927898,1790749931,415280075,0.11900000274181366,0.13978327563043,-0.5814768261597851,0.3591862231313037,-2.6278529809841578
0.13981900155383548,-0.583297637003576,0.2391777933815908,1790749931,465104463,0.12099999934434891,0.13975659710750668,-0.5844088680362688,0.36017267390390667,-2.6248500057014006
0.13981966516494504,-0.5906749706942557,0.24429824605166317,1790749931,515166722,0.11699999868869781,0.13978800851023676,-0.587278309141717,0.36124892531992997,-2.6218075165570034
0.1398226076463059,-0.5941884459640607,0.24594513290662157,1790749931,565060980,0.11599999666213989,0.13980098811222796,-0.5886667217003815,0.3618136330236426,-2.620492434017305
0.1398254246617783,-0.5969851869641405,0.24750862077582453,1790749931,615819187,0.11500000208616257,0.1398119708021607,-0.5897826349131136,0.36228284934114013,-2.619493933445879
0.13971553970453204,-0.5976336558463541,0.24460837088800075,1790749931,665182879,0.11800000071525574,0.13977289457544645,-0.5899584528708505,0.3623584797563324,-2.6195900915555606
0.13958208139381167,-0.5977390960698066,0.2436194399041107,1790749931,715199526,0.11900000274181366,0.13972291226047362,-0.5899739687857538,0.36236573928847515,-2.6198827501306106
0.13871059993363788,-0.5978153869782608,0.242630796831783,1790749931,765300545,0.11999999731779099,0.13939568386098275,-0.5899794698408681,0.3623727210642683,-2.6218743639106266
0.13769332545577795,-0.597886262649044,0.24164643570480038,1790749931,815290369,0.12099999934434891,0.13901716433348757,-0.5899829261302713,0.362380791063287,-2.6241796383464684
0.13527031760092934,-0.5977043277857478,0.24469217872734342,1790749931,865369109,0.11800000071525574,0.13808335271771402,-0.5899906991946731,0.36240618357039955,-2.6298644579361197
0.1325398516718697,-0.5977205933403936,0.24478259098292143,1790749931,915561573,0.11800000071525574,0.13704438804729155,-0.5899981460294843,0.3624434303831785,-2.6361854765803203
0.1279831884879192,-0.5977522100145483,0.2450134832940214,1790749931,965246377,0.11800000071525574,0.13530933550928056,-0.5900100818252628,0.3625310870379815,-2.6467370528258045
0.12287384273683685,-0.597920666055717,0.24338292011184942,1790749932,15437748,0.11999999731779099,0.1334281529666408,-0.5900192788077766,0.3626564459732114,-2.6581724887672324
0.11634959264207832,-0.5978221229092757,0.24710945787790548,1790749932,65281766,0.11699999868869781,0.13083235948748437,-0.5900610607185974,0.3629499303878591,-2.674010641064917
0.10899738144302339,-0.598004578343012,0.2471579284122458,1790749932,115665480,0.11800000071525574,0.12807730803900774,-0.5901012329241874,0.36333664290454404,-2.6908469206715795
0.10027660431347972,-0.5981557560441135,0.2498648096967066,1790749932,165132098,0.11699999868869781,0.12468381398874614,-0.5901930960629105,0.3640133263539397,-2.7117539089870166
0.09044355217487983,-0.5985415914586252,0.2501745447673281,1790749932,215593387,0.11900000274181366,0.12111295860365665,-0.5902819017994254,0.3648574366413643,-2.7338767149526317
0.08034955260250207,-0.5988009520259002,0.2553519787947125,1790749932,265185996,0.11699999868869781,0.11706408593037358,-0.5904474897716272,0.36612770900687736,-2.7593748120486317
0.06875410884317235,-0.5993858684099885,0.25747807746811247,1790749932,315422987,0.11900000274181366,0.11290371071798813,-0.5906079636625743,0.36763597185200236,-2.7859079765507895
0.058690857722553585,-0.5997009871824348,0.26636440543477424,1790749932,365151745,0.11500000208616257,0.10844987307363672,-0.5908562333177317,0.3696640240215865,-2.8150963240692315
0.04614873437796918,-0.6005137465719854,0.27070510942973486,1790749932,415444866,0.11699999868869781,0.10396521802270435,-0.5910936438548813,0.37198450307381514,-2.845163639309221
0.03444957518883959,-0.6013725737526903,0.2781049536506451,1790749932,465175384,0.11699999868869781,0.0995046893368641,-0.5914368743162041,0.3748422974897779,-2.876438502032533
0.024821541961736332,-0.602008272947576,0.2888509640434074,1790749932,515733108,0.11400000005960464,0.09509377772634545,-0.591768279068079,0.3780303081741023,-2.908527545030429
0.01355075870041468,-0.6031690162463818,0.297343893546955,1790749932,565276550,0.11500000208616257,0.09099542170092985,-0.5922002578675175,0.38164698359815136,-2.940385939733696
0.0048870285907588185,-0.6040636313844719,0.3088335501780544,1790749932,615315402,0.11299999803304672,0.08706474257835907,-0.5926119809170824,0.38554523495171494,-2.972636532929174
-0.00338113008215922,-0.6051773586233072,0.320179664706818,1790749932,665689977,0.1120000034570694,0.08354893649345194,-0.5931042153625807,0.38975985952796915,-3.0042077223858525
-0.009041237808800201,-0.6060323461316851,0.3329762893536937,1790749932,715587514,0.10899999737739563,0.08033708900540602,-0.5935609651671937,0.39410712266229275,-3.03531435821043
-0.01664180955570578,-0.6073893147938259,0.34346140179726947,1790749932,765335133,0.10999999940395355,0.07765624451140526,-0.5940645345923036,0.3985098086825474,-3.0645749220691694
-0.01909130492167123,-0.6081023508485818,0.35663052116929733,1790749932,815352846,0.10599999874830246,0.07524518615539451,-0.5945356410442797,0.40302632454624804,-3.093682880187424
-0.021831875857908953,-0.6090235421284819,0.3679571156612186,1790749932,865240660,0.10400000214576721,0.07340272467195898,-0.5950304363247019,0.4073343209734329,-3.1199018418544227
-0.029413112540004463,-0.6107377620590744,0.37726619818910107,1790749932,915487281,0.1080000028014183,0.0718179652797053,-0.5954959998563323,0.41167489147323044,-3.145793202758679
-0.02837703144612716,-0.6112102624659728,0.3878675858451831,1790749932,965252150,0.10400000214576721,0.07070956628667646,-0.5959271366591234,0.4155130676031332,-3.1679459218334385
-0.028630354989856582,-0.6119058467569097,0.39757113596729804,1790749933,15518086,0.10199999809265137,0.0698001139446824,-0.596329827050568,0.4193157906285084,-3.1896782622062076
-0.031909342132493954,-0.6130428461690367,0.40465696860175066,1790749933,65118751,0.10400000214576721,0.06924923304994163,-0.5966745403835594,0.4224058186797761,-3.2069514922106257
-0.0290039504114704,-0.6131949935934873,0.4125319979691392,1790749933,115656614,0.10000000149011612,0.06882981608916357,-0.5969994434614543,0.42542612788330797,-3.223755056834779
-0.0285300021881488,-0.6136086146616739,0.41786544945091136,1790749933,165187492,0.0989999994635582,0.06861886398492237,-0.597245060188521,0.427629248920144,-3.2358717196773252
-0.029847177903110894,-0.6143186353992397,0.42274583735235055,1790749933,215438067,0.10000000149011612,0.0684766354722514,-0.5974734422753285,0.4297220462058961,-3.247365939667671
-0.028014862306205354,-0.6143178677931728,0.4259674468991033,1790749933,265407826,0.09799999743700027,0.06841842020262524,-0.5976155306427497,0.4310323709792579,-3.254548138284324
-0.028088508272210377,-0.6146148029962284,0.42871130748058317,1790749933,315326899,0.09799999743700027,0.06838470213859797,-0.5977398817010009,0.4321978820121031,-3.260939720780573
-0.026139901781883468,-0.6144095532124689,0.4300791048602591,1790749933,365195630,0.09600000083446503,0.0683741486630557,-0.5977982313064846,0.43275462597670533,-3.263997483366866
-0.029102966639866334,-0.6150415734548855,0.431052496619679,1790749933,415318149,0.0989999994635582,0.06836828987123131,-0.5978444466951618,0.43320025804551926,-3.266447338005982
-0.029104511741239028,-0.6150729593229178,0.43134708938129074,1790749933,465521650,0.0989999994635582,0.06836706958084136,-0.5978572432173878,0.433324422770323,-3.267130182526274
-0.02615143731899021,-0.6145672879431854,0.43155753327343443,1790749933,515511622,0.09600000083446503,0.06836650907020128,-0.597863883437019,0.43338899402665476,-3.2674853097383476
-0.02615129013168066,-0.6145625003563578,0.43151263687734925,1790749933,565435705,0.09600000083446503,0.06836665125916903,-0.597861898701809,0.4333697367209934,-3.267379396504082
-0.029104670735628585,-0.6150757118611707,0.4313731770004379,1790749933,615520455,0.0989999994635582,0.06836692715784995,-0.5978583632028289,0.433335421392366,-3.2671906697817144
-0.02910259286647572,-0.6150345182578868,0.43098656255289464,1790749933,665365722,0.0989999994635582,0.06836855141336387,-0.5978415643185031,0.4331724860194072,-3.26629436046147
-0.028114657308350874,-0.6148139754891868,0.4305693600911923,1790749933,715127527,0.09799999743700027,0.06837078639799465,-0.5978222895315957,0.4329862297112363,-3.265270076530282
-0.026135373976036533,-0.614372068207797,0.4297291628902647,1790749933,765245370,0.09600000083446503,0.06837664074824763,-0.5977825502632248,0.4326044241550364,-3.26317201919648
-0.029072268961337286,-0.6147833614749454,0.42864195176767744,1790749933,815560445,0.0989999994635582,0.06838502884306558,-0.5977383777288271,0.4321836360482157,-3.2608613999035105
-0.02903237778245163,-0.614603822072481,0.4269794606995487,1790749933,865225267,0.0989999994635582,0.06840357970592455,-0.5976638300851242,0.4314817660619345,-3.2570110682858107
-0.027988222416992836,-0.6142381136354952,0.4252359987269151,1790749933,915282129,0.09799999743700027,0.06843002063423491,-0.5975818238155263,0.4307214261486967,-3.25284470722404
-0.029837801704972952,-0.6142895670009354,0.42250609458730687,1790749933,965248462,0.10000000149011612,0.06847879534268742,-0.5974598333370637,0.4296199618755232,-3.2468225343650636
-0.02868966514896444,-0.613813530421328,0.4198177918794992,1790749934,15301462,0.0989999994635582,0.06854549408280844,-0.5973271781967683,0.42845051412013935,-3.240438534624643
-0.027409306311951556,-0.613257270502391,0.41630721509133256,1790749934,65344110,0.09799999743700027,0.06867564321753433,-0.597163825026799,0.42692243926665563,-3.2320074153922067
-0.028973344441479226,-0.6131680039828643,0.4122750012272583,1790749934,115582028,0.10000000149011612,0.06884328425008762,-0.5969886909763177,0.42531866942587304,-3.2231546398329938
-0.028371869402705197,-0.6126578514316706,0.40762660829980524,1790749934,165078628,0.10000000149011612,0.0690962826967812,-0.5967742809699582,0.42336420067355884,-3.2123264060266368
-0.02858199600430754,-0.6122681643432424,0.4025679959877224,1790749934,215351517,0.10100000351667404,0.06940963520760318,-0.5965401909912241,0.4213102417719196,-3.200944129098052
-0.028432360545805696,-0.6117965112725257,0.3965959834839556,1790749934,265479944,0.10199999809265137,0.06988071345895375,-0.5962833957541688,0.4189092606424031,-3.187402946278751
-0.026120398174989096,-0.6109898100468498,0.39089240800378844,1790749934,315921492,0.10100000351667404,0.07044201747460374,-0.5960081092509997,0.4164315786157535,-3.1733724041535196
-0.025269943926691796,-0.6104178376764968,0.38398671950154833,1790749934,365611380,0.10199999809265137,0.07120058094989296,-0.595713913516254,0.41367227247310256,-3.1574385222205894
-0.02595889922211017,-0.6100850574478065,0.3762306232447938,1790749934,415566018,0.10499999672174454,0.07207370128415355,-0.5953976495031834,0.41085559396555965,-3.141063179925367
-0.022267205547747915,-0.6091250435317831,0.36900940939355803,1790749934,465279378,0.10400000214576721,0.07321478432677689,-0.5950657482986002,0.4077589419516022,-3.1225674189054047
-0.02000090208815014,-0.6083993366199347,0.3609570135496381,1790749934,515334008,0.10499999672174454,0.07450683685136003,-0.5947074423063199,0.4046126961375046,-3.1035535751424765
-0.015172389242638015,-0.6073831638915974,0.3532049964257048,1790749934,565226007,0.10400000214576721,0.07613119233875319,-0.5943502632467027,0.40126537446739446,-3.0825105950401452
-0.010759918740248162,-0.6064675785465807,0.3450580468328093,1790749934,615310961,0.10400000214576721,0.0779340807511969,-0.5939668459401104,0.3979078962633673,-3.0609969708534552
-0.007945999291955164,-0.6059030926443625,0.3349366118874406,1790749934,665007025,0.10700000077486038,0.08012128442744715,-0.5936043346750565,0.39445042756513726,-3.0375994725668587
-0.0011667185687450898,-0.6048363564034873,0.3269977870164174,1790749934,715353563,0.10599999874830246,0.08253383494019656,-0.5932121121980233,0.39099070868427577,-3.013508525345032
0.004166986265213418,-0.6041214434957799,0.31718759231188853,1790749934,765138525,0.1080000028014183,0.08532337786590449,-0.5928451641786675,0.38754728412633654,-2.987932606405478
0.008858377421385802,-0.6035639661374871,0.3060390819217232,1790749934,815269488,0.1120000034570694,0.08833226251877033,-0.5924492040058135,0.3841695140507444,-2.9618476666635236
0.01758185713833045,-0.6026633436276385,0.29767308812473187,1790749934,865141015,0.1120000034570694,0.09177908319741536,-0.5921087923251217,0.3809039349684541,-2.934118550138685
0.024554120998619533,-0.6021129988604355,0.2865379591909496,1790749934,915536082,0.11599999666213989,0.09547015973480075,-0.5917432468058906,0.37774861053119696,-2.9057534216902865
0.03436574729007773,-0.6013775535491671,0.2781598468016312,1790749934,965074608,0.11699999868869781,0.09947195927583101,-0.5914382555273681,0.37486243833285804,-2.8766669889171372
0.04639490365816166,-0.6003970938704459,0.27285981297995443,1790749935,15005246,0.11500000208616257,0.10367671227740227,-0.5911091979289697,0.3721449068768048,-2.8471310732653503
0.05760490414933713,-0.5998643276759774,0.2646716602541879,1790749935,65626267,0.11699999868869781,0.10836422248395626,-0.5908589403936823,0.3697021048655289,-2.8156549415565033
0.07051725319531713,-0.5991342398037753,0.25999195166314826,1790749935,115592767,0.11599999666213989,0.11315362807849133,-0.5905959503559286,0.36753374063721495,-2.784295583769334
0.08360213921759296,-0.5986417147644667,0.25537722068909696,1790749935,165204997,0.11599999666213989,0.11820163713948802,-0.5904224103324069,0.3657915177878983,-2.752232701350175
0.09627749213274836,-0.5984544329003288,0.24770691460891353,1790749935,215421961,0.11999999731779099,0.1234149938929728,-0.5902313442094226,0.3643085276632155,-2.7196123098093206
0.11041454018166111,-0.5982303791959858,0.24399332128817963,1790749935,265293367,0.12099999934434891,0.1288078820532583,-0.5901362043421868,0.36331293052975866,-2.6864650830592507
0.12502250569558088,-0.5979846693731948,0.2422361159533709,1790749935,315342608,0.12099999934434891,0.13427235305278895,-0.5900277849302228,0.3626193712472945,-2.6530634576338366
0.13972249066939518,-0.5978658841642951,0.24270883115277692,1790749935,365302941,0.11999999731779099,0.1397873916336748,-0.5900205681769874,0.36245208215755786,-2.6196008209023973
0.1544135419244258,-0.5978651734519732,0.2432033591362414,1790749935,415519054,0.11999999731779099,0.14531494149299734,-0.5900029802521101,0.3625993420860336,-2.585944785787259
0.169293195740072,-0.5983273523025081,0.24095562535581694,1790749935,464993375,0.12399999797344208,0.1506980164214607,-0.590092607690023,0.3632765466435896,-2.552973270271948
0.18341143242492935,-0.598385871694215,0.24667909633666923,1790749935,515866277,0.12099999934434891,0.15615578787380233,-0.5901766639639311,0.3642832569343118,-2.51910498767975
0.19686972971126024,-0.5987448233519697,0.251449654753471,1790749935,565203922,0.11999999731779099,0.16131015092381032,-0.5903526087448067,0.36575226385193516,-2.4864574291562227
0.210409261910318,-0.5992237744161458,0.25621449720100853,1790749935,615210672,0.11999999731779099,0.1664114642563848,-0.5905207687547028,0.3675179151643859,-2.453402422412959
0.2242166667908693,-0.6000113541355938,0.2601924185859025,1790749935,665467461,0.12200000137090683,0.1712824738313537,-0.5907713336173898,0.36972138083356193,-2.4207643468506577
0.2357320512423206,-0.6005325695589567,0.26854202570621377,1790749935,715426970,0.11999999731779099,0.17595198278977983,-0.5910104329212975,0.37215511216701336,-2.388431315886161
0.2460608137271934,-0.601168055831616,0.2774725575327748,1790749935,765297737,0.11800000071525574,0.18025705021187702,-0.5913231033303189,0.3749248114126511,-2.3571603356474955
0.25804066196842446,-0.6021662198319861,0.2837603467241095,1790749935,815160070,0.11999999731779099,0.1843573450024027,-0.591624361400216,0.3778859934839545,-2.326075810101312
0.26786092077282664,-0.603094569477527,0.29216185849719634,1790749935,865250302,0.11999999731779099,0.1880470691642467,-0.5919847271655082,0.38107934750512723,-2.2962644772998537
0.2748910854905001,-0.6037464273202683,0.3031282151727794,1790749935,915263024,0.11699999868869781,0.19150783030986304,-0.5923324310226229,0.3844052299872605,-2.2667636533279447
0.2850795449124875,-0.6050255923469268,0.3100281836840064,1790749935,965136663,0.11999999731779099,0.1945326280711135,-0.592710715692116,0.38780735197325944,-2.238918285062213
0.29018944696056054,-0.6057018940171596,0.32122806929322945,1790749936,15469627,0.11699999868869781,0.19736601716713212,-0.5930773227726827,0.3913239377551644,-2.2111115871951394
0.2963982521806284,-0.6066883850264221,0.33019796587120276,1790749936,65260923,0.11699999868869781,0.1997329903564146,-0.5934609391716107,0.3947724308381657,-2.1855143208342622
0.3038191226606234,-0.6079203225619138,0.338466495665434,1790749936,115744693,0.11900000274181366,0.20192720268868644,-0.5938350572105404,0.3983049665430012,-2.1599091265520705
0.3067569412189749,-0.6086442703365597,0.34818488889519333,1790749936,165239525,0.11699999868869781,0.20369598716042178,-0.5942090070936747,0.4016550919694731,-2.1367092552105342
0.31366991215548035,-0.6099909905010606,0.3558488929355863,1790749936,215355552,0.11999999731779099,0.2053113994954588,-0.5945729755159098,0.40504967447709694,-2.1135527470974784
0.31613862192350006,-0.6107706782906565,0.3645213620369493,1790749936,265118348,0.11900000274181366,0.2065803998095892,-0.5949208317618216,0.40818804252451335,-2.092760264812772
0.31537232052663833,-0.6111190031533897,0.37413439823320294,1790749936,315488507,0.11500000208616257,0.20771569396700737,-0.595257676691516,0.41132941887424324,-2.0721298341609464
0.324236518417656,-0.6129166635474488,0.3794518665904191,1790749936,365060894,0.12200000137090683,0.20857178911134053,-0.5955705013069196,0.4141618274737632,-2.053892723640222
0.32432038848621747,-0.6134482506053449,0.3875435379009567,1790749936,415424238,0.11999999731779099,0.20932414455508294,-0.5958747712550704,0.4169890139800817,-2.035773331907437
0.32574676446349193,-0.6141567766101241,0.39401830023851603,1790749936,465351506,0.11999999731779099,0.20985998891499816,-0.5961422562875219,0.419429551030034,-2.020306655720953
0.3249814608302212,-0.6145331655818136,0.40068441383427605,1790749936,515277099,0.11800000071525574,0.21031140136541596,-0.5963964654301904,0.4217992839202722,-2.0053090753913994
0.3267499808127987,-0.6152642947386882,0.4057684805841241,1790749936,565035802,0.11900000274181366,0.2106108065739393,-0.5966161393987203,0.42379454954227275,-1.992781868177231
0.32640947751683813,-0.6156644089345383,0.41102472207958574,1790749936,615275469,0.11800000071525574,0.21085547737465402,-0.5968270278165412,0.4257361561550181,-1.9805931338629115
0.32778883052751273,-0.6162769383720502,0.4150212763671293,1790749936,665651119,0.11900000274181366,0.2110042045009834,-0.5969996985391058,0.4272988901751334,-1.97080718353777
0.32808599887275547,-0.6167010434810319,0.4188970268934378,1790749936,715281719,0.11900000274181366,0.21111697827693837,-0.5971602316910284,0.4287664518004239,-1.9616068655368164
0.3272706767555002,-0.6168593089540875,0.4219139970440036,1790749936,765063561,0.11800000071525574,0.21117905188156288,-0.5972836734370214,0.4298845238165796,-1.9546029912896052
0.3293583136181503,-0.6175000340663352,0.4245977427421835,1790749936,815386776,0.11999999731779099,0.21122413343092702,-0.5974000891412907,0.4309465254422511,-1.9479421907263301
0.327448906956988,-0.6173707424358362,0.4265906797612722,1790749936,865099719,0.11800000071525574,0.21124851794318908,-0.5974777176276157,0.43166387656621497,-1.9434351291387495
0.32945873421902494,-0.6178997991841289,0.42827158306208246,1790749936,915397674,0.11999999731779099,0.21126657177714672,-0.597548890658975,0.43232776547703033,-1.939257790393913
0.32750552188739246,-0.6176714210948265,0.42936255891232605,1790749936,965279257,0.11800000071525574,0.21127514844633669,-0.5975902120419655,0.4327159902189676,-1.9368120723273636
0.3255459719293984,-0.6174275083742966,0.43031203352159203,1790749937,15686416,0.11599999666213989,0.21128146991284752,-0.5976264378098657,0.4330580140438339,-1.934655568303831
0.3265345174493537,-0.6176418521795248,0.43069293396343117,1790749937,65000894,0.11699999868869781,0.2112839763839571,-0.5976426990725198,0.4332121307185892,-1.9336830784433197
0.3285069192305431,-0.6180197542407396,0.4309841592856521,1790749937,116190020,0.11900000274181366,0.21128586485384898,-0.5976559626470085,0.4333381039100774,-1.9328878330742802
0.32653735017686253,-0.6176868137992586,0.4311102126853979,1790749937,165224062,0.11699999868869781,0.2112863548339712,-0.5976594209612691,0.43337103150630757,-1.9326798410914399
0.32850775849780206,-0.6180344654978049,0.43112088715570346,1790749937,215204090,0.11900000274181366,0.21128664066188935,-0.5976613681050778,0.4333896067234718,-1.932562449340689
0.3285057102194267,-0.6179991446334732,0.4307930987681507,1790749937,265254674,0.11900000274181366,0.21128484559423757,-0.5976483744816261,0.4332660935723166,-1.9333422779330298
0.3235772825993469,-0.6171019571648295,0.43050629389003514,1790749937,315495351,0.11400000005960464,0.2112824334052407,-0.5976324389309872,0.4331148792930599,-1.9342967040343326
0.32355814336376104,-0.6169376331979393,0.42898585194956107,1790749937,365404693,0.11400000005960464,0.21127117810474355,-0.5975700076044459,0.43252598265058284,-1.93800924491585
0.3245075981334733,-0.6169196149743718,0.42722193708152884,1790749937,415222859,0.11500000208616257,0.21125419519922398,-0.597498573768273,0.4318577069314,-1.9422160056785667
0.32438542397632175,-0.6165185447245423,0.4235489841155503,1790749937,465734741,0.11500000208616257,0.2112046596429234,-0.5973443540516534,0.4304385034576267,-1.9511286827062804
0.327130715409117,-0.616578019807307,0.41936515200091085,1790749937,515141905,0.11800000071525574,0.21112902085628463,-0.5971752815598299,0.42891191994465105,-1.9606883613397288
0.3266216783739297,-0.615912370765842,0.41323389181000575,1790749937,565090118,0.11800000071525574,0.21092698721421627,-0.5969252635095252,0.4265841114447534,-1.975315669452657
0.3268448399314875,-0.6153480939907748,0.4065129009978475,1790749937,615477675,0.11900000274181366,0.2106433717263984,-0.5966493029994626,0.4240791941468458,-1.9910119949342355
0.32450302187585617,-0.6142654547950677,0.398119139634341,1790749937,665314814,0.11800000071525574,0.2101125399346272,-0.5963019280006903,0.42083762363220945,-2.0114746460973603
0.324604045771612,-0.6135797053356395,0.3887471227220662,1790749937,715272313,0.11999999731779099,0.20943079325546268,-0.5959242898044657,0.4174422018044233,-2.032887815912554
0.3227179793315656,-0.6125693162752289,0.37780933386021076,1790749937,765289453,0.12099999934434891,0.2083521773422256,-0.5954964961800073,0.41344614054464457,-2.0585481406926984
0.3191485803183268,-0.611354788667106,0.36683064530061493,1790749937,815717695,0.12099999934434891,0.20703262487160054,-0.5950324056980992,0.4093111371740997,-2.085218189573472
0.3107203949792139,-0.6095716815040834,0.3566210099650444,1790749937,865052980,0.11699999868869781,0.20520497878890143,-0.5945684860848757,0.4048952346253484,-2.114795466411769
0.30673049275793507,-0.6085056649604305,0.3437826095772053,1790749937,915727251,0.11900000274181366,0.2030237703742426,-0.5940601906203121,0.4003267927976956,-2.145820946127784
0.2980209008525165,-0.6069912812322003,0.3328057250443131,1790749937,965150536,0.11699999868869781,0.20033987930788638,-0.5935868444519046,0.3957957147074005,-2.1783350000984596
0.2884132924211857,-0.6054718342052593,0.3222061445575564,1790749938,15413528,0.11500000208616257,0.19728589661762372,-0.5930765766882893,0.3912507374303249,-2.2118099685344177
0.2791469889794044,-0.604261351534087,0.3108061705869184,1790749938,65743020,0.11500000208616257,0.19368924440306345,-0.5926216055989664,0.3868751569500093,-2.246712859240082
0.2711245045908359,-0.6033566893744265,0.2979243611041192,1790749938,115664010,0.11800000071525574,0.18980200347550819,-0.5921471681537909,0.38268872634772844,-2.2815907948088316
0.2608960776610395,-0.6024201527577332,0.2874400675647495,1790749938,165179064,0.11900000274181366,0.18565968212457634,-0.5917685559252597,0.37902079110497366,-2.3156290318551913
0.2469498740341073,-0.6010783897333887,0.28167138960286553,1790749938,215055897,0.11500000208616257,0.18125433770915858,-0.591372815609364,0.37555908218138084,-2.3498181244696985
0.23725394756397972,-0.6006087557093682,0.2706508902389439,1790749938,265683271,0.11900000274181366,0.17671211553150198,-0.5910804495579167,0.3726552950878872,-2.382952951286147
0.22599235211145055,-0.6000187423560037,0.2621260632851998,1790749938,315317417,0.12099999934434891,0.17211386442455515,-0.5907884953910528,0.3700747128685619,-2.415146094775906
0.21316290885639855,-0.5992478299258602,0.2595303999766186,1790749938,365154250,0.11800000071525574,0.16773731212040124,-0.5905922222558861,0.36809188387326763,-2.4446113922765678
0.2018005495725511,-0.5988198832136453,0.2540642619822883,1790749938,415353196,0.11900000274181366,0.16328999683263773,-0.590392366523093,0.366344780963314,-2.473757927387645
0.19165503914945797,-0.5985625602673383,0.24986309375947852,1790749938,465183056,0.11999999731779099,0.1593465890082685,-0.5902760103151398,0.3651344973929636,-2.498989401970892
0.1812443011509246,-0.5982726618039134,0.24720926435176424,1790749938,515277353,0.11999999731779099,0.15542384178269456,-0.5901597354332043,0.36411727802057514,-2.5236783153783606
0.17258542817404401,-0.5981057337226919,0.2455061730860127,1790749938,565283140,0.11999999731779099,0.15216251910764092,-0.5901006785229599,0.36348423559249954,-2.5439390964348956
0.16405413718083126,-0.5979004221055417,0.24520416635301512,1790749938,615421048,0.11900000274181366,0.14899469743285013,-0.5900432886288703,0.3629856563272821,-2.5634405549655823
0.1578881565163039,-0.5979010678447271,0.24351456026151472,1790749938,665022862,0.11999999731779099,0.14662446855608632,-0.5900199042389688,0.36272452607823646,-2.57794540311569
0.1518182388486067,-0.5977855879127945,0.24402447547951445,1790749938,715304752,0.11900000274181366,0.14436027999273218,-0.5899983712891391,0.36253497610925617,-2.591741797074433
0.14786124993277064,-0.5977676593201704,0.24381453900595546,1790749938,765229039,0.11900000274181366,0.1428615069121058,-0.5899912858727379,0.36245488306431123,-2.6008519569776585
0.14423999223561002,-0.5976911010204744,0.2446887741746135,1790749938,815327021,0.11800000071525574,0.14149812691709665,-0.5899855461308755,0.36240498702237234,-2.6091246139040454
0.14235858147739158,-0.5976856467778601,0.24464743402977784,1790749938,865316956,0.11800000071525574,0.14078100114066391,-0.5899816486049769,0.3623851077847563,-2.6134704404575846
0.14080790501749965,-0.597811921722601,0.24262956341795427,1790749938,915216012,0.11999999731779099,0.1401857305847832,-0.5899779563610483,0.36237195875878214,-2.6170753135364855
0.14026226288599528,-0.5978104786384063,0.24262442187497057,1790749938,965703690,0.11999999731779099,0.1399797716362328,-0.5899765763458095,0.3623681045051356,-2.618322135363695
0.13991891727737163,-0.5976137365461816,0.2456154697509838,1790749939,15030937,0.11699999868869781,0.13985081918500678,-0.5899756835190237,0.36236586675998517,-2.619102698067267
0.13984936096718106,-0.5984328896115987,0.24377085643759977,1790749939,65807014,0.11900000274181366,0.13982012183431627,-0.5902491270243967,0.36248911883871937,-2.619082323293053
0.13983197495073904,-0.599298756929489,0.24294983996182734,1790749939,115129928,0.11999999731779099,0.1398098598034496,-0.5905626080021591,0.3626314115136315,-2.6189114858396594
0.13983476189326904,-0.6035657899833392,0.2459972767082072,1790749939,165166947,0.11800000071525574,0.1397911220792363,-0.5923103382374686,0.36345924106417804,-2.617820612378373
0.13984323082336658,-0.6095320489272206,0.23932245074571995,1790749939,215192643,0.12600000202655792,0.13980412453953336,-0.5942254981749687,0.3643892668300031,-2.616557716039887
0.1398511970317865,-0.6180487650961367,0.2418893187367012,1790749939,265334699,0.12600000202655792,0.13976232100210545,-0.5974329306734131,0.3661912896896945,-2.615456129053199
0.1398684096474691,-0.6287105016007217,0.23596182245542957,1790749939,315274837,0.13500000536441803,0.13980322114071594,-0.6005762625315012,0.3679976577080133,-2.6143892676037788
0.13987842106793225,-0.6386109780505402,0.23234681053239084,1790749939,365262181,0.1420000046491623,0.1397889319740529,-0.6034176122837954,0.369916503117903,-2.614539878710313
0.13989217814061705,-0.6469778116958274,0.2347016392406724,1790749939,415683025,0.14300000667572021,0.13981915178347845,-0.6060362276996998,0.3717154461226623,-2.6149199862375694
0.13990063448593,-0.6519003983164173,0.2325468767054122,1790749939,465021819,0.1469999998807907,0.1398298675886155,-0.6072269237895994,0.37259428164638375,-2.615350958841312
0.13991031615388413,-0.6575364991550445,0.22639282395457147,1790749939,516158194,0.1550000011920929,0.1398382853687701,-0.6081958787410744,0.3733298797243102,-2.615808793806701
0.1398837131705055,-0.6561458299789871,0.23232262505085818,1790749939,565291255,0.14900000393390656,0.13983315918591704,-0.6083552850874505,0.3734504480892968,-2.6159194246531
0.13985438896445665,-0.6565759605666555,0.23142669639921004,1790749939,615373877,0.15000000596046448,0.13982480399525518,-0.608388694839168,0.37347594255904537,-2.615975726343101
0.13949461001309418,-0.6585244795679186,0.22575893212685796,1790749939,665079311,0.15600000321865082,0.13972017872982254,-0.6083958782778652,0.37348527864526326,-2.6164504445192796
0.13908197956380908,-0.6572433488507083,0.22955458925883362,1790749939,715270997,0.15199999511241913,0.1395965200186109,-0.6083982160026402,0.37349168232156843,-2.6170079420302357
0.13800387887381246,-0.6575751124579737,0.22863011338668213,1790749939,765165284,0.15299999713897705,0.1392801490093857,-0.6084038014092538,0.37350782881875977,-2.618433047187771
0.13681782374691903,-0.6572646572593773,0.2296063138610956,1790749939,815132561,0.15199999511241913,0.13892657284453433,-0.6084094045106211,0.3735254438274551,-2.620024360604627
0.13462824267198403,-0.6572829006224399,0.22967169406289295,1790749939,865422915,0.15199999511241913,0.13827739954519078,-0.6084179534078902,0.373556714485484,-2.6229417970431883
0.13234508792839178,-0.6566567947071856,0.231651142084966,1790749939,915248933,0.15000000596046448,0.13757833440580883,-0.6084246336797783,0.37358871132606664,-2.626078045498543
0.1288605037572372,-0.656995701530827,0.23085885104310414,1790749939,965175340,0.1509999930858612,0.13654520736350798,-0.6084281069084115,0.37362835757375873,-2.630696021849574
0.1248512892606715,-0.6586160403081136,0.22634075816076685,1790749940,15331730,0.15600000321865082,0.13544205935298126,-0.6084253385018829,0.3736660107323098,-2.6356129290282775
0.1202867029742719,-0.6570828053572066,0.23153292418638266,1790749940,65348351,0.1509999930858612,0.1339826427855455,-0.6084548804914329,0.3738310059298298,-2.6423368474287736
0.11523360395331478,-0.6568373129793231,0.23307018797035653,1790749940,115814853,0.15000000596046448,0.1324390846432802,-0.6084796557707242,0.37401524893973653,-2.64945720894935
0.10843424158841404,-0.6582525423546401,0.23025428686757807,1790749940,165236184,0.15399999916553497,0.13057576127078083,-0.608522366519735,0.3743121310155784,-2.658191543686286
0.10281882942900936,-0.6564310436498715,0.23698088991342858,1790749940,215670029,0.14800000190734863,0.12860468348820445,-0.6085513770302221,0.37462764003635857,-2.6674184818388795
0.09451547028891326,-0.6579389071540316,0.2349456911705728,1790749940,265078518,0.15199999511241913,0.12635053467352078,-0.6086228833609151,0.3751543106882048,-2.6782952910093702
0.08781212015938822,-0.6565230382422043,0.24151523629713412,1790749940,315577344,0.1469999998807907,0.12397894196227473,-0.608677761015051,0.3757232480277591,-2.6897511499100184
0.07903115069244446,-0.6571812943843197,0.24327994763731936,1790749940,365327269,0.14800000190734863,0.12140689286429412,-0.6087904129335461,0.376571431357688,-2.7026539462246784
0.0703928790679493,-0.6575068554784156,0.24632283986216616,1790749940,415262334,0.14800000190734863,0.11877535851323719,-0.6088805120640997,0.3774663298777003,-2.7159021193495776
0.061464222897653596,-0.6576532550406896,0.2511319046953051,1790749940,465161213,0.1469999998807907,0.11597617546785192,-0.6090390903190285,0.37870192460732094,-2.7306222191782155
0.05259453848853499,-0.6577866287693832,0.25635661493987905,1790749940,515266788,0.1459999978542328,0.11312993292262925,-0.6091697296683731,0.3800007111028047,-2.7456949823419787
0.04543022417972582,-0.6567240255365985,0.2657253967905904,1790749940,565353983,0.14100000262260437,0.11025209505778047,-0.6093701686257862,0.3816423413289691,-2.761723979152832
0.03337354014237218,-0.6593367847569002,0.2664951102711141,1790749940,615158437,0.1469999998807907,0.10739013444770076,-0.6095347055403407,0.3833295942135718,-2.777842183759714
0.026685556572722285,-0.65842382486558,0.2771095538450801,1790749940,665733708,0.1420000046491623,0.10454681020840506,-0.6097955278745573,0.38544659845307594,-2.795002160519725
0.019625174969431378,-0.6581365267423042,0.286318951257546,1790749940,715713254,0.13899999856948853,0.10176665458476872,-0.6100165265187342,0.3876019335764161,-2.8121066443585527
0.012639266362546114,-0.658323621443186,0.29532913434101116,1790749940,765046243,0.13699999451637268,0.09918512746402718,-0.6103147665363559,0.39006013388299965,-2.829301270796516
0.004660247990515939,-0.6591892517335685,0.3034442093544879,1790749940,815500050,0.13699999451637268,0.09660566829037256,-0.6105765746947276,0.39261733206803995,-2.846942315006888
-0.0060725830369992295,-0.6619543457540937,0.3088854182629257,1790749940,865263670,0.1420000046491623,0.09432473060481182,-0.6108973090066766,0.39535830263972227,-2.864069296075971
-0.010781093845285514,-0.6618148906014805,0.31959678674043424,1790749940,915190540,0.13899999856948853,0.09212573402574153,-0.6111759285773827,0.3981262710438639,-2.8812036219056147
-0.011392544145365321,-0.6602804568498098,0.33240166806984073,1790749940,965062309,0.13199999928474426,0.09025482351612807,-0.6115246957663879,0.4010652553620726,-2.8977758386739736
-0.019147805975689144,-0.6623916965478971,0.3401189944335561,1790749941,15485579,0.13500000536441803,0.08847850141510286,-0.6118397872732099,0.40404147775906085,-2.914427499003554
-0.020342920022577815,-0.6618831807176069,0.35076790191467627,1790749941,65119004,0.13099999725818634,0.0870523485757503,-0.612176017187221,0.4069502252744419,-2.929774930537329
-0.02514853846923064,-0.6632220091465565,0.3592954337833001,1790749941,115400950,0.13199999928474426,0.08572191083890042,-0.6124788007814075,0.40986093670966983,-2.945128185144812
-0.026586701068931656,-0.6633849967254379,0.36841311207851435,1790749941,165070384,0.12999999523162842,0.08469848394524732,-0.6127929562670655,0.41264038645577816,-2.959137725396222
-0.0319244066965242,-0.6654645374643009,0.3759128416196659,1790749941,215251561,0.13300000131130219,0.08377278231495264,-0.6130793195392317,0.4153963792852804,-2.9730645410729983
-0.028679580640374083,-0.6639325770287067,0.38515646234587475,1790749941,265412646,0.12700000405311584,0.08311682579075616,-0.6133639443952108,0.4179189093264578,-2.985371175456158
-0.03120478745404813,-0.6651255224600676,0.3922534239630974,1790749941,315583424,0.12800000607967377,0.08255433696116032,-0.6136237795479288,0.42036807576057844,-2.9973767427679867
-0.03141143027244435,-0.6654205065881408,0.3987228288375582,1790749941,365547239,0.12700000405311584,0.08219467075657817,-0.613863762015858,0.4224832355593162,-3.007504280569014
-0.03316374529910203,-0.666485108608165,0.40456634651531825,1790749941,415056803,0.12800000607967377,0.0819044198148616,-0.6140827336913196,0.42449898399199215,-3.0172164302529514
-0.030985297315306345,-0.6657845873459143,0.4098246229443887,1790749941,465514870,0.125,0.08172962305019484,-0.6142633729250655,0.4261314065512086,-3.0250259857119874
-0.032262536644128315,-0.6666843758341043,0.41419391813690476,1790749941,515246582,0.12600000202655792,0.08159700770320336,-0.6144254721570974,0.427647975450144,-3.032332610857465
-0.03245127611481756,-0.6670462717562201,0.41748139014869096,1790749941,565422296,0.12600000202655792,0.08153446267996667,-0.6145486547800523,0.42876199624603345,-3.0376586854341787
-0.029856473170541104,-0.6661230375892675,0.4207370460964885,1790749941,615354352,0.12300000339746475,0.08149293458708672,-0.6146604908419345,0.4297878201009832,-3.042582324080718
-0.030813291086068423,-0.6667401813296978,0.4225056498183926,1790749941,665558630,0.12399999797344208,0.08147231722763013,-0.6147267255831054,0.4304140051678684,-3.0456105131566034
-0.02993882798914943,-0.6664921955083288,0.4241736054860815,1790749941,715491418,0.12300000339746475,0.08145744730989286,-0.6147832914045976,0.43096035151547246,-3.048266684944768
-0.03357206378842713,-0.6682578581877492,0.4247441516462707,1790749941,765354297,0.12700000405311584,0.08145124059216304,-0.6148101491681772,0.43122357132867306,-3.0495510399064694
-0.03086124916891382,-0.6670618885553747,0.42552633008859714,1790749941,815386501,0.12399999797344208,0.08144670334053129,-0.6148316291006902,0.4314359238010451,-3.050589432893375
-0.030862685890621522,-0.6670806464703581,0.4257039600108598,1790749941,865225482,0.12399999797344208,0.08144548012918168,-0.6148376622791646,0.43149584618728526,-3.0508826931975777
-0.030863405043473943,-0.6670906244540752,0.4257985258095891,1790749941,915690327,0.12399999797344208,0.08144482575398344,-0.6148408701945971,0.43152774673243977,-3.0510388070888337
-0.030863404844865466,-0.667090448246208,0.42579692058744323,1790749941,965187937,0.12399999797344208,0.0814448274115801,-0.6148408142747821,0.4315272098208,-3.051036120447389
-0.03176899264030447,-0.6675098153563793,0.42573181420162237,1790749942,15363762,0.125,0.08144494545571615,-0.6148401752767003,0.4315208758412558,-3.0510050497775456
-0.03267362708563655,-0.6679164379176741,0.4255458256050201,1790749942,65214438,0.12600000202655792,0.08144590349230499,-0.6148354907020487,0.431474256599378,-3.050776879315128
-0.034483646061405165,-0.6687414129052037,0.42528521678725734,1790749942,115706088,0.12800000607967377,0.08144706489366972,-0.6148299532023603,0.4314192469922771,-3.0505077806214387
-0.029046378080342383,-0.6661810543549331,0.4252581926094311,1790749942,165193068,0.12200000137090683,0.08144933858705598,-0.6148191141511717,0.4313119543461149,-3.0499829345790923
-0.03266525860779386,-0.6678276239313199,0.4247064729675043,1790749942,215151624,0.12600000202655792,0.08145196952409409,-0.6148071425015421,0.4311939457529457,-3.0494062206617203
-0.0308460380092012,-0.6669234906203336,0.4242208523094256,1790749942,265438848,0.12399999797344208,0.08145659003956994,-0.6147868429709595,0.43099500927823126,-3.048435544748213
-0.030835734050689276,-0.6668564138976252,0.4235914884324651,1790749942,315316236,0.12399999797344208,0.08146197157928216,-0.6147649491520408,0.4307820453175386,-3.0473983488997143
-0.03262770761475457,-0.6675948346173827,0.42252457435823754,1790749942,365321052,0.12600000202655792,0.08147086784752183,-0.6147318595394675,0.43046317965662223,-3.0458490742979554
-0.03260225884204852,-0.6674861908051349,0.4215143194394388,1790749942,415380811,0.12600000202655792,0.08148147052979053,-0.6146962278137247,0.4301237915876676,-3.044204859832907
-0.034369778201831194,-0.6681727134137276,0.41997904698113203,1790749942,465176200,0.12800000607967377,0.0814977245264373,-0.6146465962156878,0.42965779409080124,-3.0419551315860223
-0.03069375925737311,-0.6663421264480001,0.41883349875467957,1790749942,515268478,0.12399999797344208,0.08151731009334641,-0.6145931017044168,0.429163738377731,-3.0395797489741736
-0.02970407218834191,-0.6657211586206024,0.4170699698213503,1790749942,565272534,0.12300000339746475,0.08154529426184612,-0.6145225088739107,0.4285276120012972,-3.0365398739577447
-0.03140525774556795,-0.6663366506277331,0.4149358074359048,1790749942,615314665,0.125,0.08157876584543748,-0.6144469208433828,0.42786122255861003,-3.033373046166796
-0.030338021371848045,-0.6656604460558074,0.41268191417091066,1790749942,665158535,0.12399999797344208,0.08163242690216954,-0.6143562685578461,0.42705200748956634,-3.0295173024984363
-0.03103856870519328,-0.6657969841209618,0.41008965534545816,1790749942,715460731,0.125,0.08169651605419498,-0.6142590717581318,0.42620313583772895,-3.025493945404588
-0.03073924101652939,-0.665495089992848,0.40726765944714,1790749942,765049906,0.125,0.0818055043188167,-0.6141602801394991,0.425251474246081,-3.020876559466562
-0.029482455130543997,-0.6647697360536007,0.4044911257527373,1790749942,815307880,0.12399999797344208,0.08193253791385227,-0.6140555635452137,0.4242590677073348,-3.0160739891172437
-0.029912914372822702,-0.6647991585684254,0.4008996519633978,1790749942,865225463,0.125,0.08208917063732515,-0.6139250560370966,0.4230888079863622,-3.0104736401667087
-0.028473206615799856,-0.6639909882379125,0.39753006053796464,1790749942,915606659,0.12399999797344208,0.08226501625650484,-0.6137822415997856,0.42186372556248963,-3.0046635377608473
-0.02686314131281653,-0.6631760401291985,0.39389565713222924,1790749942,965225325,0.12300000339746475,0.08252127579790594,-0.6136463861331501,0.4205576807642711,-2.9982759118471995
-0.02958406691097354,-0.6643523501907876,0.3890254752591196,1790749943,15158908,0.12700000405311584,0.0828074861795746,-0.6135027092782707,0.41921576910422853,-2.991730131031213
-0.030278257305712722,-0.6646486007503181,0.383948006896653,1790749943,65645670,0.1289999932050705,0.0831669523806962,-0.6133352549261842,0.41768408827027725,-2.9842566044458616
-0.029959852311719687,-0.6645208302344939,0.37902654762213783,1790749943,115505077,0.12999999523162842,0.08355288662300214,-0.6131551618710858,0.4161267494186439,-2.9767180993866456
-0.02415613692465865,-0.6620196095416492,0.3756032111976279,1790749943,165288234,0.125,0.08404895665471071,-0.6129799222349626,0.4144846565455353,-2.968538575757545
-0.025987913005228708,-0.6630299633008863,0.369328209745744,1790749943,215378383,0.1289999932050705,0.08458768008721787,-0.6127913601526849,0.4128037110410648,-2.960191383948346
-0.02572103745636614,-0.6632300535575234,0.3632607579462336,1790749943,265389800,0.13099999725818634,0.08525403122927183,-0.6126071971437665,0.4110400402804725,-2.9511656699031743
-0.021056718302162727,-0.6614812295847159,0.3590267443200482,1790749943,315231513,0.12800000607967377,0.08596274627401124,-0.6124086871966322,0.40925344381140744,-2.94204490750712
-0.0202046579276689,-0.6616349479551646,0.3525658737492209,1790749943,365240467,0.12999999523162842,0.08681007237985533,-0.6122110037199054,0.4073848485085253,-2.932225672872625
-0.01907502798026145,-0.6617460709876609,0.3459337221523278,1790749943,415585266,0.13199999928474426,0.08771172697711759,-0.6119933770163258,0.40547579315628135,-2.9222147072180693
-0.015113072631068827,-0.6607319104340772,0.3404947580986478,1790749943,465051681,0.13099999725818634,0.08876205272326071,-0.6117888264618129,0.4035465792107381,-2.9116812308343913
-0.013230180206418612,-0.6607988181751633,0.33350266706902776,1790749943,515279571,0.13300000131130219,0.08988215147558144,-0.6115606672239625,0.40156478498211046,-2.900857634508472
-0.010785627106372,-0.6608668462087364,0.3262561246214911,1790749943,565214951,0.13500000536441803,0.09118585924981919,-0.611350005594269,0.39956983353233166,-2.889389328646213
-0.006496534005304852,-0.6601621780440744,0.3200348518389775,1790749943,615520314,0.13500000536441803,0.09255813432104054,-0.6111152177766958,0.3975433663369395,-2.8777017985060107
-0.0024510666841118245,-0.6598564407917854,0.31324961563013526,1790749943,665513629,0.13600000739097595,0.09410977666535207,-0.6109081384260119,0.3955664986948786,-2.865557075917701
0.0039463763241018995,-0.6584505977198772,0.30842577624943474,1790749943,715410379,0.1340000033378601,0.09571183249088448,-0.6106779277333086,0.3935895828306535,-2.8533426399624573
0.009425755996992344,-0.6578120175382042,0.3024788182369789,1790749943,765060035,0.1340000033378601,0.0975079859673761,-0.610479786789692,0.39168185400572697,-2.8406371922580744
0.011457674360660919,-0.659242056703208,0.29244144038687736,1790749943,815195426,0.14000000059604645,0.0993767715827178,-0.6102547120978176,0.3897577934785558,-2.8277036755849516
0.017994426482775452,-0.6586107945729816,0.286549712222938,1790749943,865450751,0.14000000059604645,0.10145540784103278,-0.6100662029681583,0.38792864190524706,-2.814246200031741
0.027536498932322864,-0.6562458058104628,0.28467637975396165,1790749943,915105556,0.13500000536441803,0.10355964867198696,-0.6098537547387197,0.38613208313928293,-2.8008588168330424
0.030953066098563645,-0.6580676294939184,0.2739630636553683,1790749943,965175594,0.1420000046491623,0.10587451165235544,-0.6096822758124557,0.38446028473179217,-2.7869792231442005
0.03862253841571403,-0.6574584516441899,0.2687164216283534,1790749944,15608957,0.1420000046491623,0.10825087447982723,-0.6094820203479591,0.3827960349577431,-2.7729259651935783
0.046698497262039354,-0.65694291741059,0.26389300585725084,1790749944,65335354,0.1420000046491623,0.11078847717058493,-0.6093319543951999,0.3813224399716649,-2.7586997116673135
0.054696379637213625,-0.6567323124589797,0.2584470145660868,1790749944,115646505,0.14300000667572021,0.11339306306841287,-0.6091503787808914,0.379854019515915,-2.744239465546567
0.06242190629178741,-0.6572797446545969,0.2517124014243678,1790749944,165339171,0.1459999978542328,0.11614882439282888,-0.6090214338923968,0.3786003562789515,-2.7296556707538167
0.07206316528514697,-0.6564715526877006,0.24867814334033023,1790749944,215835636,0.14499999582767487,0.11897798319576663,-0.6088585189632802,0.37735214098552794,-2.7147818326155386
0.08114153714756028,-0.6564614731530474,0.24456260423315762,1790749944,265061568,0.1459999978542328,0.12187300281158696,-0.6087672419987527,0.3764042038627772,-2.700284391116536
0.09091077766999438,-0.6560991020142654,0.2416329863820551,1790749944,315405645,0.1459999978542328,0.12484797236449204,-0.6086445045500642,0.37546992959735115,-2.685458163859442
0.1008472955806908,-0.6558764151698422,0.23938176697895802,1790749944,365363256,0.1459999978542328,0.1279085293858518,-0.6085921462863139,0.3748361390550508,-2.670870422255757
0.11021932125733418,-0.6572519437965907,0.2328361361999174,1790749944,415391007,0.1509999930858612,0.1309778031673579,-0.6085106085918393,0.37423757036230276,-2.656285412960263
0.12068373514254857,-0.6571353531027064,0.23160178553151062,1790749944,465319831,0.1509999930858612,0.13411917391019756,-0.608488817451475,0.37391833926361995,-2.6419111123515764
0.13116061948728672,-0.6576435626271829,0.22888637564969497,1790749944,515353313,0.15299999713897705,0.13726321130854077,-0.6084361854038095,0.37362887640322895,-2.62754306467537
0.14182426240384496,-0.6579653911390008,0.22782165847457997,1790749944,565222091,0.15399999916553497,0.140426644402105,-0.6084464075489241,0.3736363239616691,-2.6136573671335386
0.15256109666800247,-0.6579426585508127,0.22812026825008855,1790749944,615208341,0.15399999916553497,0.1435811402065446,-0.6084242537777815,0.37366506449395753,-2.599819932171858
0.16319537530071,-0.6580693978982106,0.2291514652749274,1790749944,665363148,0.15399999916553497,0.1467208204220467,-0.6084710407178202,0.37401205946651944,-2.5866058902999898
0.17371131892510114,-0.6581702099576529,0.23057938285306734,1790749944,715216111,0.15399999916553497,0.149815181027943,-0.6084862709145106,0.374372569540553,-2.573595809351677
0.1834233671929105,-0.6574702269793218,0.2355246076211751,1790749944,765330520,0.1509999930858612,0.1528587623416897,-0.6085806035424485,0.3750832245619416,-2.5614024867170833
0.19452094221146088,-0.6590092703246457,0.23439987918165156,1790749944,815550456,0.1550000011920929,0.15587729472676942,-0.6086444609438355,0.3758037506090717,-2.5493475250871245
0.20368044218834894,-0.6587315902953259,0.23934144530866217,1790749944,865301770,0.15299999713897705,0.15873293418114442,-0.6087661324153403,0.37679024911325204,-2.5384924529822266
0.21322778965118822,-0.6590636951544753,0.24278756618119,1790749944,915248669,0.15299999713897705,0.1615629891598144,-0.6088548655363885,0.37776467884513554,-2.527790148869529
0.22341399012557722,-0.6605170197894753,0.24416318944536244,1790749944,965296688,0.15600000321865082,0.16423233354694425,-0.6090004752599375,0.3789948554907094,-2.5183232286624095
0.23201331490989158,-0.6606066986948179,0.2493182446687757,1790749945,15475912,0.1550000011920929,0.1668740807274431,-0.6091138918455031,0.380201289340162,-2.5090662982148326
0.24205853890252105,-0.6624786614247414,0.25063837285137125,1790749945,65037929,0.1589999943971634,0.16927002001024594,-0.6092771363237508,0.3816056491561626,-2.5014099213570504
0.2508593087136397,-0.6633114023969329,0.2548341203575307,1790749945,115463950,0.1599999964237213,0.1716758514019782,-0.609411251957676,0.3829932118274244,-2.4938987301022584
0.25578374114133473,-0.6622207925563555,0.2639740227511022,1790749945,165082310,0.1550000011920929,0.1738276266419884,-0.6095909450026371,0.384548874242577,-2.4881004158207976
0.2625449684696143,-0.6624178659356749,0.27010276201913974,1790749945,215454062,0.15399999916553497,0.17599284983864388,-0.6097418984945062,0.38607678047850047,-2.482518094995206
0.270802100434926,-0.6640854290898186,0.2733548099311182,1790749945,265325886,0.15700000524520874,0.1778779290198779,-0.6099329204252754,0.38772965777433466,-2.478848059487441
0.2753620195714029,-0.6636147996290825,0.28110225200341943,1790749945,315484814,0.15399999916553497,0.17976374612777488,-0.6100937982067949,0.38932642797319794,-2.475492997929937
0.2802098903938249,-0.6639062939214296,0.2872546900801787,1790749945,365327175,0.15299999713897705,0.18135160740867334,-0.6102860608083767,0.39098949431991553,-2.474176299967584
0.2875055551879283,-0.6655271382927882,0.2907556622526462,1790749945,415027044,0.15600000321865082,0.18293276675249526,-0.6104486393331422,0.39257359719246665,-2.4732238388667933
0.2929321042581534,-0.6665283006173386,0.29563382853240244,1790749945,465541057,0.15700000524520874,0.1842814700198964,-0.6106380207119574,0.3942255012979976,-2.474285164737062
0.29535751254716,-0.6660133829468845,0.3029020144875585,1790749945,515491474,0.15399999916553497,0.18562692031273914,-0.6107977576298859,0.39578059970353197,-2.475718284139665
0.30065761156484333,-0.6673155376108592,0.306844582680998,1790749945,565118065,0.15600000321865082,0.18673829779715137,-0.6109677449874893,0.39730627192783285,-2.4789264028083218
0.3007299763347228,-0.6660055569553492,0.3147731688987838,1790749945,615217233,0.1509999930858612,0.18788636352791815,-0.6111134215250655,0.3987622778864464,-2.48248886856742
0.3046111600651466,-0.6669251403148392,0.31902152542145856,1790749945,665423512,0.15199999511241913,0.18879171843679185,-0.6112780985679769,0.400220430585842,-2.4882113636351177
0.31152034070046525,-0.6692469411680076,0.32116203228441703,1790749945,715307272,0.15700000524520874,0.18971674322679774,-0.6114209105101109,0.40159234664299914,-2.4943038630325463
0.31245863880495045,-0.6690547342862297,0.32664734033795556,1790749945,765335819,0.1550000011920929,0.19039836536880606,-0.6115770634478299,0.40295335172129954,-2.5026883230027455
0.3180846905118271,-0.6710265874947378,0.32914292172834847,1790749945,815575033,0.1589999943971634,0.1911074778801979,-0.6117159449422145,0.4042430773247707,-2.511529371016631
0.31464630581669567,-0.6688395467490107,0.33648124306122973,1790749945,865050605,0.15199999511241913,0.1917585865449851,-0.6118421043195144,0.40542976387835056,-2.520845055493104
0.32011223828712376,-0.6707016498954111,0.33877097198232275,1790749945,915408126,0.15600000321865082,0.19248151518628362,-0.6119521330234725,0.4065566178986194,-2.5304410152407453
0.317610598997001,-0.6692837796732122,0.34466051566579303,1790749945,965110005,0.1509999930858612,0.19290268581124323,-0.6120867060375403,0.40772737755299304,-2.5426456507468416
0.3208078156489941,-0.6704811826671457,0.34752069859914514,1790749946,15260229,0.15299999713897705,0.19332565232919569,-0.6122139326331397,0.408857675483451,-2.5554732968069893
0.3214209723394257,-0.6704790733154034,0.3513818087736665,1790749946,65315248,0.15199999511241913,0.1937526705427789,-0.6123260900883065,0.4098885072989188,-2.56809468197469
0.32203447237802163,-0.6704145601189212,0.3551312525969479,1790749946,115302369,0.1509999930858612,0.19423098582291135,-0.6124246391805065,0.41084871669793055,-2.580663978056742
0.32412112262041193,-0.671180206940291,0.358115301666694,1790749946,165192925,0.15199999511241913,0.19458884260648876,-0.6125449615620844,0.4118488568069185,-2.593887266393504
0.327911947170956,-0.6726977826855559,0.36043439625496554,1790749946,215217305,0.1550000011920929,0.1949617221938471,-0.6126579371315757,0.41282194242711534,-2.6072722162453377
0.3289881065114386,-0.6730858638644619,0.3637778646011123,1790749946,265637317,0.1550000011920929,0.19525724451345036,-0.6127751777683373,0.41381463169730404,-2.620974983833054
0.3291624632243119,-0.6730486996765962,0.36736669946647316,1790749946,315507299,0.15399999916553497,0.19556567991203416,-0.6128784311564697,0.41477385101360725,-2.634566971651201
0.3327578112905487,-0.6745242124709608,0.36954798958156615,1790749946,365541818,0.15700000524520874,0.19588581753319856,-0.6129649649528818,0.41565133020772194,-2.6472949601641425
0.32761487795405786,-0.6720340884196465,0.3745529435167287,1790749946,415439188,0.15000000596046448,0.1962361274295802,-0.6130370969076104,0.4164931472751175,-2.659825969465161
0.33019259069264345,-0.6732441266085575,0.37735816029861785,1790749946,465214846,0.15199999511241913,0.1964468211160742,-0.6131871763600562,0.417473373888922,-2.6717640988553284
0.33009834030110813,-0.6732711130730314,0.3810908280188817,1790749946,515285125,0.1509999930858612,0.19665111480959405,-0.6133282489368699,0.4185032452049018,-2.683670804528234
0.33168955949889034,-0.6740152476661179,0.3840262816738394,1790749946,565278829,0.15199999511241913,0.19686138916576462,-0.6134309512679835,0.41945093451250665,-2.694494127544793
0.3305926225011422,-0.6735219112544124,0.3876011075987056,1790749946,615127635,0.15000000596046448,0.19708919697140015,-0.613509054678414,0.4203927865059016,-2.7050894961319063
0.3338514802045972,-0.675067254358201,0.39004389285012003,1790749946,665293673,0.15299999713897705,0.19726300437332592,-0.613617602622162,0.42129333598334584,-2.7142607305748707
0.33261400149557396,-0.6745882408890546,0.39351803898864685,1790749946,715192488,0.1509999930858612,0.1974377548991668,-0.6137136974275256,0.42220026739558664,-2.7230944812380162
0.33036673992056786,-0.6737313200081638,0.397052075937764,1790749946,765206285,0.14800000190734863,0.1975548328913213,-0.6138341758866461,0.4230776410981232,-2.7305713984260045
0.32987185206985037,-0.6736642313076106,0.4002070423246512,1790749946,815403138,0.1469999998807907,0.19767046269199895,-0.6139420465579464,0.4239778912839364,-2.7378112751714294
0.3347166248747595,-0.6759743935448298,0.40210634354383556,1790749946,865176499,0.15199999511241913,0.19778440625006619,-0.6140166865780115,0.42479573675098187,-2.7441989739501107
0.3350461328779708,-0.6762280756384471,0.40480196964856263,1790749946,915444177,0.15199999511241913,0.19790704975496307,-0.614073106584245,0.42562575931873037,-2.750499214006803
0.3361847159811071,-0.6768985442493984,0.4070821091485438,1790749946,965070019,0.15299999713897705,0.1979793727477117,-0.6141497427830551,0.4263400981609976,-2.7554133786950703
0.333683846873878,-0.6759190410851503,0.40984152530468965,1790749947,15248862,0.15000000596046448,0.19804858015275506,-0.6142210898706171,0.42705893003241535,-2.7601434153570774
0.33290737993791664,-0.6757671229092674,0.4120682149124724,1790749947,65546938,0.14900000393390656,0.19807101541596217,-0.6143126905324835,0.4276729807246874,-2.763688222401739
0.33572605596508476,-0.6772574646297007,0.41383351767853366,1790749947,115220994,0.15199999511241913,0.19808727187150466,-0.6143997167111797,0.4282719093489355,-2.766967343333858
0.3330896031183739,-0.6762125225405549,0.41583739348113935,1790749947,165335402,0.14900000393390656,0.1981072073291805,-0.6144621018930699,0.4287849627191232,-2.769743563061304
0.33225402948695204,-0.6759772964503542,0.4175792213212012,1790749947,215462385,0.14800000190734863,0.19812977929653708,-0.6145153335581065,0.42928875559315766,-2.7724219560736865
0.3350245905424763,-0.6773624977015776,0.4186830801878431,1790749947,265368830,0.1509999930858612,0.19814975451330477,-0.6145533638099393,0.42969624838322584,-2.774550120246596
0.33235005808747997,-0.6762413451687415,0.4201683549115042,1790749947,315173885,0.14800000190734863,0.19817038897872685,-0.6145860944458965,0.4300904021167869,-2.7765777495599195
0.33147542008171205,-0.6759199928784136,0.421219483708699,1790749947,365530850,0.1469999998807907,0.19818742696515274,-0.6146091800483522,0.43040071924808465,-2.7781540838873875
0.33150327309674266,-0.6760070133762001,0.4221449841199512,1790749947,415562907,0.1469999998807907,0.19820423193944134,-0.6146289356666117,0.4306946723114752,-2.7796312897472726
0.3351491153317935,-0.6777388759132272,0.4225829624402398,1790749947,465051294,0.1509999930858612,0.1982166315447952,-0.6146418409526287,0.4309050400074462,-2.7806790328691164
0.33063140989182216,-0.6757052550990432,0.4234781650912288,1790749947,515381806,0.1459999978542328,0.19822870710750337,-0.6146531717015454,0.4311048800897248,-2.7816672471785444
0.3360830319442195,-0.678251428330856,0.42358328691309205,1790749947,565277556,0.15199999511241913,0.19823683669667816,-0.6146601555207923,0.43123671701652944,-2.782315355975107
0.3342783636823751,-0.6774477407090992,0.424061136122769,1790749947,615368483,0.15000000596046448,0.19824436052051156,-0.6146661907281048,0.43135693997713426,-2.7829038008688807
0.3351903118280527,-0.677885186163727,0.42423021367701125,1790749947,665393373,0.1509999930858612,0.19824873552073352,-0.6146695183164002,0.4314261798396105,-2.783241640220812
0.3315670000280897,-0.6762264823650637,0.42460561568205657,1790749947,715515282,0.1469999998807907,0.1982525484669638,-0.6146723134964333,0.4314861145593775,-2.7835334488533885
0.33338256009230877,-0.6770706162851287,0.4245896151753431,1790749947,765121614,0.14900000393390656,0.19825414434854938,-0.6146734541133926,0.4315110733887513,-2.7836548325573616
0.33338387831647853,-0.6770756527057296,0.42464840446668944,1790749947,815066494,0.14900000393390656,0.19825535669198743,-0.614674309175574,0.43152998433726497,-2.7837467537457554
0.3333840890706194,-0.6770764599287016,0.4246578374841513,1790749947,865560756,0.14900000393390656,0.19825555150225008,-0.6146744456978317,0.4315330194358012,-2.783761501312256
0.33066337481867647,-0.6758200410217629,0.4247962642432738,1790749947,915283311,0.1459999978542328,0.19825555150225008,-0.6146744456978317,0.4315330194358012,-2.783761501312256
0.3333818436622046,-0.677067885553607,0.4245577133854289,1790749947,965267738,0.14900000393390656,0.19825349277053161,-0.614672985482281,0.4315007964679167,-2.7836049888661902
0.3315653463414637,-0.6762202763124622,0.4245332415334247,1790749948,15219905,0.1469999998807907,0.19825106253536384,-0.6146712263088348,0.431462609604909,-2.78341928959877
0.3306500655194511,-0.6757709544559178,0.42422564409161206,1790749948,65362813,0.1459999978542328,0.19824375051572143,-0.6146657087556814,0.43134716559216385,-2.782856153245296
0.3333609105285677,-0.6769910287759796,0.42367405250992807,1790749948,115679649,0.14900000393390656,0.19823564649986192,-0.6146591635367583,0.43121744493484404,-2.782220711719854
0.3315272089189014,-0.6760856691169086,0.42300474199257343,1790749948,165201074,0.1469999998807907,0.19822049627728378,-0.6146456016615552,0.4309695672084383,-2.780998699401419
0.3305967264423206,-0.6755903296864426,0.4222122291326041,1790749948,215611660,0.1459999978542328,0.19820439232185977,-0.6146291273054546,0.4306975720152735,-2.7796456457140417
0.3341829897290445,-0.677133067065624,0.4206345926486331,1790749948,265062297,0.15000000596046448,0.1981805038509593,-0.6146002454853163,0.43027678370285016,-2.7775268535599835
0.33232046139296856,-0.6761568547863414,0.41931883745197257,1790749948,315528578,0.14800000190734863,0.19815640449825245,-0.6145645297525263,0.4298255923770407,-2.7752188291606674
0.33405668873312716,-0.6767817997109652,0.41717612754302164,1790749948,365313114,0.15000000596046448,0.1981264121767944,-0.6145079019609835,0.42921453950154426,-2.77203046928544
0.3375878359484473,-0.6782081373850808,0.4147174412570904,1790749948,415326514,0.15399999916553497,0.19809876022269754,-0.6144388871190947,0.4285839554793034,-2.768659817922286
0.3311185459162327,-0.6749884590492587,0.4126598760830404,1790749948,465285626,0.1469999998807907,0.1980748970217837,-0.6143288231263196,0.42778588095873477,-2.764323979472614
0.33005968202248137,-0.6742200902889366,0.409991688480119,1790749948,515364849,0.1459999978542328,0.1980579150085512,-0.614195484222104,0.42697931766013214,-2.7597927079448246
0.33335631402589244,-0.6755549959167418,0.406307603435431,1790749948,565120497,0.15000000596046448,0.19793594707765838,-0.6141215131596113,0.42598635339762025,-2.752929492182028
0.33298515226404896,-0.6752256090231744,0.4030143784764632,1790749948,615380341,0.15000000596046448,0.1978056951639472,-0.6140365740913153,0.4249783983810445,-2.7455538310142353
0.3325011858058097,-0.6748264117373307,0.3992019555436832,1790749948,665461333,0.15000000596046448,0.19764968223953855,-0.6139252148096798,0.4238214191209999,-2.73657177243846
0.33286987388613526,-0.6747840067371482,0.39518488921704553,1790749948,715254703,0.1509999930858612,0.19750718206481915,-0.6137791736886016,0.422686705875886,-2.7273461519241677
0.33126901875043957,-0.6739625256645168,0.3913264501300512,1790749948,765621326,0.15000000596046448,0.19727519291629508,-0.6136595582603495,0.4214795353572757,-2.71579347871021
0.33319660868030193,-0.6747169407061544,0.386708895135362,1790749948,815127778,0.15299999713897705,0.19705639039143924,-0.6135160858094811,0.4203138865608056,-2.704038624174839
0.3296216370570375,-0.6730777586451007,0.3831636291081505,1790749948,865420447,0.15000000596046448,0.19676997756378098,-0.6133906790515183,0.41905082581695674,-2.6899403762722414
0.32955766588797164,-0.6729896588747359,0.37871538872563304,1790749948,915532504,0.1509999930858612,0.19650476351028648,-0.6132361759686341,0.41779792141473227,-2.6754887955670537
0.3266875921344774,-0.6717863877999481,0.3752241663981472,1790749948,965321763,0.14900000393390656,0.19613893973260754,-0.613104742884021,0.4166308696999191,-2.6600056268865457
0.3264155575181848,-0.6717273259872698,0.3709143647738666,1790749949,15431875,0.15000000596046448,0.19579463611228115,-0.6129529690197733,0.415453691691428,-2.6442176960167463
0.3268894774511363,-0.6720905678144583,0.3662954860716717,1790749949,65019013,0.15199999511241913,0.1953997514584987,-0.6128265219137907,0.41427697558627613,-2.6274723755175238
0.32301789736071607,-0.6704490559357279,0.3631745339550035,1790749949,115495526,0.14900000393390656,0.1950407134650003,-0.612682083558679,0.41303251703510396,-2.6102144481116416
0.32573898321607064,-0.6719752820174771,0.3573529882769504,1790749949,165184183,0.15399999916553497,0.19453653063733467,-0.6125512660155465,0.4118571395180404,-2.5938169580477948
0.3199097800334145,-0.6695873928811379,0.35498378346835885,1790749949,215245138,0.14900000393390656,0.19406674771796917,-0.6124055154177184,0.4106143980588559,-2.577413039419139
0.3198273295198474,-0.6699038926961394,0.34996663098163183,1790749949,265296379,0.1509999930858612,0.1935249647645602,-0.6122684495189763,0.4093540560725088,-2.5614360296646437
0.3189026953269179,-0.6697549588324362,0.34520862555290105,1790749949,315307167,0.15199999511241913,0.19305225297741196,-0.6121149605090238,0.40800428836400715,-2.545553830034529
0.31743902269333,-0.6696927935839326,0.34017317932303753,1790749949,365436215,0.15299999713897705,0.19232135733222872,-0.6119811034052253,0.4066858078670317,-2.5324011834537075
0.3175524117031917,-0.6703050134170963,0.3341360116623618,1790749949,415078140,0.15600000321865082,0.1916434313193466,-0.6118307863347381,0.4052956521198599,-2.519886107667524
0.3156336933891628,-0.6701357778251066,0.32859632244324555,1790749949,465589829,0.15700000524520874,0.190845826751801,-0.6116738897193276,0.4038239611553503,-2.5086611075015326
0.31215364369915655,-0.6691203948674846,0.3239890001312913,1790749949,515445208,0.15600000321865082,0.19013553009432574,-0.6114908641731941,0.40226043903778835,-2.4978653679156024
0.3072472948252652,-0.6678414179079681,0.31967555049472585,1790749949,565237902,0.15399999916553497,0.1891217262459842,-0.6113322716713337,0.4007253264500795,-2.49037222142409
0.3022927235799175,-0.6664782130687825,0.3153538124956439,1790749949,615338163,0.15199999511241913,0.18813924682614522,-0.6111452705673771,0.3990870062322832,-2.4834372984578965
0.29964182625820723,-0.6666503402828085,0.3085869721707315,1790749949,665346979,0.15399999916553497,0.18687356671632346,-0.6109843541119271,0.39747238923395034,-2.4792634483454155
0.29678138730999765,-0.6667153503899454,0.30165814847350314,1790749949,715464897,0.15600000321865082,0.18563348711352232,-0.6107924585417878,0.39575796491047965,-2.4755890208162463
0.2904685415839551,-0.6654164884861329,0.2970767992901681,1790749949,765273462,0.15399999916553497,0.18416479423332424,-0.6106254504463604,0.39409976148326037,-2.4742375329353554
0.28338973378102406,-0.6636774176704874,0.29320224643638937,1790749949,815628733,0.1509999930858612,0.1827009730463855,-0.610423211628933,0.39233226667514715,-2.4733028635253267
0.27790919582583185,-0.663111041724657,0.28763376262963136,1790749949,865020111,0.1509999930858612,0.18104393716724074,-0.6102591806549453,0.39071043486153006,-2.474531649050397
0.27403706218387464,-0.6635015306241698,0.27991735902329223,1790749949,915207112,0.15399999916553497,0.1793640829108092,-0.6100615799918842,0.38899163836982453,-2.476184182601512
0.2666112242819703,-0.6622612514364797,0.2759796901846115,1790749949,965233308,0.15199999511241913,0.17750684936802413,-0.6099049079393316,0.3874391993391874,-2.4796297664477276
0.26299570400912214,-0.6633576401974483,0.2669163487728847,1790749950,15695357,0.15700000524520874,0.17562633262240945,-0.609718329580722,0.3858214325458194,-2.4834517655569686
0.25673534695757033,-0.663193813149519,0.2611951492546231,1790749950,65328634,0.15800000727176666,0.17364325420425938,-0.6095782404770071,0.38442289283029724,-2.488602235797864
0.2482393766236454,-0.6616245839066918,0.2587597082369124,1790749950,115441635,0.1550000011920929,0.17162983100442725,-0.6094111410537285,0.38297618973194625,-2.4940629467360895
0.24120464439895078,-0.6611906467270477,0.2544832228807506,1790749950,165066209,0.1550000011920929,0.16955937727013232,-0.6092900539272008,0.38175570433142997,-2.5004621510452076
0.23399001531907515,-0.6607157414368812,0.25035453219476206,1790749950,215282646,0.1550000011920929,0.1674534116550424,-0.609144907815155,0.3805018712454106,-2.50712443840504
0.2267627006065361,-0.6603485881716079,0.2467317274238824,1790749950,265722963,0.1550000011920929,0.16532983700743395,-0.6090428275239207,0.3794672635998633,-2.514408736178733
0.21992942088094783,-0.6602893527045898,0.2424897004645256,1790749950,315610112,0.15600000321865082,0.163225196206929,-0.6089225707690965,0.3784385350381583,-2.521720668712489
0.21290331530821197,-0.6599987269997736,0.23962560964025298,1790749950,365512001,0.15600000321865082,0.1611718324880788,-0.6088419198121507,0.37762139134323736,-2.529251167640894
0.20584510299868794,-0.6596886404301257,0.2369569962410697,1790749950,415608031,0.15600000321865082,0.15911347135879356,-0.6087444459667944,0.3768027850906971,-2.536848989250327
0.19926726214580892,-0.6594656291152782,0.234805661045856,1790749950,465304845,0.15600000321865082,0.15719145267967338,-0.6086805800360078,0.37617930092261886,-2.5442150775174452
0.19198828187242306,-0.6582566747439026,0.23557662065931093,1790749950,515219920,0.15299999713897705,0.1552753914993075,-0.6086036026186719,0.37556138852176524,-2.5515832845750785
0.1864169325008601,-0.6587710867030518,0.23224925395969045,1790749950,565145754,0.1550000011920929,0.15349997477221985,-0.6085709083997978,0.3751527751261096,-2.558701001260524
0.18038191959176195,-0.6586355521747737,0.23091095318103944,1790749950,615543367,0.1550000011920929,0.15172820445236107,-0.6085320056006294,0.37476365422954744,-2.5658379295368428
0.17478655824545405,-0.6578978761622671,0.23178238487246258,1790749950,665140783,0.15299999713897705,0.15018174894324063,-0.6085084628792259,0.37448588286492823,-2.5721762084953212
0.1697556125328969,-0.658122822933908,0.2299712276453679,1790749950,715259784,0.15399999916553497,0.14865049572371125,-0.6084769944937382,0.3742136122136515,-2.5784545218295793
0.16467511031230894,-0.6564496235524386,0.234039140545477,1790749950,765119470,0.14900000393390656,0.14732404336554858,-0.6084585911001362,0.37402772026637876,-2.5839757842562676
0.1605651735140224,-0.657029586710841,0.2316244852720229,1790749950,815305722,0.1509999930858612,0.1460233740946487,-0.6084353863048788,0.37385014283240126,-2.5893933694456726
0.15685775872676025,-0.6566801594508785,0.2322284170415146,1790749950,865247991,0.15000000596046448,0.14493969626789246,-0.6084288445512377,0.3737549947074131,-2.5939963767144727
0.1533384254810565,-0.6566540404693519,0.23195211894819914,1790749950,915745929,0.15000000596046448,0.14388246005315972,-0.6084208890375824,0.3736706766917981,-2.598498045607365
0.1506435151671229,-0.6569677174274069,0.2308498046007455,1790749950,965124992,0.1509999930858612,0.1430591929654283,-0.6084206148996685,0.37363164800120124,-2.6020497884698464
0.14808554606764948,-0.6579245039423885,0.22788826587253344,1790749951,15208633,0.15399999916553497,0.14226093286202718,-0.6084191435760917,0.37359788435735675,-2.605498671046781
0.14597182832079836,-0.6569518432451773,0.2306487786960308,1790749951,65589005,0.1509999930858612,0.1416622130523336,-0.6084157582084577,0.3735706929620953,-2.6080806205582845
0.14417180066275773,-0.6575851208133622,0.22869427826588376,1790749951,115085838,0.15299999713897705,0.14111061418299342,-0.6084109203377903,0.37354429127745153,-2.610455672121734
0.14288818645457257,-0.657256149258679,0.22960513821126954,1790749951,165297914,0.15199999511241913,0.14073300253040733,-0.6084066600449441,0.37352553669593763,-2.612079019033636
0.14175133174491983,-0.6578912063224661,0.22768275581437472,1790749951,215784259,0.15399999916553497,0.14038759905600987,-0.608402090154107,0.37350788175984617,-2.6135623042463885
0.14107413887642437,-0.6572437852421028,0.22956207643247958,1790749951,265139054,0.15199999511241913,0.14019013158837174,-0.6083991796255875,0.3734975534611024,-2.6144094914016383
0.1404872896327372,-0.6572394013010707,0.22955025705715584,1790749951,315244175,0.15199999511241913,0.14001430978144602,-0.6083964088817402,0.37348821902605733,-2.615163379893895
0.14022534207328805,-0.6572373763540283,0.22954530633331088,1790749951,365268492,0.15199999511241913,0.13993577944968386,-0.608395112141927,0.3734840012499237,-2.6154997952404284
0.14002412152137197,-0.6575571122179609,0.22859465233631107,1790749951,415406132,0.15299999713897705,0.13987514169043153,-0.608394085897779,0.37348072403603677,-2.615759433983865
0.1399579108929863,-0.6572736759906098,0.22955965908337111,1790749951,464977992,0.15199999511241913,0.13985541232759305,-0.6084058821160563,0.3734899433534082,-2.615852181557167
0.13991500974483612,-0.6563549226180846,0.2324227823442349,1790749951,515868756,0.14900000393390656,0.1398427887843798,-0.6084204144227634,0.37350176334604723,-2.6159163344157323
0.13991231877507665,-0.6597251408283563,0.22967885784276404,1790749951,565111226,0.15299999713897705,0.13983576193938677,-0.6090710796165836,0.3740504594350851,-2.616412640744484
0.13991557018426393,-0.662527126815032,0.22998265008643318,1790749951,615320811,0.15399999916553497,0.13983432904910695,-0.6098283010681048,0.3746851963935308,-2.6169958894975625
0.13991872720826226,-0.6696335396064735,0.23271967615067674,1790749951,665531776,0.1550000011920929,0.139818565548327,-0.6119008725329084,0.376566572153905,-2.6191005753220624
0.13993432549986742,-0.6768824595568983,0.23677783118633194,1790749951,715361712,0.1550000011920929,0.1398392947911965,-0.614025913890237,0.3784607377261405,-2.621471846342089
0.13994155335549074,-0.6886772600863589,0.23610560132950895,1790749951,765177407,0.16200000047683716,0.13982782584108122,-0.6166141901043146,0.3811948882024917,-2.625774582869753
0.13996165308439223,-0.6970457376625927,0.24290696099984926,1790749951,815165704,0.16099999845027924,0.13984787691645365,-0.6190492143399062,0.3837527238241073,-2.630455813723148
0.13997218668784367,-0.7055616654697051,0.24432634127404024,1790749951,865491280,0.16500000655651093,0.1398516336822531,-0.6208404913299709,0.3859148658196626,-2.6348779010325005
0.13997720134154815,-0.7066129490476842,0.2565174850531342,1790749951,915526892,0.15600000321865082,0.13985821051218397,-0.6224030421126294,0.3878364799449282,-2.6392205297926457
0.13998208045855512,-0.708512221187737,0.2580607537428742,1790749951,965255605,0.15600000321865082,0.13986104214374026,-0.6229170551750732,0.3884810508948511,-2.640769070444261
0.13997976596353606,-0.7058900376044467,0.26492939215111855,1790749952,15482403,0.14900000393390656,0.13986262128258695,-0.623257022850815,0.38891637663801526,-2.641836135925827
0.1399182698093904,-0.7055179946736552,0.26591561644408723,1790749952,65153986,0.14800000190734863,0.1398467229358294,-0.6233080938782146,0.38898278370174333,-2.642012337593535
0.13984467644849816,-0.7032978448694543,0.2692448234789664,1790749952,115478489,0.14399999380111694,0.1398274220289949,-0.6233088260137549,0.38898518751511457,-2.642031395249988
0.13949630505552654,-0.7049711846717448,0.2667638740002499,1790749952,165232702,0.1469999998807907,0.1397349524233473,-0.6233118592462218,0.3889960202770574,-2.6421210841229357
0.13907906658207314,-0.707200916195098,0.26345375948171623,1790749952,215453445,0.1509999930858612,0.13962810548217564,-0.6233151837944403,0.3890080519922535,-2.642224608077436
0.1381950710829246,-0.7049945298998473,0.26681543460572443,1790749952,265069611,0.1469999998807907,0.13938955638305858,-0.623321979689231,0.38903314081850926,-2.642455996224271
0.13716823301306644,-0.7055659249380468,0.26602511926695915,1790749952,315851883,0.14800000190734863,0.139119968652742,-0.623328596467546,0.38905850131672226,-2.6427171768507662
0.13555199141290375,-0.7044755598199928,0.26775590541528316,1790749952,365222761,0.1459999978542328,0.1386797468676066,-0.6233369944419288,0.3890932439704089,-2.643142852940819
0.13377197055445825,-0.7044917941410754,0.2678317902237824,1790749952,415233549,0.1459999978542328,0.1382009406409434,-0.6233427212905972,0.38912157368849465,-2.6436045299379103
0.13131203665621188,-0.7033891421576728,0.2695993275631722,1790749952,465403847,0.14399999380111694,0.1375119872290617,-0.6233436408206066,0.3891412722659152,-2.644256827583557
0.1285986196107628,-0.7039391536462895,0.2688850577984589,1790749952,515465636,0.14499999582767487,0.13678082371722264,-0.6233365088520718,0.3891400534458878,-2.644944093862015
0.12524801151200443,-0.702893593181169,0.2709002443483346,1790749952,565211737,0.14300000667572021,0.1358396899780521,-0.6233606963620058,0.38926973611069804,-2.646207056939869
0.12088228686444516,-0.7074012356330744,0.2647070237179119,1790749952,615125868,0.1509999930858612,0.1348487607543306,-0.6233777892051028,0.38939060711756823,-2.647583734289302
0.11633786739367323,-0.7069331997665871,0.26619259469096795,1790749952,665480102,0.15000000596046448,0.1336258193012968,-0.623403948803028,0.3895781397942978,-2.649478712961972
0.11200378857404798,-0.7053161667797743,0.26936562995212193,1790749952,715475168,0.1469999998807907,0.13235766742291644,-0.6234103951978277,0.38972411183987277,-2.651455508419315
0.10639786874807458,-0.7060230050630727,0.26969519647447593,1790749952,765303622,0.14800000190734863,0.13090327746537253,-0.6234549970781139,0.3900530361259468,-2.654225561951723
0.10137472750910144,-0.7044608776242296,0.27337657212094724,1790749952,815319549,0.14499999582767487,0.1293916447057752,-0.6234761704297218,0.3903446375979837,-2.6571503046220006
0.09454382714676225,-0.7063801999290478,0.27280817417577563,1790749952,865246355,0.14800000190734863,0.12773561923440288,-0.6235507165794864,0.3908826514798517,-2.6609887310796654
0.08820576578750998,-0.7065789409628974,0.27481348030343505,1790749952,915256393,0.14800000190734863,0.1260273765971821,-0.6235951751340509,0.3913777155096082,-2.665002164204764
0.08074793589351198,-0.708058486077757,0.27599977141437476,1790749952,965187089,0.15000000596046448,0.12421173043120713,-0.6237036144333468,0.39216842459749235,-2.670005516277615
0.07533845378007012,-0.7055424238540008,0.2827752854034714,1790749953,15502970,0.14499999582767487,0.12233471032986813,-0.6237742268826771,0.39291298387402285,-2.6752337921983154
0.06792464164789559,-0.7065786019521731,0.2857045767499838,1790749953,65015275,0.1459999978542328,0.12045179022948763,-0.6239195555945694,0.39398375337492325,-2.6813501076755433
0.060760893118421165,-0.7069945656159105,0.28967104207252187,1790749953,115388241,0.1459999978542328,0.1185026662306069,-0.6240231240140687,0.39501631671647064,-2.6877573988761694
0.05394940336023661,-0.7070092643295814,0.2951559502874719,1790749953,165065694,0.14499999582767487,0.11657629300888389,-0.6241971796831116,0.39637368647766635,-2.6950269426140654
0.0448753838949489,-0.7098226524947304,0.29753804153619223,1790749953,215500068,0.14900000393390656,0.11459544835139757,-0.6243229464416219,0.3976875000935146,-2.7026043185883775
0.03783135486813384,-0.7105105154688323,0.3034054470854536,1790749953,265370522,0.14900000393390656,0.11274233584925426,-0.6245168341024622,0.39929305246701263,-2.710775442498403
0.03153531472622939,-0.7105374569879649,0.3100897177991119,1790749953,315426847,0.14800000190734863,0.11088488633924662,-0.6246571314240172,0.4008212764236401,-2.7191025485496616
0.02460286601529972,-0.7119364730070677,0.3163230653917934,1790749953,365180857,0.14900000393390656,0.1092179507249077,-0.6248935296125562,0.40272222405152747,-2.728082174519851
0.01968366976692555,-0.7115108436351468,0.32446563966655784,1790749953,415218562,0.1469999998807907,0.10757357930793093,-0.6250833021612494,0.40455711137612316,-2.7372448272082472
0.013551109629363428,-0.7129685684938483,0.33142452674715334,1790749953,465660750,0.14800000190734863,0.10611894160045632,-0.6253286488254907,0.4066205474481888,-2.7467926687187116
0.00848495185741277,-0.713742398994299,0.3388509192878484,1790749953,515192517,0.14800000190734863,0.1047358101580649,-0.6255204016666548,0.4085406030902887,-2.756224905306075
0.006750434848333334,-0.7122132502774534,0.3482789697481301,1790749953,565058694,0.14399999380111694,0.1035679648864324,-0.6257612265410117,0.4106360999251775,-2.7658489263599026
0.002071745027114491,-0.7136103278524766,0.35548226375540126,1790749953,615375344,0.14499999582767487,0.10245054972453405,-0.6259620927050056,0.4126389014545928,-2.7755842751343947
-0.0025908893078308293,-0.715689026901898,0.36232042308556084,1790749953,665278678,0.1469999998807907,0.10158993005206253,-0.6262060870774343,0.41474332192590696,-2.785137179233366
-0.005492774188070745,-0.7165038201925054,0.3698850514810697,1790749953,715331874,0.1469999998807907,0.10079848982621123,-0.6264187343665847,0.41674489005244314,-2.7946998061958928
-0.00845727112850117,-0.7179181837868953,0.37670197056641563,1790749953,765155041,0.14800000190734863,0.10021255252489741,-0.6266394601449502,0.41869083339945584,-2.8037013098336865
-0.007412487366066103,-0.7161925028981527,0.3847391553878765,1790749953,815519840,0.14399999380111694,0.09968371945548772,-0.6268351839067507,0.4205395777572498,-2.812702479181331
-0.010973831917967011,-0.7187296365274979,0.3900900586675726,1790749953,865166368,0.1469999998807907,0.0993320934146674,-0.627019381176298,0.4221966290992064,-2.8205921065542223
-0.012066125326294017,-0.7193677125379332,0.3960189152670688,1790749953,915272443,0.1469999998807907,0.09902787356762562,-0.6271856445210736,0.4237603952356162,-2.828374725176632
-0.013521352986843996,-0.7205296678766739,0.40072335670048,1790749953,965153675,0.14800000190734863,0.0988393471424786,-0.6273278081133724,0.42506441188889615,-2.8348291116928235
-0.012536840794574317,-0.7197652446045691,0.40566261942134263,1790749954,15190075,0.1459999978542328,0.09868424242461672,-0.6274563896431277,0.42627682124177046,-2.8410541848082596
-0.011298353890072776,-0.7189065245127115,0.40959737754537795,1790749954,65409447,0.14399999380111694,0.09861271568053238,-0.6275698889830765,0.4272941007079839,-2.846064882540298
-0.011488919963306268,-0.7192864326784971,0.41303031545984936,1790749954,115552745,0.14399999380111694,0.09856541518948561,-0.6276754821096084,0.42824462663923935,-2.850822433782565
-0.014637905960782308,-0.7220795297613598,0.41488198554057926,1790749954,165254791,0.14800000190734863,0.09853995881509782,-0.627741398961903,0.4288493964177738,-2.8539433496538082
-0.00934251448559649,-0.7178322868155816,0.417528002613709,1790749954,215063135,0.14100000262260437,0.09852033861899363,-0.6277991951831101,0.42938751655025115,-2.856788857970407
-0.011660365164704298,-0.7198683815432758,0.41839763326194257,1790749954,265574295,0.14399999380111694,0.09851078741536891,-0.6278306071392804,0.4296831743060929,-2.8583821621393777
-0.01167411196165212,-0.7199680953420584,0.41933005073150104,1790749954,315337230,0.14399999380111694,0.09850358704404623,-0.6278563063616879,0.4299268043554719,-2.859711792103534
-0.011678052484132756,-0.7200059439810744,0.41968482789502454,1790749954,365112888,0.14399999380111694,0.09850103643703637,-0.6278659870935405,0.4300189908503014,-2.8602191169968045
-0.01397580801588931,-0.7219525386120965,0.41972294152982753,1790749954,415155537,0.1469999998807907,0.09849930694827008,-0.6278727644604497,0.4300836642037891,-2.860576466306805
-0.011680838996447881,-0.7200380519161147,0.4199861608707102,1790749954,465340401,0.14399999380111694,0.09849895047801124,-0.6278741660803581,0.43009706358704536,-2.8606506239553897
-0.010915838836153421,-0.7193995867174585,0.4200709837262692,1790749954,515452606,0.14300000667572021,0.09849884650832705,-0.627874562338399,0.4301008617233791,-2.8606716341786336
-0.01244563462999082,-0.7206735505536946,0.4198734610811467,1790749954,565221893,0.14499999582767487,0.09849922472555574,-0.6278730203885822,0.43008612839570093,-2.8605900010051895
-0.013975297680147047,-0.7219459051853518,0.41966076641857586,1790749954,615484488,0.1469999998807907,0.0984996991594955,-0.6278711035158627,0.4300678189177787,-2.8604886427124385
-0.011677866689552369,-0.7200035366422871,0.4196623647574853,1790749954,665165645,0.14399999380111694,0.09850115659835855,-0.6278653700952834,0.4300131766773457,-2.860186854304595
-0.013205530013218017,-0.7212574596527997,0.4192770331610561,1790749954,715340156,0.1459999978542328,0.0985028521320051,-0.6278588430909386,0.42995107439496694,-2.859844841738657
-0.012434961293078153,-0.7205722397794302,0.41892404478666917,1790749954,765036397,0.14499999582767487,0.0985060061963349,-0.6278472226146522,0.4298406245775357,-2.8592395330756077
-0.01166272684929244,-0.719882882250638,0.4185331244946475,1790749954,815401501,0.14399999380111694,0.09850963764568696,-0.6278343560593059,0.4297187019187588,-2.8585750701467556
-0.01164916194302365,-0.719804633089599,0.4178035883362073,1790749954,865150946,0.14399999380111694,0.09851566744718278,-0.627814032468981,0.42952698279371837,-2.857537660692007
-0.010866285359168282,-0.7190814776070986,0.4171012451847541,1790749954,915257994,0.14300000667572021,0.09852263858488512,-0.6277918302536504,0.4293186718246476,-2.856420799153476
-0.011600020382789192,-0.7195993373317671,0.415900311649903,1790749954,965222087,0.14399999380111694,0.09853335907199445,-0.6277599443393572,0.42902139542282586,-2.854845314985773
-0.012324160851334434,-0.7201078670308652,0.4146192001902888,1790749955,15236098,0.14499999582767487,0.09854579350357152,-0.6277255126851494,0.42870297159248844,-2.85318052421625
-0.013022064866690566,-0.720569417606653,0.41291608126407436,1790749955,65789305,0.1459999978542328,0.09856414076630562,-0.6276783304988047,0.4282706904023366,-2.8509566872394076
-0.012175432390899993,-0.7197519130017187,0.41137626038308084,1790749955,115292295,0.14499999582767487,0.0985850814589288,-0.6276285965035951,0.42782016257003663,-2.8486808351837207
-0.012049951125580341,-0.7195181696587989,0.4092757576876278,1790749955,165482075,0.14499999582767487,0.09861484907992726,-0.6275632993838276,0.4272368995837886,-2.845793653824885
-0.013420861101987647,-0.7205390004405199,0.4068287894635774,1790749955,215311131,0.1469999998807907,0.09864935594739246,-0.6274935097427746,0.4266228056369843,-2.8428220795307397
-0.010887341633182696,-0.7183783268649475,0.40478581102985134,1790749955,265148113,0.14399999380111694,0.09872359829030002,-0.6274253438792186,0.42597531196333493,-2.8394628808760616
-0.012871398818386712,-0.7199965546158806,0.40177125247033213,1790749955,315320495,0.1469999998807907,0.0988096883544973,-0.6273537174500503,0.42530079676469956,-2.836007982185221
-0.010958063884363392,-0.7184016301752678,0.3990485204087604,1790749955,365267736,0.14499999582767487,0.09891573965558918,-0.6272626782865319,0.42447365628474554,-2.8319194959287906
-0.010495051191416194,-0.7180421824133754,0.3958478943944701,1790749955,415800823,0.14499999582767487,0.09903349456444513,-0.6271614901420788,0.42358228147841004,-2.8276598893781193
-0.012130642603656094,-0.7195485519392333,0.3917831885073926,1790749955,465104229,0.14800000190734863,0.09921043081076437,-0.6270654177645996,0.4226706589239957,-2.8230916218556934
-0.007655718050109464,-0.716037650983249,0.38927693525402207,1790749955,515276324,0.14300000667572021,0.09940867805028268,-0.6269608043529351,0.42170427543655786,-2.8183690559497556
-0.010483020785886712,-0.7187054731145491,0.38407894043079216,1790749955,565236408,0.14800000190734863,0.09965309722155587,-0.6268412044285687,0.42061648569064614,-2.813137610945902
-0.008711440753638014,-0.7176106263190836,0.3801466778009157,1790749955,615410474,0.1469999998807907,0.09991717308918385,-0.6267079887702339,0.4194599669815736,-2.8077836501330484
-0.006710555528656376,-0.7165317624916178,0.3761116836801429,1790749955,665045743,0.1459999978542328,0.10026787552808093,-0.6265884326616017,0.4183231996581769,-2.802246727507421
-0.00602023797985049,-0.7166564832595821,0.37135860271417953,1790749955,715480968,0.1469999998807907,0.10064975586996049,-0.6264563212734202,0.41712368934912325,-2.7965758250814328
-0.004313954944328693,-0.7161553570499206,0.36665772960457027,1790749955,765355154,0.1469999998807907,0.1011198267128147,-0.6263274997963999,0.4158885503540499,-2.790614787195613
-0.0045826766038768035,-0.717450541722452,0.36081439190235803,1790749955,815028830,0.15000000596046448,0.10161407502827981,-0.6261831678327698,0.4145965282879497,-2.784613379612383
0.00185880571825206,-0.7132658404008239,0.3579865795902856,1790749955,865522037,0.14399999380111694,0.10222233333067127,-0.6260425218826686,0.41326092487445276,-2.7782443829784613
0.0014562305071743331,-0.7151154665028063,0.3513733308947184,1790749955,915308833,0.14800000190734863,0.1028506255266617,-0.625884595824226,0.41187976808242455,-2.7719140679334044
0.004219601278739743,-0.7145586863332665,0.34617937608575755,1790749955,965119343,0.14800000190734863,0.10360005383965548,-0.6257410990449055,0.41051414430355054,-2.7654053988756533
0.006552039686931299,-0.7145531721044383,0.34042580629944463,1790749956,15463263,0.14900000393390656,0.10438692793044921,-0.6255737979663414,0.4090698649839012,-2.7587941150009945
0.012462241603282256,-0.7116150511713876,0.33712931113563127,1790749956,65122790,0.14499999582767487,0.10528985957697551,-0.6254307290541351,0.40770051455845424,-2.7522088554071935
0.011637567072785002,-0.7151543356007993,0.3283086695922406,1790749956,115558395,0.15199999511241913,0.10623388238401352,-0.6252604758011148,0.4062485798695096,-2.7455087666144373
0.01926754935252714,-0.711065520458052,0.3262916084806717,1790749956,165127543,0.1459999978542328,0.1073005168040709,-0.6251221030694493,0.40490410763112383,-2.7389080534078123
0.021713681090516856,-0.7122226074033697,0.3193989148540838,1790749956,215864760,0.14900000393390656,0.10841711612286016,-0.6249523202942489,0.4034668190374759,-2.7321487861604083
0.02565888252476467,-0.7122882187954358,0.3138856715870536,1790749956,265021017,0.15000000596046448,0.10963306336418495,-0.6248237264903084,0.40219366288056013,-2.725691764041275
0.03208002358894062,-0.7099676126209645,0.31072234960436923,1790749956,315191843,0.1469999998807907,0.11089187880440832,-0.6246625066973442,0.40083744459854065,-2.719117948306349
0.03877554363414086,-0.7077442758422301,0.30792225822607866,1790749956,365391197,0.14399999380111694,0.11229945377009969,-0.6245414883096815,0.39961483698714706,-2.7126381134130435
0.04259791730526488,-0.7089357863741592,0.30137139804835,1790749956,415566782,0.1469999998807907,0.11372224039174626,-0.6243878206809172,0.3983351651347038,-2.7061799066017884
0.0496387337186109,-0.7067761977206122,0.29913278069525895,1790749956,465150550,0.14399999380111694,0.11526776214524762,-0.6242807055207248,0.3972313158993881,-2.6999800912974865
0.054620234518883794,-0.7074219842461287,0.29354558784057694,1790749956,515388034,0.1459999978542328,0.11684178147521737,-0.624136712150588,0.39605432853993633,-2.693732675886364
0.05916621601733292,-0.709311256908398,0.28688568365082134,1790749956,565031784,0.15000000596046448,0.11851759132155995,-0.624044540810286,0.3950845892066547,-2.687868666770908
0.06560702520391554,-0.7088589477001411,0.28312856647806905,1790749956,615021082,0.15000000596046448,0.12020426086987228,-0.6239151281608301,0.3940505713637017,-2.682020615456845
0.07241507239413253,-0.7085214461473238,0.27978196240303455,1790749956,665501381,0.15000000596046448,0.12202651535824748,-0.6238373550139417,0.3932161337275114,-2.6764880730332408
0.07953774572338489,-0.7075679126265176,0.2773977959247761,1790749956,715139418,0.14900000393390656,0.12381376821361206,-0.6237231370072976,0.39233555563024325,-2.671117634417851
0.08738124527760346,-0.7056201457924445,0.2770927705218842,1790749956,765302392,0.1459999978542328,0.12570831280673853,-0.6236638225283433,0.3916798393607511,-2.6662089945071683
0.09419522729846662,-0.7058601164838355,0.27382215487103273,1790749956,815439829,0.1469999998807907,0.12758906625352634,-0.6235658200684114,0.3909609625407641,-2.661400304760933
0.1007308458756277,-0.7073523254425045,0.26948102923509815,1790749956,865239015,0.15000000596046448,0.12951434931853423,-0.6235261942954844,0.39049628221840665,-2.657281425467875
0.10883879339468858,-0.7043129933101081,0.2717430454677893,1790749956,915399248,0.14499999582767487,0.13143474339135777,-0.6234477638999912,0.3899599499536661,-2.653252890321071
0.11570699641292392,-0.7058726187340306,0.2680472960123911,1790749956,965254740,0.14800000190734863,0.13340698142678306,-0.6234260775089405,0.38967492007495297,-2.6499687354818557
0.12319831399137227,-0.7056904700828979,0.26692307021960204,1790749957,15790919,0.14800000190734863,0.1353901761237745,-0.6233642221169928,0.3893066800624892,-2.6467762908621553
0.13045275972041157,-0.7056574161885341,0.26639933032205126,1790749957,65030186,0.14800000190734863,0.1373383350016309,-0.623363515314337,0.38921750200901983,-2.644596257541171
0.13793996382240176,-0.7049978166004228,0.26682370117967436,1790749957,115687727,0.1469999998807907,0.13932193659117942,-0.6233234694942492,0.3890382303527604,-2.642519577204174
0.14496668307188343,-0.7022636780629674,0.2711485457069838,1790749957,165207819,0.1420000046491623,0.1412513862950911,-0.6233431510400453,0.3891390042392172,-2.6414549562223644
0.15250078440714887,-0.70668893471367,0.2647996930170817,1790749957,215188079,0.15000000596046448,0.14318065091924365,-0.623327760192479,0.38915423246922454,-2.640563790799211
0.15924231051769588,-0.704588509780284,0.2689497244659424,1790749957,265192405,0.1459999978542328,0.14507098894004788,-0.6233683307831753,0.38944227835146883,-2.6408625876001133
0.16569998184195064,-0.702417557520048,0.27317051499992434,1790749957,315352444,0.1420000046491623,0.14695218222470002,-0.6233757356584038,0.3896390160062721,-2.6413983777077066
0.17216026372481227,-0.7025989359231907,0.2745483261311401,1790749957,365023777,0.1420000046491623,0.148730459442068,-0.6234317404203232,0.390080143168029,-2.643199589270065
0.17949097130955494,-0.7049449493011957,0.27279492058938937,1790749957,415648309,0.1459999978542328,0.1505307840569649,-0.6234563988365897,0.3904253718803211,-2.64527723420277
0.18598407640858225,-0.7057454703215031,0.27392049966082,1790749957,465428393,0.1469999998807907,0.15221584155428708,-0.6235261412814551,0.39100460708783996,-2.6487240116004958
0.19014961497607166,-0.7014300561994312,0.2821826785149185,1790749957,515136828,0.13899999856948853,0.15389959922458676,-0.623565167379706,0.3914712646043485,-2.652411557229046
0.19755704908783173,-0.7050759812014593,0.2798092064983524,1790749957,565202228,0.14499999582767487,0.1554753701844248,-0.6236455008458573,0.39216225701213325,-2.6575818485382636
0.20432083962840353,-0.706974886540436,0.27989197851535685,1790749957,615374934,0.14800000190734863,0.1570600167369107,-0.6236987011928957,0.3927436162445288,-2.663037006916893
0.20768605995230793,-0.7039291832849485,0.28713920683732014,1790749957,665164129,0.1420000046491623,0.15849818749771027,-0.6237921660317389,0.39354697436164676,-2.670056360927412
0.21480816983093454,-0.7070167218178809,0.28614609082222664,1790749957,715118713,0.1469999998807907,0.15995504519739234,-0.6238615779778651,0.3942449193812626,-2.677396834326069
0.21817667236329413,-0.7051250969315738,0.2920678809499623,1790749957,765285354,0.14300000667572021,0.16126242332770335,-0.6239645705615082,0.39513455415379023,-2.6862494648948747
0.22299108294210845,-0.7054241119760264,0.29503254890054903,1790749957,815478171,0.14300000667572021,0.16258817610490042,-0.6240452887730744,0.3959185136774905,-2.6953876012343105
0.2269269714133989,-0.705237082542416,0.2988642716105334,1790749957,865101161,0.1420000046491623,0.16376143090664483,-0.624150713565502,0.3968393530291853,-2.705701007398893
0.2313035874187353,-0.7055503099594536,0.3019963184090477,1790749957,915297330,0.1420000046491623,0.16497672532374846,-0.6242359060080732,0.3976661485281948,-2.7163709968942515
0.2352697099604288,-0.7059335183011483,0.3052426106854011,1790749957,965090127,0.1420000046491623,0.16604652482131999,-0.6243418286538083,0.3985964972678617,-2.7279205812255474
0.23873472499994652,-0.7056746432526431,0.30912631273873664,1790749958,15392713,0.14100000262260437,0.16715833933490393,-0.6244289915421539,0.39944223510484783,-2.739772592908678
0.24239687726006925,-0.7060507870047076,0.31248941995852975,1790749958,65355427,0.14100000262260437,0.16816202612425946,-0.6245338161860365,0.40038237237774554,-2.7524657234476817
0.24660076228769146,-0.706939285893881,0.31523140730081606,1790749958,115459994,0.1420000046491623,0.1692098935753008,-0.6246189996162204,0.401243181073176,-2.765374038748637
0.2470726672600689,-0.7044426298449507,0.32168095036340233,1790749958,165265281,0.13699999451637268,0.1700909273403738,-0.624734473712255,0.40223788713701836,-2.7789200224642925
0.2525539993585067,-0.7071228268839748,0.32281484608116023,1790749958,215173977,0.14100000262260437,0.17100214631889935,-0.6248310431873555,0.4031787580156197,-2.792622664369634
0.25495167657761447,-0.7069836469605184,0.32703770098016116,1790749958,265464692,0.14000000059604645,0.17179744208690007,-0.6249606585096588,0.4042232101042606,-2.8067565559745136
0.25848323691198133,-0.7079553298482094,0.33013278465775475,1790749958,315344842,0.14100000262260437,0.17261743838341467,-0.6250680850947874,0.4052178699930752,-2.820835581803706
0.2586827689413306,-0.7060192668916356,0.335853997485563,1790749958,365071879,0.13699999451637268,0.17334591266398916,-0.6251914342185142,0.40623496738192355,-2.834589537886896
0.26323993217254626,-0.7081551847212805,0.33801313201749444,1790749958,415553947,0.14000000059604645,0.17412102188470224,-0.6252914822225364,0.4072332649572675,-2.8484999232481854
0.266306225832885,-0.7091488058326418,0.3412231985739245,1790749958,465382938,0.14100000262260437,0.17479408928067147,-0.6254033047198572,0.4082546885364195,-2.861816642352264
0.26673589942170106,-0.7077080412781805,0.34633653439309364,1790749958,515585672,0.1379999965429306,0.1755035050665548,-0.6254890899836305,0.4092705737843511,-2.875158970141436
0.27081270613612934,-0.7099621161221293,0.3487609405384614,1790749958,565119005,0.14100000262260437,0.17605030005400873,-0.6256320233528243,0.41032003886374646,-2.887487194132845
0.2715170111827954,-0.7091983304398978,0.3535033917378886,1790749958,615589943,0.13899999856948853,0.1766157997615069,-0.6257558945100122,0.4114008835590086,-2.899894874261144
0.2691894901484924,-0.7060157894445158,0.3596170926190817,1790749958,665033489,0.13300000131130219,0.17711193787912785,-0.6258851635035209,0.4124357209919689,-2.9111933828068275
0.272351329773425,-0.7075992411756424,0.36256274137750893,1790749958,715365371,0.13500000536441803,0.17764001645488017,-0.6259877034390313,0.41349726293347366,-2.9225347782780493
0.2724901900373011,-0.7067802602634996,0.366912716414632,1790749958,765042834,0.13300000131130219,0.17808655522067182,-0.6261002710942045,0.4145330212210622,-2.932832028413338
0.2739985194123782,-0.7071303414393967,0.37057553794048326,1790749958,815299994,0.13300000131130219,0.17855194422297654,-0.6261873562012972,0.4155998066648621,-2.9430741898495887
0.2745206937881956,-0.7069466009353981,0.3744261645891881,1790749958,865056467,0.13199999928474426,0.17888940595000685,-0.6263245729109692,0.4166013373192456,-2.951841288112823
0.27864050711985994,-0.7098060039446847,0.37684174703635515,1790749958,915965176,0.13600000739097595,0.17922951159653516,-0.6264473922579183,0.41764368126822593,-2.960540258528605
0.27894398965332096,-0.7095509655231229,0.3804939779537041,1790749958,965453406,0.13500000536441803,0.17952991110680555,-0.6265473588568351,0.41860229352299083,-2.9681582948470395
0.28068197920308713,-0.7104843381785296,0.3835996953007254,1790749959,15252148,0.13600000739097595,0.1798443688001287,-0.6266218389627952,0.419583852423793,-2.9756791203557675
0.28146948724383114,-0.7108700177685313,0.3868215856232087,1790749959,65458956,0.13600000739097595,0.18005086324018207,-0.6267431143349135,0.4204805938412578,-2.9819143777730073
0.28218394776688427,-0.7112353806363922,0.3900107623696272,1790749959,115211086,0.13600000739097595,0.18024467158691068,-0.6268524625355116,0.4213780879653589,-2.9878448395626642
0.28054478604165367,-0.7096782145002928,0.3935962752303253,1790749959,165208347,0.13300000131130219,0.18042730539293914,-0.6269362641692932,0.42221899475141617,-2.9931912547347714
0.28339173587302435,-0.7118224450668226,0.39589604443474113,1790749959,215698859,0.13600000739097595,0.18061868286440405,-0.6270003899828318,0.42307913765389615,-2.9984757024900865
0.28228185012851575,-0.710888103037004,0.3988886834886218,1790749959,265235127,0.1340000033378601,0.18071945394328862,-0.6271008710969146,0.42380414735103344,-3.0024931811165274
0.28415731884142353,-0.7124477259640922,0.40113253812438476,1790749959,315173471,0.13600000739097595,0.18080987245798927,-0.6271967128085882,0.42453279650605164,-3.0063389908813054
0.28370176240944023,-0.7120686480662306,0.4036351639277603,1790749959,365364057,0.13500000536441803,0.18090036170226925,-0.627264837061936,0.42520336042594836,-3.009795348272274
0.2824581445805361,-0.7110336306609732,0.4062297379679769,1790749959,415706013,0.13300000131130219,0.18099500765554036,-0.6273189093748475,0.42587859630967795,-3.0131848167306354
0.28340812374193963,-0.7118764419917407,0.4080202748755218,1790749959,465102457,0.1340000033378601,0.18104862524276638,-0.6273808200992926,0.4264328749785141,-3.015766326173353
0.2843359898348156,-0.7127144927460242,0.40981045466342236,1790749959,515105106,0.13500000536441803,0.18109770836865813,-0.6274390099673598,0.4269845841951642,-3.0182453452597535
0.28290595689117126,-0.7116456612460303,0.4116913519140257,1790749959,565064682,0.13300000131130219,0.18111870825197926,-0.6275011804638042,0.42744135880796896,-3.02014481912369
0.283751586869065,-0.7124669773810329,0.41316652876626453,1790749959,615246527,0.1340000033378601,0.18113503458047386,-0.6275604625361423,0.42788820760543667,-3.021937949409791
0.2838115352850751,-0.7126129636598633,0.4144702297641394,1790749959,665315611,0.1340000033378601,0.181150754641807,-0.6276035245617307,0.4282600911297295,-3.023410749137551
0.2861625578632818,-0.7146530577657835,0.4154367732184543,1790749959,715421984,0.13699999451637268,0.18116701680923186,-0.6276411809247642,0.4286226802732132,-3.0248255019427703
0.28236669795959796,-0.7115785646767931,0.4168942029473291,1790749959,765095799,0.13199999928474426,0.18118028922414645,-0.6276683912649506,0.42891057912274644,-3.0259329145725684
0.28239795408892787,-0.7116727302426731,0.4178323018219164,1790749959,815112365,0.13199999928474426,0.18119349163081713,-0.6276925694481934,0.429189642297163,-3.0269934387374353
0.28318627900708715,-0.7123788989555798,0.41846252881420426,1790749959,865835759,0.13300000131130219,0.18120382569078575,-0.6277096442750453,0.42940313557240367,-3.02779664345474
0.2847380985945791,-0.7137153461389085,0.4189600079265383,1790749959,915282026,0.13500000536441803,0.1812135109338374,-0.6277242963511701,0.4295995828461017,-3.028529516722015
0.28628366347701356,-0.7150332712874737,0.41927122021735563,1790749959,965087027,0.13699999451637268,0.18122040271164547,-0.6277340294641773,0.42973793469287436,-3.0290422560131547
0.2862939533537385,-0.7150734215344552,0.4197056738202896,1790749960,15242501,0.13699999451637268,0.18122688009500867,-0.6277426514543266,0.42986663890942167,-3.0295166849374
0.28553307962080166,-0.7144604330319332,0.4200478554448874,1790749960,65288846,0.13600000739097595,0.18123094744787974,-0.627747802992854,0.42994669508565503,-3.02981050838846
0.28247043872774563,-0.711930989937763,0.42057110541167636,1790749960,115117328,0.13199999928474426,0.18123457552440805,-0.6277522350426633,0.43001764112368934,-3.0300700925852735
0.2824730234672016,-0.7119419574450612,0.4206934734834959,1790749960,165198163,0.13199999928474426,0.18123648772026504,-0.6277545250992461,0.43005509065952535,-3.0302068204339574
0.2855429295137114,-0.7145024281245415,0.4205140095697317,1790749960,215600027,0.13600000739097595,0.18123808457196333,-0.6277564108967509,0.43008635657238903,-3.0303208155587473
0.2840097089120158,-0.713229840336455,0.4206892961533924,1790749960,265108203,0.1340000033378601,0.18123860102189926,-0.6277570419266264,0.43009679367278353,-3.0303590181859663
0.2824762384452385,-0.7119561418641075,0.4208522092038233,1790749960,315450483,0.13199999928474426,0.1812389312096758,-0.6277574589709494,0.43010365416783713,-3.0303842192887704
0.28094201998371027,-0.7106789413712191,0.42097604168010294,1790749960,365027715,0.12999999523162842,0.1812386868901752,-0.6277571548534764,0.43009862086413253,-3.030365721559351
0.2824754562252896,-0.7119525072907295,0.42081162319673604,1790749960,415340995,0.13199999928474426,0.1812383315672467,-0.6277567100880768,0.43009128566657584,-3.0303387597598364
0.28247180012531803,-0.7119367392139626,0.4206352223789083,1790749960,465478729,0.13199999928474426,0.18123557568316528,-0.6277534367722633,0.43003725736501264,-3.0301416205335814
0.2855351404072912,-0.7144688615408448,0.42014098924723764,1790749960,515569601,0.13600000739097595,0.18123238965490662,-0.6277495498740461,0.4299745633618758,-3.029912366600244
0.28552447805425496,-0.7144257313305097,0.419668370432507,1790749960,565159907,0.13600000739097595,0.18122520809131643,-0.6277404593832031,0.4298334047642285,-3.029394287915656
0.2809104574923005,-0.7105543117503808,0.4196080577652651,1790749960,615186519,0.12999999523162842,0.18121735819088902,-0.627729823978651,0.4296772651448415,-3.0288177810766372
0.28625360979426195,-0.7149259930731494,0.41814026544356075,1790749960,665334558,0.13699999451637268,0.18120392224755857,-0.6277097972908108,0.4294051150689624,-3.0278041950972865
0.28315668497998336,-0.7122840925338514,0.41749601033896006,1790749960,715297624,0.13300000131130219,0.18118997320808639,-0.6276863373142554,0.429115384291054,-3.026712509070075
0.28387254654893584,-0.7127726808650813,0.4159638666709627,1790749960,765095449,0.1340000033378601,0.18117019110563104,-0.6276479424201933,0.4286920238680205,-3.025093419671289
0.28687405369490393,-0.7151453727669838,0.41401159772690976,1790749960,815402128,0.1379999965429306,0.18115024787202266,-0.6276020525309985,0.4282468711782452,-3.0233588843555896
0.2821835073748747,-0.7111064647194675,0.4126036572230456,1790749960,865278351,0.13199999928474426,0.1811281075325506,-0.6275306896434769,0.4276667178127107,-3.0210601044289676
0.2828332466930059,-0.7114806909684415,0.4103699202630971,1790749960,915174769,0.13300000131130219,0.18110745464626926,-0.6274461924524523,0.4270752080617759,-3.018654105496803
0.2841142764975279,-0.7124722362730669,0.4074168134206573,1790749960,965478179,0.13500000536441803,0.1810239894711041,-0.6273766836747251,0.42628851438229043,-3.0150461366760166
0.2815334458533777,-0.7102916432446607,0.40510490084736234,1790749961,15725922,0.13199999928474426,0.18093470953588553,-0.6272958137268454,0.4254908358307255,-3.011221775837183
0.28113014328518565,-0.7099466096129186,0.40189656949255853,1790749961,65027495,0.13199999928474426,0.18081462900716255,-0.6271978535186613,0.42455580097028867,-3.0064680294726287
0.27990704196948063,-0.7089263193002384,0.39874994662218116,1790749961,115405554,0.13099999725818634,0.18069490878532624,-0.627072338675685,0.42360709381588924,-3.001429154689224
0.2792184577380323,-0.7085589180966602,0.39502954738561213,1790749961,165173610,0.13099999725818634,0.1804719714209625,-0.6269782001267562,0.42250166374370446,-2.994867721156043
0.28069386118922107,-0.7100091172930892,0.3905421579952093,1790749961,215477706,0.1340000033378601,0.1802436759389737,-0.6268591324211659,0.42139408165543524,-2.9879294705726265
0.2789389307669378,-0.7089502523153622,0.38656240415040816,1790749961,265168956,0.13300000131130219,0.17994034223775443,-0.6267391521980396,0.42017214731418984,-2.9796177500317578
0.27783814714642263,-0.7084436169482105,0.3822883039415819,1790749961,315379782,0.13300000131130219,0.17964304442041712,-0.6265789745912641,0.41896121603218184,-2.9709343289574286
0.27573770944827425,-0.7073520684711397,0.3780821660867165,1790749961,365232848,0.13199999928474426,0.17923982621286283,-0.6264448371014038,0.4176571361352384,-2.960677534330717
0.277167789265371,-0.7092461377995266,0.3722811936521285,1790749961,415528351,0.13600000739097595,0.17884690521264787,-0.626268982826997,0.4163697128164333,-2.9500197824785053
0.2745990597307093,-0.7081829239512774,0.3679072296963628,1790749961,465409871,0.13500000536441803,0.1782820600983909,-0.6261555499189734,0.4150192975727081,-2.937465687590595
0.2733704759817857,-0.7082695220515669,0.3628714715896666,1790749961,515246223,0.13600000739097595,0.1777365865215431,-0.6260044996644274,0.4136910277535592,-2.924564436630652
0.27247645622389643,-0.7090115213522331,0.35731933834395163,1790749961,565257882,0.1379999965429306,0.17705197094876843,-0.6258847899952343,0.41234763279078235,-2.910140963405415
0.27145654292986726,-0.709659322861578,0.35169090643541234,1790749961,615408311,0.14000000059604645,0.17640195087235744,-0.625720633215406,0.4110114010064881,-2.895404307003749
0.2667682650886078,-0.7074022774247308,0.34833890416562907,1790749961,665109968,0.13699999451637268,0.17561918798791537,-0.6255966563010861,0.40972851724270315,-2.8797681310290137
0.2633937091359234,-0.706264440000528,0.34418596761208453,1790749961,715235619,0.13600000739097595,0.17487478969925713,-0.6254323624751268,0.40842441525084694,-2.8638080303611977
0.26293414695128114,-0.7081849919215676,0.3377620006188594,1790749961,765333185,0.14000000059604645,0.17399481890966606,-0.6253066264177406,0.40719522484050313,-2.8473082739679265
0.25921536560569813,-0.7070551974544765,0.33376382518656017,1790749961,815476521,0.13899999856948853,0.1731657857816297,-0.6251464636813152,0.4059263413989018,-2.830691607679281
0.2546933171962792,-0.7054481441176181,0.3306192875036587,1790749961,865175438,0.13699999451637268,0.17221833424124663,-0.6250250938756347,0.40477458855374304,-2.8143172358592317
0.2525404379494567,-0.7061044617377354,0.3252827434423334,1790749961,915246273,0.13899999856948853,0.17131915381343285,-0.6248740549544356,0.403549745553266,-2.7978379382183487
0.25003697742799963,-0.7068558916271884,0.32010785794564334,1790749961,965164571,0.14100000262260437,0.17028782395376663,-0.6247583252051492,0.4024550670501207,-2.781965633302366
0.2452400181809748,-0.7051952156285862,0.3172314838716472,1790749962,15356388,0.13899999856948853,0.16930377410353606,-0.6246171805467489,0.40126639744975257,-2.7661135379025543
0.242299905168959,-0.7060067602305393,0.3123129268271609,1790749962,65271223,0.14100000262260437,0.16815141458721813,-0.6245207490443117,0.4003074270245136,-2.7518112430049952
0.2392167205291264,-0.7067349047068241,0.3072700896452981,1790749962,115747911,0.14300000667572021,0.16703140762604782,-0.6244034501483002,0.39924733737873697,-2.7376262065876076
0.23441096871222328,-0.7058416999568978,0.30450342263191976,1790749962,165206309,0.1420000046491623,0.16581789762829915,-0.6243164113647547,0.3983789745056937,-2.7252522073781207
0.23005238429604033,-0.7054389350757149,0.3010246709562847,1790749962,215326024,0.1420000046491623,0.16463624082106176,-0.6242053245396922,0.3973876825971884,-2.7129808597523333
0.22548005064385346,-0.7051393509585542,0.297881061467667,1790749962,265549860,0.1420000046491623,0.16335983682855754,-0.6241242424097664,0.39658077039698536,-2.7024501556181812
0.2217744345408577,-0.7059073159542657,0.2933357092676032,1790749962,315378815,0.14399999380111694,0.16213148926112222,-0.6240224145205627,0.39567622035814326,-2.692323280898439
0.2162267721824057,-0.7044991807082279,0.2919653788883698,1790749962,365436826,0.1420000046491623,0.16082347680965708,-0.623950192820837,0.3949524495939639,-2.683848644431801
0.21225369080811352,-0.705294186029232,0.2877089508649193,1790749962,415358031,0.14399999380111694,0.15954739304480284,-0.623856927780701,0.39413271399970523,-2.6757090563559482
0.20609457843666038,-0.7027947471946581,0.2882912485280885,1790749962,465278615,0.14000000059604645,0.15823868188484883,-0.6237931132458636,0.39349844963873504,-2.6692057141762238
0.20171994915940525,-0.7030634640779487,0.2851705597710268,1790749962,515336608,0.14100000262260437,0.15694908793659684,-0.6237089831916864,0.3927783526496762,-2.6629841605596023
0.19848297578539087,-0.7056689960400405,0.2793031618173537,1790749962,565155377,0.1459999978542328,0.1556460983563571,-0.6236541952803388,0.3922393108658862,-2.6581960852851796
0.19333719894100238,-0.7048478089243975,0.27804429635895084,1790749962,615660751,0.14499999582767487,0.15433982997491352,-0.6235796430560174,0.3916210951346599,-2.653607036550516
0.18838531517476043,-0.7041627848534449,0.2772870091775282,1790749962,665204770,0.14399999380111694,0.1530589698727337,-0.6235510768298085,0.391259813266204,-2.6505653669201585
0.18366121301086807,-0.7040059957347637,0.275790291649993,1790749962,715401920,0.14399999380111694,0.15177190458803702,-0.6235087052163011,0.3908522594856836,-2.6477514161446876
0.17982848119901046,-0.7055794843783162,0.27218528867870223,1790749962,765043828,0.1469999998807907,0.15056523201945632,-0.6234850999843743,0.3905625426736632,-2.645772298899445
0.17534214468860887,-0.7054408229332118,0.27101239273951827,1790749962,815158367,0.1469999998807907,0.14936357701119657,-0.6234462030690822,0.3902222761373283,-2.6439265885910923
0.17093598786832018,-0.7042203365577899,0.27171260358958943,1790749962,865236285,0.14499999582767487,0.14826507037503633,-0.623416469081209,0.3899571099772673,-2.6426474663809447
0.16666273255092312,-0.7029740900860248,0.2724641590471239,1790749962,915650919,0.14300000667572021,0.1471788833706275,-0.6233734529158635,0.3896525547716147,-2.641469191642508
0.16345745495213027,-0.7046185266955988,0.2694794504273999,1790749962,965217103,0.1459999978542328,0.14620616503000186,-0.623372104571071,0.3895519754338379,-2.6410941706522566
0.15988178804045483,-0.7045884669134728,0.26901450195638815,1790749963,15158160,0.1459999978542328,0.14524284218336767,-0.6233671801828027,0.38945039037609264,-2.640859666928876
0.15671975596618165,-0.7039799752454299,0.2694369576603743,1790749963,65721702,0.14499999582767487,0.14441121752337677,-0.623350651957156,0.38932194795316594,-2.6406494460175165
0.15372013752747354,-0.7033522354263577,0.26987847083379,1790749963,115777490,0.14399999380111694,0.1436123440235578,-0.623324415590369,0.3891654306303346,-2.6404463469474577
0.1513876833242868,-0.7044701465991399,0.26807078950133295,1790749963,165134842,0.1459999978542328,0.14294859423817172,-0.6233306112939462,0.3891540540728245,-2.6406538937123774
0.14899868401535912,-0.7050360446641166,0.2671302323178823,1790749963,215271519,0.1469999998807907,0.14229506609283554,-0.6233375658301477,0.3891524435251736,-2.640936242120357
0.1470704009765878,-0.7050353670845799,0.2670455325340437,1790749963,265314059,0.1469999998807907,0.14177842772976057,-0.6233387378953777,0.3891383487159524,-2.6411621588488132
0.14516386135678788,-0.7033600751933363,0.2694596634467118,1790749963,315162689,0.14399999380111694,0.14128770443195166,-0.6233361322819168,0.3891139244787604,-2.6413769624103116
0.1438956045822298,-0.7050163760035342,0.2669091933875811,1790749963,365393044,0.1469999998807907,0.14092425879808076,-0.6233318195821405,0.3890885873598203,-2.6415358986237814
0.14264498795667513,-0.7050026266221162,0.26685619268153854,1790749963,415405305,0.1469999998807907,0.14058649187948458,-0.6233259938714665,0.3890596714428576,-2.6416833457538647
0.14179272616591682,-0.7033249496386019,0.26931593599983517,1790749963,465163546,0.14399999380111694,0.14036374447159458,-0.6233211991761973,0.38903793121369845,-2.6417801992694625
0.1410678137593279,-0.7049803345638563,0.26679031016962484,1790749963,515608059,0.1469999998807907,0.14015897035052172,-0.6233161232442168,0.38901604624084674,-2.6418690495650092
0.14064617289025075,-0.704417972301545,0.2676044701577523,1790749963,565173781,0.1459999978542328,0.14004555441654132,-0.623313031050186,0.38900309920890186,-2.6419181529753772
0.1402785535099843,-0.7027452626929442,0.27008402368025164,1790749963,615229394,0.14300000667572021,0.1399470160773833,-0.623310183290652,0.3889913832192572,-2.641960765492578
0.14012540907530222,-0.7027425081023408,0.270077581357412,1790749963,665305877,0.14300000667572021,0.1399044988877538,-0.6233089094561993,0.38898618707654725,-2.641979095359148
0.14001235256785738,-0.7038513404826046,0.2684096806623192,1790749963,715393537,0.14499999582767487,0.13987255863089038,-0.6233079346876356,0.3889822274158314,-2.641992841133794
0.13999713172105724,-0.7055174268947865,0.26591432311441654,1790749963,765135260,0.14800000190734863,0.1398676503271693,-0.6233077835158046,0.3889816150105352,-2.6419949531555176
0.1399927573538702,-0.7027400767624121,0.27007199787603736,1790749963,815242669,0.14300000667572021,0.1398676503271693,-0.6233077835158046,0.3889816150105352,-2.6419949531555176
0.13999135351361075,-0.7067565108666909,0.26436492631276154,1790749963,865540228,0.15000000596046448,0.13986562595997262,-0.6233445180158058,0.38903419048547383,-2.642120070475616
0.13998092471599569,-0.7057935289483847,0.2661599104841075,1790749963,915385775,0.14800000190734863,0.1398632561071053,-0.6233876486622951,0.38909590038514646,-2.642267298763955
0.1399790187498597,-0.7056644114094395,0.26737252082054874,1790749963,965322666,0.1469999998807907,0.13986296652559116,-0.6235116982407775,0.38927378502999516,-2.642689242930154
0.13998014892153884,-0.7067089896248911,0.2669773036060659,1790749964,15933763,0.14800000190734863,0.1398630793347074,-0.6236514023086636,0.38947393232904043,-2.643167780774979
0.13997622048524594,-0.7042348422608375,0.2727491834956553,1790749964,65386651,0.1420000046491623,0.13986337199381338,-0.6239144563431199,0.38985009805915904,-2.6440792862146645
0.1399741328699697,-0.7029179904885196,0.2769081159071469,1790749964,115199031,0.1379999965429306,0.13986375123655503,-0.6241965015175452,0.39025234397340813,-2.6450724438359114
0.13998125532069358,-0.7078397775059962,0.27333537583096584,1790749964,165284071,0.14399999380111694,0.13986437938519009,-0.6246248910525847,0.3908567237949985,-2.6466096936235397
0.13998012689827774,-0.7065065605369697,0.2788377967730018,1790749964,215986770,0.13899999856948853,0.13986502751138385,-0.6250746711755085,0.3914869589956819,-2.6482690105615987
0.13997856301666173,-0.7056503556000613,0.28491005876838027,1790749964,265172027,0.1340000033378601,0.13986693889484658,-0.6256990255293094,0.3924450449566885,-2.650742054248256
0.1399817531416974,-0.7078456273636822,0.2870797289104504,1790749964,315764698,0.1340000033378601,0.13986833615275693,-0.6263498111822985,0.393448991275399,-2.653440231220716
0.1399793113469017,-0.7056180645275378,0.29618032732825095,1790749964,365167021,0.12600000202655792,0.13987183903467612,-0.6271636782546924,0.39477494297710813,-2.657053216630292
0.13997667219079157,-0.7032217063165084,0.30520630258175047,1790749964,415304700,0.11800000071525574,0.1398726864510291,-0.6279780347067956,0.39610393312543396,-2.6608973780113616
0.1399795669361854,-0.7037194947685981,0.3117988179096845,1790749964,465336646,0.11400000005960464,0.1398789320505659,-0.6289627585010272,0.39786518921015535,-2.665983257920015
0.13998223769665144,-0.7060627618055233,0.3160900867412101,1790749964,515227462,0.11299999803304672,0.13987774672428857,-0.6299077330053044,0.3995730204794484,-2.6712847718113997
0.1399839661035914,-0.7040186825785443,0.3263298604913472,1790749964,565468826,0.10499999672174454,0.13988681562430744,-0.6310126846332443,0.4017958404913552,-2.6781660451097378
0.13997671525702843,-0.7022271379232042,0.3355036796944729,1790749964,615111539,0.09799999743700027,0.13987895674822443,-0.6320331097898458,0.40389072784936336,-2.6852519179348624
0.14069060927286917,-0.6996340377393713,0.34402128221924383,1790749964,665485617,0.09099999815225601,0.14011747858810164,-0.6328755449758783,0.405859578030783,-2.693371580979508
0.14135806642866888,-0.6965684100248677,0.35205298009059266,1790749964,715248664,0.08399999886751175,0.14031977082081246,-0.6336078618930565,0.40764876348209245,-2.701566149117801
0.14362200154365798,-0.697660898728383,0.35204680005061434,1790749964,765207388,0.08500000089406967,0.14100243586767014,-0.6337264319763279,0.40799786785804226,-2.708724268532758
0.14609494332934314,-0.6961372801902813,0.3534188254141178,1790749964,815530909,0.08299999684095383,0.14178660032159723,-0.6337158608513925,0.40795325549131356,-2.71573403386052
0.14857625027346386,-0.6946821609316856,0.35509083294652494,1790749964,865351262,0.08100000023841858,0.1426044011631307,-0.6337335106089775,0.40810591646685423,-2.7241457346059215
0.15139324817311786,-0.6961968452597531,0.35407081203256274,1790749964,915268310,0.08299999684095383,0.14343428531738564,-0.6337333716918219,0.40814454739167927,-2.7328348639402043
0.1541294914104643,-0.696282755561438,0.35470263611126374,1790749964,965236145,0.08299999684095383,0.1442822893176895,-0.6337628692023586,0.40839896649044505,-2.7431592525361714
0.1572011183922702,-0.6978313112726081,0.3539715390793166,1790749965,15509824,0.08500000089406967,0.1451513659237956,-0.633773472166919,0.4085279032044119,-2.7538515095522365
0.15948100239234064,-0.695683854300711,0.35676508134057,1790749965,65101944,0.0820000022649765,0.14599206419750116,-0.6338114724249773,0.40885977664494166,-2.7658965246709255
0.16187333632749448,-0.6942395804291589,0.35880796794890635,1790749965,115310003,0.07999999821186066,0.14686467105976886,-0.6338300620940415,0.40906162229660714,-2.778371558795615
0.16451444367282328,-0.6943776946608448,0.3598993022994182,1790749965,165156652,0.07999999821186066,0.14769474709266428,-0.6338763484863764,0.4094642559655545,-2.792254653956853
0.16698325955032176,-0.6937095811084688,0.36152242027048415,1790749965,215562711,0.07900000363588333,0.14856451494331463,-0.6339026142600218,0.4097394000386135,-2.806589651162396
0.17026947702200532,-0.6961472719003025,0.3610197416273697,1790749965,265304721,0.0820000022649765,0.14935948297645818,-0.6339576936755947,0.410205398893531,-2.8219910438480325
0.17235276667165916,-0.6947424865141958,0.36345182028167217,1790749965,315491288,0.07999999821186066,0.1501980274272939,-0.633991341375564,0.4105524105885545,-2.83776640930833
0.1750705210301406,-0.6956918185418268,0.3643815156128875,1790749965,365332937,0.08100000023841858,0.15095087178877076,-0.6340555217828235,0.411074228973038,-2.8544240993244108
0.17753532450672663,-0.6958257894319321,0.3658250447576674,1790749965,415137253,0.08100000023841858,0.15174447077526537,-0.6340954207891846,0.4114889636615096,-2.8712489214755035
0.17951263519172428,-0.6952751222586481,0.3680821895144145,1790749965,465668387,0.07999999821186066,0.1524568765647667,-0.6341687185044703,0.4120593774559931,-2.8889138546215065
0.18284945823672316,-0.6977212418734638,0.36807863564654886,1790749965,515118294,0.08299999684095383,0.15319502471955812,-0.6342135247109074,0.41253517520120964,-2.9063096467066014
0.18386571227709012,-0.695652292707281,0.371491595663068,1790749965,565358500,0.07999999821186066,0.1538426250611518,-0.6342937964660408,0.41312990599064464,-2.9239949433868953
0.1863435508891227,-0.6965891537719745,0.37275049181572684,1790749965,615400104,0.08100000023841858,0.15452363287448748,-0.6343435774367169,0.4136648057273314,-2.941612477144241
0.18862832469282137,-0.6975960559526473,0.37414628080868517,1790749965,665420402,0.0820000022649765,0.1551019434602753,-0.6344282126120331,0.4142686648430588,-2.958697352740328
0.19092674155276668,-0.6985489463866924,0.3755473774183189,1790749965,715208866,0.08299999684095383,0.15570485732777462,-0.6344803735544233,0.41483651487991036,-2.975606915342523
0.19127900626479022,-0.6964657603378912,0.3788448299164918,1790749965,765134757,0.07999999821186066,0.15621441214239298,-0.6345645847065673,0.4154333309569723,-2.9915898150170324
0.19425647425290682,-0.6989736558745351,0.37941350328763285,1790749965,815640122,0.08299999684095383,0.1567468492056746,-0.6346168258111616,0.4160225995426412,-3.00757215636987
0.19473477512407975,-0.6976377259327897,0.3821169064035347,1790749965,865150769,0.08100000023841858,0.15718231447669267,-0.6346914518470721,0.4165926850992505,-3.0218866672645945
0.1961041630420669,-0.6978067006838338,0.3839586181718795,1790749965,915354485,0.08100000023841858,0.15763122582887035,-0.6347357566047678,0.41716839314535037,-3.0361537408886003
0.19676600886927847,-0.697221558289267,0.38608653582840147,1790749965,965200172,0.07999999821186066,0.15799334943371796,-0.6348001801121959,0.4177132988728044,-3.048818538474619
0.19787348833676052,-0.6973767381434273,0.38781833127414256,1790749966,15589943,0.07999999821186066,0.15835541547094642,-0.6348381627926962,0.4182690820690056,-3.0613352675877943
0.19878079920509034,-0.697583232780317,0.3894015979810792,1790749966,65509769,0.07999999821186066,0.15864482955887863,-0.6349174309009751,0.41876315327495206,-3.072156243180429
0.200144239701333,-0.6985478562685611,0.3906175831844066,1790749966,115276057,0.08100000023841858,0.15891841412015226,-0.6349784892054462,0.4192596312077034,-3.0826399977259196
0.2003282180826423,-0.6978937235664164,0.39230369487456773,1790749966,165162762,0.07999999821186066,0.15914136422257788,-0.6350148680573316,0.4196878565903305,-3.0913631325413076
0.20150702899426332,-0.6987793898978573,0.39327663498808474,1790749966,215162616,0.08100000023841858,0.15935659118412746,-0.6350300990760676,0.42011631737734856,-3.099777736888697
0.20149302400441116,-0.6981413813947129,0.3947033308253605,1790749966,265749139,0.07999999821186066,0.15952341582239515,-0.6350899451523472,0.4204534393828142,-3.1065619240701428
0.20089176137373554,-0.6967030067976049,0.3963741623270663,1790749966,315481436,0.07800000160932541,0.15967092259990648,-0.6351451265321737,0.4207764179413245,-3.1129124210676573
0.20122275879253404,-0.6967929662916633,0.3971608796783668,1790749966,365323409,0.07800000160932541,0.1597785732142535,-0.6351759756569706,0.42102981760890745,-3.1177250235736347
0.20152934454667581,-0.6968671669499842,0.397912556053902,1790749966,415386050,0.07800000160932541,0.1598772705517286,-0.635196897691188,0.4212766925139081,-3.1222795605253513
0.20387966524896756,-0.7000765608733859,0.3972532545586485,1790749966,465617127,0.0820000022649765,0.15994338046241705,-0.6352067391852741,0.4214505578126039,-3.125410817976031
0.20246164671922115,-0.6977407182800289,0.3986246601144985,1790749966,515933677,0.07900000363588333,0.1600029592856729,-0.6352125044065683,0.4216134161853389,-3.1282888058742984
0.20310937367446597,-0.6985523924037612,0.3986210578717331,1790749966,565233629,0.07999999821186066,0.16003715324600506,-0.6352144423178692,0.42170974818055823,-3.1299682465260443
0.20320806869515545,-0.6985693744544719,0.39888103044102025,1790749966,615560614,0.07999999821186066,0.16006765235575424,-0.6352152776008068,0.4217974569472897,-3.1314823051100467
0.20271437716044796,-0.6977849217963298,0.39928834883274666,1790749966,665245327,0.07900000363588333,0.16008182989607,-0.635215389756753,0.4218387401501613,-3.1321905581887526
0.20329137880576323,-0.6985829182579857,0.3991023437196483,1790749966,715956481,0.07999999821186066,0.16009334109994902,-0.6352153480643906,0.4218725062141182,-3.1327677199850608
0.20275976809406027,-0.6977921455670543,0.3994092995030305,1790749966,765214498,0.07900000363588333,0.16009593257248309,-0.6352153245264429,0.42188015132285894,-3.1328984247096936
0.20222336687948575,-0.6970006062348523,0.39970350022962714,1790749966,815217620,0.07800000160932541,0.1600970682851308,-0.6352153147189743,0.42188351308111094,-3.132956110428777
0.20167929411118962,-0.6962078743939691,0.3999772459412621,1790749966,865456818,0.07699999958276749,0.16009579298474277,-0.6352153330460455,0.4218798090272302,-3.1328930066028464
0.2032938469603219,-0.6985833343985827,0.39910906433209026,1790749966,915326485,0.07999999821186066,0.1600940587585765,-0.6352153542317507,0.4218747644706327,-3.1328069437611785
0.20219015524524767,-0.6969953912244937,0.39961496561168236,1790749966,965261487,0.07800000160932541,0.16008663520934685,-0.6352153979660097,0.4218529125632994,-3.132433910370032
0.20162339860127054,-0.6961990134597095,0.399828256030879,1790749967,15463564,0.07699999958276749,0.16007811004490013,-0.63521538218098,0.42182792990514517,-3.132006349271175
0.2010279837258974,-0.6953978552626402,0.39996579844630065,1790749967,65671002,0.07599999755620956,0.1600602622628719,-0.6352151569587654,0.42177607702170206,-3.1311154171412845
0.20312092991767178,-0.6985544275367975,0.3986514193236019,1790749967,115662263,0.07999999821186066,0.16004072050402043,-0.6352145706771292,0.4217199650898694,-3.130145568837078
0.20247857177579576,-0.6977438848086411,0.3986686403908164,1790749967,165096550,0.07900000363588333,0.1600082508608512,-0.6352128605539537,0.42162824451438286,-3.128548529134538
0.20290117484780323,-0.698513232387306,0.3980812074068688,1790749967,215423618,0.07999999821186066,0.1599724947851619,-0.63520989640887,0.4215293586341693,-3.1268085261584355
0.20273209422339686,-0.6984783103845408,0.3976512030142655,1790749967,265212026,0.07999999821186066,0.15991959336231354,-0.6352035993221946,0.42138726047741765,-3.1242770739488996
0.20255003363932553,-0.6984376153094363,0.3971961946412558,1790749967,315272890,0.07999999821186066,0.1598623113700306,-0.6351942348814591,0.42123850970032195,-3.1215836979096925
0.20230408764968805,-0.6983776904115646,0.39659406858747426,1790749967,365249660,0.07999999821186066,0.15978446506728458,-0.6351774569225521,0.42104426073972484,-3.117995658429922
0.20151161898589018,-0.6975182315489385,0.39627629251285973,1790749967,415430783,0.07900000363588333,0.15970045500347554,-0.635154530086491,0.42084448090370247,-3.11422066568137
0.20012857978299167,-0.6958399238882927,0.3961406364261917,1790749967,465223710,0.07699999958276749,0.1595933967514503,-0.6351152624048062,0.42060314570184865,-3.1095204241226213
0.20187546166392367,-0.6988747078863208,0.3940585836188163,1790749967,515282360,0.08100000023841858,0.15947737614331017,-0.6350647816541248,0.42035869192757164,-3.104615904947642
0.2014095478891893,-0.6987885956846885,0.39309495025095204,1790749967,565174926,0.08100000023841858,0.15932482325677708,-0.6350442351006707,0.42004921679583423,-3.0985782544889586
0.20039963335078298,-0.6979072405527968,0.3924442181885118,1790749967,615431485,0.07999999821186066,0.15916439226164314,-0.6350185595145019,0.41973283126213323,-3.092275650582908
0.1998171904368518,-0.6977972670253308,0.3913131260335431,1790749967,665365820,0.07999999821186066,0.15897698319633782,-0.6349883856392162,0.41936881361154693,-3.084903882198511
0.19921191224347543,-0.6976635173268403,0.39016561317499054,1790749967,715271831,0.07999999821186066,0.1587852005627445,-0.6349424148184637,0.4190055853787649,-3.077337663726323
0.19797763767979792,-0.6967504405385052,0.3892551630131621,1790749967,765091499,0.07900000363588333,0.15854468586035317,-0.6349035364138552,0.41859802135162794,-3.068581118226233
0.1972178645003918,-0.6965944016120597,0.3879650449365527,1790749967,815076315,0.07900000363588333,0.1582984521857744,-0.6348468739993879,0.41818958386234495,-3.0595675435624643
0.19681012150977534,-0.6972316465968733,0.38615753054662266,1790749967,865386087,0.07999999821186066,0.1580072293298148,-0.6348042814193231,0.4177353605758831,-3.0493248620505615
0.1944603262591669,-0.6947207372198376,0.38594933479330135,1790749967,915351024,0.07699999958276749,0.1577198409107827,-0.6347422800840875,0.4172817676979824,-3.038928111063933
0.1938680131881875,-0.6953653645752329,0.3840786246682004,1790749967,965236553,0.07800000160932541,0.1573589855397839,-0.6347058143291489,0.4168125537810593,-3.027417522680792
0.1936935789208406,-0.6967517551797113,0.3817382880808637,1790749968,15187703,0.07999999821186066,0.15700374271405246,-0.634649224456042,0.41633787349358886,-3.01568428975228
0.19199426112664297,-0.6958148364569161,0.3806221344679771,1790749968,65133260,0.07900000363588333,0.1565982990758604,-0.63459901052833,0.4158464031026867,-3.0029509416889217
0.19073093821789594,-0.6956095437297173,0.3790420013483847,1790749968,115487106,0.07900000363588333,0.15620451678925176,-0.6345219669260256,0.41533573025647996,-2.9899244305470787
0.18972619323745848,-0.6962250364488933,0.37700358376194826,1790749968,165121672,0.07999999821186066,0.15573623581442958,-0.6344749070555674,0.41484012731690173,-2.9761069400432127
0.18824682343403942,-0.6960227643442202,0.37536815137192875,1790749968,215753797,0.07999999821186066,0.15527913569693014,-0.6344036462663417,0.4143067641678494,-2.961831747876327
0.1869891882530458,-0.6966578349755218,0.3733537100970489,1790749968,265070898,0.08100000023841858,0.1547284667332345,-0.6343669708769013,0.41385178579815085,-2.947281384186416
0.18528830361729767,-0.6964798775343028,0.37176943265601,1790749968,315279873,0.08100000023841858,0.15419429260163756,-0.6343086727888781,0.4133495218584672,-2.9323514879583326
0.18302684002682065,-0.6955730911468114,0.37078250787662337,1790749968,365348801,0.07999999821186066,0.15357669018088174,-0.6342675403849103,0.41290516014033307,-2.916940357909045
0.18114314004449722,-0.6953843656683387,0.3692181403836878,1790749968,415771842,0.07999999821186066,0.15298850841886336,-0.6342024613449694,0.4123932607111246,-2.9013218515142576
0.17943663574632493,-0.6960136781458693,0.3672580421381181,1790749968,465225406,0.08100000023841858,0.15232285703072854,-0.634161189726391,0.4119806619037778,-2.88586966414707
0.1776779031625429,-0.6965901017808538,0.3651856521187155,1790749968,515414187,0.0820000022649765,0.15168292130962302,-0.634097928813076,0.4114780878689314,-2.8701635700828647
0.17541315321535897,-0.6964635878200998,0.36385896918409094,1790749968,565057632,0.0820000022649765,0.1509610630838587,-0.6340594389454072,0.4111010887690794,-2.8548452658406895
0.17313661803057007,-0.6962872731358603,0.3624377335575566,1790749968,615278922,0.0820000022649765,0.15026478753131367,-0.6340007472216842,0.4106172772520761,-2.839388767682238
0.17091118367408226,-0.6969327747123504,0.3606346045259181,1790749968,665781944,0.08299999684095383,0.1494766622150238,-0.6339665089113409,0.4102814587716417,-2.824382530001111
0.16823253380172185,-0.6960153644089663,0.35996290403080583,1790749968,715263602,0.0820000022649765,0.14873355764215243,-0.6339141620555723,0.4098350502293354,-2.809777119713137
0.1653629541062458,-0.6951676858900446,0.35955753340886115,1790749968,765236122,0.08100000023841858,0.14789378919483345,-0.633887362739018,0.4095630362103273,-2.7957150168130664
0.16349060219005088,-0.6980472816330209,0.35592656975088593,1790749968,815596709,0.08500000089406967,0.1470701763506383,-0.6338403483387546,0.40915099538601923,-2.7816720906081276
0.1601039685435763,-0.695716361854289,0.356999587515156,1790749968,865232469,0.0820000022649765,0.14618459838871936,-0.6338225305353299,0.40895538748598187,-2.768860915916893
0.1571317297434097,-0.6948448844943269,0.35671871221436435,1790749968,915332202,0.08100000023841858,0.14530643893853926,-0.6337834372401426,0.4086095803438198,-2.7561129706748453
0.15402980028887825,-0.6940552773899126,0.3567946455631238,1790749968,965473613,0.07999999821186066,0.14436200805759572,-0.6337756857678783,0.4084947842587911,-2.744459375761536
0.15138206662501075,-0.6962255090149985,0.35417017081775903,1790749969,15227400,0.08299999684095383,0.14342983215372151,-0.6337451745391123,0.4082254133599341,-2.7330970532117522
0.14804189347738994,-0.6939608642140885,0.35581966332384146,1790749969,65179365,0.07999999821186066,0.14245922713188217,-0.6337478288638262,0.40819545853766614,-2.722982892845371
0.14501472107993266,-0.6946536665929194,0.3547516801392099,1790749969,115425665,0.08100000023841858,0.14148036253310475,-0.6337258457211663,0.40800868899349907,-2.713055260066926
0.14271804727613543,-0.6944160958130479,0.3523924887559634,1790749969,165170573,0.0820000022649765,0.14078928154724657,-0.6333782759226688,0.4071160191359458,-2.703089991009981
0.14035723098395153,-0.693882434383327,0.3496099891568844,1790749969,215347631,0.08299999684095383,0.14001725859483138,-0.6329145984264414,0.40592878595783954,-2.6930112437097966
0.1399807860963121,-0.692113794288628,0.34193869848456443,1790749969,265186346,0.0860000029206276,0.13990692426779017,-0.6315134051623763,0.40295990696592054,-2.681545227096974
0.1399641789776496,-0.6918511823328822,0.3299581401817599,1790749969,315192783,0.09300000220537186,0.13987998791309478,-0.6296465215910576,0.3990925997808507,-2.6697656318880725
0.1399644221309364,-0.693115367576584,0.3163099939422136,1790749969,365046729,0.10300000011920929,0.1398797258987629,-0.6278169487845486,0.3959661886439776,-2.6601985556457888
0.13996352034344206,-0.6944338924967249,0.30029300664183955,1790749969,415575168,0.11500000208616257,0.13986858776633812,-0.6257410353724188,0.392522518446483,-2.6509214984735587
0.13996002105636635,-0.6967195443354841,0.2821441389231538,1790749969,465605911,0.12999999523162842,0.13985976207286493,-0.6237207263228245,0.3897134713423626,-2.6435705142145607
0.13996416373184534,-0.6965784995892883,0.26496989778430163,1790749969,515251032,0.14300000667572021,0.13985853732823905,-0.6215092533481859,0.38668102718959313,-2.6366009581277616
0.13995056837493836,-0.6927519894255594,0.25336803124918816,1790749969,565211414,0.15000000596046448,0.1398423820375385,-0.6193712983522661,0.3841933508989474,-2.631302058448715
0.1399535560959519,-0.6903949811944575,0.23707550912049816,1790749969,615237573,0.16200000047683716,0.13984775015423204,-0.6170511138117165,0.3815215754461023,-2.6263130565199018
0.13993757497001208,-0.6835854821130283,0.22932619123778922,1790749969,665659651,0.16500000655651093,0.13982527239360096,-0.6148056515344198,0.379307271569136,-2.6227615774500443
0.13992980373115627,-0.6741801996136441,0.2272204546634072,1790749969,715172781,0.16200000047683716,0.1398340037952699,-0.6124366128322045,0.3769926832915156,-2.6195408419369706
0.13991346185007417,-0.6651791252890485,0.22587394774706662,1790749969,765344422,0.1589999943971634,0.13981047396347213,-0.6101510589429433,0.37504800556544815,-2.6174940710798267
0.1399065100619046,-0.6568208674346296,0.22282608486309982,1790749969,815581592,0.15800000727176666,0.1398233829107652,-0.6077164541405201,0.3730018218607798,-2.615676002863567
0.13989139614277155,-0.6469339009914143,0.2271615315177911,1790749969,865150917,0.15000000596046448,0.13980437403691914,-0.6054126550348328,0.37130028532642345,-2.614846919389784
0.13988421808663415,-0.639006968341312,0.2249301884785182,1790749969,915574337,0.14900000393390656,0.1398252976292611,-0.6029288815621731,0.36949633027887474,-2.614183596294649
0.13987459347282358,-0.6314849462312513,0.2243357216711445,1790749969,965084161,0.1469999998807907,0.13979864548403467,-0.6006737247268803,0.3680704176434951,-2.6144207153725723
0.1398632166615759,-0.6233663184926026,0.22683480382610527,1790749970,15399201,0.1420000046491623,0.13980811787930403,-0.5982751640935194,0.36660043713919005,-2.6148251278481616
0.13985614682771041,-0.6169330968037685,0.22596590137531852,1790749970,65353101,0.14100000262260437,0.13979436929227693,-0.5961604772777802,0.36542734838179086,-2.61569005389189
0.13984363995769816,-0.6096360412335662,0.23217098299697905,1790749970,116326894,0.13300000131130219,0.13981157128578325,-0.593945904917003,0.36424224763381946,-2.616661137030092
0.13983705508110192,-0.6040599900283337,0.23591764859194791,1790749970,165328883,0.12800000607967377,0.1398004229910605,-0.5921253728723016,0.3633600478467699,-2.617869366252483
0.13982829206712094,-0.5987344371127257,0.23877571312264856,1790749970,215496386,0.12399999797344208,0.13981082889085147,-0.5902347797222995,0.36248405971533604,-2.6191520772440846
0.13982264084002402,-0.5942036373138798,0.24292328439577426,1790749970,265686241,0.11900000274181366,0.139801358222429,-0.5886158741733512,0.3617920233589146,-2.620531059222224
0.13981539017683609,-0.5899882855458508,0.24516821684982348,1790749970,316074078,0.11599999666213989,0.1398074394107246,-0.5869831996229421,0.36112928195789207,-2.6219326780208307
0.13981225655083207,-0.58663325766515,0.24562948485990205,1790749970,365081641,0.11500000208616257,0.1397971542707559,-0.5856623787594502,0.36062538759512563,-2.6232692612418287
0.13980809624900567,-0.5832312536412944,0.24213822159292292,1790749970,415854442,0.11800000071525574,0.1397971851063213,-0.5843010411502861,0.36013337235952403,-2.6246493715857357
0.1398055081237164,-0.5804542686483724,0.24377932916026007,1790749970,465259905,0.11599999666213989,0.13978983757577193,-0.5831879482306882,0.35974710906481644,-2.6258872483690237
0.1398016595667087,-0.5776579611538936,0.2424629391438591,1790749970,515225027,0.11699999868869781,0.13978995191101776,-0.5820732360229999,0.35937959708410444,-2.627120842339449
0.13979808650617842,-0.5752355165283344,0.24023252197738815,1790749970,565279946,0.11900000274181366,0.13979152366177028,-0.5811340477922015,0.3590862469438776,-2.6281895650595017
0.139792337657987,-0.5730123374815634,0.24103065383567257,1790749970,615575727,0.11800000071525574,0.13979858955344135,-0.5802072489178816,0.3588110994925714,-2.6292321262878255
0.13979112779266106,-0.5714012441201778,0.24288881065409815,1790749970,665205950,0.11599999666213989,0.13979263308186135,-0.5795120887730476,0.358604900383952,-2.6301219025990905
0.13978991108900463,-0.5696473311523994,0.24177397011620683,1790749970,715600667,0.11699999868869781,0.1397874853419172,-0.5788378811544552,0.358412443519843,-2.6309994331078284
0.13978880923591178,-0.568526416500611,0.2436871704738464,1790749970,765300585,0.11500000208616257,0.13978524415702043,-0.5783174665283131,0.3582696115652398,-2.6316779925135942
0.13978733915484054,-0.5668491009686254,0.23863945199472858,1790749970,815303947,0.11999999731779099,0.13978509230505404,-0.5778162724458125,0.3581372364972518,-2.6323255619423724
0.13978554006330826,-0.5659396247308635,0.23859677901605575,1790749970,865311005,0.11999999731779099,0.1397862848774388,-0.5774490704366825,0.3580435538375632,-2.632794701703641
0.13978338909201582,-0.5650957178707804,0.2385610472274132,1790749970,915235683,0.11999999731779099,0.1397883520097644,-0.5771060877624749,0.3579584942131171,-2.6332289645919427
0.13978166862147393,-0.5645385077599196,0.23853947252180746,1790749970,965219157,0.11999999731779099,0.13979016513516904,-0.5768784415990732,0.35790330840573176,-2.633515136835056
0.13977981298762684,-0.5639293439091946,0.23752689953674128,1790749971,15247956,0.12099999934434891,0.1397921228176014,-0.5766717880464961,0.3578540777102872,-2.6337735319469475
0.13977882701914907,-0.5637528141785952,0.23851177476802687,1790749971,65527061,0.11999999731779099,0.1397933277496094,-0.5765558607219288,0.3578268247206959,-2.6339179839863474
0.13977744603527734,-0.5631925970889434,0.23552155169829142,1790749971,115096793,0.12300000339746475,0.13979440509946478,-0.576458332403418,0.3578040967107861,-2.6340392198250027
0.1397773554261289,-0.5634029506213497,0.23850045839574163,1790749971,165561112,0.11999999731779099,0.13979491714727882,-0.5764116229759654,0.3577932640942667,-2.6340972157646063
0.13977663956975922,-0.5630971645147742,0.23650957371955808,1790749971,215384493,0.12200000137090683,0.13979531563566905,-0.5763752395226529,0.3577848503005289,-2.6341423590025785
0.13977672796606022,-0.5631923599360235,0.23750322073245145,1790749971,265204624,0.12099999934434891,0.13979537784821805,-0.5763696320232441,0.35778355575798126,-2.6341493129730225
0.1397761114409258,-0.5627567475618567,0.23352701063682288,1790749971,315443284,0.125,0.13979537784821805,-0.5763696320232441,0.35778355575798126,-2.6341493129730225
0.13977641970291882,-0.5629745533432445,0.23551511198150354,1790749971,365322647,0.12300000339746475,0.13979537784821805,-0.5763696320232441,0.35778355575798126,-2.6341493129730225
0.13977657383448952,-0.563083456639634,0.2365091663569775,1790749971,415258158,0.12200000137090683,0.13979537784821805,-0.5763696320232441,0.35778355575798126,-2.6341493129730225
0.13977657383448952,-0.563083456639634,0.2365091663569775,1790749971,465078586,0.12200000137090683,0.13979537784821805,-0.5763696320232441,0.35778355575798126,-2.6341493129730225
0.1397762655724965,-0.5628656508582461,0.23452106501229683,1790749971,515458645,0.12399999797344208,0.13979537784821805,-0.5763696320232441,0.35778355575798126,-2.6341493129730225
0.1397765738344896,-0.5630834566396339,0.23650916635697755,1790749971,565093099,0.12200000137090683,0.13979537784821813,-0.576369632023244,0.3577835557579813,-2.6341493129730225
0.1397762655724965,-0.5628656508582461,0.23452106501229683,1790749971,615930068,0.12399999797344208,0.13979537784821805,-0.5763696320232441,0.35778355575798126,-2.6341493129730225
0.13977657383448952,-0.563083456639634,0.2365091663569775,1790749971,665402179,0.12200000137090683,0.13979537784821805,-0.5763696320232441,0.35778355575798126,-2.6341493129730225
0.1397761114409258,-0.5627567475618567,0.23352701063682288,1790749971,715794275,0.125,0.13979537784821805,-0.5763696320232441,0.35778355575798126,-2.6341493129730225
0.13977641970291882,-0.5629745533432445,0.23551511198150354,1790749971,765462248,0.12300000339746475,0.13979537784821805,-0.5763696320232441,0.35778355575798126,-2.6341493129730225
0.1397762655724965,-0.5628656508582461,0.23452106501229683,1790749971,816300421,0.12399999797344208,0.13979537784821805,-0.5763696320232441,0.35778355575798126,-2.6341493129730225
0.13977657383448952,-0.563083456639634,0.2365091663569775,1790749971,866111181,0.12200000137090683,0.13979537784821805,-0.5763696320232441,0.35778355575798126,-2.6341493129730225
0.13977657383448952,-0.563083456639634,0.2365091663569775,1790749971,915398032,0.12200000137090683,0.13979537784821805,-0.5763696320232441,0.35778355575798126,-2.6341493129730225
0.13977641970291882,-0.5629745533432445,0.23551511198150354,1790749971,966379464,0.12300000339746475,0.13979537784821805,-0.5763696320232441,0.35778355575798126,-2.6341493129730225
0.13977641970291882,-0.5629745533432445,0.23551511198150354,1790749972,18802171,0.12300000339746475,0.13979537784821805,-0.5763696320232441,0.35778355575798126,-2.6341493129730225
0.13977657383448952,-0.563083456639634,0.2365091663569775,1790749972,67479251,0.12200000137090683,0.13979537784821805,-0.5763696320232441,0.35778355575798126,-2.6341493129730225
0.1397762655724965,-0.5628656508582461,0.23452106501229683,1790749972,116331730,0.12399999797344208,0.13979537784821805,-0.5763696320232441,0.35778355575798126,-2.6341493129730225
0.13977641970291882,-0.5629745533432445,0.23551511198150354,1790749972,166283232,0.12300000339746475,0.13979537784821805,-0.5763696320232441,0.35778355575798126,-2.6341493129730225
0.13977657383448952,-0.563083456639634,0.2365091663569775,1790749972,216032622,0.12200000137090683,0.13979537784821805,-0.5763696320232441,0.35778355575798126,-2.6341493129730225
0.1397762655724965,-0.5628656508582461,0.23452106501229683,1790749972,265294704,0.12399999797344208,0.13979537784821805,-0.5763696320232441,0.35778355575798126,-2.6341493129730225
0.13977641970291882,-0.5629745533432445,0.23551511198150354,1790749972,316060349,0.12300000339746475,0.13979537784821805,-0.5763696320232441,0.35778355575798126,-2.6341493129730225
0.13980664960554356,-0.5633011481554352,0.23849689988342945,1790749972,366260694,0.11999999731779099,0.1398065556345515,-0.5763695972989753,0.35778317316432173,-2.6339954446225207
0.1398409031781592,-0.5630832083515812,0.23650836987911286,1790749972,415328350,0.12200000137090683,0.13981928487407544,-0.5763695580266557,0.35778273971652674,-2.6338202202600685
0.14003634946597926,-0.5631913478406204,0.23750009621486967,1790749972,465487936,0.12099999934434891,0.139892354492455,-0.5763693166765946,0.35778027015944847,-2.6328142445759077
0.140270773281176,-0.5627548424056156,0.23352147346714497,1790749972,515473355,0.125,0.139976398080438,-0.57636905015224,0.35777752640088717,-2.6316571727179237
0.1408054764235327,-0.5627529726937215,0.23351695242484335,1790749972,565503626,0.125,0.14017207622619807,-0.576368495226367,0.3577715955990646,-2.6289633364113922
0.14136924186838892,-0.5630779303427556,0.2364957400859175,1790749972,615251155,0.12200000137090683,0.1403872276559084,-0.5763679653262818,0.3577657320572391,-2.6260013939505438
0.14242248630611085,-0.5629662297596536,0.23550018444688173,1790749972,665769724,0.12300000339746475,0.14077364594679115,-0.5763672059426793,0.3577568652401529,-2.62068148577819
0.1435432442764003,-0.5628550989161727,0.23451088333703152,1790749972,715072622,0.12399999797344208,0.14118095677920048,-0.5763666927973388,0.3577499028316082,-2.6150735184001843
0.14518634890617274,-0.5629622686157723,0.23552364890994076,1790749972,765259615,0.12300000339746475,0.1417954678316907,-0.5763664890010974,0.3577440630688557,-2.6066114772256976
0.14695117597082916,-0.5629622890302024,0.23555954744231122,1790749972,815460674,0.12300000339746475,0.14244793193108315,-0.5763670136451546,0.35774397765701627,-2.597624542828488
0.14920541805991552,-0.563183334309434,0.23761841923465132,1790749972,865159758,0.12099999934434891,0.1433173089351303,-0.5763688947849154,0.35775363891320555,-2.5856449588247705
0.15178070744850333,-0.5629724771929332,0.2357411744146477,1790749972,915232687,0.12300000339746475,0.1442333942763829,-0.5763723458394061,0.3577759334790862,-2.5730135632319766
0.15502925434515397,-0.5627690947887026,0.23393981666313626,1790749972,965278300,0.125,0.14537721750966887,-0.5763787801954037,0.3578212706748529,-2.5572269739781346
0.15807871060952638,-0.5630082165536717,0.23616224922022425,1790749973,15238589,0.12300000339746475,0.14656155743636626,-0.5763879382236322,0.3578887420909083,-2.5408591706710233
0.16201481720738187,-0.5629337729944395,0.23553250904376086,1790749973,65116526,0.12399999797344208,0.1479746138758388,-0.576402204630678,0.3579966815069043,-2.5212946806924394
0.16615144949947963,-0.5628713071932904,0.2350055451746177,1790749973,115611151,0.125,0.14944655286050182,-0.5764209591456678,0.3581410532957543,-2.5008646869857953
0.17037797353633582,-0.5631521929852259,0.2375920361439292,1790749973,165335921,0.12300000339746475,0.15110719555380062,-0.5764469378775726,0.3583433827615616,-2.47774171926885
0.17465798127945054,-0.5634478528424899,0.24029882470143377,1790749973,215704823,0.12099999934434891,0.15282191459762973,-0.5764791859973283,0.35859662852469637,-2.4537689906104627
0.18061192594310416,-0.5631247931887394,0.23737681744331202,1790749973,265536148,0.125,0.15473503463836874,-0.5765217621175351,0.35893300905823466,-2.4268870073252526
0.18566832564749097,-0.5633591371324554,0.2394965989481287,1790749973,315165010,0.12399999797344208,0.15666890934774433,-0.5765720032774101,0.35933170866111364,-2.3995444311708023
0.19143579433554989,-0.563520611854308,0.2409339060560206,1790749973,365245179,0.12399999797344208,0.15878727479947966,-0.5766355366839011,0.35983753264592155,-2.3693670924126518
0.19724997965323293,-0.5637073921547135,0.2425779752683843,1790749973,415355766,0.12399999797344208,0.160921949347653,-0.5767087828262771,0.3604220992293858,-2.3386828224784444
0.20377837246654149,-0.5638303000415752,0.24361424889525884,1790749973,465192925,0.125,0.16319857946460156,-0.576797419540008,0.36113077629388934,-2.3056087535873186
0.20973575041070847,-0.5641933041653416,0.24679726062858331,1790749973,515540326,0.12399999797344208,0.1655026305386537,-0.5768985853600707,0.36194067743371783,-2.2717163829976124
0.216204156670465,-0.5644928170925384,0.2493706207178791,1790749973,565403717,0.12399999797344208,0.16787348296346338,-0.5770152358618502,0.3628753981706673,-2.2363364945137376
0.22309165445802198,-0.5647273157667215,0.25132128361317824,1790749973,615559849,0.125,0.1702411621662062,-0.5771450508425101,0.36391624495737096,-2.200419265731025
0.22962332681465228,-0.5651012887862121,0.2544997682715696,1790749973,665121109,0.125,0.17261911664306087,-0.5772895667579387,0.3650753799714239,-2.163674103692494
0.23617500685177473,-0.5655155606059586,0.25800491443958123,1790749973,715519530,0.125,0.17500194885957102,-0.5774494718691114,0.3663582195938112,-2.126080108818371
0.2432002995367854,-0.5658747942938184,0.2609705844001526,1790749973,765169910,0.12600000202655792,0.17736426435355213,-0.5776239502359255,0.3677581038801589,-2.0879341157766524
0.24692479146378787,-0.566825234725324,0.26927197759176213,1790749973,815522997,0.12099999934434891,0.17971119613776784,-0.5778142421440476,0.3692848475667493,-2.0490442471670773
0.2559969506755025,-0.5668968458211742,0.2695404806682302,1790749973,865024600,0.12600000202655792,0.1819799791309516,-0.5780156355313927,0.370900536654036,-2.010366235859652
0.2610004477017889,-0.567636813483261,0.27585251739110483,1790749973,915475215,0.12399999797344208,0.18422590233334635,-0.5782334905220761,0.3726480705772799,-1.9708634509800707
0.2656082897373646,-0.5683889495296864,0.2822517220358094,1790749973,965126697,0.12200000137090683,0.18636905580097565,-0.5784603158727185,0.37446729403783047,-1.9318594032732528
0.27266867472765616,-0.568846747061466,0.2859145578924272,1790749974,15246959,0.12399999797344208,0.18845500252761146,-0.5787008745608382,0.3763963410491664,-1.8924632163881405
0.27528844748827075,-0.5697919880620788,0.29403250027944494,1790749974,65384990,0.11999999731779099,0.19042304452992137,-0.578947939101332,0.37837721734906127,-1.8537736397334343
0.2818991079621269,-0.5703022251298627,0.29811141780980954,1790749974,115879698,0.12200000137090683,0.19231444559157976,-0.5792062538316372,0.3804479642235032,-1.8149486641696289
0.28659956174854817,-0.5709517946709218,0.3034779959092684,1790749974,165049011,0.12200000137090683,0.19402037369852235,-0.5794593035908252,0.3824762020058437,-1.7782943306039687
0.2903697144414795,-0.5716989398654939,0.30971407813128754,1790749974,215152208,0.12099999934434891,0.19566737787033797,-0.5797244380629755,0.3846010507499004,-1.741151699598099
0.2928866707784141,-0.5724925361980279,0.3163972142813205,1790749974,265486916,0.11900000274181366,0.19716236218687,-0.5799856781003765,0.3866945131032081,-1.7056518769445763
0.29752713431234024,-0.5731007712766885,0.3213312164515242,1790749974,315445094,0.11999999731779099,0.19855420719976233,-0.5802495592782876,0.38880901935845336,-1.6707598806471848
0.29927047267541773,-0.5738613340746413,0.3277298841367799,1790749974,365278568,0.11800000071525574,0.19979307961586876,-0.5805042423282533,0.3908497717223139,-1.637895829393143
0.30332497807809233,-0.574460296858081,0.3325792546516436,1790749974,415355450,0.11900000274181366,0.2009538492081585,-0.5807630399809968,0.3929235009024139,-1.6052236167019573
0.3052478018066461,-0.5751260875340397,0.3381183309112052,1790749974,465314888,0.11800000071525574,0.20195990894499558,-0.5810062672736974,0.39487249237298583,-1.5751094928388476
0.31050794847759977,-0.5756013332190478,0.3418037414251894,1790749974,515364816,0.12099999934434891,0.20289151880161393,-0.5812504331313999,0.39682911353030376,-1.5453952993931486
0.31186538938753505,-0.5762221801020844,0.34696920175555807,1790749974,565361957,0.11999999731779099,0.2036854010019683,-0.5814759269400374,0.39863628618395586,-1.5183671596317343
0.3112079496543618,-0.576917087139282,0.3528819666391012,1790749974,615437238,0.11699999868869781,0.20441562193138868,-0.5817006359515992,0.40043736689422027,-1.4917897139707892
0.3156577382584099,-0.5772999925115239,0.35580791447515814,1790749974,665252619,0.11999999731779099,0.20501189235068007,-0.5818991273722908,0.40202851700438985,-1.468582089995499
0.31817111846587404,-0.5777652646628227,0.3595513850680607,1790749974,715423001,0.12099999934434891,0.20555904351019402,-0.5820958271337651,0.40360551817942736,-1.4458111642537508
0.31945606759441314,-0.5782000578150828,0.3631153051770432,1790749974,765280605,0.12099999934434891,0.2059972602566436,-0.5822656325024406,0.40496706716247033,-1.426321183228737
0.31969585220438784,-0.578658619842209,0.36694384926554424,1790749974,815487951,0.11999999731779099,0.2063976271844129,-0.582432421329573,0.40630461635571835,-1.407316666860146
0.31872335257051837,-0.5790730867365117,0.37048041348933314,1790749974,865448564,0.11800000071525574,0.20670979187455468,-0.582571804660155,0.4074225488080012,-1.3915332517361072
0.3186051203701263,-0.5794405633932765,0.3735610799537945,1790749974,915292232,0.11699999868869781,0.2069922158216686,-0.5827064170134021,0.40850236544165375,-1.3763691728177396
0.3211532945569686,-0.5796587147520226,0.37520855274557807,1790749974,965748061,0.11900000274181366,0.2072055460831373,-0.5828144685058179,0.4093692390463761,-1.364250093475571
0.32172920901116764,-0.5799170125613446,0.3773248028547362,1790749975,15613961,0.11900000274181366,0.20739587888879996,-0.5829163297392134,0.410186549189158,-1.352866001008903
0.32310243285849327,-0.5800844517478613,0.3786270883415223,1790749975,65390999,0.11999999731779099,0.20753039882988714,-0.5829919118458665,0.4107930794274356,-1.3444434095574873
0.32251311685832207,-0.5802895976061474,0.3803773906780714,1790749975,115331705,0.11900000274181366,0.2076521705476236,-0.5830632517019149,0.41136562244626906,-1.3365118941939598
0.3217862364475686,-0.5804317300351252,0.381611255305857,1790749975,165189947,0.11800000071525574,0.20772981175528732,-0.5831103449887384,0.41174358308093273,-1.3312852720390445
0.31619427085777296,-0.5806741574298834,0.3840132952102806,1790749975,215939018,0.1120000034570694,0.2077994899110275,-0.5831537775968757,0.4120921791218264,-1.32647128780511
0.3221168834509234,-0.5806013579724733,0.38300095661780287,1790749975,265367231,0.11800000071525574,0.20783689681342832,-0.5831775714847836,0.41228316874177484,-1.3238364635910087
0.3212483579737426,-0.5806756614888652,0.3836789909455832,1790749975,315418261,0.11699999868869781,0.2078693068512372,-0.583198473628036,0.41245095435835777,-1.3215232874858436
0.3212907017831988,-0.580698065564842,0.38386254597321523,1790749975,365339837,0.11699999868869781,0.20788301191954714,-0.5832073979007094,0.4125226022218213,-1.320536041240513
0.3213229050039973,-0.5807151752933427,0.38400272726212437,1790749975,416022500,0.11699999868869781,0.20789342450986484,-0.5832142130445944,0.41257732189274576,-1.3197822693186494
0.32132935491639764,-0.5807186225097235,0.3840309252367876,1790749975,465159989,0.11699999868869781,0.2078955003626479,-0.5832155868074281,0.41258833239377635,-1.3196306858426754
0.3213315593114399,-0.5807198125087694,0.3840406201677844,1790749975,515744670,0.11699999868869781,0.20789620222599442,-0.583216061617901,0.4125921209416127,-1.3195785922053689
0.32133188481134134,-0.580719988248501,0.38404205192091073,1790749975,565331624,0.11699999868869781,0.20789630585928162,-0.5832161317381683,0.4125926804366774,-1.3195708990097046
0.3223014216498642,-0.5806986536452855,0.38379802895770343,1790749975,615088320,0.11800000071525574,0.2078963058592815,-0.5832161317381683,0.41259268043667746,-1.3195708990097046
0.32133188481134134,-0.580719988248501,0.38404205192091073,1790749975,665123638,0.11699999868869781,0.20789630585928162,-0.5832161317381683,0.4125926804366774,-1.3195708990097046
0.32327095848838727,-0.5806773190420699,0.38355400599449607,1790749975,715339122,0.11900000274181366,0.20789630585928162,-0.5832161317381683,0.4125926804366774,-1.3195708990097046
0.3232709584883872,-0.5806773190420698,0.3835540059944962,1790749975,765066679,0.11900000274181366,0.2078963058592816,-0.5832161317381682,0.4125926804366775,-1.3195708990097046
0.3242404881033125,-0.5806559845978092,0.3833099848493978,1790749975,815930880,0.11999999731779099,0.20789630585928162,-0.5832161317381683,0.4125926804366774,-1.3195708990097046
0.32133188481134123,-0.5807199882485011,0.3840420519209108,1790749975,869056543,0.11699999868869781,0.2078963058592815,-0.5832161317381683,0.41259268043667746,-1.3195708990097046
0.3223014216498643,-0.5806986536452855,0.3837980289577034,1790749975,915994857,0.11800000071525574,0.20789630585928162,-0.5832161317381683,0.4125926804366774,-1.3195708990097046
0.3238189096230351,-0.5803665610366658,0.3816866550125102,1790749975,967650468,0.11999999731779099,0.2077320309952329,-0.5830412104166729,0.4119634153645986,-1.3283581482938054
0.31949095646175674,-0.5801497962948765,0.38099450954204545,1790749976,15432545,0.11599999666213989,0.20754961955975212,-0.5828537721194307,0.4112901335321302,-1.3377817336272306
0.3187783069376978,-0.5790904366338353,0.3749802787984534,1790749976,65233426,0.11699999868869781,0.20688484305279606,-0.5822201774239246,0.409025207283917,-1.3696636566323384
0.31949016792388285,-0.5778291888151589,0.3675449370683019,1790749976,115375290,0.11999999731779099,0.20604200154304692,-0.5815037051594023,0.40648092082024906,-1.4058431138243328
0.3140290350842391,-0.5761777769747898,0.35876851375600777,1790749976,165079708,0.11800000071525574,0.20463089662407533,-0.5804556321822348,0.4027883663804239,-1.4591521077645069
0.31327028946063296,-0.5741953011985842,0.34718955321709183,1790749976,215306230,0.12200000137090683,0.20289865412664854,-0.5793411885018961,0.39891597095565984,-1.516292177243016
0.30559356682004996,-0.5725261585439709,0.33877743947445627,1790749976,265244222,0.11900000274181366,0.20094465818437776,-0.5782358034149915,0.3951423800790663,-1.5735042366031904
0.30092247356314183,-0.5707017755944875,0.32883729874290696,1790749976,315252567,0.11999999731779099,0.19876870786454945,-0.5771392817236625,0.3914724807471429,-1.630871180500625
0.29486145763429455,-0.5689652764575173,0.3197238952410362,1790749976,365143977,0.11999999731779099,0.19639346151690887,-0.5760603367607231,0.38794202491482777,-1.6880727083312075
0.28825542011803723,-0.5672569653747234,0.3109172488913264,1790749976,415298740,0.11999999731779099,0.19380331416036123,-0.5749906333545495,0.38453103439382313,-1.7455697223038373
0.28200377263382137,-0.5655421761325572,0.3019456589707247,1790749976,465205566,0.12099999934434891,0.191058301655395,-0.5739515766898168,0.3813131783480632,-1.8023321976505604
0.27441699318013235,-0.5639170065588945,0.2939023335002674,1790749976,515743746,0.12099999934434891,0.18809832456978468,-0.5729182100648396,0.37821760866505577,-1.8597268459237375
0.2699051962400192,-0.561973995014445,0.2827596739027406,1790749976,565187709,0.12600000202655792,0.18502480694540885,-0.5719230509044636,0.3753465861030364,-1.916061642494325
0.25921166591851974,-0.560649731344493,0.2776257389683643,1790749976,616337281,0.12300000339746475,0.18167468720192143,-0.5709128813525457,0.37255563688883153,-1.9743745656671794
0.25162990749200825,-0.5590221766020653,0.2694159057417076,1790749976,665733105,0.125,0.1782936306003692,-0.5699598972313226,0.37004968118071796,-2.030627214249481
0.24401520327342993,-0.5573363389038426,0.26071322508276984,1790749976,715316485,0.12800000607967377,0.17476020839001954,-0.5690244053775864,0.36772320752459936,-2.087083458769795
0.2332488920671999,-0.556152870906321,0.25664426188701633,1790749976,765238895,0.12600000202655792,0.17107526807348364,-0.5681059855523464,0.3655826116103326,-2.143921977450782
0.22410229154210123,-0.5546453978009083,0.24964656698028198,1790749976,815352935,0.12800000607967377,0.16725576537999778,-0.5672072302718992,0.3636407527296813,-2.2009777288784202
0.21250814463446227,-0.5536961112228888,0.24769305264183264,1790749976,865729967,0.125,0.16333152221251818,-0.5663340183607009,0.3619162688036339,-2.2580196249182327
0.20181050897580596,-0.5526367548808767,0.2446321904705978,1790749976,915418199,0.12399999797344208,0.15937040342140124,-0.5654977706493031,0.36043128896168675,-2.314225029328166
0.1914734579730001,-0.5514239030331844,0.2402435438041029,1790749976,965771370,0.125,0.15528634712176986,-0.5646787904781633,0.35915443887710163,-2.3710413565816806
0.18083117299782403,-0.5504013420770991,0.23743433070944275,1790749977,15137620,0.125,0.1512153987888825,-0.5639011330408611,0.35812261333016665,-2.426718986272327
0.169964307095883,-0.5494385807373329,0.2351923821871814,1790749977,65237965,0.125,0.147059519740263,-0.5631442495728485,0.3573092334320649,-2.482826752143126
0.15869855496463492,-0.5487624102494895,0.23551277576927926,1790749977,115534858,0.12300000339746475,0.1428486408520673,-0.5624114114372811,0.3567212153474548,-2.5390788933045796
0.147951305433687,-0.5477182810032624,0.2325032045437752,1790749977,165357295,0.125,0.13863990166952403,-0.5617113276749873,0.3563680195833322,-2.5949231729591666
0.13677463926042638,-0.547069342193805,0.2330542679767108,1790749977,215638984,0.12399999797344208,0.13437189476274886,-0.5610310572574899,0.35624232270919287,-2.6513048291818238
0.12595716716596544,-0.5466187059542503,0.23520183351535603,1790749977,264995215,0.12200000137090683,0.13018762153542582,-0.5603920129957891,0.3563480245552261,-2.7065406456679977
0.1149714790196538,-0.5461044405540082,0.2369595643664144,1790749977,315824452,0.12099999934434891,0.12588699333230186,-0.5597610971095377,0.35668987431484445,-2.763404690530568
0.10362466247678409,-0.5451081211098848,0.2343719244057227,1790749977,365556435,0.125,0.12168550195002542,-0.5591695024523861,0.35725839083820893,-2.8192564624930765
0.09325578797424716,-0.5449638162224684,0.23926970023106212,1790749977,415554605,0.12200000137090683,0.11749112509603045,-0.5586008737354811,0.3580580811084929,-2.875445098169678
0.08373207293699711,-0.5449999850492886,0.24561275214604056,1790749977,465147420,0.11800000071525574,0.11340366660395176,-0.5580677123684982,0.3590712520513992,-2.930831279220443
0.07314783189197906,-0.5445398553017745,0.24769913763007917,1790749977,515314682,0.11900000274181366,0.10933041216660046,-0.5575548623400269,0.3603154380888337,-2.98679597665864
0.06345098786004269,-0.5443671648175019,0.25219603146582736,1790749977,565199295,0.11800000071525574,0.10536873051105307,-0.5570738500369681,0.36176538471105474,-3.042202596232476
0.05407435470553094,-0.5442528815143163,0.25717911667883897,1790749977,615043474,0.11699999868869781,0.10149293268183011,-0.5566183735595731,0.36342210591737467,-3.097519161024967
0.044440207260560964,-0.5440913148860717,0.2618218459037119,1790749977,665682793,0.11699999868869781,0.09765701053310208,-0.5561825893662546,0.36531470857574266,-3.153629550139737
0.036189995073779846,-0.544192591863049,0.2686320003889065,1790749977,715714953,0.11500000208616257,0.093971174693962,-0.5557761597943429,0.3673850090291436,-3.2090510615352543
0.028195826369374836,-0.5443413280584,0.2759652228776857,1790749977,767304194,0.11299999803304672,0.09031303805661159,-0.5553851226115313,0.3697121490648403,-3.2658671745510035
0.018930294007780346,-0.5441545463923597,0.2800247116260557,1790749977,815334290,0.11500000208616257,0.08702722035230796,-0.55504271220815,0.3720532775575817,-3.3187126323251386
0.01195437585945093,-0.5444005250031299,0.2880090683871753,1790749977,865585645,0.11299999803304672,0.08371026000387237,-0.5547059470618049,0.3746917709426074,-3.3742081810615807
0.005563556374066428,-0.5446822294418115,0.29622795440981053,1790749977,915390045,0.11100000143051147,0.08056247343301033,-0.5543928559687055,0.3774798250960562,-3.4292484050496217
-0.002516850309932553,-0.5447496699493077,0.3026971256129536,1790749977,965735809,0.1120000034570694,0.07753691475192519,-0.5540981003824793,0.3804660289242424,-3.4848732118829315
-0.006444855189382842,-0.545266152139338,0.312824740768499,1790749978,15556634,0.1080000028014183,0.07470319228690125,-0.5538256516211555,0.3835759242533982,-3.539914693239253
-0.012762335330573318,-0.545490806919695,0.32044712352206806,1790749978,65134533,0.1080000028014183,0.07206649993387798,-0.5535752652473938,0.3868000499558784,-3.5943844579484083
-0.019533982386947674,-0.5456872196382855,0.3278894390617488,1790749978,115191508,0.10899999737739563,0.0695808047979552,-0.5533397674037761,0.39018705254700686,-3.6493250683779466
-0.022510034288062197,-0.5461926017411044,0.33779449178875454,1790749978,165291326,0.10599999874830246,0.06729067703834306,-0.553122619736541,0.39368551817488096,-3.7039878614794697
-0.02750098435841515,-0.5465222082775023,0.34626950068315204,1790749978,215506691,0.10599999874830246,0.06518463768443183,-0.5529201143702517,0.3973032346127696,-3.75871502757685
-0.02932809461758884,-0.5470507109802062,0.3562877825081929,1790749978,265248396,0.10300000011920929,0.063275935032091,-0.5527334163657185,0.40102256289996185,-3.8133590758305935
-0.03336490959026562,-0.5474319582607463,0.36519909760962876,1790749978,315564483,0.10300000011920929,0.061543850370091864,-0.5525572626357772,0.4048861050857241,-3.8687142628527624
-0.034321611400165465,-0.5478397908228078,0.3730338449337901,1790749978,365158197,0.10100000351667404,0.060328467652775934,-0.5524259452916468,0.40798138322803995,-3.9122013081360345
-0.03674570746055327,-0.5481521858772358,0.3799803555739093,1790749978,415482701,0.10100000351667404,0.059275416477958316,-0.5523047426250863,0.4110238853411417,-3.9543196589519436
-0.03398355215949769,-0.5484632390374381,0.384510510982311,1790749978,465147730,0.09700000286102295,0.05881270791643996,-0.5522485310303801,0.41250204962322123,-3.974586856286133
-0.03863318624416464,-0.5484363049852459,0.3861390806873544,1790749978,515624049,0.10100000351667404,0.05845483001021224,-0.552203396022893,0.41372035758441084,-3.991204758396245
-0.03587812517865503,-0.5485687369092292,0.38740926734501663,1790749978,565247605,0.09799999743700027,0.058397878070103645,-0.5521960453873599,0.41392110134978866,-3.9939361544466245
-0.035889721286351525,-0.5485705886047444,0.38745011145263475,1790749978,616250742,0.09799999743700027,0.05839275183933104,-0.5521953703331648,0.4139392736964339,-3.9941835571141064
-0.035891273048395705,-0.5485708365428503,0.3874555799469256,1790749978,665067610,0.09799999743700027,0.058392065857853614,-0.5521952799689741,0.4139417067342123,-3.9942166805267334
-0.03685334991005591,-0.5485338523503396,0.3871853127922761,1790749978,715443383,0.0989999994635582,0.058392065857853614,-0.5521952799689741,0.4139417067342123,-3.9942166805267334
-0.03877750363337629,-0.5484598839653181,0.3866447784829772,1790749978,765335283,0.10100000351667404,0.05839206585785363,-0.5521952799689742,0.4139417067342124,-3.9942166805267334
-0.03685334991005591,-0.5485338523503396,0.3871853127922761,1790749978,815605018,0.0989999994635582,0.058392065857853614,-0.5521952799689741,0.4139417067342123,-3.9942166805267334
-0.03781542677171611,-0.5484968681578287,0.3869150456376266,1790749978,865185815,0.10000000149011612,0.058392065857853614,-0.5521952799689741,0.4139417067342123,-3.9942166805267334
-0.03492920335475218,-0.548607820459808,0.38772584508793195,1790749978,915596051,0.09700000286102295,0.058392065857853614,-0.5521952799689741,0.4139417067342123,-3.9942166805267334
-0.03685334991005591,-0.5485338523503396,0.3871853127922761,1790749978,969314698,0.0989999994635582,0.058392065857853614,-0.5521952799689741,0.4139417067342123,-3.9942166805267334
-0.0387775036333763,-0.548459883965318,0.3866447784829771,1790749979,19366553,0.10100000351667404,0.058392065857853614,-0.5521952799689741,0.4139417067342123,-3.9942166805267334
-0.03747957376790481,-0.5482864322466356,0.3857684629390854,1790749979,65436382,0.10000000149011612,0.0585395902517499,-0.5520574892728439,0.4134469666539713,-3.9875571927762925
-0.03707176543103409,-0.5480377174005294,0.3844139703912641,1790749979,115432996,0.10000000149011612,0.058718664843002186,-0.5518945503402889,0.41286249593500723,-3.9796734059398826
-0.037539734739602565,-0.5471324837201499,0.3793244682382271,1790749979,165250488,0.10199999809265137,0.05934693797609594,-0.55135484502032,0.4109337062238671,-3.953521412026767
-0.03481202633954996,-0.5462452268733257,0.37458808257752507,1790749979,215348824,0.10100000351667404,0.0601219715711386,-0.5507461732202622,0.40876816790573267,-3.9238893495313483
-0.03191327776264425,-0.544892687740126,0.3672553972265966,1790749979,265258456,0.10100000351667404,0.06138432139037856,-0.5498574479046884,0.4056208746660658,-3.8802379415383434
-0.030268049685598195,-0.543361623600646,0.35873408589059735,1790749979,315398811,0.10300000011920929,0.0628869539478109,-0.5489182808173468,0.4023261595186406,-3.83367350000952
-0.027265266078234804,-0.5418849722110531,0.3506395508712907,1790749979,365245804,0.10400000214576721,0.06455803549389785,-0.5479838087492482,0.3990883478387401,-3.786860644018255
-0.022094179792578147,-0.5405383192815651,0.34360642033206057,1790749979,415405798,0.10300000011920929,0.06640095994310735,-0.5470522777968556,0.3959053554280994,-3.7396564370838865
-0.01996215396119448,-0.5389641135222702,0.33470800833236036,1790749979,465212494,0.10599999874830246,0.06839256586372021,-0.5461375470346885,0.3928284442473109,-3.692644946619228
-0.014855573209878625,-0.5375976283188703,0.3275067230161016,1790749979,515400849,0.10599999874830246,0.07055108141106917,-0.5452280501501386,0.3898242947256537,-3.645247096807096
-0.009442495962224448,-0.5362744791822764,0.3206144638198288,1790749979,565294583,0.10599999874830246,0.07283981420724975,-0.5443403115914055,0.3869512071478096,-3.5982158516349285
-0.0058903141588565605,-0.5347344193030465,0.3119517280022547,1790749979,615572105,0.10899999737739563,0.07528543884737861,-0.5434603364960936,0.38416914225451826,-3.550838829350099
0.0009532087712925685,-0.5335589872808004,0.3062343417517884,1790749979,665245755,0.1080000028014183,0.07783602217086918,-0.5426071756417117,0.38154147219942736,-3.5040414157802076
0.006110316545821545,-0.5321446552618837,0.29858938727705975,1790749979,715748612,0.10999999940395355,0.080557955157358,-0.5417555503468234,0.37899572825650074,-3.4564642703944735
0.012189953815602145,-0.530875653678556,0.29203784756290946,1790749979,765228288,0.11100000143051147,0.08333833430695195,-0.5409408818400346,0.3766404447635217,-3.4099899633723227
0.017475940720294167,-0.5294410534986692,0.28411609739580757,1790749979,815193522,0.11400000005960464,0.08625756621223736,-0.5401352218485597,0.3743974507949461,-3.363084777125979
0.024358447591387153,-0.5282296439371814,0.27803329681630834,1790749979,865308951,0.11500000208616257,0.08927393079062076,-0.5393511380156455,0.3723057365338106,-3.3163634557108366
0.031541982281538615,-0.5270589454981586,0.2722726423556978,1790749979,915322981,0.11599999666213989,0.09237895489170692,-0.5385871717287378,0.37036424234888116,-3.269797584924149
0.039612471623871645,-0.5260195643118135,0.26765710974496804,1790749979,965812032,0.11599999666213989,0.09561392153825363,-0.5378342452193546,0.3685543354162243,-3.222710531180438
0.04820771793847438,-0.5251455289825117,0.2643870308060941,1790749980,15488135,0.11500000208616257,0.09888175605378183,-0.5371115582639391,0.3669246165205129,-3.176367189758202
0.05574262505267067,-0.5240021628929454,0.2588023349727072,1790749980,65433647,0.11699999868869781,0.10223784486457092,-0.536406721107887,0.36544810921290155,-3.1298859628111257
0.0629003793413046,-0.5226847105677451,0.2516916691022281,1790749980,115287992,0.12099999934434891,0.10565489936487413,-0.5357224576355615,0.3641330672182347,-3.0835097148471253
0.07280917381217845,-0.5221623104027431,0.25145566791288804,1790749980,165251299,0.11800000071525574,0.10916529363745107,-0.5350530650677394,0.36297275702580223,-3.0367301181373585
0.08113015726351053,-0.5210241249578232,0.24594688155467037,1790749980,215810221,0.12099999934434891,0.1127767488683778,-0.5343951131576162,0.36196718044968346,-2.9893341590268676
0.09058995940498997,-0.5205169701059338,0.24573633456039706,1790749980,265102480,0.11900000274181366,0.11630391202279236,-0.5337817920723188,0.36116526417304307,-2.9436521010183285
0.09946991825467352,-0.5195987602731234,0.24203464758500454,1790749980,315525614,0.12099999934434891,0.1199414252577394,-0.5331755937715436,0.36051497014749606,-2.8970163535848754
0.10873424176742007,-0.5189646792237266,0.24073288589349273,1790749980,365159671,0.12099999934434891,0.12356104034346233,-0.5325986413428161,0.36004458256340494,-2.8510000753860476
0.11806103615561442,-0.518262449485513,0.23886826104555786,1790749980,415219424,0.12200000137090683,0.12723367906371946,-0.532036576060398,0.35974065819925344,-2.8045681093453236
0.12749518020070605,-0.5177286155063154,0.23843957362856616,1790749980,465271667,0.12200000137090683,0.13090111040311328,-0.5314987984140889,0.35961210367000773,-2.7583788606473947
0.1369088932523305,-0.5170235460621222,0.23646471388225754,1790749980,515000780,0.12399999797344208,0.1345450453185325,-0.5309848238364757,0.3596535706967717,-2.7125329756845273
0.14665733110878398,-0.5163656270421844,0.2349473106685388,1790749980,565442766,0.12600000202655792,0.13824564058545066,-0.5304839051166947,0.35987096014069864,-2.665942681420789
0.15614176157769885,-0.5160991494510584,0.23685288658086814,1790749980,615447630,0.125,0.1419028203747941,-0.5300071191237099,0.36025799560397476,-2.619739566629452
0.16592399000166946,-0.5155539663035397,0.236248097703673,1790749980,665283901,0.12700000405311584,0.1455262307203177,-0.5295532085092106,0.36081516262638214,-2.573725982226469
0.175284768598831,-0.5153881556716321,0.23905339073554632,1790749980,715589302,0.12600000202655792,0.14915411881974758,-0.529114772739267,0.36154734828731294,-2.5272851479012015
0.18463970296266782,-0.5151658750513218,0.24130793815828622,1790749980,765505731,0.12600000202655792,0.15271937240960207,-0.5287002726532616,0.36244386631186176,-2.4811978548895612
0.19415557832853933,-0.5148871397308407,0.24304195606865425,1790749980,815301779,0.12700000405311584,0.15623144154162677,-0.5283056889443953,0.3635023371715812,-2.435220472305677
0.2036151189913658,-0.514662187950481,0.24523121733830927,1790749980,865363180,0.12800000607967377,0.15968883227941644,-0.5279313763164192,0.3647235247568431,-2.389299031891211
0.21145190691327995,-0.5148945812597413,0.2515392136126998,1790749980,915450090,0.125,0.163083906016037,-0.5275755520915237,0.3661024252819254,-2.343410583768502
0.22053890040671073,-0.5147642760501816,0.25454281027081993,1790749980,965404287,0.12600000202655792,0.16639965463113243,-0.5272400868726952,0.3676325831146319,-2.2977145626535123
0.23054956596429504,-0.5144911382704592,0.2562798656702706,1790749981,15892690,0.1289999932050705,0.16967468117178186,-0.5269186799065836,0.3693320786397162,-2.251543043115863
0.2383437346126042,-0.5146528248450682,0.26185055332031376,1790749981,65265246,0.12800000607967377,0.17279452421770974,-0.5266225734076786,0.3711392887524262,-2.2064593177369893
0.24544626475298656,-0.5149428657497264,0.26868580771368933,1790749981,115684380,0.12600000202655792,0.17589124994238767,-0.5263366720980737,0.373128526953885,-2.160431357469639
0.25440252232587585,-0.5149121092283003,0.2725096376060938,1790749981,165203103,0.12800000607967377,0.17885502583739127,-0.5260713867369234,0.3752327988512798,-2.1150063528483862
0.2639889370490396,-0.5148533663106822,0.2761179139917669,1790749981,215438902,0.13099999725818634,0.18176198430455912,-0.5258174800614229,0.37750586068003267,-2.0688828229365086
0.26945889540230883,-0.5153348128726447,0.28466976423536783,1790749981,265374572,0.12800000607967377,0.18453751221055129,-0.5255816352497996,0.3798924656482464,-2.0231571999956013
0.27648143293887056,-0.5156002872775032,0.29120424091202585,1790749981,315113388,0.12800000607967377,0.18718768796240468,-0.525360851501967,0.38239283696709464,-1.9776339071961373
0.2817744219354134,-0.5160480831511026,0.2994613929325112,1790749981,365308549,0.12600000202655792,0.18973722353553615,-0.5251531083866645,0.3850315579250716,-1.9318133606166674
0.2873652958009622,-0.5164438082012315,0.307232708751873,1790749981,415469256,0.125,0.19215822250989703,-0.5249584511541259,0.38778153897760914,-1.886047473656641
0.2940689870732487,-0.5167309108901618,0.3139127392670852,1790749981,465067720,0.12600000202655792,0.19442356406372685,-0.524779039160811,0.390607053367188,-1.8408328605097102
0.29730969632141196,-0.5173000296940268,0.323358742122136,1790749981,515600281,0.12300000339746475,0.19659499663238214,-0.5246077274379349,0.39358799283726575,-1.7947738432696696
0.3024411242052337,-0.5176959866376006,0.33104910773829543,1790749981,565411996,0.12300000339746475,0.19858084108923724,-0.5244517411378709,0.396596054333644,-1.749778222597165
0.3054887497532329,-0.5182175838521398,0.3399753248877333,1790749981,615446073,0.12099999934434891,0.20043177395172773,-0.5243049242706501,0.3996994905445557,-1.7046547105172845
0.3151974410261029,-0.5183781476697348,0.345322767135252,1790749981,665296751,0.12700000405311584,0.20213921702977897,-0.5241675909390985,0.40288422440415117,-1.6595481246193664
0.3157566650015893,-0.5190351019667407,0.3556754978058061,1790749981,716294776,0.12300000339746475,0.2037334542013945,-0.5240353278488402,0.40622051555156863,-1.6133754325987841
0.315255014404396,-0.5196035147387739,0.3646351783383337,1790749981,766223000,0.11900000274181366,0.20497340675054554,-0.5239294127833153,0.409135226337657,-1.5738085256203316
0.3200322027912746,-0.5199661372160652,0.3715467393583247,1790749981,818338901,0.12099999934434891,0.2061152443948973,-0.5238267927509952,0.4121548884160089,-1.5334641902475765
0.32228568636183685,-0.520347597477646,0.3782085981132875,1790749981,871495204,0.12099999934434891,0.20699475866976824,-0.5237414216380673,0.4147802236008535,-1.4988524597756807
0.32423644433511034,-0.5207229333951604,0.38471607170837224,1790749981,924462219,0.12099999934434891,0.20775556589630328,-0.5236616236685177,0.4173438037615439,-1.465411810205284
0.325959926475925,-0.5208601719178002,0.3872298619085286,1790749981,979033583,0.12200000137090683,0.208050631463438,-0.5236281061926776,0.4184346215456344,-1.4512793696276765
0.3285097495006461,-0.5209546225484486,0.38909994887630206,1790749982,29343929,0.12399999797344208,0.20828740387093975,-0.523600100448488,0.41935864275732515,-1.4393482208251953
0.3256011456460498,-0.5210186260178287,0.3898320137282762,1790749982,75473333,0.12099999934434891,0.20828740387093975,-0.523600100448488,0.41935864275732515,-1.4393482208251953
0.3246316086199847,-0.5210399605606068,0.3900760359516354,1790749982,122784204,0.11999999731779099,0.20828740387093975,-0.523600100448488,0.41935864275732515,-1.4393482208251953
0.3256011456460498,-0.5210186260178287,0.3898320137282762,1790749982,168986450,0.12099999934434891,0.20828740387093975,-0.523600100448488,0.41935864275732515,-1.4393482208251953
0.3246316086199847,-0.5210399605606068,0.3900760359516354,1790749982,221841724,0.11999999731779099,0.20828740387093975,-0.523600100448488,0.41935864275732515,-1.4393482208251953
0.3246316086199847,-0.5210399605606068,0.3900760359516354,1790749982,270644324,0.11999999731779099,0.20828740387093975,-0.523600100448488,0.41935864275732515,-1.4393482208251953
0.3246316086199847,-0.5210399605606068,0.3900760359516354,1790749982,320746660,0.11999999731779099,0.20828740387093975,-0.523600100448488,0.41935864275732515,-1.4393482208251953
0.326570682672115,-0.5209972914750505,0.38958799150491696,1790749982,369615816,0.12200000137090683,0.20828740387093975,-0.523600100448488,0.41935864275732515,-1.4393482208251953
0.3246316086199847,-0.5210399605606068,0.3900760359516354,1790749982,421020732,0.11999999731779099,0.20828740387093975,-0.523600100448488,0.41935864275732515,-1.4393482208251953
0.3246316086199848,-0.5210399605606068,0.39007603595163537,1790749982,471171430,0.11999999731779099,0.20828740387093986,-0.523600100448488,0.4193586427573251,-1.4393482208251953
0.3256011456460498,-0.5210186260178287,0.3898320137282762,1790749982,523503488,0.12099999934434891,0.20828740387093975,-0.523600100448488,0.41935864275732515,-1.4393482208251953
0.3254226676053553,-0.5208940320377444,0.389137604885281,1790749982,567802004,0.12099999934434891,0.20821825269936817,-0.5235246312148735,0.419090983924163,-1.4431051477585324
0.3261629973792054,-0.5207158489410149,0.3880169839200357,1790749982,617612822,0.12200000137090683,0.2081302207364159,-0.5234301620627343,0.41875615236636643,-1.4478097452509333
0.3262255272671038,-0.5200996128461327,0.3844557339656507,1790749982,666409032,0.12300000339746475,0.20778281161514808,-0.5230719596492145,0.41749342606495626,-1.4656078029625577
0.3240228145371131,-0.5193666924876426,0.380524936201378,1790749982,723499481,0.12200000137090683,0.20730400324936823,-0.5226134753630635,0.4158827900253438,-1.488434074725086
0.3217149385411068,-0.5180991751988046,0.3735006622777658,1790749982,769367837,0.12200000137090683,0.20641152482660297,-0.5218462601996322,0.4131879710083892,-1.5269583798385218
0.31714470579701637,-0.5168496878459446,0.36695550349757106,1790749982,815606380,0.11999999731779099,0.20536328657439887,-0.521045815433016,0.41039864088565925,-1.5673597991099282
0.312186146094706,-0.5155615109185775,0.3603070493261862,1790749982,865558910,0.11800000071525574,0.20413897119799096,-0.5202086862227818,0.4075109890699302,-1.6098479208909064
0.31059582566677096,-0.5141357968811148,0.352227185389833,1790749982,915521579,0.11999999731779099,0.20279823980758058,-0.5193810653715902,0.40468828524165795,-1.6521342344830994
0.3068581541413472,-0.5127989043511196,0.3450670068309185,1790749982,965991001,0.11999999731779099,0.2013338550358756,-0.5185564999832557,0.4019130422872774,-1.6945829166536974
0.3044372520705503,-0.5113421025040025,0.336877357019868,1790749983,17746298,0.12200000137090683,0.19971183487037497,-0.517718893635771,0.39913427520260725,-1.738062914468154
0.3023956013284854,-0.5098143210990778,0.32808634687329097,1790749983,69497234,0.125,0.19794729283977625,-0.5168790991667702,0.39639183541339074,-1.7821192021400294
0.29551248420597165,-0.5087745390127243,0.32343389302642644,1790749983,116178371,0.12200000137090683,0.1962487265334968,-0.5161275158831872,0.3939792010091966,-1.821935510327302
0.2907304945342976,-0.5075445160910598,0.3171112793584432,1790749983,165312157,0.12200000137090683,0.19439327424996314,-0.5153590473535035,0.3915563827806104,-1.8631051054709435
0.28710712186593185,-0.5061732576969624,0.3095667682802591,1790749983,215692504,0.12399999797344208,0.19239390508237267,-0.5145823181681831,0.38915755773428773,-1.9051863132289322
0.2823532848100714,-0.5048767918749079,0.30275708257214096,1790749983,265679433,0.125,0.1902845116968994,-0.5138117844724645,0.38683149559249375,-1.947483630546883
0.27872183157636504,-0.5034513623173194,0.2947298894120017,1790749983,315396685,0.12800000607967377,0.18808337434619965,-0.513053271528342,0.38459909975033324,-1.9896635004817198
0.2699694027787274,-0.5025907957569609,0.29193072881106796,1790749983,365357345,0.12399999797344208,0.18580869076210582,-0.5123117983686472,0.3824761657943446,-2.031504501089964
0.2664432337973865,-0.5011354019359479,0.2835635680657851,1790749983,415207134,0.12800000607967377,0.1834566491045354,-0.5115842559681503,0.3804555169925483,-2.07315170581627
0.25993033152237954,-0.5000139705447196,0.2783340026801069,1790749983,465361258,0.12800000607967377,0.18100268038628764,-0.5108627724758946,0.378517489039856,-2.115127303343882
0.2526335457159045,-0.4990117935013112,0.27418949583588087,1790749983,515400946,0.12700000405311584,0.17847269467381693,-0.5101541096501322,0.3766834858696602,-2.1570213263470457
0.24573643840446263,-0.49795366945490355,0.2695269055582561,1790749983,565437634,0.12700000405311584,0.17586112263339015,-0.5094563513437895,0.3749504778025481,-2.1990191605920226
0.24023569790354488,-0.4966525713404533,0.26261621163634513,1790749983,615180173,0.12999999523162842,0.17319179090868833,-0.5087744798501156,0.37333284376165776,-2.2407896998317867
0.23282059914567083,-0.4956454720033453,0.2584436329340402,1790749983,665639381,0.12999999523162842,0.1704245835093128,-0.5080982168947461,0.3718088177907698,-2.283042969036092
0.22541786243247414,-0.49454172040861255,0.25356055092653035,1790749983,717835357,0.13099999725818634,0.16749628551183565,-0.5074127612098057,0.37035278747231026,-2.326727253441498
0.2177297233914653,-0.4937631406852345,0.2511288975772217,1790749983,765315978,0.12999999523162842,0.1647921266200578,-0.5068054142874083,0.3691437640457193,-2.366272230541141
0.20958682318189742,-0.49297504425422406,0.24885276723128114,1790749983,815386833,0.1289999932050705,0.16189054454134466,-0.5061782186110567,0.3679818545175273,-2.407947853810478
0.20180309813780514,-0.4921312548908112,0.24601150918029785,1790749983,865263910,0.1289999932050705,0.1589714672537897,-0.5055713532389912,0.366948738349462,-2.4492086725682967
0.19419201294191574,-0.49121570052818,0.24253047366109226,1790749983,915256746,0.12999999523162842,0.15600637106049814,-0.5049772812715987,0.36603138219932896,-2.4905173538808754
0.18602804762370262,-0.49043015436663,0.24027702694311492,1790749983,965522102,0.12999999523162842,0.15295937960834707,-0.5043891700677106,0.365223446806073,-2.5324444194452163
0.17783863851553897,-0.4896876467971643,0.23837011870192892,1790749984,15310298,0.12999999523162842,0.1499022874066773,-0.5038197375282847,0.3645439791426446,-2.5740493640705884
0.16883149545408788,-0.48941963673032624,0.24070235569600226,1790749984,65607015,0.12600000202655792,0.14680160481644572,-0.5032625103432202,0.36398682057022547,-2.6158756402122996
0.1610162407591435,-0.48854212808004366,0.23752978871234193,1790749984,115201202,0.12800000607967377,0.14372398359913274,-0.5027278000176686,0.3635605234971025,-2.6570814580663034
0.1529863310518181,-0.48758033821864827,0.2336656956795082,1790749984,165328344,0.13099999725818634,0.14059082741958087,-0.5022017848266308,0.3632556801321577,-2.698803962189483
0.1442321717635654,-0.4875497702220282,0.238057158264289,1790749984,215533014,0.12600000202655792,0.1374387355809398,-0.5016895494852198,0.3630768222292566,-2.7406049142125166
0.136021360040059,-0.4868928040196858,0.2368465851476991,1790749984,265457220,0.12700000405311584,0.13430877034585634,-0.5011974386499906,0.36302679553793515,-2.7820240753369867
0.1277986350647958,-0.48649989189647613,0.23795227699314936,1790749984,315291075,0.12600000202655792,0.13118396955197967,-0.500721116139664,0.36310137528046205,-2.8233415856944974
0.11948103401814879,-0.485808284182831,0.23641047969626106,1790749984,365337605,0.12800000607967377,0.12806955047864224,-0.5002611588946964,0.36330158795041523,-2.864569296982576
0.11140165433333424,-0.4856030728880675,0.23916613513735552,1790749984,415760776,0.12600000202655792,0.12494309655104754,-0.4998129577701929,0.3636278120704327,-2.9060583429192803
0.1036215758052041,-0.4854408568159072,0.24221966631388725,1790749984,465473186,0.12399999797344208,0.12187017602380992,-0.4993857057792849,0.3640742077756798,-2.9470177773855584
0.09544408642770977,-0.4849756953131912,0.24264604940377274,1790749984,515440170,0.125,0.11879838994259112,-0.49897056219642366,0.36464490271090594,-2.988196383205644
0.08815151607738815,-0.4849949110698564,0.24727976197458879,1790749984,565452599,0.12200000137090683,0.11574979909057756,-0.49857054404313994,0.36533922706993754,-3.0293823912625837
0.0798718172469523,-0.4844945254984511,0.2473727570242743,1790749984,615270665,0.12399999797344208,0.11274088606438978,-0.4981863564459486,0.36615052252688574,-3.070403066234847
0.07204964321167517,-0.4842515616132668,0.24973866377404846,1790749984,665277780,0.12399999797344208,0.10973447962525276,-0.4978132890715882,0.36709253950996845,-3.111849864873748
0.06396897809462862,-0.48393633667878777,0.25148910631484556,1790749984,715326245,0.125,0.10675978107958131,-0.4974537470705144,0.3681562687737166,-3.153383161853245
0.05709777493713649,-0.4839819889913746,0.2563230206754735,1790749984,765540323,0.12300000339746475,0.1038412482222032,-0.49711050473329255,0.36933492542642804,-3.1947408241225386
0.050061276447471485,-0.48395124303776604,0.26050315930704043,1790749984,815973310,0.12200000137090683,0.10096165882294465,-0.4967801645718598,0.37063294719752876,-3.2362203657883297
0.042936292428972435,-0.48385143282162685,0.26398242766073576,1790749984,865354736,0.12200000137090683,0.0981958362316329,-0.4964709673735865,0.3720154341953824,-3.2768054279277
0.035846059376217584,-0.4837834261107385,0.26779918805520153,1790749984,915506341,0.12200000137090683,0.09544301384827164,-0.49617022545564654,0.37352889321957894,-3.3180186242280536
0.02950244579702445,-0.4838492906752026,0.2727041304037659,1790749984,965400168,0.12099999934434891,0.09277757909699165,-0.49588602584672775,0.37513642196074704,-3.358833442802978
0.022830436601305168,-0.4838452213695335,0.277012335317373,1790749985,15370670,0.12099999934434891,0.09017414359264586,-0.49561425446730956,0.37684877570834624,-3.399676907647745
0.01634391020359273,-0.48387323240198,0.281576626806507,1790749985,65177895,0.12099999934434891,0.08764365516286064,-0.49535594933462845,0.3786616072201655,-3.440458002556224
0.009913007035105989,-0.4839328943824482,0.2864968920310648,1790749985,116011337,0.12099999934434891,0.0851344016219026,-0.49510465073796245,0.3806134872610396,-3.482092758695958
0.005806970465462358,-0.48429047846688794,0.2937914548076272,1790749985,165374365,0.11800000071525574,0.0827693848738119,-0.49487249664115424,0.3826104157821698,-3.5226123186161953
-0.00016467545779269566,-0.484403093198326,0.2991705559783486,1790749985,216464344,0.11800000071525574,0.08040365447672196,-0.49464396815352435,0.38477352824284144,-3.564564707758134
-0.004469248419160382,-0.48471251667738835,0.30616593353390775,1790749985,267540426,0.11599999666213989,0.07813467163060575,-0.4944284504400449,0.38702502238078984,-3.6063790644707665
-0.008831550151444836,-0.4849452646569626,0.3122306986844392,1790749985,315386605,0.11500000208616257,0.0760931015841466,-0.4942368132151648,0.38921427571744327,-3.6455304249890257
-0.013166425833501721,-0.485204849490598,0.31870717835631834,1790749985,365714183,0.11400000005960464,0.07404186457081686,-0.49404656731963104,0.39159433857111653,-3.6866073954843666
-0.01717129504847152,-0.48548015340770895,0.3252650834064555,1790749985,415613778,0.11299999803304672,0.07210281428684301,-0.4938679518744963,0.39403119275354187,-3.727315753848002
-0.02165106820374442,-0.48569881550723176,0.3312979134332576,1790749985,465206613,0.11299999803304672,0.07028225645149339,-0.49370130982969934,0.39651465559293675,-3.767550333090715
-0.025096324172103418,-0.4860084050626753,0.33810811607540364,1790749985,515348292,0.1120000034570694,0.06854198665574385,-0.49354197398349436,0.39909264574487224,-3.8081892029944115
-0.02911377758024153,-0.48626912968526703,0.34452245902153633,1790749985,565302360,0.1120000034570694,0.06690089955755009,-0.4933914456972327,0.40174531427304305,-3.848925620808211
-0.032895661491604083,-0.48655105325351405,0.3511307733800245,1790749985,615503808,0.1120000034570694,0.0653556902835431,-0.4932482571582972,0.40447700200583836,-3.889912241487144
-0.03636608078186748,-0.4868471149253165,0.3577974034282757,1790749985,665292273,0.1120000034570694,0.06393799738455365,-0.4931140273299714,0.40723239595867283,-3.9303683528338347
-0.040500482289832926,-0.4871096563482069,0.36422689249650964,1790749985,715401332,0.11299999803304672,0.06262144916158313,-0.49298606430371555,0.41005630050859776,-3.971049791027471
-0.0396895163191758,-0.4876304805541837,0.3725403027945423,1790749985,765491150,0.10899999737739563,0.06144199546982718,-0.4928692744502878,0.4128636433066719,-4.010815237678645
-0.04225600551021092,-0.4879558892889363,0.379302900550952,1790749985,815559940,0.10899999737739563,0.06037530968996855,-0.49275925263270054,0.4156998821447798,-4.050396505477292
-0.04293197398401538,-0.4882300181005108,0.3843578626702036,1790749985,865618286,0.1080000028014183,0.05969901558217204,-0.49268579381035976,0.41768992904171753,-4.0778567446333325
-0.04237950249093897,-0.4885217553386958,0.3892642530407539,1790749985,915415825,0.10599999874830246,0.05912893234184788,-0.49262093391951434,0.41951708972428736,-4.102869035008642
-0.0438048458579521,-0.4885610889942365,0.39055821336495106,1790749985,965415134,0.10700000077486038,0.05893215080951308,-0.4925974878516579,0.4201861928072482,-4.111984629734947
-0.043145970889080856,-0.48865016282131535,0.39188085751560153,1790749986,15540304,0.10599999874830246,0.05880468218495627,-0.4925818948095247,0.4206316063056824,-4.118040490745806
-0.045116330775836315,-0.4885841759694332,0.39150278056512594,1790749986,65337278,0.1080000028014183,0.05878511068105249,-0.4925794819632896,0.42070087293950076,-4.11898136138916
-0.04704042822511493,-0.4885101889490024,0.39096207608332484,1790749986,116497656,0.10999999940395355,0.05878511068105249,-0.4925794819632896,0.42070087293950076,-4.11898136138916
-0.045116330775836315,-0.4885841759694332,0.39150278056512594,1790749986,165631471,0.1080000028014183,0.05878511068105249,-0.4925794819632896,0.42070087293950076,-4.11898136138916
-0.04319222615872396,-0.48865816326548767,0.39204348706121167,1790749986,215974910,0.10599999874830246,0.05878511068105249,-0.4925794819632896,0.42070087293950076,-4.11898136138916
-0.04319222615872396,-0.48865816326548767,0.39204348706121167,1790749986,265354299,0.10599999874830246,0.05878511068105249,-0.4925794819632896,0.42070087293950076,-4.11898136138916
-0.04319222615872396,-0.48865816326548767,0.39204348706121167,1790749986,316327918,0.10599999874830246,0.05878511068105249,-0.4925794819632896,0.42070087293950076,-4.11898136138916
-0.04704042822511493,-0.4885101889490024,0.39096207608332484,1790749986,371204904,0.10999999940395355,0.05878511068105249,-0.4925794819632896,0.42070087293950076,-4.11898136138916
-0.04607837591655874,-0.4885471825970296,0.3912324293313677,1790749986,415981718,0.10899999737739563,0.05878511068105249,-0.4925794819632896,0.42070087293950076,-4.11898136138916
-0.04003938775492023,-0.4886037989208436,0.39194126394403367,1790749986,465505581,0.10300000011920929,0.05890030825686621,-0.4924727570699644,0.42031321735744465,-4.113751622371726
-0.0445046000097906,-0.4882131470777107,0.3894321714112172,1790749986,515802149,0.1080000028014183,0.05904222390191118,-0.4923439922345889,0.4198458522340851,-4.107436052911836
-0.04336620454475282,-0.4875611448508492,0.38579933051881005,1790749986,565931255,0.1080000028014183,0.05952039459582645,-0.4919295246601162,0.4183456909948157,-4.087083036842791
-0.04013490285913967,-0.48693328831718447,0.38247551223133847,1790749986,615104671,0.10599999874830246,0.0600829682078327,-0.49147514859388486,0.4167063398384933,-4.064689244426109
-0.0426728686363753,-0.4856598624637895,0.374939245588796,1790749986,665367842,0.11100000143051147,0.060986447677935846,-0.49080618187320196,0.41429990939619943,-4.031496921947246
-0.03737497111862877,-0.4847001850307553,0.3699173612786023,1790749986,715587401,0.1080000028014183,0.06203228778656355,-0.49010303801810784,0.4117862836633435,-3.996366616045338
-0.03734668718345582,-0.4834406605146322,0.36259819522052744,1790749986,765452867,0.11100000143051147,0.06318156840631607,-0.48939733603961766,0.4092842548351606,-3.9608645432391465
-0.0334381658935122,-0.48239984288977106,0.3569872002919751,1790749986,815252313,0.10999999940395355,0.06442446733473474,-0.4886960035540305,0.4068195517054217,-3.9252992829482682
-0.031953243509949825,-0.48119653755071634,0.3500866732907021,1790749986,865288150,0.1120000034570694,0.06576135260477493,-0.4879997398005439,0.4043966624240808,-3.8896572390791087
-0.028463791217026566,-0.48012112173192556,0.344201955260955,1790749986,915443468,0.1120000034570694,0.0671898427739007,-0.4873086939858633,0.40201823224077876,-3.8539472246974524
-0.023874240247803852,-0.479116513869849,0.3389209417836073,1790749986,965888232,0.11100000143051147,0.06872753714218618,-0.4866160833332174,0.3996635759020944,-3.817759818839637
-0.020792218454966954,-0.4780083719634716,0.3327608796534639,1790749987,15594725,0.1120000034570694,0.07033058702372051,-0.4859399923161583,0.39739619890430145,-3.782052850735796
-0.019078070505402195,-0.4767721531464113,0.3255166028803085,1790749987,65398968,0.11500000208616257,0.07200521141332095,-0.4852768767957833,0.3952052383266968,-3.746603367705893
-0.013939331314692965,-0.47584075639161166,0.3207714274412881,1790749987,115458378,0.11400000005960464,0.07376573101123424,-0.4846192876397364,0.3930677582273023,-3.7110302960897013
-0.008675890950278195,-0.4749406384934317,0.31626892975273413,1790749987,165527030,0.11299999803304672,0.07559588001771328,-0.48397359538913565,0.3910062956623466,-3.6756307694587442
-0.006186802752777526,-0.47374041740405376,0.30925951140591224,1790749987,215374088,0.11599999666213989,0.0774903016007666,-0.48333968190116067,0.3890216299443333,-3.6404215303191516
-0.0019147842543957572,-0.4727047582843999,0.3036358395857445,1790749987,265371711,0.11699999868869781,0.07948183061177017,-0.48270721201226646,0.3870836777896563,-3.604775699286763
0.0032688548759851194,-0.4717719256083987,0.29887195642718206,1790749987,315390835,0.11699999868869781,0.0815487418780339,-0.48208237694307543,0.3852140294702648,-3.5690483530811044
0.008119191773878695,-0.47074975752727205,0.2934267610756638,1790749987,366615861,0.11800000071525574,0.0837386571558133,-0.48145218653350796,0.3833776067499387,-3.5324296519080143
0.011088262732810036,-0.46951067733428437,0.28599584251072346,1790749987,415421924,0.12200000137090683,0.08588926232340356,-0.48086103266534663,0.3817036281324164,-3.497535024035167
0.01746299921316985,-0.4687389088515073,0.28254621499939603,1790749987,465527390,0.12099999934434891,0.08814062511935142,-0.48026931675284495,0.3800794028444935,-3.4620076428773205
0.022291191099640575,-0.4677009048395907,0.27685263083507083,1790749987,515905590,0.12300000339746475,0.09045987460475101,-0.47968525616013935,0.3785305868942978,-3.4263399782747705
0.028923805791737353,-0.4669840387884522,0.2738581258124486,1790749987,565508749,0.12200000137090683,0.09282303824435988,-0.47911498568175986,0.3770750263372112,-3.390862673234488
0.0356764701568559,-0.4662914321607836,0.2710959820372751,1790749987,615379288,0.12099999934434891,0.09525642991187551,-0.47855096601023495,0.37569489248435783,-3.3551261684481433
0.04017748996504285,-0.46511644426803606,0.2641975607395174,1790749987,665257541,0.125,0.09773473367696574,-0.4779993381152729,0.37440733681408866,-3.3194688061767663
0.04686508180338127,-0.46436402934623217,0.26094817385154095,1790749987,715868991,0.125,0.10029566259828283,-0.4774508703360536,0.37319302954135253,-3.283304394120591
0.05423343153274116,-0.46387693548950704,0.2598668627363495,1790749987,765268843,0.12300000339746475,0.10281519439733887,-0.4769316395937721,0.37210940303856477,-3.24832725248379
0.059490975038955174,-0.4627688065838123,0.25348244640925954,1790749987,815417735,0.12700000405311584,0.10540785966658998,-0.47641622611522366,0.37110212450658114,-3.212875056579784
0.06712856900564082,-0.46232735642125644,0.2528563994143562,1790749987,865672165,0.125,0.10805604144497036,-0.4759087140098809,0.3701828189701316,-3.1771662016925566
0.07383058547872849,-0.4615909992500867,0.2496808848166288,1790749987,915833669,0.12600000202655792,0.11073454882622719,-0.4754129846435082,0.3693598333402648,-3.1414905998277454
0.08086458305397523,-0.46099942108567915,0.2477187765204583,1790749987,965298800,0.12600000202655792,0.11341522670682014,-0.4749339430894294,0.36864141792811655,-3.106175675874329
0.08738937027191412,-0.460095801437728,0.2430826334321068,1790749988,15372507,0.1289999932050705,0.11615633345961875,-0.4744601585784195,0.3680111142513345,-3.070402453828704
0.09493855096389026,-0.4596669703157973,0.24256691550859655,1790749988,65639168,0.12800000607967377,0.11892113933291139,-0.47399826125529443,0.3674806902154963,-3.0346156005453846
0.10224899581596793,-0.4591617652448498,0.2413578857821547,1790749988,115489615,0.12800000607967377,0.12167956018170553,-0.4735520246790795,0.3670534511702821,-2.9991482935689935
0.10982533936044556,-0.4589131888207199,0.2423865649131996,1790749988,165306664,0.12600000202655792,0.12445114309032868,-0.4731180298314951,0.36672605529258845,-2.96370498964753
0.11676313325711044,-0.457903043529439,0.23675727648731268,1790749988,215363371,0.13099999725818634,0.12724713519004857,-0.47269355905655913,0.366496729374848,-2.928091257100104
0.12442590661911572,-0.45782738327641453,0.23931177763912534,1790749988,265301003,0.12800000607967377,0.13004834715413172,-0.4722815547930884,0.36636872016724265,-2.892511299036925
0.13189147433758708,-0.45755502688290917,0.2401552276088169,1790749988,315387303,0.12700000405311584,0.1328624224426145,-0.4718798945034521,0.36634102893734477,-2.8568158243874575
0.13926991862681798,-0.4570915029729484,0.23927826103106045,1790749988,365449732,0.12800000607967377,0.13564979497986604,-0.4714939718219289,0.3664138781972639,-2.8214651195152536
0.1467244536984185,-0.4566580379389008,0.2386672278692562,1790749988,415679662,0.1289999932050705,0.13843832707860226,-0.47111883701325974,0.36658604447838383,-2.7860550222821865
0.1543479929030096,-0.4560360528749714,0.23633969424384738,1790749988,464991903,0.13199999928474426,0.14118908614355993,-0.47075940496811486,0.3668543136824755,-2.7510403929533314
0.1615754736181419,-0.4561048276273137,0.24023500693834893,1790749988,515789104,0.1289999932050705,0.14401530055299835,-0.47040027663481665,0.36723216716842777,-2.7149254403379888
0.16921351626793124,-0.4556560077621784,0.23944526853224188,1790749988,565052983,0.13099999725818634,0.1467550479694715,-0.47006192494626003,0.36769925885385835,-2.6797367625886603
0.1767122733440517,-0.4554536202312529,0.24092349419388512,1790749988,615487118,0.13099999725818634,0.14954381469656394,-0.46972667753929076,0.3682779364856483,-2.643682778848393
0.18326687167556283,-0.4556089860673598,0.24552577589461083,1790749988,665124231,0.12800000607967377,0.1522522420208921,-0.46940994326548735,0.368942257306923,-2.6083943969407413
0.19187440691616214,-0.4549313439671558,0.24272305019153123,1790749988,715570606,0.13300000131130219,0.15497672728035114,-0.46909946750728077,0.3697144903032616,-2.5725665227580463
0.19872197027981703,-0.4549301369180679,0.24589885908107495,1790749988,765240367,0.13199999928474426,0.1576143358275638,-0.4688067133689025,0.37056482407118985,-2.537515691990883
0.20545814694886308,-0.45495350268682827,0.24931740986867984,1790749988,815250287,0.13099999725818634,0.16023541216859338,-0.46852282201130335,0.37151306082937746,-2.5022664409684046
0.21248252740765516,-0.4548993666826866,0.2520689029628136,1790749988,865300605,0.13099999725818634,0.1628482697388803,-0.46824681471622237,0.37256490031669487,-2.466656267843286
0.21818061291687696,-0.45517312812307453,0.25779356448361973,1790749988,915353386,0.12800000607967377,0.16542731177701997,-0.467980704174501,0.373711883876764,-2.430973897250786
0.22578578354689982,-0.454972210028433,0.25921794324945646,1790749988,965412538,0.12999999523162842,0.16796181065379762,-0.4677252689359734,0.3749492977199801,-2.39532549265486
0.2329163984524903,-0.45490195466075684,0.2618177538570082,1790749989,15437569,0.13099999725818634,0.17044840021748495,-0.46748007771595174,0.3762753411920755,-2.359708615474737
0.24046078582182184,-0.4547682572652775,0.26381642077341483,1790749989,65295942,0.13300000131130219,0.17287677233748136,-0.4672457907899209,0.37768350393310707,-2.3242356375188997
0.24641055101132883,-0.4549441666155096,0.26865644172694997,1790749989,115450445,0.13199999928474426,0.1752671998571713,-0.467019716817664,0.37918609605122605,-2.2885566727525197
0.25328076303166963,-0.45496238901571207,0.27204588307895067,1790749989,165370004,0.13300000131130219,0.17760006345948096,-0.4668034149632653,0.3807713270448406,-2.252919205406319
0.25947145009853084,-0.4550969221811415,0.27650907647059647,1790749989,215390905,0.13300000131130219,0.1798807574997892,-0.4665956520906491,0.3824434958579098,-2.217186462030535
0.2635789029382281,-0.45550585787868014,0.2834855186414911,1790749989,265265389,0.12999999523162842,0.1820872531649468,-0.4663980854825012,0.38418541514232585,-2.181670101949437
0.2693282192501908,-0.455678432838424,0.2882938340463364,1790749989,315307411,0.12999999523162842,0.1842360445911443,-0.4662084909218961,0.3860099455570614,-2.1460554066408446
0.2742131898654829,-0.4559509916541915,0.29402688804483845,1790749989,365262368,0.1289999932050705,0.1863168983466438,-0.4660274312646118,0.3879082256414079,-2.1104718048738045
0.2803348060603932,-0.4560908473192397,0.2985585492858251,1790749989,415758280,0.12999999523162842,0.18835026047251632,-0.46585243996127584,0.38990160289312553,-2.074496933013324
0.28396747733442573,-0.45646651702620267,0.30520563964377695,1790749989,465087873,0.12800000607967377,0.1902557525136083,-0.4656899541709824,0.39190651850172287,-2.0395505388129482
0.2889294041775638,-0.45671598888789244,0.3107405058969963,1790749989,515535767,0.12800000607967377,0.19212848354277437,-0.46553121370293615,0.39402240748500017,-2.003848074421026
0.2944252877303662,-0.456915851197515,0.31577336779016457,1790749989,565290482,0.1289999932050705,0.19390913379620137,-0.4653808290461873,0.3961838471769522,-1.968460941852974
0.2965816016666909,-0.45739054588687894,0.32344358225683495,1790749989,615307161,0.12600000202655792,0.19562201158675896,-0.46523613235263706,0.39842096854492204,-1.9328546827756397
0.30337023175216105,-0.4575113087368486,0.327759330937426,1790749989,665557638,0.1289999932050705,0.19726952287351804,-0.4650964810585297,0.40073948565915896,-1.8969076314164912
0.30580127750844177,-0.4579418989018675,0.33501802972487704,1790749989,715219362,0.12700000405311584,0.19881565051783429,-0.4649643047519298,0.4030897746929256,-1.86134978522126
0.30881677582635947,-0.45832336811873503,0.3418317009484623,1790749989,765314180,0.12600000202655792,0.20028671513566845,-0.4648369209318003,0.4055090129749521,-1.8255590371925765
0.3124230238979481,-0.45866116957321273,0.34820432667601087,1790749989,815123154,0.12600000202655792,0.20166152984022834,-0.4647155423432402,0.4079641502630652,-1.789987161898328
0.31313508467399026,-0.4591472322673083,0.3560770939943231,1790749989,865394696,0.12300000339746475,0.20295792824157421,-0.4645981311341448,0.41048557437915634,-1.7541417458371429
0.3144426493929664,-0.45958385759095116,0.36350113831500674,1790749989,915973887,0.12099999934434891,0.20416929145470242,-0.4644845995552732,0.4130669440539542,-1.7180879186792686
0.31908056025267645,-0.459859181210583,0.3692199879579592,1790749989,965625722,0.12300000339746475,0.2052585293773507,-0.46437763277987876,0.4156218167862355,-1.6829695463616998
0.3254152543226996,-0.46009314257611805,0.3744786056557395,1790749990,15362492,0.12700000405311584,0.2062569832355172,-0.46427416322172954,0.4182144779731629,-1.6478384378841078
0.3248164908585169,-0.4605468187644073,0.3818459436749085,1790749990,66187637,0.12399999797344208,0.20710930070020617,-0.46418090055223127,0.42067647717637263,-1.6148916979136643
0.32579664418360077,-0.46092191457260984,0.38831565454731665,1790749990,116124696,0.12300000339746475,0.2078546204096,-0.46409337239896864,0.4230808917696486,-1.5830577629510696
0.32872584370956653,-0.46107183123751005,0.3912883059921208,1790749990,165186038,0.125,0.20824125481973713,-0.46404468451494113,0.42444891490449843,-1.5650810140542908
0.3295799997498868,-0.4612542810180731,0.39448442588332566,1790749990,215741053,0.125,0.20856761325207998,-0.4640013775534592,0.425684678682473,-1.5489187908143132
0.3297745134276481,-0.4612976294332028,0.3952430640685569,1790749990,265603185,0.125,0.20864190409618186,-0.46399117068529394,0.4259779919531911,-1.5450926996685441
0.3288927825753176,-0.4613387672174646,0.3958336507623457,1790749990,317327445,0.12399999797344208,0.2086754161556832,-0.4639865035621309,0.4261119235134476,-1.54334695107679
0.3279329011325497,-0.46136227335259844,0.3961159122793344,1790749990,365375829,0.12300000339746475,0.20867912142630682,-0.463985985837728,0.42612679354507876,-1.543153166770935
0.32987198363388315,-0.4613196114346201,0.3956279313125645,1790749990,415325554,0.125,0.20867912142630685,-0.4639859858377281,0.42612679354507865,-1.543153166770935
0.32987198363388315,-0.4613196114346201,0.3956279313125645,1790749990,465113677,0.125,0.20867912142630685,-0.4639859858377281,0.42612679354507865,-1.543153166770935
0.32987198363388315,-0.4613196114346201,0.3956279313125645,1790749990,515283996,0.125,0.20867912142630685,-0.4639859858377281,0.42612679354507865,-1.543153166770935
0.3289024387713877,-0.46134094247307345,0.3958719227048863,1790749990,565799270,0.12399999797344208,0.20867912142630685,-0.4639859858377281,0.42612679354507865,-1.543153166770935
0.32793290113254975,-0.46136227335259855,0.3961159122793343,1790749990,616318877,0.12300000339746475,0.20867912142630685,-0.4639859858377281,0.42612679354507865,-1.543153166770935
0.3289024387713877,-0.46134094247307345,0.3958719227048863,1790749990,665467071,0.12399999797344208,0.20867912142630685,-0.4639859858377281,0.42612679354507865,-1.543153166770935
0.32987198363388315,-0.4613196114346201,0.3956279313125645,1790749990,715825965,0.125,0.20867912142630685,-0.4639859858377281,0.42612679354507865,-1.543153166770935
0.3305609596781347,-0.46111016182098535,0.39429508909308136,1790749990,767561661,0.12600000202655792,0.2085730669575457,-0.4638759492395732,0.4257164983587056,-1.5487918713232376
0.3283177839879155,-0.4609524172260085,0.3936314731284975,1790749990,815283422,0.12399999797344208,0.20845588448144176,-0.4637571858336821,0.42527413131599867,-1.5548807657151469
0.32817012874238805,-0.46023554296852126,0.3893769378183166,1790749990,865318194,0.125,0.20803217901940144,-0.4633492235590202,0.4237597537230311,-1.575804344633184
0.32776080200011515,-0.4594242849560554,0.38457894203671145,1790749990,915388142,0.12600000202655792,0.20751316398540723,-0.4628881114605713,0.42205570775259177,-1.5995037826834837
0.32370744044586786,-0.4583589309113782,0.37877418785698697,1790749990,965374581,0.12399999797344208,0.2066920177132526,-0.46222608744616067,0.41962067412516524,-1.6336850578859377
0.3211996624649988,-0.4571815074614939,0.3720869299460899,1790749991,15381677,0.12399999797344208,0.20573088684662952,-0.4615287550726125,0.4170765153277751,-1.6698507405762684
0.3183819987757872,-0.45598523739117014,0.3653400050514316,1790749991,65578958,0.12399999797344208,0.20465008840758497,-0.4608181456387508,0.4145100676839249,-1.7068702917948788
0.31532200302358765,-0.454802163294045,0.35871679849246596,1790749991,115475841,0.12399999797344208,0.2034754998348002,-0.46011314029535155,0.4119911144913203,-1.7438034259523367
0.30938887518027836,-0.4537799433178028,0.3536488175569788,1790749991,165409297,0.12099999934434891,0.20221747375571208,-0.45941823667630094,0.4095371008194877,-1.7804288327449385
0.30767887363276286,-0.45254488908929746,0.34644903688835027,1790749991,215242161,0.12300000339746475,0.2008732140061438,-0.45873054708038097,0.40713914763727277,-1.8169208694671228
0.30383502297374765,-0.45137645695793577,0.3400879990143744,1790749991,266442031,0.12300000339746475,0.19938929478527184,-0.458023745112813,0.4047092359194461,-1.8546867022684737
0.30242274900982485,-0.45010008951738445,0.3324755829274836,1790749991,315352261,0.12600000202655792,0.19788268996565075,-0.45735299119065337,0.4024382299832596,-1.8908135489148146
0.2973103026153127,-0.4490292205986532,0.326996041291315,1790749991,365522301,0.125,0.19624545757221654,-0.4566679588524448,0.40015714280232983,-1.9280043672561262
0.29517683865613026,-0.4477270949319256,0.31929699712020454,1790749991,415507166,0.12800000607967377,0.1945275690538771,-0.45599127975892007,0.39794449761497397,-1.9650826773716925
0.28969166808618607,-0.4467062975120213,0.31423158897927705,1790749991,465279603,0.12700000405311584,0.19274868000282044,-0.45532866319516146,0.3958202701855944,-2.001726655450458
0.285467984006011,-0.44555597001945463,0.3079945371476652,1790749991,515684488,0.12800000607967377,0.19086940219547835,-0.4546654776436532,0.3937390806864651,-2.038785751951157
0.2810130571006235,-0.44442338870482884,0.3019132564936483,1790749991,565512167,0.1289999932050705,0.18892196244463816,-0.45401234503788107,0.39173686390513784,-2.0756684331605575
0.2763111513875284,-0.4433054789335837,0.29597562522039705,1790749991,615253020,0.12999999523162842,0.18690066695565233,-0.4533671000889763,0.3898080706409765,-2.11253296717481
0.27135727548394484,-0.4422014170027435,0.2901818134962779,1790749991,665432385,0.13099999725818634,0.18480552713301188,-0.45272871984686824,0.3879517988387627,-2.1494358679664414
0.2656007028240497,-0.44120897442944557,0.28537609551622267,1790749991,715082637,0.13099999725818634,0.18266724967858047,-0.4521060465007166,0.3861942260845218,-2.1858971702343153
0.25898353833826676,-0.4403116316517417,0.2815107111309507,1790749991,765279762,0.12999999523162842,0.18043409541939362,-0.45148303572223947,0.38449218280645053,-2.2228521282181495
0.25453965914659393,-0.4390871931293425,0.27464718142703104,1790749991,815562359,0.13300000131130219,0.1781320823716696,-0.450867515266891,0.3828696678636585,-2.259887618111461
0.2470864079436686,-0.4383353984468125,0.27209500088179384,1790749991,865277861,0.13099999725818634,0.17579063953714447,-0.45026596986537315,0.38134505422088716,-2.2965958559855575
0.24263397340897447,-0.43705102714285915,0.2647056163383761,1790749991,915341179,0.13500000536441803,0.17337434303813817,-0.4496692635566299,0.37989626335059756,-2.3335770868249233
0.23395901764300564,-0.43654364380978994,0.26439656602083006,1790749991,965354340,0.13099999725818634,0.17091451199379928,-0.44908414193967783,0.37854176082002555,-2.3704026091287345
0.2276309479088082,-0.43558875869130464,0.26002080933173916,1790749992,15535408,0.13199999928474426,0.1683970376553658,-0.44850720112884346,0.3772746260382652,-2.407329552696645
0.22153518165686925,-0.43455805442628287,0.2549630617512742,1790749992,65278643,0.1340000033378601,0.16583639801792702,-0.44794071907899324,0.37610162160106736,-2.444198023527381
0.21426250452764362,-0.4337335584882569,0.25187465078475924,1790749992,116068112,0.1340000033378601,0.16317298075295414,-0.4473721102237696,0.37499999895311853,-2.4818920545488705
0.20643794671824772,-0.4331726720964022,0.2510157059073778,1790749992,165320103,0.13199999928474426,0.1605624378943056,-0.44683312599282676,0.3740312719982614,-2.5182750431507848
0.19913952069964094,-0.43242240133104165,0.24853034630636556,1790749992,215572894,0.13199999928474426,0.15786406629283994,-0.4462942616072502,0.3731413737764973,-2.5553669403063246
0.19266447446350538,-0.4313895832272718,0.24347250389604072,1790749992,265621157,0.13500000536441803,0.1551623699052075,-0.44577157554380725,0.37235908930778366,-2.5920520585840525
0.1841935542988941,-0.43113264079555497,0.2453722007160021,1790749992,315790513,0.13099999725818634,0.15242821791420574,-0.4452591258980891,0.3716750316607608,-2.6287788088405506
0.1777593767024007,-0.429930662146834,0.23885198597003107,1790749992,365591571,0.13600000739097595,0.14965444098048117,-0.44475464809363446,0.3710880023916601,-2.6656924493075675
0.16987492015756564,-0.4294085917912013,0.2384114184630899,1790749992,415323342,0.13500000536441803,0.1468557971822052,-0.4442609241747027,0.3706026800827905,-2.70264040667735
0.16177009566733822,-0.4290218961435573,0.23923554769162833,1790749992,465824393,0.13300000131130219,0.14399932560072096,-0.443771273357836,0.3702151489730367,-2.740105418532022
0.15410274399427204,-0.42845721142817395,0.23840264730404254,1790749992,515459348,0.13300000131130219,0.14117790873271235,-0.4433015789699888,0.36993817001388485,-2.776918093626001
0.14646262744839803,-0.42757840534796665,0.2348673200562544,1790749992,566061752,0.13600000739097595,0.13830069671123368,-0.44283547461952355,0.3697621188226641,-2.8143181385097136
0.13867107429807055,-0.42730550465166595,0.23658360374924173,1790749992,615385966,0.1340000033378601,0.1354911046087567,-0.4423928105126104,0.36969356539441645,-2.8507501860453672
0.13088954338421302,-0.4269449018091501,0.2375888687214462,1790749992,665340719,0.13300000131130219,0.13263684830250486,-0.44195450222832805,0.36972765625026194,-2.887724441380013
0.12325523203778338,-0.4268410406032067,0.24086401989399173,1790749992,715470955,0.12999999523162842,0.12977227141113393,-0.4415261966934978,0.3698674041466283,-2.9248425478980784
0.11530259362910374,-0.4259810939656952,0.2374763465041583,1790749992,765255781,0.1340000033378601,0.12693361150783863,-0.44111208262875307,0.3701103297050314,-2.9616874855666233
0.1076669419007342,-0.4258232381066929,0.2403331735648382,1790749992,816052324,0.13199999928474426,0.12404628957643626,-0.4407015200393794,0.3704652353621618,-2.9992782687825428
0.10063667011110024,-0.4258204456273807,0.2443986911453655,1790749992,865523326,0.1289999932050705,0.12127000878494701,-0.4403158288954789,0.37091014298269726,-3.035584838719997
0.09263305931034167,-0.4251719350492736,0.24286162929776006,1790749992,915444736,0.13199999928474426,0.11848827281933541,-0.439938497011811,0.37145967124779666,-3.0721706660546286
0.08551115860698733,-0.4251092472281697,0.24649999806166772,1790749992,965707240,0.12999999523162842,0.11568389168717645,-0.43956632787780303,0.37212084727781125,-3.1093215637562257
0.0778886756258978,-0.42474698396858435,0.24748236718487077,1790749993,15261103,0.13099999725818634,0.11293834212642116,-0.43921020279753087,0.3728750920972552,-3.1460068234693503
0.06926041423295623,-0.42408523945606813,0.24594440914632842,1790749993,65310310,0.13500000536441803,0.11018384517144562,-0.43886002876783053,0.3737410438806148,-3.1831864485740082
0.06382461419177829,-0.4245470482089438,0.2541199373233532,1790749993,115297814,0.1289999932050705,0.10746267972060365,-0.43852144586777925,0.3747078044322913,-3.220345215278616
0.05590832073670322,-0.42416762563482835,0.25504293178983095,1790749993,165443392,0.13099999725818634,0.10477360364937409,-0.43819300515976095,0.37577599327959466,-3.257555445979866
0.04999274643957132,-0.424352371346341,0.2608248119587788,1790749993,215638590,0.12800000607967377,0.1021221565414857,-0.4378755283707494,0.37694393348024124,-3.294789841627726
0.041781202668665966,-0.4239330757248651,0.2614104660569246,1790749993,265576668,0.13099999725818634,0.0995260230855311,-0.43756978087221077,0.37820333942423745,-3.3318529687905505
0.03683640570866683,-0.4242701568614141,0.2684583475311344,1790749993,315327170,0.12700000405311584,0.09698539982775004,-0.4372758690737286,0.3795526812561466,-3.3687802883799374
0.029786304732723576,-0.4241179911242928,0.27130827556993414,1790749993,365180737,0.12800000607967377,0.09450717244544535,-0.4369932271804937,0.38098707541478105,-3.405518009549582
0.024931538614532858,-0.42439175631420634,0.27780260324639844,1790749993,415329991,0.125,0.09207016191601432,-0.43671957387202964,0.38251855320361744,-3.4424250732971564
0.01866280795050851,-0.4243900745838179,0.28198889972665786,1790749993,465492754,0.125,0.08967297762572946,-0.436453526124599,0.3841506779982774,-3.479593051547588
0.011964902159733518,-0.4243208712218425,0.28560027160987445,1790749993,515504471,0.12600000202655792,0.08734005332160324,-0.43619794655817823,0.3858675253843391,-3.5166954285851535
0.007229200900637209,-0.42455764842528315,0.2918215879525219,1790749993,565662604,0.12399999797344208,0.08506039656746037,-0.4359503037402585,0.38767831376433176,-3.553970819540017
0.0014717752527620975,-0.4246314548559221,0.29666862863668114,1790749993,615810988,0.12399999797344208,0.08284749049687658,-0.43571222167695267,0.38957292925070214,-3.5912502219459688
-0.003357538273488586,-0.4248146404756537,0.30239347488274637,1790749993,665395073,0.12300000339746475,0.08072905169407046,-0.4354851891988452,0.39152587983936094,-3.628108906974879
-0.007287401161555504,-0.425101165054731,0.3090161020091936,1790749993,715464660,0.12099999934434891,0.07866238984150092,-0.4352648823617983,0.39357573846989147,-3.66532819355451
-0.012357569353735234,-0.42523522752906445,0.31434800598183976,1790749993,765299006,0.12099999934434891,0.07668479515729701,-0.43505383922225105,0.3956871234348545,-3.7023057370130794
-0.015704240794715413,-0.42554737934933085,0.321148663231422,1790749993,815118147,0.11900000274181366,0.07478590644180116,-0.4348511889026069,0.3978687586006379,-3.739259448632001
-0.02113483254938177,-0.42564332961710916,0.3262038557005046,1790749993,865183206,0.11999999731779099,0.07295526400520741,-0.4346543909429054,0.400135268918437,-3.776472092966751
-0.028022609608247803,-0.42562269623545756,0.3303294473988245,1790749993,915364608,0.12300000339746475,0.07120368796946669,-0.43446479733782656,0.4024748557966615,-3.8137862108993126
-0.029015263718696976,-0.4261204239426517,0.3386867639777168,1790749993,965463631,0.11900000274181366,0.06954146384780341,-0.4342820786336946,0.4048755809836012,-3.851055164653391
-0.03554392906462581,-0.4261529132610956,0.34325849800445646,1790749994,15427375,0.12200000137090683,0.06797202193214845,-0.43410683940727185,0.40733020223179756,-3.888226705275762
-0.035883889601760754,-0.4266549946819351,0.35162036152002646,1790749994,65356831,0.11800000071525574,0.06649377376699778,-0.4339374755473326,0.40984217602626316,-3.9254016102878255
-0.04027485357733203,-0.4268551144725897,0.3575663913066782,1790749994,115370575,0.11900000274181366,0.06510567545880622,-0.43377408044057175,0.4124122905385186,-3.962644234588067
-0.04175171708789774,-0.42724105747906005,0.36498750322795276,1790749994,165453292,0.11699999868869781,0.06381279460646443,-0.4336161204714755,0.41503240442406764,-3.9998840681044325
-0.04381865739623972,-0.42757403160409885,0.3719509466089865,1790749994,215205461,0.11599999666213989,0.06262431328357665,-0.43346473325448354,0.417680508738296,-4.036868039995446
-0.045576936147898824,-0.42790953542883764,0.37885810833329514,1790749994,265381752,0.11500000208616257,0.061547108840193855,-0.4333212961332641,0.42033282727489274,-4.073335401986227
-0.047055650029998404,-0.42824776311541846,0.38574841921736336,1790749994,315460728,0.11400000005960464,0.06057119379556621,-0.43318351446729575,0.42300564482971703,-4.109573791668262
-0.05137880998318044,-0.4283241508671216,0.3892129761592462,1790749994,365181740,0.11699999868869781,0.05997649560972118,-0.43309401585781104,0.4247972985138645,-4.133610770640063
-0.05170493418800863,-0.42855737384395626,0.39364008946193124,1790749994,415815755,0.11599999666213989,0.05946385596755492,-0.4330126104043695,0.4264676721958991,-4.155855695705206
-0.0511542777292093,-0.4286606170156911,0.3953107809885553,1790749994,465645045,0.11500000208616257,0.059299381324851935,-0.4329855009302276,0.42703277746595847,-4.163348060694984
-0.051429036293426225,-0.428705496527124,0.39626823084871615,1790749994,517104276,0.11500000208616257,0.059188509361722846,-0.4329669155358672,0.42742267485082164,-4.168508125913311
-0.049537458678141064,-0.4287848589061587,0.39692352656868024,1790749994,565306652,0.11299999803304672,0.05917537461364246,-0.43296469648971925,0.4274693673807532,-4.169125556945801
-0.05434776370036322,-0.42859991023808097,0.39557193994346596,1790749994,615300600,0.11800000071525574,0.05917537461364246,-0.43296469648971925,0.4274693673807531,-4.169125556945801
-0.05049952111616734,-0.42874786911742413,0.39665320884083344,1790749994,665408697,0.11400000005960464,0.05917537461364245,-0.4329646964897192,0.4274693673807532,-4.169125556945801
-0.05242363882431067,-0.42867388981555,0.3961125753991596,1790749994,715601034,0.11599999666213989,0.05917537461364246,-0.43296469648971925,0.4274693673807531,-4.169125556945801
-0.04953745867814107,-0.42878485890615864,0.3969235265686802,1790749994,765544879,0.11299999803304672,0.05917537461364245,-0.4329646964897192,0.42746936738075314,-4.169125556945801
-0.05146158355419361,-0.4287108793286897,0.3963828911129865,1790749994,816081182,0.11500000208616257,0.05917537461364246,-0.43296469648971925,0.4274693673807531,-4.169125556945801
-0.05146158355419361,-0.4287108793286897,0.3963828911129865,1790749994,867401089,0.11500000208616257,0.05917537461364246,-0.43296469648971925,0.4274693673807531,-4.169125556945801
-0.05146158355419361,-0.4287108793286897,0.3963828911129865,1790749994,919614573,0.11500000208616257,0.05917537461364246,-0.43296469648971925,0.4274693673807531,-4.169125556945801
-0.054059390556292275,-0.42843125219711586,0.39458085326520465,1790749994,965796191,0.11800000071525574,0.05929030435576019,-0.4328633240501512,0.4270801389686555,-4.163766533972953
-0.049875669651089735,-0.42838469058066053,0.3945347622683663,1790749995,16311863,0.11400000005960464,0.059429154226785394,-0.43274335660006474,0.426619922719077,-4.15741918022762
-0.04957150752559507,-0.4276547038371154,0.3902199097048761,1790749995,65505891,0.11500000208616257,0.05994000893186563,-0.4323222969746028,0.4250113140643954,-4.135133594908211
-0.049921365444662816,-0.426789581899651,0.3850354452464068,1790749995,115395320,0.11699999868869781,0.06056197970978164,-0.4318473030763592,0.4232041443745912,-4.109901290253074
-0.04825366084325101,-0.4255568803346365,0.3777546223439504,1790749995,165197202,0.11800000071525574,0.061600787511502435,-0.4311275443756228,0.42047426709452884,-4.071350009238014
-0.04511008323102193,-0.4242793137040542,0.37031240368776674,1790749995,216067654,0.11800000071525574,0.06284998653351649,-0.43035117703503073,0.41755386832346875,-4.029438613460967
-0.04169142687966372,-0.4230310364214776,0.36307946468771807,1790749995,265461312,0.11800000071525574,0.06420761719995094,-0.4295885117646654,0.4147165845623555,-3.9879488200447457
-0.03609155955771312,-0.4218807797984162,0.3567146961818225,1790749995,316303930,0.11599999666213989,0.06573338289331473,-0.4288083382979046,0.4118480731298881,-3.945106235024327
-0.03552151674957213,-0.4204180422652504,0.34778862735343224,1790749995,365544652,0.11999999731779099,0.06733692520994615,-0.4280562685201092,0.4091221236960495,-3.903425236876248
-0.02859549349237764,-0.41940528127378385,0.3425040610246093,1790749995,415282303,0.11699999868869781,0.06907356277996417,-0.42730432436705357,0.40643652741091485,-3.8612935652641114
-0.02474504471235578,-0.4181470572706645,0.3352653662738162,1790749995,465341297,0.11800000071525574,0.07093290876843077,-0.4265571623423694,0.40381461513338934,-3.818976361002939
-0.02135442121655773,-0.41683214648923933,0.32755265386892607,1790749995,515370894,0.11999999731779099,0.07290133875876284,-0.42582010564229394,0.40127556521952057,-3.7767003225282902
-0.01533171345566095,-0.4157678904052731,0.3218913238483757,1790749995,565279406,0.11900000274181366,0.07496896442118274,-0.4250951556830271,0.398831497684757,-3.734602921576492
-0.009784922192193263,-0.414646197082458,0.31578881083073657,1790749995,615629198,0.11900000274181366,0.07715823106850131,-0.42437442894009836,0.39645633997699853,-3.6921476931411483
-0.006133856831016166,-0.41330572156454687,0.30784872797867535,1790749995,665281264,0.12200000137090683,0.07943011937392196,-0.4236694180526167,0.39419338679209137,-3.650033656652119
0.0006877921258000158,-0.4123174970792572,0.30287183195638345,1790749995,715380620,0.12099999934434891,0.08182127594107318,-0.4229686389532606,0.39200606119582376,-3.6074952751878033
0.003831985502676119,-0.41082296479502584,0.29364717580173894,1790749995,765247808,0.12600000202655792,0.0842976038192808,-0.42228102698190334,0.3899280025043631,-3.565094748328626
0.01120414147639473,-0.40988929850602146,0.28914455393890476,1790749995,815384127,0.125,0.08687626017010214,-0.4216017535420211,0.3879451047948344,-3.5224540303540377
0.0176140311364259,-0.40879728829159007,0.2833331716145921,1790749995,865533752,0.12600000202655792,0.0895500584166678,-0.42093161116446676,0.38606567230568634,-3.479648155510312
0.02377567944502379,-0.4076359714538216,0.2769320181025904,1790749995,915695459,0.12800000607967377,0.09230605945557521,-0.42027398369674834,0.3842999333219592,-3.436804244554863
0.030688193643278003,-0.4066125104660504,0.27166663913225564,1790749995,965421461,0.1289999932050705,0.09510343586940147,-0.4196364241408753,0.3826713799699729,-3.3944707036924187
0.03838255268220938,-0.4057173492376192,0.26752318993574886,1790749996,15586623,0.1289999932050705,0.09799281962571463,-0.41900720644822964,0.3811497450060926,-3.351788177595015
0.04667918892926911,-0.40496311210919855,0.2646048073000885,1790749996,65638960,0.12800000607967377,0.10094963970549088,-0.41839038610757573,0.3797500548872761,-3.309065725133387
0.05314734373457464,-0.4037165395710698,0.25746638863748567,1790749996,115765196,0.13199999928474426,0.10397146961222857,-0.4177865729165427,0.3784744139977987,-3.2662556876511832
0.061981988211416476,-0.403159913338683,0.2561992524613356,1790749996,165323096,0.12999999523162842,0.10698572431305838,-0.4172078998881704,0.37734922799176074,-3.224298793638796
0.06905805729140757,-0.40198189195261147,0.249618341610105,1790749996,215625572,0.1340000033378601,0.11008773601684806,-0.41663584939226894,0.3763378266532126,-3.1817754815334314
0.0781364814963858,-0.40149903929583647,0.2490463541606596,1790749996,265204584,0.13199999928474426,0.1132217448224129,-0.4160793109353283,0.37546011839317683,-3.1393926310149496
0.08634663877144216,-0.4006085742345053,0.24498277837350504,1790749996,315221893,0.1340000033378601,0.11642667470042888,-0.41553165691314126,0.37470746352025724,-3.0965456224920493
0.09482168623992424,-0.3997549209950532,0.24125051246291998,1790749996,365266285,0.13600000739097595,0.11966831593918173,-0.4149972808571395,0.3740899549066767,-3.0536322395300406
0.1041262871251066,-0.3993906188760554,0.24179820296559829,1790749996,415460632,0.1340000033378601,0.12294563796212582,-0.41447657119076897,0.3736096097989141,-3.01058156489334
0.11308540063129957,-0.39884592502460786,0.24077665034236753,1790749996,465273774,0.1340000033378601,0.12623082582831305,-0.4139720726322939,0.3732696627976919,-2.967689596632452
0.12211910612016968,-0.39822647045157866,0.23913941280755896,1790749996,515560399,0.13500000536441803,0.12956303301250727,-0.4134780551853562,0.3730684184931192,-2.9243588217676426
0.13115171331182718,-0.3975414730294477,0.23689557406821432,1790749996,565418133,0.13699999451637268,0.1328687097050118,-0.41300352597416523,0.37300940635430746,-2.8814752390203138
0.14027270633589067,-0.39723849951629436,0.23801716506627005,1790749996,615311488,0.13600000739097595,0.13617681305650992,-0.4125442010047338,0.37309107509532125,-2.8385754461353736
0.14936326833405383,-0.396864792433119,0.23853013232171422,1790749996,665161269,0.13600000739097595,0.1394789381172376,-0.41209938877353497,0.37331221236522383,-2.795698448930755
0.15852371854140987,-0.39653084533304894,0.23944003353367319,1790749996,715549228,0.13600000739097595,0.14280590027498666,-0.41166523672326255,0.3736782635448628,-2.7523560962185334
0.16755809937532504,-0.3962413941133269,0.24072734625491107,1790749996,765736121,0.13600000739097595,0.14608766183797806,-0.41124895886069485,0.37418069137092513,-2.709390751307493
0.17622073777301334,-0.39610656689896906,0.24334823832374672,1790749996,815343548,0.13500000536441803,0.1493062841136982,-0.4108526054209063,0.37481370139493897,-2.666958464525004
0.1848610119222966,-0.3960057271471319,0.24635410338779404,1790749996,865292542,0.1340000033378601,0.15254774070977897,-0.41046367980457554,0.37559349754858357,-2.6238562333392297
0.19393202818617825,-0.3957300573513437,0.24782058929217796,1790749996,915403315,0.13500000536441803,0.15576984975794933,-0.41008773812442595,0.3765159916530361,-2.5805438201727484
0.20255463649995137,-0.3956033841944482,0.2505930166370849,1790749996,965138669,0.13500000536441803,0.15891689837665132,-0.40972921828548076,0.37756234392170035,-2.5377056670490177
0.21114926153881408,-0.39551582933889673,0.25376646112827284,1790749997,15475915,0.13500000536441803,0.16205319627678916,-0.4093809553671305,0.37875580509167267,-2.4943769423098714
0.21956349154668184,-0.3954669352828825,0.25728734263099007,1790749997,65275566,0.13500000536441803,0.16512427184850023,-0.4090471331743209,0.38007557916965606,-2.451235368712201
0.22829239305060964,-0.39535861641125114,0.2602876602911197,1790749997,115197634,0.13600000739097595,0.16814826531384386,-0.4087258872227432,0.3815312249870711,-2.40793538023964
0.2369609967112088,-0.3952922056981226,0.2636976167914453,1790749997,165343601,0.13699999451637268,0.17112286371078558,-0.4084155518156684,0.38312172041874426,-2.3644320068123457
0.24450521548263654,-0.395455377779892,0.2692169527046879,1790749997,215668458,0.13600000739097595,0.1740376360566647,-0.4081173903992877,0.38484565025255496,-2.3207709389836984
0.24999530569038605,-0.39591752787386286,0.27744144646217256,1790749997,265180070,0.13199999928474426,0.1768376443476137,-0.4078349169125434,0.38666567562644477,-2.2777276397407387
0.25923781767880194,-0.3957819721639701,0.2802645685544566,1790749997,315511029,0.13500000536441803,0.1796038962868855,-0.407560122316908,0.38863760575058676,-2.233955316777828
0.26460168256496036,-0.3961998511325051,0.2881363469061792,1790749997,365391254,0.13199999928474426,0.18224516718862024,-0.4073000795664498,0.3906945699551058,-2.1908295592677995
0.2708267203850534,-0.39646821715466035,0.294639190008706,1790749997,415238841,0.13099999725818634,0.18479273793189074,-0.4070517697836052,0.392859053369658,-2.1477784865161773
0.2782510773218102,-0.3966089037643394,0.3000590282296385,1790749997,465842523,0.13199999928474426,0.18729871755286787,-0.4068081586286217,0.39517812864510066,-2.1038148421895686
0.2846119328438255,-0.39685514621020507,0.3063813706236046,1790749997,515345904,0.13199999928474426,0.1896535901657705,-0.4065799877732709,0.39755340813282575,-2.0607596490922617
0.2922498254124048,-0.3969905390724324,0.31171073183044706,1790749997,565078684,0.1340000033378601,0.1919275281016623,-0.4063584586255904,0.40004916989727657,-2.017302670588016
0.2974460608119561,-0.3973700572073492,0.3193940642001918,1790749997,615365920,0.13300000131130219,0.19411806378564395,-0.4061438414185364,0.4026727895143578,-1.9733234259480732
0.30062577841847526,-0.397887157280301,0.3283859973026739,1790749997,665296803,0.12999999523162842,0.19617860281654725,-0.4059386266836362,0.40536625522280945,-1.9296890338523018
0.30752830766866707,-0.39811768397062114,0.3346891403910382,1790749997,715710419,0.13199999928474426,0.1981394760712632,-0.4057398610906093,0.40817373570787197,-1.8856392965899504
0.31238049681406127,-0.3984842248435154,0.3422162031079954,1790749997,765115939,0.13199999928474426,0.19993689418085156,-0.4055520990882357,0.41099469677933237,-1.8426126775959841
0.31435870590718207,-0.3990247605719398,0.35152730043668906,1790749997,815383397,0.1289999932050705,0.20164028782039708,-0.40536821168005077,0.4139397759440745,-1.7988607432924586
0.3185278434727682,-0.39941903792911887,0.3594132497891789,1790749997,865367058,0.1289999932050705,0.20320741411486296,-0.40519032035749464,0.4169361940701225,-1.7553737264315152
0.3205434094559331,-0.3999119594762967,0.36832214520716355,1790749997,915574303,0.12700000405311584,0.20465065648686,-0.4050173220159564,0.42001166166920323,-1.7116958150293404
0.3212031501760089,-0.4004373773345533,0.3775873951969724,1790749997,965387427,0.12399999797344208,0.20595886378145428,-0.4048507386114629,0.4231425946045371,-1.6680764875667522
0.3280598898489282,-0.4007366170111628,0.38456029935426445,1790749998,15708033,0.12800000607967377,0.20714351158544642,-0.4046871393963798,0.42636489715071524,-1.623959685172917
0.3282041158541792,-0.40111959415673576,0.3913919921947283,1790749998,65412397,0.12600000202655792,0.20791794538714467,-0.4045693418938192,0.4287462014035792,-1.5917958845306985
0.33476996404043224,-0.4013095816509521,0.3959887591566887,1790749998,115812374,0.13099999725818634,0.20858378950980377,-0.40445877497089683,0.43103346232855483,-1.5612073341200468
0.33450951405144463,-0.4014724718291932,0.3988456886493912,1790749998,165311024,0.12999999523162842,0.20884597106965458,-0.40441212889850847,0.4320124060299527,-1.5481976899056462
0.3340616688935258,-0.4016019885914985,0.40110314955729565,1790749998,215535464,0.1289999932050705,0.20904039060464288,-0.4043761344691461,0.4327730459349515,-1.538120655999737
0.3360778643553311,-0.40157560763382966,0.40092001327237514,1790749998,268392590,0.13099999725818634,0.2090692895707613,-0.4043706731766749,0.4328888859683018,-1.5365883111953735
0.3360778643553311,-0.40157560763382966,0.40092001327237514,1790749998,315368887,0.13099999725818634,0.2090692895707613,-0.4043706731766749,0.4328888859683018,-1.5365883111953735
0.33316927953148406,-0.40163961658151975,0.4016521227233834,1790749998,365202344,0.12800000607967377,0.2090692895707613,-0.4043706731766749,0.4328888859683018,-1.5365883111953735
0.3351083312650023,-0.4015969440557052,0.4011640509681904,1790749998,415318292,0.12999999523162842,0.20906928957076132,-0.40437067317667474,0.4328888859683018,-1.5365883111953735
0.3341387981746734,-0.4016182804775809,0.4014080886640058,1790749998,465184619,0.1289999932050705,0.2090692895707613,-0.4043706731766749,0.4328888859683018,-1.5365883111953735
0.33413879817467335,-0.4016182804775808,0.40140808866400574,1790749998,517197390,0.1289999932050705,0.20906928957076126,-0.4043706731766748,0.4328888859683018,-1.5365883111953735
0.33219974644115524,-0.40166095300339516,0.40189616041919873,1790749998,569118967,0.12700000405311584,0.20906928957076135,-0.40437067317667474,0.4328888859683018,-1.5365883111953735
0.3341387981746734,-0.4016182804775809,0.4014080886640058,1790749998,617391130,0.1289999932050705,0.2090692895707613,-0.4043706731766749,0.4328888859683018,-1.5365883111953735
0.3318234525422227,-0.4014130530769176,0.40044197365141876,1790749998,665396283,0.12700000405311584,0.20892755067314578,-0.4042273119139647,0.43234304386035954,-1.5439671478162766
0.3332928810428206,-0.40107249872250395,0.3981983693746378,1790749998,715513814,0.1289999932050705,0.20875369481998993,-0.40405705756696175,0.4316958580919626,-1.552735572522497
0.33073074507531164,-0.4001476847411789,0.39291309142257963,1790749998,765474651,0.12800000607967377,0.20815453341112827,-0.40350967321726694,0.4296250911493785,-1.5809443551476268
0.32683930506824077,-0.39914106478385536,0.3873406249911902,1790749998,815640563,0.12600000202655792,0.20740495223139788,-0.4028928832713576,0.42730760800434686,-1.6128185884932562
0.32548628196043755,-0.39754841074685243,0.3778326875944626,1790749998,865352686,0.12800000607967377,0.20618346759085296,-0.40200411229918026,0.423995299777587,-1.6590178141474297
0.3224352568363491,-0.39587379592904115,0.36805024263592107,1790749998,916033933,0.1289999932050705,0.2046917477190074,-0.4010529316160506,0.42049679506006277,-1.708782394539536
0.315358789670476,-0.3944077958063364,0.3602984222752092,1790749998,965391887,0.12600000202655792,0.20304226024854052,-0.40011887638518134,0.41711726851416453,-1.75797038547476
0.31479811597751123,-0.39255556039740036,0.3488825598609566,1790749999,15744004,0.13099999725818634,0.20117908583608612,-0.3991718503316199,0.41375119618755984,-1.808275114039391
0.306024979016515,-0.39119717096118456,0.3422474036908605,1790749999,65662960,0.12700000405311584,0.19917158530940182,-0.3982447697946441,0.41052393431044254,-1.8579333159695794
0.30439822768595437,-0.38937305318392834,0.331070898173016,1790749999,115283842,0.13199999928474426,0.19701546069504597,-0.3973338009168487,0.4074225036576524,-1.9072578227901786
0.2995940461983973,-0.3876981266256362,0.3214972053387959,1790749999,165515588,0.1340000033378601,0.19466153250246834,-0.39641609461773014,0.4043776342595551,-1.9574744296865139
0.2920200211940803,-0.3862546061476422,0.3141084570989118,1790749999,215470989,0.13300000131130219,0.19216327061033975,-0.39551451591314885,0.40146911061522705,-2.0074670305194418
0.2841020595909868,-0.3848529464267537,0.30713302682873955,1790749999,265106889,0.13199999928474426,0.18951456195563,-0.3946232653230407,0.3986849026747249,-2.0575287834126996
0.27843932143806716,-0.38315747707475006,0.2975436018204189,1790749999,315654618,0.13500000536441803,0.18666729768088502,-0.3937285771829096,0.3959872351666509,-2.108583143607746
0.26849241456097006,-0.38200177206288066,0.2928721612701355,1790749999,365484658,0.13199999928474426,0.18374468804904184,-0.39286579877734307,0.39348923529725754,-2.1585820106421343
0.2608759701171917,-0.38057276359906084,0.28564762465478094,1790749999,415198688,0.13300000131130219,0.18070606730321584,-0.39202137445875157,0.39114983477849075,-2.208407270196263
0.25335761757436526,-0.3790806121470933,0.27791648244519607,1790749999,465171932,0.13500000536441803,0.1775270663086386,-0.39118554278892487,0.38894890832739204,-2.2585984126028764
0.2437770274979606,-0.3778972427257844,0.27304956298638583,1790749999,515303835,0.1340000033378601,0.17422424778084958,-0.39036381105131834,0.38690471834772355,-2.3089691739295817
0.23497951478621742,-0.37657987897349887,0.2669615735867549,1790749999,565387255,0.13500000536441803,0.1708291422947796,-0.3895608091542615,0.38503454513081675,-2.359187800247599
0.22618211190631798,-0.3751993823729772,0.2603662617158582,1790749999,615915187,0.13699999451637268,0.16730925218341935,-0.38876954201030295,0.3833249362896821,-2.409832001164256
0.2167393090772266,-0.3739799745277732,0.25516705975907594,1790749999,665398244,0.1379999965429306,0.1637615450089807,-0.3880081400330992,0.3818184163753133,-2.459669912837853
0.2067624221736889,-0.3727865811725804,0.25034753017316563,1790749999,715968130,0.13899999856948853,0.16005476843637684,-0.38724918770606653,0.3804637386059767,-2.5106447929498743
0.19554203994780056,-0.3720886894941863,0.24989105852580815,1790749999,765348334,0.13600000739097595,0.1563504239717809,-0.38652270864668736,0.3793193334066816,-2.5606774465650566
0.18477414501189487,-0.3712294374185428,0.2480696953244061,1790749999,815443403,0.13500000536441803,0.15253038888944795,-0.3858057057311673,0.3783496785973074,-2.6114807896922847
0.17510091651014015,-0.3697734155903294,0.24095203129511156,1790749999,865417759,0.14000000059604645,0.1486608966813182,-0.3851079324260491,0.3775747896912131,-2.6623081796549357
0.16371384135273018,-0.3692518019123185,0.2421691065160464,1790749999,915352984,0.13699999451637268,0.14475343108449643,-0.38443185703155314,0.37699887795590087,-2.7131221052760317
0.1531460655661332,-0.3680126701787133,0.23704928066313888,1790749999,965505498,0.14100000262260437,0.14081165816916683,-0.3837747606688535,0.37662155454703294,-2.7640264504459093
0.14200771422070405,-0.3673973007070931,0.23742995238218445,1790750000,15368797,0.14000000059604645,0.13687608477840105,-0.3831436030227966,0.37644693159530923,-2.8146138532298175
0.13086982645101633,-0.3668392899430218,0.2383756927754364,1790750000,65590265,0.13899999856948853,0.13290503872892426,-0.38252838847860343,0.37647243314407247,-2.8655712149915753
0.11979827017273925,-0.3664528666573215,0.24088601510361315,1790750000,116316846,0.13699999451637268,0.12889630110037414,-0.3819296516477166,0.3767046200776263,-2.9170420804965302
0.1090779717473714,-0.36591914417786364,0.24193747148339662,1790750000,165653023,0.13699999451637268,0.12502578672362402,-0.3813695893038545,0.37712604141583617,-2.966916495914626
0.09852546799846214,-0.36555579256317294,0.24451339779458786,1790750000,215305349,0.13600000739097595,0.12115500964159014,-0.38082787429623904,0.3777450358349047,-3.017081388731078
0.08791558686984502,-0.3651369874616731,0.2466429104050945,1790750000,265072574,0.13600000739097595,0.11730649127311314,-0.3803044761572568,0.3785600208774393,-3.0673972257316184
0.07679425980667624,-0.3645548640400774,0.2474163238797349,1790750000,315303718,0.1379999965429306,0.11346450308136373,-0.3797979367110466,0.3795788792408191,-3.1181885234992945
0.0664097707862913,-0.3643603392394408,0.2516659693768336,1790750000,365334990,0.13699999451637268,0.10961944720727096,-0.37930413084876036,0.3808116446951253,-3.1697607145228623
0.05617376201343101,-0.3642226645989454,0.25648064312238356,1790750000,415808357,0.13600000739097595,0.10579146926043163,-0.37882647498467825,0.3822614598637055,-3.2219947184573283
0.046499771367621054,-0.36414580583938705,0.2616892505653346,1790750000,465552813,0.13500000536441803,0.10213311711409111,-0.37838029994360417,0.38386662763262813,-3.272952784847175
0.03622217443136081,-0.3639168466021808,0.2656019155479732,1790750000,515442455,0.13600000739097595,0.09855402841807946,-0.37795450784149237,0.385658927237646,-3.3239679826383988
0.02758339623516759,-0.36404996316713417,0.27265561574014086,1790750000,565528441,0.1340000033378601,0.09505551696216266,-0.37754578471258726,0.38763986083468244,-3.3751917273508227
0.018887537220733094,-0.36413080448087065,0.2792380815245096,1790750000,615452537,0.13300000131130219,0.09167064228234675,-0.37715834727956593,0.389790797886545,-3.4262516105223706
0.01113295636437596,-0.36435276642622416,0.28705773076931185,1790750000,665506744,0.13099999725818634,0.08838434191590872,-0.37678693621027126,0.39212253997674706,-3.4775417133808397
0.0026394243445639204,-0.36443082915666164,0.2936374714949669,1790750000,715375683,0.13099999725818634,0.08522938974616498,-0.3764356007703344,0.3946116382660313,-3.5286597980658594
-0.005537104612412247,-0.3645573668088658,0.3006713883217208,1790750000,765277186,0.13099999725818634,0.08219308611743834,-0.37609938936299503,0.39726949716195037,-3.5799800762174048
-0.013378430963831067,-0.3647335088785529,0.3081523272149834,1790750000,815391894,0.13099999725818634,0.07928055912876679,-0.3757792196844842,0.400094173560684,-3.631550140600118
-0.01929861051654297,-0.36511368372580855,0.3173152343267643,1790750000,865222591,0.1289999932050705,0.0765306865364603,-0.3754757911050508,0.403049537869142,-3.6828532301777575
-0.023966992436188342,-0.3656002520639607,0.3274048918949621,1790750000,915586596,0.12600000202655792,0.07390615635431273,-0.3751852759981304,0.40617655286961996,-3.7347100627625665
-0.031205663264128186,-0.36581183428416275,0.3352146161131941,1790750000,965413090,0.12700000405311584,0.07146023949948864,-0.37490985902196383,0.4094166335055358,-3.7862735981750704
-0.03647704074631018,-0.36621098566042354,0.3446540254887467,1790750001,15990374,0.12600000202655792,0.06914699603760736,-0.3746446628106686,0.4128334685334627,-3.8386604444518433
-0.04195809092518528,-0.3665645112841311,0.35360113039962193,1790750001,65368338,0.12600000202655792,0.06706254794590515,-0.37439680735463604,0.41628411013970645,-3.8898390849889455
-0.049722273499001324,-0.3667863415763256,0.36161454941044047,1790750001,115553954,0.1289999932050705,0.06512494063746714,-0.374157233253172,0.4198964986562283,-3.9418609481017017
-0.051543625113928127,-0.367371654242448,0.3723564395473908,1790750001,165216401,0.12600000202655792,0.06341626252445857,-0.37393452173127517,0.4235145622180499,-3.992633264538917
-0.05277653755454713,-0.3679562252647819,0.3830881355273094,1790750001,215281053,0.12300000339746475,0.06188286273916352,-0.37372083919717014,0.4272355248756445,-4.043686845727532
-0.05813003767987256,-0.36814530354223657,0.38897973014687287,1790750001,265441289,0.12600000202655792,0.06090922786552254,-0.37357414668016536,0.4299209249424486,-4.079911201002175
-0.05739293589772409,-0.3685775004916024,0.3963507000375669,1790750001,315505108,0.12300000339746475,0.06009820707734093,-0.3734427092013502,0.43242232188078,-4.113253116455302
-0.05624395965199259,-0.3687759137429814,0.3994562429154815,1790750001,365662779,0.12099999934434891,0.05980061054617742,-0.373391742513636,0.4334172749023695,-4.126419191903393
-0.05869014949476524,-0.36878754692238136,0.400715721445585,1790750001,415349577,0.12300000339746475,0.05959621340324764,-0.37335569501683585,0.43412932961835016,-4.1358107880191115
-0.05973234078849883,-0.36876421792746156,0.4007274172062672,1790750001,465489026,0.12399999797344208,0.059565199019132514,-0.373350143738878,0.4342395907811405,-4.13726282119751
-0.05684611125844889,-0.3688751676965924,0.40153819524195783,1790750001,515224455,0.12099999934434891,0.059565199019132514,-0.373350143738878,0.4342395907811405,-4.13726282119751
-0.05780819015780948,-0.3688381843483665,0.40126793522553095,1790750001,565244376,0.12200000137090683,0.059565199019132514,-0.373350143738878,0.4342395907811405,-4.13726282119751
-0.05780819015780948,-0.3688381843483665,0.40126793522553095,1790750001,615216009,0.12200000137090683,0.059565199019132514,-0.373350143738878,0.4342395907811405,-4.13726282119751
-0.05877026905717009,-0.36880120100014063,0.4009976752091041,1790750001,665676449,0.12300000339746475,0.059565199019132514,-0.373350143738878,0.4342395907811405,-4.13726282119751
-0.05780819015780948,-0.3688381843483665,0.40126793522553095,1790750001,716183844,0.12200000137090683,0.059565199019132514,-0.373350143738878,0.4342395907811405,-4.13726282119751
-0.05780819015780948,-0.3688381843483665,0.40126793522553095,1790750001,768558117,0.12200000137090683,0.059565199019132514,-0.373350143738878,0.4342395907811405,-4.13726282119751
-0.060694419687859436,-0.3687272345792357,0.4004571571898403,1790750001,818072906,0.125,0.059565199019132514,-0.373350143738878,0.4342395907811405,-4.13726282119751
-0.059294667977165566,-0.3685103572203819,0.3992297716666915,1790750001,865737261,0.12399999797344208,0.05973442185720483,-0.3731999782342662,0.43366932342569603,-4.129385558286066
-0.05780127283530971,-0.3682477397516427,0.39773899189948336,1790750001,915547412,0.12300000339746475,0.05994165560887284,-0.3730215420002234,0.4329925654666539,-4.120013473966883
-0.05392564204891197,-0.36729368181270033,0.3922736325624901,1790750001,965840547,0.12099999934434891,0.06071067038417512,-0.37240320032412466,0.4306586365830382,-4.087478033228836
-0.05334574390604658,-0.36604727286862143,0.3848319471130158,1790750002,16174200,0.12300000339746475,0.06167056538433229,-0.3717089977629538,0.4280545604562318,-4.050743712664689
-0.0492520362035596,-0.3643627871990233,0.37498903388939314,1790750002,65186774,0.12300000339746475,0.06325691046206276,-0.3706985869061885,0.42429010282343527,-3.996698074565497
-0.045097252612383704,-0.36251027568438526,0.3641088400509208,1790750002,115627205,0.12399999797344208,0.06520984912650714,-0.3696143276443124,0.42030381535236816,-3.9380032693141276
-0.03936412662545362,-0.3607307841040265,0.35385247332150704,1790750002,165812626,0.12399999797344208,0.06741808294913738,-0.368533395606163,0.4164038799366143,-3.878790953511299
-0.037224742718357365,-0.3586650609383663,0.3412455121160607,1790750002,215536425,0.1289999932050705,0.06983909629989432,-0.3674759022600763,0.4126647090926843,-3.8199805803035463
-0.029302647280843364,-0.35701118031271556,0.33203207339045687,1790750002,265667263,0.12800000607967377,0.07251686940930076,-0.36642063949069353,0.409027200868499,-3.7604150076101233
-0.019326616370686084,-0.3555695397800809,0.3245988299523736,1790750002,315986176,0.125,0.07542372666586966,-0.36537997926523197,0.4055378673296689,-3.700575707088683
-0.014259496375494007,-0.3536647248828015,0.31326046303891825,1790750002,365286908,0.1289999932050705,0.07846646888772016,-0.36438151489019377,0.4023000274181924,-3.642106854306049
-0.006785973563028375,-0.35191843032269643,0.3033269225990922,1790750002,415863821,0.13099999725818634,0.08178102821727697,-0.3633796923877603,0.3991680669430959,-3.5821527307250722
0.001857649721814944,-0.3503299711897651,0.2946576882147329,1790750002,465420796,0.13199999928474426,0.08523182868674625,-0.3624132855010236,0.3962782550717989,-3.5230577523542386
0.012383322551696455,-0.34896727021499097,0.287966197987582,1790750002,515741588,0.13099999725818634,0.0889117147514922,-0.3614554782865984,0.39355241455072676,-3.462989769615041
0.02155160389201563,-0.34739532868945294,0.2794841998006315,1790750002,565456100,0.13300000131130219,0.09272060295560147,-0.3605295206296246,0.3910703410690365,-3.4034441041827574
0.03279946610971596,-0.3461848378794202,0.2740853984021223,1790750002,615285427,0.13199999928474426,0.09668582647938566,-0.35962721905151535,0.3888104399506582,-3.34372404390326
0.04320116761961677,-0.3447185341373968,0.266608203270047,1790750002,665716479,0.1340000033378601,0.1008553346610933,-0.3587356495656228,0.38675610542556454,-3.2829919380587467
0.054426067377283886,-0.3434392269907337,0.2606811014853069,1790750002,715670621,0.13500000536441803,0.10510833113329675,-0.35788032808055964,0.38497013635271693,-3.2227813211410963
0.06591337451909668,-0.34224615196848235,0.25545629871224435,1790750002,765064178,0.13600000739097595,0.1094177545362182,-0.35706138114495295,0.38345582962591623,-3.1632450721087153
0.0779520820211779,-0.3411152222769553,0.25084610720851297,1790750002,815260025,0.13699999451637268,0.11388530876012035,-0.35625887462916306,0.3821795435720277,-3.1027419148057573
0.0900566155521845,-0.339956485390473,0.24598766111049977,1790750002,865242909,0.13899999856948853,0.1184094903209802,-0.3554880011926785,0.3811759968186837,-3.0424824876746923
0.10296227685316144,-0.33909815022574524,0.24378738833356192,1790750002,915680544,0.13899999856948853,0.12303167240423497,-0.35474102629444987,0.38043847465500874,-2.9816725472236385
0.11566052466445167,-0.33810889741227645,0.2403987893972271,1790750002,965693483,0.14100000262260437,0.1276414640433768,-0.35403172479169503,0.37998360733749664,-2.921574870131256
0.12866131694558497,-0.33754943045918023,0.24074543546064367,1790750003,15434643,0.14000000059604645,0.13224600569682185,-0.3533571232174797,0.3798039376210976,-2.8618379775530682
0.1417854208682287,-0.33673122185152876,0.23888425137565789,1790750003,65315211,0.1420000046491623,0.13690129305486415,-0.3527053051699023,0.37989834740156053,-2.8015523842423766
0.15474624091589265,-0.33655901755142875,0.24277230637011316,1790750003,115502170,0.13899999856948853,0.14158015090833262,-0.3520798023632561,0.38027415695786193,-2.7408236647438073
0.1682553995929895,-0.3358022140224928,0.24152717404098253,1790750003,165278349,0.1420000046491623,0.1462530495422602,-0.35148112489423844,0.3809333061388323,-2.679839637289077
0.18204950481059984,-0.3352460759092455,0.2421628032052901,1790750003,215935818,0.14399999380111694,0.15097347301470446,-0.3509022066731306,0.3818952762816883,-2.6176268204781343
0.19360323557896478,-0.3355396583394687,0.2502555555668282,1790750003,265411996,0.13899999856948853,0.1554990622838226,-0.3503684575635404,0.38310576555305204,-2.557193970355351
0.20665314728166945,-0.3352656147525657,0.2534155754700509,1790750003,316139947,0.14000000059604645,0.16005380195389035,-0.34985211544787037,0.3846243220511431,-2.495291570132605
0.21886642652401822,-0.33518280755398516,0.25818229718139585,1790750003,365379716,0.14000000059604645,0.16440916878399053,-0.349375161832168,0.3863734994004707,-2.4348357173946993
0.23137175221706574,-0.33508179006446914,0.26285818238221037,1790750003,415212747,0.14100000262260437,0.16870917236066948,-0.34892034803033173,0.388408555295797,-2.3735869518871944
0.2427707592717419,-0.3352555195336406,0.270116272362682,1790750003,465599049,0.14000000059604645,0.17293281983314074,-0.34848652584494366,0.3907297162810675,-2.3115881110092436
0.2540451950453544,-0.33540628067629974,0.2770966158365842,1790750003,515276033,0.14000000059604645,0.17695256406039328,-0.3480854068304866,0.39326875610556533,-2.2504489189868204
0.26496016620348767,-0.33562984724965356,0.2848082480892024,1790750003,565592862,0.14000000059604645,0.18084539207199124,-0.3477052672586985,0.39606870454748544,-2.1888294061036344
0.27402526555582674,-0.33608481570218685,0.2946343386892363,1790750003,615654626,0.1379999965429306,0.1845400454495144,-0.3473516815611323,0.3990826616154098,-2.1275784856028404
0.2823864861980535,-0.3365841478058537,0.30491039545509263,1790750003,665146581,0.13600000739097595,0.18804944225250406,-0.34701952520425267,0.40231484632112835,-2.066323784627508
0.29176615427855235,-0.3369937733909602,0.31454182094258243,1790750003,716068237,0.13600000739097595,0.19145668281503675,-0.3466995417123764,0.4058643811692135,-2.0031704285864134
0.29950318437822143,-0.3375131752062026,0.3250636079441082,1790750003,765331117,0.13500000536441803,0.1945510163406381,-0.3464076762195426,0.40950845221732274,-1.9418391791234721
0.30830239275666954,-0.3379615604485655,0.3350137939308774,1790750003,815390483,0.13600000739097595,0.19746538948448816,-0.3461297542133569,0.4134002808186617,-1.8794761558721893
0.3156356008600804,-0.3385214507028431,0.3460340878157923,1790750003,865217134,0.13600000739097595,0.2001309768126157,-0.34586802299312874,0.41745335489116187,-1.8172781087234877
0.31968199565583405,-0.3392730809497801,0.3589977533656674,1790750003,915436500,0.13300000131130219,0.2025613027816901,-0.3456195810663577,0.4216991535554328,-1.7545655365431752
0.3245583846267518,-0.33993298912847647,0.37100050494805115,1790750003,965381800,0.13199999928474426,0.20469412739776338,-0.34538909933561435,0.42601677991758125,-1.6928472397983774
0.3277226222064159,-0.34064588082408676,0.3835644685712529,1790750004,15338165,0.12999999523162842,0.20655620075550904,-0.3451707269402305,0.43044967775954435,-1.6312377043933142
0.33382777057696833,-0.3410461345738999,0.39161360715899446,1790750004,65326446,0.13300000131130219,0.20777505364345994,-0.34501168639301916,0.4338508809968864,-1.5849555456018234
0.3365504907576872,-0.34153195266439984,0.40032889771725544,1790750004,115641979,0.13300000131130219,0.20877722500830984,-0.34486602038087055,0.4370967763752275,-1.5414475837862187
0.3356363373120465,-0.34178233434051636,0.4044927939194574,1790750004,165430010,0.13099999725818634,0.20915129506822017,-0.34480667469871046,0.4384543418173388,-1.5234162939279245
0.33828764971537395,-0.341890456728728,0.4067230418367904,1790750004,215145772,0.13300000131130219,0.2094161324693127,-0.3447624666545828,0.4394779491102099,-1.509878552955562
0.3393764841284026,-0.34189555367197233,0.40694948685381077,1790750004,265426398,0.1340000033378601,0.20945999268027948,-0.3447549435634279,0.4396531568895258,-1.5075660943984985
0.3374374281359357,-0.3419382312184641,0.4074376023089894,1790750004,315533133,0.13199999928474426,0.20945999268027932,-0.3447549435634279,0.4396531568895258,-1.5075660943984985
0.33549837214346906,-0.3419809087649559,0.40792571776416786,1790750004,365324108,0.12999999523162842,0.2094599926802794,-0.3447549435634279,0.43965315688952566,-1.5075660943984985
0.3374374281359358,-0.3419382312184641,0.40743760230898923,1790750004,415178788,0.13199999928474426,0.2094599926802794,-0.3447549435634279,0.43965315688952566,-1.5075660943984985
0.3364679001397024,-0.34195956999171,0.4076816600365786,1790750004,465500145,0.13099999725818634,0.2094599926802794,-0.3447549435634279,0.43965315688952566,-1.5075660943984985
0.33840695613216915,-0.3419168924452182,0.40719354458139995,1790750004,516763617,0.13300000131130219,0.20945999268027943,-0.3447549435634279,0.43965315688952566,-1.5075660943984985
0.33743742813593575,-0.3419382312184641,0.4074376023089891,1790750004,569029408,0.13199999928474426,0.20945999268027937,-0.3447549435634279,0.43965315688952555,-1.5075660943984985
0.33549837214346906,-0.3419809087649559,0.40792571776416786,1790750004,616303752,0.12999999523162842,0.2094599926802794,-0.3447549435634279,0.43965315688952566,-1.5075660943984985
0.3378810789888679,-0.3415712236763061,0.40517351362070425,1790750004,666364423,0.13300000131130219,0.20926756083574355,-0.34455701811481787,0.43891737719103785,-1.5175687871822843
0.33340190760195365,-0.3412735454127636,0.40394176481967004,1790750004,715407673,0.1289999932050705,0.2090394980689066,-0.3443321478980249,0.4380831516233733,-1.5289431343818372
0.3350000456449564,-0.3398791754539282,0.3953321502327731,1790750004,765335751,0.13300000131130219,0.20821213580959075,-0.34358634264907056,0.43533318996642045,-1.5667122334900823
0.331151221404031,-0.33844813094524046,0.3872235926347343,1790750004,815416403,0.13199999928474426,0.2071448341286847,-0.3427442398859567,0.4322564603433181,-1.6095353862569453
0.32536829247348353,-0.33638678193839117,0.37561585676072234,1790750004,865274406,0.13099999725818634,0.20534896167520272,-0.34152776102079996,0.42786458737163685,-1.6719101498741744
0.32027968225083,-0.3341472945016423,0.36280340280763523,1790750004,915389837,0.13199999928474426,0.203130734178882,-0.3402461959681493,0.423325524198994,-1.7382852495953414
0.31413665187597306,-0.331884739755746,0.35002259968564226,1790750004,965548129,0.13300000131130219,0.20054618649951314,-0.33894884374260315,0.4188434174607059,-1.8062153715648877
0.30866184598244123,-0.32952487147268616,0.3364032820814709,1790750005,15854032,0.13600000739097595,0.19763132396470345,-0.3376608974138809,0.41451877524830927,-1.8746262122472175
0.3022704762468082,-0.3272157896604392,0.32319538847239715,1790750005,65367034,0.13899999856948853,0.19447054673273614,-0.3364117521604924,0.41046284559575175,-1.9420206889340743
0.29037374938575056,-0.32534799080416615,0.31426748444766384,1790750005,115353167,0.13600000739097595,0.19099919115118177,-0.3351736536944149,0.4065938378620439,-2.0100695764628727
0.2787347900884344,-0.32351184602752064,0.3056025909406712,1790750005,165278375,0.1340000033378601,0.18727364291679968,-0.333962400895387,0.40297633152584544,-2.07798672514437
0.26975252381963644,-0.3213522652038518,0.2939577255460414,1790750005,215337620,0.13699999451637268,0.183291047044584,-0.3327756670246547,0.3996124340175699,-2.1460764622476316
0.2598044973609376,-0.319240445742052,0.28281336130212553,1790750005,265040400,0.14000000059604645,0.17907563913116312,-0.33161569721955436,0.3965222209687257,-2.2142737861932074
0.24657115260022977,-0.3175222612493067,0.27548850460289565,1790750005,315786648,0.13899999856948853,0.17454759323505079,-0.33046210579522817,0.39366704293289756,-2.2840153470004276
0.23449075930713442,-0.3156435106980787,0.2665875820639848,1790750005,365554086,0.14100000262260437,0.1698992222011305,-0.3293591264209427,0.3911701488989994,-2.352685052649163
0.22085077145396553,-0.3140458388665781,0.26028204411414446,1790750005,415464534,0.14100000262260437,0.16506388940162384,-0.3282877048487439,0.3889909940119608,-2.421599194269431
0.2073878550523215,-0.31233583904890677,0.25302667902229115,1790750005,465195176,0.14300000667572021,0.16005793036440585,-0.3272468520107525,0.3871405926582146,-2.490871591299394
0.19236147662980482,-0.31103129159491383,0.2495114057225024,1790750005,515372199,0.1420000046491623,0.15487200957970962,-0.3262341464463353,0.38562685078671455,-2.5608790120197513
0.17761967995998462,-0.3096305380095361,0.24512708088365603,1790750005,565343647,0.14300000667572021,0.1496019599964769,-0.3252634011486247,0.38448138784033753,-2.630694223195885
0.16244872311695388,-0.3083377856231419,0.24175802787496445,1790750005,615565495,0.14399999380111694,0.14422801462048374,-0.32432901036156514,0.383702681624141,-2.7008772138474044
0.14700249260251425,-0.3073939472094378,0.24144093799844257,1790750005,665244988,0.14300000667572021,0.13884763998430621,-0.32344217259458896,0.383303388104236,-2.7705409960943856
0.1314474526918936,-0.30656180368142893,0.2422011509942657,1790750005,715500382,0.1420000046491623,0.13337837576367234,-0.3225873848784297,0.383280751233816,-2.8410559770056705
0.1158090966391157,-0.3056229184594277,0.24207442541923832,1790750005,765683525,0.14300000667572021,0.12789083478882524,-0.3217711624204603,0.38364514177510356,-2.9119005973743626
0.1003468900887397,-0.30492521508577547,0.24402940572604878,1790750005,815586122,0.14300000667572021,0.12245898933542819,-0.3210021154170546,0.3843917591257362,-2.9824311883936403
0.08563025588886981,-0.30468026337863596,0.24999288932418864,1790750005,865488014,0.14000000059604645,0.11705404087853909,-0.3202705855764664,0.38552697270391967,-3.053424154406611
0.07073948423806359,-0.30422185934465024,0.25406255876530504,1790750005,915188702,0.14000000059604645,0.1117508551867954,-0.31958446680214275,0.3870364581286971,-3.124211310456652
0.055582020453745676,-0.30376979776429586,0.25833389977345145,1790750005,965201669,0.14100000262260437,0.10648276805319302,-0.3189299418128251,0.3889489244291917,-3.1961181084642885
0.04107551201815625,-0.30354900718922,0.26462828404451966,1790750006,15306479,0.14100000262260437,0.1013401702289872,-0.31831639063337747,0.3912422489003735,-3.2682835347296066
0.02753387156711623,-0.3035473944497048,0.27282235207797084,1790750006,65428446,0.14000000059604645,0.09636694579530043,-0.3177433256956019,0.39390283603493254,-3.340533199484542
0.015783547473180573,-0.30384944381649787,0.2835842456792386,1790750006,115546701,0.13699999451637268,0.09159129711853514,-0.31721128480591426,0.3969140510993793,-3.412788841964145
0.0031372666322742604,-0.3039557601021323,0.29271562127735784,1790750006,165601770,0.13699999451637268,0.08702639997042384,-0.31671596071467617,0.4002739267938913,-3.4853039482857953
-0.009071458626690468,-0.30417364797699326,0.3029630248033087,1790750006,216713519,0.13699999451637268,0.08261809526864687,-0.316249044245817,0.4040382888836517,-3.5594133261033036
-0.020694823588926117,-0.3043938288102188,0.3128577302084937,1790750006,265442379,0.1379999965429306,0.07868292256620192,-0.3158377672173394,0.40792138724266125,-3.6300708982703567
-0.027327747683945816,-0.3051911933743399,0.3277648104184191,1790750006,315662532,0.13300000131130219,0.07491796177863042,-0.3154475719897221,0.4122018990880243,-3.7028917941907897
-0.03566396596436282,-0.3057167327775322,0.34020594214328503,1790750006,365283600,0.13199999928474426,0.07155387039164238,-0.31509638924052996,0.41662817335217817,-3.773893655092916
-0.04485469947806242,-0.30618284878597907,0.3522545625269421,1790750006,415618216,0.13300000131130219,0.06847186406893639,-0.3147693260353374,0.4213368522391445,-3.845739321654021
-0.052169281335688183,-0.30677818221647657,0.3651892204485416,1790750006,465400201,0.13300000131130219,0.06578260383675977,-0.31447427994247945,0.4261574352236508,-3.91620076770983
-0.058592465076077974,-0.3074390700822383,0.37868499979428805,1790750006,515562816,0.13300000131130219,0.06342006072493851,-0.31420028487689566,0.4311848080888254,-3.987093233779977
-0.06257935893319,-0.3079426120753445,0.388561318965208,1790750006,565223013,0.13300000131130219,0.06195291314392344,-0.3140162404789251,0.43486277248594957,-4.037617880630782
-0.062055234263494984,-0.30860038673565676,0.3992120286123227,1790750006,615382111,0.1289999932050705,0.0607437820248237,-0.3138516361326936,0.438376096650508,-4.085024582835648
-0.0661027760707191,-0.3086816180197811,0.4021306128753589,1790750006,665701329,0.13199999928474426,0.060302585348852196,-0.3137873832795157,0.43980839912498515,-4.104145670004694
-0.06498976113617186,-0.30890385592519265,0.40543633602301693,1790750006,715433702,0.12999999523162842,0.06000263144253034,-0.31374199328871555,0.44084103888191256,-4.11786532560248
-0.06318700787555834,-0.30900049313805344,0.4064031200842672,1790750006,765517318,0.12800000607967377,0.05995724424693028,-0.3137349864195665,0.4410019538645665,-4.119998455047607
-0.06414905991337191,-0.30896350538725725,0.40613282018824604,1790750006,815266210,0.1289999932050705,0.05995724424693028,-0.3137349864195665,0.4410019538645665,-4.119998455047607
-0.06414905991337191,-0.30896350538725725,0.40613282018824604,1790750006,865621169,0.1289999932050705,0.05995724424693028,-0.3137349864195665,0.4410019538645665,-4.119998455047607
-0.06511112628706248,-0.3089265170852934,0.40586251626439085,1790750006,915426089,0.12999999523162842,0.05995724424693033,-0.3137349864195664,0.44100195386456653,-4.119998455047607
-0.06511112628706253,-0.3089265170852935,0.40586251626439074,1790750006,965386935,0.12999999523162842,0.05995724424693028,-0.3137349864195665,0.4410019538645665,-4.119998455047607
-0.0631870078755583,-0.3090004931380534,0.40640312008426727,1790750007,15914006,0.12800000607967377,0.05995724424693033,-0.3137349864195664,0.44100195386456653,-4.119998455047607
-0.06511112628706253,-0.3089265170852935,0.40586251626439074,1790750007,73239735,0.12999999523162842,0.05995724424693028,-0.3137349864195665,0.4410019538645665,-4.119998455047607
-0.06414905991337191,-0.30896350538725725,0.40613282018824604,1790750007,115386151,0.1289999932050705,0.05995724424693028,-0.3137349864195665,0.4410019538645665,-4.119998455047607
-0.06353895818052574,-0.3086088578869876,0.4040573120530602,1790750007,166238566,0.1289999932050705,0.06018748218375198,-0.3135262631553639,0.4402316859539257,-4.109383247976038
-0.06281451364498161,-0.30820464424411415,0.4016931511652581,1790750007,215428206,0.1289999932050705,0.06046075874543392,-0.3132881319776956,0.4393543197137726,-4.097251347541314
-0.06307628907775586,-0.30676112717036097,0.39304342556764343,1790750007,265128412,0.13199999928474426,0.06142862652646454,-0.31251257039497393,0.4365111918133628,-4.0576108902657735
-0.05968745067038793,-0.3052503188807674,0.3842088012347218,1790750007,315872234,0.13199999928474426,0.06268627321034406,-0.31162450934130076,0.4332805977242298,-4.011879559021672
-0.05141373962731381,-0.30328522112952766,0.3731022710129811,1790750007,365685645,0.1289999932050705,0.06475225116408967,-0.3103652016888762,0.4287469895911089,-3.94620521683682
-0.04911602180820811,-0.3008114007031959,0.35819571271738665,1790750007,415291555,0.1340000033378601,0.06724719716068284,-0.30906068130957903,0.4241316781324893,-3.8771126695454594
-0.04046675593805206,-0.29870371001249035,0.34628424283520154,1790750007,465481772,0.13300000131130219,0.07011596619982201,-0.30775542263133765,0.41962269395090157,-3.80681192831067
-0.03108053182015129,-0.2966904534881016,0.3351185694020071,1790750007,515357063,0.13199999928474426,0.07328323784347843,-0.30648280391958166,0.41534520628650096,-3.7368766277054717
-0.023219737267085025,-0.2945264697613154,0.3227146895358404,1790750007,565538410,0.1340000033378601,0.07674707171873335,-0.30523916318225985,0.41130292913573474,-3.667025203242401
-0.013093895446092088,-0.29260867386527123,0.3122854207447054,1790750007,615391145,0.1340000033378601,0.08046010504028445,-0.3040353449011142,0.40753814289258,-3.597725850752915
-0.004145751829437189,-0.29049729983191735,0.30026091736542987,1790750007,665204361,0.13699999451637268,0.08445386990785458,-0.3028572799320011,0.40402187542490664,-3.5280942483273017
0.007233198224207121,-0.2886046564125554,0.2901667240249231,1790750007,716026007,0.1379999965429306,0.08878134399544292,-0.3016892625769351,0.40072300855296433,-3.4569781261618626
0.01927149411553325,-0.2869850347567494,0.2820940116348355,1790750007,765141971,0.1379999965429306,0.09311458122720692,-0.300612272678103,0.3978761169806162,-3.3893275949200636
0.031654685474149846,-0.2853271335851856,0.27381549977598163,1790750007,815519440,0.13899999856948853,0.09774157011195674,-0.29954699176079097,0.3952705075552111,-3.3201251547443356
0.04494414828779276,-0.2838858091607709,0.2673354515684285,1790750007,865680333,0.13899999856948853,0.10250272342722333,-0.29852842491391085,0.39300805731105737,-3.251541042130042
0.057541979529454335,-0.2822339221439135,0.2590044316030628,1790750007,915669421,0.1420000046491623,0.10739195438861085,-0.2975525190452781,0.39108138612533017,-3.1832487397146383
0.07138967555429282,-0.2810366462517408,0.25444001581353465,1790750007,965076524,0.1420000046491623,0.11228508097880821,-0.2966379708176304,0.3895257878523264,-3.1166314224567673
0.0855470624884273,-0.27981699564510176,0.24977511294464735,1790750008,15476113,0.14300000667572021,0.11736488351839207,-0.2957462103753728,0.38827741722958725,-3.048834806009228
0.09994282825675728,-0.2787148768734031,0.2460790027485211,1790750008,65372052,0.14399999380111694,0.12248354249753314,-0.29490079788843204,0.38737985333737157,-2.9815844944859586
0.11503268950263823,-0.2780552733889129,0.24629968526839366,1790750008,115708900,0.1420000046491623,0.1277035221309909,-0.29408772033400365,0.3868216122613695,-2.913714895682924
0.12983870921067092,-0.27740164786400695,0.24655204103278455,1790750008,165809562,0.14100000262260437,0.1329273269426545,-0.2933192235107862,0.3866166402918735,-2.846225710126859
0.14437890457546898,-0.2767557715193149,0.24679144393096636,1790750008,215244036,0.14100000262260437,0.1380872005800226,-0.2926003023355579,0.3867570327148573,-2.779645991941765
0.1594872639992428,-0.2757678180355271,0.2440604228965684,1790750008,265514810,0.14499999582767487,0.14329139164793467,-0.29191266759572043,0.38724574456567173,-2.7123107865615026
0.1741960799635838,-0.27534461521528364,0.2462744577796978,1790750008,315467415,0.14499999582767487,0.14841729954070162,-0.29126897399243107,0.3880731463049139,-2.645471157195856
0.1882083830683865,-0.2752469237306175,0.25137858967773896,1790750008,365582346,0.14300000667572021,0.15347107652379716,-0.29066499535430995,0.38923577850258745,-2.578793423743723
0.20265477705612023,-0.2749300140299835,0.2545278553680222,1790750008,415781573,0.14399999380111694,0.15844327936745684,-0.29009798112840346,0.39073091869975596,-2.5120707043103563
0.21590139715158707,-0.2749285968668412,0.2603818275821117,1790750008,465234510,0.14300000667572021,0.16321080813967687,-0.2895783651695281,0.3925108858074377,-2.4467410175641913
0.22990873395550773,-0.27482044748429185,0.2654380516026745,1790750008,516149027,0.14399999380111694,0.16798549910104885,-0.28907947882439766,0.39465953288625644,-2.379552149347445
0.2415209398968312,-0.2750981456516599,0.2737002108279334,1790750008,565108712,0.1420000046491623,0.17239283036799613,-0.28863723522654783,0.3969965970150989,-2.315592931797911
0.2544130629609355,-0.2751778627416527,0.2803151059737715,1790750008,615454783,0.14300000667572021,0.17675554162902496,-0.28821483578959134,0.3996815527818558,-2.249932424127736
0.26385936485018757,-0.2757851047838488,0.2917389377192261,1790750008,665532157,0.13899999856948853,0.18091832094693117,-0.2878252944146202,0.40262995030460635,-2.184595765635229
0.2757189595759028,-0.2760309712625544,0.29992662077395293,1790750008,716274683,0.14000000059604645,0.18493409263786292,-0.2874599540310194,0.4058864549320599,-2.118386713090079
0.2846134122343388,-0.2765793847779906,0.3107107275007366,1790750008,765360794,0.1379999965429306,0.18860285104493194,-0.2871342930349049,0.40927322086221835,-2.05448551181519
0.2965804895498554,-0.2768277243262659,0.3187880849480417,1790750008,815341160,0.14100000262260437,0.19210969452972387,-0.2868278374721514,0.4129520454876536,-1.989445179439784
0.3033857375854252,-0.27756431935537523,0.3314266131135615,1790750008,865353895,0.1379999965429306,0.19536006958314037,-0.2865466428965451,0.416830195955915,-1.9247208086282424
0.31340903300355794,-0.2780335192739693,0.3415711386423459,1790750008,915788512,0.14000000059604645,0.198376270230612,-0.28628491849639187,0.4209397600653513,-1.8595196011651958
0.32015490268450536,-0.2787315327418136,0.35382810703850703,1790750008,965523024,0.13899999856948853,0.2010888191740779,-0.28604610300176025,0.4251777000416772,-1.7951856906856272
0.3269704579776424,-0.27941939541804367,0.3660088754004117,1790750009,15374260,0.13899999856948853,0.2035310539571722,-0.28582374892467916,0.42959108512570343,-1.73069340891777
0.33188501965337297,-0.28016510173191295,0.37857629214813326,1790750009,65149939,0.1379999965429306,0.20562059561574889,-0.2856246442199935,0.43399729596542946,-1.6683527443563153
0.3369929286412767,-0.28090956991667765,0.39121913551492904,1790750009,116011687,0.1379999965429306,0.2074591609521068,-0.28543498139659956,0.4385955296900287,-1.6050430806207816
0.3389492262225339,-0.2814405758940233,0.3999743076599168,1790750009,165538717,0.13699999451637268,0.20850537626535587,-0.28531559756413816,0.4416682486213026,-1.5635498164810935
0.3422777210786926,-0.2818865708575792,0.40759219367697996,1790750009,215410211,0.1379999965429306,0.20935962676829814,-0.2852083042729077,0.4445481855843748,-1.5251504383204033
0.3401624121098993,-0.28212785063226054,0.4112464537742253,1790750009,265413873,0.13500000536441803,0.20964171888123967,-0.2851701407730713,0.44559895816913286,-1.5112433076159875
0.3416487263996041,-0.2822249941424842,0.41299851978495583,1790750009,316802938,0.13600000739097595,0.20983006408360438,-0.28514368608379587,0.44633503899314053,-1.5015312956716946
0.34171052227190446,-0.28223956658308086,0.4132426944523149,1790750009,365351372,0.13600000739097595,0.20985246547640218,-0.2851404821536114,0.4464246105710725,-1.500351071357727
0.34171052227190435,-0.2822395665830811,0.4132426944523149,1790750009,415342533,0.13600000739097595,0.20985246547640207,-0.28514048215361154,0.4464246105710725,-1.500351071357727
0.3397714293770867,-0.28228222719031276,0.4137306647693817,1790750009,465241371,0.1340000033378601,0.20985246547640207,-0.28514048215361154,0.4464246105710725,-1.500351071357727
0.3397714293770867,-0.28228222719031276,0.4137306647693817,1790750009,515424949,0.1340000033378601,0.20985246547640207,-0.28514048215361154,0.4464246105710725,-1.500351071357727
0.33783233648226907,-0.2823248877975444,0.4142186350864485,1790750009,565135730,0.13199999928474426,0.20985246547640207,-0.28514048215361154,0.4464246105710725,-1.500351071357727
0.34364960071938333,-0.2821969062936951,0.4127547277709029,1790750009,615476865,0.1379999965429306,0.20985246547640207,-0.28514048215361154,0.4464246105710725,-1.500351071357727
0.34171052227190435,-0.282239566583081,0.4132426944523149,1790750009,665266989,0.13600000739097595,0.20985246547640207,-0.28514048215361154,0.4464246105710725,-1.500351071357727
0.33880188292967794,-0.28230355749392855,0.4139746499279151,1790750009,716077274,0.13300000131130219,0.20985246547640207,-0.28514048215361154,0.4464246105710725,-1.500351071357727
0.34508072568128756,-0.2818189619164551,0.41031292530268293,1790750009,766727735,0.14000000059604645,0.20967262338342485,-0.28495079039202614,0.44573661299022,-1.5097420695031272
0.3406318004450476,-0.28153807212107645,0.4091829504685707,1790750009,815528160,0.13600000739097595,0.20946327798154413,-0.2847385163007521,0.4449681133456583,-1.5202600716994863
0.3394857878492328,-0.2802783656791239,0.4017860176619012,1790750009,865794711,0.13699999451637268,0.2087045914863959,-0.2840311119438779,0.44242090502317766,-1.5553530394556365
0.33780432625681156,-0.2788902503486445,0.3936689506737883,1790750009,915272056,0.1379999965429306,0.20776023814807612,-0.28325313502049837,0.43964176254293996,-1.594096300763724
0.33426159324419125,-0.2768581226442436,0.3819031346093368,1790750009,965437209,0.13899999856948853,0.20615907768451344,-0.2821097464597396,0.43559825130444074,-1.6514743216504728
0.3242944792106659,-0.2749834215415306,0.37226804387528645,1790750010,15812881,0.1340000033378601,0.20419843637123417,-0.28090592915716506,0.4314107973823616,-1.7124303796038751
0.3191076434782065,-0.272906949680456,0.3605685914245848,1790750010,65539283,0.13500000536441803,0.20198347644163017,-0.2797164879070128,0.4273560238765224,-1.7733029994905345
0.316457160101237,-0.2706148380564599,0.3468773307415587,1790750010,115586000,0.14000000059604645,0.19949580054398394,-0.27853172880773,0.42341074421727165,-1.8346912460814955
0.30809626533391843,-0.2687124186862624,0.33685077598778335,1790750010,165200799,0.13899999856948853,0.19680540657719206,-0.27738072348659787,0.4196771295921566,-1.8952185339583822
0.30288408448249887,-0.26650863627046306,0.32406018814362747,1790750010,215453396,0.14300000667572021,0.19385029618853233,-0.2762343567718916,0.4160713031257349,-1.956464663678166
0.29472150995597746,-0.26457045323285316,0.31366153841250544,1790750010,265152399,0.14399999380111694,0.19073102360545174,-0.27512790891476,0.4127095928751117,-2.0166608615207187
0.28504970168685645,-0.262729076582467,0.30430754365335366,1790750010,315753638,0.14399999380111694,0.18734946389403034,-0.2740240979706734,0.40948874084081155,-2.0778801787304393
0.27625977877145647,-0.26081719662502234,0.2941638330920948,1790750010,365460159,0.1459999978542328,0.18383447340246492,-0.2729622514895406,0.4065295749497557,-2.138057744819132
0.2649856261120467,-0.25921300422723625,0.2868899070512879,1790750010,415293292,0.14499999582767487,0.18013046027307322,-0.271921343314586,0.40377916121139873,-2.1983953000882623
0.25491441016664096,-0.2574104159018984,0.2778030275454063,1790750010,465408010,0.1469999998807907,0.1762532300541074,-0.2709038148754557,0.40125077719033275,-2.2588750036464678
0.24221323314504636,-0.25604319226965355,0.2727301303295222,1790750010,515781840,0.14499999582767487,0.1722044855140225,-0.26990824056917456,0.3989503128710369,-2.319629399833438
0.23116988448831888,-0.2543885911194031,0.2649553765215543,1790750010,565474037,0.1469999998807907,0.16806233433244663,-0.268950840493177,0.396918924410555,-2.3797596898285556
0.22064073052124603,-0.2524907910919712,0.25502528738602087,1790750010,615301374,0.15199999511241913,0.16378437275286578,-0.26801855307794353,0.3951332518391396,-2.440089294516745
0.2076806944935623,-0.2511773779693323,0.2503630109051025,1790750010,665398341,0.15199999511241913,0.15941139085882097,-0.2671179777242566,0.3936109432470595,-2.500290376247674
0.19422419521431675,-0.2500613203123144,0.24745158313360177,1790750010,715460652,0.1509999930858612,0.15495754393095507,-0.2662490746623374,0.39235529122288537,-2.5603650873788735
0.18115212483221163,-0.24882708873154366,0.24343186899870511,1790750010,765495267,0.15199999511241913,0.15045885054327685,-0.2654160330904364,0.39137350733172216,-2.6200850228962955
0.16789679831823937,-0.24768644501056591,0.24019847352859064,1790750010,815216326,0.15299999713897705,0.14593660891229598,-0.26461933437986745,0.390664504457133,-2.6793703766106693
0.15397501615724266,-0.2469573570871598,0.2407020050251208,1790750010,865529368,0.1509999930858612,0.1413156077448559,-0.263843821371982,0.3902198454808201,-2.7394413764111842
0.1403418506765912,-0.2461038829880928,0.24005608461271258,1790750010,915569863,0.1509999930858612,0.13669411946579285,-0.2631038105839283,0.3900517326518482,-2.7992020354703144
0.12660102565118336,-0.24500541261518224,0.23724185449558133,1790750010,965447376,0.15399999916553497,0.1320732677582986,-0.26239693165142486,0.3901587906894441,-2.8588807962508285
0.11252415618041575,-0.24410807148786778,0.23625825016226318,1790750011,15676780,0.15600000321865082,0.12742713324885238,-0.261716832998514,0.39054316127406924,-2.9190006380735203
0.09934093328000623,-0.24388075045184457,0.24099596862723577,1790750011,65200763,0.15299999713897705,0.12290163035546002,-0.2610821253769458,0.3911891954336793,-2.9779068719157293
0.08550240631961167,-0.24328478093342756,0.24264264409884254,1790750011,115821029,0.15399999916553497,0.11832287619187226,-0.26046578649564056,0.3921205004797126,-3.038049980059419
0.07228414880332222,-0.24290294871010518,0.24600261361188866,1790750011,165666033,0.15399999916553497,0.11390117375070162,-0.2598939642911705,0.393295954829467,-3.096901776179043
0.058649697474501654,-0.24239321307325293,0.2482438359637499,1790750011,215486944,0.15600000321865082,0.10955764834340376,-0.25935307828003795,0.39472504470642855,-3.1556625441366877
0.048470141193111035,-0.24293949655951386,0.25959175691701697,1790750011,265235040,0.14900000393390656,0.10529630936714231,-0.2588415355439063,0.3964088353067405,-3.214508885327216
0.037121943623527415,-0.24301749387731075,0.26690092563289597,1790750011,315179747,0.1469999998807907,0.10111786276408086,-0.25835705690722804,0.3983475691973454,-3.2736203289474894
0.02494971415402028,-0.24286322014145065,0.2721618671684393,1790750011,365107409,0.14800000190734863,0.09708741310178587,-0.25790504881573784,0.40051254439777895,-3.3323010266264848
0.013550477656859863,-0.24289321941163577,0.27901560111384444,1790750011,415285840,0.14800000190734863,0.09317210427967863,-0.25747921454747386,0.40291736011834345,-3.3911953596213698
0.0020073521634535463,-0.24290571123688423,0.28570594638054386,1790750011,465220668,0.14900000393390656,0.08940988476008198,-0.25708163025821734,0.40554267609184763,-3.4499720399250764
-0.007328122943944887,-0.2432759479142639,0.2954445407013654,1790750011,515400330,0.1469999998807907,0.08578457553835307,-0.25670812164338935,0.40839852272593913,-3.5090684367011358
-0.016597554211448762,-0.2436137993479337,0.3048494601455143,1790750011,565310751,0.1459999978542328,0.0823539815110677,-0.25636255451445106,0.41144243455422347,-3.567774450815449
-0.025997124545702077,-0.24392903758990817,0.31406649100207773,1790750011,615334348,0.1459999978542328,0.07909699086563772,-0.2560402424061166,0.4146872890372941,-3.626600673209513
-0.033342459757677606,-0.24446691964405565,0.32513609861878123,1790750011,665421722,0.14399999380111694,0.07602648837507449,-0.25574042141352626,0.4181271710768987,-3.6855795849307693
-0.04314234575693114,-0.24475373607148182,0.3341322768132066,1790750011,715539088,0.1459999978542328,0.07315738835621827,-0.255462055859983,0.42174336689861713,-3.744608061884452
-0.049894822628624574,-0.24531770013629814,0.34532779476694364,1790750011,765455102,0.14499999582767487,0.070531189926166,-0.255207022125654,0.42548249270019023,-3.803021347055192
-0.0551755615401565,-0.24599382164499803,0.3574937117702081,1790750011,816080358,0.14300000667572021,0.068093692823372,-0.2549676141738588,0.42941842161018384,-3.8621964777342126
-0.05954475790198571,-0.24668499645313458,0.3696018759758958,1790750011,865559083,0.14100000262260437,0.0659353736802126,-0.25475147347670074,0.43340367270699826,-3.92011413487836
-0.06320380191826244,-0.2474022309358125,0.3819425408759405,1790750011,915488763,0.13899999856948853,0.06399037633722299,-0.25454906972620955,0.43754436922298046,-3.9785739226711105
-0.07086059233279036,-0.24773377094846719,0.3900327460118825,1790750011,965487897,0.14300000667572021,0.06258656370642103,-0.25439395190652764,0.440988613622083,-4.026099606945852
-0.07329408101366275,-0.24831037778662687,0.3997608966771265,1790750012,15273678,0.1420000046491623,0.06139794078740136,-0.2542535874925443,0.4443337453845547,-4.071465290430551
-0.07102332090781802,-0.24874599009104623,0.405760348598821,1790750012,65253738,0.1379999965429306,0.06084982420795835,-0.25418501695857953,0.44605786254021074,-4.094585494099735
-0.07315265914590482,-0.24893232093628365,0.40940509068293085,1790750012,115591493,0.13899999856948853,0.06042930019254351,-0.25413010719067275,0.4474818914896245,-4.11356240748374
-0.0752698766005501,-0.24889705000614515,0.4095393080126909,1790750012,165510830,0.14100000262260437,0.060359996814392886,-0.25412070585657526,0.4477263686036458,-4.116810003768856
-0.07433426401960894,-0.24893931999627184,0.40990271347502816,1790750012,215996615,0.14000000059604645,0.06035061163659427,-0.25411930462477683,0.4477597101284151,-4.117252515271711
-0.07145194216964507,-0.2490510626967147,0.4107272837839712,1790750012,265707895,0.13699999451637268,0.06034924099239997,-0.25411909985253855,0.4477645840899924,-4.117317199707031
-0.07048990208534164,-0.24908805519386584,0.41099762557191233,1790750012,315501482,0.13600000739097595,0.06034924099239997,-0.25411909985253855,0.4477645840899924,-4.117317199707031
-0.07433810542965219,-0.24894008355154643,0.40991624633477275,1790750012,365196069,0.14000000059604645,0.06034924099239997,-0.25411909985253855,0.4477645840899924,-4.117317199707031
-0.0733760510096498,-0.24897707659993584,0.41018659215117226,1790750012,415386620,0.13899999856948853,0.06034924099239997,-0.25411909985253855,0.4477645840899924,-4.117317199707031
-0.07241399658964731,-0.2490140696483255,0.4104569379675717,1790750012,465273698,0.1379999965429306,0.06034924099240007,-0.2541190998525388,0.4477645840899924,-4.117317199707031
-0.0733760510096498,-0.24897707659993584,0.41018659215117226,1790750012,516519883,0.13899999856948853,0.06034924099239997,-0.25411909985253855,0.4477645840899924,-4.117317199707031
-0.0733760510096498,-0.24897707659993606,0.41018659215117237,1790750012,567914857,0.13899999856948853,0.060349240992399966,-0.2541190998525388,0.44776458408999253,-4.117317199707031
-0.07241399658964745,-0.24901406964832526,0.4104569379675717,1790750012,622258314,0.1379999965429306,0.06034924099239997,-0.25411909985253855,0.4477645840899924,-4.117317199707031
-0.0739404834865169,-0.2487095892041545,0.40855335834296447,1790750012,667278510,0.14000000059604645,0.06049172441922025,-0.25398731938611097,0.4472848340262914,-4.11070602856959
-0.07058258907483816,-0.24855202419751915,0.40779108571000233,1790750012,715210886,0.13699999451637268,0.06066506047943874,-0.25383104348667174,0.4467164622567824,-4.102857285610125
-0.07151962669121292,-0.24741126386919612,0.4008915546467841,1790750012,765894911,0.14000000059604645,0.06135857945302977,-0.2532430569973025,0.4445879239203532,-4.073293994006724
-0.06914200784375668,-0.24627495946684744,0.39420177239206944,1790750012,815773406,0.14000000059604645,0.062209066194819994,-0.25258926689518024,0.4422332728631755,-4.040249453590904
-0.06598069345638241,-0.2445048977712385,0.38370061756028584,1790750012,865747512,0.14100000262260437,0.0636672839869403,-0.2515964528960762,0.4386743615690535,-3.989520967865002
-0.06380239674676921,-0.2425543896968732,0.37193122177796895,1790750012,915248968,0.14399999380111694,0.06539784472746474,-0.2505632789945676,0.43501175371880346,-3.9361372340210923
-0.0555586590707976,-0.24093427006015716,0.3628436613627092,1790750012,965189481,0.14100000262260437,0.06737036934291982,-0.24952007620943978,0.4313691211977284,-3.8815890756903335
-0.050161997617354445,-0.23908816236245356,0.352031500917817,1790750013,15971600,0.1420000046491623,0.06958591153239203,-0.24847161010836483,0.4277704636980527,-3.8259924980106303
-0.044226747857685614,-0.23729960609869438,0.3416169772231236,1790750013,65665492,0.14300000667572021,0.07197155101658306,-0.24745300577049173,0.4243446371869284,-3.771118126967696
-0.03688581042780481,-0.23561954422431391,0.33208756598812056,1790750013,115448607,0.14300000667572021,0.0745539934090183,-0.24644822302314986,0.4210421147506097,-3.716066430586908
-0.02824702734680805,-0.23406440049359797,0.32360137330219446,1790750013,165780788,0.1420000046491623,0.07733211048886261,-0.2454581639554102,0.417873474840321,-3.6607834411041447
-0.023532809089344117,-0.23208604109574188,0.3115308296112689,1790750013,215513689,0.1469999998807907,0.0802451382571988,-0.24450022179348177,0.41489922771772353,-3.606224860058012
-0.011291443776061144,-0.23100697693966277,0.3069464015660962,1790750013,265143285,0.1420000046491623,0.08332403852957083,-0.2435620042559496,0.4120857525129327,-3.551625130453627
-0.004531409885547594,-0.229178778756049,0.2961378692171462,1790750013,315332827,0.1459999978542328,0.08659460903703602,-0.2426339948630222,0.40941189628545327,-3.4963807986227913
0.0052886315874783735,-0.22777201829745486,0.2888419349291742,1790750013,365271016,0.1459999978542328,0.09000290465497403,-0.24173143820254067,0.4069293005022754,-3.441302906746374
0.014523405535540643,-0.22622160142039455,0.2803562842887748,1790750013,415626624,0.14800000190734863,0.09357788195216442,-0.2408442569244547,0.4046163674574185,-3.3857436220579658
0.024128795595071834,-0.22475004461949047,0.2724403793946056,1790750013,465288664,0.15000000596046448,0.09721711644070961,-0.239996194626814,0.40253901141684734,-3.3311312685972205
0.03569740303047508,-0.22363645300424057,0.26762160086097764,1790750013,515545873,0.14900000393390656,0.10101106961034417,-0.23916284060207713,0.4006406123531685,-3.2758972647488642
0.04540477317652302,-0.2220799274253856,0.258941712734744,1790750013,565442294,0.15299999713897705,0.1048676176200489,-0.23836346573224876,0.3989703370778437,-3.2212464909470953
0.05808853548180617,-0.22120613608065726,0.25623193752971873,1790750013,616563608,0.1509999930858612,0.10890827447098969,-0.23757097265921515,0.39747833275720224,-3.1652892108319377
0.06962213771395054,-0.22024638932676444,0.2525383500643153,1790750013,665294126,0.1509999930858612,0.11282314139242276,-0.23684341616825047,0.39627147044067723,-3.1121325516074414
0.08142668421891004,-0.21922371208382846,0.24841598233595938,1790750013,715375325,0.15199999511241913,0.11690830982460693,-0.23612157892728725,0.39524756904227176,-3.0575325274172465
0.09300513964011782,-0.2179362299513224,0.24198821822378944,1790750013,765440866,0.15600000321865082,0.12106432741154913,-0.23542369301067087,0.3944443483779244,-3.0027196144871677
0.10585616779634924,-0.21728012441266406,0.2410826409977397,1790750013,815814159,0.1550000011920929,0.12529037897241352,-0.23474776317224244,0.3938641627916982,-2.947527172400903
0.11850915551914361,-0.21659789019682638,0.23990407470668731,1790750013,865599163,0.1550000011920929,0.12951119838706,-0.2341046790979869,0.39351874771890816,-2.892794039856319
0.13140277717451088,-0.2160997110661462,0.24040485759867075,1790750013,916044326,0.15399999916553497,0.1338062068743623,-0.23347985781693575,0.39340209210826466,-2.837303466272296
0.1438166711525697,-0.2159187448632808,0.2435871157817783,1790750013,965690404,0.1509999930858612,0.13800381548039573,-0.23289675323773543,0.39351695221369587,-2.783128753442872
0.15614325204257223,-0.2154753630927905,0.24445103962436018,1790750014,15344508,0.1509999930858612,0.1421868720626889,-0.23234022418856368,0.39385583817516817,-2.7290174843130925
0.16831535626580646,-0.21521660088715516,0.24696697905997578,1790750014,65223160,0.15000000596046448,0.14636794705565265,-0.2318076666154499,0.39442222499955176,-2.674667766288215
0.18078203016447286,-0.21480940408603455,0.24819905304551268,1790750014,115516388,0.1509999930858612,0.15054890899933712,-0.2312966968656894,0.3952198865125499,-2.619867783537473
0.19330275063269595,-0.21437612733079817,0.24911324518127764,1790750014,165253660,0.15299999713897705,0.15462710607234656,-0.23081860329270576,0.3962282975267484,-2.5658284635190935
0.2045250151508582,-0.2145482998419379,0.2555197384783067,1790750014,215809389,0.15000000596046448,0.15871071593536806,-0.2303581743270148,0.3974743074230893,-2.51093057772683
0.2158447106577114,-0.2145745020320231,0.2605807996555218,1790750014,265491985,0.14900000393390656,0.16269145219460607,-0.22992673292112473,0.39892833773909664,-2.456480851165585
0.22892834312720345,-0.21416344272294352,0.2617166012941742,1790750014,315392405,0.15299999713897705,0.16661302508942558,-0.22951688972797898,0.4006053046772829,-2.4016986762589374
0.23899845922610463,-0.21452735570244466,0.26987881808579584,1790750014,365877578,0.15000000596046448,0.17046280771800154,-0.2291290976902543,0.4025048162589318,-2.3465985391706807
0.24978406500347222,-0.21465474139081037,0.27581423031584656,1790750014,415522174,0.15000000596046448,0.17413925088796206,-0.22877078610123563,0.40457214722701196,-2.292472875999553
0.2607765425900039,-0.2147548815255813,0.28148454942505585,1790750014,465119954,0.1509999930858612,0.17769952861358426,-0.22843500496417193,0.4068323132000703,-2.2383897286814407
0.2711650125261661,-0.21501750427504698,0.2887645295729694,1790750014,516053000,0.1509999930858612,0.18122525912270054,-0.22811186228180771,0.40934801292804884,-2.182849199099973
0.2802092194927003,-0.21541436533485486,0.2971320226108292,1790750014,565388464,0.15000000596046448,0.18451218584737825,-0.2278189651185613,0.4119719348531832,-2.1289465938321612
0.287564971232861,-0.21602195626901996,0.30755607600547674,1790750014,615665692,0.1469999998807907,0.1877144654860544,-0.22753983732170188,0.4148231020811337,-2.0739975322711452
0.29697778181801543,-0.2163556311766475,0.3153642963849115,1790750014,665231676,0.14800000190734863,0.1907190095572079,-0.22728332730048528,0.4178028601176489,-2.019791168604483
0.30693834744959575,-0.21669029203122592,0.32327609487487297,1790750014,715974461,0.15000000596046448,0.19362527772718374,-0.22703840857217147,0.421015884634613,-1.9642915350267114
0.31223439675029474,-0.21739036850694565,0.33442994091014305,1790750014,765142851,0.1469999998807907,0.1962387930174855,-0.22682034500288936,0.4242358172373607,-1.911186881959923
0.3185938229741929,-0.21799274341056002,0.3447500786153682,1790750014,815262856,0.1459999978542328,0.19871979231711379,-0.22661319197635263,0.4276470267738267,-1.8571701091029942
0.3261436397850787,-0.2185244124387747,0.35444087314595907,1790750014,865571519,0.1469999998807907,0.20104562609146295,-0.22641771515573436,0.43123398942002905,-1.8024401480301466
0.33136565619832986,-0.219193282782094,0.36542010248585804,1790750014,915300782,0.1459999978542328,0.20315369031037428,-0.2262367124259396,0.43490449839914125,-1.748245591336872
0.33690024117355827,-0.2198468186950287,0.3762628815460972,1790750014,965149008,0.1459999978542328,0.20507555682058898,-0.22606770842443974,0.43870927855705777,-1.693678171122381
0.3465036586829532,-0.22035152874097436,0.38560457768436823,1790750015,15414707,0.1509999930858612,0.20680351479865117,-0.2259076529084155,0.4426483958846906,-1.6386054726484602
0.3475034509172974,-0.2210756530400711,0.3965805124351734,1790750015,65270859,0.14800000190734863,0.20810195146638233,-0.22577656797527235,0.4460691365237831,-1.5917584637038928
0.35168499897097505,-0.22166043765229754,0.4060210987618006,1790750015,115308633,0.14900000393390656,0.20921061805437163,-0.2256539527399234,0.44945039523295777,-1.5461924800106515
0.354189307240088,-0.2219698098614057,0.4110118646470839,1790750015,165617842,0.15000000596046448,0.2097377868726468,-0.22559068760740317,0.4512691533787239,-1.5219429454386195
0.3553742757740136,-0.2222507893285921,0.41541494423767517,1790750015,215480596,0.15000000596046448,0.21014112587844352,-0.22553918792538957,0.45278499098930264,-1.501854610309799
0.3536692924716254,-0.2223519023250991,0.41681681572948814,1790750015,266616568,0.14800000190734863,0.21022059944453347,-0.22552859448495408,0.45309879004616316,-1.497708847318913
0.35372834380656626,-0.2223666224171692,0.41704981366853894,1790750015,315619966,0.14800000190734863,0.21024088322913373,-0.22552582063522622,0.4531797000264278,-1.496640466694497
0.35276782428166154,-0.22239020780306332,0.4173295088517852,1790750015,367203996,0.1469999998807907,0.21024398575089945,-0.225525395490504,0.45319210794295883,-1.496476650238037
0.35567647994450147,-0.22232622425115264,0.4165976175906038,1790750015,415652438,0.15000000596046448,0.21024398575089945,-0.225525395490504,0.45319210794295883,-1.496476650238037
0.35276782428166154,-0.22239020780306332,0.4173295088517852,1790750015,465235793,0.1469999998807907,0.21024398575089945,-0.225525395490504,0.45319210794295883,-1.496476650238037
0.35179827239404826,-0.2224115356537002,0.41757347260551236,1790750015,515272732,0.1459999978542328,0.21024398575089945,-0.225525395490504,0.45319210794295883,-1.496476650238037
0.35179827239404826,-0.2224115356537002,0.41757347260551236,1790750015,565531766,0.1459999978542328,0.21024398575089945,-0.225525395490504,0.45319210794295883,-1.496476650238037
0.35082872050643493,-0.22243286350433708,0.4178174363592395,1790750015,616089819,0.14499999582767487,0.21024398575089945,-0.225525395490504,0.45319210794295883,-1.496476650238037
