# WaveFront *.obj file (generated by Autodesk ATF)

mtllib Body2.mtl

g Body2

v 0.000000 -0.189231 0.000000
v -0.014311 -0.188689 0.000000
v -0.028541 -0.187066 0.000000
v -0.042606 -0.184372 0.000000
v -0.056428 -0.180622 0.000000
v -0.069927 -0.175837 0.000000
v -0.083025 -0.170045 0.000000
v -0.095647 -0.163279 0.000000
v -0.107722 -0.155577 0.000000
v -0.119180 -0.146985 0.000000
v -0.129954 -0.137550 0.000000
v -0.139985 -0.127328 0.000000
v -0.149214 -0.116377 0.000000
v -0.157588 -0.104758 0.000000
v -0.165059 -0.092540 0.000000
v -0.171585 -0.079792 0.000000
v -0.177128 -0.066587 0.000000
v -0.181657 -0.053000 0.000000
v -0.185145 -0.039110 0.000000
v -0.187573 -0.024995 0.000000
v -0.188926 -0.010738 0.000000
v -0.189197 0.003581 0.000000
v -0.188384 0.017879 0.000000
v -0.186492 0.032076 0.000000
v -0.183533 0.046088 0.000000
v -0.179521 0.059836 0.000000
v -0.174482 0.073242 0.000000
v -0.168443 0.086228 0.000000
v -0.161439 0.098720 0.000000
v -0.153511 0.110647 0.000000
v -0.144703 0.121940 0.000000
v -0.135067 0.132534 0.000000
v -0.124656 0.142370 0.000000
v -0.113532 0.151389 0.000000
v -0.101758 0.159542 0.000000
v -0.089400 0.166781 0.000000
v -0.076531 0.173065 0.000000
v -0.063223 0.178357 0.000000
v -0.049553 0.182627 0.000000
v -0.035599 0.185852 0.000000
v -0.021441 0.188012 0.000000
v -0.007161 0.189095 0.000000
v 0.007161 0.189095 0.000000
v 0.021441 0.188012 0.000000
v 0.035599 0.185852 0.000000
v 0.049553 0.182627 0.000000
v 0.063223 0.178357 0.000000
v 0.076531 0.173065 0.000000
v 0.089400 0.166781 0.000000
v 0.101758 0.159542 0.000000
v 0.113532 0.151389 0.000000
v 0.124656 0.142370 0.000000
v 0.135067 0.132534 0.000000
v 0.144703 0.121940 0.000000
v 0.153511 0.110647 0.000000
v 0.161439 0.098720 0.000000
v 0.168443 0.086228 0.000000
v 0.174482 0.073242 0.000000
v 0.179521 0.059836 0.000000
v 0.183533 0.046088 0.000000
v 0.186492 0.032076 0.000000
v 0.188384 0.017879 0.000000
v 0.189197 0.003581 0.000000
v 0.188926 -0.010738 0.000000
v 0.187573 -0.024995 0.000000
v 0.185145 -0.039110 0.000000
v 0.181657 -0.053000 0.000000
v 0.177128 -0.066587 0.000000
v 0.171585 -0.079792 0.000000
v 0.165059 -0.092540 0.000000
v 0.157588 -0.104758 0.000000
v 0.149214 -0.116377 0.000000
v 0.139985 -0.127328 0.000000
v 0.129954 -0.137550 0.000000
v 0.119180 -0.146985 0.000000
v 0.107722 -0.155577 0.000000
v 0.095647 -0.163279 0.000000
v 0.083025 -0.170045 0.000000
v 0.069927 -0.175837 0.000000
v 0.056428 -0.180622 0.000000
v 0.042606 -0.184372 0.000000
v 0.028541 -0.187066 0.000000
v 0.014311 -0.188689 0.000000
v 0.000000 -0.228462 0.510000
v -0.015762 -0.227917 0.510000
v -0.031449 -0.226287 0.510000
v -0.046985 -0.223578 0.510000
v -0.062298 -0.219804 0.510000
v -0.077314 -0.214982 0.510000
v -0.091962 -0.209136 0.510000
v -0.106171 -0.202293 0.510000
v -0.119875 -0.194486 0.510000
v -0.133007 -0.185752 0.510000
v -0.145505 -0.176133 0.510000
v -0.157310 -0.165675 0.510000
v -0.168365 -0.154427 0.510000
v -0.178618 -0.142443 0.510000
v -0.188020 -0.129781 0.510000
v -0.196526 -0.116500 0.510000
v -0.204095 -0.102664 0.510000
v -0.210692 -0.088338 0.510000
v -0.216284 -0.073592 0.510000
v -0.220846 -0.058495 0.510000
v -0.224356 -0.043119 0.510000
v -0.226796 -0.027538 0.510000
v -0.228155 -0.011825 0.510000
v -0.228428 0.003943 0.510000
v -0.227611 0.019693 0.510000
v -0.225710 0.035350 0.510000
v -0.222734 0.050837 0.510000
v -0.218695 0.066083 0.510000
v -0.213615 0.081014 0.510000
v -0.207517 0.095558 0.510000
v -0.200430 0.109647 0.510000
v -0.192388 0.123214 0.510000
v -0.183429 0.136193 0.510000
v -0.173595 0.148524 0.510000
v -0.162935 0.160146 0.510000
v -0.151498 0.171006 0.510000
v -0.139339 0.181050 0.510000
v -0.126516 0.190232 0.510000
v -0.113090 0.198507 0.510000
v -0.099126 0.205837 0.510000
v -0.084689 0.212185 0.510000
v -0.069848 0.217522 0.510000
v -0.054674 0.221823 0.510000
v -0.039240 0.225066 0.510000
v -0.023619 0.227237 0.510000
v -0.007886 0.228325 0.510000
v 0.007886 0.228325 0.510000
v 0.023619 0.227237 0.510000
v 0.039240 0.225066 0.510000
v 0.054674 0.221823 0.510000
v 0.069848 0.217522 0.510000
v 0.084689 0.212185 0.510000
v 0.099126 0.205837 0.510000
v 0.113090 0.198507 0.510000
v 0.126516 0.190232 0.510000
v 0.139339 0.181050 0.510000
v 0.151498 0.171006 0.510000
v 0.162935 0.160146 0.510000
v 0.173595 0.148524 0.510000
v 0.183429 0.136193 0.510000
v 0.192388 0.123214 0.510000
v 0.200430 0.109647 0.510000
v 0.207517 0.095558 0.510000
v 0.213615 0.081014 0.510000
v 0.218695 0.066083 0.510000
v 0.222734 0.050837 0.510000
v 0.225710 0.035350 0.510000
v 0.227611 0.019693 0.510000
v 0.228428 0.003943 0.510000
v 0.228155 -0.011825 0.510000
v 0.226796 -0.027538 0.510000
v 0.224356 -0.043119 0.510000
v 0.220846 -0.058495 0.510000
v 0.216284 -0.073592 0.510000
v 0.210692 -0.088338 0.510000
v 0.204095 -0.102664 0.510000
v 0.196526 -0.116500 0.510000
v 0.188020 -0.129781 0.510000
v 0.178618 -0.142443 0.510000
v 0.168365 -0.154427 0.510000
v 0.157310 -0.165675 0.510000
v 0.145505 -0.176133 0.510000
v 0.133007 -0.185752 0.510000
v 0.119875 -0.194486 0.510000
v 0.106171 -0.202293 0.510000
v 0.091962 -0.209136 0.510000
v 0.077314 -0.214982 0.510000
v 0.062298 -0.219804 0.510000
v 0.046985 -0.223578 0.510000
v 0.031449 -0.226287 0.510000
v 0.015762 -0.227917 0.510000
v -0.070676 0.196524 0.255000
v -0.189700 -0.087354 0.255000
v -0.090615 -0.188164 0.255000
v 0.090615 -0.188164 0.255000
v 0.189700 -0.087354 0.255000
v 0.070676 0.196524 0.255000
v 0.007209 -0.208722 0.255000
v -0.007209 -0.208722 0.255000
v 0.021591 -0.207727 0.255000
v 0.035871 -0.205742 0.255000
v 0.049980 -0.202777 0.255000
v 0.063851 -0.198846 0.255000
v 0.077417 -0.193967 0.255000
v 0.103381 -0.181464 0.255000
v 0.115654 -0.173899 0.255000
v 0.127376 -0.165506 0.255000
v 0.138491 -0.156324 0.255000
v 0.148946 -0.146396 0.255000
v 0.158691 -0.135772 0.255000
v 0.167680 -0.124500 0.255000
v 0.175870 -0.112635 0.255000
v 0.183221 -0.100233 0.255000
v 0.199919 -0.060409 0.255000
v 0.195275 -0.074058 0.255000
v 0.203610 -0.046473 0.255000
v 0.206331 -0.032315 0.255000
v 0.208069 -0.018003 0.255000
v 0.208815 -0.003605 0.255000
v 0.208566 0.010810 0.255000
v 0.207323 0.025174 0.255000
v 0.205093 0.039417 0.255000
v 0.201885 0.053473 0.255000
v 0.197714 0.067274 0.255000
v 0.192585 0.080794 0.255000
v 0.186572 0.093849 0.255000
v 0.179652 0.106497 0.255000
v 0.171877 0.118638 0.255000
v 0.163282 0.130213 0.255000
v 0.153910 0.141168 0.255000
v 0.143804 0.151450 0.255000
v 0.133012 0.161011 0.255000
v 0.121587 0.169804 0.255000
v 0.109583 0.177787 0.255000
v 0.097056 0.184924 0.255000
v 0.084066 0.191179 0.255000
v 0.056949 0.200932 0.255000
v 0.042951 0.204382 0.255000
v 0.028748 0.206858 0.255000
v 0.014409 0.208349 0.255000
v 0.000000 0.208846 0.255000
v -0.014409 0.208349 0.255000
v -0.028748 0.206858 0.255000
v -0.042951 0.204382 0.255000
v -0.056949 0.200932 0.255000
v -0.097056 0.184924 0.255000
v -0.084066 0.191179 0.255000
v -0.109583 0.177787 0.255000
v -0.121587 0.169804 0.255000
v -0.133012 0.161011 0.255000
v -0.143804 0.151450 0.255000
v -0.153910 0.141168 0.255000
v -0.163282 0.130213 0.255000
v -0.171877 0.118638 0.255000
v -0.179652 0.106497 0.255000
v -0.186572 0.093849 0.255000
v -0.192585 0.080794 0.255000
v -0.197714 0.067274 0.255000
v -0.201885 0.053473 0.255000
v -0.205093 0.039417 0.255000
v -0.207323 0.025174 0.255000
v -0.208566 0.010810 0.255000
v -0.208815 -0.003605 0.255000
v -0.208069 -0.018003 0.255000
v -0.206331 -0.032315 0.255000
v -0.203610 -0.046473 0.255000
v -0.199919 -0.060409 0.255000
v -0.195275 -0.074058 0.255000
v -0.183221 -0.100233 0.255000
v -0.175870 -0.112635 0.255000
v -0.167680 -0.124500 0.255000
v -0.158691 -0.135772 0.255000
v -0.148946 -0.146396 0.255000
v -0.138491 -0.156324 0.255000
v -0.127376 -0.165506 0.255000
v -0.115654 -0.173899 0.255000
v -0.103381 -0.181464 0.255000
v -0.063851 -0.198846 0.255000
v -0.077417 -0.193967 0.255000
v -0.049980 -0.202777 0.255000
v -0.035871 -0.205742 0.255000
v -0.021591 -0.207727 0.255000
v 0.000000 -0.240000 0.510000
v -0.016030 -0.239464 0.510000
v -0.031989 -0.237859 0.510000
v -0.047805 -0.235191 0.510000
v -0.063407 -0.231473 0.510000
v -0.078726 -0.226721 0.510000
v -0.093693 -0.220956 0.510000
v -0.108242 -0.214205 0.510000
v -0.122308 -0.206496 0.510000
v -0.135827 -0.197866 0.510000
v -0.148740 -0.188352 0.510000
v -0.160988 -0.177997 0.510000
v -0.172518 -0.166846 0.510000
v -0.183277 -0.154951 0.510000
v -0.193217 -0.142363 0.510000
v -0.202294 -0.129140 0.510000
v -0.210468 -0.115340 0.510000
v -0.217702 -0.101024 0.510000
v -0.223963 -0.086258 0.510000
v -0.229225 -0.071106 0.510000
v -0.233462 -0.055637 0.510000
v -0.236657 -0.039919 0.510000
v -0.238795 -0.024023 0.510000
v -0.239866 -0.008020 0.510000
v -0.239866 0.008020 0.510000
v -0.238795 0.024023 0.510000
v -0.236657 0.039919 0.510000
v -0.233462 0.055637 0.510000
v -0.229225 0.071106 0.510000
v -0.223963 0.086258 0.510000
v -0.217702 0.101024 0.510000
v -0.210468 0.115340 0.510000
v -0.202294 0.129140 0.510000
v -0.193217 0.142363 0.510000
v -0.183277 0.154951 0.510000
v -0.172518 0.166846 0.510000
v -0.160988 0.177997 0.510000
v -0.148740 0.188352 0.510000
v -0.135827 0.197866 0.510000
v -0.122308 0.206496 0.510000
v -0.108242 0.214205 0.510000
v -0.093693 0.220956 0.510000
v -0.078726 0.226721 0.510000
v -0.063407 0.231473 0.510000
v -0.047805 0.235191 0.510000
v -0.031989 0.237859 0.510000
v -0.016030 0.239464 0.510000
v 0.000000 0.240000 0.510000
v 0.016030 0.239464 0.510000
v 0.031989 0.237859 0.510000
v 0.047805 0.235191 0.510000
v 0.063407 0.231473 0.510000
v 0.078726 0.226721 0.510000
v 0.093693 0.220956 0.510000
v 0.108242 0.214205 0.510000
v 0.122308 0.206496 0.510000
v 0.135827 0.197866 0.510000
v 0.148740 0.188352 0.510000
v 0.160988 0.177997 0.510000
v 0.172518 0.166846 0.510000
v 0.183277 0.154951 0.510000
v 0.193217 0.142363 0.510000
v 0.202294 0.129140 0.510000
v 0.210468 0.115340 0.510000
v 0.217702 0.101024 0.510000
v 0.223963 0.086258 0.510000
v 0.229225 0.071106 0.510000
v 0.233462 0.055637 0.510000
v 0.236657 0.039919 0.510000
v 0.238795 0.024023 0.510000
v 0.239866 0.008020 0.510000
v 0.239866 -0.008020 0.510000
v 0.238795 -0.024023 0.510000
v 0.236657 -0.039919 0.510000
v 0.233462 -0.055637 0.510000
v 0.229225 -0.071106 0.510000
v 0.223963 -0.086258 0.510000
v 0.217702 -0.101024 0.510000
v 0.210468 -0.115340 0.510000
v 0.202294 -0.129140 0.510000
v 0.193217 -0.142363 0.510000
v 0.183277 -0.154951 0.510000
v 0.172518 -0.166846 0.510000
v 0.160988 -0.177997 0.510000
v 0.148740 -0.188352 0.510000
v 0.135827 -0.197866 0.510000
v 0.122308 -0.206496 0.510000
v 0.108242 -0.214205 0.510000
v 0.093693 -0.220956 0.510000
v 0.078726 -0.226721 0.510000
v 0.063407 -0.231473 0.510000
v 0.047805 -0.235191 0.510000
v 0.031989 -0.237859 0.510000
v 0.016030 -0.239464 0.510000
v 0.000000 -0.240000 0.530000
v -0.016030 -0.239464 0.530000
v -0.031989 -0.237859 0.530000
v -0.047805 -0.235191 0.530000
v -0.063407 -0.231473 0.530000
v -0.078726 -0.226721 0.530000
v -0.093693 -0.220956 0.530000
v -0.108242 -0.214205 0.530000
v -0.122308 -0.206496 0.530000
v -0.135827 -0.197866 0.530000
v -0.148740 -0.188352 0.530000
v -0.160988 -0.177997 0.530000
v -0.172518 -0.166846 0.530000
v -0.183277 -0.154951 0.530000
v -0.193217 -0.142363 0.530000
v -0.202294 -0.129140 0.530000
v -0.210468 -0.115340 0.530000
v -0.217702 -0.101024 0.530000
v -0.223963 -0.086258 0.530000
v -0.229225 -0.071106 0.530000
v -0.233462 -0.055637 0.530000
v -0.236657 -0.039919 0.530000
v -0.238795 -0.024023 0.530000
v -0.239866 -0.008020 0.530000
v -0.239866 0.008020 0.530000
v -0.238795 0.024023 0.530000
v -0.236657 0.039919 0.530000
v -0.233462 0.055637 0.530000
v -0.229225 0.071106 0.530000
v -0.223963 0.086258 0.530000
v -0.217702 0.101024 0.530000
v -0.210468 0.115340 0.530000
v -0.202294 0.129140 0.530000
v -0.193217 0.142363 0.530000
v -0.183277 0.154951 0.530000
v -0.172518 0.166846 0.530000
v -0.160988 0.177997 0.530000
v -0.148740 0.188352 0.530000
v -0.135827 0.197866 0.530000
v -0.122308 0.206496 0.530000
v -0.108242 0.214205 0.530000
v -0.093693 0.220956 0.530000
v -0.078726 0.226721 0.530000
v -0.063407 0.231473 0.530000
v -0.047805 0.235191 0.530000
v -0.031989 0.237859 0.530000
v -0.016030 0.239464 0.530000
v 0.000000 0.240000 0.530000
v 0.016030 0.239464 0.530000
v 0.031989 0.237859 0.530000
v 0.047805 0.235191 0.530000
v 0.063407 0.231473 0.530000
v 0.078726 0.226721 0.530000
v 0.093693 0.220956 0.530000
v 0.108242 0.214205 0.530000
v 0.122308 0.206496 0.530000
v 0.135827 0.197866 0.530000
v 0.148740 0.188352 0.530000
v 0.160988 0.177997 0.530000
v 0.172518 0.166846 0.530000
v 0.183277 0.154951 0.530000
v 0.193217 0.142363 0.530000
v 0.202294 0.129140 0.530000
v 0.210468 0.115340 0.530000
v 0.217702 0.101024 0.530000
v 0.223963 0.086258 0.530000
v 0.229225 0.071106 0.530000
v 0.233462 0.055637 0.530000
v 0.236657 0.039919 0.530000
v 0.238795 0.024023 0.530000
v 0.239866 0.008020 0.530000
v 0.239866 -0.008020 0.530000
v 0.238795 -0.024023 0.530000
v 0.236657 -0.039919 0.530000
v 0.233462 -0.055637 0.530000
v 0.229225 -0.071106 0.530000
v 0.223963 -0.086258 0.530000
v 0.217702 -0.101024 0.530000
v 0.210468 -0.115340 0.530000
v 0.202294 -0.129140 0.530000
v 0.193217 -0.142363 0.530000
v 0.183277 -0.154951 0.530000
v 0.172518 -0.166846 0.530000
v 0.160988 -0.177997 0.530000
v 0.148740 -0.188352 0.530000
v 0.135827 -0.197866 0.530000
v 0.122308 -0.206496 0.530000
v 0.108242 -0.214205 0.530000
v 0.093693 -0.220956 0.530000
v 0.078726 -0.226721 0.530000
v 0.063407 -0.231473 0.530000
v 0.047805 -0.235191 0.530000
v 0.031989 -0.237859 0.530000
v 0.016030 -0.239464 0.530000
v 0.000000 -0.225000 0.530000
v -0.015523 -0.224464 0.530000
v -0.030972 -0.222858 0.530000
v -0.046273 -0.220190 0.530000
v -0.061354 -0.216473 0.530000
v -0.076143 -0.211724 0.530000
v -0.090569 -0.205967 0.530000
v -0.104563 -0.199228 0.530000
v -0.118059 -0.191539 0.530000
v -0.130992 -0.182938 0.530000
v -0.143301 -0.173464 0.530000
v -0.154927 -0.163165 0.530000
v -0.165814 -0.152087 0.530000
v -0.175912 -0.140285 0.530000
v -0.185171 -0.127815 0.530000
v -0.193548 -0.114735 0.530000
v -0.201003 -0.101108 0.530000
v -0.207499 -0.087000 0.530000
v -0.213007 -0.072477 0.530000
v -0.217500 -0.057609 0.530000
v -0.220956 -0.042466 0.530000
v -0.223359 -0.027121 0.530000
v -0.224698 -0.011646 0.530000
v -0.224966 0.003884 0.530000
v -0.224163 0.019395 0.530000
v -0.222290 0.034814 0.530000
v -0.219359 0.050067 0.530000
v -0.215382 0.065082 0.530000
v -0.210379 0.079786 0.530000
v -0.204373 0.094110 0.530000
v -0.197393 0.107986 0.530000
v -0.189473 0.121347 0.530000
v -0.180649 0.134130 0.530000
v -0.170965 0.146273 0.530000
v -0.160466 0.157720 0.530000
v -0.149203 0.168415 0.530000
v -0.137228 0.178307 0.530000
v -0.124599 0.187350 0.530000
v -0.111377 0.195500 0.530000
v -0.097624 0.202718 0.530000
v -0.083405 0.208970 0.530000
v -0.068790 0.214226 0.530000
v -0.053846 0.218462 0.530000
v -0.038646 0.221656 0.530000
v -0.023261 0.223794 0.530000
v -0.007766 0.224866 0.530000
v 0.007766 0.224866 0.530000
v 0.023261 0.223794 0.530000
v 0.038646 0.221656 0.530000
v 0.053846 0.218462 0.530000
v 0.068790 0.214226 0.530000
v 0.083405 0.208970 0.530000
v 0.097624 0.202718 0.530000
v 0.111377 0.195500 0.530000
v 0.124599 0.187350 0.530000
v 0.137228 0.178307 0.530000
v 0.149203 0.168415 0.530000
v 0.160466 0.157720 0.530000
v 0.170965 0.146273 0.530000
v 0.180649 0.134130 0.530000
v 0.189473 0.121347 0.530000
v 0.197393 0.107986 0.530000
v 0.204373 0.094110 0.530000
v 0.210379 0.079786 0.530000
v 0.215382 0.065082 0.530000
v 0.219359 0.050067 0.530000
v 0.222290 0.034814 0.530000
v 0.224163 0.019395 0.530000
v 0.224966 0.003884 0.530000
v 0.224698 -0.011646 0.530000
v 0.223359 -0.027121 0.530000
v 0.220956 -0.042466 0.530000
v 0.217500 -0.057609 0.530000
v 0.213007 -0.072477 0.530000
v 0.207499 -0.087000 0.530000
v 0.201003 -0.101108 0.530000
v 0.193548 -0.114735 0.530000
v 0.185171 -0.127815 0.530000
v 0.175912 -0.140285 0.530000
v 0.165814 -0.152087 0.530000
v 0.154927 -0.163165 0.530000
v 0.143301 -0.173464 0.530000
v 0.130992 -0.182938 0.530000
v 0.118059 -0.191539 0.530000
v 0.104563 -0.199228 0.530000
v 0.090569 -0.205967 0.530000
v 0.076143 -0.211724 0.530000
v 0.061354 -0.216473 0.530000
v 0.046273 -0.220190 0.530000
v 0.030972 -0.222858 0.530000
v 0.015523 -0.224464 0.530000
v 0.000000 -0.185000 0.010000
v -0.014162 -0.184457 0.010000
v -0.028240 -0.182832 0.010000
v -0.042153 -0.180134 0.010000
v -0.055818 -0.176378 0.010000
v -0.069156 -0.171588 0.010000
v -0.082088 -0.165791 0.010000
v -0.094538 -0.159020 0.010000
v -0.106434 -0.151317 0.010000
v -0.117705 -0.142725 0.010000
v -0.128285 -0.133296 0.010000
v -0.138112 -0.123085 0.010000
v -0.147129 -0.112152 0.010000
v -0.155283 -0.100560 0.010000
v -0.162525 -0.088378 0.010000
v -0.168813 -0.075678 0.010000
v -0.174111 -0.062533 0.010000
v -0.178387 -0.049022 0.010000
v -0.181616 -0.035222 0.010000
v -0.183779 -0.021216 0.010000
v -0.184864 -0.007086 0.010000
v -0.184864 0.007086 0.010000
v -0.183779 0.021216 0.010000
v -0.181616 0.035222 0.010000
v -0.178387 0.049022 0.010000
v -0.174111 0.062533 0.010000
v -0.168813 0.075678 0.010000
v -0.162525 0.088378 0.010000
v -0.155283 0.100560 0.010000
v -0.147129 0.112152 0.010000
v -0.138112 0.123085 0.010000
v -0.128285 0.133296 0.010000
v -0.117705 0.142725 0.010000
v -0.106434 0.151317 0.010000
v -0.094538 0.159020 0.010000
v -0.082088 0.165791 0.010000
v -0.069156 0.171588 0.010000
v -0.055818 0.176378 0.010000
v -0.042153 0.180134 0.010000
v -0.028240 0.182832 0.010000
v -0.014162 0.184457 0.010000
v -0.000000 0.185000 0.010000
v 0.014162 0.184457 0.010000
v 0.028240 0.182832 0.010000
v 0.042153 0.180134 0.010000
v 0.055818 0.176378 0.010000
v 0.069156 0.171588 0.010000
v 0.082088 0.165791 0.010000
v 0.094538 0.159020 0.010000
v 0.106434 0.151317 0.010000
v 0.117705 0.142725 0.010000
v 0.128285 0.133296 0.010000
v 0.138112 0.123085 0.010000
v 0.147129 0.112152 0.010000
v 0.155283 0.100560 0.010000
v 0.162525 0.088378 0.010000
v 0.168813 0.075678 0.010000
v 0.174111 0.062533 0.010000
v 0.178387 0.049022 0.010000
v 0.181616 0.035222 0.010000
v 0.183779 0.021216 0.010000
v 0.184864 0.007086 0.010000
v 0.184864 -0.007086 0.010000
v 0.183779 -0.021216 0.010000
v 0.181616 -0.035222 0.010000
v 0.178387 -0.049022 0.010000
v 0.174111 -0.062533 0.010000
v 0.168813 -0.075678 0.010000
v 0.162525 -0.088378 0.010000
v 0.155283 -0.100560 0.010000
v 0.147129 -0.112152 0.010000
v 0.138112 -0.123085 0.010000
v 0.128285 -0.133296 0.010000
v 0.117705 -0.142725 0.010000
v 0.106434 -0.151317 0.010000
v 0.094538 -0.159020 0.010000
v 0.082088 -0.165791 0.010000
v 0.069156 -0.171588 0.010000
v 0.055818 -0.176378 0.010000
v 0.042153 -0.180134 0.010000
v 0.028240 -0.182832 0.010000
v 0.014162 -0.184457 0.010000
v 0.000000 0.205000 0.270000
v -0.141155 0.148661 0.270000
v -0.203505 0.024710 0.270000
v -0.172631 -0.110561 0.270000
v -0.062675 -0.195184 0.270000
v 0.062675 -0.195184 0.270000
v 0.172631 -0.110561 0.270000
v 0.203505 0.024710 0.270000
v 0.141155 0.148661 0.270000
v 0.007076 -0.204878 0.270000
v -0.007076 -0.204878 0.270000
v 0.021194 -0.203902 0.270000
v 0.035211 -0.201953 0.270000
v 0.049060 -0.199043 0.270000
v 0.075992 -0.190395 0.270000
v 0.088946 -0.184699 0.270000
v 0.101477 -0.178122 0.270000
v 0.113524 -0.170697 0.270000
v 0.125030 -0.162458 0.270000
v 0.135940 -0.153445 0.270000
v 0.146203 -0.143700 0.270000
v 0.155768 -0.133271 0.270000
v 0.164592 -0.122207 0.270000
v 0.179847 -0.098387 0.270000
v 0.186206 -0.085745 0.270000
v 0.191678 -0.072694 0.270000
v 0.196237 -0.059297 0.270000
v 0.199860 -0.045617 0.270000
v 0.202531 -0.031720 0.270000
v 0.204237 -0.017671 0.270000
v 0.204969 -0.003538 0.270000
v 0.204725 0.010611 0.270000
v 0.201316 0.038691 0.270000
v 0.198167 0.052488 0.270000
v 0.194073 0.066035 0.270000
v 0.189055 0.079267 0.270000
v 0.183136 0.092121 0.270000
v 0.176344 0.104536 0.270000
v 0.168712 0.116453 0.270000
v 0.160275 0.127815 0.270000
v 0.151075 0.138568 0.270000
v 0.130563 0.158045 0.270000
v 0.119348 0.166677 0.270000
v 0.107564 0.174513 0.270000
v 0.095268 0.181518 0.270000
v 0.082518 0.187659 0.270000
v 0.069375 0.192905 0.270000
v 0.055901 0.197231 0.270000
v 0.042160 0.200618 0.270000
v 0.028219 0.203048 0.270000
v 0.014143 0.204512 0.270000
v -0.014143 0.204512 0.270000
v -0.028219 0.203048 0.270000
v -0.042160 0.200618 0.270000
v -0.055901 0.197231 0.270000
v -0.069375 0.192905 0.270000
v -0.082518 0.187659 0.270000
v -0.095268 0.181518 0.270000
v -0.107564 0.174513 0.270000
v -0.119348 0.166677 0.270000
v -0.130563 0.158045 0.270000
v -0.151075 0.138568 0.270000
v -0.160275 0.127815 0.270000
v -0.168712 0.116453 0.270000
v -0.176344 0.104536 0.270000
v -0.183136 0.092121 0.270000
v -0.189055 0.079267 0.270000
v -0.194073 0.066035 0.270000
v -0.198167 0.052488 0.270000
v -0.201316 0.038691 0.270000
v -0.204725 0.010611 0.270000
v -0.204969 -0.003538 0.270000
v -0.204237 -0.017671 0.270000
v -0.202531 -0.031720 0.270000
v -0.199860 -0.045617 0.270000
v -0.196237 -0.059297 0.270000
v -0.191678 -0.072694 0.270000
v -0.186206 -0.085745 0.270000
v -0.179847 -0.098387 0.270000
v -0.164592 -0.122207 0.270000
v -0.155768 -0.133271 0.270000
v -0.146203 -0.143700 0.270000
v -0.135940 -0.153445 0.270000
v -0.125030 -0.162458 0.270000
v -0.113524 -0.170697 0.270000
v -0.101477 -0.178122 0.270000
v -0.088946 -0.184699 0.270000
v -0.075992 -0.190395 0.270000
v -0.049060 -0.199043 0.270000
v -0.035211 -0.201953 0.270000
v -0.021194 -0.203902 0.270000
vt 0.000000 0.000000 0.000000
vt 1.431129 0.054195 0.000000
vt -1.431129 0.054195 0.000000
vt -2.854060 0.216469 0.000000
vt 2.854060 0.216469 0.000000
vt -4.260643 0.485893 0.000000
vt 4.260643 0.485893 0.000000
vt -5.642822 0.860923 0.000000
vt 5.642822 0.860923 0.000000
vt -6.992679 1.339412 0.000000
vt 6.992679 1.339412 0.000000
vt -8.302483 1.918618 0.000000
vt 8.302483 1.918618 0.000000
vt -9.564731 2.595225 0.000000
vt 9.564731 2.595225 0.000000
vt -10.772193 3.365355 0.000000
vt 10.772193 3.365355 0.000000
vt -11.917953 4.224600 0.000000
vt 11.917953 4.224600 0.000000
vt -12.995448 5.168035 0.000000
vt 12.995448 5.168035 0.000000
vt -13.998506 6.190258 0.000000
vt 13.998506 6.190258 0.000000
vt -14.921382 7.285414 0.000000
vt 14.921382 7.285414 0.000000
vt -15.758790 8.447229 0.000000
vt 15.758790 8.447229 0.000000
vt -16.505933 9.669049 0.000000
vt 16.505933 9.669049 0.000000
vt -17.158531 10.943875 0.000000
vt 17.158531 10.943875 0.000000
vt -17.712847 12.264405 0.000000
vt 17.712847 12.264405 0.000000
vt -18.165705 13.623076 0.000000
vt 18.165705 13.623076 0.000000
vt -18.514511 15.012104 0.000000
vt 18.514511 15.012104 0.000000
vt -18.757269 16.423534 0.000000
vt 18.757269 16.423534 0.000000
vt -18.892586 17.849282 0.000000
vt 18.892586 17.849282 0.000000
vt -18.919688 19.281180 0.000000
vt 18.919688 19.281180 0.000000
vt -18.838420 20.711026 0.000000
vt 18.838420 20.711026 0.000000
vt -18.649247 22.130632 0.000000
vt 18.649247 22.130632 0.000000
vt -18.353254 23.531865 0.000000
vt 18.353254 23.531865 0.000000
vt -17.952134 24.906699 0.000000
vt 17.952134 24.906699 0.000000
vt -17.448186 26.247259 0.000000
vt 17.448186 26.247259 0.000000
vt -16.844296 27.545868 0.000000
vt 16.844296 27.545868 0.000000
vt -16.143924 28.795085 0.000000
vt 16.143924 28.795085 0.000000
vt -15.351081 29.987757 0.000000
vt 15.351081 29.987757 0.000000
vt -14.470308 31.117051 0.000000
vt 14.470308 31.117051 0.000000
vt -13.506651 32.176500 0.000000
vt 13.506651 32.176500 0.000000
vt -12.465629 33.160034 0.000000
vt 12.465629 33.160034 0.000000
vt -11.353205 34.062020 0.000000
vt 11.353205 34.062020 0.000000
vt -10.175750 34.877291 0.000000
vt 10.175750 34.877291 0.000000
vt -8.940010 35.601178 0.000000
vt 8.940010 35.601178 0.000000
vt -7.653063 36.229534 0.000000
vt 7.653063 36.229534 0.000000
vt -6.322279 36.758761 0.000000
vt 6.322279 36.758761 0.000000
vt -4.955282 37.185827 0.000000
vt 4.955282 37.185827 0.000000
vt -3.559901 37.508285 0.000000
vt 3.559901 37.508285 0.000000
vt -2.144130 37.724288 0.000000
vt 2.144130 37.724288 0.000000
vt -0.716077 37.832600 0.000000
vt 0.716077 37.832600 0.000000
vt 25.575333 1.580987 0.000000
vt 0.000000 0.720999 0.000000
vt 25.575333 0.000000 0.000000
vt 0.000000 -0.720999 0.000000
vt 25.575333 -1.580987 0.000000
vt 0.000000 -2.162998 0.000000
vt 25.575333 -3.161974 0.000000
vt 0.000000 -3.604997 0.000000
vt 25.575333 -4.742961 0.000000
vt 0.000000 -5.046996 0.000000
vt 25.575333 -6.323947 0.000000
vt 0.000000 -6.488995 0.000000
vt 25.575333 -7.904934 0.000000
vt 0.000000 -7.930994 0.000000
vt 0.000000 -9.372993 0.000000
vt -25.575333 -8.651994 0.000000
vt -25.575333 -10.093993 0.000000
vt 0.000000 2.162998 0.000000
vt 25.575333 3.161974 0.000000
vt 0.000000 3.604997 0.000000
vt 25.575333 4.742961 0.000000
vt 0.000000 5.046996 0.000000
vt 25.575333 6.323947 0.000000
vt 0.000000 6.488995 0.000000
vt 25.575333 7.904934 0.000000
vt 0.000000 7.930994 0.000000
vt 0.000000 9.372993 0.000000
vt -25.575333 8.651994 0.000000
vt -25.575333 10.093993 0.000000
vt 0.000000 10.814992 0.000000
vt -25.575333 11.535992 0.000000
vt 0.000000 12.256991 0.000000
vt -25.575333 12.977991 0.000000
vt 0.000000 13.698990 0.000000
vt -25.575333 14.419990 0.000000
vt 0.000000 15.140989 0.000000
vt -25.575333 15.861989 0.000000
vt 0.000000 16.582988 0.000000
vt -25.575333 17.303988 0.000000
vt 0.000000 18.024987 0.000000
vt -25.575333 18.745987 0.000000
vt 0.000000 19.466986 0.000000
vt -25.575333 20.187986 0.000000
vt 0.000000 20.908985 0.000000
vt -25.575333 21.629985 0.000000
vt 0.000000 22.350984 0.000000
vt -25.575333 23.071984 0.000000
vt 0.000000 23.792983 0.000000
vt -25.575333 24.513983 0.000000
vt 0.000000 25.234982 0.000000
vt -25.575333 25.955982 0.000000
vt 0.000000 26.676981 0.000000
vt -25.575333 27.397981 0.000000
vt 0.000000 28.118980 0.000000
vt -25.575333 28.839980 0.000000
vt 0.000000 29.560979 0.000000
vt -25.575333 30.281979 0.000000
vt 0.000000 31.002978 0.000000
vt -25.575333 31.723978 0.000000
vt 0.000000 32.444977 0.000000
vt -25.575333 33.165977 0.000000
vt 0.000000 33.886976 0.000000
vt -25.575333 34.607976 0.000000
vt 0.000000 35.328975 0.000000
vt -25.575333 36.049975 0.000000
vt 0.000000 36.770974 0.000000
vt -25.575333 37.491974 0.000000
vt 0.000000 38.212973 0.000000
vt -25.575333 38.933973 0.000000
vt 0.000000 39.654972 0.000000
vt -25.575333 40.375972 0.000000
vt 0.000000 41.101315 0.000000
vt -25.575333 41.817971 0.000000
vt 0.000000 42.538970 0.000000
vt -25.575333 43.259970 0.000000
vt 0.000000 43.980969 0.000000
vt -25.575333 44.701969 0.000000
vt 0.000000 45.422968 0.000000
vt -25.575333 46.143968 0.000000
vt 0.000000 46.864967 0.000000
vt -25.575333 47.585967 0.000000
vt 0.000000 48.306966 0.000000
vt -25.575333 49.027966 0.000000
vt 0.000000 49.748965 0.000000
vt -25.575333 50.469965 0.000000
vt 0.000000 51.190964 0.000000
vt -25.575333 51.911964 0.000000
vt 0.000000 52.632963 0.000000
vt -25.575333 53.353963 0.000000
vt 0.000000 54.074962 0.000000
vt -25.575333 54.795962 0.000000
vt 0.000000 55.516961 0.000000
vt -25.575333 56.237961 0.000000
vt 0.000000 56.958960 0.000000
vt -25.575333 57.679960 0.000000
vt 0.000000 58.400959 0.000000
vt -25.575333 59.121959 0.000000
vt 0.000000 59.842958 0.000000
vt -25.575333 60.563958 0.000000
vt 0.000000 61.284957 0.000000
vt -25.575333 62.005957 0.000000
vt 0.000000 62.726956 0.000000
vt -25.575333 63.447956 0.000000
vt 0.000000 64.168955 0.000000
vt -25.575333 64.889955 0.000000
vt 0.000000 65.610954 0.000000
vt -25.575333 66.331954 0.000000
vt -25.575333 -64.889955 0.000000
vt 0.000000 -65.610954 0.000000
vt 0.000000 -64.168955 0.000000
vt -25.575333 -63.447956 0.000000
vt 0.000000 -62.726956 0.000000
vt -25.575333 -62.005957 0.000000
vt 0.000000 -61.284957 0.000000
vt -25.575333 -60.563958 0.000000
vt 0.000000 -59.842958 0.000000
vt -25.575333 -59.121959 0.000000
vt 0.000000 -58.400959 0.000000
vt -25.575333 -57.679960 0.000000
vt 0.000000 -56.958960 0.000000
vt -25.575333 -56.237961 0.000000
vt 0.000000 -55.516961 0.000000
vt -25.575333 -54.795962 0.000000
vt 0.000000 -54.074962 0.000000
vt -25.575333 -53.353963 0.000000
vt 0.000000 -52.632963 0.000000
vt -25.575333 -51.911964 0.000000
vt 0.000000 -51.190964 0.000000
vt -25.575333 -50.469965 0.000000
vt 0.000000 -49.748965 0.000000
vt -25.575333 -49.027966 0.000000
vt 0.000000 -48.306966 0.000000
vt -25.575333 -47.585967 0.000000
vt 0.000000 -46.864967 0.000000
vt -25.575333 -46.143968 0.000000
vt 0.000000 -45.422968 0.000000
vt -25.575333 -44.701969 0.000000
vt 0.000000 -43.980969 0.000000
vt -25.575333 -43.259970 0.000000
vt 0.000000 -42.538970 0.000000
vt -25.575333 -41.817971 0.000000
vt 0.000000 -41.101315 0.000000
vt -25.575333 -40.375972 0.000000
vt 0.000000 -39.654972 0.000000
vt -25.575333 -38.933973 0.000000
vt 0.000000 -38.212973 0.000000
vt -25.575333 -37.491974 0.000000
vt 0.000000 -36.770974 0.000000
vt -25.575333 -36.049975 0.000000
vt 0.000000 -35.328975 0.000000
vt -25.575333 -34.607976 0.000000
vt 0.000000 -33.886976 0.000000
vt -25.575333 -33.165977 0.000000
vt 0.000000 -32.444977 0.000000
vt -25.575333 -31.723978 0.000000
vt 0.000000 -31.002978 0.000000
vt -25.575333 -30.281979 0.000000
vt 0.000000 -29.560979 0.000000
vt -25.575333 -28.839980 0.000000
vt 0.000000 -28.118980 0.000000
vt -25.575333 -27.397981 0.000000
vt 0.000000 -26.676981 0.000000
vt -25.575333 -25.955982 0.000000
vt 0.000000 -25.234982 0.000000
vt -25.575333 -24.513983 0.000000
vt 0.000000 -23.792983 0.000000
vt -25.575333 -23.071984 0.000000
vt 0.000000 -22.350984 0.000000
vt -25.575333 -21.629985 0.000000
vt 0.000000 -20.908985 0.000000
vt -25.575333 -20.187986 0.000000
vt 0.000000 -19.466986 0.000000
vt -25.575333 -18.745987 0.000000
vt 0.000000 -18.024987 0.000000
vt -25.575333 -17.303988 0.000000
vt 0.000000 -16.582988 0.000000
vt -25.575333 -15.861989 0.000000
vt 0.000000 -15.140989 0.000000
vt -25.575333 -14.419990 0.000000
vt 0.000000 -13.698990 0.000000
vt -25.575333 -12.977991 0.000000
vt 0.000000 -12.256991 0.000000
vt -25.575333 -11.535992 0.000000
vt 0.000000 -10.814992 0.000000
vt 25.575333 9.485921 0.000000
vt 25.575333 11.066908 0.000000
vt 25.575333 12.647895 0.000000
vt 25.575333 14.228882 0.000000
vt 25.575333 15.809868 0.000000
vt 25.575333 17.390855 0.000000
vt 25.575333 18.971842 0.000000
vt 25.575333 20.552829 0.000000
vt 25.575333 22.133816 0.000000
vt 25.575333 23.714803 0.000000
vt 25.575333 25.295790 0.000000
vt 25.575333 26.876776 0.000000
vt 25.575333 28.457763 0.000000
vt 25.575333 30.038750 0.000000
vt 25.575333 31.619737 0.000000
vt 25.575333 33.200724 0.000000
vt 25.575333 34.781711 0.000000
vt 25.575333 36.362698 0.000000
vt 25.575333 37.943684 0.000000
vt 25.575333 39.524671 0.000000
vt 25.575333 41.105658 0.000000
vt 25.575333 42.686645 0.000000
vt 25.575333 44.267632 0.000000
vt 25.575333 45.848619 0.000000
vt 25.575333 47.429605 0.000000
vt 25.575333 49.010592 0.000000
vt 25.575333 50.591579 0.000000
vt 25.575333 52.172566 0.000000
vt 25.575333 53.753553 0.000000
vt 25.575333 55.334540 0.000000
vt 25.575333 56.915527 0.000000
vt 25.575333 58.496513 0.000000
vt 25.575333 60.077500 0.000000
vt 25.575333 61.658487 0.000000
vt 25.575333 63.239474 0.000000
vt 25.575333 64.820461 0.000000
vt 25.575333 -66.401448 0.000000
vt 25.575333 -64.820461 0.000000
vt 25.575333 -63.239474 0.000000
vt 25.575333 -61.658487 0.000000
vt 25.575333 -60.077500 0.000000
vt 25.575333 -58.496513 0.000000
vt 25.575333 -56.915527 0.000000
vt 25.575333 -55.334540 0.000000
vt 25.575333 -53.753553 0.000000
vt 25.575333 -52.172566 0.000000
vt 25.575333 -50.591579 0.000000
vt 25.575333 -49.010592 0.000000
vt 25.575333 -47.429605 0.000000
vt 25.575333 -45.848619 0.000000
vt 25.575333 -44.267632 0.000000
vt 25.575333 -42.686645 0.000000
vt 25.575333 -41.105658 0.000000
vt 25.575333 -39.524671 0.000000
vt 25.575333 -37.943684 0.000000
vt 25.575333 -36.362698 0.000000
vt 25.575333 -34.781711 0.000000
vt 25.575333 -33.200724 0.000000
vt 25.575333 -31.619737 0.000000
vt 25.575333 -30.038750 0.000000
vt 25.575333 -28.457763 0.000000
vt 25.575333 -26.876776 0.000000
vt 25.575333 -25.295790 0.000000
vt 25.575333 -23.714803 0.000000
vt 25.575333 -22.133816 0.000000
vt 25.575333 -20.552829 0.000000
vt 25.575333 -18.971842 0.000000
vt 25.575333 -17.390855 0.000000
vt 25.575333 -15.809868 0.000000
vt 25.575333 -14.228882 0.000000
vt 25.575333 -12.647895 0.000000
vt 25.575333 -11.066908 0.000000
vt 25.575333 -9.485921 0.000000
vt -25.575333 -1.441999 0.000000
vt -25.575333 0.000000 0.000000
vt -25.575333 1.441999 0.000000
vt -25.575333 2.883998 0.000000
vt -25.575333 4.325997 0.000000
vt -25.575333 5.767996 0.000000
vt -25.575333 7.209995 0.000000
vt -25.575333 -2.883998 0.000000
vt -25.575333 -4.325997 0.000000
vt -25.575333 -5.767996 0.000000
vt -25.575333 -7.209995 0.000000
vt -1.576182 1.208282 0.000000
vt -1.603023 0.053595 0.000000
vt 0.000000 1.153846 0.000000
vt 0.000000 0.000000 0.000000
vt 1.603023 0.053595 0.000000
vt -3.198887 0.214140 0.000000
vt -3.144853 1.371331 0.000000
vt -4.780464 0.480919 0.000000
vt -4.698538 1.642216 0.000000
vt -6.340690 0.852740 0.000000
vt -6.229832 2.019646 0.000000
vt -7.872597 1.327942 0.000000
vt -7.731437 2.501823 0.000000
vt -9.369343 1.904403 0.000000
vt -9.196199 3.086448 0.000000
vt -10.824243 2.579548 0.000000
vt -10.617137 3.770735 0.000000
vt -12.230799 3.350362 0.000000
vt -11.987479 4.551425 0.000000
vt -13.582730 4.213403 0.000000
vt -13.300696 5.424795 0.000000
vt -14.873997 5.164815 0.000000
vt -14.550529 6.386685 0.000000
vt -16.098834 6.200349 0.000000
vt -15.731022 7.432511 0.000000
vt -17.251768 7.315382 0.000000
vt -16.836549 8.557288 0.000000
vt -18.327653 8.504932 0.000000
vt -17.861842 9.755656 0.000000
vt -19.321681 9.763686 0.000000
vt -18.802016 11.021905 0.000000
vt -20.229415 11.086024 0.000000
vt -19.652590 12.350001 0.000000
vt -21.046798 12.466038 0.000000
vt -20.409510 13.733615 0.000000
vt -21.770182 13.897566 0.000000
vt -21.069169 15.166152 0.000000
vt -22.396335 15.374213 0.000000
vt -21.628424 16.640787 0.000000
vt -22.922460 16.889386 0.000000
vt -22.084610 18.150492 0.000000
vt -23.346208 18.436316 0.000000
vt -22.435553 19.688072 0.000000
vt -23.665686 20.008095 0.000000
vt -22.679580 21.246200 0.000000
vt -23.879468 21.597703 0.000000
vt -22.815528 22.817452 0.000000
vt -23.986598 23.198041 0.000000
vt -22.842750 24.394339 0.000000
vt -23.986598 24.801959 0.000000
vt -22.761116 25.969347 0.000000
vt -23.879468 26.402297 0.000000
vt -22.571015 27.534970 0.000000
vt -23.665686 27.991905 0.000000
vt -22.273353 29.083747 0.000000
vt -23.346208 29.563684 0.000000
vt -21.869548 30.608298 0.000000
vt -22.922460 31.110614 0.000000
vt -21.361525 32.101358 0.000000
vt -22.396335 32.625787 0.000000
vt -20.751704 33.555811 0.000000
vt -21.770182 34.102434 0.000000
vt -20.042992 34.964725 0.000000
vt -21.046798 35.533962 0.000000
vt -20.229415 36.913976 0.000000
vt -19.238766 36.321388 0.000000
vt -19.321681 38.236314 0.000000
vt -18.342859 37.619334 0.000000
vt -18.327653 39.495068 0.000000
vt -17.359539 38.852378 0.000000
vt -17.251768 40.684618 0.000000
vt -16.293494 40.014643 0.000000
vt -16.098834 41.799651 0.000000
vt -15.149802 41.100592 0.000000
vt -14.873997 42.835185 0.000000
vt -13.933915 42.105048 0.000000
vt -13.582730 43.786597 0.000000
vt -12.651626 43.023225 0.000000
vt -12.230799 44.649638 0.000000
vt -11.309047 43.850748 0.000000
vt -10.824243 45.420452 0.000000
vt -9.912575 44.583673 0.000000
vt -9.369343 46.095597 0.000000
vt -8.468865 45.218508 0.000000
vt -7.872597 46.672058 0.000000
vt -6.984796 45.752227 0.000000
vt -6.340690 47.147260 0.000000
vt -5.467442 46.182286 0.000000
vt -4.780464 47.519081 0.000000
vt -3.924034 46.506637 0.000000
vt -3.198887 47.785860 0.000000
vt -2.361925 46.723733 0.000000
vt -1.603023 47.946405 0.000000
vt -0.788561 46.832541 0.000000
vt -0.000000 48.000000 0.000000
vt 0.788561 46.832541 0.000000
vt 1.603023 47.946405 0.000000
vt 2.361925 46.723733 0.000000
vt 3.198887 47.785860 0.000000
vt 3.924034 46.506637 0.000000
vt 4.780464 47.519081 0.000000
vt 5.467442 46.182286 0.000000
vt 6.340690 47.147260 0.000000
vt 6.984796 45.752227 0.000000
vt 7.872597 46.672058 0.000000
vt 8.468865 45.218508 0.000000
vt 9.369343 46.095597 0.000000
vt 9.912575 44.583673 0.000000
vt 10.824243 45.420452 0.000000
vt 11.309047 43.850748 0.000000
vt 12.230799 44.649638 0.000000
vt 12.651626 43.023225 0.000000
vt 13.582730 43.786597 0.000000
vt 13.933915 42.105048 0.000000
vt 14.873997 42.835185 0.000000
vt 15.149802 41.100592 0.000000
vt 16.098834 41.799651 0.000000
vt 16.293494 40.014643 0.000000
vt 17.251768 40.684618 0.000000
vt 17.359539 38.852378 0.000000
vt 18.327653 39.495068 0.000000
vt 18.342859 37.619334 0.000000
vt 19.321681 38.236314 0.000000
vt 19.238766 36.321388 0.000000
vt 20.229415 36.913976 0.000000
vt 20.042992 34.964725 0.000000
vt 21.046798 35.533962 0.000000
vt 21.770182 34.102434 0.000000
vt 20.751704 33.555811 0.000000
vt 22.396335 32.625787 0.000000
vt 21.361525 32.101358 0.000000
vt 22.922460 31.110614 0.000000
vt 21.869548 30.608298 0.000000
vt 23.346208 29.563684 0.000000
vt 22.273353 29.083747 0.000000
vt 23.665686 27.991905 0.000000
vt 22.571015 27.534970 0.000000
vt 23.879468 26.402297 0.000000
vt 22.761116 25.969347 0.000000
vt 23.986598 24.801959 0.000000
vt 22.842750 24.394339 0.000000
vt 23.986598 23.198041 0.000000
vt 22.815528 22.817452 0.000000
vt 23.879468 21.597703 0.000000
vt 22.679580 21.246200 0.000000
vt 23.665686 20.008095 0.000000
vt 22.435553 19.688072 0.000000
vt 23.346208 18.436316 0.000000
vt 22.084610 18.150492 0.000000
vt 22.922460 16.889386 0.000000
vt 21.628424 16.640787 0.000000
vt 22.396335 15.374213 0.000000
vt 21.069169 15.166152 0.000000
vt 21.770182 13.897566 0.000000
vt 20.409510 13.733615 0.000000
vt 21.046798 12.466038 0.000000
vt 19.652590 12.350001 0.000000
vt 20.229415 11.086024 0.000000
vt 18.802016 11.021905 0.000000
vt 19.321681 9.763686 0.000000
vt 17.861842 9.755656 0.000000
vt 18.327653 8.504932 0.000000
vt 16.836549 8.557288 0.000000
vt 17.251768 7.315382 0.000000
vt 15.731022 7.432511 0.000000
vt 16.098834 6.200349 0.000000
vt 14.550529 6.386685 0.000000
vt 14.873997 5.164815 0.000000
vt 13.300696 5.424795 0.000000
vt 13.582730 4.213403 0.000000
vt 11.987479 4.551425 0.000000
vt 12.230799 3.350362 0.000000
vt 10.617137 3.770735 0.000000
vt 10.824243 2.579548 0.000000
vt 9.196199 3.086448 0.000000
vt 9.369343 1.904403 0.000000
vt 7.731437 2.501823 0.000000
vt 7.872597 1.327942 0.000000
vt 6.229832 2.019646 0.000000
vt 6.340690 0.852740 0.000000
vt 4.698538 1.642216 0.000000
vt 4.780464 0.480919 0.000000
vt 3.144853 1.371331 0.000000
vt 3.198887 0.214140 0.000000
vt 1.576182 1.208282 0.000000
vt 1.000000 1.604218 0.000000
vt -1.000000 1.604218 0.000000
vt 1.000000 0.000000 0.000000
vt -1.000000 0.000000 0.000000
vt 1.000000 -1.604218 0.000000
vt -1.000000 -1.604218 0.000000
vt 1.000000 -3.208435 0.000000
vt -1.000000 -3.208435 0.000000
vt 1.000000 -4.812653 0.000000
vt -1.000000 -4.812653 0.000000
vt 1.000000 -6.416870 0.000000
vt -1.000000 -6.416870 0.000000
vt 1.000000 -8.021088 0.000000
vt -1.000000 -8.021088 0.000000
vt 1.000000 -9.625305 0.000000
vt -1.000000 -9.625305 0.000000
vt 1.000000 -11.229523 0.000000
vt -1.000000 -11.229523 0.000000
vt 1.000000 -12.833740 0.000000
vt -1.000000 -12.833740 0.000000
vt 1.000000 -14.437958 0.000000
vt -1.000000 -14.437958 0.000000
vt 1.000000 -16.042175 0.000000
vt -1.000000 -16.042175 0.000000
vt 1.000000 -17.646393 0.000000
vt -1.000000 -17.646393 0.000000
vt 1.000000 -19.250610 0.000000
vt -1.000000 -19.250610 0.000000
vt 1.000000 -20.854828 0.000000
vt -1.000000 -20.854828 0.000000
vt 1.000000 -22.459045 0.000000
vt -1.000000 -22.459045 0.000000
vt 1.000000 -24.063263 0.000000
vt -1.000000 -24.063263 0.000000
vt 1.000000 -25.667480 0.000000
vt -1.000000 -25.667480 0.000000
vt 1.000000 -27.271698 0.000000
vt -1.000000 -27.271698 0.000000
vt 1.000000 -28.875915 0.000000
vt -1.000000 -28.875915 0.000000
vt 1.000000 -30.480133 0.000000
vt -1.000000 -30.480133 0.000000
vt 1.000000 -32.084350 0.000000
vt -1.000000 -32.084350 0.000000
vt 1.000000 -33.688568 0.000000
vt -1.000000 -33.688568 0.000000
vt 1.000000 -35.292786 0.000000
vt -1.000000 -35.292786 0.000000
vt 1.000000 -36.897003 0.000000
vt -1.000000 -36.897003 0.000000
vt 1.000000 -38.501221 0.000000
vt -1.000000 -38.501221 0.000000
vt 1.000000 -40.105438 0.000000
vt -1.000000 -40.105438 0.000000
vt 1.000000 -41.709656 0.000000
vt -1.000000 -41.709656 0.000000
vt 1.000000 -43.313873 0.000000
vt -1.000000 -43.313873 0.000000
vt 1.000000 -44.918091 0.000000
vt -1.000000 -44.918091 0.000000
vt 1.000000 -46.522308 0.000000
vt -1.000000 -46.522308 0.000000
vt 1.000000 -48.126526 0.000000
vt -1.000000 -48.126526 0.000000
vt 1.000000 -49.730743 0.000000
vt -1.000000 -49.730743 0.000000
vt 1.000000 -51.334961 0.000000
vt -1.000000 -51.334961 0.000000
vt 1.000000 -52.939178 0.000000
vt -1.000000 -52.939178 0.000000
vt 1.000000 -54.543396 0.000000
vt -1.000000 -54.543396 0.000000
vt 1.000000 -56.147613 0.000000
vt -1.000000 -56.147613 0.000000
vt 1.000000 -57.751831 0.000000
vt -1.000000 -57.751831 0.000000
vt 1.000000 -59.356048 0.000000
vt -1.000000 -59.356048 0.000000
vt 1.000000 -60.960266 0.000000
vt -1.000000 -60.960266 0.000000
vt 1.000000 -62.564483 0.000000
vt -1.000000 -62.564483 0.000000
vt 1.000000 -64.168701 0.000000
vt -1.000000 -64.168701 0.000000
vt 1.000000 -65.772919 0.000000
vt -1.000000 -65.772919 0.000000
vt 1.000000 -67.377136 0.000000
vt -1.000000 -67.377136 0.000000
vt 1.000000 -68.981354 0.000000
vt -1.000000 -68.981354 0.000000
vt 1.000000 -70.585571 0.000000
vt -1.000000 -70.585571 0.000000
vt 1.000000 -72.189789 0.000000
vt -1.000000 -72.189789 0.000000
vt 1.000000 -73.794006 0.000000
vt -1.000000 -73.794006 0.000000
vt 1.000000 -75.398224 0.000000
vt -1.000000 -75.398224 0.000000
vt 1.000000 75.398224 0.000000
vt -1.000000 75.398224 0.000000
vt 1.000000 73.794006 0.000000
vt -1.000000 73.794006 0.000000
vt 1.000000 72.189789 0.000000
vt -1.000000 72.189789 0.000000
vt 1.000000 70.585571 0.000000
vt -1.000000 70.585571 0.000000
vt 1.000000 68.981354 0.000000
vt -1.000000 68.981354 0.000000
vt 1.000000 67.377136 0.000000
vt -1.000000 67.377136 0.000000
vt 1.000000 65.772919 0.000000
vt -1.000000 65.772919 0.000000
vt 1.000000 64.168701 0.000000
vt -1.000000 64.168701 0.000000
vt 1.000000 62.564483 0.000000
vt -1.000000 62.564483 0.000000
vt 1.000000 60.960266 0.000000
vt -1.000000 60.960266 0.000000
vt 1.000000 59.356048 0.000000
vt -1.000000 59.356048 0.000000
vt 1.000000 57.751831 0.000000
vt -1.000000 57.751831 0.000000
vt 1.000000 56.147613 0.000000
vt -1.000000 56.147613 0.000000
vt 1.000000 54.543396 0.000000
vt -1.000000 54.543396 0.000000
vt 1.000000 52.939178 0.000000
vt -1.000000 52.939178 0.000000
vt 1.000000 51.334961 0.000000
vt -1.000000 51.334961 0.000000
vt 1.000000 49.730743 0.000000
vt -1.000000 49.730743 0.000000
vt 1.000000 48.126526 0.000000
vt -1.000000 48.126526 0.000000
vt 1.000000 46.522308 0.000000
vt -1.000000 46.522308 0.000000
vt 1.000000 44.918091 0.000000
vt -1.000000 44.918091 0.000000
vt 1.000000 43.313873 0.000000
vt -1.000000 43.313873 0.000000
vt 1.000000 41.709656 0.000000
vt -1.000000 41.709656 0.000000
vt 1.000000 40.105438 0.000000
vt -1.000000 40.105438 0.000000
vt 1.000000 38.501221 0.000000
vt -1.000000 38.501221 0.000000
vt 1.000000 36.897003 0.000000
vt -1.000000 36.897003 0.000000
vt 1.000000 35.292786 0.000000
vt -1.000000 35.292786 0.000000
vt 1.000000 33.688568 0.000000
vt -1.000000 33.688568 0.000000
vt 1.000000 32.084350 0.000000
vt -1.000000 32.084350 0.000000
vt 1.000000 30.480133 0.000000
vt -1.000000 30.480133 0.000000
vt 1.000000 28.875915 0.000000
vt -1.000000 28.875915 0.000000
vt 1.000000 27.271698 0.000000
vt -1.000000 27.271698 0.000000
vt 1.000000 25.667480 0.000000
vt -1.000000 25.667480 0.000000
vt 1.000000 24.063263 0.000000
vt -1.000000 24.063263 0.000000
vt 1.000000 22.459045 0.000000
vt -1.000000 22.459045 0.000000
vt 1.000000 20.854828 0.000000
vt -1.000000 20.854828 0.000000
vt 1.000000 19.250610 0.000000
vt -1.000000 19.250610 0.000000
vt 1.000000 17.646393 0.000000
vt -1.000000 17.646393 0.000000
vt 1.000000 16.042175 0.000000
vt -1.000000 16.042175 0.000000
vt 1.000000 14.437958 0.000000
vt -1.000000 14.437958 0.000000
vt 1.000000 12.833740 0.000000
vt -1.000000 12.833740 0.000000
vt 1.000000 11.229523 0.000000
vt -1.000000 11.229523 0.000000
vt 1.000000 9.625305 0.000000
vt -1.000000 9.625305 0.000000
vt 1.000000 8.021088 0.000000
vt -1.000000 8.021088 0.000000
vt 1.000000 6.416870 0.000000
vt -1.000000 6.416870 0.000000
vt 1.000000 4.812653 0.000000
vt -1.000000 4.812653 0.000000
vt 1.000000 3.208435 0.000000
vt -1.000000 3.208435 0.000000
vt -1.603023 -1.446405 0.000000
vt 0.000000 -1.500000 0.000000
vt 0.000000 0.000000 0.000000
vt 1.603023 -1.446405 0.000000
vt 1.552301 0.053611 0.000000
vt 3.198887 -1.285860 0.000000
vt 3.097204 0.214190 0.000000
vt 4.780464 -1.019081 0.000000
vt 4.627348 0.480971 0.000000
vt 6.340690 -0.647260 0.000000
vt 6.135440 0.852682 0.000000
vt 7.872597 -0.172058 0.000000
vt 7.614294 1.327553 0.000000
vt 9.369343 0.404403 0.000000
vt 9.056863 1.903320 0.000000
vt 10.824243 1.079548 0.000000
vt 10.456271 2.577239 0.000000
vt 12.230799 1.850362 0.000000
vt 11.805851 3.346100 0.000000
vt 13.582730 2.713403 0.000000
vt 13.099170 4.206238 0.000000
vt 14.873997 3.664815 0.000000
vt 14.330066 5.153554 0.000000
vt 16.098834 4.700349 0.000000
vt 15.492673 6.183533 0.000000
vt 17.251768 5.815382 0.000000
vt 16.581450 7.291268 0.000000
vt 18.327653 7.004932 0.000000
vt 17.591208 8.471479 0.000000
vt 19.321681 8.263686 0.000000
vt 18.517137 9.718543 0.000000
vt 20.229415 9.586024 0.000000
vt 19.354823 11.026516 0.000000
vt 21.046798 10.966038 0.000000
vt 20.100275 12.389166 0.000000
vt 21.770182 12.397566 0.000000
vt 20.749939 13.799998 0.000000
vt 22.396335 13.874213 0.000000
vt 21.300721 15.252290 0.000000
vt 22.922460 15.389386 0.000000
vt 21.749995 16.739120 0.000000
vt 23.346208 16.936316 0.000000
vt 22.095620 18.253404 0.000000
vt 23.665686 18.508095 0.000000
vt 22.335950 19.787925 0.000000
vt 23.879468 20.097703 0.000000
vt 22.469838 21.335370 0.000000
vt 23.986598 21.698041 0.000000
vt 22.496648 22.888364 0.000000
vt 23.986598 23.301959 0.000000
vt 22.416251 24.439509 0.000000
vt 23.879468 24.902297 0.000000
vt 22.229030 25.981410 0.000000
vt 23.665686 26.491905 0.000000
vt 21.935878 27.506721 0.000000
vt 23.346208 28.063684 0.000000
vt 21.538191 29.008173 0.000000
vt 22.922460 29.610614 0.000000
vt 21.037865 30.478610 0.000000
vt 22.396335 31.125787 0.000000
vt 20.437285 31.911026 0.000000
vt 21.770182 32.602434 0.000000
vt 19.739311 33.298593 0.000000
vt 21.046798 34.033962 0.000000
vt 20.229415 35.413976 0.000000
vt 18.947270 34.634701 0.000000
vt 19.321681 36.736314 0.000000
vt 18.064937 35.912981 0.000000
vt 18.327653 37.995068 0.000000
vt 17.096516 37.127342 0.000000
vt 17.251768 39.184618 0.000000
vt 16.046623 38.271997 0.000000
vt 16.098834 40.299651 0.000000
vt 14.920260 39.341492 0.000000
vt 14.873997 41.335185 0.000000
vt 13.722795 40.330729 0.000000
vt 13.582730 42.286597 0.000000
vt 12.459935 41.234995 0.000000
vt 12.230799 43.149638 0.000000
vt 11.137698 42.049979 0.000000
vt 10.824243 43.920452 0.000000
vt 9.762384 42.771800 0.000000
vt 9.369343 44.595597 0.000000
vt 8.340548 43.397015 0.000000
vt 7.872597 45.172058 0.000000
vt 6.878966 43.922647 0.000000
vt 6.340690 45.647260 0.000000
vt 5.384602 44.346191 0.000000
vt 4.780464 46.019081 0.000000
vt 3.864579 44.665627 0.000000
vt 3.198887 46.285860 0.000000
vt 2.326138 44.879434 0.000000
vt 1.603023 46.446405 0.000000
vt 0.776613 44.986593 0.000000
vt 0.000000 46.500000 0.000000
vt -0.776613 44.986593 0.000000
vt -1.603023 46.446405 0.000000
vt -2.326138 44.879434 0.000000
vt -3.198887 46.285860 0.000000
vt -3.864579 44.665627 0.000000
vt -4.780464 46.019081 0.000000
vt -5.384602 44.346191 0.000000
vt -6.340690 45.647260 0.000000
vt -6.878966 43.922647 0.000000
vt -7.872597 45.172058 0.000000
vt -8.340548 43.397015 0.000000
vt -9.369343 44.595597 0.000000
vt -9.762384 42.771800 0.000000
vt -10.824243 43.920452 0.000000
vt -11.137698 42.049979 0.000000
vt -12.230799 43.149638 0.000000
vt -12.459935 41.234995 0.000000
vt -13.582730 42.286597 0.000000
vt -13.722795 40.330729 0.000000
vt -14.873997 41.335185 0.000000
vt -14.920260 39.341492 0.000000
vt -16.098834 40.299651 0.000000
vt -16.046623 38.271997 0.000000
vt -17.251768 39.184618 0.000000
vt -17.096516 37.127342 0.000000
vt -18.327653 37.995068 0.000000
vt -18.064937 35.912981 0.000000
vt -19.321681 36.736314 0.000000
vt -18.947270 34.634701 0.000000
vt -20.229415 35.413976 0.000000
vt -19.739311 33.298593 0.000000
vt -21.046798 34.033962 0.000000
vt -21.770182 32.602434 0.000000
vt -20.437285 31.911026 0.000000
vt -22.396335 31.125787 0.000000
vt -21.037865 30.478610 0.000000
vt -22.922460 29.610614 0.000000
vt -21.538191 29.008173 0.000000
vt -23.346208 28.063684 0.000000
vt -21.935878 27.506721 0.000000
vt -23.665686 26.491905 0.000000
vt -22.229030 25.981410 0.000000
vt -23.879468 24.902297 0.000000
vt -22.416251 24.439509 0.000000
vt -23.986598 23.301959 0.000000
vt -22.496648 22.888364 0.000000
vt -23.986598 21.698041 0.000000
vt -22.469838 21.335370 0.000000
vt -23.879468 20.097703 0.000000
vt -22.335950 19.787925 0.000000
vt -23.665686 18.508095 0.000000
vt -22.095620 18.253404 0.000000
vt -23.346208 16.936316 0.000000
vt -21.749995 16.739120 0.000000
vt -22.922460 15.389386 0.000000
vt -21.300721 15.252290 0.000000
vt -22.396335 13.874213 0.000000
vt -20.749939 13.799998 0.000000
vt -21.770182 12.397566 0.000000
vt -20.100275 12.389166 0.000000
vt -21.046798 10.966038 0.000000
vt -19.354823 11.026516 0.000000
vt -20.229415 9.586024 0.000000
vt -18.517137 9.718543 0.000000
vt -19.321681 8.263686 0.000000
vt -17.591208 8.471479 0.000000
vt -18.327653 7.004932 0.000000
vt -16.581450 7.291268 0.000000
vt -17.251768 5.815382 0.000000
vt -15.492673 6.183533 0.000000
vt -16.098834 4.700349 0.000000
vt -14.330066 5.153554 0.000000
vt -14.873997 3.664815 0.000000
vt -13.099170 4.206238 0.000000
vt -13.582730 2.713403 0.000000
vt -11.805851 3.346100 0.000000
vt -12.230799 1.850362 0.000000
vt -10.456271 2.577239 0.000000
vt -10.824243 1.079548 0.000000
vt -9.056863 1.903320 0.000000
vt -9.369343 0.404403 0.000000
vt -7.614294 1.327553 0.000000
vt -7.872597 -0.172058 0.000000
vt -6.135440 0.852682 0.000000
vt -6.340690 -0.647260 0.000000
vt -4.627348 0.480971 0.000000
vt -4.780464 -1.019081 0.000000
vt -3.097204 0.214190 0.000000
vt -3.198887 -1.285860 0.000000
vt -1.552301 0.053611 0.000000
vt 26.076810 1.415443 0.000000
vt 0.000000 0.707721 0.000000
vt 26.076810 0.000000 0.000000
vt 0.000000 -0.707721 0.000000
vt 26.076810 -1.415443 0.000000
vt 0.000000 -2.123164 0.000000
vt 26.076810 -2.830886 0.000000
vt 0.000000 -3.538607 0.000000
vt 26.076810 -4.246329 0.000000
vt 0.000000 -4.954050 0.000000
vt 26.076810 -5.661771 0.000000
vt 0.000000 -6.369493 0.000000
vt 26.076810 -7.077214 0.000000
vt 0.000000 -7.784936 0.000000
vt 26.076810 -8.492657 0.000000
vt 0.000000 -9.200378 0.000000
vt 26.076810 -9.908100 0.000000
vt 0.000000 -10.615821 0.000000
vt 26.076810 -11.323543 0.000000
vt 0.000000 -12.031264 0.000000
vt 26.076810 -12.738986 0.000000
vt 0.000000 -13.446707 0.000000
vt 26.076810 -14.154428 0.000000
vt 0.000000 -14.862150 0.000000
vt 26.076810 -15.569871 0.000000
vt 0.000000 -16.277593 0.000000
vt 26.076810 -16.985314 0.000000
vt 0.000000 -17.693036 0.000000
vt 26.076810 -18.400757 0.000000
vt 0.000000 -19.108478 0.000000
vt 26.076810 -19.816200 0.000000
vt 0.000000 -20.523921 0.000000
vt 26.076810 -21.231643 0.000000
vt 0.000000 -21.939364 0.000000
vt 26.076810 -22.647085 0.000000
vt 0.000000 -23.354807 0.000000
vt 26.076810 -24.062528 0.000000
vt 0.000000 -24.770250 0.000000
vt 26.076810 -25.477971 0.000000
vt 0.000000 -26.185693 0.000000
vt 26.076810 -26.893414 0.000000
vt 0.000000 -27.601135 0.000000
vt 26.076810 -28.308857 0.000000
vt 0.000000 -29.016578 0.000000
vt 26.076810 -29.724300 0.000000
vt 0.000000 -30.432021 0.000000
vt 26.076810 -31.139743 0.000000
vt 0.000000 -31.847464 0.000000
vt 26.076810 -32.555185 0.000000
vt 0.000000 -33.262907 0.000000
vt 26.076810 -33.970628 0.000000
vt 0.000000 -34.678350 0.000000
vt 26.076810 -35.386071 0.000000
vt 0.000000 -36.093793 0.000000
vt 26.076810 -36.801514 0.000000
vt 0.000000 -37.509235 0.000000
vt 26.076810 -38.216957 0.000000
vt 0.000000 -38.924678 0.000000
vt 26.076810 -39.632400 0.000000
vt 0.000000 -40.340121 0.000000
vt 26.076810 -41.047842 0.000000
vt 0.000000 -41.755564 0.000000
vt 26.076810 -42.463285 0.000000
vt 0.000000 -43.171007 0.000000
vt 26.076810 -43.878728 0.000000
vt 0.000000 -44.586450 0.000000
vt 26.076810 -45.294171 0.000000
vt 0.000000 -46.001892 0.000000
vt 26.076810 -46.709614 0.000000
vt 0.000000 -47.417335 0.000000
vt 26.076810 -48.125057 0.000000
vt 0.000000 -48.832778 0.000000
vt 26.076810 -49.540500 0.000000
vt 0.000000 -50.248221 0.000000
vt 26.076810 -50.955942 0.000000
vt 0.000000 -51.663664 0.000000
vt 26.076810 -52.371385 0.000000
vt 0.000000 -53.079107 0.000000
vt 26.076810 -53.786828 0.000000
vt 0.000000 -54.494549 0.000000
vt 26.076810 -55.202271 0.000000
vt 0.000000 -55.909992 0.000000
vt 26.076810 -56.617714 0.000000
vt 0.000000 -57.325435 0.000000
vt 26.076810 -58.033157 0.000000
vt 0.000000 -58.740878 0.000000
vt 26.076810 -59.448599 0.000000
vt 0.000000 -60.156321 0.000000
vt 26.076810 -60.864042 0.000000
vt 0.000000 -61.571764 0.000000
vt 26.076810 -62.279485 0.000000
vt 0.000000 -62.987207 0.000000
vt 26.076810 -63.694928 0.000000
vt 0.000000 -64.402649 0.000000
vt 26.076810 -65.110371 0.000000
vt 26.076810 63.694928 0.000000
vt 0.000000 64.402649 0.000000
vt 0.000000 62.987207 0.000000
vt 26.076810 62.279485 0.000000
vt 0.000000 61.571764 0.000000
vt 26.076810 60.864042 0.000000
vt 0.000000 60.156321 0.000000
vt 26.076810 59.448599 0.000000
vt 0.000000 58.740878 0.000000
vt 26.076810 58.033157 0.000000
vt 0.000000 57.325435 0.000000
vt 26.076810 56.617714 0.000000
vt 0.000000 55.909992 0.000000
vt 26.076810 55.202271 0.000000
vt 0.000000 54.494549 0.000000
vt 26.076810 53.786828 0.000000
vt 0.000000 53.079107 0.000000
vt 26.076810 52.371385 0.000000
vt 0.000000 51.663664 0.000000
vt 26.076810 50.955942 0.000000
vt 0.000000 50.248221 0.000000
vt 26.076810 49.540500 0.000000
vt 0.000000 48.832778 0.000000
vt 26.076810 48.125057 0.000000
vt 0.000000 47.417335 0.000000
vt 26.076810 46.709614 0.000000
vt 0.000000 46.001892 0.000000
vt 26.076810 45.294171 0.000000
vt 0.000000 44.586450 0.000000
vt 26.076810 43.878728 0.000000
vt 0.000000 43.171007 0.000000
vt 26.076810 42.463285 0.000000
vt 0.000000 41.755564 0.000000
vt 26.076810 41.047842 0.000000
vt 0.000000 40.340121 0.000000
vt 26.076810 39.632400 0.000000
vt 0.000000 38.924678 0.000000
vt 26.076810 38.216957 0.000000
vt 0.000000 37.509235 0.000000
vt 26.076810 36.801514 0.000000
vt 0.000000 36.093793 0.000000
vt 26.076810 35.386071 0.000000
vt 0.000000 34.678350 0.000000
vt 26.076810 33.970628 0.000000
vt 0.000000 33.262907 0.000000
vt 26.076810 32.555185 0.000000
vt 0.000000 31.847464 0.000000
vt 26.076810 31.139743 0.000000
vt 0.000000 30.432021 0.000000
vt 26.076810 29.724300 0.000000
vt 0.000000 29.016578 0.000000
vt 26.076810 28.308857 0.000000
vt 0.000000 27.601135 0.000000
vt 26.076810 26.893414 0.000000
vt 0.000000 26.185693 0.000000
vt 26.076810 25.477971 0.000000
vt 0.000000 24.770250 0.000000
vt 26.076810 24.062528 0.000000
vt 0.000000 23.354807 0.000000
vt 26.076810 22.647085 0.000000
vt 0.000000 21.939364 0.000000
vt 26.076810 21.231643 0.000000
vt 0.000000 20.523921 0.000000
vt 26.076810 19.816200 0.000000
vt 0.000000 19.108478 0.000000
vt 26.076810 18.400757 0.000000
vt 0.000000 17.693036 0.000000
vt 26.076810 16.985314 0.000000
vt 0.000000 16.277593 0.000000
vt 26.076810 15.569871 0.000000
vt 0.000000 14.862150 0.000000
vt 26.076810 14.154428 0.000000
vt 0.000000 13.446707 0.000000
vt 26.076810 12.738986 0.000000
vt 0.000000 12.031264 0.000000
vt 26.076810 11.323543 0.000000
vt 0.000000 10.615821 0.000000
vt 26.076810 9.908100 0.000000
vt 0.000000 9.200378 0.000000
vt 26.076810 8.492657 0.000000
vt 0.000000 7.784936 0.000000
vt 26.076810 7.077214 0.000000
vt 0.000000 6.369493 0.000000
vt 26.076810 5.661771 0.000000
vt 0.000000 4.954050 0.000000
vt 26.076810 4.246329 0.000000
vt 0.000000 3.538607 0.000000
vt 26.076810 2.830886 0.000000
vt 0.000000 2.123164 0.000000
vt -26.076810 -1.570796 0.000000
vt -26.076810 0.000000 0.000000
vt -26.076810 1.570796 0.000000
vt -26.076810 3.141593 0.000000
vt -26.076810 4.712389 0.000000
vt -26.076810 6.283185 0.000000
vt -26.076810 7.853982 0.000000
vt -26.076810 -3.141593 0.000000
vt -26.076810 -4.712389 0.000000
vt -26.076810 -6.283185 0.000000
vt -26.076810 -7.853982 0.000000
vt -26.076810 -9.424778 0.000000
vt -26.076810 -10.995574 0.000000
vt -26.076810 -12.566371 0.000000
vt -26.076810 -14.137167 0.000000
vt -26.076810 -15.707963 0.000000
vt -26.076810 -17.278760 0.000000
vt -26.076810 -18.849556 0.000000
vt -26.076810 -20.420352 0.000000
vt -26.076810 -21.991149 0.000000
vt -26.076810 -23.561945 0.000000
vt -26.076810 -25.132741 0.000000
vt -26.076810 -26.703538 0.000000
vt -26.076810 -28.274334 0.000000
vt -26.076810 -29.845130 0.000000
vt -26.076810 -31.415927 0.000000
vt -26.076810 -32.986723 0.000000
vt -26.076810 -34.557519 0.000000
vt -26.076810 -36.128316 0.000000
vt -26.076810 -37.699112 0.000000
vt -26.076810 -39.269908 0.000000
vt -26.076810 -40.840704 0.000000
vt -26.076810 -42.411501 0.000000
vt -26.076810 -43.982297 0.000000
vt -26.076810 -45.553093 0.000000
vt -26.076810 -47.123890 0.000000
vt -26.076810 -48.694686 0.000000
vt -26.076810 -50.265482 0.000000
vt -26.076810 -51.836279 0.000000
vt -26.076810 -53.407075 0.000000
vt -26.076810 -54.977871 0.000000
vt -26.076810 -56.548668 0.000000
vt -26.076810 -58.119464 0.000000
vt -26.076810 -59.690260 0.000000
vt -26.076810 -61.261057 0.000000
vt -26.076810 -62.831853 0.000000
vt -26.076810 -64.402649 0.000000
vt -26.076810 64.402649 0.000000
vt -26.076810 62.831853 0.000000
vt -26.076810 61.261057 0.000000
vt -26.076810 59.690260 0.000000
vt -26.076810 58.119464 0.000000
vt -26.076810 56.548668 0.000000
vt -26.076810 54.977871 0.000000
vt -26.076810 53.407075 0.000000
vt -26.076810 51.836279 0.000000
vt -26.076810 50.265482 0.000000
vt -26.076810 48.694686 0.000000
vt -26.076810 47.123890 0.000000
vt -26.076810 45.553093 0.000000
vt -26.076810 43.982297 0.000000
vt -26.076810 42.411501 0.000000
vt -26.076810 40.840704 0.000000
vt -26.076810 39.269908 0.000000
vt -26.076810 37.699112 0.000000
vt -26.076810 36.128316 0.000000
vt -26.076810 34.557519 0.000000
vt -26.076810 32.986723 0.000000
vt -26.076810 31.415927 0.000000
vt -26.076810 29.845130 0.000000
vt -26.076810 28.274334 0.000000
vt -26.076810 26.703538 0.000000
vt -26.076810 25.132741 0.000000
vt -26.076810 23.561945 0.000000
vt -26.076810 21.991149 0.000000
vt -26.076810 20.420352 0.000000
vt -26.076810 18.849556 0.000000
vt -26.076810 17.278760 0.000000
vt -26.076810 15.707963 0.000000
vt -26.076810 14.137167 0.000000
vt -26.076810 12.566371 0.000000
vt -26.076810 10.995574 0.000000
vt -26.076810 9.424778 0.000000
vt 0.000000 -18.500000 0.000000
vt 1.416161 -18.445717 0.000000
vt -1.416161 -18.445717 0.000000
vt -2.824012 -18.283188 0.000000
vt 2.824012 -18.283188 0.000000
vt -4.215290 -18.013365 0.000000
vt 4.215290 -18.013365 0.000000
vt -5.581831 -17.637833 0.000000
vt 5.581831 -17.637833 0.000000
vt -6.915616 -17.158795 0.000000
vt 6.915616 -17.158795 0.000000
vt -8.208817 -16.579063 0.000000
vt 8.208817 -16.579063 0.000000
vt -9.453846 -15.902038 0.000000
vt 9.453846 -15.902038 0.000000
vt -10.643395 -15.131693 0.000000
vt 10.643395 -15.131693 0.000000
vt -11.770485 -14.272550 0.000000
vt 11.770485 -14.272550 0.000000
vt -12.828501 -13.329649 0.000000
vt 12.828501 -13.329649 0.000000
vt -13.811235 -12.308525 0.000000
vt 13.811235 -12.308525 0.000000
vt -14.712918 -11.215170 0.000000
vt 14.712918 -11.215170 0.000000
vt -15.528260 -10.056000 0.000000
vt 15.528260 -10.056000 0.000000
vt -16.252477 -8.837817 0.000000
vt 16.252477 -8.837817 0.000000
vt -16.881317 -7.567770 0.000000
vt 16.881317 -7.567770 0.000000
vt -17.411091 -6.253312 0.000000
vt 17.411091 -6.253312 0.000000
vt -17.838690 -4.902158 0.000000
vt 17.838690 -4.902158 0.000000
vt -18.161604 -3.522236 0.000000
vt 18.161604 -3.522236 0.000000
vt -18.377939 -2.121643 0.000000
vt 18.377939 -2.121643 0.000000
vt -18.486424 -0.708601 0.000000
vt 18.486424 -0.708601 0.000000
vt -18.486424 0.708601 0.000000
vt 18.486424 0.708601 0.000000
vt -18.377939 2.121643 0.000000
vt 18.377939 2.121643 0.000000
vt -18.161604 3.522236 0.000000
vt -17.838690 4.902158 0.000000
vt -17.411091 6.253312 0.000000
vt -16.881317 7.567770 0.000000
vt -16.252477 8.837817 0.000000
vt -15.528260 10.056000 0.000000
vt -14.712918 11.215170 0.000000
vt -13.811235 12.308525 0.000000
vt -12.828501 13.329649 0.000000
vt -11.770485 14.272550 0.000000
vt -10.643395 15.131693 0.000000
vt -9.453846 15.902038 0.000000
vt -8.208817 16.579063 0.000000
vt -6.915616 17.158795 0.000000
vt -5.581831 17.637833 0.000000
vt -4.215290 18.013365 0.000000
vt -2.824012 18.283188 0.000000
vt -1.416161 18.445717 0.000000
vt -0.000000 18.500000 0.000000
vt 1.416161 18.445717 0.000000
vt 2.824012 18.283188 0.000000
vt 4.215290 18.013365 0.000000
vt 5.581831 17.637833 0.000000
vt 6.915616 17.158795 0.000000
vt 8.208817 16.579063 0.000000
vt 9.453846 15.902038 0.000000
vt 10.643395 15.131693 0.000000
vt 11.770485 14.272550 0.000000
vt 12.828501 13.329649 0.000000
vt 13.811235 12.308525 0.000000
vt 14.712918 11.215170 0.000000
vt 15.528260 10.056000 0.000000
vt 16.252477 8.837817 0.000000
vt 16.881317 7.567770 0.000000
vt 17.411091 6.253312 0.000000
vt 17.838690 4.902158 0.000000
vt 18.161604 3.522236 0.000000
vn 0.000000 0.000000 -100.000000
vn 0.000000 0.000000 -100.000000
vn 0.000000 0.000000 -100.000000
vn 0.000000 0.000000 -100.000000
vn 0.000000 0.000000 -100.000000
vn 0.000000 0.000000 -100.000000
vn 0.000000 0.000000 -100.000000
vn 0.000000 0.000000 -100.000000
vn 0.000000 0.000000 -100.000000
vn 0.000000 0.000000 -100.000000
vn 0.000000 0.000000 -100.000000
vn 0.000000 0.000000 -100.000000
vn 0.000000 0.000000 -100.000000
vn 0.000000 0.000000 -100.000000
vn 0.000000 0.000000 -100.000000
vn 0.000000 0.000000 -100.000000
vn 0.000000 0.000000 -100.000000
vn 0.000000 0.000000 -100.000000
vn 0.000000 0.000000 -100.000000
vn 0.000000 0.000000 -100.000000
vn 0.000000 0.000000 -100.000000
vn 0.000000 0.000000 -100.000000
vn 0.000000 0.000000 -100.000000
vn 0.000000 0.000000 -100.000000
vn 0.000000 0.000000 -100.000000
vn 0.000000 0.000000 -100.000000
vn 0.000000 0.000000 -100.000000
vn 0.000000 0.000000 -100.000000
vn 0.000000 0.000000 -100.000000
vn 0.000000 0.000000 -100.000000
vn 0.000000 0.000000 -100.000000
vn 0.000000 0.000000 -100.000000
vn 0.000000 0.000000 -100.000000
vn 0.000000 0.000000 -100.000000
vn 0.000000 0.000000 -100.000000
vn 0.000000 0.000000 -100.000000
vn 0.000000 0.000000 -100.000000
vn 0.000000 0.000000 -100.000000
vn 0.000000 0.000000 -100.000000
vn 0.000000 0.000000 -100.000000
vn 0.000000 0.000000 -100.000000
vn 0.000000 0.000000 -100.000000
vn 0.000000 0.000000 -100.000000
vn 0.000000 0.000000 -100.000000
vn 0.000000 0.000000 -100.000000
vn 0.000000 0.000000 -100.000000
vn 0.000000 0.000000 -100.000000
vn 0.000000 0.000000 -100.000000
vn 0.000000 0.000000 -100.000000
vn 0.000000 0.000000 -100.000000
vn 0.000000 0.000000 -100.000000
vn 0.000000 0.000000 -100.000000
vn 0.000000 0.000000 -100.000000
vn 0.000000 0.000000 -100.000000
vn 0.000000 0.000000 -100.000000
vn 0.000000 0.000000 -100.000000
vn 0.000000 0.000000 -100.000000
vn 0.000000 0.000000 -100.000000
vn 0.000000 0.000000 -100.000000
vn 0.000000 0.000000 -100.000000
vn 0.000000 0.000000 -100.000000
vn 0.000000 0.000000 -100.000000
vn 0.000000 0.000000 -100.000000
vn 0.000000 0.000000 -100.000000
vn 0.000000 0.000000 -100.000000
vn 0.000000 0.000000 -100.000000
vn 0.000000 0.000000 -100.000000
vn 0.000000 0.000000 -100.000000
vn 0.000000 0.000000 -100.000000
vn 0.000000 0.000000 -100.000000
vn 0.000000 0.000000 -100.000000
vn 0.000000 0.000000 -100.000000
vn 0.000000 0.000000 -100.000000
vn 0.000000 0.000000 -100.000000
vn 0.000000 0.000000 -100.000000
vn 0.000000 0.000000 -100.000000
vn 0.000000 0.000000 -100.000000
vn 0.000000 0.000000 -100.000000
vn 0.000000 0.000000 -100.000000
vn 0.000000 0.000000 -100.000000
vn 0.000000 0.000000 -100.000000
vn 0.000000 0.000000 -100.000000
vn 0.000000 0.000000 -100.000000
vn 7.540598 -99.419897 -7.669650
vn 3.441447 -99.646038 -7.669650
vn 0.000000 -99.705449 -7.669650
vn -3.441447 -99.646038 -7.669650
vn -7.540598 -99.419897 -7.669650
vn -10.307941 -99.171179 -7.669650
vn -15.038004 -98.564877 -7.669650
vn -17.125313 -98.223725 -7.669650
vn -22.449274 -97.145286 -7.669650
vn -23.861076 -96.808189 -7.669650
vn -29.731956 -95.169256 -7.669650
vn -30.483129 -94.931319 -7.669650
vn -36.844337 -92.648105 -7.669650
vn -36.959916 -92.602058 -7.669650
vn -43.260573 -89.831505 -7.669650
vn -40.134159 -91.271166 -7.669650
vn -46.335432 -88.284790 -7.669650
vn 10.307941 -99.171179 -7.669650
vn 15.038004 -98.564877 -7.669650
vn 17.125313 -98.223725 -7.669650
vn 22.449274 -97.145286 -7.669650
vn 23.861076 -96.808189 -7.669650
vn 29.731956 -95.169256 -7.669650
vn 30.483129 -94.931319 -7.669650
vn 36.844337 -92.648105 -7.669650
vn 36.959916 -92.602058 -7.669650
vn 43.260573 -89.831505 -7.669650
vn 40.134159 -91.271166 -7.669650
vn 46.335432 -88.284790 -7.669650
vn 49.355073 -86.632865 -7.669650
vn 52.315896 -84.877697 -7.669650
vn 55.214374 -83.021379 -7.669650
vn 58.047051 -81.066123 -7.669650
vn 60.810553 -79.014259 -7.669650
vn 63.501586 -76.868232 -7.669650
vn 66.116942 -74.630600 -7.669650
vn 68.653506 -72.304029 -7.669650
vn 71.108254 -69.891292 -7.669650
vn 73.478261 -67.395264 -7.669650
vn 75.760703 -64.818920 -7.669650
vn 77.952859 -62.165330 -7.669650
vn 80.052117 -59.437657 -7.669650
vn 82.055975 -56.639150 -7.669650
vn 83.962046 -53.773146 -7.669650
vn 85.768058 -50.843059 -7.669650
vn 87.471859 -47.852382 -7.669650
vn 89.071417 -44.804677 -7.669650
vn 90.564828 -41.703579 -7.669650
vn 91.950310 -38.552781 -7.669650
vn 93.226214 -35.356039 -7.669650
vn 94.391018 -32.117163 -7.669650
vn 95.443335 -28.840012 -7.669650
vn 96.381910 -25.528492 -7.669650
vn 97.205625 -22.186550 -7.669650
vn 97.913498 -18.818167 -7.669650
vn 98.504686 -15.427358 -7.669650
vn 98.978484 -12.018164 -7.669650
vn 99.334327 -8.594648 -7.669650
vn 99.571792 -5.160889 -7.669650
vn 99.690595 -1.720980 -7.669650
vn 99.690595 1.720980 -7.669650
vn 99.571792 5.160889 -7.669650
vn 99.334327 8.594648 -7.669650
vn 98.978484 12.018164 -7.669650
vn 98.504686 15.427358 -7.669650
vn 97.913498 18.818167 -7.669650
vn 97.205625 22.186550 -7.669650
vn 96.381910 25.528492 -7.669650
vn 95.443335 28.840012 -7.669650
vn 94.391018 32.117163 -7.669650
vn 93.226214 35.356039 -7.669650
vn 91.942290 38.571903 -7.669650
vn 90.564828 41.703579 -7.669650
vn 89.071417 44.804677 -7.669650
vn 87.471859 47.852382 -7.669650
vn 85.768058 50.843059 -7.669650
vn 83.962046 53.773146 -7.669650
vn 82.055975 56.639150 -7.669650
vn 80.052117 59.437657 -7.669650
vn 77.952859 62.165330 -7.669650
vn 75.760703 64.818920 -7.669650
vn 73.478261 67.395264 -7.669650
vn 71.108254 69.891292 -7.669650
vn 68.653506 72.304029 -7.669650
vn 66.116942 74.630600 -7.669650
vn 63.501586 76.868232 -7.669650
vn 60.810553 79.014259 -7.669650
vn 58.047051 81.066123 -7.669650
vn 55.214374 83.021379 -7.669650
vn 52.315896 84.877697 -7.669650
vn 49.355073 86.632865 -7.669650
vn 46.335432 88.284790 -7.669650
vn 43.260573 89.831505 -7.669650
vn 40.134159 91.271166 -7.669650
vn 36.959916 92.602058 -7.669650
vn 33.741628 93.822593 -7.669650
vn 30.483129 94.931319 -7.669650
vn 27.188303 95.926913 -7.669650
vn 23.861076 96.808189 -7.669650
vn 20.505413 97.574098 -7.669650
vn 17.125313 98.223725 -7.669650
vn 13.724805 98.756297 -7.669650
vn 10.307941 99.171179 -7.669650
vn 6.878793 99.467878 -7.669650
vn 3.441447 99.646038 -7.669650
vn 0.000000 99.705449 -7.669650
vn -3.441447 99.646038 -7.669650
vn -6.878793 99.467878 -7.669650
vn -10.307941 99.171179 -7.669650
vn -13.724805 98.756297 -7.669650
vn -17.125313 98.223725 -7.669650
vn -20.505413 97.574098 -7.669650
vn -23.861076 96.808189 -7.669650
vn -27.188303 95.926913 -7.669650
vn -30.483129 94.931319 -7.669650
vn -33.741628 93.822593 -7.669650
vn -36.959916 92.602058 -7.669650
vn -40.134159 91.271166 -7.669650
vn -43.260573 89.831505 -7.669650
vn -46.335432 88.284790 -7.669650
vn -49.355073 86.632865 -7.669650
vn -52.315896 84.877697 -7.669650
vn -55.214374 83.021379 -7.669650
vn -58.047051 81.066123 -7.669650
vn -60.810553 79.014259 -7.669650
vn -63.501586 76.868232 -7.669650
vn -66.116942 74.630600 -7.669650
vn -68.653506 72.304029 -7.669650
vn -71.108254 69.891292 -7.669650
vn -73.478261 67.395264 -7.669650
vn -75.760703 64.818920 -7.669650
vn -77.952859 62.165330 -7.669650
vn -80.052117 59.437657 -7.669650
vn -82.055975 56.639150 -7.669650
vn -83.962046 53.773146 -7.669650
vn -85.768058 50.843059 -7.669650
vn -87.471859 47.852382 -7.669650
vn -89.071417 44.804677 -7.669650
vn -90.564828 41.703579 -7.669650
vn -91.942290 38.571903 -7.669650
vn -93.226214 35.356039 -7.669650
vn -94.391018 32.117163 -7.669650
vn -95.443335 28.840012 -7.669650
vn -96.381910 25.528492 -7.669650
vn -97.205625 22.186550 -7.669650
vn -97.913498 18.818167 -7.669650
vn -98.504686 15.427358 -7.669650
vn -98.978484 12.018164 -7.669650
vn -99.334327 8.594648 -7.669650
vn -99.571792 5.160889 -7.669650
vn -99.690595 1.720980 -7.669650
vn -99.690595 -1.720980 -7.669650
vn -99.571792 -5.160889 -7.669650
vn -99.334327 -8.594648 -7.669650
vn -98.978484 -12.018164 -7.669650
vn -98.504686 -15.427358 -7.669650
vn -97.913498 -18.818167 -7.669650
vn -97.205625 -22.186550 -7.669650
vn -96.381910 -25.528492 -7.669650
vn -95.443335 -28.840012 -7.669650
vn -94.391018 -32.117163 -7.669650
vn -93.226214 -35.356039 -7.669650
vn -91.950310 -38.552781 -7.669650
vn -90.564828 -41.703579 -7.669650
vn -89.071417 -44.804677 -7.669650
vn -87.471859 -47.852382 -7.669650
vn -85.768058 -50.843059 -7.669650
vn -83.962046 -53.773146 -7.669650
vn -82.055975 -56.639150 -7.669650
vn -80.052117 -59.437657 -7.669650
vn -77.952859 -62.165330 -7.669650
vn -75.760703 -64.818920 -7.669650
vn -73.478261 -67.395264 -7.669650
vn -71.108254 -69.891292 -7.669650
vn -68.653506 -72.304029 -7.669650
vn -66.116942 -74.630600 -7.669650
vn -63.501586 -76.868232 -7.669650
vn -60.810553 -79.014259 -7.669650
vn -58.047051 -81.066123 -7.669650
vn -55.214374 -83.021379 -7.669650
vn -52.315896 -84.877697 -7.669650
vn -49.355073 -86.632865 -7.669650
vn 43.745676 -89.596274 -7.669650
vn 50.396445 -86.031243 -7.669650
vn 56.758547 -81.973434 -7.669650
vn 62.795541 -77.446088 -7.669650
vn 68.472848 -72.475138 -7.669650
vn 73.757948 -67.089057 -7.669650
vn 78.620570 -61.318696 -7.669650
vn 83.032860 -55.197107 -7.669650
vn 86.969546 -48.759354 -7.669650
vn 90.408078 -42.042311 -7.669650
vn 93.328760 -35.084454 -7.669650
vn 95.714864 -27.925637 -7.669650
vn 97.552722 -20.606864 -7.669650
vn 98.831807 -13.170057 -7.669650
vn 99.544792 -5.657813 -7.669650
vn 99.687594 1.886839 -7.669650
vn 99.259394 9.420682 -7.669650
vn 98.262645 16.900566 -7.669650
vn 96.703056 24.283644 -7.669650
vn 94.589562 31.527627 -7.669650
vn 91.934267 38.591023 -7.669650
vn 88.752380 45.433374 -7.669650
vn 85.062128 52.015486 -7.669650
vn 80.884648 58.299658 -7.669650
vn 76.243868 64.249895 -7.669650
vn 71.166370 69.832114 -7.669650
vn 65.681238 75.014342 -7.669650
vn 59.819889 79.766894 -7.669650
vn 53.615898 84.062548 -7.669650
vn 47.104799 87.876700 -7.669650
vn 40.323888 91.187502 -7.669650
vn 33.312006 93.975990 -7.669650
vn 26.109316 96.226192 -7.669650
vn 18.757074 97.925220 -7.669650
vn 11.297393 99.063340 -7.669650
vn 3.773001 99.634035 -7.669650
vn -3.773001 99.634035 -7.669650
vn -11.297393 99.063340 -7.669650
vn -18.757074 97.925220 -7.669650
vn -26.109316 96.226192 -7.669650
vn -33.312006 93.975990 -7.669650
vn -40.323888 91.187502 -7.669650
vn -47.104799 87.876700 -7.669650
vn -53.615898 84.062548 -7.669650
vn -59.819889 79.766894 -7.669650
vn -65.681238 75.014342 -7.669650
vn -71.166370 69.832114 -7.669650
vn -76.243868 64.249895 -7.669650
vn -80.884648 58.299658 -7.669650
vn -85.062128 52.015486 -7.669650
vn -88.752380 45.433374 -7.669650
vn -91.934267 38.591023 -7.669650
vn -94.589562 31.527627 -7.669650
vn -96.703056 24.283644 -7.669650
vn -98.262645 16.900566 -7.669650
vn -99.259394 9.420682 -7.669650
vn -99.687594 1.886839 -7.669650
vn -99.544792 -5.657813 -7.669650
vn -98.831807 -13.170057 -7.669650
vn -97.552722 -20.606864 -7.669650
vn -95.714864 -27.925637 -7.669650
vn -93.328760 -35.084454 -7.669650
vn -90.408078 -42.042311 -7.669650
vn -86.969546 -48.759354 -7.669650
vn -83.032860 -55.197107 -7.669650
vn -78.620570 -61.318696 -7.669650
vn -73.757948 -67.089057 -7.669650
vn -68.472848 -72.475138 -7.669650
vn -62.795541 -77.446088 -7.669650
vn -56.758547 -81.973434 -7.669650
vn -50.396445 -86.031243 -7.669650
vn -43.745676 -89.596274 -7.669650
vn -6.878793 -99.467878 -7.669650
vn 0.000000 -99.705449 -7.669650
vn 6.878793 -99.467878 -7.669650
vn 13.724805 -98.756297 -7.669650
vn 20.505413 -97.574098 -7.669650
vn 27.188303 -95.926913 -7.669650
vn 33.741628 -93.822593 -7.669650
vn -13.724805 -98.756297 -7.669650
vn -20.505413 -97.574098 -7.669650
vn -27.188303 -95.926913 -7.669650
vn -33.741628 -93.822593 -7.669650
vn 0.000000 0.000000 -100.000000
vn 0.000000 0.000000 -100.000000
vn 0.000000 0.000000 -100.000000
vn 0.000000 0.000000 -100.000000
vn 0.000000 0.000000 -100.000000
vn 0.000000 0.000000 -100.000000
vn 0.000000 0.000000 -100.000000
vn 0.000000 0.000000 -100.000000
vn 0.000000 0.000000 -100.000000
vn 0.000000 0.000000 -100.000000
vn 0.000000 0.000000 -100.000000
vn 0.000000 0.000000 -100.000000
vn 0.000000 0.000000 -100.000000
vn 0.000000 0.000000 -100.000000
vn 0.000000 0.000000 -100.000000
vn 0.000000 0.000000 -100.000000
vn 0.000000 0.000000 -100.000000
vn 0.000000 0.000000 -100.000000
vn 0.000000 0.000000 -100.000000
vn 0.000000 0.000000 -100.000000
vn 0.000000 0.000000 -100.000000
vn 0.000000 0.000000 -100.000000
vn 0.000000 0.000000 -100.000000
vn 0.000000 0.000000 -100.000000
vn 0.000000 0.000000 -100.000000
vn 0.000000 0.000000 -100.000000
vn 0.000000 0.000000 -100.000000
vn 0.000000 0.000000 -100.000000
vn 0.000000 0.000000 -100.000000
vn 0.000000 0.000000 -100.000000
vn 0.000000 0.000000 -100.000000
vn 0.000000 0.000000 -100.000000
vn 0.000000 0.000000 -100.000000
vn 0.000000 0.000000 -100.000000
vn 0.000000 0.000000 -100.000000
vn 0.000000 0.000000 -100.000000
vn 0.000000 0.000000 -100.000000
vn 0.000000 0.000000 -100.000000
vn 0.000000 0.000000 -100.000000
vn 0.000000 0.000000 -100.000000
vn 0.000000 0.000000 -100.000000
vn 0.000000 0.000000 -100.000000
vn 0.000000 0.000000 -100.000000
vn 0.000000 0.000000 -100.000000
vn 0.000000 0.000000 -100.000000
vn 0.000000 0.000000 -100.000000
vn 0.000000 0.000000 -100.000000
vn 0.000000 0.000000 -100.000000
vn 0.000000 0.000000 -100.000000
vn 0.000000 0.000000 -100.000000
vn 0.000000 0.000000 -100.000000
vn 0.000000 0.000000 -100.000000
vn 0.000000 0.000000 -100.000000
vn 0.000000 0.000000 -100.000000
vn 0.000000 0.000000 -100.000000
vn 0.000000 0.000000 -100.000000
vn 0.000000 0.000000 -100.000000
vn 0.000000 0.000000 -100.000000
vn 0.000000 0.000000 -100.000000
vn 0.000000 0.000000 -100.000000
vn 0.000000 0.000000 -100.000000
vn 0.000000 0.000000 -100.000000
vn 0.000000 0.000000 -100.000000
vn 0.000000 0.000000 -100.000000
vn 0.000000 0.000000 -100.000000
vn 0.000000 0.000000 -100.000000
vn 0.000000 0.000000 -100.000000
vn 0.000000 0.000000 -100.000000
vn 0.000000 0.000000 -100.000000
vn 0.000000 0.000000 -100.000000
vn 0.000000 0.000000 -100.000000
vn 0.000000 0.000000 -100.000000
vn 0.000000 0.000000 -100.000000
vn 0.000000 0.000000 -100.000000
vn 0.000000 0.000000 -100.000000
vn 0.000000 0.000000 -100.000000
vn 0.000000 0.000000 -100.000000
vn 0.000000 0.000000 -100.000000
vn 0.000000 0.000000 -100.000000
vn 0.000000 0.000000 -100.000000
vn 0.000000 0.000000 -100.000000
vn 0.000000 0.000000 -100.000000
vn 0.000000 0.000000 -100.000000
vn 0.000000 0.000000 -100.000000
vn 0.000000 0.000000 -100.000000
vn 0.000000 0.000000 -100.000000
vn 0.000000 0.000000 -100.000000
vn 0.000000 0.000000 -100.000000
vn 0.000000 0.000000 -100.000000
vn 0.000000 0.000000 -100.000000
vn 0.000000 0.000000 -100.000000
vn 0.000000 0.000000 -100.000000
vn 0.000000 0.000000 -100.000000
vn 0.000000 0.000000 -100.000000
vn 0.000000 0.000000 -100.000000
vn 0.000000 0.000000 -100.000000
vn 0.000000 0.000000 -100.000000
vn 0.000000 0.000000 -100.000000
vn 0.000000 0.000000 -100.000000
vn 0.000000 0.000000 -100.000000
vn 0.000000 0.000000 -100.000000
vn 0.000000 0.000000 -100.000000
vn 0.000000 0.000000 -100.000000
vn 0.000000 0.000000 -100.000000
vn 0.000000 0.000000 -100.000000
vn 0.000000 0.000000 -100.000000
vn 0.000000 0.000000 -100.000000
vn 0.000000 0.000000 -100.000000
vn 0.000000 0.000000 -100.000000
vn 0.000000 0.000000 -100.000000
vn 0.000000 0.000000 -100.000000
vn 0.000000 0.000000 -100.000000
vn 0.000000 0.000000 -100.000000
vn 0.000000 0.000000 -100.000000
vn 0.000000 0.000000 -100.000000
vn 0.000000 0.000000 -100.000000
vn 0.000000 0.000000 -100.000000
vn 0.000000 0.000000 -100.000000
vn 0.000000 0.000000 -100.000000
vn 0.000000 0.000000 -100.000000
vn 0.000000 0.000000 -100.000000
vn 0.000000 0.000000 -100.000000
vn 0.000000 0.000000 -100.000000
vn 0.000000 0.000000 -100.000000
vn 0.000000 0.000000 -100.000000
vn 0.000000 0.000000 -100.000000
vn 0.000000 0.000000 -100.000000
vn 0.000000 0.000000 -100.000000
vn 0.000000 0.000000 -100.000000
vn 0.000000 0.000000 -100.000000
vn 0.000000 0.000000 -100.000000
vn 0.000000 0.000000 -100.000000
vn 0.000000 0.000000 -100.000000
vn 0.000000 0.000000 -100.000000
vn 0.000000 0.000000 -100.000000
vn 0.000000 0.000000 -100.000000
vn 0.000000 0.000000 -100.000000
vn 0.000000 0.000000 -100.000000
vn 0.000000 0.000000 -100.000000
vn 0.000000 0.000000 -100.000000
vn 0.000000 0.000000 -100.000000
vn 0.000000 0.000000 -100.000000
vn 0.000000 0.000000 -100.000000
vn 0.000000 0.000000 -100.000000
vn 0.000000 0.000000 -100.000000
vn 0.000000 0.000000 -100.000000
vn 0.000000 0.000000 -100.000000
vn 0.000000 0.000000 -100.000000
vn 0.000000 0.000000 -100.000000
vn 0.000000 0.000000 -100.000000
vn 0.000000 0.000000 -100.000000
vn 0.000000 0.000000 -100.000000
vn 0.000000 0.000000 -100.000000
vn 0.000000 0.000000 -100.000000
vn 0.000000 0.000000 -100.000000
vn 0.000000 0.000000 -100.000000
vn 0.000000 0.000000 -100.000000
vn 0.000000 0.000000 -100.000000
vn 0.000000 0.000000 -100.000000
vn 0.000000 0.000000 -100.000000
vn 0.000000 0.000000 -100.000000
vn 0.000000 0.000000 -100.000000
vn 0.000000 0.000000 -100.000000
vn 0.000000 0.000000 -100.000000
vn 0.000000 0.000000 -100.000000
vn 0.000000 0.000000 -100.000000
vn 0.000000 0.000000 -100.000000
vn 0.000000 0.000000 -100.000000
vn 0.000000 0.000000 -100.000000
vn 0.000000 0.000000 -100.000000
vn 0.000000 0.000000 -100.000000
vn 0.000000 0.000000 -100.000000
vn 0.000000 0.000000 -100.000000
vn 0.000000 0.000000 -100.000000
vn 0.000000 0.000000 -100.000000
vn 0.000000 0.000000 -100.000000
vn 0.000000 0.000000 -100.000000
vn 0.000000 0.000000 -100.000000
vn 0.000000 0.000000 -100.000000
vn 0.000000 0.000000 -100.000000
vn 0.000000 0.000000 -100.000000
vn 0.000000 0.000000 -100.000000
vn 0.000000 0.000000 -100.000000
vn 0.000000 0.000000 -100.000000
vn 0.000000 0.000000 -100.000000
vn 6.679263 -99.776688 0.000000
vn 6.679263 -99.776688 0.000000
vn 0.000000 -100.000000 0.000000
vn 0.000000 -100.000000 0.000000
vn -6.679263 -99.776688 0.000000
vn -6.679263 -99.776688 0.000000
vn -13.328696 -99.107749 0.000000
vn -13.328696 -99.107749 0.000000
vn -19.918599 -97.996171 0.000000
vn -19.918599 -97.996171 0.000000
vn -26.419540 -96.446918 0.000000
vn -26.419540 -96.446918 0.000000
vn -32.802486 -94.466909 0.000000
vn -32.802486 -94.466909 0.000000
vn -39.038928 -92.064989 0.000000
vn -39.038928 -92.064989 0.000000
vn -45.101012 -89.251884 0.000000
vn -45.101012 -89.251884 0.000000
vn -50.961664 -86.040158 0.000000
vn -50.961664 -86.040158 0.000000
vn -56.594709 -82.444156 0.000000
vn -56.594709 -82.444156 0.000000
vn -61.974989 -78.479939 0.000000
vn -61.974989 -78.479939 0.000000
vn -67.078473 -74.165211 0.000000
vn -67.078473 -74.165211 0.000000
vn -71.882368 -69.519243 0.000000
vn -71.882368 -69.519243 0.000000
vn -76.365220 -64.562785 0.000000
vn -76.365220 -64.562785 0.000000
vn -80.507005 -59.317974 0.000000
vn -80.507005 -59.317974 0.000000
vn -84.289227 -53.808235 0.000000
vn -84.289227 -53.808235 0.000000
vn -87.694993 -48.058176 0.000000
vn -87.694993 -48.058176 0.000000
vn -90.709091 -42.093476 0.000000
vn -90.709091 -42.093476 0.000000
vn -93.318061 -35.940777 0.000000
vn -93.318061 -35.940777 0.000000
vn -95.510250 -29.627558 0.000000
vn -95.510250 -29.627558 0.000000
vn -97.275866 -23.182015 0.000000
vn -97.275866 -23.182015 0.000000
vn -98.607025 -16.632935 0.000000
vn -98.607025 -16.632935 0.000000
vn -99.497782 -10.009569 0.000000
vn -99.497782 -10.009569 0.000000
vn -99.944156 -3.341498 0.000000
vn -99.944156 -3.341498 0.000000
vn -99.944156 3.341498 -0.000000
vn -99.944156 3.341498 -0.000000
vn -99.497782 10.009569 -0.000000
vn -99.497782 10.009569 -0.000000
vn -98.607025 16.632935 -0.000000
vn -98.607025 16.632935 -0.000000
vn -97.275866 23.182015 -0.000000
vn -97.275866 23.182015 -0.000000
vn -95.510250 29.627558 -0.000000
vn -95.510250 29.627558 -0.000000
vn -93.318061 35.940777 -0.000000
vn -93.318061 35.940777 -0.000000
vn -90.709091 42.093476 -0.000000
vn -90.709091 42.093476 -0.000000
vn -87.694993 48.058176 -0.000000
vn -87.694993 48.058176 -0.000000
vn -84.289227 53.808235 -0.000000
vn -84.289227 53.808235 -0.000000
vn -80.507005 59.317974 -0.000000
vn -80.507005 59.317974 -0.000000
vn -76.365220 64.562785 -0.000000
vn -76.365220 64.562785 -0.000000
vn -71.882368 69.519243 -0.000000
vn -71.882368 69.519243 -0.000000
vn -67.078473 74.165211 -0.000000
vn -67.078473 74.165211 -0.000000
vn -61.974989 78.479939 -0.000000
vn -61.974989 78.479939 -0.000000
vn -56.594709 82.444156 -0.000000
vn -56.594709 82.444156 -0.000000
vn -50.961664 86.040158 -0.000000
vn -50.961664 86.040158 -0.000000
vn -45.101012 89.251884 -0.000000
vn -45.101012 89.251884 -0.000000
vn -39.038928 92.064989 -0.000000
vn -39.038928 92.064989 -0.000000
vn -32.802486 94.466909 -0.000000
vn -32.802486 94.466909 -0.000000
vn -26.419540 96.446918 -0.000000
vn -26.419540 96.446918 -0.000000
vn -19.918599 97.996171 -0.000000
vn -19.918599 97.996171 -0.000000
vn -13.328696 99.107749 -0.000000
vn -13.328696 99.107749 -0.000000
vn -6.679263 99.776688 -0.000000
vn -6.679263 99.776688 -0.000000
vn -0.000000 100.000000 -0.000000
vn -0.000000 100.000000 -0.000000
vn 6.679263 99.776688 0.000000
vn 6.679263 99.776688 0.000000
vn 13.328696 99.107749 0.000000
vn 13.328696 99.107749 0.000000
vn 19.918599 97.996171 0.000000
vn 19.918599 97.996171 0.000000
vn 26.419540 96.446918 0.000000
vn 26.419540 96.446918 0.000000
vn 32.802486 94.466909 0.000000
vn 32.802486 94.466909 0.000000
vn 39.038928 92.064989 0.000000
vn 39.038928 92.064989 0.000000
vn 45.101012 89.251884 0.000000
vn 45.101012 89.251884 0.000000
vn 50.961664 86.040158 0.000000
vn 50.961664 86.040158 0.000000
vn 56.594709 82.444156 0.000000
vn 56.594709 82.444156 0.000000
vn 61.974989 78.479939 0.000000
vn 61.974989 78.479939 0.000000
vn 67.078473 74.165211 0.000000
vn 67.078473 74.165211 0.000000
vn 71.882368 69.519243 0.000000
vn 71.882368 69.519243 0.000000
vn 76.365220 64.562785 0.000000
vn 76.365220 64.562785 0.000000
vn 80.507005 59.317974 0.000000
vn 80.507005 59.317974 0.000000
vn 84.289227 53.808235 0.000000
vn 84.289227 53.808235 0.000000
vn 87.694993 48.058176 0.000000
vn 87.694993 48.058176 0.000000
vn 90.709091 42.093476 0.000000
vn 90.709091 42.093476 0.000000
vn 93.318061 35.940777 0.000000
vn 93.318061 35.940777 0.000000
vn 95.510250 29.627558 0.000000
vn 95.510250 29.627558 0.000000
vn 97.275866 23.182015 0.000000
vn 97.275866 23.182015 0.000000
vn 98.607025 16.632935 0.000000
vn 98.607025 16.632935 0.000000
vn 99.497782 10.009569 0.000000
vn 99.497782 10.009569 0.000000
vn 99.944156 3.341498 0.000000
vn 99.944156 3.341498 0.000000
vn 99.944156 -3.341498 0.000000
vn 99.944156 -3.341498 0.000000
vn 99.497782 -10.009569 0.000000
vn 99.497782 -10.009569 0.000000
vn 98.607025 -16.632935 0.000000
vn 98.607025 -16.632935 0.000000
vn 97.275866 -23.182015 0.000000
vn 97.275866 -23.182015 0.000000
vn 95.510250 -29.627558 0.000000
vn 95.510250 -29.627558 0.000000
vn 93.318061 -35.940777 0.000000
vn 93.318061 -35.940777 0.000000
vn 90.709091 -42.093476 0.000000
vn 90.709091 -42.093476 0.000000
vn 87.694993 -48.058176 0.000000
vn 87.694993 -48.058176 0.000000
vn 84.289227 -53.808235 0.000000
vn 84.289227 -53.808235 0.000000
vn 80.507005 -59.317974 0.000000
vn 80.507005 -59.317974 0.000000
vn 76.365220 -64.562785 0.000000
vn 76.365220 -64.562785 0.000000
vn 71.882368 -69.519243 0.000000
vn 71.882368 -69.519243 0.000000
vn 67.078473 -74.165211 0.000000
vn 67.078473 -74.165211 0.000000
vn 61.974989 -78.479939 0.000000
vn 61.974989 -78.479939 0.000000
vn 56.594709 -82.444156 0.000000
vn 56.594709 -82.444156 0.000000
vn 50.961664 -86.040158 0.000000
vn 50.961664 -86.040158 0.000000
vn 45.101012 -89.251884 0.000000
vn 45.101012 -89.251884 0.000000
vn 39.038928 -92.064989 0.000000
vn 39.038928 -92.064989 0.000000
vn 32.802486 -94.466909 0.000000
vn 32.802486 -94.466909 0.000000
vn 26.419540 -96.446918 0.000000
vn 26.419540 -96.446918 0.000000
vn 19.918599 -97.996171 0.000000
vn 19.918599 -97.996171 0.000000
vn 13.328696 -99.107749 0.000000
vn 13.328696 -99.107749 0.000000
vn 0.000000 0.000000 100.000000
vn 0.000000 0.000000 100.000000
vn 0.000000 0.000000 100.000000
vn 0.000000 0.000000 100.000000
vn 0.000000 0.000000 100.000000
vn 0.000000 0.000000 100.000000
vn 0.000000 0.000000 100.000000
vn 0.000000 0.000000 100.000000
vn 0.000000 0.000000 100.000000
vn 0.000000 0.000000 100.000000
vn 0.000000 0.000000 100.000000
vn 0.000000 0.000000 100.000000
vn 0.000000 0.000000 100.000000
vn 0.000000 0.000000 100.000000
vn 0.000000 0.000000 100.000000
vn 0.000000 0.000000 100.000000
vn 0.000000 0.000000 100.000000
vn 0.000000 0.000000 100.000000
vn 0.000000 0.000000 100.000000
vn 0.000000 0.000000 100.000000
vn 0.000000 0.000000 100.000000
vn 0.000000 0.000000 100.000000
vn 0.000000 0.000000 100.000000
vn 0.000000 0.000000 100.000000
vn 0.000000 0.000000 100.000000
vn 0.000000 0.000000 100.000000
vn 0.000000 0.000000 100.000000
vn 0.000000 0.000000 100.000000
vn 0.000000 0.000000 100.000000
vn 0.000000 0.000000 100.000000
vn 0.000000 0.000000 100.000000
vn 0.000000 0.000000 100.000000
vn 0.000000 0.000000 100.000000
vn 0.000000 0.000000 100.000000
vn 0.000000 0.000000 100.000000
vn 0.000000 0.000000 100.000000
vn 0.000000 0.000000 100.000000
vn 0.000000 0.000000 100.000000
vn 0.000000 0.000000 100.000000
vn 0.000000 0.000000 100.000000
vn 0.000000 0.000000 100.000000
vn 0.000000 0.000000 100.000000
vn 0.000000 0.000000 100.000000
vn 0.000000 0.000000 100.000000
vn 0.000000 0.000000 100.000000
vn 0.000000 0.000000 100.000000
vn 0.000000 0.000000 100.000000
vn 0.000000 0.000000 100.000000
vn 0.000000 0.000000 100.000000
vn 0.000000 0.000000 100.000000
vn 0.000000 0.000000 100.000000
vn 0.000000 0.000000 100.000000
vn 0.000000 0.000000 100.000000
vn 0.000000 0.000000 100.000000
vn 0.000000 0.000000 100.000000
vn 0.000000 0.000000 100.000000
vn 0.000000 0.000000 100.000000
vn 0.000000 0.000000 100.000000
vn 0.000000 0.000000 100.000000
vn 0.000000 0.000000 100.000000
vn 0.000000 0.000000 100.000000
vn 0.000000 0.000000 100.000000
vn 0.000000 0.000000 100.000000
vn 0.000000 0.000000 100.000000
vn 0.000000 0.000000 100.000000
vn 0.000000 0.000000 100.000000
vn 0.000000 0.000000 100.000000
vn 0.000000 0.000000 100.000000
vn 0.000000 0.000000 100.000000
vn 0.000000 0.000000 100.000000
vn 0.000000 0.000000 100.000000
vn 0.000000 0.000000 100.000000
vn 0.000000 0.000000 100.000000
vn 0.000000 0.000000 100.000000
vn 0.000000 0.000000 100.000000
vn 0.000000 0.000000 100.000000
vn 0.000000 0.000000 100.000000
vn 0.000000 0.000000 100.000000
vn 0.000000 0.000000 100.000000
vn 0.000000 0.000000 100.000000
vn 0.000000 0.000000 100.000000
vn 0.000000 0.000000 100.000000
vn 0.000000 0.000000 100.000000
vn 0.000000 0.000000 100.000000
vn 0.000000 0.000000 100.000000
vn 0.000000 0.000000 100.000000
vn 0.000000 0.000000 100.000000
vn 0.000000 0.000000 100.000000
vn 0.000000 0.000000 100.000000
vn 0.000000 0.000000 100.000000
vn 0.000000 0.000000 100.000000
vn 0.000000 0.000000 100.000000
vn 0.000000 0.000000 100.000000
vn 0.000000 0.000000 100.000000
vn 0.000000 0.000000 100.000000
vn 0.000000 0.000000 100.000000
vn 0.000000 0.000000 100.000000
vn 0.000000 0.000000 100.000000
vn 0.000000 0.000000 100.000000
vn 0.000000 0.000000 100.000000
vn 0.000000 0.000000 100.000000
vn 0.000000 0.000000 100.000000
vn 0.000000 0.000000 100.000000
vn 0.000000 0.000000 100.000000
vn 0.000000 0.000000 100.000000
vn 0.000000 0.000000 100.000000
vn 0.000000 0.000000 100.000000
vn 0.000000 0.000000 100.000000
vn 0.000000 0.000000 100.000000
vn 0.000000 0.000000 100.000000
vn 0.000000 0.000000 100.000000
vn 0.000000 0.000000 100.000000
vn 0.000000 0.000000 100.000000
vn 0.000000 0.000000 100.000000
vn 0.000000 0.000000 100.000000
vn 0.000000 0.000000 100.000000
vn 0.000000 0.000000 100.000000
vn 0.000000 0.000000 100.000000
vn 0.000000 0.000000 100.000000
vn 0.000000 0.000000 100.000000
vn 0.000000 0.000000 100.000000
vn 0.000000 0.000000 100.000000
vn 0.000000 0.000000 100.000000
vn 0.000000 0.000000 100.000000
vn 0.000000 0.000000 100.000000
vn 0.000000 0.000000 100.000000
vn 0.000000 0.000000 100.000000
vn 0.000000 0.000000 100.000000
vn 0.000000 0.000000 100.000000
vn 0.000000 0.000000 100.000000
vn 0.000000 0.000000 100.000000
vn 0.000000 0.000000 100.000000
vn 0.000000 0.000000 100.000000
vn 0.000000 0.000000 100.000000
vn 0.000000 0.000000 100.000000
vn 0.000000 0.000000 100.000000
vn 0.000000 0.000000 100.000000
vn 0.000000 0.000000 100.000000
vn 0.000000 0.000000 100.000000
vn 0.000000 0.000000 100.000000
vn 0.000000 0.000000 100.000000
vn 0.000000 0.000000 100.000000
vn 0.000000 0.000000 100.000000
vn 0.000000 0.000000 100.000000
vn 0.000000 0.000000 100.000000
vn 0.000000 0.000000 100.000000
vn 0.000000 0.000000 100.000000
vn 0.000000 0.000000 100.000000
vn 0.000000 0.000000 100.000000
vn 0.000000 0.000000 100.000000
vn 0.000000 0.000000 100.000000
vn 0.000000 0.000000 100.000000
vn 0.000000 0.000000 100.000000
vn 0.000000 0.000000 100.000000
vn 0.000000 0.000000 100.000000
vn 0.000000 0.000000 100.000000
vn 0.000000 0.000000 100.000000
vn 0.000000 0.000000 100.000000
vn 0.000000 0.000000 100.000000
vn 0.000000 0.000000 100.000000
vn 0.000000 0.000000 100.000000
vn 0.000000 0.000000 100.000000
vn 0.000000 0.000000 100.000000
vn 0.000000 0.000000 100.000000
vn 0.000000 0.000000 100.000000
vn 0.000000 0.000000 100.000000
vn 0.000000 0.000000 100.000000
vn 0.000000 0.000000 100.000000
vn 0.000000 0.000000 100.000000
vn 0.000000 0.000000 100.000000
vn 0.000000 0.000000 100.000000
vn 0.000000 0.000000 100.000000
vn 0.000000 0.000000 100.000000
vn 0.000000 0.000000 100.000000
vn 0.000000 0.000000 100.000000
vn 0.000000 0.000000 100.000000
vn 0.000000 0.000000 100.000000
vn 0.000000 0.000000 100.000000
vn 0.000000 0.000000 100.000000
vn 0.000000 0.000000 100.000000
vn 0.000000 0.000000 100.000000
vn 0.000000 0.000000 100.000000
vn 0.000000 0.000000 100.000000
vn 0.000000 0.000000 100.000000
vn 0.000000 0.000000 100.000000
vn -6.878793 99.467878 7.669650
vn -3.441447 99.646038 7.669650
vn 0.000000 99.705449 7.669650
vn 3.441447 99.646038 7.669650
vn 6.878793 99.467878 7.669650
vn 10.307941 99.171179 7.669650
vn 13.724805 98.756297 7.669650
vn 17.125313 98.223725 7.669650
vn 20.505413 97.574098 7.669650
vn 23.861076 96.808189 7.669650
vn 27.188303 95.926913 7.669650
vn 30.483129 94.931319 7.669650
vn 33.741628 93.822593 7.669650
vn 36.959916 92.602058 7.669650
vn 40.134159 91.271166 7.669650
vn 43.260573 89.831505 7.669650
vn 46.335432 88.284790 7.669650
vn 49.355073 86.632865 7.669650
vn 52.315896 84.877697 7.669650
vn 55.214374 83.021379 7.669650
vn 58.047051 81.066123 7.669650
vn 60.810553 79.014259 7.669650
vn 63.501586 76.868232 7.669650
vn 66.116942 74.630600 7.669650
vn 68.653506 72.304029 7.669650
vn 71.108254 69.891292 7.669650
vn 73.478261 67.395264 7.669650
vn 75.760703 64.818920 7.669650
vn 77.952859 62.165330 7.669650
vn 80.052117 59.437657 7.669650
vn 82.055975 56.639150 7.669650
vn 83.962046 53.773146 7.669650
vn 85.768058 50.843059 7.669650
vn 87.471859 47.852382 7.669650
vn 89.071417 44.804677 7.669650
vn 90.564828 41.703579 7.669650
vn 91.950310 38.552781 7.669650
vn 93.226214 35.356039 7.669650
vn 94.391018 32.117163 7.669650
vn 95.443335 28.840012 7.669650
vn 96.381910 25.528492 7.669650
vn 97.205625 22.186550 7.669650
vn 97.913498 18.818167 7.669650
vn 98.504686 15.427358 7.669650
vn 98.978484 12.018164 7.669650
vn 99.334327 8.594648 7.669650
vn 99.571792 5.160889 7.669650
vn 99.690595 1.720980 7.669650
vn 99.690595 -1.720980 7.669650
vn 99.571792 -5.160889 7.669650
vn 99.334327 -8.594648 7.669650
vn 98.978484 -12.018164 7.669650
vn 98.504686 -15.427358 7.669650
vn 97.913498 -18.818167 7.669650
vn 97.205625 -22.186550 7.669650
vn 96.381910 -25.528492 7.669650
vn 95.443335 -28.840012 7.669650
vn 94.391018 -32.117163 7.669650
vn 93.226214 -35.356039 7.669650
vn 91.950310 -38.552781 7.669650
vn 90.564828 -41.703579 7.669650
vn 89.071417 -44.804677 7.669650
vn 87.471859 -47.852382 7.669650
vn 85.768058 -50.843059 7.669650
vn 83.962046 -53.773146 7.669650
vn 82.055975 -56.639150 7.669650
vn 80.052117 -59.437657 7.669650
vn 77.952859 -62.165330 7.669650
vn 75.760703 -64.818920 7.669650
vn 73.478261 -67.395264 7.669650
vn 71.108254 -69.891292 7.669650
vn 68.653506 -72.304029 7.669650
vn 66.116942 -74.630600 7.669650
vn 63.501586 -76.868232 7.669650
vn 60.810553 -79.014259 7.669650
vn 58.047051 -81.066123 7.669650
vn 55.214374 -83.021379 7.669650
vn 52.315896 -84.877697 7.669650
vn 49.355073 -86.632865 7.669650
vn 46.335432 -88.284790 7.669650
vn 43.260573 -89.831505 7.669650
vn 40.134159 -91.271166 7.669650
vn 36.959916 -92.602058 7.669650
vn 33.741628 -93.822593 7.669650
vn 30.483129 -94.931319 7.669650
vn 27.188303 -95.926913 7.669650
vn 23.861076 -96.808189 7.669650
vn 20.505413 -97.574098 7.669650
vn 17.125313 -98.223725 7.669650
vn 13.724805 -98.756297 7.669650
vn 10.307941 -99.171179 7.669650
vn 6.878793 -99.467878 7.669650
vn 3.441447 -99.646038 7.669650
vn 0.000000 -99.705449 7.669650
vn -3.441447 -99.646038 7.669650
vn -6.878793 -99.467878 7.669650
vn -10.307941 -99.171179 7.669650
vn -13.724805 -98.756297 7.669650
vn -17.125313 -98.223725 7.669650
vn -20.505413 -97.574098 7.669650
vn -23.861076 -96.808189 7.669650
vn -27.188303 -95.926913 7.669650
vn -30.483129 -94.931319 7.669650
vn -33.741628 -93.822593 7.669650
vn -36.959916 -92.602058 7.669650
vn -40.134159 -91.271166 7.669650
vn -43.260573 -89.831505 7.669650
vn -46.335432 -88.284790 7.669650
vn -49.355073 -86.632865 7.669650
vn -52.315896 -84.877697 7.669650
vn -55.214374 -83.021379 7.669650
vn -58.047051 -81.066123 7.669650
vn -60.810553 -79.014259 7.669650
vn -63.501586 -76.868232 7.669650
vn -66.116942 -74.630600 7.669650
vn -68.653506 -72.304029 7.669650
vn -71.108254 -69.891292 7.669650
vn -73.478261 -67.395264 7.669650
vn -75.760703 -64.818920 7.669650
vn -77.952859 -62.165330 7.669650
vn -80.052117 -59.437657 7.669650
vn -82.055975 -56.639150 7.669650
vn -83.962046 -53.773146 7.669650
vn -85.768058 -50.843059 7.669650
vn -87.471859 -47.852382 7.669650
vn -89.071417 -44.804677 7.669650
vn -90.564828 -41.703579 7.669650
vn -91.950310 -38.552781 7.669650
vn -93.226214 -35.356039 7.669650
vn -94.391018 -32.117163 7.669650
vn -95.443335 -28.840012 7.669650
vn -96.381910 -25.528492 7.669650
vn -97.205625 -22.186550 7.669650
vn -97.913498 -18.818167 7.669650
vn -98.504686 -15.427358 7.669650
vn -98.978484 -12.018164 7.669650
vn -99.334327 -8.594648 7.669650
vn -99.571792 -5.160889 7.669650
vn -99.690595 -1.720980 7.669650
vn -99.690595 1.720980 7.669650
vn -99.571792 5.160889 7.669650
vn -99.334327 8.594648 7.669650
vn -98.978484 12.018164 7.669650
vn -98.504686 15.427358 7.669650
vn -97.913498 18.818167 7.669650
vn -97.205625 22.186550 7.669650
vn -96.381910 25.528492 7.669650
vn -95.443335 28.840012 7.669650
vn -94.391018 32.117163 7.669650
vn -93.226214 35.356039 7.669650
vn -91.950310 38.552781 7.669650
vn -90.564828 41.703579 7.669650
vn -89.071417 44.804677 7.669650
vn -87.471859 47.852382 7.669650
vn -85.768058 50.843059 7.669650
vn -83.962046 53.773146 7.669650
vn -82.055975 56.639150 7.669650
vn -80.052117 59.437657 7.669650
vn -77.952859 62.165330 7.669650
vn -75.760703 64.818920 7.669650
vn -73.478261 67.395264 7.669650
vn -71.108254 69.891292 7.669650
vn -68.653506 72.304029 7.669650
vn -66.116942 74.630600 7.669650
vn -63.501586 76.868232 7.669650
vn -60.810553 79.014259 7.669650
vn -58.047051 81.066123 7.669650
vn -55.214374 83.021379 7.669650
vn -52.315896 84.877697 7.669650
vn -49.355073 86.632865 7.669650
vn -46.335432 88.284790 7.669650
vn -43.260573 89.831505 7.669650
vn -40.134159 91.271166 7.669650
vn -36.959916 92.602058 7.669650
vn -33.741628 93.822593 7.669650
vn -30.483129 94.931319 7.669650
vn -27.188303 95.926913 7.669650
vn -23.861076 96.808189 7.669650
vn -20.505413 97.574098 7.669650
vn -17.125313 98.223725 7.669650
vn -13.724805 98.756297 7.669650
vn -10.307941 99.171179 7.669650
vn 7.632378 99.412893 7.669650
vn 0.000000 99.705449 7.669650
vn -7.632378 99.412893 7.669650
vn -15.219965 98.536943 7.669650
vn -22.718236 97.082739 7.669650
vn -30.083188 95.058815 7.669650
vn -37.271599 92.477048 7.669650
vn 15.219965 98.536943 7.669650
vn 22.718236 97.082739 7.669650
vn 30.083188 95.058815 7.669650
vn 37.271599 92.477048 7.669650
vn 44.241285 89.352589 7.669650
vn 50.951347 85.703773 7.669650
vn 57.362405 81.552014 7.669650
vn 63.436838 76.921675 7.669650
vn 69.138999 71.839929 7.669650
vn 74.435424 66.336597 7.669650
vn 79.295032 60.443977 7.669650
vn 83.689306 54.196646 7.669650
vn 87.592458 47.631269 7.669650
vn 90.981582 40.786372 7.669650
vn 93.836791 33.702124 7.669650
vn 96.141327 26.420100 7.669650
vn 97.881668 18.983031 7.669650
vn 99.047601 11.434562 7.669650
vn 99.632283 3.818991 7.669650
vn 99.632283 -3.818991 7.669650
vn 99.047601 -11.434562 7.669650
vn 97.881668 -18.983031 7.669650
vn 96.141327 -26.420100 7.669650
vn 93.836791 -33.702124 7.669650
vn 90.981582 -40.786372 7.669650
vn 87.592458 -47.631269 7.669650
vn 83.689306 -54.196646 7.669650
vn 79.295032 -60.443977 7.669650
vn 74.435424 -66.336597 7.669650
vn 69.138999 -71.839929 7.669650
vn 63.436838 -76.921675 7.669650
vn 57.362405 -81.552014 7.669650
vn 50.951347 -85.703773 7.669650
vn 44.241285 -89.352589 7.669650
vn 37.271599 -92.477048 7.669650
vn 30.083188 -95.058815 7.669650
vn 22.718236 -97.082739 7.669650
vn 15.219965 -98.536943 7.669650
vn 7.632378 -99.412893 7.669650
vn 0.000000 -99.705449 7.669650
vn -7.632378 -99.412893 7.669650
vn -15.219965 -98.536943 7.669650
vn -22.718236 -97.082739 7.669650
vn -30.083188 -95.058815 7.669650
vn -37.271599 -92.477048 7.669650
vn -44.241285 -89.352589 7.669650
vn -50.951347 -85.703773 7.669650
vn -57.362405 -81.552014 7.669650
vn -63.436838 -76.921675 7.669650
vn -69.138999 -71.839929 7.669650
vn -74.435424 -66.336597 7.669650
vn -79.295032 -60.443977 7.669650
vn -83.689306 -54.196646 7.669650
vn -87.592458 -47.631269 7.669650
vn -90.981582 -40.786372 7.669650
vn -93.836791 -33.702124 7.669650
vn -96.141327 -26.420100 7.669650
vn -97.881668 -18.983031 7.669650
vn -99.047601 -11.434562 7.669650
vn -99.632283 -3.818991 7.669650
vn -99.632283 3.818991 7.669650
vn -99.047601 11.434562 7.669650
vn -97.881668 18.983031 7.669650
vn -96.141327 26.420100 7.669650
vn -93.836791 33.702124 7.669650
vn -90.981582 40.786372 7.669650
vn -87.592458 47.631269 7.669650
vn -83.689306 54.196646 7.669650
vn -79.295032 60.443977 7.669650
vn -74.435424 66.336597 7.669650
vn -69.138999 71.839929 7.669650
vn -63.436838 76.921675 7.669650
vn -57.362405 81.552014 7.669650
vn -50.951347 85.703773 7.669650
vn -44.241285 89.352589 7.669650
vn 0.000000 0.000000 100.000000
vn 0.000000 0.000000 100.000000
vn 0.000000 0.000000 100.000000
vn 0.000000 0.000000 100.000000
vn 0.000000 0.000000 100.000000
vn 0.000000 0.000000 100.000000
vn 0.000000 0.000000 100.000000
vn 0.000000 0.000000 100.000000
vn 0.000000 0.000000 100.000000
vn 0.000000 0.000000 100.000000
vn 0.000000 0.000000 100.000000
vn 0.000000 0.000000 100.000000
vn 0.000000 0.000000 100.000000
vn 0.000000 0.000000 100.000000
vn 0.000000 0.000000 100.000000
vn 0.000000 0.000000 100.000000
vn 0.000000 0.000000 100.000000
vn 0.000000 0.000000 100.000000
vn 0.000000 0.000000 100.000000
vn 0.000000 0.000000 100.000000
vn 0.000000 0.000000 100.000000
vn 0.000000 0.000000 100.000000
vn 0.000000 0.000000 100.000000
vn 0.000000 0.000000 100.000000
vn 0.000000 0.000000 100.000000
vn 0.000000 0.000000 100.000000
vn 0.000000 0.000000 100.000000
vn 0.000000 0.000000 100.000000
vn 0.000000 0.000000 100.000000
vn 0.000000 0.000000 100.000000
vn 0.000000 0.000000 100.000000
vn 0.000000 0.000000 100.000000
vn 0.000000 0.000000 100.000000
vn 0.000000 0.000000 100.000000
vn 0.000000 0.000000 100.000000
vn 0.000000 0.000000 100.000000
vn 0.000000 0.000000 100.000000
vn 0.000000 0.000000 100.000000
vn 0.000000 0.000000 100.000000
vn 0.000000 0.000000 100.000000
vn 0.000000 0.000000 100.000000
vn 0.000000 0.000000 100.000000
vn 0.000000 0.000000 100.000000
vn 0.000000 0.000000 100.000000
vn 0.000000 0.000000 100.000000
vn 0.000000 0.000000 100.000000
vn 0.000000 0.000000 100.000000
vn 0.000000 0.000000 100.000000
vn 0.000000 0.000000 100.000000
vn 0.000000 0.000000 100.000000
vn 0.000000 0.000000 100.000000
vn 0.000000 0.000000 100.000000
vn 0.000000 0.000000 100.000000
vn 0.000000 0.000000 100.000000
vn 0.000000 0.000000 100.000000
vn 0.000000 0.000000 100.000000
vn 0.000000 0.000000 100.000000
vn 0.000000 0.000000 100.000000
vn 0.000000 0.000000 100.000000
vn 0.000000 0.000000 100.000000
vn 0.000000 0.000000 100.000000
vn 0.000000 0.000000 100.000000
vn 0.000000 0.000000 100.000000
vn 0.000000 0.000000 100.000000
vn 0.000000 0.000000 100.000000
vn 0.000000 0.000000 100.000000
vn 0.000000 0.000000 100.000000
vn 0.000000 0.000000 100.000000
vn 0.000000 0.000000 100.000000
vn 0.000000 0.000000 100.000000
vn 0.000000 0.000000 100.000000
vn 0.000000 0.000000 100.000000
vn 0.000000 0.000000 100.000000
vn 0.000000 0.000000 100.000000
vn 0.000000 0.000000 100.000000
vn 0.000000 0.000000 100.000000
vn 0.000000 0.000000 100.000000
vn 0.000000 0.000000 100.000000
vn 0.000000 0.000000 100.000000
vn 0.000000 0.000000 100.000000
vn 0.000000 0.000000 100.000000
vn 0.000000 0.000000 100.000000
usemtl Steel_-_Satin
f 1/1/1 2/2/2 83/3/3
f 83/3/3 2/2/2 82/4/4
f 82/4/4 2/2/2 3/5/5
f 82/4/4 3/5/5 81/6/6
f 81/6/6 3/5/5 4/7/7
f 81/6/6 4/7/7 80/8/8
f 80/8/8 4/7/7 5/9/9
f 80/8/8 5/9/9 79/10/10
f 79/10/10 5/9/9 6/11/11
f 79/10/10 6/11/11 78/12/12
f 78/12/12 6/11/11 7/13/13
f 78/12/12 7/13/13 77/14/14
f 77/14/14 7/13/13 8/15/15
f 77/14/14 8/15/15 76/16/16
f 76/16/16 8/15/15 9/17/17
f 76/16/16 9/17/17 75/18/18
f 75/18/18 9/17/17 10/19/19
f 75/18/18 10/19/19 74/20/20
f 74/20/20 10/19/19 11/21/21
f 74/20/20 11/21/21 73/22/22
f 73/22/22 11/21/21 12/23/23
f 73/22/22 12/23/23 72/24/24
f 72/24/24 12/23/23 13/25/25
f 72/24/24 13/25/25 71/26/26
f 71/26/26 13/25/25 14/27/27
f 71/26/26 14/27/27 70/28/28
f 70/28/28 14/27/27 15/29/29
f 70/28/28 15/29/29 69/30/30
f 69/30/30 15/29/29 16/31/31
f 69/30/30 16/31/31 68/32/32
f 68/32/32 16/31/31 17/33/33
f 68/32/32 17/33/33 67/34/34
f 67/34/34 17/33/33 18/35/35
f 67/34/34 18/35/35 66/36/36
f 66/36/36 18/35/35 19/37/37
f 66/36/36 19/37/37 65/38/38
f 65/38/38 19/37/37 20/39/39
f 65/38/38 20/39/39 64/40/40
f 64/40/40 20/39/39 21/41/41
f 64/40/40 21/41/41 63/42/42
f 63/42/42 21/41/41 22/43/43
f 63/42/42 22/43/43 62/44/44
f 62/44/44 22/43/43 23/45/45
f 62/44/44 23/45/45 61/46/46
f 61/46/46 23/45/45 24/47/47
f 61/46/46 24/47/47 60/48/48
f 60/48/48 24/47/47 25/49/49
f 60/48/48 25/49/49 59/50/50
f 59/50/50 25/49/49 26/51/51
f 59/50/50 26/51/51 58/52/52
f 58/52/52 26/51/51 27/53/53
f 58/52/52 27/53/53 57/54/54
f 57/54/54 27/53/53 28/55/55
f 57/54/54 28/55/55 56/56/56
f 56/56/56 28/55/55 29/57/57
f 56/56/56 29/57/57 55/58/58
f 55/58/58 29/57/57 30/59/59
f 55/58/58 30/59/59 54/60/60
f 54/60/60 30/59/59 31/61/61
f 54/60/60 31/61/61 53/62/62
f 53/62/62 31/61/61 32/63/63
f 53/62/62 32/63/63 52/64/64
f 52/64/64 32/63/63 33/65/65
f 52/64/64 33/65/65 51/66/66
f 51/66/66 33/65/65 34/67/67
f 51/66/66 34/67/67 50/68/68
f 50/68/68 34/67/67 35/69/69
f 50/68/68 35/69/69 49/70/70
f 49/70/70 35/69/69 36/71/71
f 49/70/70 36/71/71 48/72/72
f 48/72/72 36/71/71 37/73/73
f 48/72/72 37/73/73 47/74/74
f 47/74/74 37/73/73 38/75/75
f 47/74/74 38/75/75 46/76/76
f 46/76/76 38/75/75 39/77/77
f 46/76/76 39/77/77 45/78/78
f 45/78/78 39/77/77 40/79/79
f 45/78/78 40/79/79 44/80/80
f 44/80/80 40/79/79 41/81/81
f 44/80/80 41/81/81 43/82/82
f 43/82/82 41/81/81 42/83/83
f 83/84/84 181/85/85 1/86/86
f 1/86/86 181/85/85 182/87/87
f 1/86/86 182/87/87 2/88/88
f 2/88/88 182/87/87 265/89/89
f 2/88/88 265/89/89 3/90/90
f 3/90/90 265/89/89 264/91/91
f 3/90/90 264/91/91 4/92/92
f 4/92/92 264/91/91 263/93/93
f 4/92/92 263/93/93 5/94/94
f 5/94/94 263/93/93 261/95/95
f 5/94/94 261/95/95 6/96/96
f 6/96/96 261/95/95 262/97/97
f 6/96/96 262/97/97 177/98/98
f 177/98/98 262/97/97 90/99/99
f 177/98/98 90/99/99 91/100/100
f 181/85/85 83/84/84 183/101/101
f 183/101/101 83/84/84 82/102/102
f 183/101/101 82/102/102 184/103/103
f 184/103/103 82/102/102 81/104/104
f 184/103/103 81/104/104 185/105/105
f 185/105/105 81/104/104 80/106/106
f 185/105/105 80/106/106 186/107/107
f 186/107/107 80/106/106 79/108/108
f 186/107/107 79/108/108 187/109/109
f 187/109/109 79/108/108 178/110/110
f 187/109/109 178/110/110 169/111/111
f 169/111/111 178/110/110 168/112/112
f 168/112/112 178/110/110 188/113/113
f 168/112/112 188/113/113 167/114/114
f 167/114/114 188/113/113 189/115/115
f 167/114/114 189/115/115 166/116/116
f 166/116/116 189/115/115 190/117/117
f 166/116/116 190/117/117 165/118/118
f 165/118/118 190/117/117 191/119/119
f 165/118/118 191/119/119 164/120/120
f 164/120/120 191/119/119 192/121/121
f 164/120/120 192/121/121 163/122/122
f 163/122/122 192/121/121 193/123/123
f 163/122/122 193/123/123 162/124/124
f 162/124/124 193/123/123 194/125/125
f 162/124/124 194/125/125 161/126/126
f 161/126/126 194/125/125 195/127/127
f 161/126/126 195/127/127 160/128/128
f 160/128/128 195/127/127 196/129/129
f 160/128/128 196/129/129 159/130/130
f 159/130/130 196/129/129 179/131/131
f 159/130/130 179/131/131 158/132/132
f 158/132/132 179/131/131 198/133/133
f 158/132/132 198/133/133 157/134/134
f 157/134/134 198/133/133 197/135/135
f 157/134/134 197/135/135 156/136/136
f 156/136/136 197/135/135 199/137/137
f 156/136/136 199/137/137 155/138/138
f 155/138/138 199/137/137 200/139/139
f 155/138/138 200/139/139 154/140/140
f 154/140/140 200/139/139 201/141/141
f 154/140/140 201/141/141 153/142/142
f 153/142/142 201/141/141 202/143/143
f 153/142/142 202/143/143 152/144/144
f 152/144/144 202/143/143 203/145/145
f 152/144/144 203/145/145 151/146/146
f 151/146/146 203/145/145 204/147/147
f 151/146/146 204/147/147 150/148/148
f 150/148/148 204/147/147 205/149/149
f 150/148/148 205/149/149 149/150/150
f 149/150/150 205/149/149 206/151/151
f 149/150/150 206/151/151 148/152/152
f 148/152/152 206/151/151 207/153/153
f 148/152/152 207/153/153 147/154/154
f 147/154/154 207/153/153 208/155/155
f 147/154/154 208/155/155 146/156/156
f 146/156/156 208/155/155 209/157/157
f 146/156/156 209/157/157 145/158/158
f 145/158/158 209/157/157 210/159/159
f 145/158/158 210/159/159 144/160/160
f 144/160/160 210/159/159 211/161/161
f 144/160/160 211/161/161 143/162/162
f 143/162/162 211/161/161 212/163/163
f 143/162/162 212/163/163 142/164/164
f 142/164/164 212/163/163 213/165/165
f 142/164/164 213/165/165 141/166/166
f 141/166/166 213/165/165 214/167/167
f 141/166/166 214/167/167 140/168/168
f 140/168/168 214/167/167 215/169/169
f 140/168/168 215/169/169 139/170/170
f 139/170/170 215/169/169 216/171/171
f 139/170/170 216/171/171 138/172/172
f 138/172/172 216/171/171 217/173/173
f 138/172/172 217/173/173 137/174/174
f 137/174/174 217/173/173 218/175/175
f 137/174/174 218/175/175 136/176/176
f 136/176/176 218/175/175 219/177/177
f 136/176/176 219/177/177 135/178/178
f 135/178/178 219/177/177 180/179/179
f 135/178/178 180/179/179 134/180/180
f 134/180/180 180/179/179 220/181/181
f 134/180/180 220/181/181 133/182/182
f 133/182/182 220/181/181 221/183/183
f 133/182/182 221/183/183 132/184/184
f 132/184/184 221/183/183 222/185/185
f 132/184/184 222/185/185 131/186/186
f 131/186/186 222/185/185 223/187/187
f 131/186/186 223/187/187 130/188/188
f 130/188/188 223/187/187 224/189/189
f 130/188/188 224/189/189 129/190/190
f 129/191/190 224/192/189 225/193/191
f 129/191/190 225/193/191 128/194/192
f 128/194/192 225/193/191 226/195/193
f 128/194/192 226/195/193 127/196/194
f 127/196/194 226/195/193 227/197/195
f 127/196/194 227/197/195 126/198/196
f 126/198/196 227/197/195 228/199/197
f 126/198/196 228/199/197 125/200/198
f 125/200/198 228/199/197 175/201/199
f 125/200/198 175/201/199 124/202/200
f 124/202/200 175/201/199 230/203/201
f 124/202/200 230/203/201 123/204/202
f 123/204/202 230/203/201 229/205/203
f 123/204/202 229/205/203 122/206/204
f 122/206/204 229/205/203 231/207/205
f 122/206/204 231/207/205 121/208/206
f 121/208/206 231/207/205 232/209/207
f 121/208/206 232/209/207 120/210/208
f 120/210/208 232/209/207 233/211/209
f 120/210/208 233/211/209 119/212/210
f 119/212/210 233/211/209 234/213/211
f 119/212/210 234/213/211 118/214/212
f 118/214/212 234/213/211 235/215/213
f 118/214/212 235/215/213 117/216/214
f 117/216/214 235/215/213 236/217/215
f 117/216/214 236/217/215 116/218/216
f 116/218/216 236/217/215 237/219/217
f 116/218/216 237/219/217 115/220/218
f 115/220/218 237/219/217 238/221/219
f 115/220/218 238/221/219 114/222/220
f 114/222/220 238/221/219 239/223/221
f 114/222/220 239/223/221 113/224/222
f 113/224/222 239/223/221 240/225/223
f 113/224/222 240/225/223 112/226/224
f 112/226/224 240/225/223 241/227/225
f 112/226/224 241/227/225 111/228/226
f 111/228/226 241/227/225 242/229/227
f 111/228/226 242/229/227 110/230/228
f 110/230/228 242/229/227 243/231/229
f 110/230/228 243/231/229 109/232/230
f 109/232/230 243/231/229 244/233/231
f 109/232/230 244/233/231 108/234/232
f 108/234/232 244/233/231 245/235/233
f 108/234/232 245/235/233 107/236/234
f 107/236/234 245/235/233 246/237/235
f 107/236/234 246/237/235 106/238/236
f 106/238/236 246/237/235 247/239/237
f 106/238/236 247/239/237 105/240/238
f 105/240/238 247/239/237 248/241/239
f 105/240/238 248/241/239 104/242/240
f 104/242/240 248/241/239 249/243/241
f 104/242/240 249/243/241 103/244/242
f 103/244/242 249/243/241 250/245/243
f 103/244/242 250/245/243 102/246/244
f 102/246/244 250/245/243 251/247/245
f 102/246/244 251/247/245 101/248/246
f 101/248/246 251/247/245 176/249/247
f 101/248/246 176/249/247 100/250/248
f 100/250/248 176/249/247 252/251/249
f 100/250/248 252/251/249 99/252/250
f 99/252/250 252/251/249 253/253/251
f 99/252/250 253/253/251 98/254/252
f 98/254/252 253/253/251 254/255/253
f 98/254/252 254/255/253 97/256/254
f 97/256/254 254/255/253 255/257/255
f 97/256/254 255/257/255 96/258/256
f 96/258/256 255/257/255 256/259/257
f 96/258/256 256/259/257 95/260/258
f 95/260/258 256/259/257 257/261/259
f 95/260/258 257/261/259 94/262/260
f 94/262/260 257/261/259 258/263/261
f 94/262/260 258/263/261 93/264/262
f 93/264/262 258/263/261 259/265/263
f 93/264/262 259/265/263 92/266/264
f 92/266/264 259/265/263 260/267/265
f 92/266/264 260/267/265 91/100/100
f 91/100/100 260/267/265 177/98/98
f 79/108/108 78/268/266 178/110/110
f 178/110/110 78/268/266 188/113/113
f 78/268/266 77/269/267 188/113/113
f 188/113/113 77/269/267 189/115/115
f 77/269/267 76/270/268 189/115/115
f 189/115/115 76/270/268 190/117/117
f 76/270/268 75/271/269 190/117/117
f 190/117/117 75/271/269 191/119/119
f 75/271/269 74/272/270 191/119/119
f 191/119/119 74/272/270 192/121/121
f 74/272/270 73/273/271 192/121/121
f 192/121/121 73/273/271 193/123/123
f 73/273/271 72/274/272 193/123/123
f 193/123/123 72/274/272 194/125/125
f 72/274/272 71/275/273 194/125/125
f 194/125/125 71/275/273 195/127/127
f 71/275/273 70/276/274 195/127/127
f 195/127/127 70/276/274 196/129/129
f 70/276/274 69/277/275 196/129/129
f 196/129/129 69/277/275 179/131/131
f 69/277/275 68/278/276 179/131/131
f 179/131/131 68/278/276 198/133/133
f 198/133/133 68/278/276 197/135/135
f 197/135/135 68/278/276 67/279/277
f 197/135/135 67/279/277 199/137/137
f 199/137/137 67/279/277 66/280/278
f 199/137/137 66/280/278 200/139/139
f 200/139/139 66/280/278 65/281/279
f 200/139/139 65/281/279 201/141/141
f 201/141/141 65/281/279 64/282/280
f 201/141/141 64/282/280 202/143/143
f 202/143/143 64/282/280 63/283/281
f 202/143/143 63/283/281 203/145/145
f 203/145/145 63/283/281 62/284/282
f 203/145/145 62/284/282 204/147/147
f 204/147/147 62/284/282 61/285/283
f 204/147/147 61/285/283 205/149/149
f 205/149/149 61/285/283 60/286/284
f 205/149/149 60/286/284 206/151/151
f 206/151/151 60/286/284 59/287/285
f 206/151/151 59/287/285 207/153/153
f 207/153/153 59/287/285 58/288/286
f 207/153/153 58/288/286 208/155/155
f 208/155/155 58/288/286 209/157/157
f 58/288/286 57/289/287 209/157/157
f 209/157/157 57/289/287 210/159/159
f 57/289/287 56/290/288 210/159/159
f 210/159/159 56/290/288 211/161/161
f 56/290/288 55/291/289 211/161/161
f 211/161/161 55/291/289 212/163/163
f 55/291/289 54/292/290 212/163/163
f 212/163/163 54/292/290 213/165/165
f 54/292/290 53/293/291 213/165/165
f 213/165/165 53/293/291 214/167/167
f 53/293/291 52/294/292 214/167/167
f 214/167/167 52/294/292 215/169/169
f 52/294/292 51/295/293 215/169/169
f 215/169/169 51/295/293 216/171/171
f 51/295/293 50/296/294 216/171/171
f 216/171/171 50/296/294 217/173/173
f 50/296/294 49/297/295 217/173/173
f 217/173/173 49/297/295 218/175/175
f 49/297/295 48/298/296 218/175/175
f 218/175/175 48/298/296 219/177/177
f 219/177/177 48/298/296 180/179/179
f 180/179/179 48/298/296 47/299/297
f 180/179/179 47/299/297 220/181/181
f 220/181/181 47/299/297 46/300/298
f 220/181/181 46/300/298 221/183/183
f 221/183/183 46/300/298 45/301/299
f 221/183/183 45/301/299 222/185/185
f 222/185/185 45/301/299 44/302/300
f 222/185/185 44/302/300 223/187/187
f 223/187/187 44/302/300 43/303/301
f 223/187/187 43/303/301 224/189/189
f 224/192/189 43/304/301 42/305/302
f 224/192/189 42/305/302 225/193/191
f 225/193/191 42/305/302 41/306/303
f 225/193/191 41/306/303 226/195/193
f 226/195/193 41/306/303 40/307/304
f 226/195/193 40/307/304 227/197/195
f 227/197/195 40/307/304 39/308/305
f 227/197/195 39/308/305 228/199/197
f 228/199/197 39/308/305 38/309/306
f 228/199/197 38/309/306 175/201/199
f 175/201/199 38/309/306 37/310/307
f 175/201/199 37/310/307 230/203/201
f 230/203/201 37/310/307 229/205/203
f 37/310/307 36/311/308 229/205/203
f 229/205/203 36/311/308 231/207/205
f 36/311/308 35/312/309 231/207/205
f 231/207/205 35/312/309 232/209/207
f 35/312/309 34/313/310 232/209/207
f 232/209/207 34/313/310 233/211/209
f 34/313/310 33/314/311 233/211/209
f 233/211/209 33/314/311 234/213/211
f 33/314/311 32/315/312 234/213/211
f 234/213/211 32/315/312 235/215/213
f 32/315/312 31/316/313 235/215/213
f 235/215/213 31/316/313 236/217/215
f 31/316/313 30/317/314 236/217/215
f 236/217/215 30/317/314 237/219/217
f 30/317/314 29/318/315 237/219/217
f 237/219/217 29/318/315 238/221/219
f 29/318/315 28/319/316 238/221/219
f 238/221/219 28/319/316 239/223/221
f 28/319/316 27/320/317 239/223/221
f 239/223/221 27/320/317 240/225/223
f 240/225/223 27/320/317 241/227/225
f 241/227/225 27/320/317 26/321/318
f 241/227/225 26/321/318 242/229/227
f 242/229/227 26/321/318 25/322/319
f 242/229/227 25/322/319 243/231/229
f 243/231/229 25/322/319 24/323/320
f 243/231/229 24/323/320 244/233/231
f 244/233/231 24/323/320 23/324/321
f 244/233/231 23/324/321 245/235/233
f 245/235/233 23/324/321 22/325/322
f 245/235/233 22/325/322 246/237/235
f 246/237/235 22/325/322 21/326/323
f 246/237/235 21/326/323 247/239/237
f 247/239/237 21/326/323 20/327/324
f 247/239/237 20/327/324 248/241/239
f 248/241/239 20/327/324 19/328/325
f 248/241/239 19/328/325 249/243/241
f 249/243/241 19/328/325 18/329/326
f 249/243/241 18/329/326 250/245/243
f 250/245/243 18/329/326 17/330/327
f 250/245/243 17/330/327 251/247/245
f 251/247/245 17/330/327 176/249/247
f 17/330/327 16/331/328 176/249/247
f 176/249/247 16/331/328 252/251/249
f 16/331/328 15/332/329 252/251/249
f 252/251/249 15/332/329 253/253/251
f 15/332/329 14/333/330 253/253/251
f 253/253/251 14/333/330 254/255/253
f 14/333/330 13/334/331 254/255/253
f 254/255/253 13/334/331 255/257/255
f 13/334/331 12/335/332 255/257/255
f 255/257/255 12/335/332 256/259/257
f 12/335/332 11/336/333 256/259/257
f 256/259/257 11/336/333 257/261/259
f 11/336/333 10/337/334 257/261/259
f 257/261/259 10/337/334 258/263/261
f 10/337/334 9/338/335 258/263/261
f 258/263/261 9/338/335 259/265/263
f 9/338/335 8/339/336 259/265/263
f 259/265/263 8/339/336 260/267/265
f 8/339/336 7/340/337 260/267/265
f 260/267/265 7/340/337 177/98/98
f 7/340/337 6/96/96 177/98/98
f 85/341/338 182/87/87 84/342/339
f 84/342/339 182/87/87 181/85/85
f 84/342/339 181/85/85 174/343/340
f 174/343/340 181/85/85 183/101/101
f 174/343/340 183/101/101 173/344/341
f 173/344/341 183/101/101 184/103/103
f 173/344/341 184/103/103 172/345/342
f 172/345/342 184/103/103 185/105/105
f 172/345/342 185/105/105 171/346/343
f 171/346/343 185/105/105 186/107/107
f 171/346/343 186/107/107 170/347/344
f 170/347/344 186/107/107 187/109/109
f 170/347/344 187/109/109 169/111/111
f 182/87/87 85/341/338 265/89/89
f 265/89/89 85/341/338 86/348/345
f 265/89/89 86/348/345 264/91/91
f 264/91/91 86/348/345 87/349/346
f 264/91/91 87/349/346 263/93/93
f 263/93/93 87/349/346 88/350/347
f 263/93/93 88/350/347 261/95/95
f 261/95/95 88/350/347 89/351/348
f 261/95/95 89/351/348 262/97/97
f 262/97/97 89/351/348 90/99/99
f 174/352/349 359/353/350 84/354/351
f 84/354/351 359/353/350 266/355/352
f 84/354/351 266/355/352 267/356/353
f 359/353/350 174/352/349 358/357/354
f 358/357/354 174/352/349 173/358/355
f 358/357/354 173/358/355 357/359/356
f 357/359/356 173/358/355 172/360/357
f 357/359/356 172/360/357 356/361/358
f 356/361/358 172/360/357 171/362/359
f 356/361/358 171/362/359 355/363/360
f 355/363/360 171/362/359 170/364/361
f 355/363/360 170/364/361 354/365/362
f 354/365/362 170/364/361 169/366/363
f 354/365/362 169/366/363 353/367/364
f 353/367/364 169/366/363 168/368/365
f 353/367/364 168/368/365 352/369/366
f 352/369/366 168/368/365 167/370/367
f 352/369/366 167/370/367 351/371/368
f 351/371/368 167/370/367 166/372/369
f 351/371/368 166/372/369 350/373/370
f 350/373/370 166/372/369 165/374/371
f 350/373/370 165/374/371 349/375/372
f 349/375/372 165/374/371 164/376/373
f 349/375/372 164/376/373 348/377/374
f 348/377/374 164/376/373 163/378/375
f 348/377/374 163/378/375 347/379/376
f 347/379/376 163/378/375 162/380/377
f 347/379/376 162/380/377 346/381/378
f 346/381/378 162/380/377 161/382/379
f 346/381/378 161/382/379 345/383/380
f 345/383/380 161/382/379 160/384/381
f 345/383/380 160/384/381 344/385/382
f 344/385/382 160/384/381 159/386/383
f 344/385/382 159/386/383 343/387/384
f 343/387/384 159/386/383 158/388/385
f 343/387/384 158/388/385 342/389/386
f 342/389/386 158/388/385 157/390/387
f 342/389/386 157/390/387 341/391/388
f 341/391/388 157/390/387 156/392/389
f 341/391/388 156/392/389 340/393/390
f 340/393/390 156/392/389 155/394/391
f 340/393/390 155/394/391 339/395/392
f 339/395/392 155/394/391 154/396/393
f 339/395/392 154/396/393 338/397/394
f 338/397/394 154/396/393 153/398/395
f 338/397/394 153/398/395 337/399/396
f 337/399/396 153/398/395 152/400/397
f 337/399/396 152/400/397 336/401/398
f 336/401/398 152/400/397 151/402/399
f 336/401/398 151/402/399 335/403/400
f 335/403/400 151/402/399 150/404/401
f 335/403/400 150/404/401 334/405/402
f 334/405/402 150/404/401 149/406/403
f 334/405/402 149/406/403 333/407/404
f 333/407/404 149/406/403 148/408/405
f 333/407/404 148/408/405 332/409/406
f 332/409/406 148/408/405 147/410/407
f 332/409/406 147/410/407 331/411/408
f 331/411/408 147/410/407 146/412/409
f 331/411/408 146/412/409 330/413/410
f 330/413/410 146/412/409 145/414/411
f 330/413/410 145/414/411 329/415/412
f 329/415/412 145/414/411 328/416/413
f 328/416/413 145/414/411 144/417/414
f 328/416/413 144/417/414 327/418/415
f 327/418/415 144/417/414 143/419/416
f 327/418/415 143/419/416 326/420/417
f 326/420/417 143/419/416 142/421/418
f 326/420/417 142/421/418 325/422/419
f 325/422/419 142/421/418 141/423/420
f 325/422/419 141/423/420 324/424/421
f 324/424/421 141/423/420 140/425/422
f 324/424/421 140/425/422 323/426/423
f 323/426/423 140/425/422 139/427/424
f 323/426/423 139/427/424 322/428/425
f 322/428/425 139/427/424 138/429/426
f 322/428/425 138/429/426 321/430/427
f 321/430/427 138/429/426 137/431/428
f 321/430/427 137/431/428 320/432/429
f 320/432/429 137/431/428 136/433/430
f 320/432/429 136/433/430 319/434/431
f 319/434/431 136/433/430 135/435/432
f 319/434/431 135/435/432 318/436/433
f 318/436/433 135/435/432 134/437/434
f 318/436/433 134/437/434 317/438/435
f 317/438/435 134/437/434 133/439/436
f 317/438/435 133/439/436 316/440/437
f 316/440/437 133/439/436 132/441/438
f 316/440/437 132/441/438 315/442/439
f 315/442/439 132/441/438 131/443/440
f 315/442/439 131/443/440 314/444/441
f 314/444/441 131/443/440 130/445/442
f 314/444/441 130/445/442 313/446/443
f 313/446/443 130/445/442 129/447/444
f 313/446/443 129/447/444 312/448/445
f 312/448/445 129/447/444 128/449/446
f 312/448/445 128/449/446 311/450/447
f 311/450/447 128/449/446 127/451/448
f 311/450/447 127/451/448 310/452/449
f 310/452/449 127/451/448 126/453/450
f 310/452/449 126/453/450 309/454/451
f 309/454/451 126/453/450 125/455/452
f 309/454/451 125/455/452 308/456/453
f 308/456/453 125/455/452 124/457/454
f 308/456/453 124/457/454 307/458/455
f 307/458/455 124/457/454 123/459/456
f 307/458/455 123/459/456 306/460/457
f 306/460/457 123/459/456 122/461/458
f 306/460/457 122/461/458 305/462/459
f 305/462/459 122/461/458 121/463/460
f 305/462/459 121/463/460 304/464/461
f 304/464/461 121/463/460 120/465/462
f 304/464/461 120/465/462 303/466/463
f 303/466/463 120/465/462 119/467/464
f 303/466/463 119/467/464 302/468/465
f 302/468/465 119/467/464 118/469/466
f 302/468/465 118/469/466 301/470/467
f 301/470/467 118/469/466 117/471/468
f 301/470/467 117/471/468 300/472/469
f 300/472/469 117/471/468 116/473/470
f 300/472/469 116/473/470 299/474/471
f 299/474/471 116/473/470 115/475/472
f 299/474/471 115/475/472 298/476/473
f 298/476/473 115/475/472 114/477/474
f 298/476/473 114/477/474 297/478/475
f 297/478/475 114/477/474 296/479/476
f 296/479/476 114/477/474 113/480/477
f 296/479/476 113/480/477 295/481/478
f 295/481/478 113/480/477 112/482/479
f 295/481/478 112/482/479 294/483/480
f 294/483/480 112/482/479 111/484/481
f 294/483/480 111/484/481 293/485/482
f 293/485/482 111/484/481 110/486/483
f 293/485/482 110/486/483 292/487/484
f 292/487/484 110/486/483 109/488/485
f 292/487/484 109/488/485 291/489/486
f 291/489/486 109/488/485 108/490/487
f 291/489/486 108/490/487 290/491/488
f 290/491/488 108/490/487 107/492/489
f 290/491/488 107/492/489 289/493/490
f 289/493/490 107/492/489 106/494/491
f 289/493/490 106/494/491 288/495/492
f 288/495/492 106/494/491 105/496/493
f 288/495/492 105/496/493 287/497/494
f 287/497/494 105/496/493 104/498/495
f 287/497/494 104/498/495 286/499/496
f 286/499/496 104/498/495 103/500/497
f 286/499/496 103/500/497 285/501/498
f 285/501/498 103/500/497 102/502/499
f 285/501/498 102/502/499 284/503/500
f 284/503/500 102/502/499 101/504/501
f 284/503/500 101/504/501 283/505/502
f 283/505/502 101/504/501 100/506/503
f 283/505/502 100/506/503 282/507/504
f 282/507/504 100/506/503 99/508/505
f 282/507/504 99/508/505 281/509/506
f 281/509/506 99/508/505 98/510/507
f 281/509/506 98/510/507 280/511/508
f 280/511/508 98/510/507 97/512/509
f 280/511/508 97/512/509 279/513/510
f 279/513/510 97/512/509 96/514/511
f 279/513/510 96/514/511 278/515/512
f 278/515/512 96/514/511 95/516/513
f 278/515/512 95/516/513 277/517/514
f 277/517/514 95/516/513 94/518/515
f 277/517/514 94/518/515 276/519/516
f 276/519/516 94/518/515 93/520/517
f 276/519/516 93/520/517 275/521/518
f 275/521/518 93/520/517 92/522/519
f 275/521/518 92/522/519 274/523/520
f 274/523/520 92/522/519 91/524/521
f 274/523/520 91/524/521 273/525/522
f 273/525/522 91/524/521 90/526/523
f 273/525/522 90/526/523 272/527/524
f 272/527/524 90/526/523 89/528/525
f 272/527/524 89/528/525 271/529/526
f 271/529/526 89/528/525 88/530/527
f 271/529/526 88/530/527 270/531/528
f 270/531/528 88/530/527 87/532/529
f 270/531/528 87/532/529 269/533/530
f 269/533/530 87/532/529 86/534/531
f 269/533/530 86/534/531 268/535/532
f 268/535/532 86/534/531 85/536/533
f 268/535/532 85/536/533 267/356/353
f 267/356/353 85/536/533 84/354/351
f 359/537/534 453/538/535 266/539/536
f 266/539/536 453/538/535 360/540/537
f 266/539/536 360/540/537 267/541/538
f 267/541/538 360/540/537 361/542/539
f 267/541/538 361/542/539 268/543/540
f 268/543/540 361/542/539 362/544/541
f 268/543/540 362/544/541 269/545/542
f 269/545/542 362/544/541 363/546/543
f 269/545/542 363/546/543 270/547/544
f 270/547/544 363/546/543 364/548/545
f 270/547/544 364/548/545 271/549/546
f 271/549/546 364/548/545 365/550/547
f 271/549/546 365/550/547 272/551/548
f 272/551/548 365/550/547 366/552/549
f 272/551/548 366/552/549 273/553/550
f 273/553/550 366/552/549 367/554/551
f 273/553/550 367/554/551 274/555/552
f 274/555/552 367/554/551 368/556/553
f 274/555/552 368/556/553 275/557/554
f 275/557/554 368/556/553 369/558/555
f 275/557/554 369/558/555 276/559/556
f 276/559/556 369/558/555 370/560/557
f 276/559/556 370/560/557 277/561/558
f 277/561/558 370/560/557 371/562/559
f 277/561/558 371/562/559 278/563/560
f 278/563/560 371/562/559 372/564/561
f 278/563/560 372/564/561 279/565/562
f 279/565/562 372/564/561 373/566/563
f 279/565/562 373/566/563 280/567/564
f 280/567/564 373/566/563 374/568/565
f 280/567/564 374/568/565 281/569/566
f 281/569/566 374/568/565 375/570/567
f 281/569/566 375/570/567 282/571/568
f 282/571/568 375/570/567 376/572/569
f 282/571/568 376/572/569 283/573/570
f 283/573/570 376/572/569 377/574/571
f 283/573/570 377/574/571 284/575/572
f 284/575/572 377/574/571 378/576/573
f 284/575/572 378/576/573 285/577/574
f 285/577/574 378/576/573 379/578/575
f 285/577/574 379/578/575 286/579/576
f 286/579/576 379/578/575 380/580/577
f 286/579/576 380/580/577 287/581/578
f 287/581/578 380/580/577 381/582/579
f 287/581/578 381/582/579 288/583/580
f 288/583/580 381/582/579 382/584/581
f 288/583/580 382/584/581 289/585/582
f 289/585/582 382/584/581 383/586/583
f 289/585/582 383/586/583 290/587/584
f 290/587/584 383/586/583 384/588/585
f 290/587/584 384/588/585 291/589/586
f 291/589/586 384/588/585 385/590/587
f 291/589/586 385/590/587 292/591/588
f 292/591/588 385/590/587 386/592/589
f 292/591/588 386/592/589 293/593/590
f 293/593/590 386/592/589 387/594/591
f 293/593/590 387/594/591 294/595/592
f 294/595/592 387/594/591 388/596/593
f 294/595/592 388/596/593 295/597/594
f 295/597/594 388/596/593 389/598/595
f 295/597/594 389/598/595 296/599/596
f 296/599/596 389/598/595 390/600/597
f 296/599/596 390/600/597 297/601/598
f 297/601/598 390/600/597 391/602/599
f 297/601/598 391/602/599 298/603/600
f 298/603/600 391/602/599 392/604/601
f 298/603/600 392/604/601 299/605/602
f 299/605/602 392/604/601 393/606/603
f 299/605/602 393/606/603 300/607/604
f 300/607/604 393/606/603 394/608/605
f 300/607/604 394/608/605 301/609/606
f 301/609/606 394/608/605 395/610/607
f 301/609/606 395/610/607 302/611/608
f 302/611/608 395/610/607 396/612/609
f 302/611/608 396/612/609 303/613/610
f 303/613/610 396/612/609 397/614/611
f 303/613/610 397/614/611 304/615/612
f 304/615/612 397/614/611 398/616/613
f 304/615/612 398/616/613 305/617/614
f 305/617/614 398/616/613 399/618/615
f 305/617/614 399/618/615 306/619/616
f 306/619/616 399/618/615 400/620/617
f 306/619/616 400/620/617 307/621/618
f 307/621/618 400/620/617 401/622/619
f 307/621/618 401/622/619 308/623/620
f 308/623/620 401/622/619 402/624/621
f 308/623/620 402/624/621 309/625/622
f 309/625/622 402/624/621 403/626/623
f 309/625/622 403/626/623 310/627/624
f 310/627/624 403/626/623 404/628/625
f 310/627/624 404/628/625 311/629/626
f 311/629/626 404/628/625 405/630/627
f 311/629/626 405/630/627 312/631/628
f 312/631/628 405/630/627 406/632/629
f 312/631/628 406/632/629 313/633/630
f 313/633/630 406/632/629 407/634/631
f 313/635/630 407/636/631 314/637/632
f 314/637/632 407/636/631 408/638/633
f 314/637/632 408/638/633 315/639/634
f 315/639/634 408/638/633 409/640/635
f 315/639/634 409/640/635 316/641/636
f 316/641/636 409/640/635 410/642/637
f 316/641/636 410/642/637 317/643/638
f 317/643/638 410/642/637 411/644/639
f 317/643/638 411/644/639 318/645/640
f 318/645/640 411/644/639 412/646/641
f 318/645/640 412/646/641 319/647/642
f 319/647/642 412/646/641 413/648/643
f 319/647/642 413/648/643 320/649/644
f 320/649/644 413/648/643 414/650/645
f 320/649/644 414/650/645 321/651/646
f 321/651/646 414/650/645 415/652/647
f 321/651/646 415/652/647 322/653/648
f 322/653/648 415/652/647 416/654/649
f 322/653/648 416/654/649 323/655/650
f 323/655/650 416/654/649 417/656/651
f 323/655/650 417/656/651 324/657/652
f 324/657/652 417/656/651 418/658/653
f 324/657/652 418/658/653 325/659/654
f 325/659/654 418/658/653 419/660/655
f 325/659/654 419/660/655 326/661/656
f 326/661/656 419/660/655 420/662/657
f 326/661/656 420/662/657 327/663/658
f 327/663/658 420/662/657 421/664/659
f 327/663/658 421/664/659 328/665/660
f 328/665/660 421/664/659 422/666/661
f 328/665/660 422/666/661 329/667/662
f 329/667/662 422/666/661 423/668/663
f 329/667/662 423/668/663 330/669/664
f 330/669/664 423/668/663 424/670/665
f 330/669/664 424/670/665 331/671/666
f 331/671/666 424/670/665 425/672/667
f 331/671/666 425/672/667 332/673/668
f 332/673/668 425/672/667 426/674/669
f 332/673/668 426/674/669 333/675/670
f 333/675/670 426/674/669 427/676/671
f 333/675/670 427/676/671 334/677/672
f 334/677/672 427/676/671 428/678/673
f 334/677/672 428/678/673 335/679/674
f 335/679/674 428/678/673 429/680/675
f 335/679/674 429/680/675 336/681/676
f 336/681/676 429/680/675 430/682/677
f 336/681/676 430/682/677 337/683/678
f 337/683/678 430/682/677 431/684/679
f 337/683/678 431/684/679 338/685/680
f 338/685/680 431/684/679 432/686/681
f 338/685/680 432/686/681 339/687/682
f 339/687/682 432/686/681 433/688/683
f 339/687/682 433/688/683 340/689/684
f 340/689/684 433/688/683 434/690/685
f 340/689/684 434/690/685 341/691/686
f 341/691/686 434/690/685 435/692/687
f 341/691/686 435/692/687 342/693/688
f 342/693/688 435/692/687 436/694/689
f 342/693/688 436/694/689 343/695/690
f 343/695/690 436/694/689 437/696/691
f 343/695/690 437/696/691 344/697/692
f 344/697/692 437/696/691 438/698/693
f 344/697/692 438/698/693 345/699/694
f 345/699/694 438/698/693 439/700/695
f 345/699/694 439/700/695 346/701/696
f 346/701/696 439/700/695 440/702/697
f 346/701/696 440/702/697 347/703/698
f 347/703/698 440/702/697 441/704/699
f 347/703/698 441/704/699 348/705/700
f 348/705/700 441/704/699 442/706/701
f 348/705/700 442/706/701 349/707/702
f 349/707/702 442/706/701 443/708/703
f 349/707/702 443/708/703 350/709/704
f 350/709/704 443/708/703 444/710/705
f 350/709/704 444/710/705 351/711/706
f 351/711/706 444/710/705 445/712/707
f 351/711/706 445/712/707 352/713/708
f 352/713/708 445/712/707 446/714/709
f 352/713/708 446/714/709 353/715/710
f 353/715/710 446/714/709 447/716/711
f 353/715/710 447/716/711 354/717/712
f 354/717/712 447/716/711 448/718/713
f 354/717/712 448/718/713 355/719/714
f 355/719/714 448/718/713 449/720/715
f 355/719/714 449/720/715 356/721/716
f 356/721/716 449/720/715 450/722/717
f 356/721/716 450/722/717 357/723/718
f 357/723/718 450/722/717 451/724/719
f 357/723/718 451/724/719 358/725/720
f 358/725/720 451/724/719 452/726/721
f 358/725/720 452/726/721 359/537/534
f 359/537/534 452/726/721 453/538/535
f 361/727/722 360/728/723 454/729/724
f 454/729/724 360/728/723 453/730/725
f 454/729/724 453/730/725 544/731/726
f 544/731/726 453/730/725 452/732/727
f 544/731/726 452/732/727 543/733/728
f 543/733/728 452/732/727 451/734/729
f 543/733/728 451/734/729 542/735/730
f 542/735/730 451/734/729 450/736/731
f 542/735/730 450/736/731 541/737/732
f 541/737/732 450/736/731 449/738/733
f 541/737/732 449/738/733 540/739/734
f 540/739/734 449/738/733 448/740/735
f 540/739/734 448/740/735 539/741/736
f 539/741/736 448/740/735 447/742/737
f 539/741/736 447/742/737 538/743/738
f 538/743/738 447/742/737 446/744/739
f 538/743/738 446/744/739 537/745/740
f 537/745/740 446/744/739 445/746/741
f 537/745/740 445/746/741 536/747/742
f 536/747/742 445/746/741 444/748/743
f 536/747/742 444/748/743 535/749/744
f 535/749/744 444/748/743 443/750/745
f 535/749/744 443/750/745 534/751/746
f 534/751/746 443/750/745 442/752/747
f 534/751/746 442/752/747 533/753/748
f 533/753/748 442/752/747 441/754/749
f 533/753/748 441/754/749 532/755/750
f 532/755/750 441/754/749 440/756/751
f 532/755/750 440/756/751 531/757/752
f 531/757/752 440/756/751 439/758/753
f 531/757/752 439/758/753 530/759/754
f 530/759/754 439/758/753 438/760/755
f 530/759/754 438/760/755 529/761/756
f 529/761/756 438/760/755 437/762/757
f 529/761/756 437/762/757 528/763/758
f 528/763/758 437/762/757 436/764/759
f 528/763/758 436/764/759 527/765/760
f 527/765/760 436/764/759 435/766/761
f 527/765/760 435/766/761 526/767/762
f 526/767/762 435/766/761 434/768/763
f 526/767/762 434/768/763 525/769/764
f 525/769/764 434/768/763 433/770/765
f 525/769/764 433/770/765 524/771/766
f 524/771/766 433/770/765 432/772/767
f 524/771/766 432/772/767 523/773/768
f 523/773/768 432/772/767 431/774/769
f 523/773/768 431/774/769 522/775/770
f 522/775/770 431/774/769 430/776/771
f 522/775/770 430/776/771 521/777/772
f 521/777/772 430/776/771 429/778/773
f 521/777/772 429/778/773 520/779/774
f 520/779/774 429/778/773 428/780/775
f 520/779/774 428/780/775 519/781/776
f 519/781/776 428/780/775 427/782/777
f 519/781/776 427/782/777 518/783/778
f 518/783/778 427/782/777 426/784/779
f 518/783/778 426/784/779 517/785/780
f 517/785/780 426/784/779 425/786/781
f 517/785/780 425/786/781 516/787/782
f 516/787/782 425/786/781 424/788/783
f 516/787/782 424/788/783 515/789/784
f 515/789/784 424/788/783 423/790/785
f 515/789/784 423/790/785 422/791/786
f 515/789/784 422/791/786 514/792/787
f 514/792/787 422/791/786 421/793/788
f 514/792/787 421/793/788 513/794/789
f 513/794/789 421/793/788 420/795/790
f 513/794/789 420/795/790 512/796/791
f 512/796/791 420/795/790 419/797/792
f 512/796/791 419/797/792 511/798/793
f 511/798/793 419/797/792 418/799/794
f 511/798/793 418/799/794 510/800/795
f 510/800/795 418/799/794 417/801/796
f 510/800/795 417/801/796 509/802/797
f 509/802/797 417/801/796 416/803/798
f 509/802/797 416/803/798 508/804/799
f 508/804/799 416/803/798 415/805/800
f 508/804/799 415/805/800 507/806/801
f 507/806/801 415/805/800 414/807/802
f 507/806/801 414/807/802 506/808/803
f 506/808/803 414/807/802 413/809/804
f 506/808/803 413/809/804 505/810/805
f 505/810/805 413/809/804 412/811/806
f 505/810/805 412/811/806 504/812/807
f 504/812/807 412/811/806 411/813/808
f 504/812/807 411/813/808 503/814/809
f 503/814/809 411/813/808 410/815/810
f 503/814/809 410/815/810 502/816/811
f 502/816/811 410/815/810 409/817/812
f 502/816/811 409/817/812 501/818/813
f 501/818/813 409/817/812 408/819/814
f 501/818/813 408/819/814 500/820/815
f 500/820/815 408/819/814 407/821/816
f 500/820/815 407/821/816 499/822/817
f 499/822/817 407/821/816 406/823/818
f 499/822/817 406/823/818 498/824/819
f 498/824/819 406/823/818 405/825/820
f 498/824/819 405/825/820 497/826/821
f 497/826/821 405/825/820 404/827/822
f 497/826/821 404/827/822 496/828/823
f 496/828/823 404/827/822 403/829/824
f 496/828/823 403/829/824 495/830/825
f 495/830/825 403/829/824 402/831/826
f 495/830/825 402/831/826 494/832/827
f 494/832/827 402/831/826 401/833/828
f 494/832/827 401/833/828 493/834/829
f 493/834/829 401/833/828 400/835/830
f 493/834/829 400/835/830 492/836/831
f 492/836/831 400/835/830 399/837/832
f 492/836/831 399/837/832 491/838/833
f 491/838/833 399/837/832 398/839/834
f 491/838/833 398/839/834 490/840/835
f 490/840/835 398/839/834 397/841/836
f 490/840/835 397/841/836 489/842/837
f 489/842/837 397/841/836 396/843/838
f 489/842/837 396/843/838 488/844/839
f 488/844/839 396/843/838 395/845/840
f 488/844/839 395/845/840 487/846/841
f 487/846/841 395/845/840 394/847/842
f 487/846/841 394/847/842 486/848/843
f 486/848/843 394/847/842 393/849/844
f 486/848/843 393/849/844 485/850/845
f 485/850/845 393/849/844 392/851/846
f 485/850/845 392/851/846 484/852/847
f 484/852/847 392/851/846 391/853/848
f 484/852/847 391/853/848 390/854/849
f 484/852/847 390/854/849 483/855/850
f 483/855/850 390/854/849 389/856/851
f 483/855/850 389/856/851 482/857/852
f 482/857/852 389/856/851 388/858/853
f 482/857/852 388/858/853 481/859/854
f 481/859/854 388/858/853 387/860/855
f 481/859/854 387/860/855 480/861/856
f 480/861/856 387/860/855 386/862/857
f 480/861/856 386/862/857 479/863/858
f 479/863/858 386/862/857 385/864/859
f 479/863/858 385/864/859 478/865/860
f 478/865/860 385/864/859 384/866/861
f 478/865/860 384/866/861 477/867/862
f 477/867/862 384/866/861 383/868/863
f 477/867/862 383/868/863 476/869/864
f 476/869/864 383/868/863 382/870/865
f 476/869/864 382/870/865 475/871/866
f 475/871/866 382/870/865 381/872/867
f 475/871/866 381/872/867 474/873/868
f 474/873/868 381/872/867 380/874/869
f 474/873/868 380/874/869 473/875/870
f 473/875/870 380/874/869 379/876/871
f 473/875/870 379/876/871 472/877/872
f 472/877/872 379/876/871 378/878/873
f 472/877/872 378/878/873 471/879/874
f 471/879/874 378/878/873 377/880/875
f 471/879/874 377/880/875 470/881/876
f 470/881/876 377/880/875 376/882/877
f 470/881/876 376/882/877 469/883/878
f 469/883/878 376/882/877 375/884/879
f 469/883/878 375/884/879 468/885/880
f 468/885/880 375/884/879 374/886/881
f 468/885/880 374/886/881 467/887/882
f 467/887/882 374/886/881 373/888/883
f 467/887/882 373/888/883 466/889/884
f 466/889/884 373/888/883 372/890/885
f 466/889/884 372/890/885 465/891/886
f 465/891/886 372/890/885 371/892/887
f 465/891/886 371/892/887 464/893/888
f 464/893/888 371/892/887 370/894/889
f 464/893/888 370/894/889 463/895/890
f 463/895/890 370/894/889 369/896/891
f 463/895/890 369/896/891 462/897/892
f 462/897/892 369/896/891 368/898/893
f 462/897/892 368/898/893 461/899/894
f 461/899/894 368/898/893 367/900/895
f 461/899/894 367/900/895 460/901/896
f 460/901/896 367/900/895 366/902/897
f 460/901/896 366/902/897 459/903/898
f 459/903/898 366/902/897 365/904/899
f 459/903/898 365/904/899 458/905/900
f 458/905/900 365/904/899 364/906/901
f 458/905/900 364/906/901 457/907/902
f 457/907/902 364/906/901 363/908/903
f 457/907/902 363/908/903 456/909/904
f 456/909/904 363/908/903 362/910/905
f 456/909/904 362/910/905 455/911/906
f 455/911/906 362/910/905 361/727/722
f 455/911/906 361/727/722 454/729/724
f 544/912/907 636/913/908 454/914/909
f 454/914/909 636/913/908 637/915/910
f 454/914/909 637/915/910 455/916/911
f 455/916/911 637/915/910 717/917/912
f 455/916/911 717/917/912 456/918/913
f 456/918/913 717/917/912 716/919/914
f 456/918/913 716/919/914 457/920/915
f 457/920/915 716/919/914 715/921/916
f 457/920/915 715/921/916 458/922/917
f 458/922/917 715/921/916 631/923/918
f 458/922/917 631/923/918 459/924/919
f 459/924/919 631/923/918 714/925/920
f 459/924/919 714/925/920 460/926/921
f 460/926/921 714/925/920 713/927/922
f 460/926/921 713/927/922 461/928/923
f 461/928/923 713/927/922 712/929/924
f 461/928/923 712/929/924 462/930/925
f 462/930/925 712/929/924 711/931/926
f 462/930/925 711/931/926 463/932/927
f 463/932/927 711/931/926 710/933/928
f 463/932/927 710/933/928 464/934/929
f 464/934/929 710/933/928 709/935/930
f 464/934/929 709/935/930 465/936/931
f 465/936/931 709/935/930 708/937/932
f 465/936/931 708/937/932 466/938/933
f 466/938/933 708/937/932 707/939/934
f 466/938/933 707/939/934 467/940/935
f 467/940/935 707/939/934 706/941/936
f 467/940/935 706/941/936 468/942/937
f 468/942/937 706/941/936 630/943/938
f 468/942/937 630/943/938 469/944/939
f 469/944/939 630/943/938 705/945/940
f 469/944/939 705/945/940 470/946/941
f 470/946/941 705/945/940 704/947/942
f 470/946/941 704/947/942 471/948/943
f 471/948/943 704/947/942 703/949/944
f 471/948/943 703/949/944 472/950/945
f 472/950/945 703/949/944 702/951/946
f 472/950/945 702/951/946 473/952/947
f 473/952/947 702/951/946 701/953/948
f 473/952/947 701/953/948 474/954/949
f 474/954/949 701/953/948 700/955/950
f 474/954/949 700/955/950 475/956/951
f 475/956/951 700/955/950 699/957/952
f 475/956/951 699/957/952 476/958/953
f 476/958/953 699/957/952 698/959/954
f 476/958/953 698/959/954 477/960/955
f 477/960/955 698/959/954 697/961/956
f 477/960/955 697/961/956 478/962/957
f 478/962/957 697/961/956 629/963/958
f 478/962/957 629/963/958 479/964/959
f 479/964/959 629/963/958 696/965/960
f 479/964/959 696/965/960 480/966/961
f 480/966/961 696/965/960 695/967/962
f 480/966/961 695/967/962 481/968/963
f 481/968/963 695/967/962 694/969/964
f 481/968/963 694/969/964 482/970/965
f 482/970/965 694/969/964 693/971/966
f 482/970/965 693/971/966 483/972/967
f 483/972/967 693/971/966 692/973/968
f 483/972/967 692/973/968 484/974/969
f 484/974/969 692/973/968 691/975/970
f 484/974/969 691/975/970 485/976/971
f 485/976/971 691/975/970 690/977/972
f 485/976/971 690/977/972 486/978/973
f 486/978/973 690/977/972 689/979/974
f 486/978/973 689/979/974 487/980/975
f 487/980/975 689/979/974 688/981/976
f 487/980/975 688/981/976 488/982/977
f 488/982/977 688/981/976 628/983/978
f 488/982/977 628/983/978 489/984/979
f 489/984/979 628/983/978 687/985/980
f 489/984/979 687/985/980 490/986/981
f 490/986/981 687/985/980 686/987/982
f 490/986/981 686/987/982 491/988/983
f 491/988/983 686/987/982 685/989/984
f 491/988/983 685/989/984 492/990/985
f 492/990/985 685/989/984 684/991/986
f 492/990/985 684/991/986 493/992/987
f 493/992/987 684/991/986 683/993/988
f 493/992/987 683/993/988 494/994/989
f 494/994/989 683/993/988 682/995/990
f 494/994/989 682/995/990 495/996/991
f 495/996/991 682/995/990 681/997/992
f 495/996/991 681/997/992 496/998/993
f 496/998/993 681/997/992 680/999/994
f 496/998/993 680/999/994 497/1000/995
f 497/1000/995 680/999/994 679/1001/996
f 497/1000/995 679/1001/996 498/1002/997
f 498/1002/997 679/1001/996 678/1003/998
f 498/1002/997 678/1003/998 499/1004/999
f 499/1004/999 678/1003/998 627/1005/1000
f 499/1004/999 627/1005/1000 500/1006/1001
f 500/1007/1001 627/1008/1000 677/1009/1002
f 500/1007/1001 677/1009/1002 501/1010/1003
f 501/1010/1003 677/1009/1002 676/1011/1004
f 501/1010/1003 676/1011/1004 502/1012/1005
f 502/1012/1005 676/1011/1004 675/1013/1006
f 502/1012/1005 675/1013/1006 503/1014/1007
f 503/1014/1007 675/1013/1006 674/1015/1008
f 503/1014/1007 674/1015/1008 504/1016/1009
f 504/1016/1009 674/1015/1008 673/1017/1010
f 504/1016/1009 673/1017/1010 505/1018/1011
f 505/1018/1011 673/1017/1010 672/1019/1012
f 505/1018/1011 672/1019/1012 506/1020/1013
f 506/1020/1013 672/1019/1012 671/1021/1014
f 506/1020/1013 671/1021/1014 507/1022/1015
f 507/1022/1015 671/1021/1014 670/1023/1016
f 507/1022/1015 670/1023/1016 508/1024/1017
f 508/1024/1017 670/1023/1016 669/1025/1018
f 508/1024/1017 669/1025/1018 509/1026/1019
f 509/1026/1019 669/1025/1018 668/1027/1020
f 509/1026/1019 668/1027/1020 510/1028/1021
f 510/1028/1021 668/1027/1020 635/1029/1022
f 510/1028/1021 635/1029/1022 511/1030/1023
f 511/1030/1023 635/1029/1022 667/1031/1024
f 511/1030/1023 667/1031/1024 512/1032/1025
f 512/1032/1025 667/1031/1024 666/1033/1026
f 512/1032/1025 666/1033/1026 513/1034/1027
f 513/1034/1027 666/1033/1026 665/1035/1028
f 513/1034/1027 665/1035/1028 514/1036/1029
f 514/1036/1029 665/1035/1028 664/1037/1030
f 514/1036/1029 664/1037/1030 515/1038/1031
f 515/1038/1031 664/1037/1030 663/1039/1032
f 515/1038/1031 663/1039/1032 516/1040/1033
f 516/1040/1033 663/1039/1032 662/1041/1034
f 516/1040/1033 662/1041/1034 517/1042/1035
f 517/1042/1035 662/1041/1034 661/1043/1036
f 517/1042/1035 661/1043/1036 518/1044/1037
f 518/1044/1037 661/1043/1036 660/1045/1038
f 518/1044/1037 660/1045/1038 519/1046/1039
f 519/1046/1039 660/1045/1038 659/1047/1040
f 519/1046/1039 659/1047/1040 520/1048/1041
f 520/1048/1041 659/1047/1040 634/1049/1042
f 520/1048/1041 634/1049/1042 521/1050/1043
f 521/1050/1043 634/1049/1042 658/1051/1044
f 521/1050/1043 658/1051/1044 522/1052/1045
f 522/1052/1045 658/1051/1044 657/1053/1046
f 522/1052/1045 657/1053/1046 523/1054/1047
f 523/1054/1047 657/1053/1046 656/1055/1048
f 523/1054/1047 656/1055/1048 524/1056/1049
f 524/1056/1049 656/1055/1048 655/1057/1050
f 524/1056/1049 655/1057/1050 525/1058/1051
f 525/1058/1051 655/1057/1050 654/1059/1052
f 525/1058/1051 654/1059/1052 526/1060/1053
f 526/1060/1053 654/1059/1052 653/1061/1054
f 526/1060/1053 653/1061/1054 527/1062/1055
f 527/1062/1055 653/1061/1054 652/1063/1056
f 527/1062/1055 652/1063/1056 528/1064/1057
f 528/1064/1057 652/1063/1056 651/1065/1058
f 528/1064/1057 651/1065/1058 529/1066/1059
f 529/1066/1059 651/1065/1058 650/1067/1060
f 529/1066/1059 650/1067/1060 530/1068/1061
f 530/1068/1061 650/1067/1060 633/1069/1062
f 530/1068/1061 633/1069/1062 531/1070/1063
f 531/1070/1063 633/1069/1062 649/1071/1064
f 531/1070/1063 649/1071/1064 532/1072/1065
f 532/1072/1065 649/1071/1064 648/1073/1066
f 532/1072/1065 648/1073/1066 533/1074/1067
f 533/1074/1067 648/1073/1066 647/1075/1068
f 533/1074/1067 647/1075/1068 534/1076/1069
f 534/1076/1069 647/1075/1068 646/1077/1070
f 534/1076/1069 646/1077/1070 535/1078/1071
f 535/1078/1071 646/1077/1070 645/1079/1072
f 535/1078/1071 645/1079/1072 536/1080/1073
f 536/1080/1073 645/1079/1072 644/1081/1074
f 536/1080/1073 644/1081/1074 537/1082/1075
f 537/1082/1075 644/1081/1074 643/1083/1076
f 537/1082/1075 643/1083/1076 538/1084/1077
f 538/1084/1077 643/1083/1076 642/1085/1078
f 538/1084/1077 642/1085/1078 539/1086/1079
f 539/1086/1079 642/1085/1078 641/1087/1080
f 539/1086/1079 641/1087/1080 540/1088/1081
f 540/1088/1081 641/1087/1080 632/1089/1082
f 540/1088/1081 632/1089/1082 541/1090/1083
f 541/1090/1083 632/1089/1082 640/1091/1084
f 541/1090/1083 640/1091/1084 542/1092/1085
f 542/1092/1085 640/1091/1084 639/1093/1086
f 542/1092/1085 639/1093/1086 543/1094/1087
f 543/1094/1087 639/1093/1086 638/1095/1088
f 543/1094/1087 638/1095/1088 544/912/907
f 544/912/907 638/1095/1088 636/913/908
f 546/1096/1089 637/915/910 545/1097/1090
f 545/1097/1090 637/915/910 636/913/908
f 545/1097/1090 636/913/908 626/1098/1091
f 626/1098/1091 636/913/908 638/1095/1088
f 626/1098/1091 638/1095/1088 625/1099/1092
f 625/1099/1092 638/1095/1088 639/1093/1086
f 625/1099/1092 639/1093/1086 624/1100/1093
f 624/1100/1093 639/1093/1086 640/1091/1084
f 624/1100/1093 640/1091/1084 623/1101/1094
f 623/1101/1094 640/1091/1084 632/1089/1082
f 623/1101/1094 632/1089/1082 622/1102/1095
f 622/1102/1095 632/1089/1082 641/1087/1080
f 622/1102/1095 641/1087/1080 642/1085/1078
f 637/915/910 546/1096/1089 717/917/912
f 717/917/912 546/1096/1089 547/1103/1096
f 717/917/912 547/1103/1096 716/919/914
f 716/919/914 547/1103/1096 548/1104/1097
f 716/919/914 548/1104/1097 715/921/916
f 715/921/916 548/1104/1097 549/1105/1098
f 715/921/916 549/1105/1098 631/923/918
f 631/923/918 549/1105/1098 550/1106/1099
f 631/923/918 550/1106/1099 714/925/920
f 714/925/920 550/1106/1099 713/927/922
f 550/1106/1099 551/1107/1100 713/927/922
f 713/927/922 551/1107/1100 712/929/924
f 551/1107/1100 552/1108/1101 712/929/924
f 712/929/924 552/1108/1101 711/931/926
f 552/1108/1101 553/1109/1102 711/931/926
f 711/931/926 553/1109/1102 710/933/928
f 553/1109/1102 554/1110/1103 710/933/928
f 710/933/928 554/1110/1103 709/935/930
f 554/1110/1103 555/1111/1104 709/935/930
f 709/935/930 555/1111/1104 708/937/932
f 555/1111/1104 556/1112/1105 708/937/932
f 708/937/932 556/1112/1105 707/939/934
f 556/1112/1105 557/1113/1106 707/939/934
f 707/939/934 557/1113/1106 706/941/936
f 557/1113/1106 558/1114/1107 706/941/936
f 706/941/936 558/1114/1107 630/943/938
f 558/1114/1107 559/1115/1108 630/943/938
f 630/943/938 559/1115/1108 705/945/940
f 705/945/940 559/1115/1108 704/947/942
f 704/947/942 559/1115/1108 560/1116/1109
f 704/947/942 560/1116/1109 703/949/944
f 703/949/944 560/1116/1109 561/1117/1110
f 703/949/944 561/1117/1110 702/951/946
f 702/951/946 561/1117/1110 562/1118/1111
f 702/951/946 562/1118/1111 701/953/948
f 701/953/948 562/1118/1111 563/1119/1112
f 701/953/948 563/1119/1112 700/955/950
f 700/955/950 563/1119/1112 564/1120/1113
f 700/955/950 564/1120/1113 699/957/952
f 699/957/952 564/1120/1113 565/1121/1114
f 699/957/952 565/1121/1114 698/959/954
f 698/959/954 565/1121/1114 566/1122/1115
f 698/959/954 566/1122/1115 697/961/956
f 697/961/956 566/1122/1115 567/1123/1116
f 697/961/956 567/1123/1116 629/963/958
f 629/963/958 567/1123/1116 568/1124/1117
f 629/963/958 568/1124/1117 696/965/960
f 696/965/960 568/1124/1117 695/967/962
f 568/1124/1117 569/1125/1118 695/967/962
f 695/967/962 569/1125/1118 694/969/964
f 569/1125/1118 570/1126/1119 694/969/964
f 694/969/964 570/1126/1119 693/971/966
f 570/1126/1119 571/1127/1120 693/971/966
f 693/971/966 571/1127/1120 692/973/968
f 571/1127/1120 572/1128/1121 692/973/968
f 692/973/968 572/1128/1121 691/975/970
f 572/1128/1121 573/1129/1122 691/975/970
f 691/975/970 573/1129/1122 690/977/972
f 573/1129/1122 574/1130/1123 690/977/972
f 690/977/972 574/1130/1123 689/979/974
f 574/1130/1123 575/1131/1124 689/979/974
f 689/979/974 575/1131/1124 688/981/976
f 575/1131/1124 576/1132/1125 688/981/976
f 688/981/976 576/1132/1125 628/983/978
f 576/1132/1125 577/1133/1126 628/983/978
f 628/983/978 577/1133/1126 687/985/980
f 687/985/980 577/1133/1126 686/987/982
f 686/987/982 577/1133/1126 578/1134/1127
f 686/987/982 578/1134/1127 685/989/984
f 685/989/984 578/1134/1127 579/1135/1128
f 685/989/984 579/1135/1128 684/991/986
f 684/991/986 579/1135/1128 580/1136/1129
f 684/991/986 580/1136/1129 683/993/988
f 683/993/988 580/1136/1129 581/1137/1130
f 683/993/988 581/1137/1130 682/995/990
f 682/995/990 581/1137/1130 582/1138/1131
f 682/995/990 582/1138/1131 681/997/992
f 681/997/992 582/1138/1131 583/1139/1132
f 681/997/992 583/1139/1132 680/999/994
f 680/999/994 583/1139/1132 584/1140/1133
f 680/999/994 584/1140/1133 679/1001/996
f 679/1001/996 584/1140/1133 585/1141/1134
f 679/1001/996 585/1141/1134 678/1003/998
f 678/1003/998 585/1141/1134 586/1142/1135
f 678/1003/998 586/1142/1135 627/1005/1000
f 627/1008/1000 586/1143/1135 677/1009/1002
f 586/1143/1135 587/1144/1136 677/1009/1002
f 677/1009/1002 587/1144/1136 676/1011/1004
f 587/1144/1136 588/1145/1137 676/1011/1004
f 676/1011/1004 588/1145/1137 675/1013/1006
f 588/1145/1137 589/1146/1138 675/1013/1006
f 675/1013/1006 589/1146/1138 674/1015/1008
f 589/1146/1138 590/1147/1139 674/1015/1008
f 674/1015/1008 590/1147/1139 673/1017/1010
f 590/1147/1139 591/1148/1140 673/1017/1010
f 673/1017/1010 591/1148/1140 672/1019/1012
f 591/1148/1140 592/1149/1141 672/1019/1012
f 672/1019/1012 592/1149/1141 671/1021/1014
f 592/1149/1141 593/1150/1142 671/1021/1014
f 671/1021/1014 593/1150/1142 670/1023/1016
f 593/1150/1142 594/1151/1143 670/1023/1016
f 670/1023/1016 594/1151/1143 669/1025/1018
f 594/1151/1143 595/1152/1144 669/1025/1018
f 669/1025/1018 595/1152/1144 668/1027/1020
f 668/1027/1020 595/1152/1144 635/1029/1022
f 635/1029/1022 595/1152/1144 596/1153/1145
f 635/1029/1022 596/1153/1145 667/1031/1024
f 667/1031/1024 596/1153/1145 597/1154/1146
f 667/1031/1024 597/1154/1146 666/1033/1026
f 666/1033/1026 597/1154/1146 598/1155/1147
f 666/1033/1026 598/1155/1147 665/1035/1028
f 665/1035/1028 598/1155/1147 599/1156/1148
f 665/1035/1028 599/1156/1148 664/1037/1030
f 664/1037/1030 599/1156/1148 600/1157/1149
f 664/1037/1030 600/1157/1149 663/1039/1032
f 663/1039/1032 600/1157/1149 601/1158/1150
f 663/1039/1032 601/1158/1150 662/1041/1034
f 662/1041/1034 601/1158/1150 602/1159/1151
f 662/1041/1034 602/1159/1151 661/1043/1036
f 661/1043/1036 602/1159/1151 603/1160/1152
f 661/1043/1036 603/1160/1152 660/1045/1038
f 660/1045/1038 603/1160/1152 604/1161/1153
f 660/1045/1038 604/1161/1153 659/1047/1040
f 659/1047/1040 604/1161/1153 634/1049/1042
f 604/1161/1153 605/1162/1154 634/1049/1042
f 634/1049/1042 605/1162/1154 658/1051/1044
f 605/1162/1154 606/1163/1155 658/1051/1044
f 658/1051/1044 606/1163/1155 657/1053/1046
f 606/1163/1155 607/1164/1156 657/1053/1046
f 657/1053/1046 607/1164/1156 656/1055/1048
f 607/1164/1156 608/1165/1157 656/1055/1048
f 656/1055/1048 608/1165/1157 655/1057/1050
f 608/1165/1157 609/1166/1158 655/1057/1050
f 655/1057/1050 609/1166/1158 654/1059/1052
f 609/1166/1158 610/1167/1159 654/1059/1052
f 654/1059/1052 610/1167/1159 653/1061/1054
f 610/1167/1159 611/1168/1160 653/1061/1054
f 653/1061/1054 611/1168/1160 652/1063/1056
f 611/1168/1160 612/1169/1161 652/1063/1056
f 652/1063/1056 612/1169/1161 651/1065/1058
f 612/1169/1161 613/1170/1162 651/1065/1058
f 651/1065/1058 613/1170/1162 650/1067/1060
f 650/1067/1060 613/1170/1162 633/1069/1062
f 633/1069/1062 613/1170/1162 614/1171/1163
f 633/1069/1062 614/1171/1163 649/1071/1064
f 649/1071/1064 614/1171/1163 615/1172/1164
f 649/1071/1064 615/1172/1164 648/1073/1066
f 648/1073/1066 615/1172/1164 616/1173/1165
f 648/1073/1066 616/1173/1165 647/1075/1068
f 647/1075/1068 616/1173/1165 617/1174/1166
f 647/1075/1068 617/1174/1166 646/1077/1070
f 646/1077/1070 617/1174/1166 618/1175/1167
f 646/1077/1070 618/1175/1167 645/1079/1072
f 645/1079/1072 618/1175/1167 619/1176/1168
f 645/1079/1072 619/1176/1168 644/1081/1074
f 644/1081/1074 619/1176/1168 620/1177/1169
f 644/1081/1074 620/1177/1169 643/1083/1076
f 643/1083/1076 620/1177/1169 621/1178/1170
f 643/1083/1076 621/1178/1170 642/1085/1078
f 642/1085/1078 621/1178/1170 622/1102/1095
f 545/1179/1171 626/1180/1172 546/1181/1173
f 546/1181/1173 626/1180/1172 547/1182/1174
f 547/1182/1174 626/1180/1172 625/1183/1175
f 547/1182/1174 625/1183/1175 548/1184/1176
f 548/1184/1176 625/1183/1175 624/1185/1177
f 548/1184/1176 624/1185/1177 549/1186/1178
f 549/1186/1178 624/1185/1177 623/1187/1179
f 549/1186/1178 623/1187/1179 550/1188/1180
f 550/1188/1180 623/1187/1179 622/1189/1181
f 550/1188/1180 622/1189/1181 551/1190/1182
f 551/1190/1182 622/1189/1181 621/1191/1183
f 551/1190/1182 621/1191/1183 552/1192/1184
f 552/1192/1184 621/1191/1183 620/1193/1185
f 552/1192/1184 620/1193/1185 553/1194/1186
f 553/1194/1186 620/1193/1185 619/1195/1187
f 553/1194/1186 619/1195/1187 554/1196/1188
f 554/1196/1188 619/1195/1187 618/1197/1189
f 554/1196/1188 618/1197/1189 555/1198/1190
f 555/1198/1190 618/1197/1189 617/1199/1191
f 555/1198/1190 617/1199/1191 556/1200/1192
f 556/1200/1192 617/1199/1191 616/1201/1193
f 556/1200/1192 616/1201/1193 557/1202/1194
f 557/1202/1194 616/1201/1193 615/1203/1195
f 557/1202/1194 615/1203/1195 558/1204/1196
f 558/1204/1196 615/1203/1195 614/1205/1197
f 558/1204/1196 614/1205/1197 559/1206/1198
f 559/1206/1198 614/1205/1197 613/1207/1199
f 559/1206/1198 613/1207/1199 560/1208/1200
f 560/1208/1200 613/1207/1199 612/1209/1201
f 560/1208/1200 612/1209/1201 561/1210/1202
f 561/1210/1202 612/1209/1201 611/1211/1203
f 561/1210/1202 611/1211/1203 562/1212/1204
f 562/1212/1204 611/1211/1203 610/1213/1205
f 562/1212/1204 610/1213/1205 563/1214/1206
f 563/1214/1206 610/1213/1205 609/1215/1207
f 563/1214/1206 609/1215/1207 564/1216/1208
f 564/1216/1208 609/1215/1207 608/1217/1209
f 564/1216/1208 608/1217/1209 565/1218/1210
f 565/1218/1210 608/1217/1209 607/1219/1211
f 565/1218/1210 607/1219/1211 566/1220/1212
f 566/1220/1212 607/1219/1211 606/1221/1213
f 566/1220/1212 606/1221/1213 567/1222/1214
f 567/1222/1214 606/1221/1213 605/1223/1215
f 567/1222/1214 605/1223/1215 568/1224/1216
f 568/1224/1216 605/1223/1215 569/1225/1217
f 569/1225/1217 605/1223/1215 570/1226/1218
f 570/1226/1218 605/1223/1215 571/1227/1219
f 571/1227/1219 605/1223/1215 572/1228/1220
f 572/1228/1220 605/1223/1215 573/1229/1221
f 573/1229/1221 605/1223/1215 574/1230/1222
f 574/1230/1222 605/1223/1215 575/1231/1223
f 575/1231/1223 605/1223/1215 576/1232/1224
f 576/1232/1224 605/1223/1215 577/1233/1225
f 577/1233/1225 605/1223/1215 578/1234/1226
f 578/1234/1226 605/1223/1215 579/1235/1227
f 579/1235/1227 605/1223/1215 580/1236/1228
f 580/1236/1228 605/1223/1215 581/1237/1229
f 581/1237/1229 605/1223/1215 582/1238/1230
f 582/1238/1230 605/1223/1215 583/1239/1231
f 583/1239/1231 605/1223/1215 584/1240/1232
f 584/1240/1232 605/1223/1215 585/1241/1233
f 585/1241/1233 605/1223/1215 586/1242/1234
f 586/1242/1234 605/1223/1215 587/1243/1235
f 587/1243/1235 605/1223/1215 588/1244/1236
f 588/1244/1236 605/1223/1215 589/1245/1237
f 589/1245/1237 605/1223/1215 590/1246/1238
f 590/1246/1238 605/1223/1215 591/1247/1239
f 591/1247/1239 605/1223/1215 592/1248/1240
f 592/1248/1240 605/1223/1215 593/1249/1241
f 593/1249/1241 605/1223/1215 594/1250/1242
f 594/1250/1242 605/1223/1215 595/1251/1243
f 595/1251/1243 605/1223/1215 596/1252/1244
f 596/1252/1244 605/1223/1215 597/1253/1245
f 597/1253/1245 605/1223/1215 598/1254/1246
f 598/1254/1246 605/1223/1215 599/1255/1247
f 599/1255/1247 605/1223/1215 600/1256/1248
f 600/1256/1248 605/1223/1215 601/1257/1249
f 601/1257/1249 605/1223/1215 602/1258/1250
f 602/1258/1250 605/1223/1215 603/1259/1251
f 603/1259/1251 605/1223/1215 604/1260/1252
# 717 vertices
# 1260 texture params
# 1252 normals
# 1430 facets

# 1 groups
