x,y,z,stamp_sec,stamp_nanosec,raw_range,ox,oy,oz,j7
0.1392638279421169,-0.20105411124120234,0.23797213717754395,1790756072,62744503,0.1599999964237213,0.13928882514224158,-0.2184919645201674,0.39701904693611834,-2.7923471927642822
0.13926398417493777,-0.20116309804749954,0.23896618240023978,1790756072,111069631,0.1589999943971634,0.13928882514224158,-0.2184919645201674,0.39701904693611834,-2.7923471927642822
0.13926398417493777,-0.20116309804749954,0.23896618240023978,1790756072,162176166,0.1589999943971634,0.13928882514224158,-0.2184919645201674,0.39701904693611834,-2.7923471927642822
0.13926414040543061,-0.2012720832297701,0.23996021281053753,1790756072,212233013,0.15800000727176666,0.13928882514224158,-0.2184919645201674,0.39701904693611834,-2.7923471927642822
0.1392646091038933,-0.20159904364866166,0.24294234847862503,1790756072,261531950,0.1550000011920929,0.1392888251422416,-0.21849196452016736,0.3970190469361184,-2.7923471927642822
0.1392639841749378,-0.20116309804749954,0.2389661824002398,1790756072,311700537,0.1589999943971634,0.1392888251422416,-0.21849196452016736,0.3970190469361184,-2.7923471927642822
0.13926414040543061,-0.2012720832297701,0.23996021281053753,1790756072,365751599,0.15800000727176666,0.13928882514224158,-0.2184919645201674,0.39701904693611834,-2.7923471927642822
0.13926367170929602,-0.20094512443490514,0.23697809195484815,1790756072,411629036,0.16099999845027924,0.1392888251422416,-0.21849196452016736,0.3970190469361184,-2.7923471927642822
0.1392638279421169,-0.20105411124120234,0.23797213717754395,1790756072,461673614,0.1599999964237213,0.13928882514224158,-0.2184919645201674,0.39701904693611834,-2.7923471927642822
0.1392635154764751,-0.20083613762860797,0.23598404673215229,1790756072,510801579,0.16200000047683716,0.13928882514224158,-0.2184919645201674,0.39701904693611834,-2.7923471927642822
0.1392638279421169,-0.20105411124120234,0.23797213717754395,1790756072,561124333,0.1599999964237213,0.13928882514224158,-0.2184919645201674,0.39701904693611834,-2.7923471927642822
0.13926414040543056,-0.20127208322977005,0.2399602128105375,1790756072,610313252,0.15800000727176666,0.1392888251422416,-0.2184919645201674,0.39701904693611834,-2.7923471927642822
0.13806268107988753,-0.20127337677301696,0.23995567709306162,1790756072,662572502,0.15800000727176666,0.13889413928701555,-0.21849284439154978,0.3970123576579533,-2.797468153487534
0.13593782916069996,-0.20095044363312675,0.2369804319086808,1790756072,711149919,0.16099999845027924,0.13821002263361298,-0.21849494161335362,0.3970055150314006,-2.8063448571801812
0.13087764305422614,-0.20129645360666332,0.2400558243037102,1790756072,760448736,0.15800000727176666,0.13653381806661108,-0.21850315354026761,0.3970142247144639,-2.828100510160047
0.12293247290329527,-0.20135264595304223,0.24042092895988015,1790756072,810438018,0.15800000727176666,0.13392379662588147,-0.21852464474526395,0.3970999497577635,-2.8620136734638773
0.11269843010360783,-0.2013629982862057,0.24028750342134164,1790756072,860292466,0.1589999943971634,0.1305988629366083,-0.21856747643945615,0.39733710913292425,-2.9053375897958675
0.09995223144089707,-0.20125569388033016,0.23896967984924827,1790756072,910332793,0.16200000047683716,0.12659081716116544,-0.21864243917770038,0.39781579089161384,-2.957854675667501
0.08657932535043304,-0.20113179766346342,0.23742018381830873,1790756072,960598520,0.16599999368190765,0.12255129740986047,-0.21874437977136962,0.3985158450883796,-3.011254885364488
0.0737643606301483,-0.201412724007295,0.23949900091653636,1790756073,10221319,0.16699999570846558,0.11856539218627536,-0.21887177502453384,0.3994272588189843,-3.0645738758884074
0.061336832259906486,-0.20176430804001186,0.24216731809534123,1790756073,60463241,0.1679999977350235,0.11473417233724532,-0.21902035137861392,0.40051804363813504,-3.1165796202339555
0.05096505716289775,-0.20257420200488926,0.24900607847643585,1790756073,110407170,0.16500000655651093,0.11112165583841735,-0.21918505237889296,0.4017485593037865,-3.166459413904712
0.039876422966755073,-0.20326263779538079,0.25465143039430793,1790756073,160336933,0.164000004529953,0.107453321965057,-0.2193781546973608,0.4032100192492776,-3.2181287184982197
0.02882661873167705,-0.20403576291108927,0.2609960372267034,1790756073,210104446,0.16300000250339508,0.10376710384168392,-0.21960021406906935,0.4049080671885329,-3.271297600576752
0.01971363210945276,-0.2052794375454288,0.2716025212523193,1790756073,260466886,0.15800000727176666,0.10001922057526436,-0.2198570924290059,0.40688927868679015,-3.326903828343803
0.009004214578397174,-0.20622648787400788,0.27938535169762846,1790756073,310345371,0.15700000524520874,0.09631961797848745,-0.22014436498762474,0.4091209083994261,-3.3836469049989546
0.0007406890598040949,-0.20748259880865008,0.29001179324475646,1790756073,361137933,0.15299999713897705,0.09280082171374188,-0.22045212795070032,0.4115260821744946,-3.439692993680411
-0.008746386213079466,-0.2083944454694149,0.29743310042127924,1790756073,410418833,0.15299999713897705,0.08961817352505919,-0.22076307443101123,0.4139682004111943,-3.492504529522918
-0.016560374193084593,-0.20952894053591814,0.3068886684916028,1790756073,460230910,0.1509999930858612,0.08653900661483298,-0.22109739259478162,0.4166050597278985,-3.545932116014673
-0.026002582021852363,-0.21049338259740508,0.31466782705938673,1790756073,510380739,0.15199999511241913,0.08358829833664169,-0.2214533390583411,0.41942333675124044,-3.599766453030094
-0.033502662637797165,-0.21165185775078718,0.32424921539390245,1790756073,560478752,0.1509999930858612,0.08080719606539138,-0.22182615089671082,0.42238553830325143,-3.6534290990904186
-0.04040172577013171,-0.21284480804226938,0.3341288283997006,1790756073,610436617,0.15000000596046448,0.07820625763787814,-0.22221388702169736,0.42547634297509496,-3.7068323448952833
-0.04596292876506183,-0.21414100458900848,0.3449681650537849,1790756073,660654001,0.14800000190734863,0.0757586716215347,-0.22262072662456214,0.42872941431679823,-3.7607017051989846
-0.054214980275058416,-0.21523928409027965,0.35381957889955984,1790756073,710243356,0.15000000596046448,0.07351505024201668,-0.22303815481352468,0.4320769664593843,-3.8140718669924025
-0.056572134733310714,-0.21663521825639873,0.3657012516314543,1790756073,760155702,0.1459999978542328,0.07152346806652493,-0.22345413716795579,0.4354222546481947,-3.8656718737268925
-0.06072861866908173,-0.21785005707822727,0.375828020673076,1790756073,810098345,0.14499999582767487,0.06977671270961526,-0.22386487899831897,0.43873413475614276,-3.9153310966721158
-0.0654400809890495,-0.21909193945748015,0.3861068875393368,1790756073,860202090,0.14499999582767487,0.06814250383234242,-0.2243014444359903,0.4422633909947714,-3.966943535330163
-0.06972428609746528,-0.22039667567630758,0.39692923003668745,1790756073,910124566,0.14499999582767487,0.06665731274478173,-0.22476000405477164,0.44598042423947765,-4.020091549779119
-0.07066137749416133,-0.22144729479445388,0.40583665829320764,1790756073,960535126,0.14300000667572021,0.06567209229835995,-0.2251111797506254,0.44883390088637465,-4.060188450328971
-0.07429821407377957,-0.22207776419200986,0.4109096818841948,1790756074,10216916,0.14499999582767487,0.0650730870386142,-0.2253507018713352,0.4507835717773499,-4.087285543480563
-0.07521878492602949,-0.2224702353344622,0.41417968916019243,1790756074,60589959,0.14499999582767487,0.06475450603403154,-0.22548858979387654,0.4519072141809669,-4.102803598067595
-0.07836152179113103,-0.22251709205401557,0.4143103876884001,1790756074,110714361,0.14800000190734863,0.0646702807617174,-0.22552648364611283,0.4522161601419935,-4.107058540030861
-0.07268049998025643,-0.2226918513398722,0.4162868628636582,1790756074,160323725,0.1420000046491623,0.06462905170249585,-0.22554527077696315,0.4523693563273827,-4.109166622161865
-0.07364747058203748,-0.22267175679672932,0.4160327602903791,1790756074,210334747,0.14300000667572021,0.06462905170249585,-0.22554527077696315,0.4523693563273827,-4.109166622161865
-0.07751533858020605,-0.22259137892358927,0.4150163537836787,1790756074,260417307,0.1469999998807907,0.06462905170249585,-0.22554527077696315,0.4523693563273827,-4.109166622161865
-0.07461442677486292,-0.22265166255301788,0.41577866150351583,1790756074,310362894,0.14399999380111694,0.06462905170249585,-0.22554527077696315,0.4523693563273827,-4.109166622161865
-0.07268049998025643,-0.2226918513398722,0.4162868628636582,1790756074,360217157,0.1420000046491623,0.06462905170249585,-0.22554527077696315,0.4523693563273827,-4.109166622161865
-0.07364747058203748,-0.22267175679672932,0.4160327602903791,1790756074,410393412,0.14300000667572021,0.06462905170249585,-0.22554527077696315,0.4523693563273827,-4.109166622161865
-0.07268049998025643,-0.2226918513398722,0.4162868628636582,1790756074,460985408,0.1420000046491623,0.06462905170249585,-0.22554527077696315,0.4523693563273827,-4.109166622161865
-0.07364747058203748,-0.22267175679672932,0.4160327602903791,1790756074,513581308,0.14300000667572021,0.06462905170249585,-0.22554527077696315,0.4523693563273827,-4.109166622161865
-0.07243668798350399,-0.22263659422905724,0.41537383308180326,1790756074,561833038,0.1420000046491623,0.06471575134214654,-0.2255567850442646,0.4520437416307571,-4.104862382210775
-0.0729243073045081,-0.22250994799523235,0.4133685346286038,1790756074,611142606,0.14300000667572021,0.06488500056233519,-0.22557884494447564,0.451423474466062,-4.096649875230032
-0.07353051390192768,-0.2221889516707874,0.40827522568086216,1790756074,660477876,0.14499999582767487,0.06534809866704532,-0.22563731286866864,0.44981843891710294,-4.075313944898089
-0.07027678876808618,-0.22177865317424988,0.4013836096577196,1790756074,710956428,0.14399999380111694,0.06615569505938787,-0.22573263311708155,0.4472806859698272,-4.041303790573934
-0.06711282574988323,-0.22125222057414232,0.3926472485573135,1790756074,760584514,0.14399999380111694,0.06726738658457221,-0.22585231689737828,0.44419136423975913,-3.9993780346127266
-0.06142197731125508,-0.22045179974198684,0.3792317080467913,1790756074,826312023,0.14399999380111694,0.06926452165036638,-0.22604809658164446,0.43944564883759385,-3.9336320493456554
-0.056346514097517994,-0.21970990244566246,0.36685765927785885,1790756074,881964662,0.14499999582767487,0.07135296904426815,-0.2262395675820976,0.435233124677024,-3.8736016456006515
-0.05304572563365455,-0.2191014161474506,0.357005114979517,1790756074,922870003,0.1469999998807907,0.07310312556915059,-0.22639390515493704,0.4321202726325546,-3.828011426009329
-0.04825253596578194,-0.2185387635699288,0.34754042799375284,1790756074,965236329,0.14800000190734863,0.07504859554995691,-0.22656173293196877,0.42900492022275677,-3.7811138447732873
-0.04262416876755615,-0.21784760146135232,0.33609524864818596,1790756075,15567084,0.15000000596046448,0.07753691414187977,-0.22677321507031842,0.4254353256790151,-3.7255468273153842
-0.03401370637851027,-0.21748615371051375,0.3283859656438848,1790756075,61558420,0.14800000190734863,0.07994871528510919,-0.2269768845530158,0.42233538310463214,-3.675382012839134
-0.02828707045416022,-0.21680933337067101,0.31729501296756146,1790756075,110927608,0.1509999930858612,0.08267785773765955,-0.22720772586595847,0.41917561002523657,-3.6220449451397343
-0.016741593783707917,-0.21654733696188222,0.3097784614601661,1790756075,163036534,0.14800000190734863,0.08589189334932051,-0.22748208594144348,0.4158482457921976,-3.5629320164875744
-0.00794435153945626,-0.215972680951509,0.29911331401603286,1790756075,213688799,0.15000000596046448,0.0893649856698121,-0.22778343939599122,0.4126536181595324,-3.502616689321258
0.0005969314213774696,-0.21547519689382852,0.2896617145112903,1790756075,261341047,0.15199999511241913,0.09269088313851273,-0.22807816747079973,0.40992753552430045,-3.4476352962296226
0.010671790072527457,-0.21509754524097294,0.28119579635007935,1790756075,312135081,0.15299999713897705,0.09628556640721833,-0.22840466117038305,0.4072997260742626,-3.390685278416133
0.022388140003283374,-0.21515631123392082,0.2772525429624471,1790756075,361083239,0.15000000596046448,0.09970822717269257,-0.22872410755960076,0.4050708546831048,-3.3384286386247304
0.03193726881337232,-0.21492123981246725,0.27067105947940945,1790756075,410658603,0.1509999930858612,0.10312500140855896,-0.22905211093781266,0.40308564750174636,-3.2878520990525866
0.04303989625324854,-0.214827708953425,0.2650964215299291,1790756075,461382350,0.1509999930858612,0.10689417424070574,-0.22942528243019306,0.40114986670211517,-3.233596507429632
0.05424871489193693,-0.21460111596314765,0.25805521355502115,1790756075,512227060,0.15299999713897705,0.11095084849657426,-0.2298410933067876,0.39934077636939436,-3.1766920429023457
0.06718173522747359,-0.21474721526969023,0.2543537956136962,1790756075,564059726,0.15199999511241913,0.11519682877793579,-0.23029311084717213,0.39773048282681966,-3.1184829011768573
0.07923728103491665,-0.214560659573673,0.24757621115853606,1790756075,615857115,0.1550000011920929,0.11953482837989567,-0.2307737805366425,0.3963654673438134,-3.0601501319472795
0.09129142257072945,-0.21484616727319986,0.24565323898382638,1790756075,661682228,0.15399999916553497,0.1234866912808845,-0.23122931884059258,0.39535646794160645,-3.0078047123722644
0.10435224205567617,-0.21512237739517862,0.243205600061939,1790756075,711356889,0.15399999916553497,0.12786273505021808,-0.23175455335154527,0.39448886808948663,-2.950506590737396
0.11792052651407695,-0.21549345791983143,0.2414668449141188,1790756075,762907387,0.15399999916553497,0.13240880025553273,-0.23232487699224605,0.39385711034792587,-2.8915118708477023
0.13031113012185158,-0.2156902344112988,0.23858957750685442,1790756075,810381431,0.15600000321865082,0.13658720589513687,-0.2328727585357821,0.39351334179696773,-2.837580702304765
0.14374947656386242,-0.2163277173619103,0.2393698766021347,1790756075,861881041,0.1550000011920929,0.1410569656572614,-0.23348575691361312,0.3933937462889753,-2.7800135721060197
0.15589114322006248,-0.21733781925125795,0.24382364317314187,1790756075,910388523,0.1509999930858612,0.14520198298435014,-0.23408088464491597,0.3935113498380818,-2.726580102886234
0.1679480383622343,-0.21808985509040393,0.24593814172771866,1790756075,960303795,0.15000000596046448,0.14933674687893486,-0.23470205560824572,0.3938491163422416,-2.673074670635258
0.1802375492585805,-0.21845518521071142,0.24472042292720916,1790756076,10414290,0.15299999713897705,0.15334698744792122,-0.2353328666777595,0.3943901950200769,-2.620837419350816
0.1923569009851162,-0.21949500109784437,0.2491876942711751,1790756076,60222590,0.1509999930858612,0.15758042166935285,-0.23603172337634024,0.3951949927689362,-2.565156622934814
0.20552500806608168,-0.22045878272814204,0.25263525248843244,1790756076,110371437,0.1509999930858612,0.1620504194112907,-0.23680980994161605,0.3963140677754854,-2.505548683745218
0.21800719990477502,-0.2214727836213036,0.2566942337862256,1790756076,160370255,0.1509999930858612,0.166287636960146,-0.23758952439848594,0.3976422220211337,-2.448042394892989
0.2294734980322993,-0.2226391890513499,0.2622192120328408,1790756076,210417491,0.15000000596046448,0.170313965939378,-0.23837277800145418,0.39915936585718537,-2.392259717787771
0.24155127341846794,-0.22368187309700882,0.2666186884264542,1790756076,260733367,0.1509999930858612,0.174280248726156,-0.2391895485377051,0.40091358464817406,-2.3359705925369347
0.25180004465748895,-0.2250912672156606,0.2742335977988254,1790756076,310329638,0.14900000393390656,0.1780954215994431,-0.2400229426769141,0.40286358955850543,-2.280296542931494
0.26054357940202244,-0.2267711143380866,0.2840911884773029,1790756076,360582634,0.14499999582767487,0.18183373046064996,-0.2408912459991182,0.40504729767203185,-2.2239768720188167
0.271358010902839,-0.22800993413726572,0.290200953459334,1790756076,410351877,0.1459999978542328,0.1853990185917626,-0.24177414915221992,0.4074084506569211,-2.1682843142068773
0.28231756928294455,-0.22939038599078762,0.2973074510531875,1790756076,462683953,0.1469999998807907,0.18898290968611509,-0.24272446675883985,0.41008973500313906,-2.109923510555538
0.2904287478347997,-0.231040667347453,0.30688394988070267,1790756076,512890087,0.14499999582767487,0.1922539302001464,-0.24365659243071217,0.41284404806262154,-2.05410012105835
0.2982825025729026,-0.23259248429710636,0.3157805003610604,1790756076,562763665,0.14399999380111694,0.19524215351405994,-0.24457252650418537,0.41565623950360786,-2.0004755776775545
0.30677122891002745,-0.2339655380303521,0.32335464406032316,1790756076,611886601,0.14499999582767487,0.19795289148118864,-0.24546722761232304,0.4184928559733557,-1.949148384354824
0.3115706215555352,-0.23590035112676389,0.3352243239268076,1790756076,661313141,0.14100000262260437,0.20072366212404302,-0.2464582170076708,0.42172567531745553,-1.8933951305335386
0.3175774009676628,-0.2378021734826731,0.3465602873519493,1790756076,710342763,0.13899999856948853,0.2034404270724453,-0.24752377319517946,0.4252955481401759,-1.834585317514322
0.32870376364143383,-0.2392557396815859,0.3543391103094666,1790756076,760201831,0.14399999380111694,0.20590055803261598,-0.24859260385603127,0.4289594418170931,-1.7766710416888096
0.33315355206302166,-0.2411736108161539,0.36595209700474846,1790756076,810176224,0.1420000046491623,0.2080774446468433,-0.24964788080669847,0.4326465901965111,-1.7204277837595727
0.33595007452443826,-0.24315552600919554,0.3780556786915651,1790756076,860228701,0.13899999856948853,0.21002714991660223,-0.2507113054894234,0.4364279911091251,-1.6644878287662337
0.3416799690239494,-0.2449364681635878,0.3886121317380936,1790756076,910373538,0.14000000059604645,0.21174795095581184,-0.2517819728005917,0.440292010935891,-1.6088201085000788
0.34409430088001913,-0.24645010210020463,0.39776184979742263,1790756076,960195755,0.13899999856948853,0.21294504406319645,-0.2526341027825223,0.4433976928845618,-1.564981435649055
0.3435135999566479,-0.24770188868934406,0.405432017294383,1790756077,10346195,0.13600000739097595,0.21376167912301866,-0.25328821020961834,0.44579578894918803,-1.5315957371882527
0.34391371610566235,-0.24848454404140272,0.41016073454244745,1790756077,60479514,0.13500000536441803,0.21425526354220364,-0.25372220679502433,0.4473931668578569,-1.509554738496157
0.34357999683761004,-0.24888876129701848,0.4126170952827943,1790756077,110335508,0.1340000033378601,0.21448468794927691,-0.2539365090617573,0.4481828422885294,-1.4987115425556294
0.34966194980150367,-0.24884233004395215,0.41210720066492007,1790756077,160177781,0.14000000059604645,0.2145920167467719,-0.25403984146159775,0.44856401383539246,-1.4934895038604736
0.34676758823993115,-0.24895370551385018,0.41288841966985795,1790756077,210331971,0.13699999451637268,0.2145920167467719,-0.25403984146159775,0.44856401383539246,-1.4934895038604736
0.3458028154291606,-0.24899083011727605,0.41314882212448834,1790756077,260450956,0.13600000739097595,0.2145920167467719,-0.25403984146159775,0.44856401383539246,-1.4934895038604736
0.3458028154291606,-0.24899083011727605,0.41314882212448834,1790756077,310073395,0.13600000739097595,0.2145920167467719,-0.25403984146159775,0.44856401383539246,-1.4934895038604736
0.34483802824196974,-0.24902795527390872,0.41340922845946765,1790756077,360795410,0.13500000536441803,0.2145920167467719,-0.25403984146159775,0.44856401383539246,-1.4934895038604736
0.3438732410547789,-0.2490650804305414,0.4136696347944469,1790756077,410415117,0.1340000033378601,0.2145920167467719,-0.25403984146159775,0.44856401383539246,-1.4934895038604736
0.34676758823993115,-0.24895370551385018,0.41288841966985795,1790756077,464989031,0.13699999451637268,0.2145920167467719,-0.25403984146159775,0.44856401383539246,-1.4934895038604736
0.3458028154291606,-0.24899083011727605,0.41314882212448834,1790756077,510951052,0.13600000739097595,0.2145920167467719,-0.25403984146159775,0.44856401383539246,-1.4934895038604736
0.3455095475479203,-0.24893318884134666,0.4120793575475231,1790756077,563409017,0.13600000739097595,0.21448630521317302,-0.2540558338885868,0.44817188428306204,-1.4986847527955593
0.3450222743721716,-0.24884019871436158,0.41034879833877164,1790756077,610104031,0.13600000739097595,0.21431061105514462,-0.2540819315501647,0.447537335821708,-1.5071073898308336
0.3465824042221919,-0.2484850080348564,0.4050852901884076,1790756077,660223313,0.13899999856948853,0.21383986331916416,-0.2541501893347139,0.4459304019860949,-1.5285263861475726
0.3434165555066554,-0.24816885512463502,0.3986323519065864,1790756077,710160974,0.1379999965429306,0.21304891128788125,-0.2542584608817663,0.44347867938631086,-1.5614794530700342
0.33794098495483293,-0.24776230095614638,0.38967343050199243,1790756077,760780859,0.13600000739097595,0.21175238273362987,-0.25442047929971123,0.4399537182989989,-1.609527069712556
0.3354953515885075,-0.2470083833890746,0.3765826467570853,1790756077,810448557,0.13899999856948853,0.20988590959167314,-0.2546351391442864,0.43561738466801414,-1.6699239553954006
0.3304496671498613,-0.24638687280254382,0.36449723587837274,1790756077,860332542,0.14000000059604645,0.20777055520250617,-0.25486566102705555,0.4314146910671738,-1.730116263623404
0.32470162191796076,-0.24580613105809995,0.35275729054881555,1790756077,910251343,0.14100000262260437,0.20542458010564518,-0.25511260388406876,0.42737215233664616,-1.7899098245184963
0.3189744607556697,-0.24519197956697775,0.34065643855486766,1790756077,960659922,0.14300000667572021,0.20282072356692518,-0.2553811507287151,0.42344225882247694,-1.8502310206300097
0.31014229165339113,-0.24484466650303335,0.3307212693753301,1790756078,11031010,0.1420000046491623,0.19999277145100358,-0.2556701317195572,0.4196813380713005,-1.9104530685700434
0.30013436476622357,-0.2446530242201603,0.3221598214109526,1790756078,60755356,0.14000000059604645,0.19698320660642565,-0.2559775797533363,0.416136377951195,-1.9699832212202149
0.2938639851664594,-0.2440300951338393,0.3099809716030585,1790756078,110561249,0.14399999380111694,0.1937617669669183,-0.25630891678052414,0.41276606130590443,-2.0296854879184676
0.2841654244857049,-0.2438000495128845,0.3011081502540896,1790756078,160066029,0.14399999380111694,0.1903720605224697,-0.256662061109296,0.40961331948060886,-2.0889860696671043
0.2731815762211469,-0.2437312735612804,0.2934801444885792,1790756078,210426396,0.14300000667572021,0.1867441628099662,-0.2570467420802372,0.4066184393765672,-2.1492726577232846
0.2614028032362547,-0.24384215373885954,0.2874839101869291,1790756078,260048825,0.14100000262260437,0.1829987992095866,-0.2574526043548055,0.403882228586258,-2.208740545819689
0.25179809154004534,-0.24354356312999126,0.27789947746991644,1790756078,310153819,0.14399999380111694,0.17905827520808748,-0.25789043670495093,0.4013461645592785,-2.268849197300143
0.2409318054385603,-0.24341108357024244,0.269657008087404,1790756078,360453852,0.1459999978542328,0.17494381891068062,-0.2583606791698202,0.39903279638970357,-2.3294311950522104
0.22950270834924996,-0.24335259473823972,0.2620421784753495,1790756078,410473236,0.14800000190734863,0.17070896386180026,-0.2588597764637634,0.39697484126924554,-2.3898976445288977
0.21689844274771053,-0.24358474668238347,0.2569713123325449,1790756078,460245230,0.14800000190734863,0.1663809374112102,-0.25938689668995746,0.3951822897340885,-2.4500990699205962
0.2048132338052147,-0.2435811627728569,0.24978870010200652,1790756078,510197003,0.1509999930858612,0.161938524832748,-0.2599470718629352,0.39364597055474276,-2.5105498035307146
0.19119909967981666,-0.24410008476790265,0.24716053730643403,1790756078,560259840,0.15000000596046448,0.15740134656783117,-0.26054056713553797,0.39237563367124084,-2.571191962761294
0.17719599839504308,-0.2449336766430734,0.2473311282884239,1790756078,610229419,0.1469999998807907,0.15280446246134752,-0.26116535188416323,0.39138176403369057,-2.631774496420105
0.1643455471679879,-0.24476018845888103,0.2384726444020617,1790756078,660556378,0.15399999916553497,0.14811758137900374,-0.26182843616647705,0.39066110582252705,-2.692913140385249
0.15016456660955652,-0.2460026047418076,0.24229982483276538,1790756078,710264038,0.14900000393390656,0.1434494489962408,-0.2625168852844734,0.3902294936145944,-2.7534140827987206
0.13674100635828249,-0.24632206773163778,0.23803059103605445,1790756078,760545275,0.15299999713897705,0.1388792066679151,-0.2632200252035002,0.3900795511023502,-2.812483969062352
0.12365288987166279,-0.24702668243000847,0.2375025091229094,1790756078,810401325,0.15399999916553497,0.1345059380236166,-0.2639219803612041,0.3901876753854258,-2.8690511221442843
0.10984383670868031,-0.24821670403433935,0.24080213161229647,1790756078,860425505,0.15199999511241913,0.12979927371860023,-0.2647119854659974,0.39058091762156066,-2.9301930148339297
0.09438447435434723,-0.24904435638594663,0.24023556700446075,1790756078,910861094,0.1550000011920929,0.12478166928812051,-0.2655971046930661,0.39132169288366964,-2.9959283594798327
0.08026711247234199,-0.2502387812430477,0.24340883463782717,1790756078,960251531,0.1550000011920929,0.12007986512141128,-0.2664709378773862,0.39232647021887956,-3.0583164869831374
0.06715682655553454,-0.2517192998177532,0.24929107240909468,1790756079,10620620,0.15299999713897705,0.11550305214746967,-0.26736747134477545,0.39360592377028203,-3.120056380163219
0.054729245067826233,-0.253261412181937,0.2558569832187618,1790756079,60033030,0.1509999930858612,0.11107758310827716,-0.26828254522343015,0.3951416854446666,-3.180988236252822
0.04252163737136627,-0.25491433814096803,0.2632649811149014,1790756079,110438396,0.14900000393390656,0.10664917473474078,-0.26925168994144494,0.3969926912850921,-3.2434974074258056
0.02624184575970702,-0.25569056283933583,0.2625707772631969,1790756079,160263437,0.15700000524520874,0.1024108105567403,-0.2702363101392822,0.39908345683630464,-3.3051236258531667
0.015454436162277208,-0.257585410222786,0.27234304719220803,1790756079,210198080,0.15399999916553497,0.0983162157048099,-0.2712485451364213,0.4014292353703446,-3.3667334010486307
0.005945100609713316,-0.2596330616087592,0.28352593568841467,1790756079,260300029,0.15000000596046448,0.09434760141895711,-0.2722963029006351,0.4040441582059857,-3.428858991092897
-0.0058878744044184445,-0.2613290926168114,0.29133636577269756,1790756079,310391653,0.1509999930858612,0.0905380964074641,-0.27337493067208546,0.40691286792803283,-3.4912700597775
-0.016184509210609585,-0.263112350874217,0.30028041486941415,1790756079,360648797,0.1509999930858612,0.08704962939075274,-0.27443756881750625,0.4098954228642223,-3.551404783096023
-0.02112024250645647,-0.2652900308107729,0.3134714319488547,1790756079,410382865,0.14499999582767487,0.08390527420193271,-0.27546965059397055,0.4129250139418182,-3.6086741450285102
-0.031959942490787846,-0.2671156023762349,0.32246189856370455,1790756079,460796371,0.1469999998807907,0.0806675903317023,-0.2766231285569049,0.4164493751826416,-3.671511448531502
-0.04028236389576979,-0.2693006759670681,0.33453808744319563,1790756079,510236790,0.1459999978542328,0.07752022097515636,-0.2778561288775689,0.42035973154688555,-3.7374880457766473
-0.045952465887292154,-0.2716074655624665,0.34798941272215367,1790756079,560615193,0.14300000667572021,0.07468064434992068,-0.2790935292335741,0.4244133191550534,-3.80260416263718
-0.050349681807830046,-0.2738381180910155,0.36111943547547837,1790756079,610478410,0.14000000059604645,0.07221600242300655,-0.2802982931421549,0.4284686697267191,-3.865094773175521
-0.05828120300998603,-0.27584822347079674,0.37207245448679943,1790756079,660405442,0.1420000046491623,0.07003694341068432,-0.28150334200848004,0.43262387275136416,-3.926926068881798
-0.06363319069820778,-0.27795302191423354,0.3841672741118301,1790756079,710173733,0.1420000046491623,0.06814960719472699,-0.28270215182969727,0.43684308701412966,-3.987878813368735
-0.06552897493643324,-0.27973756167427893,0.3948456717955125,1790756079,760264329,0.14000000059604645,0.06681347124251723,-0.28368232754980316,0.4403420005314875,-4.037300131267954
-0.06522422759323267,-0.28115398181230655,0.4035399263425613,1790756079,810587011,0.13699999451637268,0.06589882700140474,-0.2844475266554626,0.4430986878704959,-4.075643899225211
-0.07044288449703806,-0.2818648641940958,0.4071127687834651,1790756079,860388172,0.14100000262260437,0.06540534984877569,-0.2849047206431607,0.4447560581916503,-4.0984799566326915
-0.06999705968978137,-0.2822056265038938,0.40925050197244695,1790756079,910438667,0.14000000059604645,0.06522068745220871,-0.28508599965355663,0.4454149109301023,-4.107517171252497
-0.06733965797928007,-0.2824199689920223,0.4109165513920536,1790756079,960520477,0.13699999451637268,0.06513381259098211,-0.28517345652257986,0.4457331623554297,-4.111874580383301
-0.0683066196167828,-0.28239987050135906,0.4106624150204125,1790756080,10130693,0.1379999965429306,0.06513381259098217,-0.28517345652257986,0.4457331623554298,-4.111874580383301
-0.07024054289178837,-0.2823596735200325,0.4101541422771301,1790756080,60336086,0.14000000059604645,0.06513381259098215,-0.2851734565225799,0.4457331623554298,-4.111874580383301
-0.06733965797928007,-0.2824199689920223,0.4109165513920536,1790756080,109996136,0.13699999451637268,0.06513381259098211,-0.28517345652257986,0.4457331623554297,-4.111874580383301
-0.06637271075059933,-0.28244006718319536,0.4111706839767754,1790756080,160551920,0.13600000739097595,0.06513381259098211,-0.28517345652257986,0.4457331623554297,-4.111874580383301
-0.06733965797927997,-0.2824199689920222,0.41091655139205363,1790756080,210291294,0.13699999451637268,0.0651338125909822,-0.2851734565225797,0.4457331623554297,-4.111874580383301
-0.0712075045292912,-0.2823395750293691,0.4099000059054888,1790756080,262149506,0.14100000262260437,0.06513381259098211,-0.28517345652257986,0.4457331623554297,-4.111874580383301
-0.07024054289178835,-0.28235967352003244,0.4101541422771301,1790756080,312047650,0.14000000059604645,0.06513381259098217,-0.28517345652257986,0.4457331623554298,-4.111874580383301
-0.06893800969875613,-0.2823059824004813,0.4091558644556356,1790756080,360696400,0.13899999856948853,0.06525482093141222,-0.28519061084283814,0.44528013231714814,-4.105881862040549
-0.06827529273447366,-0.2821653165919069,0.40676584192892185,1790756080,410815016,0.13899999856948853,0.06549370469374025,-0.2852235992786303,0.44441556751060973,-4.094418880330542
-0.0667412325914053,-0.28186275317049847,0.4015989266338604,1790756080,460360537,0.13899999856948853,0.06604626448849721,-0.285296914531902,0.44254629232832904,-4.06951021625411
-0.0632048001994727,-0.2814360423977933,0.39410462537146534,1790756080,510971941,0.1379999965429306,0.066979246559258,-0.2854118628160078,0.4397149955450518,-4.0314187610767185
-0.060967513684039076,-0.2807517432114381,0.3826652809054907,1790756080,560567370,0.14000000059604645,0.06845438390135788,-0.2855755680751299,0.4358320309093461,-3.978342672650126
-0.05219188380021479,-0.2801067029652192,0.3705642067977239,1790756080,610397902,0.13699999451637268,0.0706286015725728,-0.28579475872531795,0.43099410744259525,-3.910565046753655
-0.047137376341255074,-0.2793134687906897,0.35693053840749067,1790756080,660394045,0.13899999856948853,0.07308458985419046,-0.2860266608156093,0.4263755634219258,-3.8437193560109377
-0.03879051115961106,-0.27871928268349183,0.3454638172824892,1790756080,710168752,0.1379999965429306,0.07577930997170881,-0.2862711665971419,0.42201918405152106,-3.778254340065291
-0.03275657222311028,-0.27793428630831035,0.33197863420422663,1790756080,760585387,0.14100000262260437,0.07880707267176176,-0.2865393108981173,0.41777203388715184,-3.7115842003847073
-0.022054597102225112,-0.27751211132574805,0.32216748068612233,1790756080,810280178,0.13899999856948853,0.08207561676399712,-0.28682614683096197,0.41377068426056207,-3.6455311779730577
-0.012817473284130312,-0.2769538035144074,0.31094262405712386,1790756080,860535007,0.14000000059604645,0.08563811088029684,-0.28713959948848,0.40995145030059055,-3.5787439588375554
-0.004912288375567883,-0.2762260739902311,0.2981807416435512,1790756080,910138760,0.14399999380111694,0.0893923613297111,-0.2874739861403072,0.4064217492652031,-3.5128311185416905
0.006207336713910633,-0.2758712333891017,0.2891447951855032,1790756080,960487765,0.14399999380111694,0.09328696443016739,-0.2878276556290962,0.4032069739247277,-3.4482151496638984
0.018476404619037365,-0.2757787496719517,0.28284204218211995,1790756081,10295676,0.1420000046491623,0.09719567644259913,-0.28819138272936706,0.4003716303908441,-3.3864084192586414
0.03201687801209506,-0.27576480362475175,0.27678395490393004,1790756081,60521376,0.14000000059604645,0.10162977747140284,-0.28861636794825307,0.3975683979841555,-3.3192348043796707
0.0448424455224358,-0.27547166247465416,0.26774857953414977,1790756081,110376435,0.1420000046491623,0.10651368824697047,-0.2891017509350701,0.39492908051497966,-3.248108876474771
0.05908645797654119,-0.27556711759114016,0.2625288601272626,1790756081,160108716,0.14100000262260437,0.11141610658200302,-0.2896090322283452,0.3927034861099201,-3.1790887362083935
0.07300326372460283,-0.2756675215078639,0.25746558310877965,1790756081,210204647,0.14100000262260437,0.11635646499424615,-0.2901424261851481,0.3908521559481467,-3.111411458628507
0.08650392884264507,-0.27555519398367107,0.2504551117947553,1790756081,260103151,0.14399999380111694,0.12140717944557293,-0.29071263751753884,0.38933640361474287,-3.043720696881212
0.10165030780888037,-0.27597269980638417,0.24818538984079258,1790756081,310818555,0.14300000667572021,0.12664983868476104,-0.2913333215910827,0.38814280001842255,-2.974645285353599
0.11680145549856091,-0.2767170176107679,0.24897487306073898,1790756081,360505364,0.14000000059604645,0.13186591238124173,-0.2919822584369881,0.3873223874158598,-2.906755175733331
0.1315600347847521,-0.2769237748099513,0.2448334144251881,1790756081,410522711,0.14300000667572021,0.1371708724815807,-0.29267713613378965,0.3868522583037258,-2.838214814318621
0.14678059087067472,-0.2771279846836975,0.24071161431169275,1790756081,460297252,0.1469999998807907,0.142483725616209,-0.2934113515908114,0.38674376445715125,-2.7697594256881684
0.16199474018934637,-0.2781146830475485,0.24359177880070523,1790756081,510107357,0.14499999582767487,0.14780769152743695,-0.29418923284592036,0.3869979686568966,-2.701023438731397
0.1765360343372454,-0.2790781061337024,0.24643064153404515,1790756081,560205269,0.14399999380111694,0.15293386017501526,-0.29498203075676527,0.38759012853765185,-2.6344039887693995
0.1902915316500721,-0.2801140329870768,0.2500995396231027,1790756081,610353080,0.14300000667572021,0.15783018912371066,-0.2957836618739571,0.3884820742190181,-2.5700814915615817
0.20506774861085378,-0.28122410505074125,0.25398830457432053,1790756081,660332102,0.14300000667572021,0.1630282573930536,-0.2966875093738703,0.38979171474558233,-2.500720961055274
0.2194040816737366,-0.28285392829674805,0.26202780750723975,1790756081,710191060,0.14000000059604645,0.16845543243933678,-0.2976969740558562,0.391580573979732,-2.426677128238169
0.23523640905984627,-0.2839506782660466,0.26551832541648257,1790756081,760595139,0.14300000667572021,0.17364085670059276,-0.29873346002853,0.3937230804069948,-2.3538774179346413
0.24687872709073616,-0.28581653045628663,0.27594266375964377,1790756081,810036633,0.13899999856948853,0.17842944401167052,-0.2997632947747624,0.39611413713550214,-2.2843347122605735
0.2601765273717207,-0.28743145167740214,0.28397956030889704,1790756081,861030575,0.13899999856948853,0.1831941328847204,-0.3008694863310809,0.39893228870632225,-2.212311181103625
0.27309045331517323,-0.28900886068840403,0.2918764430026537,1790756081,910298957,0.14000000059604645,0.18760261246248736,-0.30197947058928926,0.40198362947128485,-2.142458873982819
0.2833692771454891,-0.290940889176424,0.30282915882872136,1790756081,960874703,0.1379999965429306,0.19174260789089728,-0.30311369283296596,0.40530049813048796,-2.073251817392149
0.29439260181661486,-0.2926048237946325,0.31177488840067247,1790756082,10673059,0.13899999856948853,0.1954549834889682,-0.30422383245397583,0.40871479720888637,-2.007368164165318
0.3041720770862596,-0.2946845443547097,0.3237394706331297,1790756082,60788082,0.1379999965429306,0.1992326615922717,-0.3054672269107306,0.4127082959514687,-1.9354712382936585
0.314385992975505,-0.2968999779293044,0.33649417909884466,1790756082,110486530,0.1379999965429306,0.2029105277510688,-0.30682208679641504,0.4172330882720158,-1.8591023019726365
0.3207717001361781,-0.2993311642648838,0.3511367371787365,1790756082,160367377,0.13500000536441803,0.20612765707763503,-0.30816716311045445,0.42187336110146045,-1.7850584165111132
0.3283791691617511,-0.3015562436259398,0.36423845605648686,1790756082,210454872,0.13500000536441803,0.20890642618963715,-0.30950045880639243,0.42659352465783446,-1.7131508137161424
0.3317850268368215,-0.30382009407910654,0.3779721915541068,1790756082,260275357,0.13199999928474426,0.211151074961365,-0.3107488002654364,0.43110826683885145,-1.646890694855362
0.3329311729770481,-0.30599535422830343,0.3912131724004262,1790756082,310532696,0.12800000607967377,0.21296327202143156,-0.31192850823794077,0.43544553589366286,-1.5850662868295224
0.33689110908933806,-0.307395239444471,0.3994797346045,1790756082,360817571,0.1289999932050705,0.21409771688186954,-0.31278893557441073,0.4386420777308876,-1.5404299225216922
0.34049757029017025,-0.3082282917687432,0.40436200039280845,1790756082,410024758,0.13099999725818634,0.2147302152985653,-0.3133290632895487,0.44066012472386695,-1.5125900031247987
0.3413356481835174,-0.3087159522526038,0.407285735502099,1790756082,460119050,0.13099999725818634,0.21504140095919344,-0.31361586054959445,0.44173502139262577,-1.4978565537959891
0.338544616798338,-0.30888926633350466,0.40843915660693964,1790756082,510366925,0.12800000607967377,0.2150795253872269,-0.31365212351784244,0.44187099697931653,-1.4959970260495423
0.34052270490824976,-0.3088444672886413,0.4080941029030116,1790756082,561374877,0.12999999523162842,0.2150977909636697,-0.3136695893863791,0.4419365011478173,-1.4951015710830688
0.3385931012430569,-0.3089186995363822,0.40861475237876854,1790756082,610404008,0.12800000607967377,0.21509779096366974,-0.31366958938637923,0.44193650114781735,-1.4951015710830688
0.341487513929219,-0.30880735088823286,0.4078337762255523,1790756082,660516911,0.13099999725818634,0.21509779096366974,-0.31366958938637923,0.44193650114781735,-1.4951015710830688
0.33955789588728064,-0.30888158368905,0.4083544295804711,1790756082,710180257,0.1289999932050705,0.21509779096366982,-0.3136695893863793,0.44193650114781735,-1.4951015710830688
0.3395578958872805,-0.30888158368905,0.4083544295804711,1790756082,760273076,0.1289999932050705,0.21509779096366974,-0.31366958938637923,0.44193650114781735,-1.4951015710830688
0.3376282922220877,-0.3089558159367907,0.40887507905622794,1790756082,810114886,0.12700000405311584,0.21509779096366974,-0.31366958938637923,0.44193650114781735,-1.4951015710830688
0.34052270490824976,-0.3088444672886413,0.4080941029030116,1790756082,861410866,0.12999999523162842,0.2150977909636697,-0.3136695893863791,0.4419365011478173,-1.4951015710830688
0.341487513929219,-0.30880735088823286,0.4078337762255523,1790756082,910367941,0.13099999725818634,0.21509779096366974,-0.31366958938637923,0.44193650114781735,-1.4951015710830688
0.3382401027573672,-0.30885485301420756,0.40732892469376697,1790756082,960642734,0.12800000607967377,0.21496562116715548,-0.31369223412587055,0.4414464200450027,-1.5015919904159942
0.337545493405924,-0.3087342709526498,0.4048891379940896,1790756083,10384997,0.12800000607967377,0.2147054359681973,-0.3137356493523138,0.4405164878702158,-1.5139399090319994
0.33664528394013926,-0.3083989752861301,0.39857435737851227,1790756083,61467939,0.1289999932050705,0.21401154244859952,-0.3138457160409,0.43822655416311385,-1.5445396295820935
0.3326514361850893,-0.30802633830198783,0.39018558810714055,1790756083,110337190,0.12800000607967377,0.21286919882458707,-0.3140127111911902,0.4349112016740917,-1.5893910074064164
0.3316911420265072,-0.30729570964078834,0.3773050672180071,1790756083,160577963,0.13199999928474426,0.21113522488568562,-0.31424311890011863,0.4306155179579063,-1.6486551959235713
0.3242619444037492,-0.3067511761767796,0.3643570595502651,1790756083,210288199,0.13099999725818634,0.20871859918442226,-0.31453814333002916,0.42559510164606096,-1.7199521987532613
0.3213096563390046,-0.30590454242495396,0.34928006796132727,1790756083,260212777,0.13600000739097595,0.20605078527535567,-0.31484570358594455,0.42091420988102823,-1.7889105141005974
0.3093251059731654,-0.3057943471378457,0.3403804664352992,1790756083,310264541,0.13099999725818634,0.20317520684047405,-0.3151659903721723,0.41657344838805377,-1.8555698111999603
0.3032317452615176,-0.3050863007789299,0.32603534205373913,1790756083,360404656,0.13500000536441803,0.19977549994512847,-0.3155370748939566,0.41213173032772366,-1.9272091364670878
0.29304990585877577,-0.3046447750964813,0.3132643565300565,1790756083,410804773,0.13600000739097595,0.19580604281721328,-0.3159671484054741,0.40766476422912934,-2.0037796648971304
0.28112631920826053,-0.3044820627508362,0.3032538489623088,1790756083,460478952,0.13500000536441803,0.1917226660061412,-0.3164112102800959,0.4037012664588937,-2.0767326519659606
0.2707973413875228,-0.30415252815960875,0.2921261030568403,1790756083,510093502,0.13699999451637268,0.18751659781664134,-0.3168742781745788,0.40016069624033795,-2.147254503004945
0.2588939441138714,-0.30400078845712364,0.2823936602430111,1790756083,560440461,0.1379999965429306,0.1830216432417788,-0.3173786027575995,0.39688569966394854,-2.2186374653584173
0.245457886783771,-0.3041465615631407,0.2753182808207274,1790756083,610282085,0.13699999451637268,0.1783700833653497,-0.31791340891754244,0.39397197458496724,-2.2891345304663973
0.23282969967510414,-0.30409541504035703,0.266500656792094,1790756083,660522368,0.13899999856948853,0.17350344295688175,-0.31848927552595624,0.39137744265096563,-2.3600250114516084
0.2181996166302368,-0.30456523789457557,0.26230623234494893,1790756083,710294363,0.13699999451637268,0.1685302225518877,-0.3190972312078283,0.38915563502276757,-2.4300973175544507
0.20519998745793297,-0.3045069809651786,0.25348208022531704,1790756083,760460867,0.14100000262260437,0.1634094145301664,-0.3197459035055894,0.38728164671845194,-2.5003115168447723
0.1903891962548826,-0.3050910142022362,0.2503922243925061,1790756083,810272593,0.14000000059604645,0.15824192715495705,-0.32042604904705235,0.38578568790761913,-2.569649443389282
0.1765571978894993,-0.30533023605546494,0.24449359504272225,1790756083,860513858,0.14300000667572021,0.15314236614562526,-0.32112460497379264,0.38467663779088723,-2.63698040130079
0.16244032624120658,-0.3059791858440813,0.2425320457936603,1790756083,910621094,0.14300000667572021,0.14818463769274562,-0.3218319918452909,0.38393383430835104,-2.701724870470077
0.14739671041446314,-0.30688540438052747,0.24244216098948188,1790756083,960195949,0.1420000046491623,0.14291275703076578,-0.3226173005907196,0.38349677071226507,-2.770126258428199
0.13123749209628036,-0.3077570219631454,0.24142343594989973,1790756084,10530084,0.14300000667572021,0.137226678157529,-0.3235063068043798,0.38342727951256333,-2.843746397617824
0.11607209623555372,-0.30926689769924365,0.2464741434643481,1790756084,60807839,0.13899999856948853,0.1317423300792622,-0.32440917768232735,0.38375544128205963,-2.9149696355194625
0.10047622811248635,-0.3097537280899789,0.24264352218806218,1790756084,110275842,0.14499999582767487,0.1265499101082146,-0.3253095354312378,0.38442920113757034,-2.982935157559926
0.08646737566180217,-0.31144672204423796,0.2496569805721953,1790756084,160548505,0.14100000262260437,0.1213303063952079,-0.3262643098530636,0.3854730911474136,-3.052124458786365
0.0716504651755922,-0.3127199609594905,0.25282863451494775,1790756084,210858251,0.1420000046491623,0.11619036861071813,-0.3272592606629528,0.3868764136330095,-3.121474526828725
0.05892555676443756,-0.31432015940702285,0.25949483039595134,1790756084,260842468,0.14000000059604645,0.11143663851680509,-0.3282340966870663,0.3885257910583296,-3.187055452210509
0.046212614905776724,-0.31562490972467905,0.26389465565656045,1790756084,310222665,0.14100000262260437,0.10706427999158033,-0.32918344216525774,0.3903629987069753,-3.24894790764669
0.032997668445481784,-0.31711252802773937,0.26950635044337273,1790756084,360648578,0.1420000046491623,0.10255498386997937,-0.33022311708362584,0.3926075025334598,-3.3147715047583683
0.020992402521609582,-0.31890385968739504,0.2778169724693281,1790756084,410205720,0.14100000262260437,0.09812720471634676,-0.33131364653301004,0.3951933764881922,-3.3818662417921392
0.01033590380879705,-0.32101688228685976,0.28883190089937405,1790756084,460349595,0.1379999965429306,0.09370898157719511,-0.33248315823218233,0.398200330828761,-3.45189558711084
-0.003626438487930969,-0.3227753958667818,0.29621690679409013,1790756084,510448563,0.14100000262260437,0.08940389924249548,-0.333717421161609,0.4016048998662831,-3.5239116274059237
-0.013165386160839454,-0.3249268327358061,0.3077774161567076,1790756084,560292576,0.13899999856948853,0.08552101903912387,-0.33492964955805793,0.4051526526732211,-3.5930110729062443
-0.02228480861453873,-0.3270073615767852,0.31892623760199285,1790756084,610572646,0.1379999965429306,0.08199011438022825,-0.33613470910285975,0.40885638275600966,-3.660318470173003
-0.030487261350839942,-0.32911593527756294,0.33048286084116857,1790756084,660399567,0.13699999451637268,0.07875754341316302,-0.33734807421227264,0.41274344081797554,-3.726890325884736
-0.035335541857918665,-0.33142555473683577,0.34412188990743653,1790756084,710232849,0.13300000131130219,0.07580214721215221,-0.33857872176921316,0.41682846882831237,-3.793350351861661
-0.04352696303230978,-0.3335131363721416,0.35547141107105495,1790756084,760511159,0.1340000033378601,0.07311058763901929,-0.339836247314019,0.4211349545023713,-3.8603512418645036
-0.050947294558007936,-0.3356516978464664,0.3673672494097861,1790756084,810703331,0.13500000536441803,0.0707254055957372,-0.3411053793253488,0.4255996531384373,-3.9271873933071832
-0.05414916643464017,-0.3376720171285831,0.3793349353157497,1790756084,860290751,0.13300000131130219,0.06888480945514155,-0.3422318317703536,0.42964248162832286,-3.9858733525904313
-0.058041974091619764,-0.33941894224030433,0.3894417108502738,1790756084,910413543,0.13300000131130219,0.06745233061664424,-0.3432420857820738,0.43332295294817713,-4.038074745204294
-0.05960875119197703,-0.34073981317056995,0.39729324738748545,1790756084,960387195,0.13199999928474426,0.06652354779653455,-0.34398937349532005,0.43607576046672014,-4.076486593615337
-0.060176932452676316,-0.341639337097127,0.402697234428646,1790756085,10480561,0.13099999725818634,0.06595675494559237,-0.34449603938471995,0.43795530353347256,-4.102447454998441
-0.0609023846401308,-0.34208678746139487,0.4053176899543728,1790756085,60028129,0.13099999725818634,0.06568679236821538,-0.34475493165578047,0.4389191862388003,-4.115686062722452
-0.06099062990082038,-0.3421429488139632,0.4056460131428556,1790756085,110163550,0.13099999725818634,0.06565395468208401,-0.34478747581520885,0.4390399490355904,-4.117341528212567
-0.06103384197192266,-0.3421705820759099,0.4058075868638887,1790756085,160769427,0.13099999725818634,0.06563787419417952,-0.3448034876946149,0.43909937884302774,-4.1181559562683105
-0.06006688032669433,-0.34219068063323477,0.4060617232008633,1790756085,210396301,0.12999999523162842,0.0656378741941796,-0.344803487694615,0.43909937884302774,-4.1181559562683105
-0.061033841971922576,-0.34217058207591,0.4058075868638886,1790756085,260496481,0.13099999725818634,0.0656378741941796,-0.344803487694615,0.43909937884302774,-4.1181559562683105
-0.062000803617150824,-0.3421504835185852,0.40555345052691405,1790756085,310434634,0.13199999928474426,0.0656378741941796,-0.344803487694615,0.43909937884302774,-4.1181559562683105
-0.06103384197192267,-0.34217058207590983,0.4058075868638888,1790756085,361342844,0.13099999725818634,0.06563787419417953,-0.34480348769461483,0.43909937884302785,-4.1181559562683105
-0.060066880326694466,-0.3421906806332346,0.4060617232008633,1790756085,410606402,0.12999999523162842,0.06563787419417946,-0.34480348769461483,0.43909937884302774,-4.1181559562683105
-0.06200080361715085,-0.3421504835185852,0.4055534505269139,1790756085,460768509,0.13199999928474426,0.06563787419417957,-0.344803487694615,0.43909937884302763,-4.1181559562683105
-0.06006688032669433,-0.34219068063323477,0.4060617232008633,1790756085,510599791,0.12999999523162842,0.0656378741941796,-0.344803487694615,0.43909937884302774,-4.1181559562683105
-0.059815381841633944,-0.3421398409283955,0.40512028196108046,1790756085,560960518,0.12999999523162842,0.06573252632465688,-0.34481931193688375,0.4387438146488675,-4.113474821386614
-0.05643469999315388,-0.34210816778084,0.4041345242934263,1790756085,610423568,0.12700000405311584,0.06591706322434149,-0.3448495060141908,0.4380687567402013,-4.104571446865983
-0.056997484644980737,-0.3418155965091012,0.3989271217280174,1790756085,660546026,0.1289999932050705,0.06643233119734428,-0.34493056820697765,0.43629523325856434,-4.081075869106291
-0.05558795430892405,-0.3414030159720445,0.39135328809718456,1790756085,710683689,0.12999999523162842,0.06732092892855517,-0.34505985156256425,0.43354372226185056,-4.044289906860138
-0.05303650376787246,-0.34087426399071125,0.3816365225905564,1790756085,760222016,0.13099999725818634,0.06862608231169073,-0.34523072241192965,0.4300125052689671,-3.996387359817256
-0.048995906677017906,-0.3402364227128316,0.36983324104014226,1790756085,810287076,0.13199999928474426,0.0704696194659541,-0.3454491398398245,0.4257332898300075,-3.9370877747579542
-0.04500157692390905,-0.33955955190764536,0.3575560914331819,1790756085,860537433,0.1340000033378601,0.07260114864545567,-0.34568267119275414,0.4214943995389142,-3.876697254154942
-0.03679787482993739,-0.33909882930599766,0.3475141106422393,1790756085,910294964,0.13199999928474426,0.07499037060600218,-0.34593007282886346,0.4173762756921283,-3.8160873439349494
-0.030456201365146762,-0.33852462933329847,0.33627849744578775,1790756085,960509793,0.13300000131130219,0.07764083997183473,-0.34619291161685883,0.4133837984945285,-3.755073932315685
-0.02351130859641011,-0.33798934072444425,0.3255357701153053,1790756086,10166806,0.1340000033378601,0.0804872433160388,-0.3464675239142784,0.4096096810773856,-3.6948780921842355
-0.01611006933075637,-0.3375009197936273,0.3154227930208387,1790756086,60451247,0.13500000536441803,0.08347320644510121,-0.3467511693276551,0.4061013765877461,-3.6362010923582693
-0.007083059548624149,-0.33721359335111534,0.3075264317936515,1790756086,110371501,0.1340000033378601,0.08651419161046366,-0.34703838654855956,0.40291526189779214,-3.580093039468626
0.0010283052243766772,-0.33672843965167204,0.2973558341455507,1790756086,160374802,0.13600000739097595,0.0899697045713211,-0.3473653470030815,0.3996900204888759,-3.5198635154999005
0.013536327912150425,-0.3366829816338594,0.291057036242793,1790756086,210561631,0.13300000131130219,0.09385648567849883,-0.34773700811309,0.3964870182393378,-3.4556639550549617
0.021421796318826514,-0.3360429495942244,0.27933209843709167,1790756086,260526367,0.1379999965429306,0.09778209317136491,-0.3481186394657133,0.39364431049061066,-3.3938603032027856
0.03338623836056481,-0.33607656133636427,0.274212436887373,1790756086,310322306,0.13600000739097595,0.10172711858897,-0.34851029849592946,0.391135181809818,-3.3342193796807535
0.04284560484635232,-0.3356235570440966,0.26453348959614753,1790756086,360273644,0.14000000059604645,0.10581768579601926,-0.34892656142928047,0.38886187437649194,-3.274496594072132
0.055812616579623116,-0.3359038977041364,0.26174482424167766,1790756086,410134342,0.13699999451637268,0.11001891294515063,-0.34936638782273755,0.386842535218439,-3.2149812520607823
0.06716003250463874,-0.3357715648362583,0.25508232429571404,1790756086,460356310,0.13899999856948853,0.11436799981129579,-0.3498362106805236,0.38506152710280467,-3.1549448067129497
0.07917027080998876,-0.3357088617689807,0.24902395485406828,1790756086,511173233,0.14100000262260437,0.11887271516032184,-0.35033996729455347,0.3835254321815783,-3.094108874392118
0.09161513344592309,-0.33612466228500937,0.2477668930189192,1790756086,560457051,0.13899999856948853,0.12312948275303062,-0.35083340148543224,0.38234586010219473,-3.037612446613164
0.1031449407779549,-0.3362890667834027,0.24435760827290273,1790756086,610384083,0.14000000059604645,0.12732200124498788,-0.3513371681037462,0.3814306711288815,-2.982691858279824
0.11545736303511697,-0.33653779192637345,0.24150892690617018,1790756086,660442328,0.14100000262260437,0.13175403537685676,-0.3518902438423961,0.3807199948222185,-2.925206157030839
0.12853958864272558,-0.33709925965000886,0.24132240035970529,1790756086,710316277,0.14000000059604645,0.13637799518174998,-0.3524917592263385,0.3802527084519811,-2.865638280920183
0.14195003386526422,-0.33743189984034794,0.23893306391989083,1790756086,760449189,0.1420000046491623,0.14115633699782196,-0.3531415143172759,0.3800591755315661,-2.8042928909918805
0.15539505641425833,-0.3385289284555681,0.2433348860956525,1790756086,810213795,0.1379999965429306,0.1460034291818662,-0.3538326526026081,0.3801617563039853,-2.742044013665931
0.16918110782849158,-0.33870564038082646,0.2396356229401885,1790756086,860501597,0.14300000667572021,0.15073304882201383,-0.3545409340309544,0.38055373569778883,-2.6810518328502915
0.181706525170883,-0.3397186774266768,0.24357992580150337,1790756086,910614833,0.14100000262260437,0.15527089641630898,-0.35525495096485954,0.38120544115556676,-2.6220780168614324
0.1942519402863961,-0.3404593777214172,0.24525500233613143,1790756086,960933033,0.1420000046491623,0.1596377147414397,-0.35597714137402026,0.3820945277719753,-2.5646948585480187
0.20526981886994294,-0.34155923235342767,0.2503330737698686,1790756087,10330230,0.14000000059604645,0.16374068306675693,-0.35669023388824617,0.3831727660266894,-2.510016796968396
0.21765873814040732,-0.3426052507550024,0.25450227697210537,1790756087,61153829,0.14000000059604645,0.1681589522326565,-0.3574994528511852,0.3846096714810183,-2.450073639531902
0.22885638117122317,-0.3440778968250831,0.2622630001289318,1790756087,110567749,0.13699999451637268,0.17259164449916609,-0.3583600069695598,0.3863569130921841,-2.3885301859422365
0.23999077146955541,-0.34522981156082083,0.2675727843453365,1790756087,160029159,0.13699999451637268,0.17661792865975462,-0.3591893683245034,0.3882293716775329,-2.3311124075505525
0.24987149945169096,-0.3465034691044451,0.2741230160394417,1790756087,211069694,0.13600000739097595,0.1803758725148149,-0.3600099121833249,0.39024336672076304,-2.275925280323502
0.2613504331624404,-0.34759175635965267,0.27893976941356924,1790756087,260007520,0.1379999965429306,0.18414014737027584,-0.36088328265699005,0.3925439336965229,-2.2187632944460813
0.27180715582069015,-0.34918118546332866,0.2875976352596119,1790756087,310440767,0.13699999451637268,0.18812418313198034,-0.36187331657487465,0.39532445823009643,-2.1557388925220438
0.2791793867707625,-0.3510306849676609,0.2986800632781118,1790756087,360374187,0.13300000131130219,0.19174149651758085,-0.36284124322692946,0.39819954082137154,-2.0957296061388706
0.28754704151125454,-0.3526182381033294,0.307661768298297,1790756087,410814841,0.13199999928474426,0.19508353568816428,-0.36380559367128906,0.4011996909685802,-2.03734218446993
0.29593855795019824,-0.35415188356715266,0.3162664381597179,1790756087,460409187,0.13199999928474426,0.19819119665306417,-0.36477553788145745,0.40433794966957093,-1.9798648929492644
0.3030846976231869,-0.35582697406710456,0.3260224524907229,1790756087,510274553,0.13099999725818634,0.20112606855082482,-0.3657714970024864,0.40767135758391426,-1.9220087638186716
0.31207138606188584,-0.3573365000755614,0.33442586255087914,1790756087,560206909,0.13300000131130219,0.20386504803982883,-0.36678894065066275,0.4111789740698065,-1.8639801482198548
0.3181091803547807,-0.35912285748671674,0.34507472981511356,1790756087,610335544,0.13199999928474426,0.20640300449239601,-0.36782944708250426,0.414859580484761,-1.8056313691888979
0.32188592793649906,-0.3611164481148635,0.35725638675824717,1790756087,662034349,0.1289999932050705,0.20877650019983227,-0.36891681010016325,0.4187901982515252,-1.7456532337266766
0.3262712688599659,-0.36288346059200227,0.3678698467111381,1790756087,710296136,0.12800000607967377,0.21076371746291886,-0.3699438006305484,0.42257047490858357,-1.6898252737983006
0.32976231138276485,-0.3645692548369387,0.37803650891714213,1790756087,760533243,0.12700000405311584,0.21243024146837378,-0.3709203214343561,0.4262220913269362,-1.6373259017438466
0.332354543599892,-0.36611846150012956,0.3874062750248365,1790756087,811123110,0.12600000202655792,0.21376984688358044,-0.3718150216494003,0.4296107702576757,-1.589648002312095
0.3347033549293142,-0.36725671083004024,0.39425669591587714,1790756087,860733873,0.12600000202655792,0.2146642028892182,-0.3724911625460153,0.43219352503245523,-1.5538774189283233
0.33721199941990104,-0.36805098705908906,0.3990063621610744,1790756087,910382145,0.12700000405311584,0.21525344615131609,-0.3729844688003015,0.43408873767976314,-1.5278996398117575
0.3379768935017117,-0.3684929918876252,0.40168013612158043,1790756087,960185242,0.12700000405311584,0.21554299692541787,-0.37324489052907894,0.43509213184075557,-1.514229566018099
0.3380801592914221,-0.3685545798213929,0.40205225692856356,1790756088,10281154,0.12700000405311584,0.2155820803899998,-0.3732811912901996,0.4352317813220099,-1.5123313159101415
0.33620034119158376,-0.36865867276664677,0.4027533720011606,1790756088,60191297,0.125,0.215600918928215,-0.37329878374370756,0.43529947345528625,-1.5114115476608276
0.3381299358582251,-0.3685844308405586,0.4022326333225897,1790756088,110318135,0.12700000405311584,0.215600918928215,-0.37329878374370756,0.43529947345528625,-1.5114115476608276
0.340059516148295,-0.36851018946761466,0.40171189852381634,1790756088,160507575,0.1289999932050705,0.215600918928215,-0.37329878374370756,0.43529947345528625,-1.5114115476608276
0.3381299358582251,-0.3685844308405586,0.4022326333225897,1790756088,210706182,0.12700000405311584,0.215600918928215,-0.37329878374370756,0.43529947345528625,-1.5114115476608276
0.3352355438582631,-0.3686957937296909,0.4030137413404461,1790756088,260566918,0.12399999797344208,0.215600918928215,-0.37329878374370756,0.43529947345528625,-1.5114115476608276
0.33716513852490443,-0.3686215518036027,0.40249300266187515,1790756088,310617376,0.12600000202655792,0.215600918928215,-0.37329878374370756,0.43529947345528625,-1.5114115476608276
0.33716513852490443,-0.3686215518036027,0.40249300266187515,1790756088,364746698,0.12600000202655792,0.215600918928215,-0.37329878374370756,0.43529947345528625,-1.5114115476608276
0.3381299358582251,-0.3685844308405586,0.4022326333225897,1790756088,410501608,0.12700000405311584,0.215600918928215,-0.37329878374370756,0.43529947345528625,-1.5114115476608276
0.3360206220504419,-0.3686280459071167,0.4020941935327197,1790756088,461778245,0.125,0.21553265070382094,-0.37331208997005977,0.43504428445812143,-1.514800273064172
0.3366346620704092,-0.3685318520512654,0.40057177661051313,1790756088,510397154,0.12600000202655792,0.21540037509151427,-0.3733374951523542,0.43455933265381386,-1.5212488472814787
0.3346323527142542,-0.36840639645818546,0.39727092107761347,1790756088,560172648,0.125,0.21500499308220286,-0.37341157960968496,0.4331769507813249,-1.5396954437718038
0.33282235086952444,-0.3681490691812512,0.39157016620132556,1790756088,610223273,0.125,0.21431630574024504,-0.37353305175888274,0.43096978548147796,-1.5693659256262111
0.33009235905941026,-0.3678087696284077,0.38390965171846575,1790756088,660378880,0.125,0.21327631674988504,-0.3737004107695797,0.4280038783678001,-1.6097128297921297
0.3262511285265065,-0.3674029595056639,0.3744997952823902,1790756088,710455459,0.125,0.21181122111825787,-0.37391588547601806,0.4243604951139827,-1.6601450919156746
0.32453536178350817,-0.3668451052300767,0.3637821551100848,1790756088,760655807,0.12800000607967377,0.21013260197852784,-0.3741458358814558,0.42072694800071275,-1.711565871334089
0.32128233803725575,-0.36634682549283076,0.3534354135672809,1790756088,810559607,0.12999999523162842,0.2082533476506236,-0.374389452221859,0.4171516771716351,-1.7634731290145509
0.31683180407259176,-0.36594246552240695,0.34407344224465947,1790756088,860370158,0.13099999725818634,0.20627905329601323,-0.37463440464871445,0.4138125186050552,-1.8133378453090854
0.3104670535843056,-0.3657134758362025,0.33633709670992806,1790756088,910259986,0.12999999523162842,0.20422005633307327,-0.3748819022496259,0.4106843514838717,-1.8614896037866677
0.30409271842028707,-0.36543155500062485,0.32774318723904655,1790756088,960389991,0.12999999523162842,0.20184264071409355,-0.37516063531885696,0.40743173952519485,-1.913307292413604
0.29839305635346824,-0.3650186764085339,0.3177231995123518,1790756089,10264902,0.13199999928474426,0.1991556405366368,-0.3754702931936605,0.40413326154072116,-1.968045276360889
0.28961166604250893,-0.3649786074079988,0.31112246651409264,1790756089,60748464,0.12999999523162842,0.19644057207539609,-0.37578008794921364,0.40113621006091216,-2.0200952282625155
0.2838451727084548,-0.3646608671089536,0.3026539037217604,1790756089,110758802,0.13199999928474426,0.19378014678111424,-0.3760824634410259,0.39847581172356944,-2.068538394374735
0.27583905343141096,-0.3645443898253833,0.29551917657035653,1790756089,160342194,0.13199999928474426,0.190821822806655,-0.3764189608518198,0.39579412294784233,-2.119971197626201
0.26626787988182277,-0.36456618579076605,0.28912964324068746,1790756089,210411792,0.13099999725818634,0.18750703887993092,-0.37679831805585495,0.3930916754763499,-2.1750870307191446
0.25895569621279707,-0.3642650161353309,0.2802186100070266,1790756089,260472232,0.1340000033378601,0.18416998842428273,-0.37718407700600026,0.39065500197696285,-2.228363029513868
0.2508984181610764,-0.36409909775286786,0.27269136026353835,1790756089,310255245,0.13600000739097595,0.18084318373809907,-0.37757370360447623,0.38847867017887844,-2.279646098490234
0.24072317118889347,-0.3643798213623587,0.2691588791305988,1790756089,360774668,0.1340000033378601,0.17749521991052156,-0.37797193031956255,0.38651935648895763,-2.329713611871491
0.23319840509886786,-0.36419418497383443,0.26196843314081425,1790756089,409994365,0.13699999451637268,0.1742679462304863,-0.3783624228455169,0.384832018269442,-2.3767427284774336
0.22270658104228108,-0.364582513558524,0.2594134516707077,1790756089,460284824,0.13500000536441803,0.1707584494841575,-0.37879519611481605,0.38320518293966943,-2.4267268467130316
0.21327237225246026,-0.36461137366944985,0.25357469071963545,1790756089,510159495,0.13699999451637268,0.16707495983208243,-0.37925960154191823,0.38171612431292684,-2.478098432404671
0.20284739614220654,-0.36481066520576916,0.249042877263134,1790756089,560236768,0.1379999965429306,0.1632079598900302,-0.3797591701608246,0.3803793015294707,-2.531039415555578
0.1916547046037738,-0.3651894678252052,0.24594965544300232,1790756089,610283652,0.1379999965429306,0.1591861445929714,-0.3802930385778057,0.37922258520443203,-2.5852281217575865
0.18022690983973205,-0.36584383493399536,0.24546713778322382,1790756089,660467491,0.13600000739097595,0.1552119204842038,-0.3808359991365821,0.3783034555973329,-2.638087959004151
0.16978968844346823,-0.36610408743416784,0.24170943835632636,1790756089,710349606,0.1379999965429306,0.15132921895091972,-0.38138230833492764,0.37761302947176056,-2.689231832786923
0.15876111334741436,-0.36675928914054545,0.24143764596501704,1790756089,760597408,0.13699999451637268,0.1473960211443401,-0.3819527947223803,0.377117381242016,-2.74068615647344
0.14806426038245926,-0.36724147009916336,0.23975128869182097,1790756089,809932661,0.1379999965429306,0.1435223500454021,-0.382532706109303,0.376826261599428,-2.791147018971006
0.13694479557240455,-0.3679134386325157,0.23959692582366207,1790756089,860857205,0.1379999965429306,0.13952665280287688,-0.38315095969810653,0.3767288003491202,-2.843112727366298
0.12611439455800436,-0.36851373954721056,0.23900021343574016,1790756089,910296661,0.13899999856948853,0.13565947618947882,-0.38377025055795194,0.3768302895829491,-2.893453645796095
0.115965887238617,-0.369588745373173,0.24286513312102384,1790756089,960209453,0.13600000739097595,0.13190374999358248,-0.3843928906800721,0.3771142441902656,-2.9425099375130324
0.10609932773704317,-0.3704747062915883,0.24519436898677532,1790756090,10634005,0.13500000536441803,0.12826554611778446,-0.38501742684771023,0.3775657008147687,-2.990302578655976
0.09560230558098236,-0.37135333345980875,0.24712996295517142,1790756090,60368620,0.13500000536441803,0.12444041145137186,-0.3856985661492022,0.37823137178546684,-3.0409657805042367
0.08420666291768178,-0.3722535377381335,0.2488286252510943,1790756090,110433931,0.13600000739097595,0.12038461206347935,-0.3864509215813795,0.37915741062852787,-3.0953026463627613
0.07424420600596471,-0.37348546645960456,0.25384402870782563,1790756090,160203639,0.1340000033378601,0.11654216280269333,-0.3871949272936438,0.3802518387078748,-3.1475370274816545
0.06348606778571805,-0.374334675452328,0.2555196530766974,1790756090,210230995,0.13600000739097595,0.11286914082088666,-0.3879373715112043,0.38150489335459087,-3.1983256987765056
0.05348639486538996,-0.3754495275170883,0.2596163936890582,1790756090,260554065,0.13600000739097595,0.10924232100059025,-0.38870362883891985,0.38295173943107264,-3.2494773756203266
0.04337014543916917,-0.3765081250196581,0.2632714125147972,1790756090,310231504,0.13699999451637268,0.10573838693394888,-0.3894787420791227,0.3845601755698787,-3.30003249358876
0.03424142169894602,-0.3778278430226515,0.2692690830736193,1790756090,360782918,0.13600000739097595,0.10226253572057559,-0.3902854406706572,0.38637560858967407,-3.3515025921037025
0.02670811635747794,-0.37934750772892645,0.2772768064807188,1790756090,410526431,0.13300000131130219,0.09893956779552779,-0.3910964094086849,0.3883334635584393,-3.4021739587134125
0.01680725085727379,-0.38046643312742146,0.28152422873043903,1790756090,460350435,0.13500000536441803,0.09572783849690802,-0.3919220961129357,0.390452232845864,-3.452771669380339
0.00951229777249897,-0.38197569822617294,0.2894625257437579,1790756090,510578394,0.13300000131130219,0.09261456703078995,-0.3927675224161599,0.39274151549279307,-3.5036351596418833
0.0017899095399464549,-0.3832861009175452,0.29585092338798125,1790756090,560384389,0.13300000131130219,0.08977418531958266,-0.393583474728923,0.395056425538457,-3.5519043081168142
-0.0032636485536204907,-0.3848043910272367,0.3044942667307298,1790756090,610447144,0.12999999523162842,0.08714811879093773,-0.39438177911864136,0.3974135043686028,-3.598425228384805
-0.011270973970410728,-0.3861635631649592,0.31111200685120877,1790756090,660503130,0.13099999725818634,0.08443328189115087,-0.3952589817845553,0.40010059067949477,-3.6488254121334793
-0.01789557970863108,-0.3877980868139581,0.3199786781669662,1790756090,710243495,0.12999999523162842,0.08168924190244185,-0.39620986142292886,0.40311774306934567,-3.7026803413826945
-0.02378840839733215,-0.38940933026881597,0.32887131249106677,1790756090,760216768,0.1289999932050705,0.07919309371541958,-0.3971432067021747,0.4061758765531135,-3.7548468522634053
-0.029820214784055485,-0.3909386686909863,0.3371882971772998,1790756090,810427727,0.1289999932050705,0.07693222716758331,-0.39805837912498326,0.40925926295136356,-3.8054089438928855
-0.034549651457560324,-0.39254104681697827,0.3462863926016948,1790756090,860545955,0.12800000607967377,0.07483943137143043,-0.39898030522631317,0.41244201266051167,-3.855815267956667
-0.041352546058222306,-0.3939990069126062,0.35401220138721917,1790756090,909984319,0.12999999523162842,0.07293981906189465,-0.3998971383891756,0.4156763407273445,-3.9054793138399515
-0.04523456926476761,-0.3956675166778992,0.3637172628951773,1790756090,960481427,0.1289999932050705,0.07115522633980156,-0.40084906644964247,0.41910286813695286,-3.9566513449070997
-0.04763520325264363,-0.39736645565083684,0.3738633289215242,1790756091,10134801,0.12700000405311584,0.06956322003208293,-0.4017992676206986,0.42258581641041726,-4.007390198705697
-0.050055182143250346,-0.39886206173170413,0.3826893305287322,1790756091,60281658,0.12600000202655792,0.06829080344193435,-0.4026565602949217,0.4257686757792998,-4.052816711993033
-0.054570636993304736,-0.4001020918753598,0.3895972227109137,1790756091,110234514,0.12800000607967377,0.0672962632957279,-0.4034128488465793,0.4286036203735666,-4.092639327129147
-0.05431174692128543,-0.4010613315482108,0.3955171076693083,1790756091,160382621,0.12600000202655792,0.06666930569606232,-0.4039430894071929,0.430606719948918,-4.120463231367826
-0.05425264387076388,-0.40162243111290064,0.39894999123871105,1790756091,210358977,0.125,0.06632412400178044,-0.40425826898047756,0.4318026229163471,-4.136965014928959
-0.05178820785956491,-0.4019556340939437,0.4013155345446843,1790756091,260415390,0.12200000137090683,0.06615709906480395,-0.40441783732396464,0.43240962504869773,-4.145311465771889
-0.05181581460605199,-0.4019732651193713,0.40141862605645484,1790756091,310367718,0.12200000137090683,0.06614633945864389,-0.4044282646254514,0.4324493128091417,-4.145856372717177
-0.05569708248684621,-0.40190145154069573,0.4004523112484819,1790756091,360470946,0.12600000202655792,0.06614112155226028,-0.404433329135337,0.43246859059295617,-4.146121025085449
-0.05376313885205797,-0.40194164015474204,0.40096050718042436,1790756091,410218209,0.12399999797344208,0.06614112155226028,-0.404433329135337,0.43246859059295617,-4.146121025085449
-0.05473011066945209,-0.4019215458477189,0.4007064092144531,1790756091,460587659,0.125,0.06614112155226028,-0.404433329135337,0.43246859059295617,-4.146121025085449
-0.05859798353005487,-0.40184116891905425,0.3996900211369153,1790756091,510229015,0.1289999932050705,0.06614112155226028,-0.404433329135337,0.43246859059295617,-4.146121025085449
-0.0527961742391507,-0.40196173431205123,0.40121460325322206,1790756091,563112490,0.12300000339746475,0.06614112155226028,-0.404433329135337,0.43246859059295617,-4.146121025085449
-0.05376313885205797,-0.40194164015474204,0.40096050718042436,1790756091,610478312,0.12399999797344208,0.06614112155226028,-0.404433329135337,0.43246859059295617,-4.146121025085449
-0.05358849324211051,-0.4019083295190765,0.40030440727585026,1790756091,661496903,0.12399999797344208,0.06620877558097168,-0.4044456032409476,0.43221327942771615,-4.142777225250071
-0.05518333213241218,-0.4018035629157584,0.39854649105298046,1790756091,710201737,0.12600000202655792,0.06633815973155656,-0.4044687072064547,0.4317342076324282,-4.136494656931526
-0.052259226229750835,-0.4016689617054034,0.3955742482788316,1790756091,760404381,0.12399999797344208,0.06672336791224524,-0.4045352094636447,0.43037261623543344,-4.118579094266647
-0.05339613564251591,-0.4013114312551817,0.38911004832538354,1790756091,810418358,0.12700000405311584,0.06738704634501856,-0.40464243239816083,0.42821667704537214,-4.090015414761134
-0.04817053709621208,-0.4010461072809554,0.3831668231216861,1790756091,860322659,0.12399999797344208,0.068303476098978,-0.40477806079445555,0.42554460350944834,-4.05423761268386
-0.047808150715114,-0.40054339473135825,0.373988071172737,1790756091,910175700,0.12700000405311584,0.06951267976228633,-0.4049420760607752,0.42241817924763997,-4.011769437775704
-0.04514871522765092,-0.4001003204989902,0.3654690018780604,1790756091,960180751,0.12800000607967377,0.07086740614379963,-0.40511262126280595,0.41931264569396903,-3.9688342224840647
-0.039411755701758894,-0.39979111267707246,0.3583502423280791,1790756092,10205256,0.12600000202655792,0.07236463173109484,-0.4052899652792535,0.41624499462233006,-3.9255651256383155
-0.03596908082837823,-0.39936774596505775,0.3499979303612984,1790756092,60517697,0.12700000405311584,0.07400830549038045,-0.40547424805797455,0.41321727993225776,-3.881888389709949
-0.03219905712680797,-0.39895780088417215,0.34185990924780696,1790756092,110050543,0.12800000607967377,0.0757594060208651,-0.4056622027477653,0.41029983025039496,-3.838742011683608
-0.027186592657036768,-0.3986117790318458,0.3343568441650192,1790756092,160386576,0.12800000607967377,0.07765252262514624,-0.40585845342227056,0.4074338389959838,-3.7951791982489254
-0.02111982611723566,-0.3983512084774769,0.327767396814475,1790756092,210449563,0.12700000405311584,0.07964395904921973,-0.40605953941871065,0.40468450975119596,-3.7521138774850775
-0.0163539599326913,-0.39799247106444147,0.3202255269485767,1790756092,260345253,0.12800000607967377,0.08174325581279519,-0.40626744998153425,0.40203299936584225,-3.7092022823380155
-0.01120789321052014,-0.3976482228051944,0.31282963501096067,1790756092,310507609,0.1289999932050705,0.08396494470751659,-0.4064846593455905,0.3994613068106143,-3.6660707947583013
-0.003852921823701075,-0.39754827337025256,0.30800161947706284,1790756092,360202085,0.12700000405311584,0.0861956687165621,-0.406701133682264,0.39708852939828676,-3.6247273574261683
0.0021577767922812963,-0.3973395895950387,0.30219040422455135,1790756092,410514526,0.12700000405311584,0.08847608649788191,-0.40692177821433995,0.39485286750026827,-3.5841758380980417
0.006870984549932485,-0.39690767397507437,0.294001598575987,1790756092,460511994,0.12999999523162842,0.09100079461140241,-0.4071661980038852,0.39257612116673923,-3.540994151753802
0.013112151923192206,-0.3965569695100586,0.28636948614450985,1790756092,510588749,0.13199999928474426,0.09379123808002862,-0.4074378382268348,0.3902756532571434,-3.495041385644786
0.021217257142280052,-0.3964902995452801,0.2816173446603973,1790756092,560500967,0.13099999725818634,0.09657948541719298,-0.40771159538061225,0.38818007900435403,-3.4507056176020146
0.02819878241189612,-0.39628952871910056,0.2757145873243953,1790756092,610591231,0.13199999928474426,0.09937765621941289,-0.4079894422797454,0.386261770722886,-3.4075661459717788
0.035908616958568784,-0.39620869398839426,0.27099122485909,1790756092,660356253,0.13199999928474426,0.10223244290857555,-0.408276781728404,0.384479158935031,-3.3647530912535886
0.04333717619246198,-0.3960682944511626,0.265728331519541,1790756092,710099822,0.13300000131130219,0.1051550986052556,-0.40857569116230136,0.38282277991434066,-3.32200198091633
0.051686776815017405,-0.39615119545419103,0.2626574904962673,1790756092,760536884,0.13199999928474426,0.10807450553984634,-0.40887963911713904,0.3813268234443662,-3.280238453836978
0.058582426300655806,-0.39597572842279877,0.25736452231493934,1790756092,810479360,0.1340000033378601,0.11091685159484173,-0.40918117221285283,0.3800133098261965,-3.240357472440204
0.06671226283776326,-0.3959300425872494,0.25302396873352584,1790756092,860468532,0.13500000536441803,0.11402707463397525,-0.4095179132865739,0.3787287013530274,-3.1974774718764087
0.07593979234417711,-0.3960291487244842,0.24978111130389044,1790756092,910542481,0.13500000536441803,0.1173952265328208,-0.409891493888225,0.3775084921240781,-3.1518018817439852
0.08473398450470446,-0.3960632597596016,0.246089334061448,1790756092,960494199,0.13600000739097595,0.12070168623330498,-0.41026772334217965,0.37647552833461156,-3.107609878329435
0.09439303999435998,-0.3965560736468565,0.24670719127539206,1790756093,10688760,0.13300000131130219,0.12396839047273701,-0.41064928189718325,0.37560901622019444,-3.064469315175363
0.10289188967534285,-0.39655933839304014,0.24289550119769793,1790756093,60609811,0.13500000536441803,0.12723282623516108,-0.41104092952541355,0.37489096996105575,-3.0217786498316457
0.1115649373512867,-0.39659680727016494,0.23944598551503182,1790756093,110401148,0.13699999451637268,0.13049935548908026,-0.4114439012375227,0.3743164793526158,-2.979391348724662
0.12097094642437087,-0.3971129401023317,0.2403019899953725,1790756093,160646228,0.13500000536441803,0.13383166597953544,-0.41186699589109027,0.37387564450365685,-2.9364058881832418
0.13013062589084723,-0.3975622995874626,0.24057830293330268,1790756093,210337408,0.1340000033378601,0.13715579280393317,-0.41230194359907074,0.37357977216879973,-2.8936995822748095
0.13932624438238653,-0.3978390546284355,0.23925714349102375,1790756093,260790784,0.13500000536441803,0.1405312978988236,-0.41275758876179236,0.3734248990574313,-2.8504279386673264
0.14844151050418514,-0.398262627257289,0.23932478313232203,1790756093,310598955,0.13500000536441803,0.14385828271934406,-0.41322138268936004,0.37341516722972345,-2.807791601223472
0.15704130306302963,-0.3989314725707221,0.24173780887847407,1790756093,360491820,0.13300000131130219,0.1470519296883218,-0.41368114666473355,0.3735394017463431,-2.766803099438753
0.1656631958656208,-0.39918124326901966,0.24051704351294295,1790756093,410873030,0.13500000536441803,0.15014398916874866,-0.4141407132056078,0.3737850814331771,-2.726994494775145
0.17455269466752993,-0.3997181888375117,0.24168363712811514,1790756093,460198302,0.13500000536441803,0.15338868142755463,-0.4146390811562751,0.3741768556880962,-2.685018540380287
0.18350802227250446,-0.40067592745547936,0.24628612450723994,1790756093,510322779,0.13199999928474426,0.15687822779968316,-0.4151950501974748,0.37475420977479057,-2.639552541004532
0.1930525329420185,-0.4011094005499219,0.24637409598116655,1790756093,560404802,0.1340000033378601,0.1602304292601003,-0.4157500168840026,0.3754646175456803,-2.5954667758115515
0.20180083682685623,-0.4017838462132544,0.24872379121291177,1790756093,610316520,0.1340000033378601,0.16343866462332124,-0.4163017968217132,0.3762917093918301,-2.5528049902846286
0.21044927470006877,-0.4025004261794302,0.2514478158131396,1790756093,660462905,0.1340000033378601,0.16661031184638853,-0.4168687925074793,0.3772559883597716,-2.510083024613884
0.2184698346695647,-0.4033515306865863,0.25541082418945765,1790756093,709973630,0.13300000131130219,0.16968622030646666,-0.41744086121270396,0.37833620840201454,-2.468032236668749
0.22560159649044412,-0.40446152378515565,0.2615673265066802,1790756093,760307256,0.12999999523162842,0.17276342335051884,-0.418036945136222,0.3795666237698406,-2.425246968088597
0.2354262703257445,-0.4048784909542272,0.26172564560831746,1790756093,810402437,0.1340000033378601,0.1757702653535473,-0.41864456515470894,0.38092152291290604,-2.3826309736090567
0.24227689077970477,-0.40593013404821265,0.2674860170697231,1790756093,860907832,0.13199999928474426,0.17863631057058024,-0.4192491357136774,0.3823619525673451,-2.341146303220476
0.24896863719576928,-0.4068681918291675,0.2724223730531378,1790756093,910664957,0.13099999725818634,0.18130517470247617,-0.4198366146301575,0.3838426366281191,-2.3016397685206185
0.2564646731418426,-0.4077999783476157,0.27708759451729414,1790756093,960430294,0.13099999725818634,0.1840940627073065,-0.42047831944683717,0.38554382390938224,-2.2593167004486694
0.26361052590248274,-0.40892319560097706,0.2831882084205869,1790756094,10300336,0.12999999523162842,0.18697197515864952,-0.42117400014427453,0.3874784241081107,-2.214348412389252
0.2697481850491328,-0.4101625401937116,0.2903030384013652,1790756094,61355760,0.12800000607967377,0.1897339177692198,-0.42187760274770847,0.38952237067794887,-2.1697497745533894
0.27571174692265715,-0.41126918867286033,0.2965040290823362,1790756094,110629605,0.12700000405311584,0.19223327525344253,-0.42254876587138734,0.39154674019416236,-2.1279643932039716
0.2828178901510978,-0.41224068963658234,0.30154092930434645,1790756094,160487017,0.12800000607967377,0.19466778295952777,-0.423238421041986,0.393696287599162,-2.085735245719504
0.2890135644129347,-0.41333219199832943,0.3075939827703145,1790756094,210416068,0.12800000607967377,0.19700677042318088,-0.4239393793175753,0.3959469057174245,-2.0434917505536823
0.29572391366626616,-0.41438021590551033,0.3132795783096284,1790756094,260486657,0.1289999932050705,0.19925788785228876,-0.4246550516330467,0.3983074082321744,-2.0010057741692
0.3006298161464563,-0.41561031664690645,0.3204947813367893,1790756094,310164781,0.12800000607967377,0.20139248552093678,-0.4253772587641552,0.40074788475588563,-1.9587395091729303
0.3044782097458272,-0.4169531249899237,0.32858198750326273,1790756094,360750741,0.12600000202655792,0.20345106771551896,-0.42612128271889294,0.40331793579949615,-1.9157781399808016
0.30946225815996264,-0.41814230877869213,0.33547850561698533,1790756094,410285856,0.12600000202655792,0.2053515471851298,-0.42685785420367794,0.4059128696657395,-1.8737805136079662
0.3157031291342004,-0.4191863357456478,0.3413030447781522,1790756094,460284796,0.12800000607967377,0.20708424962681454,-0.4275797540477116,0.4085004487470787,-1.8330885972784745
0.3154954113365646,-0.4206532063980428,0.35060248732867316,1790756094,510281726,0.12300000339746475,0.2086462126606818,-0.42828080925054085,0.41105138519143514,-1.7939758580537635
0.3213394442966272,-0.42179130704709206,0.357091535378278,1790756094,560544213,0.125,0.2102202512194566,-0.4290476154905314,0.4138794823182066,-1.7516246018173618
0.3235146469654507,-0.42325735669428827,0.36601061265773466,1790756094,610381209,0.12300000339746475,0.21175051724121535,-0.42986759608247893,0.41694277222309617,-1.706789770836337
0.3269567704028542,-0.4245708353724991,0.3738480073045508,1790756094,660596418,0.12300000339746475,0.21308249474100663,-0.4306605552601745,0.41994101642692794,-1.6638173671983203
0.32896591832566935,-0.4258803220569882,0.38176167047732845,1790756094,710667006,0.12200000137090683,0.21422343067466454,-0.431419655810532,0.4228405901774267,-1.622992670130153
0.3310643011017326,-0.42688795658575446,0.38780751306192374,1790756094,760428140,0.12200000137090683,0.21503877593895668,-0.432024446692248,0.42516650548127577,-1.590695941199211
0.33348965865389635,-0.4276234947570044,0.39218278865791883,1790756094,810257107,0.12300000339746475,0.21560853385842302,-0.4324884908734821,0.42695883020259495,-1.5660493283251329
0.33336783966465006,-0.4281377554876588,0.3953218543629671,1790756094,860844854,0.12200000137090683,0.21593332870109835,-0.43277217930490613,0.42805804359040844,-1.5510280896251096
0.3327014897981704,-0.42835081449847295,0.39664231126333377,1790756094,910259719,0.12099999934434891,0.216048892917475,-0.43287705944681504,0.42846501682068727,-1.5454836801426923
0.33670430179267025,-0.4282885880564146,0.3961193307020261,1790756094,960626336,0.125,0.21610492083713242,-0.43292871539762123,0.42866558288869805,-1.5427545309066772
0.33380991797238146,-0.42839995106171413,0.39690044039756317,1790756095,10319543,0.12200000137090683,0.21610492083713242,-0.43292871539762123,0.42866558288869805,-1.5427545309066772
0.3318803239666668,-0.42847419324962926,0.39742118148785976,1790756095,60380141,0.11999999731779099,0.21610492083713242,-0.43292871539762123,0.42866558288869805,-1.5427545309066772
0.3357395047898129,-0.4283257091503722,0.39637970124717437,1790756095,110556915,0.12399999797344208,0.21610492083713242,-0.43292871539762123,0.42866558288869805,-1.5427545309066772
0.3328451209695241,-0.42843707215567167,0.3971608109427115,1790756095,160628633,0.12099999934434891,0.21610492083713242,-0.43292871539762123,0.42866558288869805,-1.5427545309066772
0.33380991797238146,-0.42839995106171413,0.39690044039756317,1790756095,210314868,0.12200000137090683,0.21610492083713242,-0.43292871539762123,0.42866558288869805,-1.5427545309066772
0.33380991797238146,-0.42839995106171413,0.39690044039756317,1790756095,263077510,0.12200000137090683,0.21610492083713242,-0.43292871539762123,0.42866558288869805,-1.5427545309066772
0.3328451209695241,-0.42843707215567167,0.3971608109427115,1790756095,313385099,0.12099999934434891,0.21610492083713242,-0.43292871539762123,0.42866558288869805,-1.5427545309066772
0.3345990047548727,-0.4283325318449607,0.395995710338953,1790756095,363776124,0.12300000339746475,0.21603747321997993,-0.432941123100245,0.42841368317068146,-1.5460895521731366
0.33431187164060283,-0.4282839651333898,0.3949605124470534,1790756095,410625167,0.12300000339746475,0.21592723258624913,-0.43296114320038076,0.42800899315458957,-1.5514540000281103
0.333493288336452,-0.42815184787406596,0.3921204290272339,1790756095,460577023,0.12300000339746475,0.21561282640378795,-0.43301705231711757,0.4268986882712703,-1.566213794224137
0.33023037901714586,-0.42803315719617874,0.38832613010808,1790756095,510181444,0.12099999934434891,0.21509016727731184,-0.433105621822945,0.42517720315146407,-1.5892290691253241
0.3302649960354034,-0.4276977647865912,0.3821828238620313,1790756095,560476829,0.12300000339746475,0.21437127578969334,-0.4332191823843658,0.4230136993252934,-1.6184031638697252
0.3269252120515542,-0.42745825131148996,0.37609439356802343,1790756095,610355750,0.12200000137090683,0.21344334014336316,-0.43335590834099547,0.4204912709838564,-1.6528076825038467
0.3249556323836813,-0.4271068571295597,0.36874518337398915,1790756095,660477079,0.12300000339746475,0.21232571700557984,-0.4335110807514834,0.4177603740550264,-1.690590755450747
0.3206379322841647,-0.42685258709453333,0.3617779592550916,1790756095,710575613,0.12200000137090683,0.2110069321245896,-0.4336846701526743,0.41486625155762447,-1.7313272432746596
0.3188015308874042,-0.4264520187754171,0.3538028929098483,1790756095,761185063,0.12399999797344208,0.20961194155549667,-0.4338601123662575,0.4121017198988399,-1.7709928924615745
0.31340990294402993,-0.42632399175135127,0.3482681944784031,1790756095,810373474,0.12200000137090683,0.20820382159397688,-0.43403110375538073,0.4095567024225898,-1.808253899911943
0.30859003439118227,-0.42615372378518646,0.3422947247516174,1790756095,860669053,0.12099999934434891,0.2066609978337137,-0.4342131110545468,0.4069980293398773,-1.8465312493941974
0.3068433591156463,-0.42572860358218745,0.3342618778008725,1790756095,910836549,0.12399999797344208,0.20501952851869526,-0.43440234353727036,0.40449487044086085,-1.8848815701000112
0.301613367850208,-0.4255999671954017,0.3287106483695849,1790756095,960118145,0.12300000339746475,0.203317651804832,-0.43459513343425943,0.40210029360131005,-1.922521006952748
0.2992139607633098,-0.4251893944650489,0.3207693581163071,1790756096,10382030,0.12600000202655792,0.2014931742885774,-0.4347991964639847,0.3997269423434958,-1.9608783950857804
0.2935168340186685,-0.4251020466987603,0.3155541213196187,1790756096,60207720,0.125,0.19961192455478147,-0.4350077798004537,0.3974610467307046,-1.998616779501191
0.2883969616269746,-0.4249609831958675,0.30991911731798505,1790756096,110219225,0.125,0.19765477570271203,-0.43522369271205047,0.3952744480658242,-2.036224011830277
0.28457021630477575,-0.4246751315587035,0.3031597001841473,1790756096,160501239,0.12700000405311584,0.19565655452980438,-0.43544375052948564,0.3932007942730107,-2.0731323368923498
0.27991338487229633,-0.4244913307426348,0.2973595391664745,1790756096,210750375,0.12800000607967377,0.19363849607521147,-0.43566617389044154,0.39125186047162214,-2.109093139629293
0.27471294566354953,-0.4243215022982274,0.2914399300480652,1790756096,260614703,0.1289999932050705,0.19143619541400841,-0.435909708370484,0.3892749677125476,-2.147031930493047
0.26769047533679496,-0.42435508824586005,0.286993786956665,1790756096,310521847,0.12800000607967377,0.18903370126342645,-0.4361770234739056,0.387280153409097,-2.187071322846507
0.261248877861048,-0.4243288117895146,0.2821459886808636,1790756096,360809603,0.12800000607967377,0.18660675304498872,-0.43644931020118655,0.3854206142071419,-2.2262809742913166
0.2560034096026502,-0.42413749400261475,0.276080059286576,1790756096,410359088,0.12999999523162842,0.18421428433695095,-0.43672040821916763,0.383727588397225,-2.2638748148608285
0.2488475242338457,-0.424262457968304,0.27268027719956933,1790756096,460455112,0.1289999932050705,0.18173823201705433,-0.43700418604463687,0.3821105724139126,-2.3018148706486734
0.24259445233989735,-0.4242185976484564,0.2678468441336951,1790756096,510500181,0.12999999523162842,0.1792107441606155,-0.437297643613598,0.3805918788550023,-2.3396526637640713
0.2355987417688558,-0.4243038764470006,0.26407904012973293,1790756096,561023743,0.12999999523162842,0.1766002480652729,-0.43760511015107895,0.3791540316912411,-2.3779054936946156
0.22991566674600966,-0.4241046822857272,0.2579641619502023,1790756096,610149514,0.13300000131130219,0.1740089331254248,-0.43791509567057557,0.3778503995541197,-2.4151469129738543
0.22177853281999055,-0.4244569064667502,0.25651705675795244,1790756096,660748058,0.13099999725818634,0.17129918580316073,-0.43824468755852786,0.37661173565324957,-2.4534088872676634
0.21417010182180615,-0.4247355017932213,0.25453663097679763,1790756096,710397812,0.12999999523162842,0.16860367277134933,-0.438578434411829,0.37549973493965805,-2.490865569533581
0.20653073211325515,-0.42504691735697175,0.2528536921888374,1790756096,760193001,0.1289999932050705,0.16587041883863027,-0.4389232245762106,0.37448915276376554,-2.5283117976230916
0.19964310812493757,-0.42506776598678814,0.24858580837169855,1790756096,810574211,0.13099999725818634,0.16307823703447108,-0.4392824456104043,0.37357361724512567,-2.5660838261965586
0.1916751408839761,-0.42554969037790163,0.24844604483584112,1790756096,860039835,0.1289999932050705,0.1602996082011435,-0.4396472827902337,0.37277557505273085,-2.6032581782203046
0.1844310613593108,-0.4256328754310107,0.24469033349944166,1790756096,910551304,0.13099999725818634,0.15742845593836807,-0.4400323908953391,0.3720658120520982,-2.641303462882452
0.1769493600799335,-0.4258506084772754,0.24220189927315083,1790756096,960144938,0.13199999928474426,0.15458679506256748,-0.44042205213453395,0.37147520868681094,-2.678653319305133
0.16954098959660213,-0.42588126619036126,0.23800801930207682,1790756097,10166776,0.13500000536441803,0.15170186073522385,-0.44082675159920465,0.37098696273205783,-2.716321686547558
0.16114418766395466,-0.42672275191312625,0.24100077016577356,1790756097,60610828,0.13099999725818634,0.14877953917651232,-0.4412464884705766,0.3706046891876789,-2.7542800413802526
0.1534221548496973,-0.4270367893992937,0.23936656559911462,1790756097,110330860,0.13199999928474426,0.1458902980674447,-0.44167166898907984,0.37033637602875746,-2.7916681544777453
0.14554404961349401,-0.42749651033344716,0.239011854725315,1790756097,160350745,0.13199999928474426,0.14297825351065402,-0.4421109864766745,0.37017523981654454,-2.829264278606154
0.13761680300066523,-0.4277683120862779,0.23696489455927355,1790756097,210428333,0.1340000033378601,0.14006150093985517,-0.442562440324158,0.37012328939870454,-2.8668874513826577
0.12988769111392592,-0.4281649074992008,0.23619762366593028,1790756097,260531728,0.13500000536441803,0.13725149412212317,-0.44300880091506245,0.3701768559443245,-2.903151773977025
0.12266756273000996,-0.4288998616181814,0.2386577843762282,1790756097,310443955,0.13300000131130219,0.13455519338480215,-0.4434481976764803,0.3703241449401795,-2.9380106283856766
0.11471106833215919,-0.4293740529796175,0.23846348337128148,1790756097,360355709,0.1340000033378601,0.13167478933496493,-0.44393023236955886,0.3705859670970022,-2.9753661541983103
0.1068743658544223,-0.4304746995858079,0.24357951750282578,1790756097,411378411,0.12999999523162842,0.128561122826188,-0.44446690339016837,0.3709918464391113,-3.0159436714188956
0.0987412853151142,-0.43091535844169787,0.243028610850648,1790756097,460519330,0.13199999928474426,0.12567816154610714,-0.4449791406590423,0.37148332870807727,-3.053757222714647
0.0911195041712737,-0.431592365767372,0.2447030034762409,1790756097,510410854,0.13199999928474426,0.12286088520729319,-0.445494880569581,0.3720733478397271,-3.0909937294215135
0.08353863964362188,-0.4323025576269407,0.24666733306126157,1790756097,560349284,0.13199999928474426,0.12005877327939694,-0.4460237013245476,0.3727705045758085,-3.12836914549469
0.0762377261223128,-0.43315697855230473,0.2498936512064041,1790756097,610912448,0.13099999725818634,0.11724444111476881,-0.4465718605654295,0.3735847565767833,-3.16631238691026
0.06928845969899848,-0.43401886639270093,0.25331447342313834,1790756097,660235507,0.12999999523162842,0.11453425677200779,-0.44711703886838383,0.3744807000923251,-3.203301053916897
0.061250483780833524,-0.4346212052861558,0.25426459732167594,1790756097,710335966,0.13199999928474426,0.11182055584250783,-0.4476812340841551,0.3754920829453784,-3.2408503261224983
0.05433030913536274,-0.43541786980186165,0.2572138838580873,1790756097,760266637,0.13199999928474426,0.10926272543033345,-0.44823114602865105,0.3765547796294218,-3.2767815113235668
0.047788489106987686,-0.4362079278276167,0.2602794158947819,1790756097,810195013,0.13199999928474426,0.10684478054854028,-0.4487684340674474,0.3776616459611001,-3.3112959312828565
0.04285987707203762,-0.437448076872442,0.2672822237458413,1790756097,861219002,0.12800000607967377,0.10431338196697015,-0.4493506018113424,0.3789325627180266,-3.3480793723606306
0.036254553062259165,-0.4383364010610788,0.2709850409122736,1790756097,910520764,0.12800000607967377,0.10182450547466497,-0.4499443286146002,0.38030035966926923,-3.384979167631358
0.028410081934686318,-0.4391163097075136,0.2734483639107635,1790756097,960478315,0.12999999523162842,0.09927964647693838,-0.4505753564803918,0.38182822287391205,-3.423567135148049
0.02270274317011091,-0.440308201763187,0.2796508514489468,1790756098,10607015,0.12800000607967377,0.09671841653625411,-0.4512374215101893,0.38350764616298877,-3.4634058101292116
0.016216173107393914,-0.4413319631949913,0.2843613643859766,1790756098,61572310,0.12800000607967377,0.09427445655028224,-0.45189720716839016,0.38525379007853683,-3.502497690682808
0.009079129466020422,-0.442147897137505,0.28743608564697326,1790756098,110528691,0.12999999523162842,0.09206650608962497,-0.4525195257690394,0.3869625816210854,-3.538853238568931
0.00784571469423391,-0.443717381942381,0.2976291422254801,1790756098,160809808,0.12300000339746475,0.08986470931554595,-0.4531678759054743,0.3888024580637179,-3.5762348702212337
0.0002495976027711566,-0.4445285101332039,0.3005249329077512,1790756098,211027897,0.12600000202655792,0.08773587655867053,-0.453824367088591,0.3907232618756879,-3.6136090006729846
-0.004876846021763567,-0.44553655158626754,0.30557406601425396,1790756098,260418308,0.12600000202655792,0.08578562204455692,-0.4544547256838719,0.39261878765537844,-3.649073737128466
-0.01047133211780947,-0.44647594116960737,0.31003867536474994,1790756098,310567489,0.12700000405311584,0.08394020263795823,-0.45508009906440827,0.39454566680021186,-3.6838796657720345
-0.011644363949869063,-0.4478981207003161,0.318929329535089,1790756098,360431272,0.12200000137090683,0.08204280835447626,-0.4557565680408432,0.3966786632011298,-3.721136222005307
-0.019808419695104676,-0.4488337272054809,0.3226523877911454,1790756098,410462397,0.12600000202655792,0.08010578963445698,-0.45648768093588477,0.3990367335501684,-3.7609785158728197
-0.023654899105134894,-0.4500593852232638,0.32945977212456645,1790756098,460543782,0.125,0.07833242635225264,-0.4571992181390341,0.4013806191161293,-3.7993667538113858
-0.02789456920567364,-0.4511986326635827,0.3356028667971701,1790756098,510621787,0.125,0.07671200091361365,-0.4578912888090906,0.40370333552974663,-3.8363696670303153
-0.029332859736153682,-0.45250343594110154,0.34344500639534764,1790756098,560632042,0.12200000137090683,0.0751801609378211,-0.45858957674312234,0.40608674754484453,-3.873399261954582
-0.033021246081082284,-0.45365375628930266,0.34975345788974166,1790756098,610218111,0.12200000137090683,0.07374945699849939,-0.4592885276976321,0.4085094503464175,-3.910183182988126
-0.036491858237024694,-0.4548241982535801,0.35623542303599,1790756098,660176468,0.12200000137090683,0.07240331113391063,-0.45999690281045036,0.41099933039972647,-3.947198555474239
-0.038818806861910984,-0.4560495878932912,0.36328336048243415,1790756098,710382936,0.12099999934434891,0.07114831950888796,-0.4607126438684217,0.4135475313007613,-3.984354641616716
-0.04086374875983588,-0.4572777273835455,0.3703809993964143,1790756098,760308015,0.11999999731779099,0.06999072425700799,-0.46143220827619436,0.4161415223057986,-4.021523663004206
-0.04265199491989986,-0.45851954958539626,0.3775859831599478,1790756098,810477956,0.11900000274181366,0.06892204747470093,-0.46216254410587454,0.4188044536216625,-4.059081242334641
-0.04385013092972262,-0.4596049561384743,0.3839188841191081,1790756098,860548359,0.11800000071525574,0.06807574742194825,-0.46280156866536026,0.4211530027787499,-4.091766290214166
-0.047433429802540755,-0.4604649654125371,0.3885179695986906,1790756098,910035020,0.11999999731779099,0.0674139948479865,-0.4633510228924258,0.4231840781145608,-4.119742260121642
-0.04755053954223305,-0.46112182957122305,0.3924345176751932,1790756098,960294822,0.11900000274181366,0.06699009871553224,-0.463732158113638,0.424600167442547,-4.139104125147484
-0.046185493305617886,-0.46151555284434886,0.39497815138247905,1790756099,10116326,0.11699999868869781,0.06676674795968605,-0.46394413356518077,0.4253902029736206,-4.1498589957859515
-0.05032901533838162,-0.46161293232168465,0.39497991547046485,1790756099,61861531,0.12099999934434891,0.06665656304888005,-0.46405194804464034,0.4257926643422138,-4.155325474498302
-0.048411647299212046,-0.46166383033085107,0.3955501154664143,1790756099,110516384,0.11900000274181366,0.06665014854495359,-0.4640583110921725,0.42581643753485965,-4.1556481513528585
-0.05132051543184418,-0.4616087444674497,0.3948176366528004,1790756099,160279610,0.12200000137090683,0.06664698383001819,-0.4640614533472057,0.42582817795015515,-4.1558074951171875
-0.04841967664425109,-0.46166905695264765,0.39558019058996524,1790756099,210495052,0.11900000274181366,0.06664698383001819,-0.4640614533472057,0.42582817795015515,-4.1558074951171875
-0.04841967664425109,-0.46166905695264765,0.39558019058996524,1790756099,260072296,0.11900000274181366,0.06664698383001819,-0.4640614533472057,0.42582817795015515,-4.1558074951171875
-0.04938661810390589,-0.4616489528907735,0.395326007206793,1790756099,310644312,0.11999999731779099,0.06664698383001819,-0.4640614533472057,0.42582817795015515,-4.1558074951171875
-0.04551883065234365,-0.46172936958763333,0.39634274642095413,1790756099,363162046,0.11599999666213989,0.06664698383001819,-0.4640614533472057,0.42582817795015515,-4.1558074951171875
-0.04745272798028194,-0.4616891611643095,0.3958343758669615,1790756099,411533787,0.11800000071525574,0.06664698383001819,-0.4640614533472057,0.42582817795015515,-4.1558074951171875
-0.048269812522986955,-0.4616388534077003,0.3950177191273577,1790756099,462013701,0.11900000274181366,0.0667065410216633,-0.464069687027112,0.4256041511854124,-4.152818589789066
-0.0451065215340572,-0.46164857600716575,0.3948112712687254,1790756099,510276386,0.11599999666213989,0.06681334514382489,-0.4640842679573143,0.42520880526649485,-4.147538353838199
-0.047184288849288186,-0.46143052434399245,0.3911271338841781,1790756099,560642421,0.11900000274181366,0.0671377011137465,-0.46412745541187583,0.42405447550567166,-4.132079076119198
-0.04486516875890477,-0.4612155762586201,0.3869211077928149,1790756099,610193202,0.11800000071525574,0.06767949995671994,-0.4641959144349511,0.4222596886478145,-4.107908380994752
-0.043920239435227576,-0.4608872341153436,0.38091865407139086,1790756099,660512134,0.11900000274181366,0.06843220999754743,-0.4642843344089527,0.41998766312719565,-4.077051479236274
-0.04238424559627302,-0.4605029032692964,0.37389202780367703,1790756099,710255620,0.11999999731779099,0.06940948340777768,-0.4643911042961041,0.4173321406535978,-4.040572809509974
-0.039612675441500614,-0.46014957303184556,0.3671670193783131,1790756099,760524403,0.11999999731779099,0.07050060789229003,-0.4645035136428125,0.41466551820594305,-4.003429899142171
-0.03839282988449505,-0.4597251290464874,0.35967187796134337,1790756099,810572334,0.12200000137090683,0.07169039362765377,-0.4646203304445254,0.4120333259832249,-3.9661917271850995
-0.034216712397855675,-0.45942905013186036,0.3535646715279675,1790756099,860364107,0.12099999934434891,0.07297113954322934,-0.4647410874845957,0.4094533689251302,-3.929055650406317
-0.03069737760894857,-0.4591040170145559,0.3471383946698173,1790756099,910153556,0.12099999934434891,0.07434734612492737,-0.46486677276753935,0.40691628776699473,-3.8918382504824325
-0.028639647876003302,-0.4586891362637823,0.33979080513579013,1790756099,960071978,0.12300000339746475,0.07581603821382052,-0.4649975923295034,0.4044299098739236,-3.854591382621095
-0.022080334615440803,-0.45854498663907,0.335175815713425,1790756100,10647484,0.11999999731779099,0.07739237834644745,-0.4651354277988895,0.4019721091554311,-3.816919404869018
-0.019695338749460306,-0.45816060510144563,0.32829239023814993,1790756100,60426359,0.12200000137090683,0.0789649580361795,-0.4652712215059825,0.3997037710329383,-3.781298678855817
-0.015583989073566076,-0.45790830757914636,0.3228371173510254,1790756100,110597068,0.12200000137090683,0.08056407859487938,-0.46540827930815504,0.39755859914969804,-3.7467584902445203
-0.011721983812831419,-0.4575882519745642,0.316489204223634,1790756100,160475564,0.12300000339746475,0.08236373197164078,-0.4655619629095989,0.39531368554146046,-3.7096044216574473
-0.006525676559109961,-0.45733155699947636,0.31055482944189583,1790756100,210229004,0.12300000339746475,0.08437458246535709,-0.46573370888145005,0.39298994082541605,-3.6699103737655143
-0.0012663848580460324,-0.4571028145656379,0.30499651004673733,1790756100,260254120,0.12300000339746475,0.08640969593835984,-0.4659081747815709,0.3908124253738264,-3.6313987927913045
0.0026750419223131455,-0.4567510587440186,0.29833891667048396,1790756100,310633616,0.125,0.08846593496648607,-0.4660856390733774,0.38877004118388386,-3.593938377691634
0.009527231865908273,-0.4567193678247658,0.2947952582869535,1790756100,360779483,0.12300000339746475,0.09058614006907206,-0.4662703201375293,0.3868128302317007,-3.5566298318778364
0.014512833566651506,-0.4564802062970676,0.28927247657024774,1790756100,410531849,0.12399999797344208,0.092759287918634,-0.46646179574680435,0.38494828203230624,-3.519593640356415
0.017968239240690617,-0.45600648803090216,0.28149361739455947,1790756100,460583159,0.12800000607967377,0.09501653827539117,-0.46666339308931126,0.3831498594401512,-3.482250450112156
0.02579577639227852,-0.45613654254318103,0.27949659987414505,1790756100,510238516,0.125,0.09732329748821099,-0.4668725960849242,0.3814453658314619,-3.4451248771901564
0.03125844435277156,-0.45595444063531587,0.2746161797950246,1790756100,560531623,0.12600000202655792,0.09962368346357263,-0.4670847657823162,0.3798697329613555,-3.4090185861948243
0.03773090222708608,-0.4559740483303491,0.27175133169454324,1790756100,611017898,0.125,0.10189515388722192,-0.46729799187228854,0.37842708860094504,-3.3741588405542746
0.04392071113729336,-0.45592649583508565,0.268180913339769,1790756100,660267179,0.125,0.10426620961536547,-0.46752475048815517,0.3770335720231266,-3.3385149110514316
0.04922707277540938,-0.45561686709318133,0.26199024690510053,1790756100,710007072,0.12800000607967377,0.10681579437710262,-0.46777360612804997,0.37565534443603693,-3.300935427052613
0.05718777481076055,-0.45580726860331816,0.2603587855441626,1790756100,760257819,0.12600000202655792,0.10950714906220892,-0.4680422341935075,0.3743280322979968,-3.2620063680236404
0.06336847895669782,-0.4555405796707444,0.2544089041596547,1790756100,810266694,0.1289999932050705,0.11229664332080462,-0.4683274020962476,0.37308295419219484,-3.2223576331123485
0.07076438436649654,-0.4555953700520762,0.25151953094234725,1790756100,860790024,0.1289999932050705,0.11507464543321658,-0.4686185414474637,0.37196867381150056,-3.1834874350488613
0.07731776047599215,-0.45547154187424527,0.24713092581782214,1790756100,910503409,0.13099999725818634,0.11776811569740764,-0.4689079327314132,0.3710027605698736,-3.1463074586220614
0.08495220657712571,-0.4556832198195444,0.24582200947242527,1790756100,960531294,0.12999999523162842,0.12050644308081683,-0.46920961620085405,0.3701318305960947,-3.108950401464655
0.09256287327393072,-0.45592660306438726,0.24481038513056586,1790756101,10435280,0.1289999932050705,0.12326229034942328,-0.46952114874048706,0.3693645194095757,-3.071738191870924
0.10036785947537286,-0.4563085901683854,0.2450592502055235,1790756101,60338692,0.12700000405311584,0.126041985910324,-0.46984378382844266,0.36869839770290125,-3.034533549957956
0.10773158578909592,-0.4565087718072496,0.24364908808032054,1790756101,110117641,0.12700000405311584,0.1288348007023105,-0.4701767931123064,0.3681353947305808,-2.9974282526569533
0.11461740357713633,-0.4564088699611186,0.23956922023229776,1790756101,160543527,0.12999999523162842,0.13159492754498917,-0.4705150282815145,0.3676815878537898,-2.9609748490298844
0.12170103523982818,-0.4566492133935965,0.23872839720408207,1790756101,210232365,0.12999999523162842,0.13424269076827597,-0.4708483791167455,0.36734056353991407,-2.9261623863470834
0.1293915064318158,-0.45683219440528106,0.23709556711790727,1790756101,260778677,0.13099999725818634,0.1371394645699924,-0.4712234889197692,0.367071946004731,-2.888200670849855
0.13747039850176315,-0.45684034673544843,0.23375230744800313,1790756101,310437672,0.1340000033378601,0.14016719639359154,-0.4716276808176215,0.36690658986662966,-2.8486042086466568
0.1454209014242714,-0.4576452530990919,0.2376777113918816,1790756101,360183611,0.12999999523162842,0.1431088635413233,-0.47203284084976005,0.36685840096957373,-2.810156541368539
0.15308253917321987,-0.4581450983107803,0.23890961720864887,1790756101,410501441,0.1289999932050705,0.1459932064018173,-0.4724426340914742,0.36691867969394454,-2.7724269124487027
0.16098255206819845,-0.4582314453354736,0.23645913847435268,1790756101,460618799,0.13199999928474426,0.14885692888435015,-0.47286239526423673,0.36708419111647733,-2.7348841974547877
0.1685140074652783,-0.45879006792988863,0.23824890801659693,1790756101,510470951,0.13099999725818634,0.15169277107920698,-0.4732914056777733,0.3673525736950373,-2.697574101880283
0.17565547046509872,-0.45960376355803984,0.24227505009827646,1790756101,560413012,0.12800000607967377,0.154533549872338,-0.47373521682143466,0.36772690562673854,-2.6600137031189375
0.18318874829537946,-0.4601204559097033,0.2436309404904976,1790756101,610490323,0.12800000607967377,0.1573767982200168,-0.474194313694219,0.3682089133298593,-2.622179343286436
0.19057434934374948,-0.46053474504857733,0.2442217332366171,1790756101,660434745,0.1289999932050705,0.1600750700274827,-0.4746446375943012,0.3687677212910089,-2.585998769261319
0.19738013355206563,-0.46106267489981384,0.24595254667618946,1790756101,710129119,0.1289999932050705,0.16263132652661705,-0.47508521537104925,0.36939033268982846,-2.551425790998623
0.20443394471246004,-0.46164346969493036,0.2480094459745104,1790756101,760323940,0.1289999932050705,0.16528082182918824,-0.47555713830372026,0.3701341406158499,-2.515235652879268
0.21126572739861574,-0.4623773607865338,0.25131831014924705,1790756101,810251852,0.12800000607967377,0.16797395384429992,-0.4760538052300406,0.370996122488469,-2.4780172953937525
0.21927755244270827,-0.4629848633433998,0.25325239831066315,1790756101,862109538,0.1289999932050705,0.1708563391947203,-0.4766057280023341,0.3720415240774778,-2.437625535682917
0.22660241752068225,-0.4637109328911657,0.25632193115624957,1790756101,910436085,0.1289999932050705,0.17360770286884697,-0.47715372275538837,0.3731630620415039,-2.3984477817633585
0.23381030006619957,-0.4644703987251908,0.2596740070292459,1790756101,960736128,0.1289999932050705,0.17631517777334485,-0.4777148576971608,0.3743905858920141,-2.359212889293468
0.23908210251185025,-0.4655231210005687,0.265721727638741,1790756102,10198131,0.12600000202655792,0.17883428912624247,-0.47825812610879226,0.37564907245266393,-2.3220137220964063
0.24621680278163016,-0.46621432305431454,0.2685702123802811,1790756102,60659045,0.12700000405311584,0.1813592373862689,-0.4788249695745181,0.3770297386323368,-2.2839635976440222
0.2536796411896933,-0.46682355603132236,0.2707829535599279,1790756102,109980363,0.1289999932050705,0.18377897546177396,-0.47939109450465905,0.37847209950520466,-2.2466825997730577
0.2589645665848364,-0.4678686637458005,0.27665950013554297,1790756102,160450222,0.12700000405311584,0.18619481983920375,-0.4799808604113724,0.38003676881682724,-2.2085556191737696
0.26688506830515013,-0.4684536510785089,0.2786547348263646,1790756102,210196772,0.12999999523162842,0.188513315537864,-0.4805723039061516,0.381664469230691,-2.1709957892811427
0.27176626657257236,-0.4695510300170044,0.28494719662457746,1790756102,260903872,0.12800000607967377,0.1908111546492154,-0.4811857956503265,0.3834098983878895,-2.1327011125378275
0.2788479173089936,-0.4702886226454537,0.28826455063032497,1790756102,310368497,0.12999999523162842,0.19298586509676713,-0.4817943347313195,0.3851940370600253,-2.0953367375820986
0.280909661012621,-0.4716401351296432,0.2968108144965207,1790756102,360519770,0.125,0.19504092288170224,-0.4823973450787349,0.38700971829204844,-2.058880095529682
0.287327319127532,-0.47236940034628827,0.30023043763897383,1790756102,410617026,0.12700000405311584,0.19695445137734297,-0.48298624747476526,0.3888251799273784,-2.0237851846690096
0.28959697824314956,-0.473682820860965,0.30831908426490073,1790756102,460440494,0.12300000339746475,0.19893428848358025,-0.48362702369182176,0.39084417348869505,-1.9861320071263624
0.29483743887932234,-0.4747533864864295,0.31418081284075955,1790756102,510295878,0.12300000339746475,0.20096227647200984,-0.48432132682210616,0.3930789068387135,-1.9459120052025147
0.29814099782926357,-0.4759703035143602,0.3213116413109962,1790756102,560422050,0.12099999934434891,0.2028503367338106,-0.4850077080773123,0.39533201058925294,-1.906698473827668
0.30500492979553506,-0.4767993892795153,0.32536968839462865,1790756102,610207508,0.12399999797344208,0.2045838881379291,-0.48567764150207776,0.3975693457850039,-1.8689108385831885
0.3068208724332825,-0.47808662499140464,0.3331281552824459,1790756102,660485153,0.12099999934434891,0.20624372009828792,-0.48636110301192226,0.3998871942435012,-1.8308179890331227
0.30908273353481963,-0.4792945181074462,0.3402539361818531,1790756102,710202759,0.11900000274181366,0.20779366975356994,-0.48704347095097744,0.4022336097910157,-1.7932122712756964
0.31617470360580247,-0.48011090949440816,0.34431234156572293,1790756102,760477978,0.12300000339746475,0.20922109730344157,-0.48771722672610435,0.40457900625580456,-1.756467012779821
0.31507378056450003,-0.48145445017649197,0.3526333315269523,1790756102,810417946,0.11800000071525574,0.2105102325636908,-0.4883710012558728,0.40687930759383806,-1.7211503622286861
0.3191409387164285,-0.48249363766089326,0.3584456012271675,1790756102,860695758,0.11900000274181366,0.21176654602862183,-0.4890595289161772,0.40932417746019645,-1.6843031853418342
0.3230597181083338,-0.4835754437574984,0.36455270408265145,1790756102,910282576,0.11999999731779099,0.21295148633542188,-0.4897672509497862,0.41185849839800026,-1.646767650645137
0.3248967238318067,-0.48477312671744227,0.37155031746810624,1790756102,960610879,0.11900000274181366,0.21403847927706565,-0.49047954219049833,0.4144325642520814,-1.6092487286369792
0.32641654325083935,-0.48595549456008014,0.3784586595348802,1790756103,10780598,0.11800000071525574,0.21501018809614802,-0.49118383356826084,0.4169981025921257,-1.5723839482618804
0.3310463124745209,-0.4867389255095445,0.38280783393716794,1790756103,60220472,0.12099999934434891,0.21571140709473705,-0.49174568534772534,0.4190540999281846,-1.543173476668891
0.3304194633793577,-0.48753652989150514,0.38755142040969776,1790756103,110129764,0.11900000274181366,0.2162153316535861,-0.4921859831669365,0.4206693843198457,-1.520407979177112
0.33015545560641923,-0.4879909522060853,0.39023518745850566,1790756103,160517316,0.11800000071525574,0.2164905934419148,-0.4924422655200329,0.4216116928041561,-1.5071957928223656
0.3274658290491229,-0.4882282276755452,0.39174773324375295,1790756103,210522803,0.11500000208616257,0.2165710121721627,-0.49251954791743197,0.421896110318223,-1.5032172478709234
0.3294907343232878,-0.4882137548891142,0.39157130671657253,1790756103,260695790,0.11699999868869781,0.2166093027304938,-0.49255675678197663,0.42203309309352777,-1.5013025999069214
0.33045553484994333,-0.48817663513917503,0.3913109490375047,1790756103,310429656,0.11800000071525574,0.2166093027304938,-0.49255675678197663,0.42203309309352777,-1.5013025999069214
0.32852593379663225,-0.48825087463905337,0.3918316643956404,1790756103,360804245,0.11599999666213989,0.2166093027304938,-0.49255675678197663,0.42203309309352777,-1.5013025999069214
0.33045553484994333,-0.48817663513917503,0.3913109490375047,1790756103,410206119,0.11800000071525574,0.2166093027304938,-0.49255675678197663,0.42203309309352777,-1.5013025999069214
0.33045553484994333,-0.48817663513917503,0.3913109490375047,1790756103,460356856,0.11800000071525574,0.2166093027304938,-0.49255675678197663,0.42203309309352777,-1.5013025999069214
0.3294907343232878,-0.4882137548891142,0.39157130671657253,1790756103,510066611,0.11699999868869781,0.2166093027304938,-0.49255675678197663,0.42203309309352777,-1.5013025999069214
0.3314203353765989,-0.4881395153892359,0.39105059135843684,1790756103,562435576,0.11900000274181366,0.2166093027304938,-0.49255675678197663,0.42203309309352777,-1.5013025999069214
0.32852593379663225,-0.48825087463905337,0.3918316643956404,1790756103,614252382,0.11599999666213989,0.2166093027304938,-0.49255675678197663,0.42203309309352777,-1.5013025999069214
0.33125531837394717,-0.4881087556621529,0.3904458958924403,1790756103,661644686,0.11900000274181366,0.2165447100008026,-0.4925656253395398,0.4217925590624413,-1.5044324610589979
0.33094974677841793,-0.48805292399155814,0.38934572312184657,1790756103,710520429,0.11900000274181366,0.21642507387173848,-0.4925818629377535,0.4213549196158445,-1.5101338099928208
0.33105847626348717,-0.48786556182068147,0.3861262431157416,1790756103,760500277,0.11999999731779099,0.21609240302852964,-0.49262628850876244,0.4201870247069738,-1.5253918377168696
0.32771395691127114,-0.48771814487740256,0.38210431209244494,1790756103,810507615,0.11800000071525574,0.215529565917831,-0.49269831671587905,0.4183515254293424,-1.5495108192575813
0.3284794438356864,-0.48728943098938915,0.3750974328489838,1790756103,860580093,0.12099999934434891,0.21471901404900445,-0.49279530242380126,0.41595388687805446,-1.5813046922326703
0.3228642835688723,-0.48707870482503224,0.3688296224524598,1790756103,910949858,0.11800000071525574,0.21361557595349376,-0.4929192168354972,0.4130405766677388,-1.6204321023898214
0.32268036327676325,-0.48660466519785545,0.36080583046773174,1790756103,960155139,0.12099999934434891,0.2124629366492358,-0.4930429529749267,0.4103201431403081,-1.657528961019614
0.31679588007511056,-0.486467091143608,0.35539186111892523,1790756104,10455155,0.11800000071525574,0.21121640391403582,-0.493172351227654,0.4076605311762235,-1.6943970613750186
0.3114816213374396,-0.4862945588763636,0.3495312691956271,1790756104,60563799,0.11599999666213989,0.20980729667923645,-0.4933148540530897,0.40493024379395703,-1.732955420321914
0.3083989012815525,-0.4859526620088258,0.34216227185682163,1790756104,110290007,0.11699999868869781,0.20823197088512005,-0.4934710342228581,0.4021544365732478,-1.773001448010538
0.3065262468801213,-0.48548098545639373,0.33358526271489664,1790756104,160189836,0.11999999731779099,0.20649168735539583,-0.49364145576368634,0.39936134485215835,-1.8142941040754226
0.30000379142009403,-0.4853615124286832,0.32766814436615443,1790756104,210572602,0.11800000071525574,0.20456938710887596,-0.4938283853548397,0.3965491047646248,-1.8570365294534958
0.299013396693482,-0.48476742961210995,0.31810015454129914,1790756104,260284477,0.12300000339746475,0.20262583238842163,-0.49401711824121475,0.3939479069363359,-1.897780640120047
0.29306306668859544,-0.48464133959036526,0.31244348880948675,1790756104,310568492,0.12200000137090683,0.20062103134101067,-0.4942123445161958,0.39148060856980493,-1.9376739375315644
0.28765459751944067,-0.4844668850168057,0.30639313949068225,1790756104,360463062,0.12200000137090683,0.19852235138433896,-0.49441798557728445,0.3890999628551916,-1.9775011840259518
0.2826169629023367,-0.48423324507546983,0.2997690718509041,1790756104,410846096,0.12300000339746475,0.19629511557798418,-0.4946381826428614,0.3867706625519149,-2.017947587096214
0.2773974646747765,-0.48402538133529494,0.29343501739221295,1790756104,460413729,0.12399999797344208,0.1940200589678328,-0.4948657378058521,0.3845760859978893,-2.057622909799307
0.2718630951981752,-0.4838410801154337,0.28726171461753486,1790756104,510367901,0.125,0.19164697448006268,-0.49510632223722645,0.3824639640493344,-2.0975013938607248
0.26444865306208043,-0.4839620119763161,0.28382901376053976,1790756104,560407092,0.12300000339746475,0.18927937741059936,-0.4953499997956341,0.38051869556390006,-2.1359699945046806
0.26071082492639525,-0.48355329745700487,0.2760674229686116,1790756104,610202642,0.12700000405311584,0.1869386146821961,-0.495594825174455,0.3787400270819144,-2.1728824778968754
0.25345841639389094,-0.48354399749943544,0.2710908609135986,1790756104,662753423,0.12700000405311584,0.18419274628289314,-0.4958874353958468,0.3768212137668039,-2.2149541087877744
0.24633141512595255,-0.4835699676287973,0.26662590899941474,1790756104,709963042,0.12700000405311584,0.18149414322763646,-0.4961808343811043,0.3750975423513231,-2.2551763137197147
0.23832454293865682,-0.4837346916952407,0.26320523043723426,1790756104,760211862,0.12600000202655792,0.17864169895576834,-0.4964977350886559,0.3734370922928003,-2.2966469205481936
0.2313619994138959,-0.4837306170537504,0.2584882738832788,1790756104,810257182,0.12700000405311584,0.17582596048276314,-0.49681772632406807,0.37194961963714296,-2.336671020773709
0.22441564969009445,-0.4836576541318694,0.2530593812669065,1790756104,861239736,0.1289999932050705,0.1728932315675289,-0.4971589221297346,0.370550463652599,-2.3775246617855124
0.2166985093221871,-0.48382328236133937,0.24984174555546587,1790756104,910557518,0.1289999932050705,0.1699993447095615,-0.49750378423146807,0.369311533116893,-2.417114979915566
0.2088083800094701,-0.48402689660731035,0.24691912532582372,1790756104,960092225,0.1289999932050705,0.1670406060034132,-0.4978651827258526,0.36818310653536734,-2.456955520090458
0.20068160387613265,-0.48427195750409024,0.24427978324844402,1790756105,10306768,0.1289999932050705,0.16399307452716522,-0.4982470492086376,0.3671604036609716,-2.4974143875750867
0.1923695944271018,-0.48455912485585856,0.24195452330743727,1790756105,61180563,0.1289999932050705,0.16087608331006892,-0.49864817752771873,0.36625518943292157,-2.538283753768303
0.18430226561476654,-0.4848726715273225,0.24004741590374776,1790756105,110175362,0.1289999932050705,0.1578507926262218,-0.4990480866197477,0.36550806882171233,-2.5775374508112283
0.1758010445281435,-0.48554850253878024,0.24142616109537124,1790756105,160089478,0.12600000202655792,0.15484978943203617,-0.49945551988180564,0.3648912990461759,-2.6161473429971465
0.1681345420115558,-0.48591667660698395,0.24023444734455257,1790756105,209982872,0.12600000202655792,0.15193230955179318,-0.49986231675370285,0.36440774276233007,-2.653432854400458
0.1596980749478572,-0.486464254944681,0.2402621577430746,1790756105,260308443,0.125,0.14875526293817906,-0.5003179861711959,0.3640091940567752,-2.693826472743155
0.1509610830473486,-0.4865310434692263,0.23564462230946062,1790756105,310824699,0.1289999932050705,0.1453474425403199,-0.5008218992963107,0.3637276294840877,-2.7369881351647942
0.1422509035711387,-0.4872825246264697,0.23737677877886884,1790756105,360796501,0.12700000405311584,0.14208200226902776,-0.5013203428298485,0.3635984574316679,-2.7782630506603425
0.13394365877220793,-0.48794469174481625,0.2384690881305112,1790756105,410721302,0.12600000202655792,0.13892124646131515,-0.5018181163833013,0.36360402418072113,-2.8182081277843025
0.1257874613634784,-0.48875531124326793,0.24088788690776736,1790756105,460400705,0.12399999797344208,0.13575630829640054,-0.5023324692443871,0.36373853757293173,-2.8582673579047904
0.11733852677748238,-0.4892842584372539,0.24068234084340373,1790756105,510415192,0.125,0.13255601890396,-0.5028696622201607,0.36400656692018063,-2.898905340277816
0.10874013953047384,-0.4897417298489231,0.23984265732629553,1790756105,560338891,0.12700000405311584,0.12939225562929474,-0.5034186702919937,0.3644036160182106,-2.9392806708551134
0.10087437424553089,-0.4906655936626565,0.2432594946414488,1790756105,610315174,0.125,0.1262599076757365,-0.5039808729368197,0.36492821712309137,-2.9795237538257737
0.09255426119490796,-0.49117401255743715,0.24305064135406235,1790756105,660289235,0.12700000405311584,0.12326308926745154,-0.5045372547729583,0.365555305205655,-3.0183449680608088
0.08498319458900055,-0.491903911716763,0.24502481667975556,1790756105,710334111,0.12700000405311584,0.12039613683717229,-0.5050876678682567,0.3662729635709846,-3.05584340886565
0.07814887846114799,-0.4930035782254812,0.2502117562192473,1790756105,760258431,0.12399999797344208,0.11744823010270806,-0.505673506389923,0.36713495057466394,-3.0948404256829383
0.06992800540259389,-0.49375802414572145,0.2520172465436059,1790756105,810172436,0.125,0.11442572965092201,-0.5062965441282952,0.368153967925632,-3.1353694292327083
0.062291862098775866,-0.4947784807623885,0.2561082202848212,1790756105,860166487,0.12399999797344208,0.11135444809864763,-0.5069549156607462,0.3693362935952193,-3.177218412706671
0.05331903070401041,-0.49557621224639464,0.2579382632593555,1790756105,910320039,0.12600000202655792,0.10824132811760838,-0.5076504964080057,0.3706935443750955,-3.2204387218647086
0.04651137357487496,-0.49676265968292893,0.26356864242889333,1790756105,960361276,0.12399999797344208,0.105290268803425,-0.5083386878622836,0.3721367618043139,-3.262278080073712
0.03927858661330788,-0.4977545609728167,0.26757468899502546,1790756106,10004317,0.12399999797344208,0.10251092552559149,-0.5090151211584464,0.37364481012912026,-3.3025822984281143
0.03212642085337086,-0.4987925649785095,0.27193426879428295,1790756106,60386694,0.12399999797344208,0.09976265498426029,-0.5097138221484977,0.37528834695200314,-3.3434287723518756
0.026389346693799803,-0.500022804968959,0.2781636447133596,1790756106,110365209,0.12200000137090683,0.09711267910690391,-0.5104186635020762,0.377027878449561,-3.383893305686262
0.0209607782057636,-0.5012755845273783,0.2845941481440833,1790756106,160328279,0.11999999731779099,0.09453003883732977,-0.5111385122147479,0.37888246080174115,-3.4245107745840566
0.013264268627295836,-0.5022336207377335,0.2881751489513112,1790756106,210308506,0.12200000137090683,0.09201899230975144,-0.5118733754789062,0.3808507604180362,-3.465299004368187
0.005632788072520545,-0.5032390971523587,0.2921565066820959,1790756106,262550749,0.12399999797344208,0.08958288990110712,-0.5126237054629759,0.38293265458031794,-3.506295251339796
0.003733296562887345,-0.5046566969197146,0.3007822493524666,1790756106,310516851,0.11900000274181366,0.08750082756099,-0.5132981569386375,0.38486153676485446,-3.5426295318101433
-0.0011980809522026542,-0.5059083817097986,0.30722040897904823,1790756106,360318791,0.11800000071525574,0.08526946568596132,-0.5140600623204306,0.3871010302234999,-3.583125992008682
-0.0062056064172442,-0.5072647519411857,0.31426392322341046,1790756106,410514241,0.11699999868869781,0.08298485065040909,-0.5148883385053473,0.38960277766862433,-3.626555426276178
-0.013836893035939324,-0.5083484564900651,0.31881247959877956,1790756106,460435505,0.11999999731779099,0.08089029046554952,-0.5156983679539153,0.3921114486475914,-3.668476299435978
-0.015528136803064432,-0.5098513984239772,0.327675442387483,1790756106,510678586,0.11599999666213989,0.07895077510924049,-0.5165000565040165,0.3946495401807204,-3.7094751149596776
-0.019223510145130032,-0.5111722997085925,0.3347786532868307,1790756106,560436044,0.11500000208616257,0.07713765270338317,-0.5173036465701911,0.39724411062096443,-3.750124294748675
-0.024319725690334512,-0.5124072866486283,0.340987923741757,1790756106,610211993,0.11599999666213989,0.0754346445524335,-0.5181165169502885,0.3999155873001219,-3.7908319346341095
-0.02831932143481078,-0.5137237087665645,0.3479674576832,1790756106,660356665,0.11599999666213989,0.0738352281918444,-0.5189436499453252,0.40267759778795564,-3.831863464726829
-0.03022609951799514,-0.5151408478213912,0.3559927675454426,1790756106,710583347,0.11400000005960464,0.07235314534318377,-0.5197797940469819,0.4055102262364563,-3.8729839874991447
-0.03632614740564845,-0.5163659757665527,0.3619968589196725,1790756106,760494019,0.11699999868869781,0.07099977316181845,-0.5206172520388638,0.40838730101238774,-3.9139123803388314
-0.03663578836720986,-0.5178309412530183,0.3705662499320267,1790756106,810698905,0.11400000005960464,0.06976158294659619,-0.5214656543613264,0.41133864563944417,-3.955144444847276
-0.038094418778544414,-0.5190479808908909,0.37740546176472106,1790756106,860634104,0.11299999803304672,0.06878845932710469,-0.5222081383995936,0.4139439801780573,-3.9910009313514503
-0.03900564278111085,-0.5201004960153971,0.38334910967864194,1790756106,910275877,0.1120000034570694,0.06802838856948527,-0.5228512905416671,0.4162147457853325,-4.02189464430988
-0.03922956903184463,-0.520838527186417,0.38756503918819296,1790756106,960408494,0.11100000143051147,0.0675426872481383,-0.5233001196917847,0.41780782624217855,-4.043393173330845
-0.04179373821597451,-0.5212047988222649,0.38929239031968077,1790756107,10202054,0.11299999803304672,0.06728162740081577,-0.5235565447867822,0.4187208367949955,-4.0556549898887635
-0.04113605381985891,-0.5214304020138669,0.39068527132163483,1790756107,61775592,0.1120000034570694,0.06715553277584904,-0.5236848157337645,0.419178264596252,-4.061783002300368
-0.0411459294542237,-0.5214370786902082,0.39072212789765004,1790756107,110374352,0.1120000034570694,0.06715148694704784,-0.5236890019910876,0.4191931520562594,-4.0619822445116585
-0.0392169235605625,-0.5214806061240512,0.39124876341988607,1790756107,160423080,0.10999999940395355,0.0671494662431756,-0.5236910940576333,0.41920059219877837,-4.062081813812256
-0.04308479293564997,-0.5214002247310371,0.39023233311035826,1790756107,210793947,0.11400000005960464,0.0671494662431756,-0.5236910940576333,0.41920059219877837,-4.062081813812256
-0.04115086185033971,-0.5214404153526832,0.39074054731849783,1790756107,260452628,0.1120000034570694,0.0671494662431756,-0.5236910940576333,0.41920059219877837,-4.062081813812256
-0.04211782379076137,-0.5214203201167211,0.3904864411610524,1790756107,310942292,0.11299999803304672,0.0671494662431756,-0.5236910940576333,0.41920059219877837,-4.062081813812256
-0.0382499544156739,-0.5215007015097352,0.39150287147058016,1790756107,363195656,0.10899999737739563,0.0671494662431756,-0.5236910940576333,0.41920059219877837,-4.062081813812256
-0.04211782379076137,-0.5214203201167211,0.3904864411610524,1790756107,410397848,0.11299999803304672,0.0671494662431756,-0.5236910940576333,0.41920059219877837,-4.062081813812256
-0.0419065121650152,-0.521377845534846,0.38969561524798446,1790756107,460688835,0.11299999803304672,0.0672360246462207,-0.5237015057643746,0.4188762049783907,-4.057685903167044
-0.03957038211579568,-0.5213406609883474,0.3887352587048116,1790756107,510380284,0.11100000143051147,0.06740338193849917,-0.5237212773664475,0.41826400380665985,-4.049376678018209
-0.038549381232752714,-0.5211538599037083,0.3851984776709856,1790756107,560751170,0.11100000143051147,0.06782566010729266,-0.5237696117554791,0.4167976665803096,-4.029401437310604
-0.03687720650901723,-0.5208752017854013,0.37989496165146364,1790756107,610423406,0.11100000143051147,0.06851663369380583,-0.5238442054100494,0.41459833010975855,-3.9992308360167046
-0.03636008329831626,-0.5204593495504952,0.37241925144881044,1790756107,660385764,0.11299999803304672,0.06950353402889436,-0.5239427376395088,0.4117862438318691,-3.960240238084831
-0.03214578286497129,-0.5200645794132164,0.3645887790070394,1790756107,710547565,0.1120000034570694,0.07084790239362704,-0.5240673050073934,0.4084097757900207,-3.912709924862522
-0.030250837309341777,-0.5195686142039379,0.3556136439377305,1790756107,760848081,0.11400000005960464,0.07236244850132671,-0.5242001459511655,0.405061217208846,-3.864656384592958
-0.023501429334770396,-0.5192981789229939,0.34902906872356915,1790756107,810771716,0.11100000143051147,0.074029764606418,-0.5243406719729591,0.4017854881416921,-3.8166059221841775
-0.022516329309214725,-0.5187259643184413,0.33929233247442353,1790756107,860509822,0.11500000208616257,0.07584398354512176,-0.5244896778550395,0.3985968764932631,-3.7686427861998806
-0.017657331777958682,-0.5183578055730064,0.3316792265387949,1790756107,910133521,0.11500000208616257,0.07780278014970861,-0.5246480648593793,0.3954977203214347,-3.7207053429855996
-0.013404323740394575,-0.5179641562317063,0.3239158147801843,1790756107,960199434,0.11599999666213989,0.07984113367402289,-0.5248117594841307,0.392577261217686,-3.674132565551657
-0.005835977366414821,-0.5178483005876283,0.31903144416974333,1790756108,10601959,0.11299999803304672,0.08194147007210703,-0.5249804634638594,0.38983576274815357,-3.628963743445819
-0.0030522549287175516,-0.5172958227690349,0.3095916749985737,1790756108,60175945,0.11699999868869781,0.08429148321466347,-0.5251703866792122,0.38703883339396167,-3.58117555842007
0.0030111470666493445,-0.5169309136073351,0.30166219775245784,1790756108,110835776,0.11800000071525574,0.08699393589921088,-0.5253911731039039,0.38412015890816703,-3.5291323150836784
0.009816113773944743,-0.5166827435636949,0.2950837606584492,1790756108,160416762,0.11800000071525574,0.08969425195728238,-0.5256153221581684,0.3814764238238913,-3.479677924753103
0.016730120022688255,-0.51647557882675,0.28900754781515,1790756108,210021664,0.11800000071525574,0.09243772368997386,-0.5258474249152004,0.3790326966162042,-3.4315865430969077
0.02227776235775629,-0.5160510964913979,0.28075509197827564,1790756108,260606977,0.12099999934434891,0.09535792336403406,-0.5260999803191845,0.37666812468209854,-3.38238949410528
0.02937568885674649,-0.5158189365832938,0.2743942739760909,1790756108,310491139,0.12200000137090683,0.09835259568611188,-0.526365385351669,0.37446904141089615,-3.3337299207805686
0.0378892038857743,-0.5157992475557182,0.270023408626901,1790756108,360718201,0.12099999934434891,0.10145853007815292,-0.5266481126264975,0.37240623304318393,-3.284882439730592
0.0450113153994723,-0.515549890701626,0.26352802731231695,1790756108,410510863,0.12300000339746475,0.10462031927951085,-0.5269441639502197,0.37051371808142064,-3.2365895761502808
0.054062879726166406,-0.5157130819223151,0.2610076806296746,1790756108,461075463,0.12099999934434891,0.10777850336265266,-0.5272486580577753,0.36881566781939445,-3.1895792218911088
0.06178569037102556,-0.5157294215352985,0.2573635042075283,1790756108,510248864,0.12099999934434891,0.11079617740048708,-0.5275482184900503,0.3673602679826948,-3.1456388180817596
0.06980993389278004,-0.5154935738678109,0.25078640304481226,1790756108,562388690,0.12399999797344208,0.11435282475702961,-0.527912668924239,0.3658415917537471,-3.094895856581367
0.07982112415216158,-0.5158055663462837,0.24929498297669056,1790756108,610665079,0.12200000137090683,0.11796563553862625,-0.528295849877363,0.36450344361610015,-3.0443193094722436
0.08900720490467605,-0.5158640123721172,0.2454478653017809,1790756108,660676909,0.12300000339746475,0.12164005775724808,-0.5286997760961991,0.3633433313727807,-2.993708054876879
0.09843066874929379,-0.5160720580320498,0.24306188935866974,1790756108,711291046,0.12300000339746475,0.1252853143032451,-0.5291153549711969,0.3623837283191267,-2.9441687790410036
0.10781142401686017,-0.5164290912486459,0.24216778165326625,1790756108,760261243,0.12200000137090683,0.1288474046388118,-0.5295364902035165,0.36162356404328705,-2.8962741529608853
0.1170020364121732,-0.5165178386365201,0.23873241516430743,1790756108,810339156,0.12399999797344208,0.13251770992414988,-0.5299866882851276,0.36101836473344884,-2.8473287928753597
0.1263327237835572,-0.5169685713313716,0.23872920524801292,1790756108,860338495,0.12300000339746475,0.13607866268274582,-0.5304400826210403,0.36060018577382125,-2.8001218205344847
0.1352622715635683,-0.5173445637425168,0.2381746952638919,1790756108,910316796,0.12300000339746475,0.1395328582070443,-0.5308963752235307,0.36035125328988954,-2.7544947784831955
0.14463329091453417,-0.5176754660377175,0.237024639201245,1790756108,960592201,0.12399999797344208,0.14315328001794514,-0.5313930498635625,0.36025465567101805,-2.706746577561561
0.1542654422888042,-0.5181786425647903,0.23731595387957227,1790756109,10288455,0.12399999797344208,0.1468607505893854,-0.5319222618567796,0.3603292985500065,-2.6578188838477357
0.16391695177310825,-0.5187367644314841,0.23806895314416965,1790756109,60170738,0.12399999797344208,0.1505757263607617,-0.5324748851031061,0.36058130044974757,-2.60865118505428
0.17359513576960836,-0.5193525079956011,0.23929290984185603,1790756109,110398605,0.12399999797344208,0.15430096446675404,-0.5330530083160697,0.3610140285605015,-2.559088522052151
0.18284251631530268,-0.5203700302656868,0.24395049228377524,1790756109,160265703,0.12099999934434891,0.15809667424333573,-0.5336686942818539,0.3616441143576447,-2.5081966003063343
0.19299973637269732,-0.5210252870172356,0.2452531248348415,1790756109,210110328,0.12200000137090683,0.16196604456846234,-0.5343261170947423,0.36248792439005173,-2.455763599201432
0.2038812214915379,-0.5214041467751751,0.2441974760795238,1790756109,260805947,0.12600000202655792,0.16572561729037663,-0.534996268874949,0.36350969085890744,-2.4041328063176186
0.21311505388609114,-0.5222319013168826,0.24730332835317287,1790756109,310515127,0.12600000202655792,0.16924506713098272,-0.5356542511104503,0.36465436285572134,-2.3550401235010816
0.22151986185883207,-0.5233325453828885,0.25272248681499504,1790756109,360766782,0.12399999797344208,0.17274846088579265,-0.5363415039581889,0.3659837641401549,-2.3052877717284694
0.23078358881423477,-0.5241584453181827,0.2557785387851668,1790756109,410408610,0.125,0.17614617268393626,-0.537041856898616,0.3674645740118403,-2.2560266178509516
0.23771309976805446,-0.5254065454668425,0.26262283190153646,1790756109,460160763,0.12200000137090683,0.179350212976045,-0.5377361097789177,0.36904536534102356,-2.208495419924691
0.24500318382330297,-0.5264600113418615,0.2678765835974343,1790756109,510320825,0.12099999934434891,0.1823859175580875,-0.5384275609946526,0.37072042425943763,-2.162327344314466
0.25432478987632756,-0.5273486626553423,0.2713790979466336,1790756109,560665340,0.12300000339746475,0.1855920790418053,-0.5391976909050604,0.3726925512815766,-2.1121601890242125
0.26341634033355293,-0.5284587099943145,0.27653329189160053,1790756109,610489401,0.12399999797344208,0.1888770373278849,-0.5400347278287014,0.37495019905668475,-2.0589753603496783
0.27110367718383577,-0.5296344052912899,0.2825171950324552,1790756109,660496962,0.12399999797344208,0.19183657491932637,-0.5408365655376965,0.37721269440711014,-2.0092160618143127
0.2759671033359438,-0.5310306813662597,0.2906176410348893,1790756109,710393809,0.12099999934434891,0.19448686533356033,-0.5415989237011504,0.379444905488763,-1.9628904984082898
0.28293550832842373,-0.5322780804392305,0.29717985512794926,1790756109,760298713,0.12099999934434891,0.19721058609015255,-0.5424330355747378,0.3819685007992338,-1.913205076297011
0.28931243062301204,-0.5337438658752991,0.3052624603907798,1790756109,810749960,0.11999999731779099,0.19999401784818596,-0.5433478544524565,0.38482365632865806,-1.8597897793163332
0.29569429225287713,-0.5351023476893224,0.3126315673201565,1790756109,860222992,0.11999999731779099,0.2025012473169308,-0.5442367510727125,0.3876756770601357,-1.8088703982478607
0.3007971355322905,-0.5365485613904508,0.3207679529133066,1790756109,910252850,0.11900000274181366,0.204823051993141,-0.5451267324007243,0.3905991130317703,-1.758765976794898
0.3054876523852375,-0.5380283164899389,0.32913975219599245,1790756109,960330216,0.11800000071525574,0.20700517593887585,-0.546035512167223,0.3936462388401886,-1.7084218050261244
0.30800868016848665,-0.5396597164594665,0.33869999577137677,1790756110,10237490,0.11500000208616257,0.20903108261073244,-0.5469581752704533,0.3967961932415811,-1.6580694083925074
0.31621085181988456,-0.540895837568343,0.34507968089901303,1790756110,60663552,0.11900000274181366,0.2109111990297298,-0.5479023110227889,0.4000696172924719,-1.6072734044199628
0.3195646581827334,-0.5424434171681485,0.35397205463443926,1790756110,110296056,0.11800000071525574,0.2125943018300325,-0.5488423856336052,0.40337242136541235,-1.5573502038258078
0.3203709322579002,-0.5440073237794963,0.3631611235313064,1790756110,160187432,0.11500000208616257,0.2140155559701459,-0.5497302776325957,0.40652910957750044,-1.510673466800975
0.3223909136754145,-0.545380574529158,0.3710504768042072,1790756110,210329679,0.11400000005960464,0.21520824841640088,-0.5505673810094079,0.40953389297403975,-1.4670415501592957
0.3254630149518509,-0.5464100481166125,0.3768433787268221,1790756110,260548620,0.11500000208616257,0.2160666150185745,-0.5512426329637197,0.4119727721908649,-1.4321115370718234
0.32694890486253336,-0.5472389887795677,0.3815777089146519,1790756110,310838923,0.11500000208616257,0.21666446918305646,-0.5517620250199496,0.4138559658354479,-1.405398350334093
0.33061922667553667,-0.5475947848493536,0.383459889663787,1790756110,360437307,0.11800000071525574,0.21697860179121084,-0.5520555365463485,0.41492272868060276,-1.3903563494408098
0.32892458386766266,-0.5478144119957247,0.3848177796962923,1790756110,411112129,0.11599999666213989,0.21707117700754383,-0.5521453053821213,0.41524898016352413,-1.3857677858926007
0.32902944548747487,-0.5478804903443806,0.3851961721376499,1790756110,462373694,0.11599999666213989,0.21711311104584446,-0.5521864816306088,0.4153986844471999,-1.3836641311645508
0.32806465470622287,-0.5479176107586421,0.3854565372183352,1790756110,510705898,0.11500000208616257,0.21711311104584446,-0.5521864816306088,0.4153986844471999,-1.3836641311645508
0.32999424345701733,-0.547843369653549,0.384935805117083,1790756110,560361199,0.11699999868869781,0.21711311104584446,-0.5521864816306088,0.4153986844471999,-1.3836641311645508
0.32999424345701733,-0.547843369653549,0.384935805117083,1790756110,610191630,0.11699999868869781,0.21711311104584446,-0.5521864816306088,0.4153986844471999,-1.3836641311645508
0.32806465470622287,-0.5479176107586421,0.3854565372183352,1790756110,660545303,0.11500000208616257,0.21711311104584446,-0.5521864816306088,0.4153986844471999,-1.3836641311645508
0.32806465470622287,-0.5479176107586421,0.3854565372183352,1790756110,710394280,0.11500000208616257,0.21711311104584446,-0.5521864816306088,0.4153986844471999,-1.3836641311645508
0.32902944548747487,-0.5478804903443806,0.3851961721376499,1790756110,762005420,0.11599999666213989,0.21711311104584446,-0.5521864816306088,0.4153986844471999,-1.3836641311645508
0.32806465470622287,-0.5479176107586421,0.3854565372183352,1790756110,811003645,0.11500000208616257,0.21711311104584446,-0.5521864816306088,0.4153986844471999,-1.3836641311645508
0.3287741254167788,-0.5478346377042171,0.38426414018245747,1790756110,861158938,0.11599999666213989,0.21701154123421512,-0.5522011155708784,0.41502219398128865,-1.3885518291034633
0.3254063864942489,-0.5478660825273833,0.38336444078558674,1790756110,910346172,0.11299999803304672,0.2168185885697216,-0.5522284058933248,0.41432667313762406,-1.3975982688916055
0.32609527035235003,-0.547590089129201,0.37868961521211336,1790756110,960541030,0.11500000208616257,0.2163250427556658,-0.5522959229758961,0.4126506626193539,-1.419491901681569
0.3221401743771218,-0.5473825116829912,0.3730788017199235,1790756111,10474276,0.11299999803304672,0.21549661325390176,-0.5524027515098501,0.4101051115348028,-1.4530286602760702
0.3219804945593934,-0.5468776475761611,0.36410054803243225,1790756111,60444689,0.11599999666213989,0.2143030811478773,-0.5525455766741463,0.4068726001969255,-1.4961857782454802
0.3178738635171914,-0.5464506445202265,0.3545699496370776,1790756111,110582880,0.11599999666213989,0.21266249656191824,-0.5527288371251845,0.40301736222675444,-1.548640378660711
0.31412824435219555,-0.5459942235912572,0.3447730848196666,1790756111,160668044,0.11699999868869781,0.21081226708129797,-0.5529259258432595,0.39924105740543714,-1.6012782949666464
0.30809942188481165,-0.5456889749989796,0.3361305108802435,1790756111,210750392,0.11599999666213989,0.20875428382573452,-0.5531381624033381,0.3955531696616722,-1.6541298877371777
0.3034726169880401,-0.5453020282543121,0.3270128867063475,1790756111,261127009,0.11699999868869781,0.20657236784309294,-0.5533589206194469,0.39208536855711973,-1.705411622217891
0.2970807406767455,-0.5451045829337842,0.3197442535615792,1790756111,310383800,0.11599999666213989,0.20434678554201577,-0.5535820197876191,0.38891466526395124,-1.7539077093335924
0.2915766257025543,-0.544785296105102,0.31117156089083964,1790756111,360354759,0.11699999868869781,0.20183812418470834,-0.5538330434432928,0.38569765904840525,-1.804993278401672
0.2853109114142822,-0.5444918523112174,0.3025460855077349,1790756111,410639914,0.11800000071525574,0.1990532939319203,-0.5541127521520254,0.3824902027479673,-1.858196309169187
0.2784119312757113,-0.5442357771987407,0.29410095229020256,1790756111,460126177,0.11900000274181366,0.19604724150500452,-0.5544176585701605,0.37938511156532956,-1.9123460726326196
0.2712327052382046,-0.5439297166033702,0.28488258945729655,1790756111,510548850,0.12099999934434891,0.19270714930563151,-0.5547614408963969,0.3763014641804774,-1.9693214407072113
0.2630919571307437,-0.5437641925627898,0.27700895271293013,1790756111,560881801,0.12200000137090683,0.18929581595419528,-0.5551192982137366,0.3734931040415708,-2.0247228649591174
0.2537041655343767,-0.5438444308448316,0.2714562849434724,1790756111,610605899,0.12099999934434891,0.18586983380341818,-0.555486625814023,0.3709749393568338,-2.078056400744735
0.24560820679335496,-0.5436912490715501,0.26388693797854146,1790756111,660439978,0.12300000339746475,0.1823102819062697,-0.5558776016400878,0.36864316143013665,-2.131460208397075
0.23563427798511677,-0.5438919470889139,0.2593584367968851,1790756111,710225733,0.12200000137090683,0.17863876249420155,-0.5562915817986743,0.36651141439195994,-2.1847673188385537
0.22621605550926202,-0.5439527693886386,0.25354867773540457,1790756111,760370757,0.12300000339746475,0.17482097021202153,-0.55673449357465,0.3645629721748976,-2.2386177989444667
0.21613678729156607,-0.54417771969951,0.24918872971631253,1790756111,810085716,0.12300000339746475,0.17092819000071327,-0.5571999216893045,0.3628355766682048,-2.29215571697808
0.20547287957210036,-0.5446736241547151,0.2473591238588606,1790756111,860465676,0.12099999934434891,0.1670547397727991,-0.557677674449994,0.36135886531300443,-2.344299821944781
0.19634840122665964,-0.5447853772031699,0.24242460253339815,1790756111,910573098,0.12300000339746475,0.1632853150982183,-0.5581574687163121,0.36014044828070507,-2.394163869394253
0.1852581537976841,-0.545420780512029,0.24163914718627671,1790756111,960440779,0.12099999934434891,0.15916862217490232,-0.5586993121694234,0.359044499611368,-2.447831662782173
0.17345911123986785,-0.5461647692471852,0.24134572175611613,1790756112,10441785,0.11900000274181366,0.15468852996179505,-0.5593110406441053,0.35811832761636675,-2.505509448746367
0.1627570447093692,-0.5461966124325899,0.23486627250092296,1790756112,60975283,0.12399999797344208,0.1502723750805711,-0.5599381162565396,0.3574684894234965,-2.5618371900589536
0.15170254584304857,-0.5471496199062167,0.23696434047052317,1790756112,110285786,0.12099999934434891,0.14607748602740286,-0.5605574095555194,0.35708756770040945,-2.6150385327035797
0.14103427286397316,-0.5476066406428128,0.23469033829965763,1790756112,160519404,0.12300000339746475,0.1419210297143752,-0.5611952410406861,0.35693421110026685,-2.6676202493266463
0.13065937263318958,-0.5484366204837637,0.23595182034855827,1790756112,210712410,0.12200000137090683,0.13789091979036036,-0.5618383309550541,0.3569976761911215,-2.7186231052541983
0.11992792778548747,-0.5496002451215948,0.23979589171314136,1790756112,260708212,0.11900000274181366,0.13359170818196808,-0.5625532559852425,0.3572970460368102,-2.7732155256680535
0.10805790120072109,-0.550346049406658,0.2394217122894417,1790756112,310647486,0.12099999934434891,0.12905043783641237,-0.5633430979947908,0.3578758805357694,-2.831269680380008
0.09658012265763276,-0.5512543390187445,0.24067596422675727,1790756112,361059252,0.12200000137090683,0.12466245359887035,-0.5641434075670123,0.35869822880156593,-2.8879473689817075
0.0865595399048385,-0.552491848091848,0.24530052128669955,1790756112,410400746,0.11999999731779099,0.12055287834453633,-0.5649292388421593,0.3597110260898778,-2.9417417795940453
0.07618129461567354,-0.5534499401397129,0.2475288519308432,1790756112,460189826,0.12099999934434891,0.1166146373803329,-0.5657185691314204,0.3609115021771302,-2.9941273828969637
0.06769703195707519,-0.5548349632466213,0.2538882065313543,1790756112,510304739,0.11800000071525574,0.11285694978380577,-0.5665082973760318,0.3622778520745815,-3.04505746762008
0.05774238101442518,-0.5560540381573238,0.2582363381860812,1790756112,560351161,0.11800000071525574,0.10891418127985367,-0.5673797899051347,0.36395849468008395,-3.099715280781571
0.04840246735008052,-0.5576026139588836,0.2652049864226596,1790756112,610373972,0.11599999666213989,0.10482945782288065,-0.5683343809164496,0.3659860518554456,-3.1579390946400205
0.036631271894238246,-0.5586310046697166,0.2674633742984551,1790756112,660562691,0.11999999731779099,0.10097728624578839,-0.5692898319269643,0.3681906257989309,-3.2146757933646133
0.028651731285123216,-0.5602071494085639,0.2751405356627321,1790756112,710387465,0.11800000071525574,0.09739217071494498,-0.5702345918963905,0.37052503415671534,-3.2694272517263
0.02052147417174502,-0.5617499950291046,0.2824561831796298,1790756112,760445554,0.11699999868869781,0.09392384045403662,-0.5712078709821493,0.3730742878815734,-3.324578034599386
0.012182032452989683,-0.5632610381048643,0.2894529377679765,1790756112,810467596,0.11699999868869781,0.09060424626843992,-0.5722034725294552,0.37581837610994856,-3.37982266708897
0.004908417133601906,-0.564904358410903,0.2976657177020642,1790756112,860811122,0.11599999666213989,0.08742596632158157,-0.5732267742766685,0.37876806474444685,-3.4355021952487195
-0.0002400157039996187,-0.5666946405060814,0.307438912254517,1790756112,910385459,0.11299999803304672,0.08446649415424368,-0.5742540790228997,0.3818476592700013,-3.4904036774318588
-0.007652740488112597,-0.5681976128963275,0.3146346959924556,1790756112,960217900,0.11400000005960464,0.08177305110103705,-0.575265689850848,0.38498432357077905,-3.543599073732427
-0.011240284167843409,-0.5699246012586603,0.324305961101294,1790756113,10299924,0.11100000143051147,0.07933355980692683,-0.5762604290683792,0.38815920214020383,-3.5951603082023156
-0.016366450049899367,-0.5716861361821816,0.3336751201891888,1790756113,60745292,0.10999999940395355,0.07688097127787336,-0.5773566869271595,0.3917506153557325,-3.6512129204355652
-0.019432945541413893,-0.5736546339378062,0.34472434390906537,1790756113,110522778,0.10700000077486038,0.07452805540042952,-0.5785273866109357,0.39568105837549794,-3.7103077871027668
-0.025206902291728145,-0.5753998725428221,0.35376607608825716,1790756113,160516626,0.1080000028014183,0.07248554090971822,-0.5796728187504733,0.3996128761635629,-3.767514008548797
-0.03123137279582,-0.5770786228582441,0.36242763028667807,1790756113,210316345,0.10999999940395355,0.07074564112738344,-0.5807844772068737,0.40350018978475777,-3.822544813318794
-0.030568937959066955,-0.5786821790552892,0.3718844074649401,1790756113,260384850,0.10599999874830246,0.06946018624129781,-0.5817229157090761,0.40682618714128804,-3.868657708737076
-0.031815601411012126,-0.5799143303149669,0.3787731524170792,1790756113,310788718,0.10499999672174454,0.06853007396567491,-0.5824928719624529,0.40958055197846854,-3.906279348485287
-0.03497916079617104,-0.5806256184594265,0.38236962273886005,1790756113,360351519,0.10700000077486038,0.0680037403530311,-0.5829753306207698,0.41131787120871777,-3.9297829645167983
-0.03554885548245919,-0.5809945459830133,0.3844049641925815,1790756113,410718238,0.10700000077486038,0.06776417037239794,-0.5832092248211506,0.4121630990754884,-3.941160913612026
-0.03387866118586076,-0.5812111828068184,0.38588784708666996,1790756113,460306604,0.10499999672174454,0.06765323062342118,-0.583321052880269,0.4125678528113281,-3.946597099304199
-0.03581260596185169,-0.5811709947227213,0.3853796554556942,1790756113,510451184,0.10700000077486038,0.06765323062342118,-0.583321052880269,0.4125678528113281,-3.946597099304199
-0.03194472361436093,-0.5812513707412035,0.38639603682448814,1790756113,560307615,0.10300000011920929,0.06765323062342118,-0.583321052880269,0.4125678528113281,-3.946597099304199
-0.0329116960023564,-0.581231276699155,0.3861419410090003,1790756113,610615344,0.10400000214576721,0.06765323062342118,-0.583321052880269,0.4125678528113281,-3.946597099304199
-0.03581260596185165,-0.5811709947227213,0.3853796554556942,1790756113,660384636,0.10700000077486038,0.06765323062342123,-0.583321052880269,0.4125678528113281,-3.946597099304199
-0.03387866118586076,-0.5812111828068184,0.38588784708666996,1790756113,710275521,0.10499999672174454,0.06765323062342118,-0.583321052880269,0.4125678528113281,-3.946597099304199
-0.03581260596185169,-0.5811709947227213,0.3853796554556942,1790756113,762647727,0.10700000077486038,0.06765323062342118,-0.583321052880269,0.4125678528113281,-3.946597099304199
-0.0329116960023564,-0.581231276699155,0.3861419410090003,1790756113,810896441,0.10400000214576721,0.06765323062342118,-0.583321052880269,0.4125678528113281,-3.946597099304199
-0.03581260596185169,-0.5811709947227213,0.3853796554556942,1790756113,860575159,0.10700000077486038,0.06765323062342118,-0.583321052880269,0.4125678528113281,-3.946597099304199
-0.03387866118586076,-0.5812111828068184,0.38588784708666996,1790756113,911553195,0.10499999672174454,0.06765323062342118,-0.583321052880269,0.4125678528113281,-3.946597099304199
-0.036779578349847214,-0.5811509006806725,0.3851255596402063,1790756113,961050070,0.1080000028014183,0.06765323062342113,-0.5833210528802689,0.412567852811328,-3.946597099304199
-0.03581260596185169,-0.5811709947227213,0.3853796554556942,1790756114,10367101,0.10700000077486038,0.06765323062342118,-0.583321052880269,0.4125678528113281,-3.946597099304199
-0.032911696002356355,-0.5812312766991549,0.38614194100900034,1790756114,64445201,0.10400000214576721,0.06765323062342123,-0.5833210528802689,0.41256785281132813,-3.946597099304199
-0.03387866118586076,-0.5812111828068184,0.38588784708666996,1790756114,111821357,0.10499999672174454,0.06765323062342118,-0.583321052880269,0.4125678528113281,-3.946597099304199
-0.03581260596185175,-0.5811709947227212,0.38537965545569414,1790756114,160718980,0.10700000077486038,0.06765323062342113,-0.5833210528802689,0.412567852811328,-3.946597099304199
-0.0329116960023564,-0.581231276699155,0.3861419410090003,1790756114,210694263,0.10400000214576721,0.06765323062342118,-0.583321052880269,0.4125678528113281,-3.946597099304199
-0.03774654353335152,-0.5811308067883362,0.384871465717876,1790756114,260487232,0.10899999737739563,0.06765323062342118,-0.583321052880269,0.4125678528113281,-3.946597099304199
-0.03194472361436093,-0.5812513707412035,0.38639603682448814,1790756114,310937924,0.10300000011920929,0.06765323062342118,-0.583321052880269,0.4125678528113281,-3.946597099304199
-0.033878661185860776,-0.5812111828068183,0.3858878470866699,1790756114,362109081,0.10499999672174454,0.06765323062342117,-0.5833210528802689,0.412567852811328,-3.946597099304199
-0.0329116960023564,-0.581231276699155,0.3861419410090003,1790756114,410700064,0.10400000214576721,0.06765323062342118,-0.583321052880269,0.4125678528113281,-3.946597099304199
-0.03581260596185169,-0.5811709947227213,0.3853796554556942,1790756114,463332447,0.10700000077486038,0.06765323062342118,-0.583321052880269,0.4125678528113281,-3.946597099304199
-0.03484563357385623,-0.5811910887647698,0.38563375127118205,1790756114,510421686,0.10599999874830246,0.06765323062342118,-0.583321052880269,0.4125678528113281,-3.946597099304199
-0.03290492052745897,-0.5812283773230023,0.3861163936015163,1790756114,560284219,0.10400000214576721,0.06765612373250296,-0.5833198148546537,0.4125569441388399,-3.9464506027407156
-0.03192478395990252,-0.5812428429859846,0.3863208966836016,1790756114,610315530,0.10300000011920929,0.06766179197089772,-0.5833173913787232,0.41253559042398813,-3.9461638196084725
-0.03480131881123456,-0.5811721556217,0.38546693013956784,1790756114,660197915,0.10599999874830246,0.06767194666770786,-0.583313056593632,0.4124973970195662,-3.9456508223852835
-0.0347668271529141,-0.5811574683649225,0.38533752850441383,1790756114,710383903,0.10599999874830246,0.06768651398944123,-0.5833068535287381,0.412442745102439,-3.9449166402064457
-0.03277986233683543,-0.5811751624725559,0.38564755244909105,1790756114,760079102,0.10400000214576721,0.06770952323475503,-0.5832970922603792,0.4123567502606945,-3.94376111346955
-0.034637572896658295,-0.5811028047964438,0.3848559837861568,1790756114,810496572,0.10599999874830246,0.06774110366207424,-0.5832837667353539,0.41223936790396776,-3.9421832522253624
-0.034540945980887916,-0.5810623192207334,0.3844994046309041,1790756114,860399706,0.10599999874830246,0.06778191339517116,-0.5832666679226076,0.41208876907715253,-3.9401579087742493
-0.03345750257542514,-0.5810340498844973,0.3843276162534143,1790756114,910539787,0.10499999672174454,0.06783207880366822,-0.5832458320488911,0.4119052890209205,-3.9376888417903593
-0.031381034866406324,-0.5810157129506555,0.3843205611373258,1790756114,960492755,0.10300000011920929,0.06789525764800644,-0.5832198701724828,0.4116767205916669,-3.934610691876185
-0.0331301335721402,-0.5809004608570474,0.3831516711038118,1790756115,10418150,0.10499999672174454,0.06797109851988911,-0.5831891024608729,0.4114059150443109,-3.9309603307150502
-0.03291295931087214,-0.580813677674853,0.3823880865117371,1790756115,60308164,0.10499999672174454,0.06806332320783773,-0.583152249328046,0.41108165308842703,-3.9265844479127656
-0.03169642424453288,-0.5807358782219537,0.3817811891065715,1790756115,110201522,0.10400000214576721,0.06817214831002094,-0.583109519097739,0.41070582378409526,-3.921505800921679
-0.03331334255178443,-0.5805733713678731,0.3801975737696168,1790756115,160396129,0.10599999874830246,0.0683003835118169,-0.5830601640596367,0.4102719195184391,-3.9156330266606574
-0.033925782035604674,-0.5804195990388191,0.3787687944222691,1790756115,210083088,0.10700000077486038,0.06844579893599577,-0.5830054259683024,0.4097909328767008,-3.9091109386434337
-0.031624989166727596,-0.5803256156630103,0.37809880516724287,1790756115,260932642,0.10499999672174454,0.06861026944325808,-0.5829449901138145,0.4092601774162651,-3.901898925682725
-0.03215678902863901,-0.5801492161799325,0.3764727595999948,1790756115,311341010,0.10599999874830246,0.06878884617478787,-0.5828810249463416,0.4086987691090941,-3.8942525650613695
-0.030703317796488952,-0.580000391767825,0.3752454283390692,1790756115,360137911,0.10499999672174454,0.06900166414175997,-0.5828068813339262,0.4080484694263705,-3.8853719686501322
-0.03008590774011903,-0.5797920517474409,0.3734195913733446,1790756115,410787992,0.10499999672174454,0.0692638519786268,-0.5827184081729957,0.40727311398864197,-3.8747492881703938
-0.03130908353651178,-0.5795181465131222,0.37086454371785355,1790756115,460194459,0.10700000077486038,0.06954495412747551,-0.5826267670498845,0.40647071918011823,-3.8637152801881767
-0.029620988755293523,-0.5793126426405089,0.36914555322821613,1790756115,510821736,0.10599999874830246,0.06985982449917377,-0.5825277036943113,0.4056041723914573,-3.85175022498811
-0.028801938874737226,-0.579064326699105,0.3669756974208903,1790756115,560375194,0.10599999874830246,0.0702057447508146,-0.5824228291134389,0.40468774827039555,-3.8390386536904213
-0.02788617354577974,-0.5787971762560825,0.3646438886619225,1790756115,610332940,0.10599999874830246,0.07059251212671834,-0.5823099999064881,0.40370292440089844,-3.825308957214058
-0.027795033029160088,-0.5784781251467248,0.3617828931539844,1790756115,660409418,0.10700000077486038,0.0710210457978061,-0.5821899017081105,0.4026559337289315,-3.810629427791352
-0.02668061519483579,-0.5781784263578753,0.35917360434898454,1790756115,710309979,0.10700000077486038,0.07148916168830692,-0.5820640119734857,0.4015598910105672,-3.7951653680053012
-0.027271707182745353,-0.5777851575705185,0.35559363579630116,1790756115,760126419,0.10899999737739563,0.07200604471772516,-0.5819307696736896,0.4004014621902574,-3.7787071770600518
-0.024990027285664143,-0.577484926622027,0.3530682541926992,1790756115,810325416,0.1080000028014183,0.07257878422814172,-0.5817894464907576,0.399174639147383,-3.761141988537058
-0.021704893305803732,-0.5772158711084695,0.3508993499539036,1790756115,860374700,0.10599999874830246,0.07320313458920255,-0.5816421462292349,0.3978980101930649,-3.7427064028345844
-0.022750716908281704,-0.5767209052547437,0.3463706846478822,1790756115,910588262,0.10899999737739563,0.07388474043460456,-0.5814885200456341,0.3965688684955987,-3.7233307013562618
-0.019217468046090813,-0.5764296802611443,0.344021353258367,1790756115,960313860,0.10700000077486038,0.07462408798423434,-0.5813294438329574,0.3951951243190168,-3.7030960114969274
-0.018142943611971288,-0.5759834856881492,0.3400921963989486,1790756116,10662245,0.1080000028014183,0.07543942561195484,-0.581162159856697,0.3937533751914345,-3.681614944393307
-0.016878593909351355,-0.5755191140935187,0.3360140712705374,1790756116,61019215,0.10899999737739563,0.07632489881968056,-0.5809891162048584,0.3922651819109816,-3.659158708180605
-0.01631917734213846,-0.5749963421035428,0.3313574283333893,1790756116,110218098,0.11100000143051147,0.07725801357418276,-0.5808154484613318,0.3907749986218205,-3.636361042837547
-0.013081936208641731,-0.5746242707412161,0.32825888529332314,1790756116,160401197,0.10999999940395355,0.07824761693835139,-0.5806399901763167,0.3892730124321956,-3.613041386428167
-0.010606037947386321,-0.5742058387603947,0.3246857627544065,1790756116,210391268,0.10999999940395355,0.07927098822292347,-0.5804670382903606,0.3877961217780818,-3.589749143217365
-0.00691248206836087,-0.5738002982699997,0.3213210404974828,1790756116,260741830,0.10899999737739563,0.08046631264562179,-0.5802748629705637,0.3861594987961048,-3.563480755258596
-0.004467393878594725,-0.5732463614112808,0.31652753629892827,1790756116,310265936,0.10999999940395355,0.08180829444608985,-0.5800704543181329,0.38442405483243125,-3.535050352363283
-0.0011930289356962692,-0.5727740311781554,0.3125305963973418,1790756116,360477637,0.10999999940395355,0.08316169862679021,-0.5798752244878205,0.3827719863345237,-3.5073775842156207
-0.00021436477793980446,-0.5721311582391266,0.30682623248905583,1790756116,410346059,0.11299999803304672,0.08449577534049961,-0.5796924774037935,0.3812306555368355,-3.480968320731254
0.004262618651999853,-0.5717136354802522,0.30341332902034923,1790756116,460239102,0.1120000034570694,0.08602014928346327,-0.5794943568466486,0.3795655931655956,-3.451726710978326
0.007777089550668387,-0.5711232806668549,0.2983737209187097,1790756116,510389441,0.11299999803304672,0.08774689196444677,-0.5792824484659583,0.3777919696918719,-3.4196684998167393
0.012820494610141286,-0.5706941203407124,0.2948992462130777,1790756116,560554531,0.1120000034570694,0.0895200721048695,-0.5790774047523326,0.37608358047152707,-3.3877860802555544
0.014584380638599626,-0.5699037120014353,0.2879283630259082,1790756116,610352989,0.11599999666213989,0.09132366011244558,-0.5788807486621814,0.37445289725893977,-3.3563084023588767
0.019248164529404768,-0.5694241667445917,0.28397213857840226,1790756116,661060368,0.11599999666213989,0.09319158392522217,-0.5786886827291248,0.3728683628921663,-3.3246038988087427
0.025077752517725482,-0.5691419717256783,0.28187845688753144,1790756116,710330094,0.11400000005960464,0.09503487127264619,-0.5785098346694174,0.3714007708263875,-3.294113147239282
0.028533389514103488,-0.5684118170432497,0.2755777305507116,1790756116,760672220,0.11699999868869781,0.09714534688929223,-0.578317127795739,0.36982890463993556,-3.260065624482005
0.034864834035401915,-0.5680058875806698,0.2724099435265366,1790756116,810296698,0.11599999666213989,0.09944632246575043,-0.578120638092949,0.36823750949693773,-3.2238756582203374
0.04056749558377895,-0.5675514952205706,0.2687587519610922,1790756116,861048187,0.11599999666213989,0.10173033423641158,-0.5779386463176771,0.3667751459248286,-3.1888009612804686
0.045441160580580744,-0.5670595199600089,0.26470674252997284,1790756116,910353746,0.11699999868869781,0.1038823765370365,-0.5777782947640796,0.36549727699321405,-3.1564385851368906
0.05200618068486904,-0.5667296256882616,0.2622401762188399,1790756116,960290474,0.11599999666213989,0.10631171982104466,-0.5776094737602987,0.3641643468098982,-3.1206153775701093
0.05830731939141637,-0.5662012564397767,0.2579694867373661,1790756117,10582295,0.11699999868869781,0.1090089951209044,-0.5774363131534553,0.3628127663122514,-3.0816203072081625
0.06466358558963274,-0.565705037033962,0.2539919778688311,1790756117,60928950,0.11800000071525574,0.1117005303648888,-0.5772776688366992,0.36159123524623193,-3.0434242989302325
0.07164467012685585,-0.5654475143471195,0.2522075663012499,1790756117,110188667,0.11699999868869781,0.11432336370170286,-0.5771359788985723,0.3605168854032046,-3.006804468295922
0.07821158072458853,-0.5650060503757113,0.24873825405492017,1790756117,160433275,0.11800000071525574,0.11707121895372595,-0.5770005769399409,0.3595085570156005,-2.9689939056663115
0.08526868115849591,-0.5646914837245675,0.2464468554648134,1790756117,210337244,0.11800000071525574,0.11986879072675331,-0.5768758766055446,0.3586002020791117,-2.9310046468050697
0.09202252074286527,-0.5641918110490283,0.24246851384084536,1790756117,260682325,0.11999999731779099,0.12274915424320625,-0.5767608399620215,0.35778500382467165,-2.8923480795757612
0.09914647097830126,-0.5638259233941453,0.23972087492767935,1790756117,310130254,0.12099999934434891,0.12563051681212425,-0.5766588813784014,0.3570874389354014,-2.854070194277889
0.1068111888571833,-0.5638141336703473,0.24019727767275406,1790756117,360238205,0.11900000274181366,0.1284808467938478,-0.5765705730392854,0.3565102169017419,-2.816525785925443
0.11340447301729242,-0.563301493492773,0.23609017308912983,1790756117,410253850,0.12200000137090683,0.13125436697101484,-0.5764963558452103,0.35605382269951125,-2.780242198915572
0.12097132711364643,-0.5632420941612182,0.23613118165860786,1790756117,460185356,0.12099999934434891,0.13415155638933374,-0.5764309379743645,0.35568592140758304,-2.742547180762016
0.1288278687368823,-0.5632095689406758,0.23643577008951078,1790756117,510514788,0.11999999731779099,0.13719175934839303,-0.5763754031800918,0.3554177245989604,-2.7031575857084755
0.13669912822046307,-0.562658008235441,0.23207591546210335,1790756117,560461164,0.12399999797344208,0.14032639626039145,-0.5763320572249726,0.35526626739037753,-2.6626567415311815
0.1450252513587255,-0.5630228746589154,0.23598829982708563,1790756117,610142835,0.11999999731779099,0.1435476943875869,-0.5763021433976466,0.35524213499992796,-2.621085658486382
0.1529909726330169,-0.5630957134525733,0.23724829118333665,1790756117,660422055,0.11900000274181366,0.1466942472655493,-0.5762872266469158,0.35534713064351864,-2.5804590255505264
0.16082550031959392,-0.562871508067464,0.23582821191186087,1790756117,710425709,0.12099999934434891,0.14971175000980227,-0.5762862507080633,0.355567633470805,-2.5414175355508077
0.16892803077812263,-0.5625704809674403,0.23373795278893067,1790756117,760498706,0.12399999797344208,0.1527221281380057,-0.5762983928907875,0.35590551252250935,-2.5023271166350454
0.1765275239608318,-0.5627463256637563,0.2358960278655223,1790756117,810462406,0.12300000339746475,0.155710104925466,-0.5763235702739519,0.35635886167444963,-2.4633274334093986
0.1835791157597709,-0.5631747288238355,0.2402826967507366,1790756117,860564014,0.11999999731779099,0.1586764261934576,-0.5763617317416524,0.3569272781194361,-2.4243503754593303
0.19125484297401005,-0.5631944026806909,0.24104275918449808,1790756117,910373926,0.12099999934434891,0.16159222388137254,-0.5764123178748528,0.3576035398434207,-2.3857205592611166
0.19863495871534087,-0.5633559478481209,0.24305562843099357,1790756117,960529933,0.12099999934434891,0.16447362928108192,-0.5764753896658714,0.35838942078608405,-2.347172017622155
0.20621164627837935,-0.5634408876143404,0.24439483479368596,1790756118,10839884,0.12200000137090683,0.1673072786417369,-0.576550506443442,0.35927994439214483,-2.308831213523026
0.21226209799222734,-0.5638636717581497,0.24865492638917236,1790756118,60277045,0.11999999731779099,0.16993177380461988,-0.5766320764410674,0.36021258346521146,-2.272874846615751
0.2186594707716652,-0.5640911060043292,0.2511853957607009,1790756118,110390403,0.11999999731779099,0.172442135309125,-0.576721322792046,0.3612055524725878,-2.238020126158566
0.225511702371829,-0.5642453433113147,0.2530924657189987,1790756118,160249807,0.12099999934434891,0.1749670682748243,-0.5768226347471067,0.36230808523137203,-2.202443966713735
0.23297677559097213,-0.5643355750036699,0.25447076004529495,1790756118,210520295,0.12300000339746475,0.17752964072199853,-0.576937868636826,0.36353862087414734,-2.1657316523554493
0.23905954166216145,-0.5647652809184187,0.2587955260960804,1790756118,260448088,0.12200000137090683,0.18006773916679814,-0.5770649950668041,0.3648741978671642,-2.1286861570425772
0.24558967710309315,-0.5651276399266125,0.2625489090666325,1790756118,310656946,0.12200000137090683,0.18260450855624444,-0.5772057610965888,0.3663322789609932,-2.090885997726776
0.2511157247604804,-0.5655955063089019,0.2671743954885337,1790756118,360688915,0.12099999934434891,0.18496360097847533,-0.5773497764733465,0.367806067905144,-2.054944222015832
0.2572928370978758,-0.5658731657138012,0.2701395983101469,1790756118,410340809,0.12200000137090683,0.18715084887385358,-0.5774953763753361,0.3692810429325716,-2.0208505208781977
0.2628028570586981,-0.5662710283990946,0.2741346102436182,1790756118,461004566,0.12200000137090683,0.18929133280382526,-0.5776499345602903,0.37083298991360647,-1.986675822618351
0.2660536018226177,-0.566945429640164,0.28044373743270845,1790756118,510243051,0.11900000274181366,0.1912863777486575,-0.5778055625266884,0.37238350233621964,-1.9540098822506071
0.2707819647098546,-0.5673419113106118,0.2843669438001783,1790756118,560332798,0.11900000274181366,0.19315125367052885,-0.5779619357024183,0.3739308228921303,-1.9226762744316415
0.275806289584811,-0.567644889040936,0.2874721397495998,1790756118,610518268,0.11999999731779099,0.19486683666693022,-0.5781158452683876,0.3754446547375595,-1.8930860127343931
0.2788442867412929,-0.5682398850570042,0.29305133585239035,1790756118,660370495,0.11800000071525574,0.19660592309391484,-0.57828253186006,0.3770751239042928,-1.862250098772444
0.28406089113578037,-0.5686188336619444,0.29685403663098503,1790756118,710865632,0.11900000274181366,0.19838848921073102,-0.5784655564700898,0.37885575765490015,-1.8296524916799817
0.28661393081994885,-0.5692229830422837,0.3024786635003072,1790756118,760491516,0.11699999868869781,0.19997949643196392,-0.5786403430417488,0.38054778545047196,-1.7995981360052182
0.2917889580476787,-0.5694942577207042,0.3053103343301381,1790756118,810379411,0.11900000274181366,0.20143645448968858,-0.5788108254960808,0.38219093863474707,-1.7711754740230097
0.2921945324276354,-0.5702355849065546,0.312004871249116,1790756118,860782334,0.11500000208616257,0.20282244988088274,-0.5789832036914964,0.383845740583132,-1.743233737269766
0.2953782641152534,-0.570655839604758,0.31602440719513314,1790756118,910301135,0.11500000208616257,0.20410421197499415,-0.5791523971395889,0.38546399529710806,-1.7165064789884208
0.2967601842735782,-0.5712189778865397,0.32119140530968093,1790756118,960305280,0.11299999803304672,0.20531219418109223,-0.5793213804061272,0.3870747547761716,-1.6904351467942789
0.30199837235515775,-0.5714200757909637,0.32339706277094465,1790756119,10234832,0.11599999666213989,0.206437793147423,-0.5794880778390064,0.38865870747939113,-1.6652691415305823
0.30378618158882037,-0.5718986509794435,0.32783477136576816,1790756119,60431792,0.11500000208616257,0.20748921767442152,-0.5796527497655335,0.3902188171844061,-1.640900458277238
0.30535806039418073,-0.5723647159893055,0.33214362034287587,1790756119,110496826,0.11400000005960464,0.2084642386547055,-0.5798140784310538,0.39174306934637027,-1.6174599951475046
0.30922886548347256,-0.5726127195347929,0.3346670119238968,1790756119,160699026,0.11599999666213989,0.20933372713765877,-0.5799657516981339,0.39317251148156285,-1.5957825149020133
0.31200395566401484,-0.5729001160504692,0.3374612487743859,1790756119,210085123,0.11699999868869781,0.21009634444574984,-0.5801055245844517,0.39448686193900384,-1.576092049565014
0.311297751367698,-0.5734519967829507,0.34236839426734245,1790756119,260714353,0.11400000005960464,0.21086803004010662,-0.5802541006842197,0.39588103268266017,-1.5554413593448144
0.3149196603450946,-0.5737097860215297,0.34496083693903173,1790756119,310472664,0.11599999666213989,0.21161298610088125,-0.5804051452598328,0.39729536136494503,-1.5347228953540413
0.31656769626178544,-0.5740614504153769,0.34824713605428204,1790756119,360191854,0.11599999666213989,0.21227305217709178,-0.5805459927585062,0.39861157937954583,-1.5156365204044309
0.3171281166961293,-0.5744442397867885,0.351730575637273,1790756119,410199156,0.11500000208616257,0.21286064603603583,-0.580677597196345,0.3998392058128316,-1.4979930347878567
0.31572254726772825,-0.5749152904608841,0.35585800824884006,1790756119,460443116,0.1120000034570694,0.21339821802944806,-0.5808037407858168,0.4010139444376779,-1.4812438940160497
0.3187511671814566,-0.5751050898066731,0.3577942169410649,1790756119,510322807,0.11400000005960464,0.21388442547293435,-0.5809231069990951,0.4021238590891426,-1.4655327578886284
0.32073078587830667,-0.5753256363849666,0.35992710456952137,1790756119,560591518,0.11500000208616257,0.21431107127547966,-0.5810324451735842,0.40313910703550765,-1.4512530196079985
0.31978329562143404,-0.5756657467424496,0.3629123326458722,1790756119,610278124,0.11299999803304672,0.21467855191275637,-0.5811304333714361,0.4040478356262507,-1.4385418923556728
0.3206375877729633,-0.5759023435034447,0.36510398946680456,1790756119,660401186,0.11299999803304672,0.21502609859216382,-0.5812266866479004,0.40493945455210917,-1.426131651842791
0.3233106292275182,-0.5760392745859754,0.366537952783058,1790756119,710150237,0.11500000208616257,0.21534970949572443,-0.581319754056591,0.4058006173263998,-1.4142005708240182
0.32214997513522303,-0.5763449797816665,0.3691977194999144,1790756119,760222697,0.11299999803304672,0.2156413742970738,-0.5814067617760704,0.40660488279799806,-1.403104590066138
0.3227946306157029,-0.5765441150618305,0.3710367099963096,1790756119,810610704,0.11299999803304672,0.215903635715725,-0.5814877748173934,0.4073530285457261,-1.3928218819957077
0.32432008907612403,-0.5766853916796534,0.37242253943974635,1790756119,860271987,0.11400000005960464,0.21613816670897806,-0.5815626547542797,0.40804393738311107,-1.3833578418630668
0.32390046924603394,-0.5769025951911863,0.3743430779649913,1790756119,910425660,0.11299999803304672,0.2163535175778539,-0.5816336131917343,0.40869813888808093,-1.3744238489360936
0.3253021905589566,-0.5770133986921432,0.375445585637882,1790756119,960606416,0.11400000005960464,0.2165356229225334,-0.5816953991065514,0.4092673633898086,-1.3666711601520385
0.325675084371044,-0.5771432053123062,0.3766407383490795,1790756120,10045328,0.11400000005960464,0.2166865329508768,-0.581747931811823,0.40975104137982943,-1.3600983740857358
0.32313135278539945,-0.577379910083566,0.37857517792377837,1790756120,60379788,0.11100000143051147,0.21681990155953718,-0.5817954299841431,0.41018813159521283,-1.354170031678188
0.324366712102412,-0.577441047648568,0.3792186026583462,1790756120,110130442,0.1120000034570694,0.21693343049628985,-0.5818367021497981,0.4105677493648999,-1.3490297322634224
0.3236416252122407,-0.577566964111247,0.3802953604999372,1790756120,160137651,0.11100000143051147,0.2170296952612884,-0.5818723354856565,0.4108953684580276,-1.344599734409443
0.3267201808127466,-0.5775247273796592,0.38014961283579723,1790756120,210126314,0.11400000005960464,0.21710948320783122,-0.5819023336928185,0.4111710819680069,-1.3408759962093288
0.3249559247021095,-0.5776619964976417,0.38124946062935205,1790756120,260321988,0.1120000034570694,0.21717440134401284,-0.5819270638146574,0.411398311316782,-1.3378100404859483
0.32604297999797194,-0.5776719407470041,0.38142144503107955,1790756120,310799847,0.11299999803304672,0.21722514269590976,-0.5819466015444458,0.41157778956149815,-1.3353902456226376
0.32518162834718,-0.5777492443892314,0.38205087313466296,1790756120,360401444,0.1120000034570694,0.2172667075823972,-0.5819627456694059,0.4117260657654813,-1.3333923706845574
0.3252668926702935,-0.5777826043593149,0.3823572213218519,1790756120,410995720,0.1120000034570694,0.21730157821522444,-0.5819763889286899,0.4118513532803837,-1.3317051076150836
0.32436225731118656,-0.5778434002100151,0.38283497365748337,1790756120,460287326,0.11100000143051147,0.2173259763607285,-0.5819859895837569,0.41193950648569966,-1.3305184023553627
0.32632983635492613,-0.5777841661385477,0.3824520244399538,1790756120,510329166,0.11299999803304672,0.21734184278983884,-0.5819922575441016,0.41199705415473925,-1.3297439102557422
0.3263567318599434,-0.5777948190233664,0.38254982579393576,1790756120,560253032,0.11299999803304672,0.21735278453083803,-0.5819965913949257,0.41203684210755737,-1.3292085310178512
0.32637228825985976,-0.5778009911399695,0.3826064883759711,1790756120,610725280,0.11299999803304672,0.2173591132500295,-0.5819991023610237,0.4120598938143977,-1.3288983868331268
0.3234867579453625,-0.5779158701471997,0.38341987706965314,1790756120,660500082,0.10999999940395355,0.21736267763090808,-0.5820005179351149,0.4120728891055575,-1.328723556553739
0.3254189656887766,-0.5778426665584183,0.38290866959271,1790756120,710459208,0.1120000034570694,0.21736377166492057,-0.582000952624445,0.41207687961395545,-1.3286698722788117
0.3263850329025856,-0.5778060534137998,0.38265296104276797,1790756120,760453297,0.11299999803304672,0.21736429807848862,-0.5820011618162777,0.41207880001762054,-1.328644037246704
0.323490678383045,-0.5779174279242013,0.3834341776633086,1790756120,810312617,0.10999999940395355,0.21736429807848862,-0.5820011618162775,0.41207880001762054,-1.328644037246704
0.3263850329025856,-0.5778060534137995,0.38265296104276797,1790756120,860292920,0.11299999803304672,0.21736429807848862,-0.5820011618162775,0.41207880001762054,-1.328644037246704
0.3273498201385026,-0.5777689284847983,0.3823925548558633,1790756120,910195759,0.11400000005960464,0.21736429807848862,-0.5820011618162775,0.41207880001762054,-1.328644037246704
0.32445546561896205,-0.5778803029952001,0.38317377147640397,1790756120,960246672,0.11100000143051147,0.21736429807848862,-0.5820011618162775,0.41207880001762054,-1.328644037246704
0.3273498201385026,-0.5777689284847983,0.3823925548558633,1790756121,10827466,0.11400000005960464,0.21736429807848862,-0.5820011618162775,0.41207880001762054,-1.328644037246704
0.3263850329025856,-0.5778060534137995,0.38265296104276797,1790756121,62579014,0.11299999803304672,0.21736429807848862,-0.5820011618162775,0.41207880001762054,-1.328644037246704
0.323490678383045,-0.5779174279242013,0.3834341776633086,1790756121,112214714,0.10999999940395355,0.21736429807848862,-0.5820011618162775,0.41207880001762054,-1.328644037246704
0.3251774879646389,-0.5776909426917612,0.38204224244833784,1790756121,164740967,0.1120000034570694,0.21726514842261563,-0.5819054487146027,0.41172667756059944,-1.3335756595352233
0.3247760569225235,-0.577445250086441,0.3806367324932139,1790756121,210373591,0.1120000034570694,0.21710116780094804,-0.5817508992573168,0.4111585347377952,-1.3415464894793683
0.32178147065241214,-0.5768958271977164,0.3776212887898322,1790756121,260245995,0.10999999940395355,0.21665849743168988,-0.5813535043024161,0.40970383053663484,-1.3620402884945273
0.32281548915671004,-0.5758000198589754,0.3711845373938502,1790756121,310320056,0.11299999803304672,0.21591295242001624,-0.5807399318774747,0.4074673771942004,-1.3937977616907373
0.31993070543525753,-0.5744416629918563,0.36343572524028267,1790756121,360915619,0.11299999803304672,0.21473877665094493,-0.5798823090370611,0.40435096744554727,-1.4386147777965617
0.31772548416809254,-0.5726879002659945,0.35325061913826433,1790756121,410374003,0.11500000208616257,0.21309941843590025,-0.5788377063566048,0.40058524424788433,-1.4938152594001894
0.3136302556718395,-0.5708691153471537,0.342809669083229,1790756121,461071428,0.11599999666213989,0.2110921246929549,-0.577720867440215,0.3966147284571281,-1.5535568997481035
0.3070982601439073,-0.569182798169063,0.333464045666968,1790756121,510158904,0.11500000208616257,0.20881468365109798,-0.5766038789390688,0.3927115488363384,-1.614164728126824
0.30010858936793466,-0.5675672841463281,0.3246557939926692,1790756121,560461503,0.11400000005960464,0.20632832233302986,-0.5755153323560952,0.3889837821324131,-1.6742056708744568
0.2945034414769945,-0.5659258771548988,0.31545772339364697,1790756121,610304888,0.11500000208616257,0.20373716302963088,-0.5744897141039392,0.38555154532784675,-1.7317752156639992
0.28819333933262814,-0.5642897386580568,0.3063725419077944,1790756121,661233924,0.11599999666213989,0.20089039310094317,-0.5734621608735558,0.38220170170522727,-1.7905694675646089
0.2816059215844087,-0.5627496549871727,0.2979037514458612,1790756121,710359557,0.11699999868869781,0.19796240078397567,-0.5724914998350317,0.3791309487397667,-1.8472551324334476
0.2737308119871089,-0.561320946760631,0.29040935951820285,1790756121,760152572,0.11699999868869781,0.19482120454484184,-0.5715290155630671,0.3761885462582701,-1.9046990810918123
0.2654125137197471,-0.5599423408613821,0.2833441223122363,1790756121,810120226,0.11699999868869781,0.19150335238661906,-0.5705856806936727,0.37341717533811813,-1.96233326889609
0.2590587839157084,-0.5582445779375182,0.2735456290964895,1790756121,860231177,0.12099999934434891,0.1880327772620448,-0.569666488375035,0.3708382094000436,-2.0199167627181387
0.2498388771779998,-0.5569752412474844,0.2673540133145661,1790756121,910355637,0.12099999934434891,0.18442969239804471,-0.5687743173163223,0.36846494344418124,-2.0773114370153047
0.24116339183920021,-0.5557148314350554,0.26103981540287163,1790756121,960274041,0.12200000137090683,0.18084623371280345,-0.5679411193534969,0.36637907044956297,-2.132408056079247
0.23197213595126634,-0.5546457827425592,0.2562160432136477,1790756122,10359093,0.12200000137090683,0.17727256160152396,-0.5671571941551731,0.3645461936101213,-2.1857227149532785
0.22145397607914521,-0.5536677405697664,0.2524945212144327,1790756122,60420099,0.12099999934434891,0.1733378835788805,-0.5663420342700741,0.3627905037479627,-2.242864858243807
0.21058144996088332,-0.552600820093958,0.2482523513170119,1790756122,110055215,0.12099999934434891,0.1690894272696032,-0.5655117977699248,0.36118028652247564,-2.3030492712136983
0.1993987957223535,-0.5517349260442219,0.24566773134847758,1790756122,160297092,0.11999999731779099,0.16483238253938862,-0.5647262480796537,0.3598447342330607,-2.3620855407616537
0.18879545062356298,-0.5508679648071889,0.24287705872895135,1790756122,210142190,0.11999999731779099,0.16066828071451006,-0.563998198265707,0.3587927981196912,-2.4188571334495905
0.178298161931796,-0.5498404457148242,0.23870153074984551,1790756122,260636920,0.12200000137090683,0.15640495671133048,-0.5632902742847189,0.35796506252346144,-2.4762077246534973
0.1674644192450234,-0.5491175207069998,0.23710210888863226,1790756122,310150980,0.12200000137090683,0.15219307722252418,-0.5626248714371482,0.35738651321265874,-2.5322956842317943
0.15640489504869054,-0.5484535885332541,0.23608627182541067,1790756122,360323329,0.12200000137090683,0.14789350436449547,-0.561977648449854,0.35703525432007444,-2.589157705078932
0.1454252524394233,-0.5474197756665885,0.23170895982991538,1790756122,410179437,0.12600000202655792,0.14360249037325737,-0.5613614953325567,0.35692200428574794,-2.6456880851518765
0.13471090823896947,-0.5475736656828888,0.23786101592197573,1790756122,460486805,0.11999999731779099,0.13942897397142096,-0.5607887105127948,0.35703778296219074,-2.700626603291699
0.12442758960374327,-0.5470343693439029,0.23758804638533287,1790756122,510695820,0.12099999934434891,0.13542636572862735,-0.5602623582727881,0.35735885699453096,-2.753424432425198
0.11372963976091041,-0.5467507143509966,0.23991408886484775,1790756122,560478789,0.11999999731779099,0.13118972351679245,-0.5597283055453897,0.3579256432072029,-2.8095911239996587
0.10215466485696614,-0.5462980416050289,0.24100432443618452,1790756122,610291341,0.12099999934434891,0.12672388986979,-0.5591892879834355,0.3587802506283096,-2.8692936946422094
0.09082726596954865,-0.545926876840947,0.24271685161485057,1790756122,660701014,0.12200000137090683,0.12239900593942811,-0.5586893806037814,0.35986779726822216,-2.9278095000181064
0.08030477670023753,-0.545738247616719,0.24588753429581417,1790756122,710633816,0.12200000137090683,0.11830810281992096,-0.5582353949528276,0.3611419001428477,-2.9839977225751944
0.06998352541292019,-0.545612535977628,0.24962319694820245,1790756122,760740739,0.12200000137090683,0.11429541569230758,-0.5578069244091463,0.36263538038498977,-3.040115655461751
0.06028982263333599,-0.5456450091993833,0.25482368869456606,1790756122,811093450,0.12099999934434891,0.11036567706930338,-0.5574025285614134,0.36434614932384396,-3.0962621691600933
0.05059940535116561,-0.5456365906810932,0.25957854791101836,1790756122,860572649,0.12099999934434891,0.10657913871553887,-0.5570264057416697,0.36624410658237194,-3.1517240643679116
0.041507365417028506,-0.5457763739533433,0.2658130030377459,1790756122,910787859,0.11999999731779099,0.10282660439076675,-0.556665923146687,0.3683867228996929,-3.2082833218402618
0.033488207884965926,-0.5460506705669912,0.2732596367848215,1790756122,960547337,0.11800000071525574,0.09923941372780028,-0.5563320348146972,0.3707023001731935,-3.264148210282104
0.02481104391123598,-0.5461945602178716,0.2794503201758912,1790756123,10233083,0.11800000071525574,0.09579649567164547,-0.5560206247479758,0.37319739619973935,-3.319764106641292
0.01799862835511387,-0.5465400937383619,0.2874306057747064,1790756123,60560423,0.11599999666213989,0.09258309140643,-0.5557372522654133,0.37579671563584954,-3.373809824163055
0.010004874192097446,-0.5466761820379754,0.29317503512995324,1790756123,110454715,0.11699999868869781,0.08965123464770594,-0.5554841538649518,0.37842687728967295,-3.425301455260756
0.003184595445081484,-0.5470215444029167,0.30127535623892265,1790756123,160396092,0.11599999666213989,0.0866440316222816,-0.5552291825718154,0.3814199531515578,-3.4807576638019757
-0.003592857621002893,-0.5474199421127766,0.3102048661074534,1790756123,210338283,0.11500000208616257,0.08362247942188092,-0.5549763476064498,0.38477956825455395,-3.53980745458467
-0.010399627549409443,-0.5477792471072699,0.3185953637019113,1790756123,260489049,0.11500000208616257,0.08087889674395347,-0.5547484149626364,0.3881989712380662,-3.59709044489147
-0.01570086189800486,-0.5482181939155144,0.3276208132884043,1790756123,310619435,0.11400000005960464,0.078409227777474,-0.5545430386370873,0.39164649074761726,-3.652495690252214
-0.019573552026167312,-0.5487252402710308,0.3373116208724935,1790756123,360416579,0.1120000034570694,0.07614723736200392,-0.5543527101093917,0.3951896204622103,-3.7074080371544045
-0.025499712722983778,-0.5491036251919237,0.3456706006189505,1790756123,410204556,0.11299999803304672,0.074081047851492,-0.5541747278561004,0.3988397232057195,-3.762195263713321
-0.02726885133749872,-0.5496656114617221,0.355849199622878,1790756123,460286137,0.10999999940395355,0.07225374549482608,-0.5540124240380967,0.40250064985806566,-3.8156432941371667
-0.031109667107933392,-0.5501015585391269,0.3645678478361102,1790756123,510430199,0.10999999940395355,0.07066262782169325,-0.5538645927169434,0.40613994698209344,-3.8675314754651637
-0.033241406590982375,-0.5505360552956807,0.3728975727259012,1790756123,560263380,0.10899999737739563,0.06938818600229865,-0.5537366629725382,0.40947519242577024,-3.9141910193434035
-0.036648820865951795,-0.5508823180940484,0.37990992764089504,1790756123,610357590,0.10999999940395355,0.06836445556229036,-0.5536240530231296,0.41253958489091896,-3.9564283650819583
-0.037095255398304175,-0.5511473072041221,0.38489894226575483,1790756123,660413920,0.10899999737739563,0.06777900127649455,-0.5535543388797266,0.41450630475709016,-3.9832625892872677
-0.03964107640636878,-0.5512194520414123,0.38659286503135687,1790756123,710436834,0.11100000143051147,0.0675218446409881,-0.5535220525982613,0.41543392431923853,-3.995852895513659
-0.03799617595698246,-0.5513157880462727,0.3881793313800107,1790756123,760412108,0.10899999737739563,0.06740221317739113,-0.5535066244537425,0.41588094201887293,-4.001905918121338
-0.0341283444360113,-0.5513961857277144,0.3891959044385805,1790756123,810168169,0.10499999672174454,0.06740221317739113,-0.5535066244537425,0.41588094201887293,-4.001905918121338
-0.03606226379869509,-0.5513559868121174,0.3886876169625383,1790756123,860287805,0.10700000077486038,0.06740221317739113,-0.5535066244537425,0.41588094201887293,-4.001905918121338
-0.035095304117353204,-0.551376086269916,0.3889417607005594,1790756123,910104098,0.10599999874830246,0.06740221317739113,-0.5535066244537425,0.41588094201887293,-4.001905918121338
-0.037029223480036996,-0.5513358873543189,0.3884334732245172,1790756123,960483087,0.1080000028014183,0.06740221317739113,-0.5535066244537425,0.41588094201887293,-4.001905918121338
-0.037029223480036996,-0.5513358873543189,0.3884334732245172,1790756124,10665204,0.1080000028014183,0.06740221317739113,-0.5535066244537425,0.41588094201887293,-4.001905918121338
-0.03799617595698246,-0.5513157880462727,0.3881793313800107,1790756124,63678246,0.10899999737739563,0.06740221317739113,-0.5535066244537425,0.41588094201887293,-4.001905918121338
-0.03799617595698246,-0.5513157880462727,0.3881793313800107,1790756124,110737670,0.10899999737739563,0.06740221317739113,-0.5535066244537425,0.41588094201887293,-4.001905918121338
-0.03686589828094611,-0.5512257349083727,0.3878276256467207,1790756124,162506653,0.1080000028014183,0.06747055055829376,-0.5534367971326642,0.415630813459692,-3.9985568948478467
-0.0375451504488102,-0.5510156227058016,0.38652572164087245,1790756124,210218931,0.10899999737739563,0.06758990044131151,-0.5533169671747724,0.4152019193706781,-3.992807404957902
-0.033703321598342245,-0.5504761360316447,0.38402424522655887,1790756124,260369539,0.10599999874830246,0.06799075801504299,-0.5529317806737278,0.4138283341342641,-3.974331962340755
-0.03392632962008166,-0.549445111073768,0.37808605905107306,1790756124,310475842,0.1080000028014183,0.06869947808928833,-0.5523061284266861,0.41160857054427835,-3.944259136206699
-0.030570785761496008,-0.5482214119003135,0.37161742801457703,1790756124,360298366,0.10700000077486038,0.06970947174695494,-0.5515082742640388,0.4087935851002794,-3.9056862306130355
-0.0300433654758267,-0.5466073715682545,0.36233399953768924,1790756124,410224918,0.10999999940395355,0.07108810780222881,-0.5505447276192544,0.4054260197828272,-3.8587914934786705
-0.027130833290945844,-0.5450310935156027,0.3536707349905531,1790756124,460549860,0.11100000143051147,0.07266136603330692,-0.54956922669335,0.402064150026725,-3.810992975615272
-0.02464591097277359,-0.5434168486069586,0.344634295596065,1790756124,510367801,0.11299999803304672,0.07440084269528031,-0.5486011516052622,0.39878097735690976,-3.7631854949567143
-0.019119454892994547,-0.5419597607920279,0.33722403377274346,1790756124,560192140,0.1120000034570694,0.07629965086474678,-0.5476442777713061,0.39559252953448837,-3.7154652484576363
-0.014070724725960784,-0.5404769595275277,0.32955135959538256,1790756124,610233128,0.1120000034570694,0.07836151201057392,-0.5466953231992583,0.39249271594802926,-3.6676254761587708
-0.009399037853412007,-0.5389490717936504,0.3214757486087072,1790756124,660627653,0.11299999803304672,0.08059491062779106,-0.5457505151745936,0.3894744924218613,-3.6194123601307893
-0.005911205283388801,-0.5373309005596125,0.3124178311751518,1790756124,710312242,0.11599999666213989,0.08294585152764979,-0.5448305460306574,0.3866079787575968,-3.5718459862674186
0.002332145203898933,-0.536171796226913,0.30768538282523256,1790756124,760425174,0.11299999803304672,0.0853617347933301,-0.5439502053030262,0.3839387969148576,-3.5256917864547557
0.006905106610833933,-0.5347605360478671,0.3001778948274011,1790756124,810206948,0.11500000208616257,0.08779176121060184,-0.5431202262781859,0.381494960482332,-3.4815452430182816
0.013103518241605328,-0.5333361247940456,0.2930741380419627,1790756124,860468519,0.11599999666213989,0.09055327157242421,-0.54223422989079,0.3789715108789655,-3.433666423785362
0.020152463257844047,-0.5318585369405928,0.28587787696854255,1790756124,910674295,0.11699999868869781,0.09362487893968814,-0.541309076118014,0.3764399613984276,-3.382769406965961
0.026138143476346146,-0.5302966861737938,0.27763076783256657,1790756124,960776023,0.11999999731779099,0.09670989277498436,-0.5404348069043456,0.37415457870456204,-3.3337251020031697
0.03504669575741233,-0.529249173035949,0.2739950640557666,1790756125,10354843,0.11800000071525574,0.09977225862078982,-0.539614062725437,0.3721132109122175,-3.286756631635343
0.04108401776231292,-0.5276972114353611,0.2656494581915759,1790756125,60533109,0.12200000137090683,0.10296701259390499,-0.5388017114059813,0.37020176742277805,-3.239291513279987
0.050398967907135786,-0.5267398161735014,0.26283846324275273,1790756125,110278420,0.11999999731779099,0.1062212745952501,-0.5380149224950669,0.36846394032913254,-3.19230141372322
0.05900132325800331,-0.5256333543423183,0.25867570656465744,1790756125,160337880,0.11999999731779099,0.10959401639128669,-0.5372382056821241,0.3668686184543569,-3.144826011099068
0.06785026820019119,-0.524567255393325,0.2549140921726917,1790756125,210488173,0.11999999731779099,0.11306347652662027,-0.5364760385852729,0.3654308150339309,-3.097084937988477
0.07544790261225012,-0.523291660527473,0.24892208292596035,1790756125,260480541,0.12300000339746475,0.11643429349193139,-0.5357678763206589,0.3642193536565209,-3.0515953146675083
0.08417924492967371,-0.522506350859498,0.24717914433703425,1790756125,310166962,0.12200000137090683,0.11969405532633706,-0.5351107552615666,0.36321287894322296,-3.008308601332998
0.09314408746653688,-0.5216176234982942,0.24476045947897346,1790756125,360340858,0.12200000137090683,0.12317392879541539,-0.534436953306446,0.36230991182790395,-2.962735220031832
0.10236331533601042,-0.5206377299680479,0.24171849816497518,1790756125,410427160,0.12300000339746475,0.12682972731423361,-0.5337572956180049,0.3615445075195584,-2.9154303213967157
0.11211927665315881,-0.519677485740869,0.2390659534044019,1790756125,460717667,0.12399999797344208,0.130655617460719,-0.5330747627192826,0.3609384955804117,-2.866418377356664
0.1222590852882357,-0.5188714310092379,0.23787629671175503,1790756125,510124496,0.12399999797344208,0.1345525175344684,-0.5324073412640185,0.3605207020248204,-2.8168739687103472
0.13235313276978997,-0.5181299798634051,0.2372036272231972,1790756125,560726040,0.12399999797344208,0.13843182781022637,-0.5317688588982113,0.3603012711595981,-2.7678008875691638
0.14199764685589997,-0.517365850760003,0.23603882256527417,1790756125,610541269,0.125,0.14213882916548162,-0.5311813325034976,0.3602729263039442,-2.7210220169808195
0.15168467162487417,-0.5168725848114313,0.2373235015522078,1790756125,660615358,0.12399999797344208,0.14586133767702128,-0.5306122271850826,0.36042228508230445,-2.6740495212158004
0.16142722211502442,-0.5162114874618833,0.23708605257116785,1790756125,710654503,0.125,0.14956910435949192,-0.5300648916353605,0.3607487722408493,-2.6271554599047873
0.17118488064315798,-0.5156052140971632,0.23731430421610938,1790756125,760516231,0.12600000202655792,0.15324621398797356,-0.5295403699358726,0.361249836574984,-2.580435984381827
0.18058706894551843,-0.5152725872920235,0.2399646314974691,1790756125,810362561,0.125,0.15689623628539748,-0.5290367096050963,0.3619248437997643,-2.5337389467952893
0.18968434900796127,-0.5148953494881698,0.24199383005461308,1790756125,860321807,0.125,0.1603751581316874,-0.5285716553949353,0.36273706997686594,-2.4888255977286224
0.1977859202458857,-0.5147947111697618,0.24624548860505208,1790756125,910390656,0.12300000339746475,0.1636853690265805,-0.5281421889540111,0.3636677951703502,-2.445623194731439
0.20692200422420837,-0.5144985812388552,0.24917246157165276,1790756125,960508830,0.12300000339746475,0.16721411994337088,-0.5276978164232491,0.36483604681896825,-2.398950752491301
0.21649543430967605,-0.5142380045388354,0.25276543798516987,1790756126,10424946,0.12300000339746475,0.1709115958787413,-0.527246134200384,0.3662639096594048,-2.349208870824195
0.22597062261974668,-0.5139357120631384,0.25578582850963516,1790756126,60341332,0.12399999797344208,0.17441045336015118,-0.5268313403846142,0.367818195321775,-2.3011871758213145
0.23413497839823622,-0.5138968000394013,0.2609060970396869,1790756126,110354829,0.12300000339746475,0.17772418809271107,-0.5264493177210762,0.3694844460450648,-2.2546873459233585
0.2430241957281441,-0.5137013118667919,0.2646739941744106,1790756126,160573521,0.12399999797344208,0.18096396711742396,-0.5260855393255607,0.3713096281456506,-2.2080910390644286
0.2517720350291621,-0.5135571848972367,0.2688873429347805,1790756126,210922657,0.125,0.1841175641767085,-0.5257401386847645,0.3732877653988944,-2.1614604597883935
0.2596993270824698,-0.513558784509127,0.2742957233361823,1790756126,260639320,0.125,0.18714874490833952,-0.5254158603183704,0.37539380828069857,-2.115245692854113
0.26862008049667235,-0.5134204919296718,0.27852544634475684,1790756126,310317335,0.12700000405311584,0.19008678678077767,-0.5251082412990571,0.37764617738676887,-2.068907440615241
0.27455523608897003,-0.5136897648073291,0.2860324207406154,1790756126,360471841,0.125,0.19282890173396938,-0.5248266089277678,0.37995673588814094,-2.024037524787944
0.28045564964915576,-0.5138936861539722,0.2927311625620681,1790756126,410375347,0.12399999797344208,0.19534724422122393,-0.5245722272458959,0.38227739410241,-1.9811975239357198
0.28485767271060464,-0.5142986363444104,0.30130920263803573,1790756126,460557261,0.12099999934434891,0.1978672991375021,-0.5243212939310485,0.3848150172969294,-1.9364698977494912
0.29041906937103085,-0.5145648468143647,0.3088349539774665,1790756126,510259350,0.11999999731779099,0.20032904899154136,-0.5240789492496712,0.387532282007988,-1.8906205204878626
0.2974117069692484,-0.5147189056531557,0.31566011644464426,1790756126,560431949,0.12099999934434891,0.20276332870245847,-0.5238413875193042,0.3904896871864364,-1.8427331741886108
0.3017942965190567,-0.5151387241936546,0.3247870024503321,1790756126,610238408,0.11900000274181366,0.20510599792745995,-0.523613624221922,0.3936386519405568,-1.793670944854915
0.30807320386469256,-0.5153708297123895,0.33226117924035237,1790756126,660871991,0.11999999731779099,0.2072482422384719,-0.5234049592153773,0.3968350070072596,-1.74557747045709
0.31113588295758643,-0.5158131598440874,0.34109716207883095,1790756126,710366430,0.11800000071525574,0.20912590270574213,-0.523220525182013,0.3999452294775925,-1.7001744132700467
0.312917020205913,-0.5163290853876222,0.3505651826042868,1790756126,760466325,0.11500000208616257,0.21088438357037725,-0.5230444175898328,0.40318880709397853,-1.6540670287317667
0.31699055680543037,-0.5166898087807286,0.3589061233107475,1790756126,811458936,0.11500000208616257,0.21252141563457905,-0.5228754686987998,0.4065814485243221,-1.6069934358749967
0.323239098311567,-0.5169054931136577,0.3658228920764482,1790756126,861481202,0.11800000071525574,0.21391443802346097,-0.5227264308974933,0.4098482882133064,-1.5625904883422017
0.3243344673135881,-0.5173707142179819,0.3743223852176068,1790756126,910367945,0.11599999666213989,0.21509112440072997,-0.5225944336810608,0.4129824939837653,-1.5207145188533382
0.3273399577854887,-0.5176241700803933,0.3801074407680364,1790756126,960436878,0.11699999868869781,0.21590964412716393,-0.5224966918715197,0.4154421747072873,-1.4882782320745902
0.3276925627698003,-0.5178757700764997,0.38467141001357186,1790756127,10380643,0.11599999666213989,0.21642941217935402,-0.5224308553850916,0.41716389751661775,-1.4657699278427156
0.3264921130340264,-0.518077557005321,0.38774010464883424,1790756127,60725382,0.11400000005960464,0.21671811839086144,-0.5223926452339074,0.4181876025304626,-1.4524561771969766
0.3305901674565849,-0.5179711127252239,0.3875633414036437,1790756127,110653989,0.11800000071525574,0.21681510387551262,-0.5223793640233851,0.4185440191950601,-1.447832616588338
0.3278117942057408,-0.518103985476052,0.38877013836116586,1790756127,160382041,0.11500000208616257,0.21686076727589831,-0.5223730543276781,0.41871417206023254,-1.4456273317337036
0.3297413739699326,-0.51802974092784,0.3882493734517925,1790756127,210508928,0.11699999868869781,0.21686076727589826,-0.522373054327678,0.41871417206023254,-1.4456273317337036
0.3307061674461571,-0.5179926185154429,0.38798899002710396,1790756127,260844740,0.11800000071525574,0.21686076727589831,-0.5223730543276781,0.41871417206023254,-1.4456273317337036
0.32974137396993264,-0.5180297409278403,0.3882493734517925,1790756127,310941052,0.11699999868869781,0.21686076727589831,-0.5223730543276781,0.41871417206023254,-1.4456273317337036
0.3287765804937082,-0.5180668633402377,0.38850975687648104,1790756127,360954743,0.11599999666213989,0.21686076727589831,-0.5223730543276781,0.41871417206023254,-1.4456273317337036
0.32877658049370817,-0.5180668633402374,0.38850975687648104,1790756127,410182071,0.11599999666213989,0.21686076727589826,-0.522373054327678,0.41871417206023254,-1.4456273317337036
0.3278117942057408,-0.518103985476052,0.38877013836116586,1790756127,463960384,0.11500000208616257,0.21686076727589831,-0.5223730543276781,0.41871417206023254,-1.4456273317337036
0.3307061674461571,-0.5179926185154429,0.38798899002710396,1790756127,512226293,0.11800000071525574,0.21686076727589831,-0.5223730543276781,0.41871417206023254,-1.4456273317337036
0.3295974303280629,-0.5179391992629885,0.38773075445993516,1790756127,561485066,0.11699999868869781,0.2168035049849301,-0.5223167505252644,0.41851008427377645,-1.4485010572102743
0.3283708870650224,-0.517813693079829,0.3870625820281609,1790756127,610392634,0.11599999666213989,0.216698530114863,-0.5222150776894602,0.4181417025487092,-1.4536937101782144
0.33037815208736043,-0.5171771684446381,0.3832576433506053,1790756127,660665437,0.11900000274181366,0.21635154011347826,-0.52189156755958,0.4169727268488618,-1.4702212997510595
0.32599079047946494,-0.5164590607158795,0.37933572241485475,1790756127,710485841,0.11599999666213989,0.21574601898233584,-0.5213675533493657,0.4150847962941774,-1.4970811081184134
0.3266520617492954,-0.515243541467464,0.37217099655514513,1790756127,760930756,0.11900000274181366,0.2148822493762624,-0.5206912012595222,0.41265349521121436,-1.5320047938789914
0.3219433414384052,-0.5140739316796558,0.36566438318753336,1790756127,810420010,0.11699999868869781,0.21375365806636884,-0.5199000677037955,0.4098237337720022,-1.5731965454544279
0.31779280647088715,-0.5128366248976199,0.35875150036385595,1790756127,860730768,0.11599999666213989,0.21246002477433987,-0.5190863633725596,0.4069380658637838,-1.615911490216559
0.314246473159343,-0.5115627076264,0.35157193446301926,1790756127,910295115,0.11599999666213989,0.21103725044592697,-0.5182768496919873,0.40409598484788645,-1.6587942193809633
0.31035270501131657,-0.5102948248170467,0.3444651902591969,1790756127,960524316,0.11599999666213989,0.20947524796629413,-0.5174667870979331,0.40128332858480265,-1.7021702911137053
0.309602248618181,-0.5088013543420686,0.33550727607122327,1790756128,10240683,0.11999999731779099,0.20781318299832846,-0.516675568829617,0.39857059522516003,-1.7450282367012564
0.3033663581905218,-0.5077008826299381,0.32971919934364746,1790756128,60702959,0.11800000071525574,0.20601109827697905,-0.5158835464919973,0.39589319384365806,-1.7884718268622037
0.300226679144309,-0.5063697970711736,0.32200348615790736,1790756128,110332593,0.11999999731779099,0.2041290105832762,-0.5151158472469681,0.39333891956744244,-1.8311453703394274
0.2959261200146497,-0.5051243517634313,0.3149712276953186,1790756128,160333850,0.12099999934434891,0.20213476045518983,-0.5143571599216402,0.3908588812816185,-1.8739139138067347
0.28983934249901455,-0.5040649603768548,0.3094428275566227,1790756128,210296254,0.11999999731779099,0.20004792723669906,-0.5136138218956497,0.3884764934538537,-1.9164412617470195
0.2871150126901064,-0.5026190692026646,0.3007158813507419,1790756128,260602057,0.12399999797344208,0.197846413169253,-0.5128771954426042,0.3861669637490626,-1.95924962693734
0.27983935182115416,-0.5017063796867295,0.29637327537823804,1790756128,310288063,0.12200000137090683,0.19557685218062945,-0.5121616345958765,0.38397760822551563,-2.001520318440995
0.27435768380546033,-0.5005577437977979,0.29008821136164853,1790756128,360423329,0.12300000339746475,0.19318849938295163,-0.5114502211348636,0.38185922134531725,-2.04427579248692
0.2678994812910577,-0.49951792883336826,0.2847373886738855,1790756128,410866142,0.12300000339746475,0.19068959317399597,-0.5107457326023574,0.37982456149573474,-2.087392586493961
0.26095876793179484,-0.49865425354608883,0.28070342510338225,1790756128,460432619,0.12200000137090683,0.18823472260536805,-0.5100886233283337,0.37798892635379455,-2.1283684189577246
0.25576379179760605,-0.4975628469376019,0.27463135349838796,1790756128,510216949,0.12399999797344208,0.18577574126451718,-0.5094613311693411,0.37629795742012073,-2.1682270604970695
0.24870406645575738,-0.49662448627953454,0.2700962529858542,1790756128,560389335,0.12399999797344208,0.18305801425367954,-0.5088003226707722,0.3745871345778358,-2.211083392126247
0.24204853669378618,-0.49547361242434246,0.2639100604413866,1790756128,610223072,0.12600000202655792,0.18011743186716328,-0.5081193186444506,0.3729083396931306,-2.256226118062293
0.23501872132000695,-0.4945049009574722,0.2590779858138974,1790756128,660785052,0.12700000405311584,0.17726443394757982,-0.507489221224292,0.37143834691514693,-2.2989719128755235
0.2275773236601834,-0.4938472446695542,0.2566268888565689,1790756128,710384714,0.12600000202655792,0.17460136495761044,-0.5069258489294518,0.3701984452465774,-2.33806398886363
0.2200638476630392,-0.4930790003053021,0.25339413685484813,1790756128,760566138,0.12600000202655792,0.17173759549539877,-0.5063444414511713,0.368999508413992,-2.3793454759128463
0.21287914817556097,-0.49211129754601013,0.24851507794062222,1790756128,810301736,0.12800000607967377,0.1687362067781013,-0.5057600106623088,0.36788473451818776,-2.4218792094006933
0.20396751956538234,-0.49158888156110936,0.24762283097310483,1790756128,860141677,0.12600000202655792,0.16560247675321502,-0.5051749418626846,0.3668685561216196,-2.4656053312900887
0.1956098126919288,-0.49076229389292847,0.2441819339114722,1790756128,910471110,0.12700000405311584,0.16231703196191322,-0.5045869181542906,0.36595825157950934,-2.5108132034280497
0.1869861498047833,-0.4902244799431507,0.2431182016957012,1790756128,960204190,0.12600000202655792,0.15913007514484975,-0.5040395166606739,0.3652213727262944,-2.5541495548855893
0.1783370554745936,-0.4898497542391003,0.24343071066357164,1790756129,10509484,0.12399999797344208,0.1559710605117017,-0.5035177238153805,0.364628682488167,-2.5966965407613776
0.1699659917052908,-0.4892884688157901,0.2421315851667064,1790756129,61293242,0.12399999797344208,0.1527489444933521,-0.5030054770839351,0.36416197673736045,-2.6397600433672714
0.1621433553389906,-0.48845295697260455,0.23824426516330163,1790756129,110141032,0.12700000405311584,0.1496240780472407,-0.5025267291783106,0.3638396379342983,-2.6812785266791166
0.1535703865867662,-0.48819906795288,0.23961664573389643,1790756129,160539539,0.125,0.1464160777891684,-0.5020526841716496,0.3636404062932814,-2.7237270520564967
0.14535581523584662,-0.4876604740393898,0.2383646436863567,1790756129,210369814,0.12600000202655792,0.14326347015471133,-0.5016030664334291,0.36357337628950914,-2.765340288974433
0.13722127484803057,-0.4872770561127069,0.23843479414191224,1790756129,260589006,0.12600000202655792,0.14016313277299056,-0.5011757484456131,0.36363132897445927,-2.806232076379066
0.12935321387509754,-0.4869407325233213,0.23881016293115787,1790756129,310481197,0.12600000202655792,0.13716437171311627,-0.5007757834075468,0.36380447356549456,-2.8458166034690184
0.12093790908194946,-0.48651276258075354,0.2385484588730001,1790756129,360250740,0.12700000405311584,0.1339963221176909,-0.5003668845597593,0.36411335119036026,-2.88773814321792
0.1122100640991375,-0.4863234111775536,0.2406849906152358,1790756129,410612951,0.12600000202655792,0.13063067002987694,-0.49994701121604673,0.36458446321229,-2.9324662501906453
0.10359355302080758,-0.485970164492442,0.2411711165414196,1790756129,460257641,0.12700000405311584,0.12741812284231221,-0.49955961496414036,0.3651740106132474,-2.975425324786681
0.09552598032379732,-0.48587256379067434,0.24393497323119023,1790756129,510527092,0.12600000202655792,0.12427180697265632,-0.49919233092862836,0.3658868562193468,-3.0178316457619343
0.08707011433293335,-0.4856013377166001,0.245106695621022,1790756129,560797174,0.12700000405311584,0.12115131153895638,-0.4988394467033436,0.36672998901891807,-3.0602974955888533
0.07966472443161553,-0.4856800876361723,0.24943889596407223,1790756129,610299743,0.125,0.11810936394829762,-0.49850588109621463,0.3676865543533727,-3.102168075534349
0.07112484484826428,-0.4853842444402395,0.25031487830070004,1790756129,660235360,0.12700000405311584,0.11510369426045729,-0.49818601755132746,0.368767300982059,-3.144086192195875
0.06374991424938457,-0.48542802385074796,0.25430148028132177,1790756129,710218978,0.12600000202655792,0.11216076129118151,-0.49788181074180676,0.36996173097904606,-3.1857480416099566
0.05697596336555919,-0.48559851870551296,0.25948059755110187,1790756129,760258410,0.12399999797344208,0.1092574600720089,-0.4975900872524772,0.37127883941263823,-3.2275482180044266
0.049565196851395654,-0.48560463140260174,0.26313265675686404,1790756129,810258638,0.12399999797344208,0.10640476169732244,-0.4973112211478824,0.37271467682436876,-3.269403748444999
0.042057025150357225,-0.48554948249392604,0.26608055866373626,1790756129,860450691,0.125,0.10370435257221491,-0.4970540605626414,0.37421127449047586,-3.3098499709762583
0.03494701839490072,-0.48552521115018404,0.269148328494662,1790756129,910160549,0.12600000202655792,0.10118220956223542,-0.4968196346992799,0.3757378962694347,-3.3484580254837493
0.029035836857945932,-0.48580317517956007,0.27535795077540454,1790756129,960564844,0.12399999797344208,0.09850202192745185,-0.4965763954245019,0.3775067948944486,-3.3904968405973666
0.023044424229176422,-0.4861086099243125,0.28205879183189014,1790756130,10861702,0.12200000137090683,0.09573675627160702,-0.496331326358826,0.37950273092218867,-3.435126583964477
0.015200226563715058,-0.4861036953398784,0.28562673488067836,1790756130,60527383,0.12399999797344208,0.09317567471943349,-0.49610942062418856,0.38152102273904576,-3.4777839197708604
0.009598214964083876,-0.4863674898975157,0.29166145423999684,1790756130,110366704,0.12300000339746475,0.0907649177908684,-0.4959046728758528,0.38358538653644786,-3.519290954832143
0.004238223400986521,-0.48665257790288596,0.29792576548766725,1790756130,160419322,0.12200000137090683,0.08842404624307137,-0.495709323078829,0.38575926099889235,-3.561057858192442
-0.00157444875973059,-0.4868865102782872,0.30370620674508064,1790756130,210574940,0.12200000137090683,0.08616363028863812,-0.4955235250167063,0.3880355124211729,-3.6029885175406613
-0.004906918762515394,-0.4873467750032603,0.3117059778186153,1790756130,260867132,0.11900000274181366,0.08399606513487948,-0.49534758229483017,0.3904031644860837,-3.6449359704655926
-0.010064675030524328,-0.4876129258306242,0.3177476679137251,1790756130,310428341,0.11900000274181366,0.081959537856886,-0.4951837720411404,0.3928158181684167,-3.6861852217207267
-0.015649268807758188,-0.4878324815074216,0.3232284468676099,1790756130,360651431,0.11999999731779099,0.08006931206734766,-0.49503253663426666,0.39524311091387243,-3.7263702408600197
-0.02001988593634134,-0.4881208858864234,0.329241361971748,1790756130,410480159,0.11999999731779099,0.07835211682318449,-0.49489531041223855,0.3976303640239327,-3.764773911371958
-0.02365158992755996,-0.4885042016205102,0.3364681225258614,1790756130,460616934,0.11900000274181366,0.07659425744673004,-0.4947543882043986,0.4002858779269158,-3.8063540230409294
-0.028904370595468895,-0.48881898175293814,0.34316186917145525,1790756130,510140189,0.11999999731779099,0.07486119599892649,-0.49461402205103516,0.4031545691736837,-3.850106918854025
-0.02851021555240929,-0.489418032297087,0.35276506916035566,1790756130,560372576,0.11500000208616257,0.07327683673172418,-0.49448323683840184,0.4060448980834962,-3.893129068555392
-0.03562946654951664,-0.4896185401556114,0.35806362804368097,1790756130,610357934,0.11900000274181366,0.07186296515718314,-0.4943632679066309,0.4088953635727857,-3.9346537009441476
-0.03615159937011875,-0.49011550843904106,0.366515011192341,1790756130,660475977,0.11599999666213989,0.07056557252039596,-0.4942495460755884,0.4117958480013756,-3.9761255657209023
-0.038125126523131256,-0.490532202857759,0.3740812408653746,1790756130,710225020,0.11500000208616257,0.06939723414892061,-0.4941425048430139,0.4147126099648999,-4.017143321767206
-0.04338371865472772,-0.4908101207516585,0.3798519879813029,1790756130,762748793,0.11800000071525574,0.06842072443429259,-0.49404661722225546,0.4174457609357456,-4.055042511940219
-0.042283290421623085,-0.49118343402135917,0.3862145978797555,1790756130,810602228,0.11500000208616257,0.06771592878548037,-0.4939719986501806,0.4196420740177454,-4.085170990807125
-0.04438176552640123,-0.49136994260830785,0.3897983978343654,1790756130,860765550,0.11599999666213989,0.06725587855705405,-0.49392031829020805,0.4212074925840299,-4.106487061982509
-0.043045004414830806,-0.4915282783022057,0.39246039542242506,1790756130,910195545,0.11400000005960464,0.06701636548072862,-0.4938922351717391,0.4220730038556868,-4.118221308875716
-0.04526240449490203,-0.4915451731912745,0.39300949986176215,1790756130,962328992,0.11599999666213989,0.06690082601769376,-0.4938783515268023,0.4225046727795363,-4.124060702603287
-0.04623398305412131,-0.49152602887310626,0.3927728155653102,1790756131,10213039,0.11699999868869781,0.06689896354588659,-0.4938781262949735,0.4225117416466787,-4.124156207938469
-0.0462363878292871,-0.4915265300818132,0.392781908085184,1790756131,60870057,0.11699999868869781,0.0668980008042846,-0.4938780098442635,0.42251539668961846,-4.124205589294434
-0.045269425272236305,-0.4915466282403962,0.3930360409842807,1790756131,110396238,0.11599999666213989,0.0668980008042846,-0.4938780098442635,0.42251539668961846,-4.124205589294434
-0.045269425272236305,-0.4915466282403962,0.3930360409842807,1790756131,160353059,0.11599999666213989,0.0668980008042846,-0.4938780098442635,0.42251539668961846,-4.124205589294434
-0.04333550736255258,-0.49158682440781964,0.39354430488904035,1790756131,210283343,0.11400000005960464,0.0668980008042846,-0.4938780098442635,0.42251539668961846,-4.124205589294434
-0.042368544805501784,-0.49160692256640265,0.39379843778813706,1790756131,261878686,0.11299999803304672,0.0668980008042846,-0.4938780098442635,0.42251539668961846,-4.124205589294434
-0.04430246991960338,-0.4915667262492366,0.3932901719899436,1790756131,313529382,0.11500000208616257,0.0668980008042846,-0.4938780098442635,0.42251539668961846,-4.124205589294434
-0.04318851822950963,-0.4914892567799921,0.3929982457198782,1790756131,361373476,0.11400000005960464,0.06695758089061425,-0.49381760526878427,0.4222969770153532,-4.1212754214221885
-0.042917661231314616,-0.49131235859966765,0.39200876717506117,1790756131,410623193,0.11400000005960464,0.06706735496890341,-0.49370806954139723,0.4219011875205487,-4.115959989032892
-0.043151657382760014,-0.4908315943546361,0.3891762060240856,1790756131,460365337,0.11500000208616257,0.06736190492163528,-0.4934240541124827,0.42087844851596434,-4.102188346815551
-0.040981666618439674,-0.4901395043275192,0.38547569560331424,1790756131,510292658,0.11400000005960464,0.06785151020569007,-0.49298071011403094,0.41928792986306496,-4.080661241163336
-0.03916041798534495,-0.48915430865696014,0.3800090462257546,1790756131,560273044,0.11400000005960464,0.068588621351331,-0.4923692703378517,0.4171009396393257,-4.050820198073174
-0.038490499816958054,-0.48785634981128684,0.37247813038170396,1790756131,610136328,0.11599999666213989,0.06961345193671241,-0.4916027361955533,0.41437681090885586,-4.013208104619779
-0.03385207076178465,-0.48670544022576956,0.36654167318775466,1790756131,660528252,0.11400000005960464,0.07073504815495157,-0.4908453356039599,0.41171241412194753,-3.975874623930614
-0.03270463257130081,-0.48544896407923793,0.3592920027847552,1790756131,710536823,0.11599999666213989,0.07192759391712407,-0.4901103568623736,0.4091554946702295,-3.9394617665046177
-0.03300713556099846,-0.48409503119098907,0.35106933238601173,1790756131,760876108,0.11999999731779099,0.073222597982622,-0.48937689673436796,0.4066332142149742,-3.9028821667051616
-0.027812209879004943,-0.4830385064916829,0.3458374073885471,1790756131,810078075,0.11800000071525574,0.07457790280386423,-0.48866640606301626,0.40422055341550167,-3.8671950054719058
-0.02567074752341042,-0.4817478359955407,0.33845605097752696,1790756131,861673938,0.11999999731779099,0.0760969182925056,-0.48792635892374586,0.40174244291983574,-3.829722958949045
-0.0217923105760848,-0.48063540220946127,0.33257118278850106,1790756131,910252209,0.11999999731779099,0.07761664376035085,-0.4872347190629068,0.3994614524177538,-3.79440143844672
-0.015304872370849792,-0.47971986014033163,0.3286257783114623,1790756131,960279604,0.11699999868869781,0.07920919171063363,-0.48655353087593733,0.39725079072117964,-3.7593042056657975
-0.011253902531522975,-0.47869205924780645,0.32334667033972897,1790756132,10309629,0.11699999868869781,0.08082127877668029,-0.4859025486041845,0.39517402949665714,-3.7254509790085417
-0.009108301423037146,-0.4774368821030614,0.31604615054770246,1790756132,60799378,0.11999999731779099,0.08258754364015161,-0.48522747745412487,0.39306029196662307,-3.6899949991907346
-0.004319341009953084,-0.47636537163817977,0.3106611474444536,1790756132,110515929,0.11999999731779099,0.0844645548220223,-0.48454770822786597,0.3909759565714127,-3.6539076269295636
0.0001474263081101268,-0.4752016052755013,0.3045645581541854,1790756132,160509010,0.12099999934434891,0.08649514257113433,-0.4838502660280464,0.388886989361309,-3.6164438750708903
0.0029821616725638905,-0.4737967950790329,0.296290967124344,1790756132,210513275,0.125,0.08867011863570769,-0.4831411843451904,0.3868186226817754,-3.577866521060964
0.009344086232127999,-0.47281562556393864,0.2919524757158705,1790756132,260383735,0.12399999797344208,0.09085104719415134,-0.4824646742128462,0.3849014438237514,-3.5405651825667155
0.01629629971553738,-0.4719740363088189,0.28879293467488637,1790756132,310264926,0.12200000137090683,0.09303885497794419,-0.4818167219350337,0.38312056628917646,-3.504347610304254
0.020875599856520197,-0.4708371968161232,0.28277506201708114,1790756132,360367322,0.12399999797344208,0.0952817892843818,-0.4811809179523998,0.3814296407516425,-3.4683047002539196
0.02574874031451474,-0.4697107447430368,0.27687721421379347,1790756132,411022571,0.12600000202655792,0.09759246090734641,-0.4805529590164393,0.37981858933439966,-3.432180457421719
0.030898615222448786,-0.46859841942846686,0.27112249447466263,1790756132,460816420,0.12800000607967377,0.09996245240753839,-0.479934639573295,0.37829375024082385,-3.3960597782980733
0.03789775373888801,-0.4677672585192695,0.26806225812918105,1790756132,510151544,0.12700000405311584,0.10240819561070362,-0.47932136258728647,0.37684601885742564,-3.359652484797219
0.04434047931534749,-0.4668946885286228,0.2644906401430673,1790756132,560621441,0.12700000405311584,0.10484760226222925,-0.47873255826420863,0.3755210591385195,-3.3241125930148865
0.05015927652484888,-0.4659908588455103,0.2604122716051957,1790756132,611005244,0.12800000607967377,0.10721962736610399,-0.47818014769091455,0.37434005204400134,-3.2902083285714263
0.057452622242189014,-0.4652442534762947,0.2581209916782266,1790756132,661350705,0.12700000405311584,0.1098125355340021,-0.4775972715278512,0.37316378134617223,-3.2537973141571594
0.06425388606777899,-0.4643064338466379,0.25418799653130575,1790756132,710261181,0.12800000607967377,0.11253066263876603,-0.47700780041106117,0.37205245125667097,-3.2162662722447717
0.07157503285986148,-0.46349665827645603,0.25143924037748827,1790756132,760517021,0.12800000607967377,0.11528934779595558,-0.4764303977349157,0.3710460069489711,-3.1787578694986136
0.07902161562554763,-0.46284924744728073,0.2500054377775448,1790756132,810212684,0.12700000405311584,0.117979742480933,-0.4758860840773762,0.3701774239976757,-3.14266824020358
0.08544826452929832,-0.46181213427588946,0.24501403948382663,1790756132,860447441,0.12999999523162842,0.12072151764890963,-0.4753491603609852,0.3694027258638776,-3.106318200599923
0.09235463689059295,-0.460906208728222,0.24121176972677189,1790756132,910550170,0.13199999928474426,0.12347485689592934,-0.4748268488711133,0.36873332671226383,-3.0701872895151516
0.1000531950847515,-0.4603469271284382,0.24057426294775963,1790756132,960353898,0.13099999725818634,0.12624657852913979,-0.47431710638770586,0.36816634748611965,-3.0341329811230806
0.10778434314304601,-0.4598161539128709,0.2402169827717177,1790756133,10305405,0.12999999523162842,0.12905720037609483,-0.4738156552755862,0.3676982687197386,-2.9978404493726587
0.11562537926558489,-0.4594260400976879,0.24113396545300161,1790756133,60412958,0.12800000607967377,0.1318886534964282,-0.4733253527619787,0.3673334764470986,-2.9614967016114786
0.12294950129454027,-0.4586360161892509,0.2383906410453973,1790756133,110314084,0.12999999523162842,0.1347168496833343,-0.4728496673935891,0.36707436337095634,-2.925360249171726
0.1303184045536656,-0.4581104040921457,0.23790776819514192,1790756133,160461156,0.12999999523162842,0.13746692060842639,-0.4723998899034567,0.3669221397732207,-2.8903323981677906
0.13737654254354703,-0.4575236080187534,0.2366965749755768,1790756133,210280791,0.13099999725818634,0.14010882451624251,-0.47197909966434526,0.3668678954657322,-2.856742555301638
0.14504508037500885,-0.4570402156460778,0.2367313608029156,1790756133,260293344,0.13099999725818634,0.14295709549434957,-0.4715372458651285,0.3669099908295482,-2.8205492170263193
0.15315143841843332,-0.4566708576134622,0.23806904203889398,1790756133,310383850,0.12999999523162842,0.14598834569103172,-0.4710797399448686,0.3670693248787457,-2.781998901228994
0.16093565611972185,-0.4563492737175604,0.2396956867075128,1790756133,360761969,0.1289999932050705,0.14892815440176715,-0.47064801693749,0.3673372320277261,-2.7445253932659734
0.1686605169692383,-0.45574587851368903,0.23860804312058287,1790756133,410491290,0.13099999725818634,0.15172809579981913,-0.4702473137003007,0.3676971626175983,-2.7087041672700782
0.17603621105701026,-0.4555037218261788,0.24075820358324873,1790756133,460420824,0.12999999523162842,0.15452894905254946,-0.46985629260519984,0.36816087291685445,-2.672694023749068
0.18375581057797813,-0.4550693982466445,0.24123433174292908,1790756133,510695859,0.13099999725818634,0.1573345992509171,-0.46947401847322057,0.36873109950503247,-2.636392486831069
0.19090183290076412,-0.45489053381407046,0.2439032558760956,1790756133,560092178,0.12999999523162842,0.1600767582194141,-0.46910915844104045,0.3693928739519744,-2.600638192704567
0.1980384390558403,-0.45473626309325915,0.2468555300808901,1790756133,610245139,0.1289999932050705,0.1628419370971228,-0.46874964225885907,0.3701674504338688,-2.5642531111401756
0.20528797914313734,-0.4545049479633939,0.24909645776190525,1790756133,660109515,0.1289999932050705,0.16556053448522115,-0.46840411299290285,0.3710371876241745,-2.528098711040712
0.21250763343602136,-0.45430242506448737,0.2516211284413136,1790756133,710401846,0.1289999932050705,0.1682678838620656,-0.4680675111774309,0.3720136747589539,-2.49165487155636
0.2193530445224527,-0.45413642497130435,0.25429525068533954,1790756133,760538520,0.1289999932050705,0.1708348433275137,-0.4677549555886174,0.37304506341589067,-2.456633794087093
0.22503344120712046,-0.45421154646820733,0.258910029528471,1790756133,810528758,0.12700000405311584,0.1732705804861616,-0.46746408378547594,0.37412277853711345,-2.4229234987193364
0.23305794023102955,-0.4537861704153378,0.2594071354327907,1790756133,860016504,0.12999999523162842,0.175808886408022,-0.46716665030522686,0.3753532753189899,-2.3872296792863494
0.23977082554864212,-0.45379794337018553,0.2640172624702515,1790756133,910244177,0.1289999932050705,0.17849117702982392,-0.4668583238382067,0.3767790883970644,-2.348798462159738
0.24758681622984724,-0.45354111106632355,0.2661770511748042,1790756133,960339814,0.13099999725818634,0.1810409566769595,-0.466570667726408,0.3782612985570917,-2.311492799425621
0.25145885880107866,-0.45400476153627506,0.2744285103034906,1790756134,10670543,0.12600000202655792,0.18348065541681854,-0.46630013198080833,0.3798030244944109,-2.2749936326150326
0.2587956981021552,-0.4538072282823666,0.2769577097209379,1790756134,60459808,0.12800000607967377,0.18583850385032655,-0.4660427923763749,0.3814160283681327,-2.2388697699285265
0.2655486371301038,-0.4537382380183866,0.28062937206862293,1790756134,110668241,0.1289999932050705,0.18815678516378836,-0.46579343623018504,0.38312899007867407,-2.2024255620332567
0.27088273001780283,-0.4538820075290174,0.2860717918725238,1790756134,160559006,0.12800000607967377,0.1903925210952347,-0.46555615369050435,0.38491025673007856,-2.166288328094017
0.2772656045580983,-0.4538682576705149,0.2901535187663616,1790756134,210250179,0.1289999932050705,0.19254985666531,-0.4653298636457412,0.38676030887110746,-2.1303647730190556
0.2806475321637268,-0.45422649298583156,0.29725332024389406,1790756134,260583270,0.12600000202655792,0.19458599138894556,-0.4651183678194642,0.3886359158120423,-2.0953741679325617
0.2855770157315833,-0.4543343457673725,0.3020424552035769,1790756134,310329219,0.12600000202655792,0.19646130860175065,-0.4649250827438371,0.3904858130307074,-2.0620806738756947
0.2883622318815812,-0.4547123788015399,0.3092550215028984,1790756134,360213735,0.12300000339746475,0.19835601251190985,-0.4647309277516844,0.39248668607527426,-2.0272532201723763
0.29408586259975744,-0.4547882448421323,0.31416259633574745,1790756134,410723826,0.12399999797344208,0.20027378323752343,-0.4645351422809058,0.3946628525680451,-1.9905927133716728
0.2989140142783052,-0.4549693511780956,0.31998505429988067,1790756134,460228155,0.12399999797344208,0.20212860714865893,-0.4643460130715336,0.39693089678599813,-1.9535615396784143
0.3045239285757433,-0.45510899064606364,0.325662672874364,1790756134,510524283,0.125,0.2039745826756735,-0.4641573830932836,0.3993712587595186,-1.914886384044456
0.30811267688066124,-0.4554068014760608,0.33246021744710247,1790756134,560408678,0.12399999797344208,0.20566202429310987,-0.46398393852173136,0.40178767233979473,-1.877633750054794
0.31047957056687886,-0.4557778864234951,0.3397307103696272,1790756134,610494490,0.12200000137090683,0.20722125207887676,-0.463822073542359,0.4042055973499725,-1.8412674063841097
0.3133916089096254,-0.45609018562693987,0.3464999417640236,1790756134,660453173,0.12099999934434891,0.2086865323166583,-0.46366773325719646,0.40666993053670425,-1.8050264889819436
0.31690783390286775,-0.456352409063005,0.3528521145066285,1790756134,710297040,0.12099999934434891,0.21005725073561857,-0.46352044216512833,0.4091777038918988,-1.7688993406613962
0.32020724726031013,-0.45663182293732,0.3593639443255852,1790756134,760378861,0.12099999934434891,0.21134312045311912,-0.4633784368887067,0.41174795845233214,-1.7325681156426709
0.32325407772458514,-0.45692494269193024,0.365966505086953,1790756134,810234127,0.12099999934434891,0.21253017694199436,-0.46324269616695524,0.414353524295086,-1.696371524491332
0.3268842560460022,-0.457171902139564,0.3720531642220026,1790756134,860391143,0.12200000137090683,0.21358194992445878,-0.4631177553616082,0.416899954424906,-1.6615399485358926
0.32644326988620836,-0.45760590313738553,0.3793511901913096,1790756134,910486779,0.11900000274181366,0.214503578550477,-0.46300319593749867,0.4193683788312265,-1.6282268176185293
0.3292337094122339,-0.4578174787095533,0.38440553777027475,1790756134,960256859,0.11999999731779099,0.21522620746675977,-0.46290789841817526,0.42150508606419107,-1.599710060068631
0.32973058649762443,-0.4580816173251621,0.38933078459908244,1790756135,10214263,0.11900000274181366,0.2157938382713425,-0.4628283074008973,0.4233438260611071,-1.575382163762867
0.3306012582956333,-0.4582267942595527,0.39231934363898974,1790756135,61170634,0.11900000274181366,0.21613514006588155,-0.46277807650259556,0.42453415793161475,-1.5597279628508183
0.33194409908608935,-0.458255683155178,0.39341460065251366,1790756135,110465416,0.11999999731779099,0.21628364346460466,-0.46275551601900705,0.4250754576513065,-1.5526324238853615
0.33406075724133383,-0.4582152010839591,0.39357889482545527,1790756135,160500015,0.12200000137090683,0.21635655342242638,-0.46274427551871467,0.4253469325776176,-1.5490790605545044
0.33213117624083127,-0.4582894483554721,0.3940996833791431,1790756135,210222808,0.11999999731779099,0.21635655342242638,-0.46274427551871467,0.4253469325776176,-1.5490790605545044
0.33213117624083127,-0.4582894483554721,0.3940996833791431,1790756135,260461528,0.11999999731779099,0.21635655342242638,-0.46274427551871467,0.4253469325776176,-1.5490790605545044
0.33213117624083127,-0.4582894483554721,0.3940996833791431,1790756135,310361238,0.11999999731779099,0.21635655342242638,-0.46274427551871467,0.4253469325776176,-1.5490790605545044
0.33309596674108255,-0.4582523247197156,0.3938392891022992,1790756135,360369309,0.12099999934434891,0.21635655342242638,-0.46274427551871467,0.4253469325776176,-1.5490790605545044
0.3292368119283122,-0.45840081898614954,0.3948808642695901,1790756135,410300955,0.11699999868869781,0.21635655342242638,-0.46274427551871467,0.4253469325776176,-1.5490790605545044
0.3302016024285635,-0.45836369535039306,0.39462046999274625,1790756135,464025267,0.11800000071525574,0.21635655342242638,-0.46274427551871467,0.4253469325776176,-1.5490790605545044
0.33213117624083127,-0.4582894483554721,0.3940996833791431,1790756135,511565165,0.11999999731779099,0.21635655342242638,-0.46274427551871467,0.4253469325776176,-1.5490790605545044
0.3329140455561296,-0.4581419347538576,0.39318391713829404,1790756135,562579526,0.12099999934434891,0.21628560846676811,-0.4626776465754733,0.42509370907895927,-1.5525758778557497
0.32969354329567563,-0.45805747211404,0.3928126166754729,1790756135,610357731,0.11800000071525574,0.21615536409075908,-0.46255756394234077,0.4246376257904672,-1.5588826747228215
0.3317334927040406,-0.45745858354706526,0.38913089211407725,1790756135,660353811,0.12099999934434891,0.21582509134967515,-0.4622646652334092,0.423527751209523,-1.5742788366635643
0.3312979500870168,-0.4566759673552086,0.38443917420206564,1790756135,710351104,0.12200000137090683,0.2152839911486121,-0.46181619134134017,0.42183355564248814,-1.5979215319826654
0.32652342950435465,-0.4558610936259294,0.3798106491841484,1790756135,760444630,0.11900000274181366,0.21452599132921538,-0.4612411777944935,0.41966826061655477,-1.628409043328045
0.32487732433950256,-0.45467510616978885,0.37275390436271766,1790756135,810926017,0.11999999731779099,0.21351012070497538,-0.4605443603092799,0.4170584996857952,-1.6656102015188354
0.32115911635788724,-0.45361207724278996,0.36660708928813285,1790756135,860525634,0.11900000274181366,0.21240850051298105,-0.4598600583449598,0.41451603352668004,-1.702399575249156
0.3189790982816016,-0.4524406124089461,0.3596624716732147,1790756135,910598335,0.11999999731779099,0.21119266357075792,-0.4591704629337128,0.41197683834728593,-1.7397586755938215
0.3184381640718652,-0.4512060446050462,0.3521131205984871,1790756135,960499276,0.12300000339746475,0.2099400976620824,-0.4585163088158178,0.4095912073645183,-1.7754904272506944
0.3142623346224274,-0.4502602994071256,0.3467367890739996,1790756136,10237347,0.12200000137090683,0.20865861523442847,-0.4578945361309313,0.40734679827682796,-1.8097409689124084
0.3102875144886067,-0.44913794330618684,0.3402496768993365,1790756136,62382507,0.12200000137090683,0.20711236601541608,-0.4571962183242694,0.4048558165129157,-1.8485658554966946
0.30696228865373065,-0.4479843948633589,0.33346556844125635,1790756136,110427157,0.12300000339746475,0.20549793806651667,-0.45651717827647087,0.4024668583054045,-1.8867170233007207
0.30415024817371344,-0.44676903508301097,0.3261749001312667,1790756136,160098459,0.125,0.20378807417697284,-0.4558441680511977,0.40013486222061406,-1.9249480144433937
0.30032060830605617,-0.44565634435584295,0.31966274358880287,1790756136,210400725,0.12600000202655792,0.20202165843309036,-0.45519087380117274,0.39790857231354,-1.962490182286894
0.29400615226888027,-0.4448051109772334,0.3152743965112603,1790756136,260324185,0.12399999797344208,0.2001910041176468,-0.45455220244039063,0.3957710528566304,-1.9996366268366554
0.28906640622461527,-0.44382801625824625,0.3098444712836333,1790756136,310167006,0.12399999797344208,0.19828894703734082,-0.45392431432637226,0.39371053811781787,-2.0366192861358816
0.28386761000151733,-0.442861968197806,0.3045386311815798,1790756136,360371754,0.12399999797344208,0.19628725286273868,-0.4532976668871844,0.3916981213918956,-2.0740219441271237
0.27850892546423056,-0.4419252736377868,0.2994610656012341,1790756136,410045639,0.12399999797344208,0.19422406303782708,-0.4526838932435152,0.38977337687359115,-2.111171657986696
0.27352963163774996,-0.4409090878053838,0.29375689293846047,1790756136,460579508,0.125,0.19205607822623474,-0.4520698917383798,0.38789772653403787,-2.1488822837702837
0.26906036763848734,-0.439840713009942,0.28754219924343766,1790756136,510120291,0.12700000405311584,0.18986615048545177,-0.45147828893814823,0.3861416101216195,-2.1857754359759896
0.2626520124619144,-0.43908812935268315,0.2839401304372575,1790756136,560387048,0.12600000202655792,0.18766097774962434,-0.4509085283413,0.3845016707557243,-2.2218615271202906
0.2587076901987236,-0.43802034916575205,0.27751551082054204,1790756136,609922850,0.1289999932050705,0.1855085419618018,-0.45037504859766603,0.3830154840254887,-2.256178750151897
0.25118945617348976,-0.4373790294900528,0.27499441381097245,1790756136,660621997,0.12700000405311584,0.18308727858331175,-0.44979915940169923,0.38146898734824997,-2.293839426982477
0.2463562592555104,-0.4361381295225866,0.26746711185611033,1790756136,710533902,0.13099999725818634,0.18049112060507386,-0.4492076299006861,0.3799480922575562,-2.3332440432162795
0.23885918172817966,-0.4354339011481444,0.26450288684382,1790756136,761232429,0.12999999523162842,0.1778764844776111,-0.44863649475677436,0.3785502494537211,-2.372035838605936
0.23128045024753632,-0.43491281244101154,0.2629440267797985,1790756136,810284535,0.12800000607967377,0.17536999328974695,-0.44811015749182415,0.377328695519877,-2.408484952716326
0.22465622869148827,-0.4340847452262842,0.2588463303995507,1790756136,861129516,0.1289999932050705,0.17271776053774612,-0.4475739424605018,0.37615547467537996,-2.446362587598462
0.21770003856846967,-0.4334110911113076,0.2559951065452324,1790756136,910284381,0.1289999932050705,0.17010491336590644,-0.4470649578540244,0.3751138465773226,-2.4830673832329344
0.212156616416802,-0.43221743914893124,0.24866146501004593,1790756136,960484805,0.1340000033378601,0.16739540459820443,-0.4465558076823126,0.37414790251975494,-2.520571020851277
0.20413819634482833,-0.43167307095151697,0.2470975597955598,1790756137,12215020,0.13300000131130219,0.1645638684191918,-0.446042610136294,0.3732577328362533,-2.559234505764547
0.19744365529450916,-0.4310092348721654,0.24415108284772,1790756137,60447225,0.1340000033378601,0.16199964424599714,-0.44559331720076634,0.37255290338766434,-2.593845291750172
0.1892475500991894,-0.43102927065892155,0.24723131219396843,1790756137,110324676,0.1289999932050705,0.1594179085690058,-0.4451548633634603,0.37193760058326525,-2.6283599038421257
0.18280585291560392,-0.4300705739757919,0.24180069389151365,1790756137,160350710,0.13300000131130219,0.15670360572655487,-0.444708016266354,0.3713901160048892,-2.664340651871793
0.17469231479528938,-0.4298970336194805,0.24340925973715924,1790756137,210070114,0.12999999523162842,0.15389094650556898,-0.4442594234611349,0.37092797834558616,-2.7013493140909577
0.16681587858510694,-0.4294056148135371,0.24233487238547935,1790756137,260160658,0.12999999523162842,0.15094688424741548,-0.4438046603903135,0.37055671633342624,-2.7398459837896363
0.15879140417863036,-0.42871049765093483,0.2395589072176569,1790756137,310447675,0.13199999928474426,0.1478856845913932,-0.4433469620547864,0.3702908428768975,-2.779675662649675
0.1509551120629331,-0.427957023285323,0.23611605796646476,1790756137,360341542,0.13500000536441803,0.1449350109755056,-0.44291956581650754,0.3701491962282116,-2.8179361449161107
0.14307520514121352,-0.42780195215034655,0.23793895838014537,1790756137,410328984,0.13300000131130219,0.14206444884737032,-0.4425160376821636,0.3701186633559215,-2.8550885413597493
0.13518293742155968,-0.427452536786911,0.2380661937618262,1790756137,460828779,0.13300000131130219,0.13915647461298236,-0.44211894316028855,0.37019532709390296,-2.89270791826457
0.12750861192486995,-0.4272505935613777,0.23946878323454054,1790756137,510299830,0.13199999928474426,0.1363042138736862,-0.44174034694868064,0.3703759421079406,-2.929640731213937
0.11969559831083564,-0.4269646251297701,0.2401731453540703,1790756137,560534430,0.13199999928474426,0.13341168891641345,-0.44136680395931654,0.3706662329665329,-2.967181678702328
0.11197097700357037,-0.4267119874152049,0.24115893775643052,1790756137,610339121,0.13199999928474426,0.1305518536154303,-0.4410073219100937,0.3710604167595064,-3.0044360061898225
0.10436790358739695,-0.4263897501727351,0.24140334415574438,1790756137,660386896,0.13300000131130219,0.12780223704427127,-0.4406704798361375,0.3715413214126513,-3.0404343503695372
0.09742874727036153,-0.4263169873500681,0.24381083886429497,1790756137,710502968,0.13199999928474426,0.12516796176003478,-0.4403554669975889,0.3720974588987106,-3.0751344738692192
0.09002049898859374,-0.4262563997865878,0.24659902992496388,1790756137,760955328,0.13099999725818634,0.12233399589185523,-0.4400245688686976,0.37280233701179966,-3.1127506331700885
0.08214786475530646,-0.42611465085020234,0.2487958628554764,1790756137,810410842,0.13099999725818634,0.11940532726157474,-0.43969104983530305,0.3736500264217596,-3.151997814324674
0.07519161115982248,-0.4262118560999737,0.25311761460399557,1790756137,860192098,0.1289999932050705,0.11657882519968825,-0.43937684579356406,0.37458686918018136,-3.1903051259526176
0.06684828414960994,-0.42583236473249364,0.25297121450765286,1790756137,910400300,0.13199999928474426,0.11384615699823648,-0.4390798796709261,0.3756076817873035,-3.227810977524812
0.05959150813318172,-0.4257880707315748,0.25591399794591496,1790756137,960590223,0.13199999928474426,0.11115939572516992,-0.43879407085605626,0.376726235493419,-3.2652086471734667
0.05293894391686832,-0.4258686763390549,0.2599932320773183,1790756138,10421869,0.13099999725818634,0.10853912444181982,-0.4385209385337759,0.3779319427222701,-3.3022529257669584
0.04683137010208199,-0.42606698168262336,0.2652341442792613,1790756138,60684866,0.1289999932050705,0.1059260786629164,-0.43825366217731376,0.3792529957273381,-3.339839447229983
0.03910498536202957,-0.42591401084288716,0.2671542955107453,1790756138,110083038,0.13099999725818634,0.10339242842641379,-0.4379990883498797,0.3806535239113753,-3.3769838106801036
0.03362457660517314,-0.4261541875175866,0.2726979017725825,1790756138,160349527,0.1289999932050705,0.10096502397990367,-0.43775910821832964,0.3821126549359875,-3.41330606874318
0.027559227972058092,-0.4262300593399747,0.27657002962582994,1790756138,210469589,0.1289999932050705,0.09868654873407769,-0.43753703082710144,0.3835936479720357,-3.4481423194729763
0.02131906892384816,-0.4263330926376032,0.2808733528775219,1790756138,261231644,0.1289999932050705,0.09634241943295695,-0.4373114093495642,0.38523796224040663,-3.4848333176707826
0.015256477851499806,-0.4264588837055458,0.28538861318256686,1790756138,310182277,0.1289999932050705,0.09406487235617995,-0.43709472814018124,0.3869618085426872,-3.5214199690175447
0.009601861594086158,-0.4266973861891885,0.2912201873002034,1790756138,360896184,0.12800000607967377,0.09169962417001322,-0.43687182787507817,0.38889536159133875,-3.5605344813747424
0.0055021317282942656,-0.4271085589589864,0.29876061073203747,1790756138,410604051,0.125,0.089391773466085,-0.43665603371682354,0.39093638702306516,-3.5999637723216042
-0.0008114281176873628,-0.4272242033344686,0.30333810806073,1790756138,460043640,0.12600000202655792,0.08724058566671225,-0.43645584519106073,0.3929908836331356,-3.6380182397919323
-0.006183308863668566,-0.42743449150390106,0.3087943062807486,1790756138,510321184,0.12600000202655792,0.08519246314572415,-0.436265553966782,0.3950988897984088,-3.675604653068298
-0.012095981837131536,-0.4275973559558879,0.3137883836764247,1790756138,560471423,0.12700000405311584,0.08322425567935608,-0.4360823130357228,0.39728125075287135,-3.7131745859287735
-0.01316914424322578,-0.4281649374586506,0.3227732013266095,1790756138,610267559,0.12200000137090683,0.08134725533371784,-0.43590659865854386,0.3995242093159439,-3.7505534612128093
-0.02179253881459141,-0.42811687878308896,0.3256790697407123,1790756138,660398880,0.12700000405311584,0.07954491912286117,-0.4357362168393373,0.40184774004452606,-3.788123316072301
-0.025474189898395394,-0.42845805733238923,0.33244796052740533,1790756138,710396063,0.12600000202655792,0.07783662643225299,-0.4355724062978062,0.40422721782772786,-3.825536082919402
-0.029581344694627032,-0.4287444908874737,0.3385644229946279,1790756138,760422125,0.12600000202655792,0.07627023849415394,-0.4354193053302052,0.40658566746483954,-3.861687194082293
-0.03416764458420725,-0.4289822136592969,0.3440533826372636,1790756138,810048667,0.12700000405311584,0.07484839624705608,-0.4352769623731806,0.4088984287826465,-3.896343413086628
-0.037005710924874466,-0.42934657661720554,0.35101331751535964,1790756138,860384953,0.12600000202655792,0.0734384638603371,-0.43513148194503654,0.4113840027612161,-3.9328122732447834
-0.03790144472183013,-0.4298113297073536,0.3591677460246442,1790756138,910816470,0.12300000339746475,0.07207348086126136,-0.43498517128978254,0.4140106848777888,-3.9705793666265286
-0.043040987381686574,-0.43007887220837576,0.3652972240621108,1790756138,960323910,0.125,0.07078825688399501,-0.43484058269887477,0.4167290164002013,-4.008930995650273
-0.045321804466294205,-0.4304911335494769,0.37312858721861497,1790756139,10455065,0.12399999797344208,0.06955770887105117,-0.43469363079636675,0.41961553086603287,-4.0489428322909955
-0.04618645115180128,-0.4309154144642928,0.3809399060245044,1790756139,61830705,0.12200000137090683,0.06849846810794137,-0.4345587828275986,0.4223898215353572,-4.086800946039389
-0.047391118609921304,-0.4312607394754324,0.3875004434465725,1790756139,110262837,0.12099999934434891,0.06765748433983852,-0.4344439452062266,0.42484593851513985,-4.11989134066505
-0.04988569845843269,-0.4314881757535801,0.3921367035219222,1790756139,160603437,0.12200000137090683,0.06705457352860887,-0.43435528875786317,0.4267885834870653,-4.145813585607489
-0.04894644340954979,-0.4317074922155228,0.39609502304306654,1790756139,210257962,0.11999999731779099,0.06666850935853863,-0.4342947579842802,0.42813387615213305,-4.163648021957898
-0.0494681285544611,-0.4318046518614139,0.39800274992157075,1790756139,260530108,0.11999999731779099,0.0664624054089922,-0.4342610281662415,0.42889088464459224,-4.173644873689171
-0.05151930080885256,-0.4317866892212003,0.3979337904714568,1790756139,310449800,0.12200000137090683,0.06641584918585754,-0.43425323008740124,0.4290660391275026,-4.175954128918389
-0.04964247862799444,-0.43183798780201904,0.3986574848377787,1790756139,361198493,0.11999999731779099,0.06639350097716626,-0.43424946575201206,0.4291506901044816,-4.177069664001465
-0.051576415583867885,-0.43179779642050414,0.39814926370870324,1790756139,410970666,0.12200000137090683,0.06639350097716626,-0.43424946575201206,0.4291506901044816,-4.177069664001465
-0.04867551735451968,-0.43185808334305226,0.398911593509049,1790756139,460022346,0.11900000274181366,0.06639350097716629,-0.43424946575201206,0.42915069010448154,-4.177069664001465
-0.04964247862799444,-0.43183798780201904,0.39865748483777874,1790756139,510230085,0.11999999731779099,0.06639350097716626,-0.43424946575201206,0.4291506901044816,-4.177069664001465
-0.049642478627994466,-0.4318379878020191,0.39865748483777863,1790756139,560409129,0.11999999731779099,0.06639350097716623,-0.4342494657520121,0.4291506901044815,-4.177069664001465
-0.05157641558386786,-0.43179779642050425,0.39814926370870324,1790756139,609916847,0.12200000137090683,0.06639350097716623,-0.4342494657520122,0.4291506901044816,-4.177069664001465
-0.04964247862799444,-0.43183798780201904,0.39865748483777874,1790756139,664074143,0.11999999731779099,0.06639350097716626,-0.43424946575201206,0.4291506901044816,-4.177069664001465
-0.051576415583867885,-0.43179779642050414,0.39814926370870324,1790756139,711698208,0.12200000137090683,0.06639350097716626,-0.43424946575201206,0.4291506901044816,-4.177069664001465
-0.04848202571844837,-0.43173459604229986,0.39819225596248053,1790756139,761411112,0.11900000274181366,0.06646988860613745,-0.4341757982410326,0.4288695859879187,-4.1732236405010905
-0.049081439243585434,-0.43148537344148985,0.396600977369138,1790756139,810162615,0.11999999731779099,0.06661385274513279,-0.4340397858741275,0.42835115445587363,-4.166119796597627
-0.050064738939385636,-0.4308809157586723,0.3927923262376073,1790756139,860425725,0.12200000137090683,0.06698114850684463,-0.4337075647774451,0.4270891281548464,-4.148765831503983
-0.04849713581015486,-0.4300178362547504,0.3877730270922569,1790756139,910670547,0.12200000137090683,0.06759020454294215,-0.43319660508600916,0.42515785252936317,-4.122030097202378
-0.04817396042366666,-0.4288591456617607,0.38073135135244607,1790756139,960768304,0.12399999797344208,0.06844618626366301,-0.43254493166709096,0.42270939163021826,-4.087789386807118
-0.0452654533074969,-0.4275636281502366,0.3732524659531057,1790756140,10038817,0.12399999797344208,0.06956396997761613,-0.4317802146260214,0.4198617294520519,-4.0474103451302605
-0.039187498468388954,-0.42634111252754503,0.3668372403806577,1790756140,60716761,0.12099999934434891,0.0708507979561306,-0.43098785658251637,0.416946929374001,-4.005361131791191
-0.03918291460866066,-0.424874961882663,0.3577244016542332,1790756140,110197211,0.125,0.07224258497013822,-0.43020989017258787,0.4141238394506904,-3.9638308662862904
-0.03343899386000393,-0.42365507872964697,0.35131509294045116,1790756140,160310848,0.12300000339746475,0.07377142970666567,-0.42942772251470235,0.41132844560602466,-3.9218036252555883
-0.03087451342223367,-0.4222643295116763,0.34313254775010027,1790756140,210434678,0.125,0.07541766317243216,-0.4286517363770881,0.40860142759620777,-3.879800880989073
-0.023750100736232405,-0.42114173332130533,0.33774182318803736,1790756140,260773547,0.12200000137090683,0.07719193635668145,-0.4278766451836093,0.405927939401245,-3.8375081216235563
-0.022137748037182686,-0.4196583213262565,0.3286628858332413,1790756140,310575498,0.12600000202655792,0.07906399908158965,-0.4271147288941949,0.4033529713666068,-3.7955645466388663
-0.01710463936975691,-0.4184562472799289,0.3222440663328506,1790756140,360386208,0.12600000202655792,0.08097846674288213,-0.4263845621671711,0.40093870801218046,-3.754988035114458
-0.012747324591644668,-0.41724719754693845,0.31558407135301697,1790756140,410143056,0.12700000405311584,0.08292255014137137,-0.4256857084367749,0.3986808079437073,-3.715769085081513
-0.006311717672737083,-0.41612229434270664,0.3100852063026835,1790756140,461046445,0.12600000202655792,0.08508425813721743,-0.42495148403584304,0.3963685855005419,-3.674124878726495
-0.0017576250669542604,-0.4148057217590837,0.30273469093631766,1790756140,510360191,0.12800000607967377,0.08734645085502042,-0.42422466682364385,0.39414447533797947,-3.632409825176823
0.003468322124501988,-0.41344637718378285,0.2952555560294089,1790756140,560366299,0.12999999523162842,0.08981581375973782,-0.4234730264151318,0.39191772936374786,-3.5887123949350466
0.013072582503347016,-0.4125521530981052,0.2924233164179457,1790756140,610351139,0.12600000202655792,0.09245900871232095,-0.4227103894412795,0.38974035541346774,-3.5437349966873266
0.018353027080338064,-0.41115149196448764,0.28463621420403085,1790756140,661051536,0.1289999932050705,0.09514755861971805,-0.4219733605408308,0.38772105951638397,-3.499603702821203
0.02480961871294736,-0.4099959967437976,0.2789217599641243,1790756140,710648274,0.12999999523162842,0.09777894462695945,-0.42128527270420985,0.3859172200742045,-3.4577599075336853
0.032113386088477455,-0.40894783162885373,0.27427323726500574,1790756140,760383733,0.12999999523162842,0.10050442069355134,-0.42060340616887204,0.3842132787786102,-3.41563027503391
0.03874160819120237,-0.407732182064633,0.2681384310625629,1790756140,810661500,0.13199999928474426,0.10334310548842586,-0.4199231382922872,0.3826025168903226,-3.3728800408995987
0.04703102504855341,-0.4068283711186961,0.2649258074625895,1790756140,860808470,0.13099999725818634,0.10623992379898506,-0.4192572528736572,0.3811188730419396,-3.330279962316467
0.05496835775735126,-0.4058706886990039,0.26119340183880496,1790756140,910800857,0.13099999725818634,0.10918775183752752,-0.4186062742332481,0.3797643150018709,-3.287846608297199
0.06234481655184136,-0.4048865018875549,0.2570110690808718,1790756140,960394714,0.13199999928474426,0.11206719462416087,-0.41799402339235164,0.37858358986582175,-3.247168012459207
0.07006436724685439,-0.40405380269663443,0.25412095880423247,1790756141,10379897,0.13199999928474426,0.11492050436489,-0.4174084361630681,0.3775453507978643,-3.2075067440489224
0.07761659015376818,-0.40301517551728083,0.2495407634371552,1790756141,60538524,0.1340000033378601,0.1179344758445522,-0.4168108555829918,0.3765846464047973,-3.1662140505056287
0.08665179994609958,-0.4024077779210585,0.24904345668383723,1790756141,110107409,0.13199999928474426,0.12105169337720491,-0.4162138669991078,0.3757322053850145,-3.124059101993419
0.09496302726810596,-0.40127526327186674,0.24399951205089757,1790756141,160628167,0.13500000536441803,0.12436535587859882,-0.4156008250955315,0.3749776888556991,-3.0797606409102887
0.10462197518033481,-0.4007037502596735,0.2441719294202823,1790756141,210435358,0.13300000131130219,0.12775843907263193,-0.41499451941359583,0.3743620915077308,-3.03484348878343
0.1138565127616397,-0.4000874560881303,0.24382514038348457,1790756141,260522152,0.13199999928474426,0.13110756023876635,-0.41441577291982407,0.3739062708709039,-2.9908499439627905
0.1224889776411555,-0.3992092839518203,0.24093973858012946,1790756141,310234075,0.1340000033378601,0.13436397746847722,-0.41387050643490375,0.3736048576919335,-2.9483137012305556
0.13157063956970513,-0.3985782539905484,0.24039451983733248,1790756141,360861732,0.1340000033378601,0.13768919018949008,-0.41333033497209565,0.37343940075942406,-2.905039529433356
0.14053405882296782,-0.397776362124293,0.23825054487868425,1790756141,410820683,0.13600000739097595,0.14097342864403195,-0.4128123329732028,0.3734161046383234,-2.8623779830585176
0.14954478524920878,-0.39734728249260176,0.23946748533513404,1790756141,460567967,0.13500000536441803,0.1442559382504653,-0.41230902964419985,0.37353155833005847,-2.819741162941946
0.15845793811785058,-0.39706635166199933,0.242058791493798,1790756141,510619381,0.13300000131130219,0.14756370867393456,-0.4118156529485097,0.37378872061087237,-2.776700246344777
0.1673714487652969,-0.39629355194312077,0.24003330623072094,1790756141,560323479,0.13600000739097595,0.15070753194195852,-0.411358782017261,0.374165161989387,-2.735648890550804
0.17551810375224036,-0.39601639798065874,0.24225714165063275,1790756141,610097393,0.13500000536441803,0.15372090071535538,-0.41093126474441416,0.3746483427841716,-2.696103625614473
0.18428677455339207,-0.3957428576309569,0.2449502802631788,1790756141,660720837,0.1340000033378601,0.15699061598632721,-0.41047818272078007,0.3753105150609322,-2.6528991109687876
0.19401635239210335,-0.39516836288341745,0.24521725388713855,1790756141,710277092,0.13600000739097595,0.1603717701435037,-0.4100209993097821,0.376150226383943,-2.6078059548752397
0.2027905685446998,-0.3949724918421067,0.24874741095676295,1790756141,760338756,0.13500000536441803,0.1636592573531365,-0.4095868199798172,0.377122499451008,-2.563457361166458
0.21178797917878378,-0.39461020262451774,0.25068646352466784,1790756141,810403013,0.13600000739097595,0.16681741298241057,-0.4091786893448822,0.3782066947862276,-2.520284576058374
0.2190078738409823,-0.39472035787568854,0.2566144767191986,1790756141,860640955,0.13300000131130219,0.1698381925167412,-0.40879605296460825,0.3793875095686103,-2.4783693148342953
0.22675836314319955,-0.3945531233757556,0.25991994257353296,1790756141,910389332,0.13300000131130219,0.17268918330195257,-0.4084413898582873,0.38063713353741957,-2.4381592338551146
0.23541571402490125,-0.3943080257977895,0.2629407756990007,1790756141,960532070,0.1340000033378601,0.17570991813565484,-0.40807184549443687,0.38211198069054364,-2.394754466057562
0.24341596684776495,-0.3943033145503707,0.26831761125678666,1790756142,10233530,0.13300000131130219,0.17881655400850144,-0.407698118516074,0.38380135659070436,-2.349113065740844
0.25093959777270397,-0.39433778584511636,0.27391087589718455,1790756142,60333602,0.13199999928474426,0.18177664837109792,-0.407347269422071,0.38558558018738764,-2.30452328644068
0.2579006737809463,-0.3944073936605461,0.27962109003602253,1790756142,110145294,0.13099999725818634,0.18455620009476248,-0.4070218716083445,0.3874286148543117,-2.261513456046615
0.26572159548563185,-0.39431994171071044,0.2839666318875344,1790756142,161533332,0.13199999928474426,0.1872396051067829,-0.4067108819281701,0.3893755574957299,-2.2187731053256683
0.2715376596047116,-0.39444958299857075,0.2897308534116175,1790756142,210175353,0.13099999725818634,0.1896200189582674,-0.40643705996398183,0.39125326388619497,-2.1796999673496424
0.2790271365961784,-0.3944322153194989,0.29473259877119073,1790756142,260148545,0.13199999928474426,0.19215667955284932,-0.4061466561648583,0.3934255335737194,-2.136670793253172
0.28403144699792954,-0.3948050874744608,0.30339596851860423,1790756142,310544979,0.1289999932050705,0.19477290292933105,-0.405848010137458,0.39587280030214533,-2.0905273682628414
0.2911562125916034,-0.39485836961452936,0.3091506197941044,1790756142,360127346,0.12999999523162842,0.19717273201099922,-0.40557382239256407,0.39832619498114935,-2.0463350375567395
0.296467540081538,-0.3951056081024399,0.31645902635883405,1790756142,410362585,0.1289999932050705,0.19943465869952384,-0.405314118491638,0.4008474408080097,-2.0027306731588643
0.30153332881085515,-0.39537926943961765,0.3240851338919526,1790756142,461401344,0.12800000607967377,0.20162603467657664,-0.405060097612337,0.40351318750686604,-1.9583165800184084
0.3060103213109125,-0.39566507164951537,0.33158788898282576,1790756142,510209755,0.12700000405311584,0.2036158274900775,-0.40482615612224154,0.40615626831314244,-1.9157460901201535
0.31192578112436165,-0.39583825291993463,0.33831533070378583,1790756142,560342920,0.12800000607967377,0.20553993714141294,-0.40459539448891546,0.4089507766779782,-1.8720957070049018
0.31500147843551785,-0.39623770174153317,0.3468686720277995,1790756142,610523260,0.12600000202655792,0.2073415855053257,-0.40437352483193023,0.41182370530154916,-1.8284763906770678
0.3201297634819181,-0.39645173968362574,0.35374712213363474,1790756142,660737656,0.12700000405311584,0.20895860119071932,-0.40416746874336407,0.4146605133492952,-1.786481948673411
0.3212555611409722,-0.3969090925791873,0.3623351071725884,1790756142,710714710,0.12399999797344208,0.21039911887653076,-0.40397621217460206,0.4174432238751967,-1.7461890619844802
0.3275764785115286,-0.39705472791288693,0.36867912448592116,1790756142,760221641,0.12700000405311584,0.21177518468842257,-0.4037853131759773,0.4203875435335228,-1.7044067451673455
0.32735344454840853,-0.3976037779011469,0.3784092485672948,1790756142,810434037,0.12300000339746475,0.21309519361831064,-0.40359129784304254,0.42355570507405205,-1.6602944647444997
0.3282141303954244,-0.39800763514357246,0.38640197075848476,1790756142,860691989,0.12099999934434891,0.2141526845658134,-0.4034233677825264,0.4264226686106527,-1.6210372736656322
0.3332199060690942,-0.3981618171886698,0.3919433811299793,1790756142,910434171,0.12399999797344208,0.21498626959786157,-0.4032794026916472,0.4289652263409054,-1.586677191357118
0.3355026365309663,-0.39831978231664,0.39604656238697844,1790756142,960639938,0.125,0.2154919879514366,-0.40318576454402466,0.4306697691200845,-1.563852868397601
0.3322930052247164,-0.39857459685266416,0.39938139933863503,1790756143,10476629,0.12099999934434891,0.2157366073444442,-0.40313837923324924,0.43154936235917424,-1.5521351534169767
0.3364486226473139,-0.398474488591734,0.3994222390891971,1790756143,63626302,0.125,0.21585156692832907,-0.40311552641813003,0.4319769763758967,-1.5464525868196508
0.3345221195945202,-0.39854924762889576,0.3999543191492884,1790756143,110016465,0.12300000339746475,0.21585274434650953,-0.40311528909542277,0.4319813620872357,-1.5463944208070943
0.33355893239977685,-0.3985866331751451,0.40022061169871764,1790756143,160523622,0.12200000137090683,0.21585336829175503,-0.4031151633146257,0.43198368660165254,-1.5463635921478271
0.33741813181219704,-0.3984381567544606,0.39917919924781964,1790756143,210823028,0.12600000202655792,0.21585336829175503,-0.4031151633146257,0.43198368660165254,-1.5463635921478271
0.33741813181219704,-0.3984381567544606,0.39917919924781964,1790756143,260405728,0.12600000202655792,0.21585336829175503,-0.4031151633146257,0.43198368660165254,-1.5463635921478271
0.335488528511828,-0.3985123951030823,0.3996999064431594,1790756143,310196354,0.12399999797344208,0.21585336829175503,-0.4031151633146257,0.43198368660165254,-1.5463635921478271
0.3364533301620125,-0.3984752759287714,0.39943955284548954,1790756143,362671979,0.125,0.21585336829175503,-0.4031151633146257,0.43198368660165254,-1.5463635921478271
0.3364533301620125,-0.3984752759287714,0.39943955284548954,1790756143,410662952,0.125,0.21585336829175503,-0.4031151633146257,0.43198368660165254,-1.5463635921478271
0.3352340006834098,-0.3983611364513933,0.39878463518053675,1790756143,462355334,0.12399999797344208,0.21575554782014916,-0.4030255481771391,0.4316349329275584,-1.5510972803225775
0.3357364272579004,-0.3980567583871983,0.39690336894453443,1790756143,510429252,0.125,0.2155791848119592,-0.40286792842727914,0.4310221281633679,-1.5594308926019356
0.3345441316106894,-0.39740268099762543,0.392945568866799,1790756143,560540648,0.125,0.2151230498086913,-0.4024808222292024,0.4295217592489674,-1.57992472134217
0.3306617713130179,-0.3964925642258343,0.38756387334256653,1790756143,610452479,0.12300000339746475,0.21436091621068984,-0.4018887116967385,0.42723746066103185,-1.6113940580624275
0.3279801887730899,-0.39528774178577253,0.3803276421290126,1790756143,660356115,0.12300000339746475,0.21332384328446127,-0.401166762629151,0.42446787761650967,-1.6500365603813485
0.32538097682474654,-0.39383795205088906,0.3715630160430037,1790756143,710339752,0.12399999797344208,0.2119642581866891,-0.4003255074226807,0.42126773469312073,-1.6954583054824022
0.32024091633109175,-0.39240470565302676,0.36312223635430135,1790756143,760139073,0.12300000339746475,0.21032893638492406,-0.3994255180058663,0.4178859624327539,-1.744510465166421
0.3177843435098511,-0.39064221387943726,0.3523310199299596,1790756143,810341089,0.12600000202655792,0.20836942857857474,-0.3984632768887116,0.4143246314934031,-1.797562885557901
0.3117169654334569,-0.38926117959556983,0.3443356721463928,1790756143,860377142,0.125,0.20637681132095945,-0.39758016831486964,0.41111326088875044,-1.8468524540770572
0.30896404005874983,-0.38773768499518246,0.33497515048073556,1790756143,910284945,0.12800000607967377,0.20438252597288528,-0.3967701169848804,0.4082221547898274,-1.8926231032542558
0.30440680679406334,-0.38618538965698024,0.3256170616288969,1790756143,960456536,0.12999999523162842,0.2020673525516961,-0.3959030291395188,0.4051921981257025,-1.942277188923234
0.29589697861580744,-0.3848894415273522,0.31856859931681214,1790756144,10058921,0.12800000607967377,0.1994487906947311,-0.3949989543145445,0.40211227863693105,-1.9948741794846614
0.29011308209560804,-0.3833491532123098,0.309441492631943,1790756144,60254003,0.12999999523162842,0.19672267054703566,-0.3941277717609421,0.39923041830317907,-2.0464388281515022
0.28270137771858295,-0.3820584655878929,0.3022636128152749,1790756144,110205102,0.12999999523162842,0.19395154807174,-0.3933025588271028,0.3965877182449461,-2.096166722701206
0.27516857851795373,-0.38084747978850403,0.2956577492560587,1790756144,160325156,0.12999999523162842,0.1911352332190401,-0.3925164117113546,0.3941576561893997,-2.1444285559692005
0.26760800072094215,-0.37972053954529533,0.28964131962590706,1790756144,210236291,0.12999999523162842,0.18830863224018876,-0.3917729260702276,0.3919464949487163,-2.1909477568832494
0.2603095277660555,-0.3783632263000783,0.2819396007303977,1790756144,260320169,0.13199999928474426,0.1851545355566343,-0.3909897075914927,0.38971853618335106,-2.2409590549542915
0.25145894186376017,-0.3770745761638951,0.27506248261539634,1790756144,310287380,0.13300000131130219,0.1816831992665448,-0.39017721820895374,0.3875287747444276,-2.2940606563326678
0.2422732575994281,-0.37600091774261846,0.2698058079991718,1790756144,360770147,0.13300000131130219,0.17829822856700775,-0.38942854635157226,0.3856328117549772,-2.3442064841653254
0.23401161131185244,-0.37495427435645606,0.2644788351702372,1790756144,410551014,0.1340000033378601,0.1750918712467484,-0.38875434968953665,0.38403644908925283,-2.3904567101362924
0.2235712160470451,-0.3743391110196828,0.2630376455152498,1790756144,460034853,0.13099999725818634,0.1716987165873477,-0.38807396461236926,0.38254328085616573,-2.438283510134623
0.2155134345713404,-0.3728875187193251,0.2545261028046925,1790756144,510288870,0.13600000739097595,0.16805205844991447,-0.38737713158742526,0.3811494454629032,-2.488602194176288
0.2044011841347758,-0.3722098497956403,0.2528941246719545,1790756144,560336173,0.1340000033378601,0.16423288237641237,-0.3866816331902473,0.3799101705629172,-2.540305265161234
0.19429880207719202,-0.37103238378779735,0.24699023132275993,1790756144,610167059,0.13699999451637268,0.16025460281186912,-0.3859910986504908,0.3788470773472488,-2.5932776858514353
0.18339871219116047,-0.3702609201290446,0.2445661542614126,1790756144,660326057,0.13699999451637268,0.15631311709057558,-0.38533782120874094,0.378012982958712,-2.645054966380481
0.17283947585973025,-0.36946024969127883,0.24177071602251904,1790756144,710513713,0.1379999965429306,0.15244151604711514,-0.3847234204512298,0.3773987289832801,-2.69538960386684
0.16204656504157738,-0.36883180140192984,0.24049721237251256,1790756144,760465488,0.1379999965429306,0.14855702391182957,-0.3841319648317132,0.3769814104504572,-2.745512125545151
0.1511336573978254,-0.36848589438349544,0.24175285605160948,1790756144,810262549,0.13600000739097595,0.14466354496610215,-0.38356244753282326,0.3767596603268084,-2.7955018031200147
0.14025535505246614,-0.3676394030197626,0.23858648977626384,1790756144,860514501,0.13899999856948853,0.1407152597597157,-0.38300691490690586,0.37673361304843545,-2.84607396445802
0.12935347461025337,-0.3672984981537263,0.23994456210224724,1790756144,910361203,0.1379999965429306,0.1367902919384036,-0.38247517263197295,0.3769057293930451,-2.896354728912721
0.1190443006944309,-0.36734786773203115,0.2447945475219272,1790756144,961155165,0.1340000033378601,0.13293062136804895,-0.38197082227505175,0.3772684702128807,-2.9459326957975756
0.10896252673753903,-0.36681754274861716,0.24412147708561688,1790756145,10092613,0.13600000739097595,0.12934328123959976,-0.3815174655977546,0.3777797694752088,-2.9922424230923363
0.09782804806076578,-0.36631824025965704,0.24412485091175828,1790756145,60420316,0.1379999965429306,0.12544372761084327,-0.3810402199559967,0.37852960009368586,-3.0429619220052286
0.08682133655090903,-0.36618878999153925,0.2477438881511884,1790756145,110354396,0.13699999451637268,0.12139131193726423,-0.3805606347828939,0.37952918845651895,-3.096236627212823
0.07637822871491115,-0.3661225666261256,0.2518316253125191,1790756145,160263051,0.13600000739097595,0.1175056464875734,-0.38011525098557986,0.380706534826028,-3.1480263878630392
0.06512604069295143,-0.36580816191658655,0.25365670918261574,1790756145,211662164,0.1379999965429306,0.11367324526765285,-0.3796888347741014,0.38208760458887536,-3.199958412436828
0.05554912790962197,-0.3658562942600139,0.258633214375817,1790756145,260693334,0.13699999451637268,0.11008285877626331,-0.3792999790383016,0.3835905592373053,-3.2495519590170336
0.04662267986508789,-0.3660460019133286,0.2649973714111889,1790756145,310178377,0.13500000536441803,0.10653378674487735,-0.37892501685614866,0.3852878186417731,-3.299652401911685
0.03646896471046983,-0.3659983997645046,0.26925381511136043,1790756145,360522829,0.13600000739097595,0.10300588839059632,-0.37856054910256753,0.3871988540131249,-3.3507263452969998
0.027703349695569035,-0.3661841760625496,0.2756464179238963,1790756145,410039576,0.13500000536441803,0.09962737816780705,-0.3782184553887394,0.38925588803011957,-3.4010558873146715
0.018902304472360548,-0.366321682719996,0.2815156433049322,1790756145,460434019,0.13500000536441803,0.09641441950714875,-0.3778985106260482,0.39143766351408005,-3.450452896224449
0.010174330515190358,-0.36641116336950735,0.2867275498087069,1790756145,510234646,0.13600000739097595,0.09345159491697065,-0.37760723153675607,0.39366466825546426,-3.4975795545342305
0.004546428699344962,-0.366949852123182,0.2964703178529669,1790756145,560496977,0.13199999928474426,0.0904605822530517,-0.37731578936150834,0.39614631985692805,-3.5469813553452765
-0.005428465349899686,-0.36698126924088453,0.30145533947556113,1790756145,610179150,0.13500000536441803,0.0875315908925946,-0.37703202526145185,0.39883301502391366,-3.597487095872962
-0.009760876006562474,-0.36765145353069945,0.31285787288454386,1790756145,660260842,0.12999999523162842,0.08462427385386646,-0.37675032549717313,0.4017884793987553,-3.6501544571960336
-0.020369751445047837,-0.36773822720937344,0.3187209768984681,1790756145,710177200,0.1340000033378601,0.08179751891605748,-0.37647475705329964,0.40498523837327305,-3.7043508391396474
-0.024217644658130463,-0.3683738790288291,0.3298802382093143,1790756145,760317986,0.12999999523162842,0.07921788405716296,-0.3762196659849877,0.4082354153621336,-3.75703787158252
-0.03372840990698636,-0.3685447947007476,0.3362396889490576,1790756145,810228020,0.1340000033378601,0.07689579437195236,-0.37598470685110463,0.4114921575424076,-3.8078146329302216
-0.03539819280292497,-0.3692438842452289,0.34801979823878837,1790756145,860357361,0.1289999932050705,0.07471672338393742,-0.3757568188580867,0.4149024205169044,-3.8591823013960127
-0.04074340034788901,-0.3696933189638509,0.3573121649000368,1790756145,910321275,0.1289999932050705,0.07270737553117056,-0.37553703227734636,0.41843311641469594,-3.910737310353451
-0.0490445341984119,-0.36998951565100463,0.3648051498305311,1790756145,960345967,0.13300000131130219,0.07094285582945677,-0.37533357022138425,0.42193191819576686,-3.9604589195475537
-0.04859540158686462,-0.37064501207593,0.37599599449156523,1790756146,10350094,0.12800000607967377,0.0694076006400352,-0.3751444412255644,0.4253827149654154,-4.008377293003893
-0.05383422741135442,-0.37101798878558784,0.3838251644102438,1790756146,60494129,0.12999999523162842,0.06813545492317583,-0.37497399678743587,0.42863303595226765,-4.052648056096965
-0.0537417325710301,-0.3715104983212628,0.39271644175260306,1790756146,110206024,0.12700000405311584,0.06709936817698532,-0.37482123903840153,0.4316454591484134,-4.0930438964560985
-0.05739766740483099,-0.371755909256349,0.397791159089872,1790756146,160210698,0.1289999932050705,0.0664378681832413,-0.3747163601980924,0.4338049634257798,-4.121682418125416
-0.054513311809456205,-0.3720228288597229,0.40228157048023117,1790756146,210144343,0.125,0.06606987761505262,-0.3746560216656477,0.43511083675073825,-4.138888198340934
-0.059798726533383875,-0.3720079637553903,0.40268389544044925,1790756146,261510799,0.12999999523162842,0.06589607710519517,-0.3746250600465292,0.43575905085180566,-4.147396478134976
-0.054008110620536356,-0.3721285182297419,0.40425098009855553,1790756146,310192404,0.12399999797344208,0.06589193056699576,-0.3746220148156924,0.4357749724760701,-4.147600913530277
-0.05691434212792543,-0.3720681083437993,0.40350887768865334,1790756146,360709097,0.12700000405311584,0.06588985765875617,-0.37462049163108874,0.4357829366803421,-4.147703170776367
-0.05498041386434609,-0.37210830343637225,0.4040171315999436,1790756146,410457177,0.125,0.06588985765875617,-0.37462049163108874,0.4357829366803421,-4.147703170776367
-0.05594737799613575,-0.37208820589008573,0.4037630046442985,1790756146,460373694,0.12600000202655792,0.06588985765875617,-0.37462049163108874,0.4357829366803421,-4.147703170776367
-0.05691434212792543,-0.3720681083437993,0.40350887768865334,1790756146,510251339,0.12700000405311584,0.06588985765875617,-0.37462049163108874,0.4357829366803421,-4.147703170776367
-0.05594737799613575,-0.37208820589008573,0.4037630046442985,1790756146,560308429,0.12600000202655792,0.06588985765875617,-0.37462049163108874,0.4357829366803421,-4.147703170776367
-0.05498041386434609,-0.37210830343637225,0.4040171315999436,1790756146,610288408,0.125,0.06588985765875617,-0.37462049163108874,0.4357829366803421,-4.147703170776367
-0.05691434212792543,-0.3720681083437993,0.40350887768865334,1790756146,663699925,0.12700000405311584,0.06588985765875617,-0.37462049163108874,0.4357829366803421,-4.147703170776367
-0.058848255982645564,-0.37202791355070247,0.4030006275641421,1790756146,713291949,0.1289999932050705,0.06588985765875617,-0.37462049163108874,0.4357829366803421,-4.147703170776367
-0.05764464893806816,-0.3718986444079375,0.40237592655438664,1790756146,760719625,0.12800000607967377,0.06597917032079711,-0.3745337482167598,0.4354547580960942,-4.143196790386209
-0.05718493252207757,-0.37161561358806455,0.40071222208117985,1790756146,810301788,0.12800000607967377,0.0661526400975237,-0.37436932776159637,0.43483350275690463,-4.134650776537057
-0.05590569685050946,-0.3708709266935098,0.39634874935147096,1790756146,860642536,0.12800000607967377,0.06663522027843179,-0.3739360935416523,0.43320427726503546,-4.112137670182158
-0.05373027326562155,-0.3697221233500573,0.3896488631109998,1790756146,910395070,0.12800000607967377,0.06745548843253307,-0.373266560530696,0.43070309167648513,-4.07726566138188
-0.05045960991057741,-0.3681996806102933,0.3808207175566903,1790756146,960518504,0.12800000607967377,0.06868805766211203,-0.3723776064180346,0.42740805279202454,-4.030670607224603
-0.04771502102258729,-0.3662795786414653,0.36939975854020735,1790756147,10248186,0.12999999523162842,0.07040627749654596,-0.37129769379653416,0.4234569145574054,-3.973622549691459
-0.04239949995363709,-0.36441529170153836,0.3587927988069396,1790756147,60268610,0.12999999523162842,0.07238881391986633,-0.37020601699112865,0.4195390683131568,-3.915511824138032
-0.03638771544067891,-0.3625559256287018,0.3483719049897484,1790756147,110382904,0.12999999523162842,0.07463071612863834,-0.3691098412727108,0.4156916851575672,-3.8566111667259206
-0.0325130142642928,-0.3606351800329147,0.33701883219483897,1790756147,160370244,0.13300000131130219,0.07699714674700991,-0.36806840078787806,0.41212723527527273,-3.8000593579588218
-0.024984740050448748,-0.35902111473782033,0.32852033270444736,1790756147,210473242,0.13199999928474426,0.07947427370182705,-0.3670741473750959,0.4088164280168429,-3.7454473822064576
-0.017224503592041376,-0.357264823758309,0.3191896067866365,1790756147,260445258,0.13199999928474426,0.08234174921692153,-0.36601835358582896,0.4054098876277059,-3.6866883705569897
-0.00694950811571389,-0.35558997670455134,0.31117076979612446,1790756147,310223829,0.12999999523162842,0.08561231156368912,-0.3649126051665237,0.4019749376323043,-3.624156823617883
0.0002086654357608686,-0.3536398133406908,0.3003411467948522,1790756147,360764773,0.13300000131130219,0.08903052823866636,-0.36384643148116663,0.3988068869442195,-3.5627761723399867
0.009583777460513407,-0.3520359933479206,0.29253488765589786,1790756147,410648455,0.13300000131130219,0.09247865345020084,-0.3628464325286785,0.3959784678732311,-3.50410238374368
0.0172222986143737,-0.3501283071265885,0.2819514547532175,1790756147,460930241,0.13699999451637268,0.09613572419485301,-0.361854707161354,0.39332542524392483,-3.444727323872528
0.028142972533477723,-0.3487213498196515,0.2760358175678822,1790756147,510240320,0.13600000739097595,0.09988728661496754,-0.36089976640711763,0.3909289921986852,-3.3862898984032586
0.03823034146863437,-0.3470651585055151,0.26800134933729136,1790756147,560840079,0.1379999965429306,0.10389085903944756,-0.35994027307906934,0.38869487403062214,-3.3261750716329224
0.05079546184463258,-0.34597362958514405,0.2651310766977117,1790756147,610395862,0.13500000536441803,0.10794933383298642,-0.35902207514544066,0.38673771481254376,-3.267166179940453
0.06059603958293553,-0.3441514925886156,0.25560015208330866,1790756147,660799722,0.14000000059604645,0.11219214027821409,-0.35811332104358096,0.38499454881720824,-3.207164488779431
0.072920754988413,-0.34300995931585965,0.2522954608211869,1790756147,710431422,0.13899999856948853,0.1164683969501903,-0.3572441720218737,0.38352803936221314,-3.148097542209953
0.08497660639970142,-0.3419846435671484,0.24983480806804667,1790756147,760258336,0.1379999965429306,0.12068782359517927,-0.35642756448171187,0.382349373485294,-3.0909241259824767
0.09612685167878984,-0.3407463431786968,0.2452269708427253,1790756147,810300528,0.14000000059604645,0.12484189870559859,-0.35565937510848034,0.38143654363334245,-3.0354810581300478
0.10873912090551098,-0.339603995692511,0.24206449989851192,1790756147,860548684,0.14100000262260437,0.12938460045050124,-0.3548559929177315,0.3807084377197297,-2.9755773444890856
0.12258773517446658,-0.33881733256244206,0.2425607300098612,1790756147,910325116,0.13899999856948853,0.1342332467372278,-0.3540371464060624,0.380233308722272,-2.9122137870847054
0.13591197972687283,-0.33814981142194805,0.24393574570833304,1790756147,960412772,0.13699999451637268,0.1389830153709257,-0.35327011018848814,0.380064154950378,-2.8504711207541975
0.1487046854179082,-0.33715567083688164,0.2421282454780351,1790756148,10295779,0.13899999856948853,0.14357472970088292,-0.3525587701020661,0.3801768879548304,-2.79086896154998
0.16174346527193476,-0.3363476129305778,0.24208951971295195,1790756148,60517527,0.14000000059604645,0.14820386826723364,-0.3518692440543564,0.38056608252088936,-2.730650849447027
0.17467632138744665,-0.3357353013200706,0.24381819698995133,1790756148,110595238,0.14000000059604645,0.15280835636450615,-0.35120883020411475,0.3812313047217944,-2.6704049249218054
0.18727011660457377,-0.3351146130377602,0.24524731214779125,1790756148,160536745,0.14100000262260437,0.15721619572056442,-0.350598609195002,0.382134157542353,-2.6121958301321677
0.1991941295969129,-0.3346951411529424,0.2482688652898227,1790756148,210524233,0.14100000262260437,0.16144200330540112,-0.3500322808042169,0.3832523822367503,-2.5556950633506563
0.21131674769082703,-0.33433934883003985,0.25208501287471036,1790756148,260450795,0.14100000262260437,0.16573824049085115,-0.3494738567474281,0.38465404052104524,-2.4973328709255647
0.22285933169084593,-0.33426399415734276,0.2586062045990677,1790756148,310603951,0.13899999856948853,0.17009773410223383,-0.34892385989013247,0.38636496852120245,-2.4368982674388504
0.2351082304655339,-0.33395304423615896,0.2630352570143264,1790756148,360178151,0.14000000059604645,0.17432329333379,-0.34840532375741784,0.38832022499302027,-2.3768627624864664
0.24689165338451058,-0.3338245270775268,0.26922093315038265,1790756148,410613354,0.14000000059604645,0.17851808160719007,-0.3479034358162502,0.39057512210993733,-2.3154990205426054
0.25736638802152334,-0.33397094268598143,0.27789131216551993,1790756148,460243350,0.1379999965429306,0.1826325619288658,-0.34742207015408777,0.3931211757132914,-2.2531992323986185
0.2681859464614332,-0.3340920241370007,0.286624953234735,1790756148,510305163,0.13699999451637268,0.1867333363784295,-0.34695153151769226,0.3960283529903105,-2.1885173305988013
0.27737573562728846,-0.334372784783421,0.2964540194156613,1790756148,560044067,0.13500000536441803,0.19051464076246077,-0.3465240377947031,0.3990819819674537,-2.126015562294395
0.28567784496787746,-0.3347066776806479,0.30658976398636467,1790756148,610242890,0.13300000131130219,0.1940411704488137,-0.3461289737181177,0.40230419019854,-2.0646197981513863
0.2943928820746086,-0.33491730652256646,0.3154148517058487,1790756148,660261462,0.13300000131130219,0.19724605723401203,-0.3457710706519365,0.40560182735322714,-2.005547271269682
0.30152448015210187,-0.33525273493846575,0.3250284771717743,1790756148,710171320,0.13199999928474426,0.20015087748508664,-0.34544548583081164,0.40895404135057023,-1.9485904872387596
0.3116171113479015,-0.33535585901184395,0.3330781790909819,1790756148,760463532,0.13500000536441803,0.20298781578881323,-0.3451236911113602,0.412634869889461,-1.8889408905455443
0.3181188943693657,-0.3358201543805612,0.3442586648372976,1790756148,810130862,0.1340000033378601,0.20566126110412666,-0.34481371599662797,0.41656632324486564,-1.8279380442633744
0.32138894512962035,-0.3365183663070733,0.3574040843145436,1790756148,860407583,0.12999999523162842,0.20813255258795188,-0.34451828786751765,0.4207206663740457,-1.7659348975889304
0.32913221889927063,-0.33688590435399834,0.3679246942554326,1790756148,910543090,0.13199999928474426,0.21034848603284656,-0.3442407070966036,0.42502400680915653,-1.703864869134124
0.33122976197735476,-0.33752303833245845,0.37991256521258193,1790756148,960414643,0.1289999932050705,0.2121442783158942,-0.34399840179241115,0.4290828356621712,-1.6469679154775254
0.33512073177160645,-0.33798496779397047,0.3900277162839818,1790756149,10458252,0.1289999932050705,0.21359951262148114,-0.34378307975940825,0.43292262787978414,-1.5943436339972625
0.33762599764536283,-0.33833856648225424,0.397543683442891,1790756149,61443790,0.1289999932050705,0.21453529146359837,-0.34363160219312716,0.4357753466495342,-1.555878811801156
0.337113505603741,-0.3386414369792731,0.40280425585172186,1790756149,110290840,0.12700000405311584,0.21506122362224186,-0.3435398453964609,0.43756410463704454,-1.53199628395428
0.3406919981671139,-0.338646697339822,0.40447203356088,1790756149,160387412,0.12999999523162842,0.2153192202753651,-0.34349244089103553,0.43850413742422517,-1.519511535028407
0.34171192718653476,-0.3386192737227412,0.40441434626155953,1790756149,210177853,0.13099999725818634,0.2153397036127779,-0.34348843664586626,0.4385808743716457,-1.5184946501742307
0.33884468181284505,-0.3387354604982232,0.4052954902313838,1790756149,260939686,0.12800000607967377,0.21534972301114053,-0.3434864734607232,0.43861852404872964,-1.517995834350586
0.33980947371118475,-0.3386983436890868,0.4050351573937763,1790756149,310534063,0.1289999932050705,0.2153497230111405,-0.34348647346072303,0.4386185240487297,-1.517995834350586
0.33787987553780063,-0.3387725778604499,0.40555582694830294,1790756149,360221375,0.12700000405311584,0.2153497230111405,-0.34348647346072303,0.4386185240487297,-1.517995834350586
0.33980947371118475,-0.3386983436890868,0.4050351573937763,1790756149,410432614,0.1289999932050705,0.2153497230111405,-0.34348647346072303,0.4386185240487297,-1.517995834350586
0.33884468181284505,-0.338735460498223,0.4052954902313839,1790756149,460283065,0.12800000607967377,0.2153497230111405,-0.34348647346072303,0.4386185240487297,-1.517995834350586
0.33884468181284505,-0.338735460498223,0.4052954902313839,1790756149,510961240,0.12800000607967377,0.2153497230111405,-0.34348647346072303,0.4386185240487297,-1.517995834350586
0.33787987553780063,-0.3387725778604499,0.40555582694830294,1790756149,563592227,0.12700000405311584,0.2153497230111405,-0.34348647346072303,0.4386185240487297,-1.517995834350586
0.34077427998622917,-0.3386612263268599,0.4047748206768572,1790756149,611780127,0.12999999523162842,0.2153497230111405,-0.34348647346072303,0.4386185240487297,-1.517995834350586
0.3375503502994329,-0.33857577439619163,0.4043743816720604,1790756149,660368667,0.12700000405311584,0.21522492834051937,-0.3433699676345763,0.43817538584735405,-1.5240400529165357
0.33785545126787253,-0.33815868083793,0.40182814957324386,1790756149,710252183,0.12800000607967377,0.21497686931422808,-0.34314594664090714,0.43732438646208127,-1.5356772454986465
0.3351772579103971,-0.33727510188415355,0.39657892790456045,1790756149,761228897,0.12700000405311584,0.21432579232541188,-0.34259822496569703,0.43525176922907804,-1.5641957036601133
0.33329285144112003,-0.3358820948234892,0.3881872370316707,1790756149,810627920,0.12800000607967377,0.21325578537826906,-0.34179577107020936,0.4322341751848301,-1.6062153176730234
0.3290510681225594,-0.33413530453569656,0.3777679852425825,1790756149,861153605,0.12800000607967377,0.21165454831523045,-0.3407530986482085,0.42834726454358024,-1.6613629229880447
0.3286678377144885,-0.33177760753603686,0.3631301527007545,1790756149,910592592,0.1340000033378601,0.2094943907250623,-0.3395444261068919,0.4239032302638692,-1.7261412071356654
0.3194893327687155,-0.3299934582686531,0.3529227577693437,1790756149,960933044,0.13099999725818634,0.207070893206627,-0.33836609439330545,0.4196535054977639,-1.7902224928878565
0.31256699285281114,-0.3281699745947587,0.3422638849910386,1790756150,10447577,0.13099999725818634,0.20449413048360635,-0.33725640604869067,0.41573968008306017,-1.8515445522554637
0.30589143963821286,-0.32610196618013454,0.3299701100929149,1790756150,60150917,0.13300000131130219,0.20142511926251574,-0.33607396362165276,0.41167902957539826,-1.9180915663323213
0.29824283253587036,-0.3238450046412725,0.3164942316488297,1790756150,110420138,0.13600000739097595,0.19778894529270688,-0.3348190830118521,0.4075139446345324,-1.990296766699718
0.28511714279918926,-0.32232401307057595,0.30892181347726655,1790756150,160124329,0.13199999928474426,0.19402215685289387,-0.33364590480177864,0.4037770616939238,-2.0595031547462415
0.2763630926628623,-0.3203244266934337,0.29726592862440093,1790756150,210448865,0.13500000536441803,0.19007028894034048,-0.332523200007679,0.40036657558515903,-2.1275042316922486
0.2638094071394267,-0.31886928312563423,0.2901823099512132,1790756150,260371011,0.13300000131130219,0.18591502417114777,-0.33143858821325833,0.3972499428773768,-2.19508476984085
0.25513272107164897,-0.3167328414330405,0.2772858649132559,1790756150,310259472,0.13899999856948853,0.18154696900325,-0.33038548945269874,0.3944171668649428,-2.262735681438615
0.24187632877323284,-0.3153541233133828,0.2708994393705121,1790756150,360281108,0.1379999965429306,0.17696585463135323,-0.32936100863217094,0.39187231466159356,-2.330746256112594
0.22787616084156043,-0.3141880137953372,0.2663685306725295,1790756150,410121689,0.13600000739097595,0.17222112649612728,-0.3283732160369343,0.38964585705381977,-2.3986773898557607
0.21524236471501665,-0.312582861227359,0.2581103859274312,1790756150,460553892,0.13899999856948853,0.1672549380261756,-0.3274078208639016,0.38771913198214697,-2.4676326929637393
0.20180813811540022,-0.31107013945765294,0.25065847304579464,1790756150,511024668,0.1420000046491623,0.16214161638759927,-0.32647747025987206,0.3861323913176561,-2.5368494443459086
0.18698793377000544,-0.31048569763048417,0.25106448103786216,1790756150,560477655,0.1379999965429306,0.15720959766026962,-0.3256339122626028,0.384959146121441,-2.6023123700178625
0.17408057024312584,-0.30914974594159467,0.24468296831298364,1790756150,610207180,0.1420000046491623,0.15234356806650373,-0.3248477223998091,0.384128576317872,-2.665983741325041
0.1588816041684524,-0.3082816874324404,0.24295452808546833,1790756150,660636244,0.1420000046491623,0.14697310887437634,-0.3240275761218151,0.38357549398164936,-2.7355499248721586
0.14283549499350942,-0.30771927266080806,0.24426442559800607,1790756150,710177370,0.14000000059604645,0.1413107553604827,-0.32321189430404335,0.3833962120832088,-2.80846422028779
0.1272703195835511,-0.3071823650206196,0.24572206205182595,1790756150,760215942,0.13899999856948853,0.1357382921768211,-0.3224535099444592,0.3836208842918746,-2.8801651973701756
0.11162019821101873,-0.30623325512292726,0.24330342701257107,1790756150,810423126,0.14300000667572021,0.13031887554412702,-0.32175424330681757,0.3842234763350286,-2.950199962481054
0.09616589810320812,-0.305836301333347,0.2459625339582257,1790756150,861146792,0.14300000667572021,0.12488268985907475,-0.3210874724172995,0.3852167962307832,-3.021115619578657
0.08101779496400106,-0.305458089997912,0.2486485836292349,1790756150,910591566,0.14399999380111694,0.11964843350207832,-0.3204756564221396,0.3865548731143634,-3.090385683658062
0.06726071831930053,-0.30560035205886577,0.2561763645418761,1790756150,960088942,0.14100000262260437,0.11447914611585024,-0.3198980626637436,0.38826344296916065,-3.160140211989323
0.05149329862129162,-0.3052431433585268,0.25925626010910263,1790756151,10575840,0.14399999380111694,0.10930925904364272,-0.3193447262741856,0.39038390133869105,-3.2316838953611264
0.037831309492744825,-0.30539329328657183,0.2669681381042051,1790756151,60354318,0.14300000667572021,0.10436187776431168,-0.3188358665008707,0.39283307611355156,-3.3023208360241076
0.025256901479234872,-0.3057289305485646,0.27647995386471597,1790756151,110364381,0.14100000262260437,0.09956732514317981,-0.31836003792662665,0.3956412596685016,-3.373378900931768
0.013390728315184619,-0.30604899958308807,0.285633166110346,1790756151,160094767,0.14000000059604645,0.09514700756533301,-0.31793456138539583,0.3986581385310827,-3.4417853452909606
-0.0007018103234178452,-0.3060378938072679,0.29148939774809035,1790756151,210303562,0.14399999380111694,0.09102923909430316,-0.31754766034097454,0.40189292152240164,-3.508691040035882
-0.00981933891948325,-0.30677339886528276,0.3049353531564418,1790756151,260262485,0.14000000059604645,0.08686829614742775,-0.3171635469872033,0.4056505268596401,-3.580304965271181
-0.02077578459230324,-0.30738111592928397,0.3176789268560688,1790756151,310775550,0.13899999856948853,0.08269412912332942,-0.31678219098745164,0.4100184977114071,-3.6574538549088342
-0.03263827952808013,-0.3078530885119229,0.3288173853523595,1790756151,360609380,0.14100000262260437,0.07900995330437434,-0.3164447640976312,0.41450201615388904,-3.731532080875536
-0.03932561544702069,-0.30867656556697676,0.3433105340197118,1790756151,410387942,0.1379999965429306,0.07574612190607433,-0.316140445448942,0.4191180851310408,-3.803684394655469
-0.046627743998360616,-0.3094296982889479,0.35717298564035044,1790756151,460450292,0.13699999451637268,0.07280197488505635,-0.31585631788729845,0.42398794882564483,-3.8763017272438813
-0.05377761878239877,-0.3101823061866231,0.3710433787345072,1790756151,510496725,0.13699999451637268,0.07021395685457262,-0.31559140632127874,0.4290591464557105,-3.948945703341116
-0.05808834054426587,-0.31088590083379675,0.38349747785629873,1790756151,560595371,0.13600000739097595,0.06831538809577758,-0.3153799520416476,0.43347650245643454,-4.010283221135885
-0.059947312916012324,-0.31151074671569423,0.3943207028955505,1790756151,610727212,0.1340000033378601,0.06694802176681586,-0.31521165121688655,0.4372145047339583,-4.061055864999177
-0.06130108366599957,-0.31193788059430655,0.4018254862982677,1790756151,660565830,0.13300000131130219,0.06609677053677593,-0.31509637126570983,0.43988873668513573,-4.096854316371021
-0.061626921969718335,-0.3122087494782705,0.40655835393504264,1790756151,710431920,0.13199999928474426,0.06561905372446572,-0.3150264092030979,0.44155152861929625,-4.11892263816449
-0.06415485726867855,-0.31229058644569724,0.40824195607726993,1790756151,761493041,0.1340000033378601,0.0653977312091014,-0.3149923725089017,0.4423715336504276,-4.1297569591140055
-0.05934148586701664,-0.31239567410804137,0.40959346947401165,1790756151,810517573,0.1289999932050705,0.06538990285052584,-0.314991145258926,0.44240112780261664,-4.1301473939843465
-0.06418638891287054,-0.312297267568375,0.4083608984622019,1790756151,860250617,0.1340000033378601,0.0653860814434887,-0.3149905456208728,0.44241559085001925,-4.130338191986084
-0.06225246757384223,-0.3123374658287257,0.4088691784704608,1790756151,910490013,0.13199999928474426,0.0653860814434887,-0.3149905456208728,0.44241559085001925,-4.130338191986084
-0.06612031025189882,-0.3122570693080244,0.40785261845394316,1790756151,960373983,0.13600000739097595,0.0653860814434887,-0.3149905456208728,0.44241559085001925,-4.130338191986084
-0.06418638891287054,-0.31229726756837495,0.40836089846220186,1790756152,9961295,0.1340000033378601,0.0653860814434887,-0.31499054562087275,0.44241559085001914,-4.130338191986084
-0.06321942824335638,-0.3123173666985503,0.40861503846633135,1790756152,62009946,0.13300000131130219,0.0653860814434887,-0.3149905456208728,0.44241559085001925,-4.130338191986084
-0.06418638891287053,-0.312297267568375,0.4083608984622019,1790756152,110843950,0.1340000033378601,0.06538608144348872,-0.3149905456208728,0.44241559085001925,-4.130338191986084
-0.06192898001075989,-0.3121321254310464,0.40767214668646773,1790756152,161957794,0.13199999928474426,0.06550583205882562,-0.3148715347186324,0.4419775999077413,-4.124338700904846
-0.06128725962386185,-0.31173812239201837,0.4053780961137329,1790756152,214688299,0.13199999928474426,0.06574334199802163,-0.3146430828993294,0.44113823128134344,-4.1128137604541966
-0.06153666670628384,-0.3107382746371749,0.39927427164878604,1790756152,264115444,0.1340000033378601,0.06635726679703287,-0.3140914319994931,0.439122722099202,-4.08497925852259
-0.05794413586571072,-0.3094150851280847,0.39178131818236844,1790756152,312254029,0.13300000131130219,0.06732804839779448,-0.31330920186515987,0.43628655443041914,-4.0453872188801485
-0.05637814348914151,-0.3073921343775319,0.3796226284504271,1790756152,364941719,0.13600000739097595,0.0689206043731158,-0.31219410327338887,0.4322834952228153,-3.988511790364399
-0.05111110780310822,-0.3050435349066192,0.3660330326048342,1790756152,414961671,0.13699999451637268,0.07115294722093932,-0.31085878185995325,0.42756905660244526,-3.919691470744774
-0.04357953361750548,-0.30264201084220727,0.3525596727190533,1790756152,463877795,0.13699999451637268,0.07387003256637618,-0.3094619591319518,0.4227600018210551,-3.84687335348262
-0.034006441933903814,-0.3000224222293244,0.3381823629820444,1790756152,513545469,0.13699999451637268,0.07732384728025048,-0.307922958120741,0.4176313826966221,-3.7654358299219557
-0.023025233210562976,-0.2978986219415016,0.3274052474655459,1790756152,560584152,0.13500000536441803,0.08073150757490533,-0.30658411911927475,0.4133360471170383,-3.693307493449682
-0.014362484350569416,-0.2956087442595477,0.314893102819465,1790756152,610278140,0.13699999451637268,0.08441236496524993,-0.30528295532952043,0.4093332281915596,-3.621854622401689
-0.00481693397340717,-0.2933898824871165,0.3030210754970619,1790756152,660070184,0.13899999856948853,0.08834117741120293,-0.3040208033906699,0.40563466819468064,-3.5510440768121514
0.0069204193882226595,-0.2913911127312971,0.2933088357009155,1790756152,710485146,0.13899999856948853,0.09253835562430046,-0.3027857789899379,0.4022158151735229,-3.4800944561676985
0.01758580374489141,-0.2893986521749806,0.2832137779325544,1790756152,760510727,0.14100000262260437,0.09675394354123053,-0.30164043121894013,0.3992462959031674,-3.4126026749360956
0.029139234163405803,-0.28761801902823775,0.2748727709620191,1790756152,810988625,0.1420000046491623,0.10102728492756746,-0.30055980413454786,0.3966455909012548,-3.3472124330833024
0.04242064203063557,-0.2860747751678439,0.26892704076588747,1790756152,860339463,0.14100000262260437,0.1055545030124584,-0.29948951636491505,0.39428716622736704,-3.2805761574778027
0.05593116759959716,-0.2843573545063487,0.2617862876805799,1790756152,910320146,0.1420000046491623,0.11047843235840359,-0.2983997595129008,0.3921373831471188,-3.2105348119875647
0.0705948865875052,-0.28281199188656936,0.25642579837791524,1790756152,960191866,0.1420000046491623,0.11565148623860923,-0.2973267946399716,0.3903034464349082,-3.1390881659498455
0.0854272615240422,-0.28114299092778683,0.25011669345818893,1790756153,10068613,0.14399999380111694,0.12105857628793767,-0.29627367921423975,0.38881589999844324,-3.06618969110533
0.10132624276416535,-0.279912179515624,0.24780928874344316,1790756153,61532162,0.14300000667572021,0.12655509132574191,-0.2952660444763821,0.38772628535314696,-2.9934551524650246
0.11597837777732772,-0.2787885931837257,0.2457991138623793,1790756153,110603129,0.14300000667572021,0.1317006665587363,-0.2943737900370397,0.3870751315857476,-2.926224495116514
0.13049036400816863,-0.2775638975228413,0.24279191941181816,1790756153,161148416,0.14499999582767487,0.13682776142584815,-0.29352893206467673,0.38677092432598653,-2.8597318096595536
0.14430646981410958,-0.27715895772164123,0.24668639398563724,1790756153,210488319,0.14100000262260437,0.1416622611607307,-0.29276907354318615,0.38679468490451824,-2.7972177274887566
0.15869984908702045,-0.27626199768718757,0.24652707083660047,1790756153,260499151,0.1420000046491623,0.1467335923830829,-0.2920072243146373,0.3871432073903681,-2.7315614337979857
0.17391700680641387,-0.27522843482157755,0.2454241377714206,1790756153,310515945,0.14499999582767487,0.15194158610844474,-0.29125937843077954,0.387849867617441,-2.6637500512778707
0.18856969264515208,-0.27464635664331405,0.24825955051744164,1790756153,360161692,0.14499999582767487,0.15704113078500553,-0.29055844177338597,0.3888929538179022,-2.596662978532851
0.20348921968060152,-0.27405997353574074,0.25117217660885194,1790756153,410662071,0.1459999978542328,0.16213487012120256,-0.28988690897941927,0.39029559397780766,-2.528634844054629
0.21707289693639548,-0.27401041250050545,0.2589152078892035,1790756153,460528892,0.14300000667572021,0.167203648589488,-0.289245001659955,0.3920691311198514,-2.45955524473107
0.2311346885819283,-0.2738458847438679,0.2658698329482576,1790756153,510588890,0.1420000046491623,0.17228718488371988,-0.2886255279405717,0.394254157442448,-2.388436659284954
0.24309387667616494,-0.2739984406658804,0.27520817610874426,1790756153,560239054,0.13899999856948853,0.17700895214233453,-0.28807022091944784,0.3966814956162438,-2.3202533794802496
0.2571128088793315,-0.27364704824518593,0.2799978395186316,1790756153,610294922,0.1420000046491623,0.18145091905395877,-0.287563895484187,0.39935277704256306,-2.2537339246123422
0.26810422907996323,-0.2738841401458624,0.28989818136013434,1790756153,660852607,0.14000000059604645,0.18574300164374397,-0.28708792352459356,0.4023361130672763,-2.186695695391848
0.2792996026578736,-0.27401307633915223,0.2986607168127601,1790756153,710212529,0.14000000059604645,0.18972811685885124,-0.2866560777961776,0.40551156431902086,-2.1213804658822424
0.29004915939815634,-0.27422975076438993,0.30827093567719793,1790756153,760270722,0.14000000059604645,0.19355435598009554,-0.2862489184872075,0.40898981517579835,-2.0551319048055148
0.30014347079564285,-0.2745287480289355,0.31856926820355524,1790756153,810331785,0.14000000059604645,0.197147046745016,-0.28587124672116787,0.41271322458469084,-1.988871081311653
0.3094709872561399,-0.27490248938426237,0.32942798932846323,1790756153,860333681,0.14000000059604645,0.20046657974835574,-0.2855239781739722,0.416635920657328,-1.9230888044965901
0.31721627974312905,-0.2754165099543834,0.34139740408461294,1790756153,910423133,0.13899999856948853,0.20351376864994095,-0.2852037565939164,0.4207507176678415,-1.8575644375965124
0.3213226174023158,-0.27616125532549124,0.3549419367986233,1790756153,961060225,0.13500000536441803,0.20620078465426345,-0.2849161620893918,0.4249084765206773,-1.7942312029375742
0.3302491157262257,-0.2764690064325904,0.3645399879079083,1790756154,10762305,0.1379999965429306,0.20848732572935716,-0.28466367935302755,0.42896756646192824,-1.734645267824359
0.33416431805812463,-0.2771299157364058,0.37696415133562844,1790756154,60527460,0.13600000739097595,0.2105447990404967,-0.2844275682351181,0.4331865738750733,-1.674614295965104
0.3391755989163442,-0.27771886411559765,0.3888528257266417,1790756154,110331976,0.13600000739097595,0.21235887613256718,-0.28420666268781325,0.43755014908649914,-1.6141820081872778
0.33970690632242295,-0.2783282593658918,0.39918247824665093,1790756154,160570363,0.13300000131130219,0.21357961705754175,-0.28404480179790215,0.4409942994713045,-1.5674569899317587
0.34274744826072095,-0.2786283307214538,0.40550483872810095,1790756154,210075360,0.1340000033378601,0.2143423715148965,-0.2839347379953991,0.44345189661522144,-1.5345555671554034
0.34188763681168555,-0.2788980962367261,0.4097497099375418,1790756154,260381868,0.13199999928474426,0.21473093655291528,-0.28387506073071184,0.4448268137931817,-1.516288555641795
0.3421005926708076,-0.2789383392549841,0.4105232333981538,1790756154,310905617,0.13199999928474426,0.2148092075717974,-0.2838626372461189,0.44511592597971594,-1.5124593453125506
0.3441288981837757,-0.27888298574379516,0.4103650315379059,1790756154,360538309,0.1340000033378601,0.2148454793596985,-0.2838568343947058,0.44525140912719713,-1.5106662511825562
0.34316409461956643,-0.27892010409160717,0.41062537816043987,1790756154,410400482,0.13300000131130219,0.2148454793596985,-0.2838568343947058,0.44525140912719713,-1.5106662511825562
0.3441288981837757,-0.27888298574379516,0.4103650315379059,1790756154,460632536,0.1340000033378601,0.2148454793596985,-0.2838568343947058,0.44525140912719713,-1.5106662511825562
0.34316409461956643,-0.27892010409160717,0.41062537816043987,1790756154,510303209,0.13300000131130219,0.2148454793596985,-0.2838568343947058,0.44525140912719713,-1.5106662511825562
0.34219929105535724,-0.2789572224394192,0.41088572478297386,1790756154,560403680,0.13199999928474426,0.2148454793596985,-0.2838568343947058,0.44525140912719713,-1.5106662511825562
0.34509370174798487,-0.2788458673959832,0.4101046849153719,1790756154,610328678,0.13500000536441803,0.2148454793596985,-0.2838568343947058,0.44525140912719713,-1.5106662511825562
0.34219929105535724,-0.2789572224394192,0.41088572478297386,1790756154,663578823,0.13199999928474426,0.2148454793596985,-0.2838568343947058,0.44525140912719713,-1.5106662511825562
0.34219929105535724,-0.2789572224394192,0.41088572478297386,1790756154,711468501,0.13199999928474426,0.2148454793596985,-0.2838568343947058,0.44525140912719713,-1.5106662511825562
0.341891489561313,-0.27877216376305647,0.409781537713138,1790756154,760362375,0.13199999928474426,0.2147316853089768,-0.2837479223098438,0.44484755859609676,-1.5161976325849762
0.34127661877792276,-0.27841379606826705,0.4076441191393883,1790756154,810306253,0.13199999928474426,0.21450432793719498,-0.2835368669429322,0.44406581914061793,-1.5269294930708335
0.33973573630639964,-0.27757255153561017,0.402634152807128,1790756154,860137435,0.13199999928474426,0.21393435324901638,-0.28304046009998596,0.4422335695699242,-1.5522203555965084
0.3380060856025462,-0.276220779681747,0.39453435660631314,1790756154,910089294,0.13300000131130219,0.21294619379587637,-0.2822671440823341,0.439394865828186,-1.5918225443961247
0.3368429143024441,-0.2743988520398465,0.3834663008908963,1790756154,960366321,0.13600000739097595,0.21149848490163117,-0.2812770914658065,0.4357870983898766,-1.6430098640343191
0.33221930211356626,-0.27233864158947196,0.3711319122215821,1790756155,10462819,0.13699999451637268,0.20949174339200485,-0.2800922082886919,0.43152087670328676,-1.7050361078115701
0.32448723308410865,-0.27058438904586163,0.36102853407652175,1790756155,60173779,0.13500000536441803,0.20732181647079992,-0.27897470135559227,0.4275632562715372,-1.7643617052353728
0.3214165398845948,-0.26853782840901474,0.34849922246147264,1790756155,110426537,0.13899999856948853,0.20497623178979432,-0.277900821110385,0.42383174280149477,-1.8222384029531127
0.31537607862674055,-0.26652970002323984,0.33648964138472826,1790756155,160297146,0.14100000262260437,0.20223576787423797,-0.2767755149052511,0.42000786753809644,-1.8839573039199757
0.307076463698989,-0.2645013872969544,0.3246265608800167,1790756155,210740636,0.1420000046491623,0.19901783354263694,-0.2755876046277271,0.41608381622036517,-1.9504579828470192
0.2975767306782734,-0.2626839413683965,0.3143269568562612,1790756155,261168274,0.1420000046491623,0.1956595971675749,-0.27446560769476186,0.41250073928262376,-2.014731800645795
0.2879195715724012,-0.2610229539897561,0.30509644555071075,1790756155,310768123,0.1420000046491623,0.19224597691224582,-0.2734219606625023,0.40929255506875173,-2.0759696861064216
0.2769726776388524,-0.2595098327967672,0.29715789153034694,1790756155,360977473,0.14100000262260437,0.18859833184819474,-0.27239395104042186,0.40626781428135633,-2.1378408126632156
0.26863171225549853,-0.25762567529861424,0.2859916787769203,1790756155,410616683,0.14499999582767487,0.18481589681367552,-0.271406556233209,0.4035076146856919,-2.198903187196163
0.25819874941256893,-0.25597063384755414,0.2768077122453205,1790756155,460971682,0.1469999998807907,0.18081129647655683,-0.2704343623461783,0.40094869118034854,-2.2608016229295593
0.2473309754844516,-0.2544130653296288,0.26834124852956,1790756155,510428854,0.14900000393390656,0.1767285624327448,-0.2695091927918852,0.3986808333809153,-2.321555336037054
0.2358527296591004,-0.2530750659043922,0.26158409462140086,1790756155,560172426,0.15000000596046448,0.17265314537669849,-0.2686430844365854,0.39672643119159734,-2.3802795406035853
0.2232105108469271,-0.2521660796286536,0.25840234696192005,1790756155,610330100,0.14800000190734863,0.16859422812459343,-0.26783043662169387,0.3950613757385212,-2.4372153868924005
0.21165597532389388,-0.2507698483365609,0.2511253837096691,1790756155,660253357,0.1509999930858612,0.16429613032916318,-0.2670180536212613,0.39358253101731194,-2.4961407940273936
0.19812992655070824,-0.2497323588031099,0.247208289040241,1790756155,710719366,0.1509999930858612,0.15970453004060378,-0.2661989732599725,0.3923059713900995,-2.5578505209549935
0.184217783524244,-0.24877990704857675,0.2440958899612937,1790756155,760344668,0.1509999930858612,0.1549820658175265,-0.26540368734029746,0.39130295722002234,-2.620293830975176
0.16971918987614262,-0.24790280272282147,0.24179969696431744,1790756155,810140786,0.1509999930858612,0.15006044586307798,-0.26462063390810653,0.3905782095802837,-2.6845630010796238
0.155442004990911,-0.2472621442737479,0.24145062994474428,1790756155,860216775,0.15000000596046448,0.14523711613384419,-0.26389432250809525,0.3901759898492851,-2.747024422607081
0.1418039879409916,-0.2461902778728726,0.2370222239524053,1790756155,910005161,0.15399999916553497,0.14057651405387664,-0.2632278324112383,0.3900719373993551,-2.8071245112697096
0.12828384794752207,-0.24588557720304044,0.2393597827634042,1790756155,960346854,0.15199999511241913,0.13601247348877568,-0.2626061677301153,0.3902394988084857,-2.8659491168408873
0.1152895099659735,-0.24535563157111434,0.23944484434876737,1790756156,10061324,0.15299999713897705,0.1316568990103637,-0.2620394677065186,0.3906492004771658,-2.922248810488703
0.10103694732098144,-0.24477643678915054,0.23946473359217973,1790756156,60451119,0.1550000011920929,0.12697359724329937,-0.2614571282265712,0.39136616575634825,-2.9831749625123343
0.08662858436053734,-0.24460284162367574,0.24345152051573965,1790756156,110574053,0.15399999916553497,0.122089891372529,-0.2608776403018155,0.39242677475607335,-3.047387604492049
0.07368796962113575,-0.2445374309778543,0.24798924191926386,1790756156,160125254,0.15299999713897705,0.11765761416555384,-0.26037466446578983,0.39367675517490675,-3.1065127754292265
0.06219089596931825,-0.24465561986751982,0.2539179085899791,1790756156,210159770,0.1509999930858612,0.11355971104077607,-0.25992785990064915,0.3950880238214083,-3.162123925023713
0.04854515314711034,-0.24444442890128104,0.25721807538985003,1790756156,260691223,0.15299999713897705,0.10919675345842876,-0.259470272889826,0.3968769688289539,-3.2225954004148023
0.03665704684039227,-0.24480914780761823,0.26613048399959527,1790756156,310419452,0.15000000596046448,0.10473777591467695,-0.2590206418301191,0.3990328901271807,-3.2860733447272663
0.024914692237807942,-0.2450514247215287,0.2737300588258601,1790756156,360205310,0.14900000393390656,0.10056074966176272,-0.2586148245384067,0.4013807907231878,-3.3474536568986326
0.012823166826387122,-0.2451851528166792,0.2801947276721911,1790756156,410679116,0.15000000596046448,0.09661079908897775,-0.2582436717639994,0.40392471413816766,-3.4076101456347963
0.003103647246057592,-0.24564225139268459,0.28963071023162223,1790756156,460205862,0.14800000190734863,0.09288276394757522,-0.25790358379876865,0.4066493860765402,-3.4667107718060373
-0.008694474416909029,-0.24583970010964493,0.2966483023272552,1790756156,510327388,0.15000000596046448,0.08927314530594396,-0.2575826322490631,0.4096281714135082,-3.526589300164803
-0.016588882859412957,-0.24648481735729322,0.3079370979662874,1790756156,560252182,0.1469999998807907,0.08586782075473952,-0.25728618045389595,0.41279392609268806,-3.5860600622999987
-0.025889023707617087,-0.2469542020723715,0.3175327796789511,1790756156,610311745,0.1469999998807907,0.08265356244502853,-0.25701062396573227,0.41615516727401347,-3.6455302442197652
-0.03353338793320394,-0.24752284364893312,0.3279275038975107,1790756156,660483883,0.1459999978542328,0.07974315094107533,-0.2567631928016947,0.41957378620964236,-3.702927738052992
-0.04183256764408755,-0.24798794014758865,0.33708567671852596,1790756156,710368344,0.1469999998807907,0.07714258979107624,-0.25654216108202954,0.4229968935789292,-3.757875406311931
-0.0499290648221751,-0.2485281388749815,0.34716639319767734,1790756156,760357434,0.14800000190734863,0.07463466591094123,-0.25632673287906704,0.42670920859908446,-3.815129419231957
-0.0515877624826708,-0.2494703788526692,0.36155394416464004,1790756156,810308275,0.1420000046491623,0.07226239177775687,-0.2561181303927905,0.43069834386187655,-3.874435754211408
-0.06047954965416481,-0.2500311438192447,0.37211332201769576,1790756156,860368319,0.14499999582767487,0.07007255241865244,-0.2559187641699028,0.4349343643602178,-3.9353653782847693
-0.06890889587207848,-0.25068291493165445,0.3836545111772547,1790756156,910455021,0.14800000190734863,0.06809918173003042,-0.2557284048761421,0.43939794368342333,-3.997722354419254
-0.06919273344928106,-0.25144869044449497,0.3956503883064628,1790756156,961218938,0.14399999380111694,0.06669944456640295,-0.25558121538607476,0.44310812114825154,-4.048390783823555
-0.07280565597808343,-0.2519104074997145,0.40340632297886236,1790756157,10568128,0.14499999582767487,0.06576545129940416,-0.25547346481103056,0.44595455021000596,-4.086671637222271
-0.07242030563787183,-0.2522714168500195,0.40915209210495135,1790756157,60519552,0.14300000667572021,0.06522611482779012,-0.25540638127663673,0.4477867506422035,-4.111079254110395
-0.07500866580536893,-0.25237399672300503,0.4110096285759494,1790756157,110224652,0.14499999582767487,0.06499363195652154,-0.25537602664145437,0.4486306762459097,-4.122266413447797
-0.07532616586907546,-0.2524465007867567,0.41219589700075343,1790756157,160321168,0.14499999582767487,0.06488230159888193,-0.25536112534789207,0.4490481615713341,-4.127788543701172
-0.07435920893360652,-0.25246660168711293,0.41245005107188615,1790756157,210362518,0.14399999380111694,0.06488230159888193,-0.25536112534789207,0.4490481615713341,-4.127788543701172
-0.0724253094714206,-0.2525068031882993,0.41295835542696846,1790756157,260636406,0.1420000046491623,0.06488230159888193,-0.25536112534789207,0.4490481615713341,-4.127788543701172
-0.0724253094714206,-0.2525068031882993,0.41295835542696846,1790756157,310094856,0.1420000046491623,0.06488230159888193,-0.25536112534789207,0.4490481615713341,-4.127788543701172
-0.07435920893360652,-0.25246660168711293,0.41245005107188615,1790756157,360444318,0.14399999380111694,0.06488230159888193,-0.25536112534789207,0.4490481615713341,-4.127788543701172
-0.0724253094714206,-0.2525068031882993,0.41295835542696846,1790756157,410098806,0.1420000046491623,0.06488230159888193,-0.25536112534789207,0.4490481615713341,-4.127788543701172
-0.0724253094714206,-0.2525068031882993,0.41295835542696846,1790756157,461891642,0.1420000046491623,0.06488230159888193,-0.25536112534789207,0.4490481615713341,-4.127788543701172
-0.0724253094714206,-0.2525068031882993,0.41295835542696846,1790756157,513737923,0.1420000046491623,0.06488230159888193,-0.25536112534789207,0.4490481615713341,-4.127788543701172
-0.07306787155864876,-0.25228261644168815,0.41150357921034686,1790756157,564041663,0.14300000667572021,0.06499645413010831,-0.2552461641520522,0.44863121401696016,-4.122074093490626
-0.07156925616483174,-0.2519768481673444,0.4098473060751947,1790756157,610540587,0.1420000046491623,0.06518487851127162,-0.255061622654544,0.4479628165101268,-4.112895072228671
-0.07206378495906271,-0.2511090496690718,0.4044713071544886,1790756157,660288204,0.14399999380111694,0.06568607308474114,-0.25459798343095924,0.4462899891619212,-4.0898161450324935
-0.06867030979271119,-0.2498617116769714,0.3973417614142827,1790756157,710415934,0.14300000667572021,0.06654260109634078,-0.2538793662497569,0.44371340242362245,-4.053943447444304
-0.068127487559644,-0.2482244981780478,0.38731923806488866,1790756157,760513016,0.1459999978542328,0.0677137687261679,-0.253007710185555,0.44061345301378896,-4.010184393386529
-0.0636904235276201,-0.24643430910565087,0.37697158618342275,1790756157,810497449,0.1459999978542328,0.06925057221474983,-0.25199936906318177,0.43706918290851865,-3.9592019697144814
-0.056746554637144786,-0.24468522425949382,0.36738919458420677,1790756157,860027159,0.14399999380111694,0.0710404082395705,-0.25096002700568854,0.4334733620069947,-3.906227073362567
-0.05245954411931748,-0.24268891784831342,0.35569209298509163,1790756157,910168176,0.1459999978542328,0.0731388008772194,-0.2498729213022816,0.42978288324906616,-3.8502753054913827
-0.04636628562841352,-0.24069082163143096,0.34433022691092413,1790756157,960462443,0.1469999998807907,0.0755355869796197,-0.24875863951629193,0.4260850049620204,-3.7922378649161885
-0.038665833941343555,-0.23875521784106288,0.3337389968136174,1790756158,10006616,0.1469999998807907,0.07819002592201975,-0.24764263017849036,0.42247862653163576,-3.7333096935023318
-0.03124923096499567,-0.23683298763895214,0.32313445636039084,1790756158,60446208,0.14800000190734863,0.08100837696242377,-0.24656197560937684,0.4190905756027836,-3.6753664977103004
-0.022124857786456995,-0.23516766854002522,0.31470363010255015,1790756158,110415113,0.1469999998807907,0.0838927857029756,-0.24554369516279584,0.4160031725764606,-3.61986640729868
-0.014590431705341356,-0.2333295026879942,0.30461351686793015,1790756158,160415130,0.14900000393390656,0.08696077239198272,-0.2445393431849647,0.4130694691929191,-3.564159962433304
-0.005068681346038342,-0.23167492880555038,0.2963576416790413,1790756158,210614758,0.14900000393390656,0.09021514638786197,-0.24354709171501027,0.4102920310991449,-3.5080696332138737
0.005628769497340355,-0.23014240057085678,0.28935352694899624,1790756158,261574481,0.14800000190734863,0.09366829025970053,-0.24256314424167036,0.4076699183543003,-3.451285843792387
0.015627579497162758,-0.2286617257521994,0.28248201774925097,1790756158,310309957,0.14800000190734863,0.09710119641430003,-0.24164460341252625,0.40535388270893874,-3.397109782010257
0.025279546768169486,-0.22701797140476418,0.27427100764476897,1790756158,360470502,0.15000000596046448,0.10076072141827007,-0.24072181991179767,0.4031694118151724,-3.341411786512064
0.03675452634277848,-0.225720064164402,0.2692549180440035,1790756158,410296157,0.14900000393390656,0.10451127262970009,-0.23982858674441734,0.4012055682717424,-3.286143972575509
0.04683330796104531,-0.2241028961566419,0.26126039883410324,1790756158,460303433,0.15199999511241913,0.10837191320881852,-0.23895791039603884,0.3994498598298011,-3.230838761907368
0.05968375293554519,-0.2231338917206557,0.25932620058608413,1790756158,510719932,0.14900000393390656,0.112349721004243,-0.2381066191555777,0.3979015029052586,-3.175237038363105
0.07019607428829841,-0.22154685462113388,0.2515736338295252,1790756158,560313531,0.15299999713897705,0.1163561098674818,-0.237291251455279,0.39659212991945325,-3.120393588748256
0.08298035259959098,-0.22063033514373243,0.25008489760059954,1790756158,610401964,0.1509999930858612,0.12048389996654266,-0.23649083234825843,0.3954909720103372,-3.064864760436601
0.0952379245554211,-0.2195905669435187,0.24739623764152763,1790756158,660237018,0.1509999930858612,0.12463777174148578,-0.235722202730251,0.3946253693519687,-3.009772550166143
0.10686348352927691,-0.21797006509082253,0.2394672140232281,1790756158,710503128,0.15700000524520874,0.1288623922302968,-0.23497501609302412,0.39398543723451307,-2.9543516662892415
0.11953954911163987,-0.2173141479950213,0.24010726205893307,1790756158,760778673,0.1550000011920929,0.13299083453980848,-0.23427574474172444,0.3935880997087223,-2.9006099117032407
0.13149014880482388,-0.21665879840697858,0.2404506889431265,1790756158,810326596,0.15399999916553497,0.1369591851561019,-0.23363021454763547,0.39341493449924925,-2.8491897822078727
0.14428236622662113,-0.2160212467068583,0.2414267174599275,1790756158,860428409,0.15299999713897705,0.1412448881725779,-0.23296034950701064,0.3934557924683747,-2.7937599681165746
0.15775100017015983,-0.21542364375431455,0.24316907989244319,1790756158,910721463,0.15199999511241913,0.14579605828944214,-0.2322777151077462,0.39375798438947957,-2.734822791470536
0.17022906837024696,-0.21495014191470557,0.24557456869695504,1790756158,960992444,0.1509999930858612,0.1500513027737401,-0.23166445365976202,0.39428397482296856,-2.6794704373108633
0.181571714113184,-0.21458953442359882,0.24847134258689202,1790756159,10479857,0.15000000596046448,0.1539575757592419,-0.2311214797471733,0.3949778473398451,-2.6282952502056887
0.1943534711150861,-0.21393497244264276,0.24926688992616375,1790756159,60636597,0.15199999511241913,0.1581461401645918,-0.23055929971189817,0.39595247013929,-2.5728671015147304
0.20722969386074427,-0.21356202639940847,0.2528907841884621,1790756159,110435825,0.15199999511241913,0.16249057286083296,-0.22999668093411363,0.3972248123892147,-2.514561266997837
0.2194973010042572,-0.21328148413981052,0.2571107312021681,1790756159,160209721,0.15199999511241913,0.16662959879043754,-0.22947898593625943,0.39869690818410497,-2.458021345362438
0.23125580808944043,-0.2130831577331667,0.2619002467691125,1790756159,210367155,0.15199999511241913,0.17059682170432075,-0.22899858474610982,0.4003602954037312,-2.4026920846210804
0.24297370475687916,-0.21295709175091984,0.2674494785852761,1790756159,261659221,0.15199999511241913,0.17455030336546296,-0.22853434779941972,0.402281172745826,-2.3461940561273167
0.25328818331796515,-0.21300746480562907,0.27417436813205065,1790756159,310378049,0.1509999930858612,0.17819792348909108,-0.22811802071426257,0.4043055399968055,-2.292600314579631
0.26566546113408473,-0.21273110045356133,0.2782755506798774,1790756159,360325519,0.15399999916553497,0.1818386118452643,-0.22771322451844317,0.4065899888378597,-2.237411177975117
0.27518875142101,-0.21301482621469736,0.28729926437898934,1790756159,411043918,0.15199999511241913,0.18541861725562764,-0.2273247534987608,0.40912105022712697,-2.1811392710058266
0.28313902544214986,-0.21343902712954854,0.29726812617825266,1790756159,460378840,0.14900000393390656,0.18874176860408412,-0.22697184955969568,0.41175402832706104,-2.126745864614696
0.2918438916857752,-0.21373141541536564,0.3061533222294046,1790756159,510443301,0.14800000190734863,0.19194775148923757,-0.2266374748069345,0.4145885350036238,-2.0718643120789464
0.301139414433366,-0.21389922068283476,0.31376490145001257,1790756159,560285540,0.14900000393390656,0.19489402836828773,-0.22633451615461833,0.41748704247455987,-2.0188768708966185
0.30909429673738803,-0.21419878218996746,0.3223088680466949,1790756159,610271593,0.14900000393390656,0.19761265473216208,-0.2260576727594493,0.4204526981257369,-1.9673125562777152
0.3170764004944777,-0.21457125574062616,0.33184840151687645,1790756159,660297860,0.14900000393390656,0.20034053440792002,-0.22578132262966685,0.4237618017459436,-1.912362086351611
0.3216791205166357,-0.21530407864873777,0.3446991549202063,1790756159,710477794,0.14499999582767487,0.20303169057454776,-0.2255082350075599,0.4274255796656755,-1.8541238103301194
0.33028241510074735,-0.2156424403053928,0.3541148117276448,1790756159,760335292,0.1469999998807907,0.20543318085847959,-0.22526195209235375,0.43111567969062525,-1.7977313337389274
0.33653999388971756,-0.21615922915313318,0.3648525982431018,1790756159,810578346,0.1469999998807907,0.20758992732260817,-0.22503612973743795,0.43486746047468017,-1.742311554691959
0.34213040863920197,-0.21671151366076394,0.37578495477850027,1790756159,860554298,0.1469999998807907,0.20951570965157826,-0.22482799336641676,0.43868538668927615,-1.687548128583678
0.34704471595965475,-0.21729257463071175,0.38683567948751374,1790756159,910085878,0.1469999998807907,0.21120746057222814,-0.22463632730378677,0.44254303367383474,-1.6335995133561492
0.3535441093597496,-0.2176716956332072,0.39534368972227696,1790756159,960448127,0.15000000596046448,0.21247231764226637,-0.22448311504063637,0.44586453626520917,-1.588076596419299
0.3562154659582665,-0.21811133990168377,0.40320091765923327,1790756160,10811506,0.15000000596046448,0.2133778985051453,-0.22436504300707055,0.44856965479929606,-1.5515372866069612
0.3549572696488554,-0.21852889787633029,0.40932715516974716,1790756160,60922792,0.1469999998807907,0.21392652599032716,-0.22428874404395804,0.45038995439483936,-1.52718493047348
0.35963921761623385,-0.21854172458416954,0.41116468952263896,1790756160,110801595,0.1509999930858612,0.2142110223125913,-0.22424723354887666,0.4514025459529878,-1.5137125311586033
0.3561677744536404,-0.2187714253435103,0.4136159758852384,1790756160,160350536,0.1469999998807907,0.21434161632392792,-0.22422767330734722,0.45188567921927786,-1.507301926612854
0.3561677744536404,-0.2187714253435103,0.4136159758852384,1790756160,210356358,0.1469999998807907,0.21434161632392792,-0.22422767330734722,0.45188567921927786,-1.507301926612854
0.35809738595926827,-0.2186971905268346,0.41309529859379834,1790756160,260230930,0.14900000393390656,0.2143416163239279,-0.22422767330734722,0.4518856792192778,-1.507301926612854
0.3580973859592683,-0.2186971905268346,0.41309529859379834,1790756160,310389262,0.14900000393390656,0.21434161632392792,-0.22422767330734722,0.45188567921927786,-1.507301926612854
0.35809738595926827,-0.2186971905268346,0.41309529859379834,1790756160,360676456,0.14900000393390656,0.2143416163239279,-0.22422767330734722,0.4518856792192778,-1.507301926612854
0.3580973859592682,-0.2186971905268345,0.41309529859379834,1790756160,410936492,0.14900000393390656,0.21434161632392787,-0.22422767330734714,0.4518856792192778,-1.507301926612854
