x,y,z,stamp_sec,stamp_nanosec,raw_range,ox,oy,oz,j7
0.13926565435326566,-0.20114906870213511,0.23897039932222028,1790755960,862778281,0.1589999943971634,0.13929130417712388,-0.21847801677396148,0.3970232547823747,-2.792346954345703
0.13926581567084131,-0.2012580543976013,0.23996442967543874,1790755960,910751913,0.15800000727176666,0.13929130417712388,-0.21847801677396148,0.3970232547823747,-2.792346954345703
0.13926597699082086,-0.20136704171710182,0.24095847484105443,1790755960,962387240,0.15700000524520874,0.13929130417712388,-0.21847801677396148,0.3970232547823747,-2.792346954345703
0.13926533171330663,-0.20093109406313409,0.23698230899098893,1790755961,10612603,0.16099999845027924,0.13929130417712388,-0.21847801677396148,0.3970232547823747,-2.792346954345703
0.13926517039332711,-0.20082210674363357,0.23598826382537325,1790755961,62488792,0.16200000047683716,0.13929130417712388,-0.21847801677396148,0.3970232547823747,-2.792346954345703
0.1392650090733476,-0.20071311942413306,0.23499421865975756,1790755961,110967398,0.16300000250339508,0.13929130417712388,-0.21847801677396148,0.3970232547823747,-2.792346954345703
0.13926565435326566,-0.20114906870213511,0.23897039932222028,1790755961,161073878,0.1589999943971634,0.13929130417712388,-0.21847801677396148,0.3970232547823747,-2.792346954345703
0.13926533171330663,-0.20093109406313409,0.23698230899098893,1790755961,211846490,0.16099999845027924,0.13929130417712388,-0.21847801677396148,0.3970232547823747,-2.792346954345703
0.13926565435326566,-0.20114906870213511,0.23897039932222028,1790755961,260724152,0.1589999943971634,0.13929130417712388,-0.21847801677396148,0.3970232547823747,-2.792346954345703
0.13926581567084131,-0.2012580543976013,0.23996442967543874,1790755961,312599646,0.15800000727176666,0.13929130417712388,-0.21847801677396148,0.3970232547823747,-2.792346954345703
0.1380018873881695,-0.20103406933784412,0.23797947623954974,1790755961,363807193,0.1599999964237213,0.13887215252593138,-0.2184749340423494,0.3970236768019719,-2.7976595221958873
0.13597482309299175,-0.20091690032836873,0.2370040970150369,1790755961,410394350,0.16099999845027924,0.13820434684160157,-0.21847049176357802,0.39702878308743655,-2.8061240054184022
0.13070639115190832,-0.20057695340401893,0.23414761810804754,1790755961,459973523,0.164000004529953,0.1364990040508317,-0.21846177348133308,0.3970665560263569,-2.8277451905749635
0.1228263994779481,-0.20112554899532967,0.23952786122364755,1790755961,510248865,0.1589999943971634,0.13381525944633516,-0.2184557050295617,0.39719811481233924,-2.8618072274028514
0.1130939650365107,-0.20116800223537165,0.24038795676541433,1790755961,560105668,0.1589999943971634,0.1305731415844098,-0.21846094232968377,0.3974752918004193,-2.9030640202697
0.10136205030964739,-0.20105570353670243,0.2399429255202437,1790755961,610340594,0.16099999845027924,0.12676979104223532,-0.21848486225527036,0.3979671978274386,-2.9517021623687913
0.08813511332758933,-0.2008070067670458,0.23833415150860005,1790755961,660232795,0.16500000655651093,0.12267600858491412,-0.21853253313592313,0.39870164956670845,-3.0044711522105203
0.07438347805240256,-0.20098014735217629,0.24061675564196858,1790755961,710054729,0.16599999368190765,0.11829166703362835,-0.21860962793770974,0.39973077217434905,-3.061639506254993
0.06061103317195164,-0.20112806584993168,0.24267376919039654,1790755961,760900599,0.1679999977350235,0.11403763962687825,-0.21871131296941326,0.4009786218715874,-3.117950677323235
0.04953380186767685,-0.20184694561284347,0.24982416169407723,1790755961,810167994,0.16500000655651093,0.11012436159618504,-0.2188294857737211,0.4023540917573894,-3.1706738209618544
0.03796805579220558,-0.20231093497811836,0.25466311170992495,1790755961,860236437,0.16500000655651093,0.10636117337711874,-0.21896675170586696,0.4038943664784772,-3.2223960823364117
0.029341983117982,-0.20331504093637945,0.26430210709391455,1790755961,910311260,0.1599999964237213,0.10280605856522046,-0.2191191621621508,0.405558109538251,-3.2723642153662262
0.019114536084402917,-0.20411187449258003,0.272115035874101,1790755961,960447703,0.15800000727176666,0.09906939683083715,-0.21930505169279632,0.4075417315712916,-3.3262699900101804
0.008809272581439431,-0.2050039077195683,0.2807929650034261,1790755962,10142654,0.15600000321865082,0.09524073240292313,-0.2195253666221118,0.4098461749158032,-3.3832711351771287
-0.002466137806216767,-0.20566851526281013,0.2874132086898462,1790755962,60578201,0.15700000524520874,0.09162647211060523,-0.21976407351736899,0.41230074867494115,-3.4390644151263423
-0.00978604845488179,-0.2068041771590136,0.2981501808235006,1790755962,110716088,0.15299999713897705,0.08829182590957492,-0.2200140225189239,0.41483449712283915,-3.4926110886490913
-0.0200143567332767,-0.20743323642968103,0.30435275618472635,1790755962,160298077,0.1550000011920929,0.0852451887493224,-0.22027060742753712,0.4174042062426927,-3.54363085667986
-0.028370733859217234,-0.20826768272208518,0.3123307711416127,1790755962,210551168,0.1550000011920929,0.08239662067672585,-0.22053833380980237,0.4200573911597911,-3.593523157474889
-0.03835006711964173,-0.2090623785199868,0.3199809479052914,1790755962,260328175,0.15700000524520874,0.07950319440713909,-0.22084211195970324,0.42303844775166366,-3.6468372820828394
-0.05174314303323274,-0.20972801857787815,0.326540669451126,1790755962,310548304,0.16300000250339508,0.07656478500139263,-0.22118945730774905,0.42641414862257376,-3.7043563971454616
-0.0571890078874505,-0.21104522924665364,0.3387118755882906,1790755962,360231774,0.1599999964237213,0.07394702257654868,-0.22153885780504096,0.42977901636593063,-3.7592305603490193
-0.06515303553983987,-0.21212226957518096,0.34874162107190637,1790755962,410823968,0.16099999845027924,0.07155638393331881,-0.22189872777901182,0.43321620300807584,-3.8132021400292566
-0.06988421691211026,-0.21340750915256756,0.36051733427418997,1790755962,460570790,0.1589999943971634,0.0693815999927526,-0.2222688577554426,0.4367243350094081,-3.8664906831315977
-0.0793270703957944,-0.2144094515721823,0.3698164968855213,1790755962,510069871,0.16300000250339508,0.06739937103913252,-0.2226522430540292,0.44033180436224273,-3.9197135225402673
-0.07975148350864161,-0.21582368529169715,0.3825547531747283,1790755962,560287333,0.15800000727176666,0.0657150335808756,-0.22302391743504238,0.44380547856476305,-3.9697042821254698
-0.0809883480912065,-0.21703962827918138,0.39349375741227016,1790755962,610223525,0.1550000011920929,0.06432416327401586,-0.22337407071023177,0.4470581975696044,-4.0155775791207775
-0.08289811630465901,-0.2179527365759071,0.40170495953111846,1790755962,660278135,0.15399999916553497,0.06332500868790075,-0.22365845386649266,0.44968664614794074,-4.052083241862656
-0.08294164234727357,-0.2186891084286235,0.4082800506427327,1790755962,710544532,0.15199999511241913,0.06263448512716739,-0.22387636209832099,0.4516929752515052,-4.079655193499282
-0.08395143539776781,-0.21906096072581777,0.41161420326024784,1790755962,760582763,0.15199999511241913,0.06227426679847206,-0.2239987390426337,0.452816883715359,-4.095000445623821
-0.08133370876632612,-0.21926086697106445,0.4133452179239277,1790755962,810093251,0.14900000393390656,0.062177164218137404,-0.22403290780660387,0.4531303675881593,-4.099268692141902
-0.08242895725851078,-0.21927990711224216,0.4135355097643273,1790755962,864843984,0.15000000596046448,0.06212953465475972,-0.2240498642313091,0.4532858772215289,-4.101384162902832
-0.08242895725851078,-0.21927990711224213,0.4135355097643273,1790755962,910184924,0.15000000596046448,0.06212953465475972,-0.22404986423130901,0.4532858772215289,-4.101384162902832
-0.08435639328625112,-0.21921630803147987,0.41300550776071693,1790755962,960193811,0.15199999511241913,0.06212953465475972,-0.2240498642313091,0.4532858772215289,-4.101384162902832
-0.08242895725851078,-0.21927990711224216,0.4135355097643273,1790755963,10172069,0.15000000596046448,0.06212953465475972,-0.2240498642313091,0.4532858772215289,-4.101384162902832
-0.08146523206434293,-0.21931170688954962,0.4138005127405545,1790755963,60424031,0.14900000393390656,0.06212953465475972,-0.2240498642313091,0.4532858772215289,-4.101384162902832
-0.07953778167600721,-0.2193753064441646,0.4143305186930089,1790755963,110466391,0.1469999998807907,0.06212953465475972,-0.2240498642313091,0.4532858772215289,-4.101384162902832
-0.07664660609350367,-0.21947070577608696,0.4151255276216906,1790755963,160832779,0.14399999380111694,0.06212953465475972,-0.2240498642313091,0.4532858772215289,-4.101384162902832
-0.07953778167600721,-0.21937530644416456,0.41433051869300896,1790755963,212722551,0.1469999998807907,0.06212953465475972,-0.2240498642313091,0.4532858772215289,-4.101384162902832
-0.07953778167600721,-0.21937530644416453,0.41433051869300896,1790755963,264582841,0.1469999998807907,0.06212953465475972,-0.22404986423130901,0.4532858772215289,-4.101384162902832
-0.07664660609350364,-0.21947070577608702,0.4151255276216906,1790755963,309939958,0.14399999380111694,0.06212953465475975,-0.22404986423130913,0.45328587722152885,-4.101384162902832
-0.07730325734870065,-0.21936915486909267,0.41376583445210424,1790755963,360732097,0.14499999582767487,0.06223686945620925,-0.22406269846233082,0.4529005051397921,-4.096274958761977
-0.07383110523155546,-0.21933871878534703,0.41254694720828,1790755963,410253706,0.1420000046491623,0.062444139807998525,-0.22408704299939702,0.4521766371759026,-4.086658730822969
-0.07523620702448194,-0.21893380408384974,0.40689252384585817,1790755963,460035657,0.14499999582767487,0.06295901492126282,-0.22414569593613734,0.45048054519016945,-4.064023262057286
-0.07272822685919107,-0.21846868899430183,0.3994688017119279,1790755963,510303480,0.14499999582767487,0.06383451073592165,-0.22424007286315045,0.4478662047289546,-4.028819000104909
-0.0681968484781544,-0.21793109095755014,0.3904351211803602,1790755963,560577507,0.14399999380111694,0.06509224659165162,-0.22436638828547387,0.44455168332629813,-3.9835551373832887
-0.06062208484762674,-0.2174160685219497,0.3806900658505506,1790755963,610435654,0.14100000262260437,0.06679517115988043,-0.22452715606327003,0.4406506866367924,-3.9292128818320733
-0.05869416022580855,-0.2165697267132324,0.3680820199648855,1790755963,660327560,0.14499999582767487,0.06872616948829603,-0.22470225110675573,0.4368055269516754,-3.87428169794763
-0.054225934940311346,-0.21583720456287234,0.35638911963969205,1790755963,710041400,0.1469999998807907,0.07087501715258875,-0.22489240767485372,0.4330491160328771,-3.819033165524315
-0.04818170769654882,-0.2151885395805801,0.3453564438521114,1790755963,760276242,0.14800000190734863,0.07324443039239366,-0.22509940555515026,0.42938898688761873,-3.76336046121542
-0.04160455839506785,-0.2145839237374238,0.3347655325310769,1790755963,809961721,0.14900000393390656,0.07577521945727768,-0.22531998297157282,0.425912260150663,-3.7084416658182455
-0.03507607866789897,-0.21393682166711997,0.32374279782574483,1790755963,860446906,0.1509999930858612,0.07852347238359782,-0.22556091801340986,0.42254067379967797,-3.6528780296264736
-0.025146952602972394,-0.21365852654781256,0.31593473550492324,1790755963,910358136,0.14900000393390656,0.08140562263459536,-0.22581674815686115,0.41937422279025305,-3.5981701404562876
-0.01685060691554384,-0.2131939789777532,0.3065010314304507,1790755963,960317662,0.15000000596046448,0.08447510804173373,-0.22609406573728483,0.4163495136144685,-3.543093205481485
-0.007875053482128552,-0.21277702120007475,0.2973923855865415,1790755964,10673708,0.1509999930858612,0.08774805022196787,-0.22639638891090552,0.4134601794532423,-3.487276801980034
0.0015412164994754035,-0.21241915573023554,0.2888331632977448,1790755964,60438678,0.15199999511241913,0.09114132235245806,-0.22671799890092872,0.4107813597964617,-3.4319840828038113
0.012104837530837811,-0.2122166925734626,0.2815417417272612,1790755964,110559122,0.15199999511241913,0.09470812685895269,-0.22706588034170913,0.40827057320997684,-3.376173609003923
0.02202039956071042,-0.21188324360473917,0.2731487093659534,1790755964,160586379,0.15399999916553497,0.09839108007259119,-0.2274364728600213,0.4059704544262772,-3.320589834547837
0.0328668960627877,-0.21171437777017094,0.2661849868957421,1790755964,210436229,0.1550000011920929,0.10217146524136546,-0.22782965409065797,0.40388820011037585,-3.26531459418112
0.042859098388326175,-0.21129441199549787,0.25710476308595004,1790755964,260072144,0.1589999943971634,0.10603159108449833,-0.22824524524958745,0.4020285487004657,-3.210409438981414
0.05398618787254797,-0.21104119478374742,0.2493960091788501,1790755964,310230069,0.16200000047683716,0.11001753168663524,-0.22869014245900934,0.40036952775359436,-3.155051785038891
0.06667998369541417,-0.2114033872454535,0.24715133109418963,1790755964,360210780,0.1599999964237213,0.11393357654988709,-0.2291436402170592,0.3989814343097179,-3.101744939209348
0.07868048862545818,-0.2117263711507422,0.24476192662419205,1790755964,410041417,0.1589999943971634,0.11776893478960936,-0.2296043568224431,0.3978418705198334,-3.0503767761199696
0.09096568625519144,-0.21169493773855222,0.23889898034089455,1790755964,460230786,0.16200000047683716,0.12198270463160388,-0.23013040922306544,0.3968295920559013,-2.9946986123590524
0.10529241553079041,-0.21245579467846118,0.23949499001840432,1790755964,509950164,0.1589999943971634,0.12648883840893482,-0.23071724130440946,0.396014092503042,-2.935812858134319
0.11873874438088305,-0.21295357811498167,0.2380085328917454,1790755964,560210423,0.1589999943971634,0.13089466792702634,-0.23131677867033038,0.3954760679788304,-2.8786862338610906
0.13170792883113225,-0.2139752577286883,0.24127620393611804,1790755964,610144671,0.1550000011920929,0.13511538994799338,-0.2319165767448906,0.3951966335426025,-2.824195391189812
0.14515495095104275,-0.2145395030457834,0.240296945951369,1790755964,661954628,0.15600000321865082,0.1395854323561468,-0.23258079863861086,0.39515007998543494,-2.7665529673180584
0.15798075720856675,-0.21551418669401912,0.24302286033641474,1790755964,711146023,0.15399999916553497,0.1439026592968339,-0.23325267862530763,0.3953486716954095,-2.7107681378336737
0.17096763555690375,-0.21610332785688233,0.24249253379138547,1790755964,760297843,0.15600000321865082,0.14815204144356975,-0.2339454250679886,0.395780202038326,-2.6555796651948644
0.18333149082133124,-0.21723627756441843,0.24659934135469888,1790755964,810161351,0.15399999916553497,0.15238866607123405,-0.2346696933760543,0.3964479895054518,-2.6001019546858393
0.19572137974804524,-0.2183445544609809,0.2504294085075459,1790755964,860533600,0.15299999713897705,0.15662163391042155,-0.23542984861479657,0.3973589893401264,-2.544032307422526
0.20869624828744798,-0.219197327638587,0.25207844531503265,1790755964,910684673,0.1550000011920929,0.16077575591697923,-0.23621474456472666,0.39849918941122475,-2.488183904023696
0.22032301704810478,-0.22043667127426178,0.2571651429697862,1790755964,959980967,0.15399999916553497,0.1647711972087091,-0.23700978889185292,0.3998372384473168,-2.433494727986887
0.2309928900954005,-0.22198046273479174,0.26476202586162745,1790755965,10397327,0.1509999930858612,0.16875670881774119,-0.23784640391250375,0.40142192328018195,-2.3777601586684467
0.24283199736096944,-0.22316489889128843,0.26929981931401475,1790755965,60187427,0.15199999511241913,0.17261511346746355,-0.2387027049359766,0.40321085065116413,-2.3224284715359906
0.2529815901602038,-0.22473388992365012,0.27711063051141194,1790755965,110042555,0.15000000596046448,0.1763870110066883,-0.23958960410719457,0.4052222224480203,-2.2667466673167556
0.2660192284214964,-0.22579990778853304,0.2805265029395806,1790755965,160300230,0.15399999916553497,0.18006750773203564,-0.2405091301400598,0.4074593207264675,-2.210575743764291
0.27415754351076116,-0.2276943103388355,0.29110378545507665,1790755965,210361137,0.15000000596046448,0.18360001944473786,-0.2414496253625637,0.40988984495605085,-2.1545870054853222
0.2842341828171026,-0.22929556175479907,0.2990638707074205,1790755965,261020767,0.15000000596046448,0.18703233737250347,-0.2424268834773175,0.41255118903032106,-2.0978079486584287
0.2936360354091917,-0.23092570827244774,0.30739270585194123,1790755965,310506819,0.15000000596046448,0.19023472145337433,-0.24340525888991876,0.4153391318082268,-2.042235267517074
0.30042063752890397,-0.23286149560946975,0.31832472948536406,1790755965,360382559,0.1469999998807907,0.19329037768129523,-0.2444105716648794,0.4183183604435539,-1.9863156834936684
0.3073191371868155,-0.23477073383172326,0.3289586739036733,1790755965,410895549,0.14499999582767487,0.1962004978776084,-0.24544726468442823,0.4214987110608265,-1.929766543083114
0.31642276843547235,-0.23636422512740607,0.33709038029331795,1790755965,461268160,0.1469999998807907,0.1988136791497154,-0.24645965162179595,0.42469851031687045,-1.8755175457793316
0.31970967255621313,-0.23829013456806428,0.34846961151657835,1790755965,510097813,0.14300000667572021,0.2010933695169478,-0.24742169116429433,0.42781562109918464,-1.8247605568349559
0.32637215581934276,-0.24017073379757672,0.3588469283516371,1790755965,560506276,0.14300000667572021,0.2034348086729199,-0.2485079455271009,0.4314134597999089,-1.7682891970055523
0.3327605920414841,-0.2422054360212043,0.3702118852795854,1790755965,610452765,0.14300000667572021,0.20567970196735758,-0.24967353904769224,0.4353553939693201,-1.7085536322057089
0.33916729268091667,-0.24415837618106803,0.38109925676049466,1790755965,660911339,0.14399999380111694,0.2076090396223894,-0.25081012323159785,0.43927294950976054,-1.6509926618637312
0.34189340807004986,-0.2461636967973695,0.3927939863354696,1790755965,710791485,0.1420000046491623,0.20921465228256306,-0.2518942538073247,0.4430683316758338,-1.596627702109108
0.34509126365841253,-0.247709561389541,0.40164873140764573,1790755965,760017288,0.1420000046491623,0.21034124234437607,-0.2527666266106369,0.4461555754608743,-1.553243364468786
0.3444644724476733,-0.2490386543740037,0.40958783636342466,1790755965,810280343,0.13899999856948853,0.21113344926693822,-0.2534608991661747,0.44862988562949424,-1.518929177414908
0.34376481051122953,-0.24984490105791873,0.41440156928542776,1790755965,860590898,0.13699999451637268,0.21157205162380982,-0.2538845615019476,0.4501472562800234,-1.4980617792703252
0.347119709362449,-0.2500515129268721,0.4153186844665112,1790755965,910530794,0.14000000059604645,0.211735271167236,-0.25405117424655543,0.45074546488454215,-1.4898686184980192
0.3483057604058842,-0.25016660847971434,0.41589500653126493,1790755965,960802673,0.14100000262260437,0.21181258226588917,-0.2541320133070282,0.4510359886657122,-1.485896110534668
0.3483057604058842,-0.25016660847971434,0.41589500653126493,1790755966,10620366,0.14100000262260437,0.21181258226588917,-0.2541320133070282,0.4510359886657122,-1.485896110534668
0.3473377217377101,-0.2501947319746766,0.41614423385535043,1790755966,61331579,0.14000000059604645,0.21181258226588917,-0.2541320133070282,0.4510359886657122,-1.485896110534668
0.34443360573318793,-0.2502791024595634,0.416891915827607,1790755966,110189733,0.13699999451637268,0.21181258226588917,-0.2541320133070282,0.4510359886657122,-1.485896110534668
0.345401644401362,-0.25025097896460113,0.4166426885035215,1790755966,160238333,0.1379999965429306,0.21181258226588917,-0.2541320133070282,0.4510359886657122,-1.485896110534668
0.3434655814898848,-0.2503072255354538,0.4171411394379235,1790755966,210052026,0.13600000739097595,0.21181258226588917,-0.2541320133070282,0.4510359886657122,-1.485896110534668
0.346369683069536,-0.25022285546963885,0.416393461179436,1790755966,263188746,0.13899999856948853,0.21181258226588917,-0.2541320133070282,0.4510359886657122,-1.485896110534668
0.3473377217377101,-0.2501947319746766,0.41614423385535043,1790755966,313368949,0.14000000059604645,0.21181258226588917,-0.2541320133070282,0.4510359886657122,-1.485896110534668
0.34707221681715184,-0.2501308650500235,0.41512828587988077,1790755966,362045231,0.14000000059604645,0.21171833760471873,-0.25414394026974807,0.45067013130636246,-1.490727885769308
0.3475450860419508,-0.24998631277435113,0.41303558458577844,1790755966,410704837,0.14100000262260437,0.21154376986113926,-0.2541656022193666,0.4500109314590148,-1.4994491990452616
0.3424530396210306,-0.24983778803636342,0.409749578738456,1790755966,460567114,0.13699999451637268,0.21109937059393302,-0.25421948411748596,0.44842790432344665,-1.5204763321561499
0.34226132711960294,-0.2493594938773651,0.4024655046856934,1790755966,510555658,0.13899999856948853,0.21034616342339363,-0.25430549554290605,0.4459962553895876,-1.5530304713681553
0.3406700191552484,-0.2486871585600785,0.3921062384263671,1790755966,560310842,0.14100000262260437,0.2091105142112389,-0.25443324338639584,0.4425054438529444,-1.600389017115832
0.3363099647388612,-0.24788003573516557,0.3791969760275915,1790755966,610803619,0.1420000046491623,0.20724301944584705,-0.2546100228454117,0.43802241462849045,-1.6624990464142444
0.3322188235935899,-0.2470701854176268,0.36644822006907235,1790755966,660840887,0.14399999380111694,0.20517599282450827,-0.25479572975322407,0.43380126996006774,-1.7226042485488013
0.32669027786450405,-0.2463612237225724,0.3547652137878615,1790755966,710276551,0.14499999582767487,0.2029426114711904,-0.25499053648491327,0.42984549624260837,-1.7806928666800854
0.31782463113490544,-0.24586827826023916,0.34482364332819987,1790755966,760560892,0.14300000667572021,0.20042610399769212,-0.2552068789001592,0.42593701012650936,-1.8401429774700808
0.30925033768125876,-0.2453794506563549,0.334914494409237,1790755966,810490817,0.1420000046491623,0.197688179362875,-0.25544163699876615,0.4221878497802583,-1.8995237732343782
0.30235038131495434,-0.2447266124724437,0.32355503031020333,1790755966,860470501,0.14399999380111694,0.1947238135049086,-0.25569748840389706,0.4185927070360577,-1.9591361588224214
0.29398418057892184,-0.24419423346223,0.3132270329291539,1790755966,910383027,0.14499999582767487,0.19154899156922536,-0.2559754125237073,0.41517424800879643,-2.018834956129306
0.2827589369293479,-0.2439672225030848,0.3054030180142763,1790755966,961372149,0.14300000667572021,0.1880998407903007,-0.25628367694874277,0.41187819060057773,-2.0799014328788457
0.2745949711825601,-0.24338664434313448,0.29470672299707695,1790755967,10655229,0.1459999978542328,0.18457989354716725,-0.25660633103818986,0.4088930840714835,-2.1389944765032096
0.26270769649372017,-0.24332282795697302,0.2884053555507805,1790755967,60570376,0.14399999380111694,0.18085174587365982,-0.25695818062785725,0.40609001351582097,-2.1987385399778416
0.2527237880809931,-0.24295743053979274,0.27953671447139,1790755967,110204624,0.1459999978542328,0.1769950935054251,-0.2573340628273098,0.4035305717199886,-2.2580489912998036
0.24185803475705347,-0.2427585990916345,0.27219531197591884,1790755967,160771911,0.1469999998807907,0.1730645906749401,-0.2577305356600592,0.4012391151268826,-2.3163737041603545
0.23160965634032557,-0.2425263370679539,0.2648720031453477,1790755967,210218630,0.14900000393390656,0.1692373080755993,-0.25813042469838854,0.39928630221159134,-2.371482708276106
0.21963841078172347,-0.24236428593640977,0.25758832306946255,1790755967,260894418,0.1509999930858612,0.16489283651666378,-0.2586018918788092,0.3973748036875049,-2.4323978487826525
0.20624151641299904,-0.2424016693824209,0.2517579381389945,1790755967,310413860,0.15199999511241913,0.1602459359051366,-0.25912781213039726,0.39566291107841206,-2.4959944773751768
0.19175417608845402,-0.2429797094448353,0.2506934129379068,1790755967,360615535,0.14900000393390656,0.15559904819869474,-0.25967750861896377,0.394272629408536,-2.5583297271018135
0.17860656635502054,-0.24320017842046066,0.24674763519224427,1790755967,410722553,0.15000000596046448,0.1510370646598813,-0.2602417003960609,0.393204150558329,-2.618591788175049
0.16553760578735696,-0.24316907514933905,0.24062602982289466,1790755967,460776959,0.15399999916553497,0.14641540573080014,-0.26083962473346023,0.3924090752705892,-2.678957477133553
0.1516855145184175,-0.24380032928262851,0.24024039291525337,1790755967,510269873,0.15299999713897705,0.14179926359340847,-0.26146497959625725,0.3918953344650491,-2.7387974254739698
0.13763252722056726,-0.24407904236522185,0.2367041207305213,1790755967,560625067,0.15600000321865082,0.13707026058400812,-0.2621368661257177,0.3916544349008493,-2.7998627338664503
0.12352454397262612,-0.2447977912292996,0.2369984331616488,1790755967,610338889,0.15600000321865082,0.13238729882691433,-0.26283565970100425,0.3916984263148786,-2.8603181135521614
0.10920587699967878,-0.24550953345462323,0.23716796707897067,1790755967,660538805,0.15700000524520874,0.12767350351935647,-0.2635754340235065,0.3920278122757178,-2.921383758764736
0.09516349174197164,-0.24643005031323978,0.23917083465385117,1790755967,710308442,0.15700000524520874,0.12303219210831796,-0.2643425798044489,0.39263574423944,-2.9819433301578595
0.08194158889483077,-0.24779069870329806,0.24491891342411368,1790755967,760361450,0.15399999916553497,0.11842716914233754,-0.2651453417015715,0.39352449388255406,-3.0426906177102473
0.06727056312309039,-0.24845705715150115,0.2447437682162463,1790755967,810303977,0.15800000727176666,0.11391051049062333,-0.2659770496267513,0.3946829808028784,-3.1031574351722253
0.053766904862569964,-0.24995804037913033,0.2513776749387438,1790755967,862771195,0.15600000321865082,0.1092322274075867,-0.26689010586484496,0.3961979226860246,-3.1670085135954564
0.04244363379480934,-0.25153249385133314,0.25918196600870513,1790755967,910377530,0.15299999713897705,0.10506595183994871,-0.2677526798990781,0.39783386816571464,-3.2251975704230453
0.0300640319395154,-0.25274391054090545,0.2639491254687628,1790755967,960879113,0.15399999916553497,0.10105808556364926,-0.2686320764934439,0.3996819891225699,-3.2826431310335753
0.019925099984956993,-0.25411927234843906,0.2705868924800734,1790755968,10497611,0.15299999713897705,0.09749370832065633,-0.26946040730167703,0.40157070714332255,-3.33520772258514
0.007962506576134648,-0.2556854290534736,0.2779946873280987,1790755968,61915003,0.15299999713897705,0.09347142371665608,-0.2704550155206894,0.4040069229624602,-3.3965649519730943
-0.0057300164907647805,-0.2571170457825849,0.28404623163027143,1790755968,110277627,0.15600000321865082,0.08948279051108363,-0.2715138740799704,0.40677867934489753,-3.4600215057406642
-0.012290793655180765,-0.2596933485221564,0.29962196196106994,1790755968,160122653,0.14800000190734863,0.08554944972022169,-0.2726425320095676,0.40991070113160616,-3.525799177378147
-0.02189340086479802,-0.26182386728779866,0.31125084912142775,1790755968,210757552,0.1459999978542328,0.08176068480208057,-0.2738263133822438,0.4133673080580229,-3.592984280258407
-0.030086704235669295,-0.2639094373388046,0.32282425939166626,1790755968,260513059,0.14399999380111694,0.0783966490714671,-0.2749761979992086,0.4168715192052625,-3.6566995479295494
-0.040357909744754325,-0.26569873976903413,0.33205363137276495,1790755968,310453289,0.1459999978542328,0.07535705092816926,-0.2761163800145798,0.42047037199134984,-3.718561733215251
-0.046740570139209334,-0.2678225313071984,0.344150330425325,1790755968,360249677,0.14399999380111694,0.07256882317793242,-0.27727151556317753,0.4242251927576921,-3.780047041260094
-0.055739928328193244,-0.2697408658911834,0.354495959370638,1790755968,410212323,0.1459999978542328,0.07002239677254729,-0.27844715633800204,0.42814402428307996,-3.8415523730281005
-0.0597200114055292,-0.2720136947933804,0.36780574587416265,1790755968,460312397,0.14300000667572021,0.067714245438131,-0.27964711076312276,0.4322358867446663,-3.903438706117252
-0.06278566458195814,-0.27429526456023995,0.3811788643768392,1790755968,510298775,0.14000000059604645,0.06566769649223292,-0.2808635905864849,0.43646531198246363,-3.9653889725989058
-0.06792256069999014,-0.27605340375002685,0.3911006481636859,1790755968,560412033,0.14100000262260437,0.06416859435558656,-0.2818892659990179,0.44007891076526084,-4.017013798742617
-0.07091985129850752,-0.2775230634578639,0.3995379578940575,1790755968,610116383,0.14100000262260437,0.06310264458932612,-0.28272098308663,0.44303454358883293,-4.058502618840732
-0.06885425638507166,-0.278628127407437,0.4062531102408963,1790755968,660805124,0.13699999451637268,0.062473037107982146,-0.2832680946242281,0.444990833270297,-4.085652142963093
-0.0686539284764649,-0.27911131546455237,0.40910762864140554,1790755968,710908531,0.13600000739097595,0.06219666763514129,-0.28352524098169235,0.445913073471104,-4.098374313632966
-0.0699624763050037,-0.27929102887106805,0.41005419451572667,1790755968,762332302,0.13699999451637268,0.06207094981663529,-0.2836462017233444,0.44634751833009567,-4.10435152053833
-0.07381747481536483,-0.2791638702768313,0.408994533236381,1790755968,810427620,0.14100000262260437,0.06207094981663531,-0.2836462017233444,0.44634751833009567,-4.10435152053833
-0.07188997556018425,-0.2792274495739497,0.40952436387605384,1790755968,860574832,0.13899999856948853,0.06207094981663531,-0.2836462017233444,0.44634751833009567,-4.10435152053833
-0.06899874103837286,-0.2793228180459255,0.4103191058880252,1790755968,910416960,0.13600000739097595,0.06207094981663531,-0.2836462017233444,0.44634751833009567,-4.10435152053833
-0.07092622593259393,-0.27925923922250895,0.40978927919589025,1790755968,960139431,0.1379999965429306,0.06207094981663535,-0.2836462017233445,0.44634751833009567,-4.10435152053833
-0.06899874103837286,-0.2793228180459255,0.4103191058880252,1790755969,10626116,0.13600000739097595,0.06207094981663531,-0.2836462017233444,0.44634751833009567,-4.10435152053833
-0.07381747481536477,-0.27916387027683137,0.408994533236381,1790755969,61862349,0.14100000262260437,0.06207094981663535,-0.2836462017233445,0.44634751833009567,-4.10435152053833
-0.06899874103837286,-0.2793228180459255,0.4103191058880252,1790755969,111592496,0.13600000739097595,0.06207094981663531,-0.2836462017233444,0.44634751833009567,-4.10435152053833
-0.0686542828409876,-0.2792483002582,0.40909238808779064,1790755969,161097512,0.13600000739097595,0.06219644714061149,-0.2836621700423335,0.44589736366388477,-4.098378955314655
-0.06894919704601432,-0.2790758688386981,0.4065213598135105,1790755969,210407546,0.13699999451637268,0.062438339715911034,-0.28369230216086483,0.44505708641236746,-4.08720394683672
-0.06725862883796863,-0.2787469992839164,0.40107753638347027,1790755969,260266498,0.13699999451637268,0.0630509180022763,-0.2837658218409223,0.4430683915773984,-4.060611133359288
-0.06715602797849152,-0.2781236709466253,0.39166581098340186,1790755969,310414340,0.14000000059604645,0.06410645996301256,-0.28388458762673047,0.4400080416446404,-4.019242881007564
-0.06103962835188376,-0.27758356796642775,0.3817954966429947,1790755969,360330348,0.1379999965429306,0.0656335984880915,-0.28404345340200643,0.43616610017060176,-3.9664124484142693
-0.05603695845904777,-0.2768120382934256,0.36883067239303,1790755969,410333856,0.13899999856948853,0.06775381820216826,-0.2842498225855114,0.43161221889162416,-3.9022198710270075
-0.04901088957828684,-0.2761077100398379,0.35613840853103135,1790755969,462300758,0.13899999856948853,0.07026915445587595,-0.28448445963426466,0.4270122454792189,-3.83521658944238
-0.04005074973256392,-0.2756366168681669,0.3458592631496907,1790755969,510630447,0.13699999451637268,0.07288589257012572,-0.28472319951565644,0.4228771009450405,-3.772668987599001
-0.03475832183585835,-0.274780952233268,0.33193843816417906,1790755969,561569022,0.14100000262260437,0.07593224986696315,-0.2849986944042066,0.41868056069184834,-3.7063733247359774
-0.02719194679869652,-0.27411893258783127,0.3198510555650154,1790755969,610741056,0.14300000667572021,0.07914299990832226,-0.2852899676062972,0.4148094095665866,-3.6420609575093774
-0.014460390767673859,-0.2740025475826241,0.3123222235178474,1790755969,660309415,0.13899999856948853,0.08263534867512419,-0.28561066313500366,0.4111081974093705,-3.5769701336191697
-0.005909858757370212,-0.27338191577244003,0.300436402619047,1790755969,710170080,0.1420000046491623,0.08639374414053973,-0.28596266778170576,0.4076080914706669,-3.5112545540629405
0.004891227314032617,-0.2729999476260721,0.290499464556835,1790755969,760492098,0.14300000667572021,0.09041808728933423,-0.2863494127847622,0.40432367073459885,-3.444761617802058
0.016884221335935937,-0.2727985156489259,0.28211981221262855,1790755969,810526792,0.14300000667572021,0.09463281358514422,-0.2867670792478314,0.40132147974922683,-3.378491232433767
0.028856281057343253,-0.27259069019819393,0.27371378278550407,1790755969,860277272,0.14399999380111694,0.09901149249272555,-0.28721611140152736,0.3986151101515637,-3.3125345345592665
0.04143988716326393,-0.2724738164552411,0.2660666689823481,1790755969,910084066,0.14499999582767487,0.10356377605841434,-0.2877007394797092,0.3961964581690507,-3.2464444770247876
0.0538092628374852,-0.27234121831389047,0.25846483456103775,1790755969,960216501,0.1469999998807907,0.10812911258697305,-0.2882063177116226,0.3941359534819253,-3.1821860604400882
0.06629782838526249,-0.2722907607799989,0.25177692372948796,1790755970,10389157,0.14900000393390656,0.11265465957141041,-0.28872811198998755,0.3924249200176777,-3.1200742958703573
0.0812916266843127,-0.27280066266999536,0.24942292419840903,1790755970,60207499,0.1469999998807907,0.11761563216533456,-0.289325182857475,0.3909026288324686,-3.053404654479917
0.09706353354565737,-0.2732387081724972,0.24592518222101056,1790755970,110277322,0.1469999998807907,0.12305976464918478,-0.29001275863037634,0.3896326182311245,-2.981513376257321
0.11266877533220496,-0.27390562513111233,0.24460326379035874,1790755970,160288867,0.1459999978542328,0.1284091121252171,-0.29072371226079935,0.38877466565763885,-2.9117716901784205
0.12773092493740767,-0.2744471616620098,0.24240481171192887,1790755970,210278532,0.1469999998807907,0.1336454442020696,-0.2914562610175083,0.38829761128043117,-2.844014923422524
0.14297593599579728,-0.2753424117453287,0.24321110335495325,1790755970,260471134,0.1459999978542328,0.13891735400001037,-0.29223337987815307,0.38817393473305295,-2.7759867549049795
0.15823788376456832,-0.2761260853166694,0.24306245114648528,1790755970,310632587,0.1469999998807907,0.14417584830833724,-0.2930516543819781,0.3884061274299605,-2.7080030125560803
0.1737453675006871,-0.2769202798327446,0.24298019571371332,1790755970,360684817,0.14900000393390656,0.14941604671899988,-0.29391401804485845,0.38899491478060766,-2.6398132921556727
0.1878711956038818,-0.278506882362698,0.2497520272045526,1790755970,410168167,0.14499999582767487,0.15456326363329959,-0.2948115312058329,0.3899295535201887,-2.5720761342478315
0.2032421813115911,-0.2795528213416506,0.2517642221260024,1790755970,460214601,0.1469999998807907,0.1597104524455659,-0.2957647123782476,0.3912316489177262,-2.5032382668172493
0.217248695132084,-0.2811696631108201,0.2586222210477532,1790755970,510490841,0.14499999582767487,0.16479492394656112,-0.2967678982774996,0.3928991577797456,-2.43376379203383
0.2308721028702051,-0.2827678241274372,0.2654023413253672,1790755970,560256932,0.14399999380111694,0.1696876953520535,-0.29779910461837383,0.3948879663892223,-2.3650942131105994
0.24354920209902847,-0.28458244114836545,0.27399123387007907,1790755970,610498311,0.1420000046491623,0.17446316097968184,-0.2988774522184837,0.3972258592856791,-2.2958639454870617
0.2565817359353781,-0.28629669696647303,0.281706465739346,1790755970,660378171,0.1420000046491623,0.17906419313336486,-0.29999478251157335,0.39989019698311434,-2.226539248357517
0.2686823790996234,-0.2882425883679983,0.2912765509796502,1790755970,710875644,0.14100000262260437,0.18354927515442723,-0.3011719851472992,0.40292862687237274,-2.155799657306009
0.2804113618357309,-0.2901481880441754,0.3006595380558697,1790755970,760249002,0.14100000262260437,0.18770902182342164,-0.3023575623762842,0.4061972473082269,-2.0866238368278633
0.29229699824295907,-0.29208929826789454,0.31025909210403013,1790755970,810242603,0.1420000046491623,0.19167290439126683,-0.3035909179798575,0.40979052332497323,-2.016569088318317
0.2990600407344974,-0.294596581535735,0.32470361634449346,1790755970,860316991,0.13699999451637268,0.19539614908138841,-0.30486541804281947,0.4136830918521036,-1.945945015659713
0.3110173694172597,-0.2965876469156117,0.33463180223923544,1790755970,910406508,0.14000000059604645,0.19884742646710624,-0.30617717886454715,0.4178540645399724,-1.8748733480764666
0.318166363942967,-0.29900981290357126,0.3482747162318433,1790755970,960469026,0.1379999965429306,0.20199424697202545,-0.3075202765858044,0.4222720830245348,-1.8035810916096928
0.32771588150996783,-0.30124233474827705,0.36030223151566776,1790755971,10123580,0.14000000059604645,0.2047965021165399,-0.3088813514857467,0.4268790424915037,-1.732629862618906
0.3296898204191515,-0.3037475219052629,0.37517033023137486,1790755971,60321422,0.13500000536441803,0.20711594844334386,-0.3101786548766936,0.4313778731945306,-1.6659645466684259
0.33482753593532044,-0.30585849963909273,0.38711664309764127,1790755971,110462190,0.13500000536441803,0.20898752929649025,-0.3113963223961016,0.4356823377456541,-1.604095985437008
0.33459476612166794,-0.30771393518352325,0.39814176033805504,1790755971,160386207,0.13099999725818634,0.21028413166084164,-0.31237947992564075,0.4392038856343783,-1.5546031655201984
0.33888963323306753,-0.3089743511496424,0.40512681461737743,1790755971,210383363,0.13300000131130219,0.2111637799063103,-0.31314616933930645,0.44197383177956384,-1.5162586731631262
0.33817657123544653,-0.3097868438543867,0.4099672638486085,1790755971,260779660,0.13099999725818634,0.21161080490668352,-0.3135797508946521,0.44354880537727703,-1.49465395336856
0.33844397824242367,-0.30996172120756765,0.4109680559482962,1790755971,310879992,0.13099999725818634,0.21170974796668882,-0.31368082843205947,0.4439165369377829,-1.4896281576145973
0.34050462479853993,-0.3099881550612586,0.4109429449868324,1790755971,360929001,0.13300000131130219,0.21175583370054207,-0.31372860702007727,0.44409046614233144,-1.4872534275054932
0.33663247289641984,-0.3101006500838806,0.41193986492680407,1790755971,410092618,0.1289999932050705,0.21175583370054196,-0.3137286070200772,0.4440904661423315,-1.4872534275054932
0.33953658682300986,-0.31001627881691407,0.41119217497182536,1790755971,460238821,0.13199999928474426,0.21175583370054196,-0.3137286070200772,0.4440904661423315,-1.4872534275054932
0.3414726627740699,-0.3099600313056031,0.4106937150018395,1790755971,510515978,0.1340000033378601,0.21175583370054202,-0.31372860702007727,0.4440904661423314,-1.4872534275054932
0.33953658682300997,-0.31001627881691407,0.4111921749718253,1790755971,560252708,0.13199999928474426,0.21175583370054207,-0.31372860702007727,0.44409046614233144,-1.4872534275054932
0.3395365868230099,-0.3100162788169141,0.41119217497182536,1790755971,610268753,0.13199999928474426,0.21175583370054205,-0.31372860702007727,0.4440904661423315,-1.4872534275054932
0.34050462479853993,-0.30998815506125876,0.41094294498683237,1790755971,663475778,0.13300000131130219,0.2117558337005421,-0.31372860702007743,0.4440904661423314,-1.4872534275054932
0.3385685488474799,-0.31004440257256966,0.41144140495681825,1790755971,710584076,0.13099999725818634,0.21175583370054205,-0.31372860702007727,0.4440904661423315,-1.4872534275054932
0.3411158754782575,-0.3098792048099405,0.4093323623333558,1790755971,761467401,0.1340000033378601,0.21162563078360128,-0.3137476714283761,0.44358601016080085,-1.4939119897164093
0.3375576736855807,-0.3098242641483439,0.40767669178949223,1790755971,810337907,0.13099999725818634,0.21138153326713563,-0.31378241415232694,0.44267546204354014,-1.5059607437981302
0.3386623025257759,-0.30937729138018316,0.40082110063086895,1790755971,860724249,0.1340000033378601,0.21072949540998295,-0.31387054050749436,0.44043181219099814,-1.5358256687141674
0.3356081112963736,-0.3088484608153431,0.39173833382949297,1790755971,910585340,0.1340000033378601,0.20961268815853248,-0.31400894080510877,0.4370651877809656,-1.5811693004989258
0.3291844902977836,-0.3082733341411049,0.3809274754036483,1790755971,960618395,0.13199999928474426,0.20793396216932059,-0.3141966724678216,0.43276591001358344,-1.6401813794707107
0.3236506897842227,-0.30747109492807523,0.366901087346635,1790755972,10823450,0.13300000131130219,0.20555886902372553,-0.31443993492761163,0.42768560418552964,-1.7118977549804317
0.31702468708799475,-0.3067049806947962,0.35313362550663285,1790755972,60939931,0.1340000033378601,0.20280562075492817,-0.31470645847095663,0.4227467143186276,-1.7842213763461532
0.3119134594574352,-0.3057969257967632,0.3382117921691896,1790755972,110086011,0.1379999965429306,0.1997407906175857,-0.3149940451615437,0.4180660619772863,-1.8557954780307153
0.3035008536918168,-0.3051408292055653,0.32565318992692216,1790755972,160089140,0.13899999856948853,0.19643777425796433,-0.3152998428961653,0.4137173203393245,-1.9256765463150822
0.2916240031265441,-0.3048803063952464,0.31674769490888777,1790755972,210533751,0.13600000739097595,0.1929647828205088,-0.3156215672329337,0.4097368640339395,-1.993298118655531
0.2820419004251365,-0.3042848215935866,0.30453511039298475,1790755972,260135397,0.1379999965429306,0.18899671654329006,-0.3159931848253567,0.40577495942820996,-2.065110047561452
0.27043500069713655,-0.30373402767595886,0.2921054682006073,1790755972,310248758,0.14000000059604645,0.18437991238666052,-0.31643483894769164,0.40180146327704114,-2.1431591928883313
0.2554646211967806,-0.3037662226232364,0.28496489122007135,1790755972,360731128,0.13699999451637268,0.17963668581913977,-0.31690211070161456,0.39830760672593346,-2.21868522651636
0.24388679626037008,-0.3033452301184342,0.2743123405113504,1790755972,410449117,0.14000000059604645,0.17491903033745218,-0.3173829145149153,0.39533461468961645,-2.2902183104726825
0.2304979054632122,-0.30321833765373385,0.2661879167608675,1790755972,460485153,0.14100000262260437,0.16999488398559373,-0.3179039019371419,0.3926976765951632,-2.361923681672713
0.21702455042355437,-0.30309108455848077,0.2581459559873495,1790755972,510158448,0.14300000667572021,0.16495719581447044,-0.31845914119374236,0.390440382659539,-2.432842955964626
0.20243847896461092,-0.30318250273013,0.2519258543993276,1790755972,560364892,0.14399999380111694,0.15972583663983175,-0.3190615330577503,0.38852557912896135,-2.504472269686299
0.18751133186526808,-0.3033897886754098,0.2467696511924122,1790755972,610182011,0.14499999582767487,0.15442266131741184,-0.31970122509110227,0.3869983063006246,-2.5754974191952336
0.17153166576285878,-0.3041756043784266,0.2465820115563626,1790755972,660267529,0.1420000046491623,0.14902187534951514,-0.3203850392668032,0.38584638200519256,-2.6466405448201336
0.15645485291503647,-0.3043986050240552,0.24162289305840706,1790755972,710116499,0.14499999582767487,0.1436042129374052,-0.3211064986540748,0.3850826648853516,-2.717201365868871
0.14078944432602275,-0.30497623283646436,0.2397042663333941,1790755972,760452712,0.1459999978542328,0.13814090501952864,-0.32187304534413297,0.38469903292880825,-2.7879157749610766
0.12528669090490532,-0.30578188329718226,0.23986858342962836,1790755972,810278498,0.1459999978542328,0.13276470966082507,-0.32266908665197597,0.38469572512543043,-2.8574154153320586
0.11007442846912231,-0.30706430369198817,0.24407244277530774,1790755972,860506053,0.14300000667572021,0.12736354089287458,-0.3235144545668235,0.3850670562789804,-2.9274940125144244
0.09420282691342778,-0.3076585461585238,0.24244040862870586,1790755972,910320718,0.1469999998807907,0.12205091534665305,-0.3243952634190474,0.38580486109482115,-2.997012360337602
0.08010301925922861,-0.3092789184918587,0.2496315682677025,1790755972,960125458,0.14300000667572021,0.11682839580604983,-0.3253140608235275,0.38690182301050297,-3.066275066310207
0.06449610213373429,-0.31023617542889215,0.25113002755434977,1790755973,10272207,0.1459999978542328,0.11168324201402889,-0.3262768773248852,0.3883600136581069,-3.1357828900881985
0.05123087082570438,-0.3119619832454741,0.2592408177844705,1790755973,60142020,0.14300000667572021,0.10667960883865704,-0.3272753037846407,0.3901604174481256,-3.2050008262390244
0.037222846410788005,-0.3134906979849038,0.26558465004999815,1790755973,110613123,0.14300000667572021,0.10175564924429088,-0.32832641281479147,0.3923301463533956,-3.2751439825877022
0.024880664728962637,-0.31531050086401463,0.2745019534329369,1790755973,160849622,0.14100000262260437,0.09705742223123309,-0.3294028900341477,0.39480540718016066,-3.344472960724516
0.012408340312283647,-0.31699263471567674,0.282377217609991,1790755973,210444509,0.14100000262260437,0.09263310069625934,-0.33049386966193905,0.39754103664980034,-3.412481979687681
-0.00016568707359883306,-0.3186868475295084,0.29033752452615136,1790755973,260326915,0.1420000046491623,0.08839395843556104,-0.33162289781614696,0.40058202148919986,-3.4807905715772924
-0.012159018361842078,-0.32047368810469956,0.29912743104861106,1790755973,310046145,0.14300000667572021,0.08439733136641946,-0.33277822356049036,0.4038865435096608,-3.548786027755974
-0.01898300819089703,-0.3227934638184418,0.31261431427194086,1790755973,360422312,0.1379999965429306,0.0807285288358959,-0.33393441898987336,0.4073639187432605,-3.615153584324329
-0.02806982333820056,-0.32466436125513337,0.3225817082738266,1790755973,410253273,0.1379999965429306,0.07746015259268824,-0.3350609001879043,0.4108955531912249,-3.6784099528560126
-0.0363016423111491,-0.32681635678255816,0.3344995023630495,1790755973,460390801,0.13699999451637268,0.07420939256017839,-0.3362971222802279,0.41491358542523815,-3.7464389945360828
-0.042378538208426034,-0.3292648131052185,0.34859418174618,1790755973,510261800,0.1340000033378601,0.07109539576811347,-0.33762554983089355,0.41937387716681906,-3.8181273979347723
-0.04800945719010459,-0.33162113222959066,0.3620895353669071,1790755973,560479336,0.13199999928474426,0.06838480302053185,-0.3389412305952009,0.4239182678552003,-3.887935188348983
-0.05510307882220185,-0.33376351765323586,0.37405306927610804,1790755973,610227585,0.13300000131130219,0.06609635212362266,-0.3402206182627194,0.42844060589005767,-3.954864042009366
-0.05875307142975,-0.33569903736151246,0.3852090468687037,1790755973,660294417,0.13199999928474426,0.06440651126473215,-0.3413149431925907,0.4323702449386209,-4.011389671351089
-0.060117724895103045,-0.33733517368550575,0.3947789109799111,1790755973,710172638,0.12999999523162842,0.06319697587951867,-0.3422159722861501,0.4356403982033207,-4.057490362092092
-0.06297168221261878,-0.33832863981899836,0.4003837589296101,1790755973,760628407,0.13099999725818634,0.0624863879156717,-0.3428110031152528,0.4378161024390693,-4.087763263156451
-0.061910115700982225,-0.3388981305218622,0.40382881000848037,1790755973,810752971,0.1289999932050705,0.062164666606411186,-0.3431015387779632,0.438882739906763,-4.102501747119404
-0.06327074255762352,-0.3391087517730156,0.4049554099725682,1790755973,861026675,0.12999999523162842,0.06201506698242693,-0.3432419902005153,0.43939929227725405,-4.109616756439209
-0.06134327894866339,-0.3391723397139438,0.4054853129993939,1790755973,910439960,0.12800000607967377,0.06201506698242689,-0.34324199020051543,0.43939929227725405,-4.109616756439209
-0.06037953996378285,-0.33920413392129256,0.40575026648686013,1790755973,960334467,0.12700000405311584,0.06201506698242693,-0.3432419902005153,0.43939929227725405,-4.109616756439209
-0.06230700357274297,-0.3391405459803644,0.4052203634600343,1790755974,10651912,0.1289999932050705,0.06201506698242693,-0.3432419902005153,0.43939929227725405,-4.109616756439209
-0.06327074255762355,-0.3391087517730157,0.4049554099725681,1790755974,60317994,0.12999999523162842,0.06201506698242689,-0.34324199020051543,0.43939929227725405,-4.109616756439209
-0.06134327894866335,-0.33917233971394367,0.40548531299939394,1790755974,110377150,0.12800000607967377,0.06201506698242693,-0.3432419902005153,0.43939929227725405,-4.109616756439209
-0.06037953996378286,-0.3392041339212925,0.40575026648686013,1790755974,162169811,0.12700000405311584,0.06201506698242689,-0.34324199020051527,0.4393992922772541,-4.109616756439209
-0.061343278948663364,-0.3391723397139436,0.40548531299939394,1790755974,210936659,0.12800000607967377,0.06201506698242689,-0.34324199020051527,0.4393992922772541,-4.109616756439209
-0.06199840138167927,-0.33907858573943084,0.40411995624904945,1790755974,260305999,0.1289999932050705,0.062131334108495063,-0.3432595896425009,0.43898148548128624,-4.104097756979375
-0.061370001709622785,-0.3389566190143676,0.4019479260514559,1790755974,310361813,0.1289999932050705,0.06236802205106545,-0.34329463492881923,0.43815678326393287,-4.09317900934608
-0.059806038627568656,-0.3386747888827111,0.39688915904586985,1790755974,360248720,0.1289999932050705,0.062956782358144,-0.343378344884659,0.4362358817998001,-4.067611397546323
-0.05900167601330543,-0.3381660264997627,0.38843611622606783,1790755974,410415339,0.13099999725818634,0.06396548795853621,-0.34351213204475944,0.43328580989134047,-4.02793377569769
-0.054210791980784614,-0.33767905309451723,0.3790576119175124,1790755974,460240829,0.12999999523162842,0.06540614382736396,-0.34368761320429986,0.42961139153387534,-3.977698664788214
-0.04984011787822641,-0.33702447144320125,0.36720827381018195,1790755974,510096050,0.13099999725818634,0.0673735830932903,-0.3439096546377181,0.4252990806438165,-3.9173554465470053
-0.04457753782817182,-0.3363838356897941,0.3553202962357961,1790755974,560593152,0.13199999928474426,0.06965160614042497,-0.3441522565667292,0.42101165119558415,-3.855537661364601
-0.037771416105933334,-0.3358464326974067,0.34434713611544854,1790755974,610234706,0.13199999928474426,0.0721689194958615,-0.34441028016684255,0.4168990687944437,-3.79413021658041
-0.030259336340838675,-0.3353566550408542,0.3337526933463007,1790755974,660328437,0.13199999928474426,0.07494741854143978,-0.3446876820519323,0.41292636620054685,-3.7323785724632845
-0.024437006355813057,-0.3346965023377138,0.3217626211206024,1790755974,710255982,0.13500000536441803,0.07794240777127909,-0.3449828424609103,0.4091562605816993,-3.671033205586243
-0.016301509208722434,-0.33422577541729764,0.3113710045605226,1790755974,760472963,0.13600000739097595,0.08117043834963099,-0.3453000079168001,0.4055653930561972,-3.6094990360114036
-0.006261440116410527,-0.3339858052501968,0.3030249887110014,1790755974,810248480,0.13500000536441803,0.08457028241740952,-0.3456359543422126,0.40221608536824094,-3.54866046440261
0.0012077156225310248,-0.33336526686067663,0.29137565956777123,1790755974,860375184,0.13899999856948853,0.08820698407118985,-0.34599977556108563,0.3990441140083143,-3.487122643448912
0.0124840291472572,-0.33325842114375764,0.2840999894800529,1790755974,910388766,0.1379999965429306,0.09203675791415054,-0.3463899645239842,0.3960951900917005,-3.425459391828018
0.023517842628590663,-0.3331384009187236,0.2767763909188028,1790755974,960287515,0.1379999965429306,0.09600441001139369,-0.34680347010002704,0.3934081296487789,-3.364299949423687
0.03645375467092274,-0.33340501930331967,0.27273332390456917,1790755975,10722385,0.13500000536441803,0.10014701414237434,-0.34724690607456193,0.39095587808484117,-3.3028264987832854
0.04586915515423987,-0.33292618815960084,0.26246093048860086,1790755975,60520412,0.14000000059604645,0.10434206998227688,-0.34770940100725184,0.38880322355116637,-3.2425835628937545
0.05685384951500602,-0.3327173886912488,0.25452097281139324,1790755975,110517004,0.14300000667572021,0.10864285173231089,-0.3481990267004067,0.3869113804818337,-3.182517416721584
0.07089294845094998,-0.33346305848152,0.254764359380369,1790755975,160223114,0.1379999965429306,0.11304011270660005,-0.3487170540266677,0.38528229382221013,-3.1225293734827417
0.0824753026164183,-0.33330546859620414,0.2472407681140118,1790755975,210122325,0.1420000046491623,0.11756047445445814,-0.3492694365933911,0.3839089200852817,-3.0620494632641018
0.09540246303789439,-0.333569165999632,0.2432814728688604,1790755975,260553066,0.14300000667572021,0.12219045572972599,-0.34985756258644235,0.3828024157177001,-3.0010612588942833
0.10882268068756165,-0.3343715708127433,0.24408541087487975,1790755975,309980416,0.14000000059604645,0.12677166116914976,-0.3504634484181764,0.38199438716611445,-2.9414125271558467
0.12182410363457438,-0.3345849240130877,0.2397392857933003,1790755975,360343657,0.14300000667572021,0.13147608593808374,-0.35111215133417817,0.3814527004862847,-2.8806394841420775
0.13515067061476338,-0.33534597804407795,0.2401565499858707,1790755975,410251322,0.1420000046491623,0.13615708686077405,-0.35178644934068903,0.3811980309418192,-2.8204203517974906
0.14838949159226456,-0.3362000108989362,0.24137284171567394,1790755975,460506804,0.14100000262260437,0.14084985985802315,-0.35249355072896377,0.38122517545627965,-2.7600792880521134
0.16170809610110629,-0.336793216343327,0.24040715637235657,1790755975,510619220,0.14300000667572021,0.1454929733753362,-0.35322653043370533,0.3815312786628113,-2.700186851881213
0.17401403289465378,-0.3377743795698884,0.24308345527384717,1790755975,560244144,0.1420000046491623,0.14987748415482227,-0.3539518434978683,0.3820788436727101,-2.6432554046048042
0.18640465309697202,-0.3384670875903335,0.24345965363621028,1790755975,610402292,0.14399999380111694,0.1540934894598134,-0.35468237039879963,0.38284778628234317,-2.587982916464758
0.19855156829980364,-0.3397560775344307,0.24859036368097687,1790755975,660204818,0.1420000046491623,0.15854044004698756,-0.35549143523903004,0.3839251687172539,-2.5289065156551542
0.21223207781808906,-0.3408892349871494,0.2519272002504237,1790755975,710267577,0.14300000667572021,0.1632493011125586,-0.3563962981083768,0.38537839166071586,-2.4652016526337808
0.22407586874653626,-0.3423930624208241,0.2586893207664873,1790755975,760138696,0.14100000262260437,0.16769266145640582,-0.3573010242829413,0.3870625553146994,-2.403699227844874
0.23641804809071287,-0.34362757744575567,0.2633049479828298,1790755975,810315335,0.1420000046491623,0.17190873996398254,-0.3582111024659382,0.3889627025519704,-2.3437743155656032
0.2465056324213084,-0.34534936227158386,0.2721190443061261,1790755975,860765900,0.13899999856948853,0.17600724819137706,-0.359150792638519,0.39111693480471194,-2.2837049418940003
0.25788290109694423,-0.3467116981785075,0.27797598051144023,1790755975,910279518,0.14000000059604645,0.17988009367386787,-0.36009617668466964,0.3934593902988619,-2.2249173040888555
0.2680582982206571,-0.34820271319025387,0.2851115640061981,1790755975,960388749,0.14000000059604645,0.18350538503403763,-0.3610398476428317,0.39595385294681607,-2.1676960162190073
0.27609488895665013,-0.3498650909182476,0.29398717689467374,1790755976,10170377,0.1379999965429306,0.18682959127167675,-0.36196345460878976,0.3985306380535301,-2.1129481207352416
0.2856167922885713,-0.3515271247468503,0.30242781640157784,1790755976,60197784,0.1379999965429306,0.19025368565502399,-0.36298377758105155,0.40151677665893515,-2.053745495421292
0.2952434311675052,-0.3533785074187414,0.31208888910295596,1790755976,110459932,0.1379999965429306,0.19371522402600913,-0.36410189455045905,0.4049383972810053,-1.9902493884103407
0.2999495988383286,-0.3555685762038297,0.3249927672279184,1790755976,160297107,0.13300000131130219,0.19680175405383518,-0.36518994135336336,0.4084011109219385,-1.9296707588954423
0.30826867825609944,-0.3572894838297326,0.33406737565089334,1790755976,210154106,0.1340000033378601,0.1995655190103913,-0.3662565055159719,0.4119083454972875,-1.8713007275753137
0.31611550913754816,-0.3590825077556576,0.34373528912213347,1790755976,260383837,0.13500000536441803,0.2021311035366747,-0.36734755297947175,0.4155979759328615,-1.8125036894678925
0.32165033848084595,-0.3610417588747816,0.3548605389463054,1790755976,310617392,0.1340000033378601,0.2044682654676991,-0.3684537842708907,0.41943162023209063,-1.753711396932447
0.32641254573362466,-0.36300303727255384,0.36609784285717417,1790755976,360273067,0.13300000131130219,0.20654250895131251,-0.3695588442793559,0.4233446421135788,-1.6956779585403754
0.32866116382245547,-0.3650857745807951,0.3783743337990923,1790755976,410348363,0.12999999523162842,0.20839049157746825,-0.3706833507356986,0.4274011764381235,-1.6372325129555703
0.3332996157724105,-0.3667206204419769,0.38761675099541637,1790755976,461144447,0.13099999725818634,0.20976822212022697,-0.3716504058195036,0.4309375460034217,-1.5874527289012148
0.33404118244298964,-0.368164357369493,0.39614339598782894,1790755976,511053168,0.1289999932050705,0.2107516186060333,-0.3724414861933377,0.43385795371857183,-1.5470259546314131
0.33649875230357446,-0.3690059503491405,0.40090719854871854,1790755976,560078517,0.12999999523162842,0.2113104952181978,-0.3729442551260055,0.43572657251830016,-1.5214365802065826
0.3372157802780645,-0.3694549101508539,0.40350816219642166,1790755976,611330557,0.12999999523162842,0.21157716123114179,-0.3732019436842034,0.4366879136105839,-1.508347261147753
0.3375432995453508,-0.3696679348633482,0.40474355623211394,1790755976,660636285,0.12999999523162842,0.21169892512359137,-0.37332413782151896,0.4371445495278157,-1.5021467208862305
0.3375432995453508,-0.36966793486334826,0.40474355623211394,1790755976,710461923,0.12999999523162842,0.21169892512359142,-0.373324137821519,0.4371445495278157,-1.5021467208862305
0.336575263898669,-0.3696960595595158,0.404992795156319,1790755976,760141718,0.1289999932050705,0.21169892512359137,-0.37332413782151896,0.4371445495278157,-1.5021467208862305
0.3375432995453508,-0.3696679348633482,0.404743556232114,1790755976,810335486,0.12999999523162842,0.2116989251235914,-0.37332413782151896,0.4371445495278157,-1.5021467208862305
0.3375432995453508,-0.36966793486334826,0.40474355623211394,1790755976,860185013,0.12999999523162842,0.21169892512359137,-0.373324137821519,0.4371445495278157,-1.5021467208862305
0.33851133519203247,-0.3696398101671806,0.4044943173079089,1790755976,909975252,0.13099999725818634,0.21169892512359137,-0.37332413782151896,0.4371445495278157,-1.5021467208862305
0.336575263898669,-0.36969605955951584,0.404992795156319,1790755976,962440387,0.1289999932050705,0.21169892512359137,-0.373324137821519,0.4371445495278157,-1.5021467208862305
0.3356072426768133,-0.3697241838365936,0.4052420303665822,1790755977,11684236,0.12800000607967377,0.2116989251235914,-0.37332413782151896,0.4371445495278157,-1.5021467208862305
0.33634477141479047,-0.36964685298012595,0.4041084124297467,1790755977,63413323,0.1289999932050705,0.21161280077229022,-0.3733388908514769,0.4368086051341208,-1.5065930510727699
0.3369239961020479,-0.36953709636921095,0.4024023246230975,1790755977,110474482,0.12999999523162842,0.21146860545840848,-0.37336312851032016,0.43625945380928877,-1.513872642569326
0.3330137380681045,-0.369428138223937,0.3995666783804721,1790755977,160342360,0.12700000405311584,0.2110852896307821,-0.37342598004353805,0.43487208521772724,-1.5323284336383711
0.3351308624230914,-0.3689908682981154,0.3928251481249671,1790755977,210243017,0.13099999725818634,0.21044666107670013,-0.37352443077133424,0.4327537848104188,-1.5607028708480062
0.33055343286632943,-0.3686366434767626,0.3856571849750389,1790755977,260461387,0.1289999932050705,0.2094451663980543,-0.3736642577180081,0.4297991053569019,-1.6007270919796992
0.3276508274173615,-0.3680727463838873,0.37559445172181793,1790755977,310412229,0.12999999523162842,0.20801195075896084,-0.3738459410942701,0.42612373209444354,-1.6513571623238323
0.32308090428423897,-0.36754480814689733,0.36557996989686314,1790755977,360306589,0.12999999523162842,0.20630583265533334,-0.37404648293077947,0.4223365521696886,-1.7046828739795181
0.3177271777208428,-0.3670223552238012,0.35535813918580544,1790755977,410213459,0.12999999523162842,0.20430594163298355,-0.37426809658837135,0.41847011266630485,-1.760583990472284
0.310263237580785,-0.36666709050049207,0.3467293889772318,1790755977,460705644,0.12800000607967377,0.2021487615709325,-0.37449632135048216,0.41480261997010537,-1.8152372885188195
0.30926410819208205,-0.3658607245078771,0.334480757194052,1790755977,510181614,0.1340000033378601,0.19992524488717528,-0.3747243480664572,0.4114382132535478,-1.8670497062467775
0.3025685790009119,-0.365447229502563,0.3255289284784104,1790755977,560720097,0.1340000033378601,0.197471415226231,-0.3749706860640434,0.4081115588324141,-1.9201739644707019
0.2940123079307449,-0.3652305435645861,0.31837095147999817,1790755977,610372679,0.13199999928474426,0.19488605155323352,-0.37522709140054994,0.40496225669660557,-1.972552878645164
0.2879505991165068,-0.36474966537448483,0.30888428162825743,1790755977,660782920,0.1340000033378601,0.1921141474389759,-0.37550070003456154,0.4019207834871764,-2.0254702043662043
0.28082056284671864,-0.36438678480974945,0.30054672981927916,1790755977,710350992,0.13500000536441803,0.18925259748694642,-0.3757836737189805,0.39908819363758813,-2.0772654930804113
0.27321160316601384,-0.3640612446882249,0.29253325986485695,1790755977,759976101,0.13600000739097595,0.18624402540903745,-0.37608326828019073,0.3963991030385587,-2.129193119248065
0.2638243821094537,-0.3639585313656254,0.2863766676614664,1790755977,810310731,0.13500000536441803,0.18305331890039456,-0.3764047462940394,0.3938295807463465,-2.181934120899941
0.2537551607030506,-0.36401281620186554,0.2816665346786832,1790755977,860211183,0.13300000131130219,0.17978631031587847,-0.3767390594355972,0.3914647689739688,-2.233878495540479
0.24666367710189666,-0.36353955470463056,0.27244186292569006,1790755977,910201952,0.13699999451637268,0.17641993442893342,-0.3770900501621844,0.3892802093092104,-2.285589029788113
0.23886247818316308,-0.3630959250150345,0.26345570900046694,1790755977,960275155,0.14100000262260437,0.17292510654526638,-0.37746231003739567,0.3872574486588805,-2.337647551059221
0.22832819379052052,-0.36321057723617844,0.2593012880960994,1790755978,10046653,0.14000000059604645,0.16933777318670382,-0.37785373173871895,0.3854191237502706,-2.389642927535559
0.2163679006031338,-0.363712296556502,0.2584147857094408,1790755978,60815840,0.13600000739097595,0.16560767820234085,-0.3782715830412093,0.38374406803892586,-2.4424181114546246
0.2077843154070489,-0.3633065067879124,0.24986852265746481,1790755978,110456625,0.14100000262260437,0.1619008577632526,-0.3786987216301236,0.38230261485609623,-2.4937823598813185
0.19620296186271094,-0.3638320745291138,0.24929431401697683,1790755978,160496829,0.1379999965429306,0.15808663477357163,-0.3791514453473007,0.3810382381000915,-2.545712446603714
0.18571459255604353,-0.3639785347653156,0.24549440105775258,1790755978,210175633,0.13899999856948853,0.15423293750402586,-0.3796234509102866,0.37997540936866764,-2.597410313763713
0.1749017637497899,-0.3641880964219314,0.2422068483748755,1790755978,260312466,0.14000000059604645,0.15029902432129044,-0.38012137492991077,0.37910402152134165,-2.649555956399515
0.16376372575595938,-0.36457508332466076,0.2404584473998701,1790755978,310460123,0.14000000059604645,0.14632988144840695,-0.380641339184416,0.3784364770357578,-2.7016840717791757
0.15254324043114287,-0.36525234747455043,0.2412772621185432,1790755978,360157121,0.1379999965429306,0.14238387013688497,-0.3811768635350014,0.37797838146038854,-2.7531756313032143
0.14151461047023306,-0.3654206105848167,0.23770244807073276,1790755978,410379538,0.14100000262260437,0.13839339296084496,-0.3817385978815529,0.37772023990954545,-2.8050516979866624
0.1303896168635017,-0.3659932368174411,0.23767281022255843,1790755978,460135786,0.14100000262260437,0.13444711042173074,-0.382315385657681,0.3776661134296634,-2.8562956860904367
0.11938809008533413,-0.3668641438426094,0.24018973868380317,1790755978,510268240,0.13899999856948853,0.1304879647968356,-0.3829168890574409,0.3778127809215567,-2.907783645478066
0.10794643386984465,-0.36722507788355063,0.23833226696018275,1790755978,560356128,0.1420000046491623,0.12653247449618746,-0.38354235648651414,0.3781618304765984,-2.9594373566424856
0.09728128573653262,-0.3683457118007994,0.24295956181943673,1790755978,610632675,0.13899999856948853,0.12257380253396137,-0.38419489070644,0.3787170357366638,-3.0114866970358514
0.08658271323163569,-0.3692972311493754,0.24615933679350202,1790755978,661018712,0.1379999965429306,0.11866053627855619,-0.38486820172615654,0.37947309148414277,-3.0634337710529564
0.07612034108853313,-0.3701732786532792,0.2488558387956281,1790755978,710243210,0.1379999965429306,0.1148975928444482,-0.38554458474093417,0.3804006856778487,-3.1139957422954483
0.06622970322697572,-0.37135043412698915,0.25402800250942636,1790755978,760421997,0.13600000739097595,0.11110295573144678,-0.38625798641164094,0.3815433274899787,-3.165749425568124
0.054868528107908036,-0.372038627162348,0.2550488345904398,1790755978,810217403,0.13899999856948853,0.10738994396723352,-0.3869895958954574,0.3828728112630156,-3.217306481615831
0.045093640572217396,-0.3732252041176906,0.26032384110598517,1790755978,860461144,0.1379999965429306,0.10373836507221326,-0.3877448522453436,0.38439630038852535,-3.26908511259856
0.03578237465019593,-0.37445005804630216,0.2660011781356977,1790755978,910259809,0.13699999451637268,0.10022025004632182,-0.3885099127082146,0.38608064848265333,-3.3201823669816477
0.026561844778114574,-0.3755921148134676,0.27111366310881513,1790755978,960489679,0.13699999451637268,0.09688848853173825,-0.38927233696024965,0.38788700423533995,-3.3698817839837787
0.020212906550341567,-0.37711907296256925,0.27972618691937423,1790755979,10198280,0.13300000131130219,0.09379475111312392,-0.39001737981189566,0.3897641175613376,-3.4173821673702274
0.011089818785874644,-0.37843741920214247,0.28602922340444376,1790755979,62247053,0.13300000131130219,0.09043569395502393,-0.39087217192074025,0.39204153102613215,-3.4707097677748213
0.0018098227492700236,-0.37969908282930936,0.2919335808856618,1790755979,110668891,0.1340000033378601,0.08725342648284512,-0.3917328105794738,0.3944547049138407,-3.5232403114781476
-0.004406789519839013,-0.38134993980395915,0.30120669233279795,1790755979,160113500,0.13099999725818634,0.08423127174520313,-0.3926033169709328,0.3970067699901636,-3.575320815696549
-0.012074526846755584,-0.3827617103020398,0.3085084225633108,1790755979,210425982,0.13099999725818634,0.08138079777602379,-0.393480214105523,0.39967977364198287,-3.626821058535892
-0.02012438155574016,-0.38414395351772673,0.3155570564852015,1790755979,260759824,0.13199999928474426,0.07866650303746972,-0.39437517725035093,0.40250349398206825,-3.678489014226913
-0.02538632378291361,-0.3857729516171929,0.3247831615648416,1790755979,310218887,0.12999999523162842,0.07614177125150945,-0.3952710092308568,0.40541709722763863,-3.7293911350420332
-0.030182261416038067,-0.38743980866650757,0.33428399174190815,1790755979,360566314,0.12800000607967377,0.07374371846659201,-0.3961911507925591,0.4084918503070526,-3.780919282281775
-0.03518044272198724,-0.3890368765627506,0.34326927328023893,1790755979,410444859,0.12700000405311584,0.0715415494867334,-0.3971102621780619,0.4116376713395741,-3.8317047285840817
-0.04143044730562012,-0.3905424558744108,0.35147771374090286,1790755979,460516257,0.12800000607967377,0.06950100429025342,-0.3980429620942445,0.4148966147852692,-3.8825945838956075
-0.04636172435452916,-0.3921336018238643,0.3604395559416432,1790755979,510423589,0.12800000607967377,0.06764071952422246,-0.3989817355832811,0.41823702483156733,-3.9332326155548887
-0.04804926864659938,-0.39387908198128785,0.3707582066916986,1790755979,560291653,0.125,0.06597091506298157,-0.3999194858997826,0.4216297235487263,-3.9833341041868096
-0.05099907885418188,-0.39552056254847917,0.38023279905775564,1790755979,610337087,0.12399999797344208,0.06448339448633225,-0.4008594876174303,0.4250802485691739,-4.03313829696076
-0.05379749189023916,-0.396829886676745,0.38772496930363015,1790755979,660476773,0.12399999797344208,0.06340467215659733,-0.40162880953028324,0.4279322146656026,-4.073566480378024
-0.053865360377605184,-0.39793503565138166,0.39425504705480496,1790755979,710620541,0.12200000137090683,0.06264166083531539,-0.4022350784009815,0.4301942175369538,-4.105226086027022
-0.05496641350194756,-0.39856463075333043,0.39786704889407215,1790755979,760393799,0.12200000137090683,0.062212358079091146,-0.4026057580099631,0.43158358957896037,-4.124514192389583
-0.05829695650610384,-0.3987337488300911,0.39858734289269593,1790755979,810386678,0.125,0.0620397733638977,-0.4027621313851954,0.43217072536355505,-4.132632223565875
-0.05561927153646008,-0.39895966458316806,0.4001358531853481,1790755979,862744582,0.12200000137090683,0.061957692014286525,-0.40283812925626056,0.4324563650697109,-4.136574745178223
-0.054655523991328434,-0.3989914553412782,0.4004007759478118,1790755979,909926685,0.12099999934434891,0.06195769201428655,-0.4028381292562605,0.4324563650697109,-4.136574745178223
-0.055619271536460214,-0.39895966458316806,0.4001358531853481,1790755979,960226667,0.12200000137090683,0.06195769201428639,-0.4028381292562605,0.4324563650697109,-4.136574745178223
-0.05658301908159182,-0.3989278738250578,0.3998709304228844,1790755980,10441166,0.12300000339746475,0.06195769201428653,-0.40283812925626045,0.43245636506971086,-4.136574745178223
-0.05561927153646013,-0.398959664583168,0.4001358531853481,1790755980,60590481,0.12200000137090683,0.06195769201428653,-0.40283812925626045,0.43245636506971086,-4.136574745178223
-0.05561927153646027,-0.39895966458316806,0.40013585318534817,1790755980,110892083,0.12200000137090683,0.06195769201428639,-0.4028381292562605,0.4324563650697109,-4.136574745178223
-0.05369177644619674,-0.39902324609938844,0.40066569871027546,1790755980,162095475,0.11999999731779099,0.06195769201428655,-0.4028381292562605,0.4324563650697109,-4.136574745178223
-0.054655523991328406,-0.3989914553412783,0.40040077594781176,1790755980,211901585,0.12099999934434891,0.061957692014286525,-0.40283812925626056,0.4324563650697109,-4.136574745178223
-0.05540685030641237,-0.3989197015830094,0.39937534823367715,1790755980,260355728,0.12200000137090683,0.062040502855660186,-0.40285193108555845,0.4321573118854165,-4.1326474043125
-0.05690628029512295,-0.3987760855155003,0.3973465179688233,1790755980,310372682,0.12399999797344208,0.06220487295476681,-0.40287887794559857,0.4315766182194863,-4.125009071496581
-0.05592761724516361,-0.3986036126816937,0.3940721249589939,1790755980,360464376,0.12399999797344208,0.06258238206580738,-0.40293929853380206,0.4303016900808544,-4.10818001708945
-0.05340686756002949,-0.39838642145830977,0.3895039363492363,1790755980,410388579,0.12300000339746475,0.06318871096855061,-0.40303161401264753,0.4283998755909513,-4.082912695915606
-0.05006525897592595,-0.3980805283549797,0.38309538062836046,1790755980,460044615,0.12200000137090683,0.06412003319172466,-0.40316276535861856,0.4257555523829184,-4.047414917665589
-0.047547822013160726,-0.3976055249222956,0.3741670669206673,1790755980,510061762,0.12300000339746475,0.06545589518347072,-0.4033365455365179,0.4223989665125292,-4.0016560699411805
-0.04377484078858526,-0.3971991140876571,0.36590137018134417,1790755980,560303503,0.12300000339746475,0.06691461423680184,-0.40351458365214876,0.41916449275352463,-3.956701918760257
-0.042379045973765864,-0.3966555016152581,0.35659542555302787,1790755980,610366577,0.12600000202655792,0.06847403498850589,-0.4036959245748245,0.41607674527960287,-3.912862765839926
-0.03896498654594652,-0.39624005769044995,0.348555010935577,1790755980,660481613,0.12700000405311584,0.0701009538014209,-0.4038772932408387,0.41317152831916726,-3.870655618560428
-0.03372356818682612,-0.39597989677349316,0.34203485345052265,1790755980,710253612,0.12600000202655792,0.0717696967749829,-0.40405752550118357,0.41045943582066025,-3.830283510470805
-0.027854724822681406,-0.3957247108805843,0.33521878762416313,1790755980,760403455,0.125,0.07369513466250545,-0.40426032385788474,0.40760503873333814,-3.7866222845508934
-0.023685984765405094,-0.39526617810783543,0.32636187669546923,1790755980,810788390,0.12700000405311584,0.07589036439076566,-0.40448740653458454,0.4046467453772363,-3.739895167787816
-0.019357425524128807,-0.3948359477886601,0.31799771335882276,1790755980,860349046,0.1289999932050705,0.07810307977512312,-0.40471355271423287,0.4019315031854297,-3.6954544293943314
-0.014010452002512844,-0.39450607423030815,0.31059682382408016,1790755980,910421592,0.12999999523162842,0.08038204518984253,-0.4049450555925829,0.3993722872254766,-3.651963917153483
-0.006479547361171331,-0.394459054495556,0.305790302426781,1790755980,960235350,0.12800000607967377,0.082674203280084,-0.40517765713748,0.39700829330795495,-3.610162187410033
-0.0023721732285398867,-0.3940257018572917,0.2978586016316961,1790755981,9965599,0.13099999725818634,0.08497732113718208,-0.405411952330624,0.3948195134253466,-3.5698147809133642
0.005320906216767479,-0.3939492564912436,0.2925665224432855,1790755981,60681943,0.12999999523162842,0.08760136802698074,-0.40568039110409454,0.39252803926459345,-3.5255608524873354
0.011733923650753722,-0.3936303180485129,0.285018490846948,1790755981,110279923,0.13199999928474426,0.09044162490152541,-0.4059739398849986,0.39026454813628114,-3.4794052104380984
0.019201529409900636,-0.393537525661558,0.2796957202012835,1790755981,160294080,0.13199999928474426,0.09320369835507084,-0.40626306365222725,0.3882578659309577,-3.435999257961124
0.02543364977661501,-0.3932860040519732,0.2732658148169619,1790755981,211182859,0.1340000033378601,0.09589788489256784,-0.4065490139459605,0.38646866386512957,-3.394864812851868
0.034272228030385765,-0.39346462272620564,0.2703413532413386,1790755981,260433144,0.13199999928474426,0.09877828057443373,-0.40685951132363724,0.38472468225312867,-3.3520212289268505
0.04330390297006149,-0.39359079142996123,0.26664594063365615,1790755981,310233162,0.13099999725818634,0.10195340538379705,-0.407208485714253,0.38298936997388844,-3.305957159189465
0.050353970311493204,-0.39333766957882926,0.25997323680934276,1790755981,360656977,0.1340000033378601,0.10502857711090166,-0.4075536705207314,0.38148288080148207,-3.2623404448187245
0.05710576578620386,-0.39310506397844575,0.2538468137156732,1790755981,410171012,0.13699999451637268,0.10791003932799555,-0.4078839093652525,0.38021734040765864,-3.222235535647743
0.06624579079834929,-0.39345294829593236,0.25250503344390757,1790755981,460373419,0.13500000536441803,0.110972724145393,-0.40824264236582386,0.37901893715050033,-3.1803027633557295
0.07495266939451364,-0.3936297037007333,0.24961694543123567,1790755981,510216937,0.13500000536441803,0.11414783448277807,-0.40862359118538844,0.37792876803614645,-3.1374735321480975
0.08348467672747889,-0.3935240706014392,0.24409929508382247,1790755981,560490678,0.1379999965429306,0.11752914705837579,-0.40903980507806204,0.3769308992651636,-3.0924676316801136
0.09371080206726046,-0.3940372434177896,0.24373893865007734,1790755981,610509381,0.13600000739097595,0.12106174282426493,-0.40948712550486355,0.37606138267809497,-3.045991820679965
0.10333344841049426,-0.3944784130560907,0.24294804904326403,1790755981,660583900,0.13500000536441803,0.124497495131797,-0.409935033929872,0.3753798331660176,-3.0012132644326286
0.11219520689663705,-0.39460710878291116,0.23968183237255125,1790755981,710330593,0.13699999451637268,0.1278122893601303,-0.4103798549796105,0.3748717939459946,-2.9583122263719566
0.12156024074609788,-0.3952408632152561,0.2407535754460431,1790755981,760314305,0.13500000536441803,0.13114436087653245,-0.4108402691441807,0.37450634971402946,-2.9153987387709948
0.13058161901981696,-0.3953387368072667,0.23726793021327583,1790755981,810185990,0.1379999965429306,0.13446502466408566,-0.41131315125778184,0.3742852148507043,-2.8727608508739033
0.13997591231748333,-0.3959529463462779,0.23814318769879622,1790755981,860684611,0.13699999451637268,0.13784878779120066,-0.4118102730533191,0.3742057432695409,-2.8293627128831953
0.1492285737174238,-0.39649119337134836,0.23842637548388318,1790755981,910366350,0.13699999451637268,0.1411914974938539,-0.41231746285919624,0.3742716297158978,-2.7864591824722784
0.15887827932801565,-0.39685852108074293,0.2371505547081565,1790755981,961330537,0.13899999856948853,0.14460347538509646,-0.41285260803672097,0.3744874352506883,-2.742550864702593
0.16806249716045005,-0.3974828993973861,0.2382328065703573,1790755982,10759350,0.13899999856948853,0.14789078766536382,-0.41338605509546983,0.3748387778059009,-2.7000540007188203
0.17689399570224207,-0.39838457507744063,0.24166999069652942,1790755982,60456247,0.13699999451637268,0.15118624249153811,-0.4139394884220072,0.37533432622843826,-2.6571805744157886
0.1862012563982931,-0.39899172270113964,0.2425712930830799,1790755982,110168348,0.1379999965429306,0.15446562572291758,-0.4145101849931083,0.37597304014651894,-2.6141594223027753
0.1943724915972689,-0.3999515599748526,0.24666504433155675,1790755982,160218653,0.13600000739097595,0.15759842547464856,-0.41507533380374223,0.37672249908262917,-2.5726443239987873
0.20283894273309133,-0.40058209250828547,0.24811865289432264,1790755982,210096412,0.13699999451637268,0.16055945432775906,-0.41562873034572656,0.3775599216128361,-2.5329513919846605
0.2116694783749522,-0.40143395913913954,0.2511195660094538,1790755982,260528551,0.13699999451637268,0.16374978288027522,-0.41624753278066084,0.37860783730195663,-2.48959654791164
0.2196501571272142,-0.40269746801946393,0.2574366113782313,1790755982,310232384,0.1340000033378601,0.1670583242069043,-0.41691637526934905,0.3798617831414267,-2.443870681071009
0.22868946645418597,-0.4035504235161227,0.26035838984222703,1790755982,360404578,0.13500000536441803,0.17021153501153194,-0.4175818229235912,0.3812238225070268,-2.3994370487662864
0.2372338076744988,-0.40440318694508703,0.26349287961231677,1790755982,410036271,0.13600000739097595,0.17315556446466918,-0.4182302179049986,0.38265157200326694,-2.3570696083927585
0.2459598410653981,-0.4053364258433561,0.2671745309089875,1790755982,461440505,0.13699999451637268,0.17613781048002825,-0.4189164631068266,0.38426195606790275,-2.3131414145666795
0.2525374203823977,-0.40655336093030564,0.2735162045723516,1790755982,510382474,0.13500000536441803,0.1789081249373397,-0.41958343246064916,0.3859170299099415,-2.271276400914523
0.25951850991467307,-0.40772613803879604,0.2793899871036163,1790755982,560560401,0.1340000033378601,0.181665788676981,-0.4202787042126408,0.38772921256182225,-2.228427835684337
0.2655233430785441,-0.40900958936561016,0.2862662351823471,1790755982,610378964,0.13199999928474426,0.18431671804818278,-0.42098017547673044,0.38964025963001503,-2.1859533320390154
0.27197192064442405,-0.410254684613113,0.2927192357448716,1790755982,661301115,0.13099999725818634,0.1869420910261257,-0.4217109741659783,0.3917125728257524,-2.1424413491295695
0.2778833128277951,-0.4114887474264824,0.29922337184590586,1790755982,710502492,0.12999999523162842,0.18939212014551798,-0.42242988943813414,0.39382569205726425,-2.1003132692029163
0.28569251054711403,-0.4125196357099266,0.3039252029528215,1790755982,760228731,0.13199999928474426,0.19177706591008142,-0.42316897298259315,0.396069007331922,-2.057643199323533
0.2919566052120847,-0.4137676606869155,0.31044983897652667,1790755982,810596630,0.13199999928474426,0.19409402984877996,-0.42392994573060944,0.39844781689150316,-2.01432964838268
0.29609430512945867,-0.4151265620838605,0.31816035475606386,1790755982,860409472,0.12999999523162842,0.1961929394953395,-0.42466194457918593,0.4007968623379389,-1.9732072489692982
0.30125235712518245,-0.4163112975642114,0.32451813689638775,1790755982,910320471,0.12999999523162842,0.1981191636979162,-0.42537559731115115,0.4031399000654692,-1.9335813540700357
0.30568386149982546,-0.41767422991006636,0.33213962163833133,1790755982,960263646,0.1289999932050705,0.20007986265806696,-0.4261507928699512,0.4057394963388036,-1.891009615427181
0.31342514104892155,-0.41888978941206884,0.3382276532585287,1790755983,10057108,0.13199999928474426,0.20203477874466458,-0.4269832504777811,0.40858874254001054,-1.8457977432018062
0.3165283003475161,-0.42041608425656957,0.34710427089874824,1790755983,60606415,0.12999999523162842,0.20382385915672194,-0.42780955950824484,0.41147075456685844,-1.8013800524636767
0.319862774740672,-0.4218236001950903,0.3551756870797057,1790755983,110213034,0.1289999932050705,0.20540042037113915,-0.4286021326877184,0.41428084063113557,-1.759159292886477
0.31833567842927124,-0.4234962133263799,0.36552454590700384,1790755983,160335682,0.12300000339746475,0.20686744670823837,-0.4294100026453527,0.41718556843514654,-1.7164965950408668
0.3264118590110936,-0.42465141676760637,0.3713642657496279,1790755983,210393423,0.12800000607967377,0.20820348554529491,-0.4302232655095127,0.42014680873955523,-1.6738862599387838
0.3275683213757222,-0.42606416258738533,0.3796965816408742,1790755983,260393255,0.12600000202655792,0.20934586080824755,-0.430997426784654,0.42299915930577126,-1.6335771296094679
0.3291823320220375,-0.42737083508593915,0.38731007593114375,1790755983,310540718,0.125,0.2103207103100208,-0.4317372904235529,0.4257528769707932,-1.5952502756685036
0.33183555554022465,-0.4282774581936961,0.3924339614061914,1790755983,360182467,0.12600000202655792,0.21096721590637615,-0.4322836880774124,0.4278005431885473,-1.56707609125027
0.33097670046503674,-0.4289813856905398,0.39668642314442715,1790755983,410292198,0.12399999797344208,0.2113733913266821,-0.43265722883330404,0.42920620355202843,-1.5478780044565457
0.33538744341353954,-0.4292139264615124,0.39767766929294546,1790755983,460617495,0.12800000607967377,0.21158096035456928,-0.43285914210523063,0.42996805039748215,-1.5375178588931098
0.3316245818322146,-0.4293973918880159,0.3990885089132633,1790755983,510453226,0.12399999797344208,0.2116216079144702,-0.4328996703751626,0.4301210691316737,-1.5354405347868145
0.3336113279749835,-0.429374575469669,0.3987831476951375,1790755983,560886976,0.12600000202655792,0.21164103282598465,-0.432919158127725,0.4301946670111291,-1.5344418287277222
0.33167528765169596,-0.42943083879957933,0.3992817442422492,1790755983,610532345,0.12399999797344208,0.21164103282598465,-0.432919158127725,0.4301946670111291,-1.5344418287277222
0.33167528765169596,-0.42943083879957933,0.3992817442422492,1790755983,660424077,0.12399999797344208,0.21164103282598465,-0.432919158127725,0.4301946670111291,-1.5344418287277222
0.3336113279749835,-0.429374575469669,0.3987831476951375,1790755983,710416484,0.12600000202655792,0.21164103282598465,-0.432919158127725,0.4301946670111291,-1.5344418287277222
0.3345793481366273,-0.4293464438047139,0.39853384942158165,1790755983,760533419,0.12700000405311584,0.21164103282598465,-0.432919158127725,0.4301946670111291,-1.5344418287277222
0.3336113279749835,-0.429374575469669,0.3987831476951375,1790755983,810042935,0.12600000202655792,0.21164103282598465,-0.432919158127725,0.4301946670111291,-1.5344418287277222
0.33264330781333973,-0.42940270713462414,0.39903244596869336,1790755983,864136335,0.125,0.21164103282598465,-0.432919158127725,0.4301946670111291,-1.5344418287277222
0.33264330781333973,-0.42940270713462414,0.39903244596869336,1790755983,910790196,0.125,0.21164103282598465,-0.432919158127725,0.4301946670111291,-1.5344418287277222
0.33251051961538713,-0.4293744299976781,0.39852099323302753,1790755983,962564302,0.125,0.2115904413328267,-0.43292743491998237,0.42999655238868895,-1.537057425594099
0.333244535221943,-0.42929681099194716,0.397383456250355,1790755984,10210981,0.12600000202655792,0.21150196288001222,-0.4329417433820241,0.42965513203786443,-1.5415692590721066
0.33342416952162324,-0.4291081726849821,0.3942534226003169,1790755984,60270110,0.12700000405311584,0.2112050893129104,-0.43298874571063056,0.42855267354578597,-1.5561755459305597
0.3339651265356669,-0.4287845545048735,0.3890141488059603,1790755984,110173869,0.1289999932050705,0.21068755815750115,-0.43306637455334507,0.4267673658708331,-1.5799600773740927
0.3272857583485764,-0.42863315890273523,0.3846140201985471,1790755984,160206832,0.12399999797344208,0.20995822060581187,-0.4331672311707659,0.424484944106855,-1.6106297180899674
0.32659594594810504,-0.42817345539262247,0.376843597660457,1790755984,210379220,0.12600000202655792,0.20897654865953025,-0.43329247417820815,0.4217376233079507,-1.6479855541926267
0.3227143904815204,-0.42782873899328505,0.3699380268903034,1790755984,261648964,0.125,0.2078493824073698,-0.4334273035599843,0.4189246168401847,-1.6868006229107495
0.31869568922915287,-0.4275178610762247,0.3634581898798303,1790755984,310486442,0.12399999797344208,0.20665757190517778,-0.43356259216370485,0.4162494864162186,-1.724323008901536
0.31792251184474846,-0.42700978794601413,0.35517814291437233,1790755984,360758581,0.12700000405311584,0.20533739767911136,-0.4337059256667448,0.4135626857097639,-1.7626843449564202
0.31339092318040757,-0.42672733203898333,0.34895653480493477,1790755984,410223182,0.12600000202655792,0.20394894754822415,-0.43385142864114956,0.41098638026677814,-1.8001933682210716
0.3099898672498913,-0.42631927613206455,0.3413153225176355,1790755984,463809478,0.12700000405311584,0.20233059598668468,-0.4340159334166086,0.40824247550662063,-1.8410224264820059
0.3051884472961612,-0.4260917942835707,0.33576065595093274,1790755984,510518987,0.12600000202655792,0.20082458498798153,-0.4341656148766923,0.40589622592681596,-1.8767565549634428
0.3033620051012755,-0.4256119907185372,0.3279531167626709,1790755984,560135273,0.1289999932050705,0.1992062448707824,-0.4343239500182223,0.4035618306974873,-1.9131647647616574
0.29740578008509866,-0.4254919711691642,0.32338976597727764,1790755984,610207439,0.12700000405311584,0.19756070806942194,-0.4344831731192608,0.40135848349378134,-1.9484143306983455
0.29328105421433553,-0.42516280912960575,0.3167554964937341,1790755984,660140161,0.12800000607967377,0.19570847026054022,-0.43466110606094616,0.39905601151265835,-1.9862932778748217
0.2884124635551375,-0.4248275963364188,0.30973881789962365,1790755984,710889080,0.1289999932050705,0.19359491285464017,-0.4348635171639564,0.39662903955436596,-2.0275501800318514
0.2835877892006581,-0.4245249870172145,0.3032551974790903,1790755984,760428541,0.12999999523162842,0.1915181339794988,-0.4350625087803433,0.39442612476828626,-2.0663645395123282
0.27795462116703035,-0.4243293089470888,0.2977998983646958,1790755984,810441355,0.12999999523162842,0.18941393465287842,-0.43526487582475815,0.3923565425991974,-2.104206076975199
0.2740336644888256,-0.4238953272500177,0.29026329030866105,1790755984,860656161,0.13300000131130219,0.18721785544697275,-0.43547744380763176,0.39035260155247353,-2.142327775296999
0.26669885997082776,-0.4239210184095817,0.2867513138458352,1790755984,910099234,0.13099999725818634,0.18497650747873698,-0.4356963409364167,0.3884557786651946,-2.179983074133695
0.26099482732770185,-0.4237042888621049,0.28110058685842926,1790755984,960246011,0.13199999928474426,0.18263540562800312,-0.4359275608961997,0.38662021755737447,-2.2181398357555535
0.25677486862210974,-0.4232247684437353,0.2732100379535437,1790755985,10146650,0.13600000739097595,0.1802413501852756,-0.43616716285128104,0.3848841933925879,-2.2560762557877423
0.24784933514798393,-0.4235342314677105,0.27211343717081976,1790755985,60305076,0.13199999928474426,0.17777198569226643,-0.4364180083474308,0.3832312719128058,-2.2942027035311767
0.24099794973237737,-0.4234919954400489,0.2679787152968688,1790755985,110578678,0.13199999928474426,0.17523716472882583,-0.436679806390377,0.38166952675156623,-2.332410453594814
0.23362864733717262,-0.42358155541131,0.2650382192896137,1790755985,160471446,0.13099999725818634,0.1726828924099768,-0.43694832101927283,0.38022478020355366,-2.370077519558184
0.22798801266408797,-0.4232883460516611,0.2588427703698455,1790755985,210153686,0.1340000033378601,0.17010429364564733,-0.4372245307561361,0.378889672549883,-2.407357217973137
0.22144257036339415,-0.42312080687204634,0.25364718150875715,1790755985,260959752,0.13600000739097595,0.16741446126527892,-0.4375184582149285,0.3776216670831546,-2.4455448964839164
0.21374569392887333,-0.42329875256487726,0.25153015869273826,1790755985,310351186,0.13500000536441803,0.16475199426038695,-0.43781557451256914,0.3764856736639714,-2.4827271583356723
0.20555489998235,-0.42362194141232185,0.25060429467528933,1790755985,360632241,0.13300000131130219,0.16200339144323989,-0.4381290373985557,0.3754314176046447,-2.520551875874754
0.19805847619010533,-0.423760856972616,0.24813002186510216,1790755985,410497796,0.13300000131130219,0.15924319968462514,-0.43845106303622494,0.3744889254074256,-2.558038307320946
0.1903825800381874,-0.4239340933131831,0.2459112007585893,1790755985,460683454,0.13300000131130219,0.15641693523842498,-0.4387886718265325,0.37364012003427055,-2.5959780379262
0.1826877231015015,-0.4241388824379637,0.24399633042158092,1790755985,510222379,0.13300000131130219,0.15358366048691485,-0.43913549926071466,0.37290348837646015,-2.6336284041698383
0.1748337920101091,-0.4243798417826551,0.24235261518680745,1790755985,560532953,0.13300000131130219,0.15069182351724014,-0.43949856950301763,0.37226639343304757,-2.6717266119258505
0.16688089873107834,-0.42476571676767144,0.2420053076578566,1790755985,610366443,0.13199999928474426,0.14781670070490752,-0.43986905486338246,0.3717452218830405,-2.709334848335383
0.15955660225833215,-0.4248301325620995,0.23902859352994757,1790755985,660463360,0.1340000033378601,0.1450267415387464,-0.4402380345459758,0.37134443006689133,-2.745626665005887
0.15239471814583233,-0.4247971989033128,0.23534145395818482,1790755985,710770888,0.13699999451637268,0.14232132858317073,-0.44060512985253575,0.37105304019646296,-2.7806763198403126
0.14440307552095877,-0.4251622418383865,0.23485668116708755,1790755985,760511211,0.13699999451637268,0.139433717935622,-0.4410074718820673,0.3708465067701011,-2.8179825486778185
0.1358973677154165,-0.4259354774379664,0.2376462849930874,1790755985,810125108,0.1340000033378601,0.13635656210861452,-0.4414488427118852,0.3707444650442577,-2.857676505611498
0.12756918584396146,-0.42615960929987795,0.2357989409238228,1790755985,860421183,0.13600000739097595,0.13333566033648817,-0.4418954264673188,0.3707623946449892,-2.896643508289189
0.11954848562275036,-0.42663462126623486,0.23623883406256677,1790755985,910533831,0.13600000739097595,0.13042392468210826,-0.442338985413463,0.3708906063581551,-2.9342570582421854
0.11157084063248811,-0.4271427717912187,0.23697603871351208,1790755985,960625877,0.13600000739097595,0.12752784926295282,-0.4427936175544042,0.37112680059286096,-2.9717755998848263
0.10384070005460015,-0.42792100725803484,0.23998727275948534,1790755986,11427407,0.1340000033378601,0.12460906966514713,-0.4432661886959631,0.3714756795674746,-3.009751272288126
0.0962956408274057,-0.4286036668682536,0.24226643982540225,1790755986,60876488,0.13300000131130219,0.12177392478564697,-0.44373985886689044,0.3719227280922272,-3.0468508646102026
0.08811862723772215,-0.4289847547391851,0.241930597144163,1790755986,110652515,0.13500000536441803,0.11893118350265784,-0.44423019637236144,0.37248006797504185,-3.084315603119523
0.0812651715120663,-0.4299557483562453,0.24668645630339062,1790755986,160012282,0.13199999928474426,0.11614234794806254,-0.4447271886603422,0.37313560389390377,-3.121386979933458
0.07340312290505996,-0.4305183543090214,0.24790105658145953,1790755986,210130217,0.13300000131130219,0.11334477321441616,-0.4452426787614519,0.37390446601466115,-3.1589508318941775
0.06630548483888382,-0.43132756465126754,0.2512655155991514,1790755986,260063430,0.13199999928474426,0.11060780954186081,-0.44576455343741356,0.3747680548114007,-3.1961306868075896
0.05934266372945971,-0.43216876048257313,0.2548899201553288,1790755986,310531125,0.13099999725818634,0.10789470180293009,-0.4463002696882029,0.37573692809565107,-3.2334735965874115
0.051429228968284696,-0.43270977985333214,0.25599413346578115,1790755986,360131679,0.13300000131130219,0.10525387673300787,-0.44684061775451145,0.3767924242733106,-3.270358973148433
0.04468430404412293,-0.4336158571983475,0.26015820643783505,1790755986,410391291,0.13199999928474426,0.10260877457747891,-0.4474020379438103,0.37796608709552404,-3.3079130150400813
0.038644050186561224,-0.43464704115137387,0.26541170355115007,1790755986,460442819,0.12999999523162842,0.10002475116058515,-0.4479716398283634,0.3792311367699903,-3.345272712280302
0.03283971291969276,-0.43570395467623413,0.27086894141823886,1790755986,510788430,0.12800000607967377,0.09747940229535956,-0.44855496811707984,0.3805984432277205,-3.382814369798071
0.025767959277722186,-0.4364773710594916,0.273945059687302,1790755986,560589929,0.1289999932050705,0.09501467114680819,-0.44914281131347017,0.38204444805467863,-3.4199661938616446
0.02110090052542178,-0.4376602763197833,0.2805424748792982,1790755986,610026447,0.12600000202655792,0.09262377810062572,-0.4497367722017764,0.3835698340673662,-3.4568600542562153
0.014270149224972842,-0.4384990875126831,0.28414095188206423,1790755986,660317234,0.12700000405311584,0.09025000824701379,-0.4503519950083893,0.3852130580062588,-3.4944392310828785
0.010127981227902316,-0.4397222967215772,0.2910570467525355,1790755986,710003928,0.12399999797344208,0.08796631422682456,-0.4509704670515907,0.3869250397303252,-3.531612376117282
0.0032045993703445214,-0.44048889663241997,0.2941752145594151,1790755986,760417947,0.12600000202655792,0.085807510241274,-0.451581856671671,0.3886723354886236,-3.567804121541012
-0.001366962135958008,-0.44150224691209194,0.2995486388157438,1790755986,810584984,0.125,0.08380676429647398,-0.45217438612599414,0.3904141535626065,-3.6023897201740964
-0.005379794259149195,-0.44268385360715695,0.30611472454594724,1790755986,860616762,0.12300000339746475,0.08172874385933879,-0.45281942361790906,0.3923607310807046,-3.639531818345847
-0.010136793679786524,-0.44386135281332567,0.312430403239423,1790755986,910472520,0.12200000137090683,0.07960540665772213,-0.45351389199412206,0.39451064629734117,-3.67896989530981
-0.016713673297189008,-0.44478945442915335,0.31675823057575037,1790755986,960140908,0.12399999797344208,0.07764141908184632,-0.4541927707409853,0.396662508821017,-3.717014082150791
-0.019159205523091943,-0.44609602489733663,0.3243652906039822,1790755987,10513103,0.12099999934434891,0.07579512478811087,-0.4548680430760152,0.3988483537361893,-3.754396300960073
-0.024447345490105424,-0.44711897619526725,0.32958769333686544,1790755987,60588076,0.12200000137090683,0.0740454684886897,-0.45554660694153043,0.40108693087856495,-3.7915339574904277
-0.027890880988828984,-0.44829702097177093,0.3361338786113155,1790755987,110599918,0.12099999934434891,0.07238556904745709,-0.45623121534100325,0.4033847668520213,-3.8286027719597473
-0.03281874330281424,-0.4493781012773358,0.34181130964858947,1790755987,161048123,0.12200000137090683,0.07079297276292118,-0.45693256052224557,0.40577647809151385,-3.866195422403263
-0.03663025854974784,-0.4505277375986531,0.3481144888086984,1790755987,210626510,0.12200000137090683,0.06931209596008663,-0.45763178460006254,0.40819568696265995,-3.903320399621766
-0.038404665502250704,-0.4517943128325543,0.35542944739281057,1790755987,260174713,0.11999999731779099,0.06793383988121805,-0.45833231193216617,0.41065060454161817,-3.940184336761016
-0.041686674208462976,-0.4529631537765102,0.3619062414756758,1790755987,310185111,0.11999999731779099,0.06664523807428777,-0.4590410002558808,0.41316300609855705,-3.9771713248363043
-0.043703849277679827,-0.4541506137751646,0.36866259843125393,1790755987,360191972,0.11900000274181366,0.06549237094105223,-0.45972942982987997,0.41563134286754344,-4.0128714940106915
-0.04538084386242043,-0.455305643068734,0.3752514174887185,1790755987,410330499,0.11800000071525574,0.06446211818418197,-0.4604000478785752,0.41805995515660055,-4.047455287557482
-0.047642963203496605,-0.4563689285979431,0.3812152818159919,1790755987,460269879,0.11800000071525574,0.06356328716505572,-0.46104189993380346,0.4203986122852288,-4.0803124773105415
-0.04771724806808014,-0.4574687671732485,0.3875992123647108,1790755987,510442333,0.11599999666213989,0.06277620596134906,-0.4616609097046318,0.42266517568043116,-4.1117897306477085
-0.04797791875629383,-0.45819592268420795,0.3917781536753225,1790755987,560535583,0.11500000208616257,0.06228591596382198,-0.4620805783441344,0.4242095687390563,-4.133052729270386
-0.04764299807891493,-0.45860698720746257,0.3941767005915707,1790755987,610118035,0.11400000005960464,0.06203233038368062,-0.4623102071683491,0.42505725275847545,-4.144665107269779
-0.047949246027570426,-0.45879826507122595,0.39525062188617593,1790755987,661537233,0.11400000005960464,0.06190781472170596,-0.462426558091684,0.42548738273910713,-4.150542424388576
-0.04892583047995286,-0.458774588481059,0.39503124335599515,1790755987,710512740,0.11500000208616257,0.06190258349078814,-0.4624314986736606,0.4255056612239497,-4.150791797191621
-0.05182344247499382,-0.45868323244958514,0.3942591198174442,1790755987,760336841,0.11800000071525574,0.061900017688712755,-0.4624339235798317,0.4255146328229876,-4.150914192199707
-0.04604089633060651,-0.45887394546959676,0.39584838245473014,1790755987,810731814,0.1120000034570694,0.061900017688712755,-0.4624339235798317,0.4255146328229876,-4.150914192199707
-0.05182344247499382,-0.45868323244958514,0.3942591198174442,1790755987,860264424,0.11800000071525574,0.061900017688712755,-0.4624339235798317,0.4255146328229876,-4.150914192199707
-0.04796840931854973,-0.4588103745418664,0.3953186289001312,1790755987,910280294,0.11400000005960464,0.061900017688712755,-0.4624339235798317,0.4255146328229876,-4.150914192199707
-0.049895922306492965,-0.45874680361413606,0.39478887534553225,1790755987,961446723,0.11599999666213989,0.061900017688712755,-0.4624339235798317,0.4255146328229876,-4.150914192199707
-0.049895922306492965,-0.45874680361413606,0.39478887534553225,1790755988,12108734,0.11599999666213989,0.061900017688712755,-0.4624339235798317,0.4255146328229876,-4.150914192199707
-0.04780031868259863,-0.45877762370378,0.39471671429166255,1790755988,60773100,0.11400000005960464,0.06196832679796168,-0.4624425742644625,0.425268516535404,-4.147625781209192
-0.048434837261945037,-0.4586823783059227,0.39329398599656795,1790755988,110494368,0.11500000208616257,0.06210105597811826,-0.46245918080746684,0.4247987879845674,-4.141341468006788
-0.04763100809412763,-0.45853462153874197,0.39057534226901197,1790755988,160102154,0.11500000208616257,0.062425873010525317,-0.46249903639607576,0.4236928122232919,-4.126501850412308
-0.04533903090295632,-0.45834276115233297,0.3866420792129253,1790755988,210315108,0.11400000005960464,0.06296782110093788,-0.46256288214945235,0.42196652402620005,-4.103209028165155
-0.04535216142840996,-0.4579748511299974,0.3805607079378528,1790755988,260596322,0.11599999666213989,0.06372543987429131,-0.46264696720325654,0.4197557006162984,-4.07312309645824
-0.041924869049087335,-0.4576722210032021,0.3743994344063393,1790755988,310784979,0.11500000208616257,0.0647284013548298,-0.46275200034596276,0.41711098125019874,-4.036709198074172
-0.04102046000228429,-0.45724334113953224,0.36715770855795016,1790755988,360987767,0.11699999868869781,0.06582901181914777,-0.4628622473939109,0.4144928747363929,-4.000146633393862
-0.038048247638686736,-0.45691744973570136,0.36080274168880433,1790755988,410698016,0.11699999868869781,0.06701391169255327,-0.46297687721435615,0.4119322410843916,-3.963820810790698
-0.03493121687935041,-0.4566122234291349,0.3547105048560213,1790755988,461025442,0.11699999868869781,0.06825610254590457,-0.46309370480126577,0.4094769836748061,-3.928390169735671
-0.03091040985824732,-0.45639353529910687,0.34952743083271776,1790755988,510525247,0.11599999666213989,0.06951308546088356,-0.4632095264275533,0.40718732225164,-3.8947522958247522
-0.02981654415689343,-0.45592211023219953,0.34190483953880935,1790755988,560590339,0.11900000274181366,0.0709687009748702,-0.46334154132496463,0.40474023608042187,-3.8580720884504784
-0.026477617727902206,-0.4555601140291693,0.3349783380111612,1790755988,610453987,0.11999999731779099,0.0726110087525782,-0.4634888524317111,0.402198711156702,-3.819078294228079
-0.02218183875074936,-0.4552879447798132,0.3289268089989841,1790755988,660452459,0.11999999731779099,0.07429643969779108,-0.4636391110945711,0.39979428507270204,-3.781227318047981
-0.01705024792294521,-0.4551169573129263,0.3238720350550454,1790755988,710162894,0.11900000274181366,0.076003016473313,-0.46379101034213704,0.3975392017020542,-3.7447595585852973
-0.015491359796094173,-0.4545875817894872,0.31572189227665476,1790755988,760583968,0.12300000339746475,0.07781438120937258,-0.46395255273920155,0.3953167215704481,-3.7077756100289987
-0.008441947455489068,-0.45460991556095487,0.31229336727985235,1790755988,810565051,0.11999999731779099,0.0796873639354766,-0.4641204481860147,0.39318078038728044,-3.671118760291045
-0.004198653196103089,-0.4543426620725098,0.3064118692076202,1790755988,860407681,0.12099999934434891,0.08163058903601106,-0.46429599365591284,0.3911188477252391,-3.634545857102988
-0.0010990594694469807,-0.45392103896144814,0.2992238428678359,1790755988,910114208,0.12399999797344208,0.0836409647748058,-0.4644794459098481,0.38913295158997296,-3.598056132549905
0.004998214671813744,-0.4538556918579011,0.29504716274983284,1790755988,960270328,0.12300000339746475,0.08573339541682815,-0.46467270658423426,0.3872091051027178,-3.561338852028419
0.009971964242316875,-0.45363758940968624,0.2895600453413137,1790755989,10695015,0.12399999797344208,0.08789859811986134,-0.46487549945576084,0.3853574806291392,-3.524523057677652
0.013860844684533108,-0.4532540159213418,0.28272806708170617,1790755989,60135133,0.12700000405311584,0.09008664062889533,-0.4650836260030602,0.38361755804808184,-3.488382966778363
0.02218480586377687,-0.45354771656463105,0.2816074056799987,1790755989,110431393,0.12300000339746475,0.09237588787771077,-0.46530508289467065,0.38192678156756493,-3.4515752904526447
0.02765712406840111,-0.4533969264854004,0.27673106814831017,1790755989,160130957,0.12399999797344208,0.09469988549910349,-0.46553407143741526,0.3803358814996856,-3.415133157670747
0.03134928640423565,-0.45286703504226294,0.26858360489233435,1790755989,210189402,0.1289999932050705,0.09709990107273737,-0.4657751960004574,0.37881624206617587,-3.3783592416599024
0.03886381127086365,-0.4530582833525134,0.266579492307325,1790755989,260476754,0.12700000405311584,0.09956116895970386,-0.466027611031598,0.3773794396838331,-3.341445994452756
0.04539527867856526,-0.45307691962743246,0.2631516722909636,1790755989,310102253,0.12700000405311584,0.10203618879284106,-0.46628690710734316,0.3760512053356072,-3.305045656753872
0.0517142257862433,-0.4530181946400785,0.2590174886207834,1790755989,360286078,0.12800000607967377,0.1045872273644288,-0.4665601295429466,0.37479772553363566,-3.2681923005118043
0.05745753862184203,-0.45277021956338004,0.2532608287795727,1790755989,410453458,0.13099999725818634,0.10718241122338656,-0.46684452721546954,0.37363669924587223,-3.2313090941788336
0.06557524941586843,-0.4531962397177029,0.25327140825818134,1790755989,460537467,0.12800000607967377,0.10981417205334447,-0.4671398175319498,0.3725714330612382,-3.194455230339158
0.07268257741245973,-0.4533304833233431,0.25076831163242613,1790755989,510829282,0.12800000607967377,0.11249430683899954,-0.46744791968891153,0.37159763649575817,-3.157418375849462
0.07924650935157583,-0.4533750390874633,0.24767402004520445,1790755989,560575930,0.1289999932050705,0.1150742517431731,-0.4677517822058017,0.37076212011722154,-3.122174914054797
0.08570569653591605,-0.4534386977045134,0.2448616405793131,1790755989,610443207,0.12999999523162842,0.11759022554737629,-0.468055225593548,0.3700404434271189,-3.088138610728581
0.09303732997522887,-0.4537639492253871,0.24412807972930306,1790755989,660583310,0.1289999932050705,0.12024957385936118,-0.468383877340234,0.36937483510290725,-3.0524683032202224
0.09948104481952037,-0.45344186525215197,0.2377580489767544,1790755989,710137947,0.1340000033378601,0.12299698136255167,-0.4687322635603353,0.36878936333568063,-3.0158925320238548
0.10794605248334019,-0.45419139920802315,0.2403944411855953,1790755989,760564476,0.12999999523162842,0.12589621058597653,-0.46911009981071583,0.36828198145688595,-2.9775418947158747
0.11578988292809474,-0.45440978896316864,0.23840924086497134,1790755989,810499938,0.13099999725818634,0.12886283165402126,-0.4695079893000735,0.36787793067003893,-2.9385005190565474
0.12332558649494527,-0.45475593105203743,0.23774691160859976,1790755989,860660198,0.13099999725818634,0.13166358900209116,-0.4698945300310691,0.3676018299474433,-2.9017742179087773
0.1303346894801535,-0.455105710656744,0.23737546682861305,1790755989,910339188,0.13099999725818634,0.1342686750979421,-0.47026397172823975,0.36743603026000926,-2.8676856905510304
0.1376687222266113,-0.4556167958572163,0.23823116561053126,1790755989,960452438,0.12999999523162842,0.1369965054463325,-0.4706614972431896,0.3673559263848716,-2.8320212524624004
0.14527214592162951,-0.4558240807077781,0.2363720146896028,1790755990,10415531,0.13199999928474426,0.139805169455493,-0.471082709120908,0.3673731071981816,-2.795285964477822
0.15322736913672433,-0.45619854430243734,0.23580360381802837,1790755990,60414660,0.13300000131130219,0.14271862113445574,-0.47153301125047803,0.36749802544495475,-2.7571145463446642
0.16158534222982524,-0.4565096095673008,0.23457616150386373,1790755990,110180234,0.13500000536441803,0.14570894055707576,-0.4720100841883429,0.36774025803457594,-2.7178086614410444
0.1689813600686355,-0.4572830040988653,0.23753859573598268,1790755990,160455466,0.13300000131130219,0.1485182496988329,-0.47247276533895644,0.36807415647047637,-2.680710682755238
0.17586964700902016,-0.45793265304765374,0.2396860731530644,1790755990,210693689,0.13199999928474426,0.15112311198658848,-0.4729150121746171,0.36847713546154426,-2.6461174116302804
0.183338062594451,-0.4585351504581536,0.24119358067389077,1790755990,260848504,0.13199999928474426,0.15388572153411562,-0.47339875885795774,0.36900450572560706,-2.6091745016430585
0.19139512454531066,-0.4590920796531033,0.24211259815929323,1790755990,310719633,0.13300000131130219,0.15676966221816482,-0.47392087590927273,0.3696672315876043,-2.570268357912059
0.19862841219072858,-0.45988580495000264,0.24517811498068287,1790755990,360426021,0.13199999928474426,0.15954149126461412,-0.4744403074365863,0.3704154052781665,-2.532485751057438
0.20684118478744387,-0.4602551664718026,0.2446841259399951,1790755990,410121567,0.13500000536441803,0.16221249871888999,-0.47495828753508973,0.37124280821500016,-2.4956540357823545
0.21308683659831257,-0.46131967286106723,0.2501149482514802,1790755990,460730531,0.13199999928474426,0.164889586264717,-0.47549583661183603,0.3721807553096592,-2.458255774150937
0.2208871631884814,-0.46186235697004296,0.25111898264569876,1790755990,510553929,0.1340000033378601,0.1674800253061325,-0.47603478821985984,0.3731960923355645,-2.421540019774309
0.22700404630164606,-0.4628597636583072,0.2560262255736676,1790755990,560385549,0.13199999928474426,0.17003749095386944,-0.47658641465399393,0.37430720644305254,-2.3847099327085717
0.2347663882784085,-0.4634752837596965,0.2576187672133085,1790755990,610376512,0.1340000033378601,0.17256531996345884,-0.47715224648405635,0.3755168956363753,-2.347660479748938
0.24050428282697003,-0.46452288355943017,0.2629545890776501,1790755990,660040178,0.13199999928474426,0.17503114153458946,-0.4777255758834881,0.37680956918777403,-2.3108180364897795
0.2465879909598404,-0.46550324638234625,0.2676621198950978,1790755990,710294021,0.13099999725818634,0.17747662090379732,-0.4783168797589493,0.3782081673609005,-2.273502919227498
0.2524275581041588,-0.4665020809415803,0.27254655151642376,1790755990,760549197,0.12999999523162842,0.17985448810977342,-0.4789155603789368,0.37968689779209985,-2.236377488916744
0.2597405779528012,-0.46723222975196005,0.27515455615599765,1790755990,810439068,0.13199999928474426,0.18214650422911585,-0.47951694419960816,0.38123115736981633,-2.1996998470474485
0.2664667133220201,-0.46810036842546815,0.27890466553695525,1790755990,860726003,0.13300000131130219,0.18440621783692307,-0.4801356210772388,0.3828769124259919,-2.16256582222557
0.2691477339559125,-0.46951645691513416,0.28742466324019067,1790755990,910313039,0.12800000607967377,0.18658049071441238,-0.4807576828533714,0.38458580124969,-2.125795945083879
0.2761562846791441,-0.4703469971446681,0.2908332143282669,1790755990,960502179,0.12999999523162842,0.18871604910916676,-0.4813972406511779,0.38639521557424916,-2.088546697187733
0.2816859518106189,-0.47137700765919616,0.2959633828777757,1790755991,10644864,0.12999999523162842,0.19078106657842822,-0.4820458809175708,0.3882806388191347,-2.0513010124859394
0.2863983737174153,-0.47253020295152987,0.3020816856384456,1790755991,61703107,0.1289999932050705,0.19281185815743068,-0.48271649489146434,0.3902792015261588,-2.013316757095403
0.2906398113122345,-0.473654519590886,0.30810791163802304,1790755991,110583725,0.12800000607967377,0.19468477552529348,-0.4833676938405783,0.39226423587761006,-1.976902466017592
0.2947371653362909,-0.4748162645158589,0.3143749557174979,1790755991,160530633,0.12700000405311584,0.1965214403622464,-0.48404123166440677,0.39435978164356034,-1.9396921063468455
0.3001537874617507,-0.47584948171172764,0.3195363829453391,1790755991,210320836,0.12800000607967377,0.19827230464551526,-0.48472049203089457,0.39651345869831167,-1.902596631924456
0.303772779778617,-0.47704336734524916,0.32607885151279115,1790755991,260315299,0.12700000405311584,0.19994523254302896,-0.4854090258293402,0.3987345961078383,-1.8654030429287127
0.304610771803613,-0.47843533890137435,0.33434211027275257,1790755991,310367799,0.12300000339746475,0.20153293981601605,-0.4861045460365169,0.4010140282774969,-1.82821689432858
0.3101823873971725,-0.47945519497781486,0.3393949897592454,1790755991,360235113,0.125,0.20302362374411295,-0.4868019391762601,0.40333265254128914,-1.79128857305719
0.31210799485387014,-0.48072913203024953,0.3466452866507014,1790755991,410394512,0.12300000339746475,0.20443043497148072,-0.48750761825559713,0.4057096249441552,-1.7542567101530893
0.3128927286631864,-0.4820741965966817,0.3544505150853079,1790755991,461116940,0.11999999731779099,0.2057685383835604,-0.4882313207401654,0.4081766449988431,-1.7165993512062936
0.31508591603665953,-0.48328892785538397,0.3612054232949522,1790755991,510461123,0.11900000274181366,0.20698501976177483,-0.48894453427278967,0.4106342710781008,-1.6797771119582765
0.32068055917403027,-0.484322025677079,0.3664106500835512,1790755991,561216403,0.12200000137090683,0.20809848021359645,-0.48965551969465243,0.41311000417986,-1.6432979707563744
0.32409783587430113,-0.48539739526045395,0.37221492753577823,1790755991,610658013,0.12300000339746475,0.20906095417199044,-0.4903277683233998,0.41547239053865315,-1.608994934676947
0.327294069938823,-0.48647414835251784,0.378070930962696,1790755991,660533661,0.12399999797344208,0.2099282897627222,-0.490995058910036,0.4178306405793387,-1.5751804799993487
0.3283334782751493,-0.48760183700204285,0.38446464184145845,1790755991,710104095,0.12300000339746475,0.210693160373855,-0.4916479784284975,0.4201491648089283,-1.5423024067883548
0.33055493327295005,-0.48833176760745545,0.3884409310193269,1790755991,760226225,0.12399999797344208,0.21117748881342313,-0.49210200654842934,0.4217697556318778,-1.5195152272986496
0.33025471606920875,-0.488789065445763,0.39109877586037584,1790755991,810143345,0.12300000339746475,0.21143221524365394,-0.49235653744222746,0.42268179783250215,-1.506755497168299
0.32865147951410395,-0.48906786934088686,0.39284434278839625,1790755991,860389262,0.12099999934434891,0.21155987038763238,-0.4924890085616077,0.4231568933234219,-1.5001254403592066
0.32869331378941924,-0.48909650666726806,0.39300349662392225,1790755991,910469586,0.12099999934434891,0.21157610009800448,-0.49250623227090795,0.4232182590721001,-1.4992695560574827
0.32774524131862787,-0.48913832621362713,0.3933288792702548,1790755991,961349181,0.11999999731779099,0.2115838360954035,-0.4925144627432251,0.42324758570902343,-1.4988605976104736
0.3296812687057521,-0.48908205715617714,0.39283023314126314,1790755992,10364290,0.12200000137090683,0.2115838360954035,-0.4925144627432251,0.42324758570902343,-1.4988605976104736
0.32871325501219,-0.4891101916849021,0.39307955620575896,1790755992,59999520,0.12099999934434891,0.2115838360954035,-0.4925144627432251,0.42324758570902343,-1.4988605976104736
0.3296812687057521,-0.48908205715617714,0.39283023314126314,1790755992,110336160,0.12200000137090683,0.2115838360954035,-0.4925144627432251,0.42324758570902343,-1.4988605976104736
0.33064928239931424,-0.4890539226274522,0.3925809100767673,1790755992,160288827,0.12300000339746475,0.2115838360954035,-0.4925144627432251,0.42324758570902343,-1.4988605976104736
0.3296812687057521,-0.48908205715617714,0.39283023314126314,1790755992,210267549,0.12200000137090683,0.2115838360954035,-0.4925144627432251,0.42324758570902343,-1.4988605976104736
0.3296812687057521,-0.48908205715617714,0.39283023314126314,1790755992,264331838,0.12200000137090683,0.2115838360954035,-0.4925144627432251,0.42324758570902343,-1.4988605976104736
0.3296812687057521,-0.48908205715617714,0.39283023314126314,1790755992,310675930,0.12200000137090683,0.2115838360954035,-0.4925144627432251,0.42324758570902343,-1.4988605976104736
0.3314667465732709,-0.48899094643374846,0.39175317075230104,1790755992,365286933,0.12399999797344208,0.21152621208236247,-0.4925209166493606,0.42302307631221164,-1.5017736160164006
0.3312357887516292,-0.48893835203076486,0.3908792097339851,1790755992,410177114,0.12399999797344208,0.2114377935214527,-0.4925307185397314,0.4226838436590833,-1.5061792954538196
0.32945979454471064,-0.48879166417120834,0.3881891773233621,1790755992,460338114,0.12300000339746475,0.21112609372132302,-0.49256477212928285,0.4215343380150435,-1.521145076782
0.32900212704090914,-0.4884759990023397,0.3831314232931675,1790755992,510264513,0.12399999797344208,0.21058203132216285,-0.49262155578494743,0.4196758453892794,-1.5454746160230644
0.3269895489388962,-0.4881126135613264,0.3769938076634977,1790755992,560458634,0.12399999797344208,0.20981011966601196,-0.4926964564365121,0.4172923093377582,-1.5769495921398942
0.3224444582533798,-0.4877674223427713,0.3704208118075181,1790755992,610309300,0.12200000137090683,0.2087806635621849,-0.49278994911214746,0.4144584813161338,-1.6148199660402534
0.32039818288049765,-0.48731188184089624,0.36283824524885117,1790755992,660439134,0.12300000339746475,0.2076309240704978,-0.4928898480257866,0.41163816809197734,-1.6530627687682764
0.31621651302248743,-0.4869586924447571,0.35612094094922914,1790755992,710714644,0.12200000137090683,0.2063632864619627,-0.4929964422530459,0.4088448873682502,-1.6915667730099821
0.3117620840298331,-0.4866262919450693,0.34955028444015285,1790755992,760477328,0.12099999934434891,0.20497590615368683,-0.4931103219391764,0.4060805366151786,-1.7303820689586649
0.3069819801303393,-0.48631115248102125,0.3430428748907872,1790755992,810402365,0.11999999731779099,0.20344618825921537,-0.49323391140235945,0.4033123909565911,-1.7700630550909686
0.3053427339490069,-0.4857775188422117,0.33463961410018345,1790755992,860698385,0.12300000339746475,0.20181179801840118,-0.4933650382494335,0.40061518299014587,-1.8096307813400894
0.3017609652295027,-0.48537929528097723,0.3274929138761743,1790755992,910370106,0.12399999797344208,0.20011019496851554,-0.4935014033751197,0.3980418455680767,-1.848334849032227
0.2970676124836872,-0.485063111615019,0.32104409656232696,1790755992,960255458,0.12399999797344208,0.19830482075380906,-0.4936466768929087,0.3955305575754169,-1.8871370996912775
0.29284097685618915,-0.48469348259280665,0.31408735375826813,1790755993,10747950,0.125,0.19638213300564683,-0.4938026262494262,0.39306655953333125,-1.9263460308388436
0.2861439483036614,-0.4845733472231797,0.3093348083161935,1790755993,60494338,0.12300000339746475,0.194389840266957,-0.49396609667452046,0.39071023920236114,-1.9650575712608345
0.28288025479304735,-0.48409123651773656,0.30141876600156053,1790755993,110443310,0.12600000202655792,0.1922943826904142,-0.4941404688326385,0.38841999137212135,-2.0040011930061468
0.27855736744051796,-0.4836994461652676,0.2942991722530419,1790755993,160093578,0.12800000607967377,0.19012161455043944,-0.4943243193927865,0.3862243115570465,-2.0427554123854375
0.272504985876344,-0.48349221765527944,0.2887292945584482,1790755993,210253486,0.12800000607967377,0.18783884409487206,-0.49452110668389176,0.38409181129867886,-2.0819481748119153
0.2655994857949066,-0.4834029817655639,0.2841706907129792,1790755993,260402635,0.12700000405311584,0.1854722998424067,-0.49472936775427595,0.3820499432707079,-2.1211657707370377
0.2603844864962621,-0.4830739957285171,0.277556620474239,1790755993,310226672,0.1289999932050705,0.18304126573174961,-0.4949480383370368,0.3801140753998131,-2.1601594707065903
0.2536425309805163,-0.48295307345792127,0.27269603419032423,1790755993,360550293,0.1289999932050705,0.1805107305461101,-0.4951810782830668,0.3782574566424996,-2.199546299130516
0.24514523930927662,-0.48315686790380563,0.2706506289436013,1790755993,410618830,0.12600000202655792,0.17792205066555158,-0.49542539538002206,0.376511512431451,-2.238735708780402
0.2407152599151647,-0.48261003423285165,0.2621458976945222,1790755993,460471913,0.13099999725818634,0.17528360420577577,-0.49568089540563365,0.3748794344126376,-2.2776818717717595
0.2339302739588849,-0.48248158379085454,0.2572525239632558,1790755993,510321339,0.13199999928474426,0.17258859242685473,-0.49594881434455684,0.3733552010177015,-2.3165577182603636
0.22629675148853273,-0.4825905989487034,0.25451904807317643,1790755993,560246459,0.13099999725818634,0.16992365122558142,-0.4962208762421289,0.3719809073692577,-2.3542140967303085
0.2192200762077923,-0.48262862329537415,0.25128004230823364,1790755993,610251173,0.13099999725818634,0.16729299109750678,-0.4964966355488716,0.37074658720566855,-2.390716655558758
0.21078108902030876,-0.48291960591573385,0.2499526251572834,1790755993,660304098,0.1289999932050705,0.16442319205793646,-0.49680592595791284,0.3695315269410867,-2.4298767514742012
0.20281944917946565,-0.48293455436496147,0.2459891331394985,1790755993,710439793,0.12999999523162842,0.16131508079117943,-0.4971510090062116,0.3683626538960172,-2.4716142275991366
0.1941854035190934,-0.4833127608316162,0.24532315521525372,1790755993,759925329,0.12800000607967377,0.1582994699971451,-0.4974962818861191,0.3673683479192324,-2.5115383568108287
0.18613327968083027,-0.4835098083211003,0.2431102108508938,1790755993,810699535,0.12800000607967377,0.15526252221428422,-0.4978547996662781,0.36650072553150037,-2.551264842939489
0.17813106740807394,-0.4837414118906044,0.24125124276611765,1790755993,860416470,0.12800000607967377,0.15224440242353565,-0.498222217826201,0.3657670585961976,-2.5903467423869113
0.16994399151167341,-0.48401494283858826,0.23969066391316005,1790755993,910636332,0.12800000607967377,0.14915649987831398,-0.49860998517693855,0.36514530307461673,-2.629996146636986
0.16191818019840112,-0.48420928227288573,0.23748699774928458,1790755993,960351433,0.1289999932050705,0.14608316739414492,-0.49900841153801634,0.3646531740281648,-2.6691938013506653
0.15368571087437527,-0.48455653109608693,0.23658968693119642,1790755994,10144479,0.1289999932050705,0.14299319412877934,-0.4994220077572921,0.3642834061823348,-2.7084040487048346
0.14554219888819775,-0.48448319536245615,0.23204851052883288,1790755994,60348850,0.13300000131130219,0.1398726538713492,-0.4998535831880998,0.36403566060867065,-2.747866406967646
0.13709522530373972,-0.48548676417242254,0.23677354887749097,1790755994,110305146,0.12800000607967377,0.1367671667669273,-0.5002975179615826,0.3639133754708517,-2.7870666049190085
0.12909894402136507,-0.4858196535722819,0.23586348793711398,1790755994,160233665,0.1289999932050705,0.13376491096170323,-0.5007410539406154,0.3639126144880897,-2.8249552652369965
0.12160859200476157,-0.4867539696067895,0.24020282085621808,1790755994,210498453,0.125,0.1308426173888851,-0.5011870195584822,0.36402293167953026,-2.8618815450877726
0.11318357726286467,-0.4869469443454951,0.23794713141970775,1790755994,260322684,0.12800000607967377,0.1277487214941509,-0.5016753587603474,0.3642599650461557,-2.9010870055607807
0.10458569858736619,-0.4876826518044944,0.24005775249434375,1790755994,310651574,0.12700000405311584,0.12444693949594506,-0.502215674466704,0.36465038225775526,-2.943122201364674
0.09610762509528625,-0.4882042161829627,0.24050636738052783,1790755994,360141489,0.12800000607967377,0.12130830846083122,-0.5027488692026746,0.3651553953865346,-2.983341448139457
0.08770676533345775,-0.48876033321729623,0.24128856376780722,1790755994,410386620,0.1289999932050705,0.1182290560427602,-0.5032917408930228,0.3657804358226803,-3.0231205734348308
0.08071060343127744,-0.4899132224665653,0.24718683403911532,1790755994,460589852,0.125,0.11518902615558112,-0.5038482386739437,0.36652690982987524,-3.062779415233561
0.07262290032847568,-0.49053579289061994,0.2485752097655014,1790755994,510392824,0.12600000202655792,0.11221365778820858,-0.5044140078232651,0.36738584727216794,-3.1020422618513224
0.06555631224830613,-0.49153061275614324,0.25311012089842166,1790755994,560508889,0.12399999797344208,0.10925375648034383,-0.5049992219408562,0.36837125672325666,-3.1416230961797025
0.057909249415797066,-0.492349416262012,0.25609464932953624,1790755994,610992446,0.12399999797344208,0.1063122730210157,-0.5056045891919116,0.3694853332232527,-3.1815609876485054
0.05123269970444265,-0.49326172796595047,0.26009501611760566,1790755994,660412538,0.12300000339746475,0.10358041099642112,-0.5061898534813148,0.3706462781136905,-3.219278522662489
0.043535903185105806,-0.4938728443280187,0.26160307875738587,1790755994,710309574,0.125,0.10096023849352481,-0.5067738083400037,0.3718800520652697,-3.256105496669264
0.036529185795460536,-0.49476300082492813,0.2653256573923519,1790755994,760620214,0.125,0.09827846631380675,-0.5073965124109828,0.373272036398188,-3.294555245907449
0.031155226408576098,-0.49599663340691186,0.27191409861595073,1790755994,810167445,0.12200000137090683,0.09561486029772172,-0.5080422515282804,0.37479198262146834,-3.33361060712875
0.023590897437422154,-0.49690987611566795,0.27556966948050393,1790755994,860282695,0.12300000339746475,0.09289501306510711,-0.5087327252790773,0.37649618051947764,-3.374518207343442
0.017739127096707802,-0.49817635654787373,0.28210280270684435,1790755994,910296677,0.12099999934434891,0.09017007871743361,-0.5094594336942047,0.3783703946511662,-3.416705073957593
0.012026917748687221,-0.4993062232641642,0.2877285271699217,1790755994,960345159,0.11999999731779099,0.08769333480868893,-0.5101539255954197,0.3802321489352569,-3.456260099045644
0.00629630448614911,-0.5003053894748569,0.29248339261728484,1790755995,10419113,0.11999999731779099,0.0854442903949854,-0.510816194963079,0.3820664191950538,-3.493337025101795
-0.0010601888182194819,-0.5012445263794914,0.29641862661981544,1790755995,60564252,0.12200000137090683,0.08309874974206657,-0.5115432948862386,0.3841409656341833,-3.5333704305158045
-0.005061438183610836,-0.502703487262537,0.30451779946734714,1790755995,110479845,0.11900000274181366,0.0807041214865435,-0.5123290813159819,0.3864483637650202,-3.575919787270789
-0.008400034175506554,-0.5041248385417941,0.3124500050921286,1790755995,160221465,0.11599999666213989,0.07850066401820548,-0.5130971712029998,0.388763602345033,-3.6168465027483734
-0.015825794349476563,-0.5050745591962876,0.3164819124432521,1790755995,210215493,0.11900000274181366,0.07645803806520747,-0.5138542746893842,0.3910983417552371,-3.65659746490923
-0.01756241974954774,-0.5065650426764404,0.32508984309874583,1790755995,260485068,0.11500000208616257,0.07450976926791059,-0.5146239521257556,0.39352058522418654,-3.696457628017329
-0.02129525702119006,-0.5078433105473784,0.3319078196655493,1790755995,310605540,0.11400000005960464,0.0726747962790828,-0.5153992608527693,0.396005687893098,-3.736095918235005
-0.023897460403621992,-0.5092048762072826,0.33940062724397047,1790755995,360745810,0.1120000034570694,0.07093611995446023,-0.5161882898322451,0.398576844975365,-3.7759477539862667
-0.031343852834347624,-0.5102186247015053,0.3439479500459758,1790755995,410556411,0.11599999666213989,0.06930996602287669,-0.5169846500977885,0.4012107553860078,-3.8157174099933386
-0.03154276435314307,-0.5117065119082693,0.3525367204864307,1790755995,460005142,0.1120000034570694,0.06780868360256515,-0.5177820567374082,0.40388239526548964,-3.855116004235783
-0.03499643885890885,-0.5130014503063776,0.3594127524066665,1790755995,510425300,0.1120000034570694,0.06639548792698091,-0.5186016226795835,0.4066601441486315,-3.895210108823286
-0.038127277813985005,-0.5142967304857102,0.36634141165852974,1790755995,560313337,0.1120000034570694,0.06511350553439176,-0.5194178128711086,0.40945887845794937,-3.934850370601394
-0.04004022301614869,-0.51565003377839,0.3737516949942161,1790755995,610351162,0.11100000143051147,0.06394564842562593,-0.5202412565235128,0.4123115125738279,-3.9745809934401093
-0.04021669717833409,-0.5167890914117311,0.38012276766586306,1790755995,660461921,0.10899999737739563,0.06309118742385225,-0.5209091923228121,0.41464095382585864,-4.00658874873237
-0.03974759851856596,-0.5176737398437742,0.385097084550993,1790755995,710356329,0.10700000077486038,0.06248967390253417,-0.5214233902970575,0.41644162817810726,-4.031095461557348
-0.04351329665673451,-0.5181130796996806,0.38716268967266176,1790755995,760473552,0.10999999940395355,0.062116244931145786,-0.5217655269373018,0.417643166079379,-4.047345254367125
-0.042995907943307876,-0.5184276143471979,0.38895870651344067,1790755995,810032726,0.10899999737739563,0.06193124673552847,-0.5219428521011563,0.4182662949984893,-4.0557423551941705
-0.042245102472401826,-0.5185979252457418,0.3899718858872733,1790755995,860329005,0.1080000028014183,0.06184226475100133,-0.5220301370391695,0.4185732934017967,-4.059872150421143
-0.043208869138617094,-0.5185661456801121,0.38970705948321815,1790755995,910551006,0.10899999737739563,0.06184226475100133,-0.5220301370391695,0.4185732934017967,-4.059872150421143
-0.04128132862552638,-0.5186297050481489,0.3902367142644495,1790755995,960487692,0.10700000077486038,0.06184226475100133,-0.5220301370391695,0.4185732934017967,-4.059872150421143
-0.04128132862552638,-0.5186297050481489,0.3902367142644495,1790755996,10512886,0.10700000077486038,0.06184226475100133,-0.5220301370391695,0.4185732934017967,-4.059872150421143
-0.043208869138617094,-0.5185661456801121,0.38970705948321815,1790755996,60934563,0.10899999737739563,0.06184226475100133,-0.5220301370391695,0.4185732934017967,-4.059872150421143
-0.043208869138617094,-0.5185661456801121,0.38970705948321815,1790755996,110468702,0.10899999737739563,0.06184226475100133,-0.5220301370391695,0.4185732934017967,-4.059872150421143
-0.042245102472401826,-0.5185979252457418,0.3899718858872733,1790755996,161640751,0.1080000028014183,0.06184226475100133,-0.5220301370391695,0.4185732934017967,-4.059872150421143
-0.040317554778650934,-0.5186614848505561,0.3905015426416258,1790755996,211964012,0.10599999874830246,0.06184226475100133,-0.5220301370391695,0.4185732934017967,-4.059872150421143
-0.04206886109285066,-0.5185634517811664,0.38934180779510014,1790755996,260597693,0.1080000028014183,0.06191621627613064,-0.5220380065084399,0.41830785272913484,-4.05626284943431
-0.04172064469679644,-0.5184967947070661,0.3881212172507612,1790755996,310408990,0.1080000028014183,0.062062302792251736,-0.5220533692399816,0.41779361508416274,-4.049261048159685
-0.040848518473964875,-0.5183382996708505,0.3851933208279469,1790755996,360588138,0.1080000028014183,0.062428047834134866,-0.5220915760068009,0.4165599332280935,-4.032408696915837
-0.03941398860585918,-0.5180984014371331,0.38071939673312016,1790755996,410781880,0.1080000028014183,0.06302927781364602,-0.5221521413550612,0.41467443999750786,-4.006494669099664
-0.0371686652255343,-0.5177615151190151,0.37438965727136836,1790755996,460276768,0.1080000028014183,0.06396957377463183,-0.5222401705799679,0.4120061278967967,-3.969461813645724
-0.035739405600045876,-0.5172435468182822,0.3654813697959268,1790755996,510362324,0.10999999940395355,0.06533655048511836,-0.5223603336497835,0.4085797394038446,-3.921191400075356
-0.031207661579791893,-0.5168856047982369,0.35797252638246313,1790755996,560210481,0.10899999737739563,0.0668390112407283,-0.5224876735925703,0.40526381735999595,-3.873573512371437
-0.029906643011539058,-0.5163377355411759,0.34889284575922375,1790755996,610014934,0.1120000034570694,0.06847494776678642,-0.5226232010382835,0.4020488077371085,-3.8264019389585298
-0.02464586452686804,-0.5160241489432389,0.3417338203843045,1790755996,660557779,0.11100000143051147,0.0702766909241687,-0.5227706004031095,0.39887569799537026,-3.778684539525801
-0.02084242920504814,-0.5156216063909795,0.333905105219183,1790755996,710231315,0.1120000034570694,0.07218159502272459,-0.5229257908112555,0.3958500854904601,-3.7319283763965365
-0.017372132499063733,-0.5151622014739183,0.3255063630219337,1790755996,760619882,0.11400000005960464,0.074257991036293,-0.5230955342635634,0.3928634911178811,-3.684350787796863
-0.011919779395440519,-0.51486361584186,0.318473405550842,1790755996,810754345,0.11400000005960464,0.07646423327189265,-0.5232774880325739,0.38998195799856594,-3.636873606510757
-0.0064375698875904636,-0.5146088049704759,0.31202481287336586,1790755996,860332326,0.11400000005960464,0.07868258029113488,-0.5234628681495054,0.38733859389890496,-3.59171995905548
-0.0015074395408594815,-0.5143066246326444,0.305247671082441,1790755996,910781031,0.11500000208616257,0.080967764448152,-0.5236569449123246,0.3848429769582007,-3.547434498585583
0.004895175240974034,-0.5140988321855355,0.29894062335869714,1790755996,961288838,0.11500000208616257,0.08354528584564218,-0.5238802533206025,0.3822681961198746,-3.4997404743996166
0.010480832040152821,-0.5137457241168176,0.29125828177096497,1790755997,10144641,0.11699999868869781,0.0863156496764229,-0.5241257571891589,0.37974746213018207,-3.4506945993005815
0.01713449069630199,-0.5135108481215714,0.2845601243481546,1790755997,60508096,0.11800000071525574,0.089209893432761,-0.5243888617921992,0.377354549330258,-3.401505155183218
0.022121817639241037,-0.5130293002379941,0.2759272787722388,1790755997,110291577,0.12200000137090683,0.0920961355390039,-0.5246584201049708,0.375186327428186,-3.3542050665691123
0.030931584568464607,-0.5131542937475347,0.27242398093776266,1790755997,160337392,0.11999999731779099,0.095102696538072,-0.52494723718543,0.3731364142810424,-3.306507532058407
0.03835252378841199,-0.5130307530371957,0.26677685655080197,1790755997,210384532,0.12099999934434891,0.0982084784079854,-0.525254502331185,0.37122227048128387,-3.258667965580608
0.0469808879537373,-0.5131539766019677,0.2632265068681983,1790755997,260557597,0.11999999731779099,0.10139987397895897,-0.5255801179887962,0.3694534541390821,-3.2108011771396727
0.0540019794204659,-0.5129036289738279,0.2565134532572671,1790755997,310384338,0.12300000339746475,0.10463930359959533,-0.5259212103062583,0.36784810559878944,-3.1633501745612485
0.06265954039020015,-0.5131142903841704,0.2538781821783694,1790755997,360482718,0.12200000137090683,0.10784226110923008,-0.52626932054816,0.3664369102464847,-3.1173905835175666
0.07033060293422197,-0.5131460234885759,0.24991058061047805,1790755997,410018014,0.12300000339746475,0.11095025708710762,-0.5266178268381903,0.3652256058534429,-3.0735676284681976
0.07923092221016746,-0.5132410648097356,0.24594715736248135,1790755997,461526712,0.12399999797344208,0.11450031435318424,-0.5270293719962308,0.3640232009115713,-3.0242988018508905
0.08914742373805386,-0.5137260171433364,0.24527559716314623,1790755997,510133218,0.12200000137090683,0.11813128159801047,-0.527465503056734,0.36298355290484896,-2.9746199449028734
0.09822379305218212,-0.5138149243340201,0.2412031779428908,1790755997,560409386,0.12399999797344208,0.12180459305223565,-0.5279231431200114,0.36212010616825435,-2.9249525146137345
0.10710349600164897,-0.5138266984007575,0.2366238291246311,1790755997,610588387,0.12700000405311584,0.12538561632139228,-0.5283859104200277,0.3614548927726022,-2.8769777963871825
0.11683107172382765,-0.5145744735504554,0.23838544015727836,1790755997,660246294,0.12399999797344208,0.12896057818872048,-0.5288650763300115,0.36096053241720166,-2.8294080380331437
0.12616664609738037,-0.5149163333481446,0.2366335587510666,1790755997,710072748,0.125,0.1325705225771769,-0.5293671534707378,0.3606301883980694,-2.781589687372267
0.1357640606618987,-0.515549130056782,0.23730039927328983,1790755997,760629906,0.12399999797344208,0.13624182193345769,-0.529897599686012,0.3604665174262953,-2.7330753437679456
0.14534785505396422,-0.5157671826900959,0.23444421563958404,1790755997,810698759,0.12700000405311584,0.1398778674857314,-0.5304437201746629,0.36047468621300893,-2.6850344531245276
0.15471099449576897,-0.5167348872079363,0.2379873837808808,1790755997,860884750,0.12399999797344208,0.14352849385884672,-0.5310141242079494,0.3606538199711294,-2.6367018355979863
0.1645100811403281,-0.5170604320177821,0.2360374814573566,1790755997,910568435,0.12700000405311584,0.14713922201891064,-0.5316013956695198,0.3610007346918741,-2.5886914491711477
0.17417523898160067,-0.5176716375110698,0.23652404459960408,1790755997,960359426,0.12800000607967377,0.15073236893468575,-0.5322102302632793,0.36151629524397555,-2.540603295896625
0.1832815780936446,-0.5186849406005002,0.24039805179287882,1790755998,10815594,0.12600000202655792,0.15433956349327305,-0.5328476835375265,0.36220846601951295,-2.491897571126539
0.19278003893927434,-0.5193996105998395,0.24176944852527288,1790755998,60592964,0.12700000405311584,0.15785187202370535,-0.5334956234480892,0.36305558378891944,-2.4439411367433213
0.20219016945958582,-0.5201626380302986,0.24357672239118983,1790755998,110159898,0.12800000607967377,0.1612966025682796,-0.534159323045391,0.3640583000364509,-2.396272122061426
0.210949969618289,-0.5212078167998723,0.24773337025211173,1790755998,160211177,0.12700000405311584,0.16473707057260323,-0.5348526173409901,0.3652373634160796,-2.3479022620060794
0.22032256540689496,-0.5220943471232121,0.25048647191756046,1790755998,210324585,0.12800000607967377,0.16813415050457536,-0.5355697530626504,0.36658463874696057,-2.299248367366139
0.23012084006303546,-0.5229419872844021,0.25285048635591434,1790755998,260971643,0.12999999523162842,0.1714888725765112,-0.5363129750782618,0.36810458751634606,-2.250165326554076
0.2376372976036827,-0.5242158461218995,0.25903246623883347,1790755998,310136131,0.12800000607967377,0.1746633758905543,-0.5370517182571322,0.3697281171334972,-2.202596819060682
0.2453053387704957,-0.5254269303897975,0.2646657988548332,1790755998,360907337,0.12700000405311584,0.17775546907007853,-0.5378082088708044,0.3714961319822922,-2.155029429296894
0.25334589406911867,-0.5264189141327669,0.2686800409084047,1790755998,410215929,0.12800000607967377,0.18058690294612212,-0.5385366493144642,0.37329022808549794,-2.1102212929458584
0.2613723281341946,-0.5276656388163804,0.2744115114503014,1790755998,460861125,0.12800000607967377,0.18361372681745017,-0.5393579812581429,0.3754109698938231,-2.0607706336705074
0.27005273076901415,-0.5289211850936857,0.2800114686081677,1790755998,510375411,0.1289999932050705,0.18664313131016413,-0.5402301928541402,0.3777659739186465,-2.009369189010657
0.2753106705992287,-0.5304859125663293,0.2885764052904455,1790755998,560207920,0.12600000202655792,0.1893838097039693,-0.5410692711832727,0.3801218454159073,-1.960903480778649
0.28107543456728407,-0.5318250420200499,0.29548436236515885,1790755998,610280958,0.125,0.19185072421089241,-0.5418717799324371,0.38244995394675974,-1.915375201340635
0.2870297643198897,-0.5333071814031402,0.30319961737570006,1790755998,660968433,0.12399999797344208,0.19441519424623593,-0.5427616775501386,0.38510903936177143,-1.865748681757355
0.2935742456088217,-0.5348006964714275,0.31081264614568016,1790755998,710312672,0.12399999797344208,0.19693193894496464,-0.543700682497532,0.3879946019957219,-1.8142582224483073
0.2988274491592817,-0.5363770553309954,0.3192108917858182,1790755998,760533552,0.12300000339746475,0.19926335408402873,-0.5446412067839896,0.39095833500426536,-1.7635010101582336
0.30345610984125226,-0.5379303040297667,0.32756406484952244,1790755998,810738572,0.12200000137090683,0.2013755587466159,-0.5455658904470398,0.3939361918516079,-1.7143156624077185
0.30762894606351743,-0.5394984580181836,0.33605730132062184,1790755998,860586859,0.12099999934434891,0.20333115664519397,-0.5464993917265558,0.39699955177951507,-1.6653153233037983
0.31138662868116973,-0.5410932413492552,0.34474464368091257,1790755998,910568461,0.11999999731779099,0.20514359943534716,-0.5474496956860178,0.400170392040369,-1.61603316448358
0.3183147364918725,-0.5425081138280531,0.3518693830018484,1790755998,960374943,0.12300000339746475,0.20679392987500422,-0.5484080440988457,0.4034184019071506,-1.5668225416777846
0.31754188699702274,-0.5443207314348156,0.3624627778101479,1790755999,10160517,0.11800000071525574,0.2082830854077447,-0.5493764200024831,0.4067454432355927,-1.517538298458148
0.3215103643696518,-0.5457173459782816,0.369927044158722,1790755999,60376712,0.11900000274181366,0.20948060004860236,-0.5502566685714021,0.40979842624057816,-1.4731425086015468
0.3248637503527156,-0.5469695522817322,0.37666320417258364,1790755999,110349314,0.11999999731779099,0.21042403780475394,-0.5510410838228321,0.4125376265250005,-1.43388050807915
0.32639199970606897,-0.547882128961928,0.38168268422653934,1790755999,160506787,0.11999999731779099,0.21102113448096912,-0.551594564166632,0.4144817793105896,-1.406299187936313
0.32821334306575256,-0.5484060254148274,0.38447382341303216,1790755999,210758029,0.12099999934434891,0.2113551107116166,-0.5519294694635438,0.41566258283745916,-1.389650567120303
0.3266795481916311,-0.5487343317793945,0.3864768623362749,1790755999,260491047,0.11900000274181366,0.21151107451535625,-0.552093469138002,0.4162415985157685,-1.381512679725057
0.3267069236339306,-0.5487533499106292,0.3865810339579888,1790755999,310401677,0.11900000274181366,0.211521804867072,-0.5521050581984934,0.41628213021333593,-1.3809430579024589
0.3257522273633066,-0.5487907514448532,0.38688112069056235,1790755999,361013587,0.11800000071525574,0.21152702417913574,-0.5521107046528665,0.4163018792979103,-1.3806655406951904
0.32768824445574296,-0.5487344811474264,0.3863824646151213,1790755999,410920281,0.11999999731779099,0.21152702417913574,-0.5521107046528665,0.4163018792979103,-1.3806655406951904
0.32768824445574285,-0.5487344811474263,0.38638246461512143,1790755999,460385188,0.11999999731779099,0.21152702417913563,-0.5521107046528664,0.4163018792979104,-1.3806655406951904
0.32865625660808007,-0.5487063458939012,0.38613313564858004,1790755999,510463411,0.12099999934434891,0.21152702417913563,-0.5521107046528664,0.4163018792979104,-1.3806655406951904
0.32768824445574296,-0.5487344811474264,0.3863824646151213,1790755999,560532458,0.11999999731779099,0.21152702417913574,-0.5521107046528665,0.4163018792979103,-1.3806655406951904
0.3257522273633066,-0.5487907514448532,0.38688112069056235,1790755999,611216006,0.11800000071525574,0.21152702417913574,-0.5521107046528665,0.4163018792979103,-1.3806655406951904
0.3267202395156438,-0.548762616191328,0.38663179172402096,1790755999,661964471,0.11900000274181366,0.21152702417913574,-0.5521107046528665,0.4163018792979103,-1.3806655406951904
0.3267202395156438,-0.548762616191328,0.38663179172402096,1790755999,710823024,0.11900000274181366,0.21152702417913574,-0.5521107046528665,0.4163018792979103,-1.3806655406951904
0.33136015718393086,-0.548576173463084,0.3846178238574156,1790755999,766325456,0.12399999797344208,0.21145042488333432,-0.5521197600219462,0.4160041041612803,-1.3845187242019126
0.32816546746809716,-0.5485970892718756,0.3842731532737992,1790755999,810233903,0.12099999934434891,0.21133630439739357,-0.5521330687186012,0.41556921288014115,-1.3901529664329562
0.3271567054077582,-0.5483865546851089,0.3806610843731475,1790755999,860547395,0.12099999934434891,0.21094407613156896,-0.5521781239868161,0.4141461353702387,-1.4086462763132577
0.3235063063202634,-0.548125788733595,0.37556128971247643,1790755999,910508923,0.11900000274181366,0.2102641801883536,-0.5522520666606188,0.41189578230760215,-1.4380901346320607
0.3209020429800029,-0.5476972386992299,0.36801633348758356,1790755999,960173599,0.11900000274181366,0.20923943442082035,-0.5523538855225388,0.4088914866086838,-1.4778419071611402
0.31717745313049905,-0.5471733398230971,0.3586484285162561,1790756000,10545813,0.11900000274181366,0.2077724200621056,-0.5524885586811734,0.4051595867510941,-1.5280422069976292
0.31378893226413845,-0.5466140760689835,0.3488713864619597,1790756000,60614953,0.11999999731779099,0.2060829598060704,-0.5526361253793612,0.4014371336290561,-1.5791945317596783
0.30803902962636415,-0.5461752387961833,0.3400562619408845,1790756000,110378064,0.11900000274181366,0.20416906730744383,-0.5527978872231784,0.3977465740238517,-1.6311894335039487
0.3026964891262057,-0.5457179219456268,0.33106307367706767,1790756000,160271907,0.11900000274181366,0.20206174094033794,-0.5529732767027706,0.3941583027951764,-1.6832361680111076
0.29850579055721416,-0.5451628027823306,0.321202295892165,1790756000,210322879,0.12099999934434891,0.19976483779856713,-0.5531635627311486,0.39068043583480055,-1.7353664400472262
0.2931821634390924,-0.5447102788335283,0.3124058245056238,1790756000,260275352,0.12200000137090683,0.19737936206707762,-0.5533617647674575,0.3874456497646859,-1.785644345356762
0.2868484445705835,-0.544372869714035,0.3047593854851597,1790756000,310244112,0.12200000137090683,0.19491855431517635,-0.5535681940372147,0.3844358664737275,-1.834286108344148
0.28110264738093627,-0.5438946005628157,0.29555847044876893,1790756000,360147195,0.12399999797344208,0.1921288150280534,-0.5538059296217864,0.3813572012677008,-1.8862830287808001
0.272891076783476,-0.5435956037275851,0.28754826181006166,1790756000,410401983,0.12399999797344208,0.188970166176955,-0.5540806916416096,0.37823091280693716,-1.9419146189134633
0.26566900591062104,-0.5431790348193793,0.27861160725797385,1790756000,460928939,0.12600000202655792,0.18570386402522743,-0.5543721474002289,0.37533952889745653,-1.996534923281379
0.2564611986274553,-0.5430880868271376,0.272691732880508,1790756000,510582652,0.125,0.18242237459671065,-0.554673276833115,0.3727369022225099,-2.048993496841409
0.2475393407369083,-0.5429632565333911,0.2664674736136231,1790756000,560420957,0.125,0.1790074936900474,-0.5549962318471512,0.370311555994104,-2.10147582682198
0.23938148636830833,-0.5426966900671917,0.2590553489843618,1790756000,609996836,0.12700000405311584,0.17549994820310696,-0.5553386692375205,0.3680889698258084,-2.153525730351643
0.2296227022352485,-0.5426816280664312,0.25369155667115684,1790756000,660497449,0.12700000405311584,0.17180129371359637,-0.5557122628827894,0.3660120281015527,-2.206723525847606
0.21932115143622832,-0.5428337935865752,0.2498322077555118,1790756000,710151717,0.12600000202655792,0.16805110732711537,-0.5561047137959314,0.3641618441781783,-2.259192286371188
0.2093449608631156,-0.5428417574503908,0.24459545684333156,1790756000,761149618,0.12700000405311584,0.16411586559936497,-0.5565321095580666,0.36247634685643704,-2.3129385963172933
0.19880675019546673,-0.5431249912993342,0.24190471856765805,1790756000,810499589,0.12600000202655792,0.1602377969439891,-0.5569695301973459,0.3610548973274038,-2.364822575151467
0.18805495790979262,-0.5434796065627621,0.2397498044760112,1790756000,860377775,0.125,0.1562397338675997,-0.5574382447046211,0.3598245642732713,-2.417404426221911
0.17741826857506143,-0.5437919195501466,0.23720185521485224,1790756000,910326034,0.125,0.15216852364100947,-0.5579348877996751,0.3588054194301257,-2.4701947759351355
0.1667427986399821,-0.5440602370761111,0.23423429230123402,1790756000,960510961,0.12600000202655792,0.14802564844480592,-0.5584614292625916,0.3580013091630453,-2.523320063638943
0.15577229944732718,-0.5446222321145552,0.2338265388646852,1790756001,10206470,0.125,0.14388350346937104,-0.5590103012915714,0.35742524434153045,-2.5760061666987326
0.14514991556268994,-0.5448986451236084,0.23104020261087155,1790756001,60640268,0.12700000405311584,0.13978540146345259,-0.5595767273253288,0.3570750268494528,-2.62786703790994
0.13481529409808643,-0.545793081715266,0.2337796267158534,1790756001,110308527,0.12399999797344208,0.13585892323135695,-0.5601426174897612,0.3569421257108897,-2.677446937665004
0.12381346606201044,-0.5463323744431587,0.23310422216260504,1790756001,160071407,0.125,0.13165135862897764,-0.5607759666753206,0.35701931439732726,-2.7306077249677863
0.11247818670067018,-0.5475773815474563,0.2380549614032265,1790756001,210574844,0.12099999934434891,0.12712742670921365,-0.5614899430964715,0.35735642928878686,-2.7879716411208366
0.10140953523942187,-0.5484054891243201,0.2396374719256824,1790756001,260559483,0.12099999934434891,0.12280552406900627,-0.5622067173445416,0.3579283743778579,-2.8431589844719727
0.09083462774055294,-0.5492737413672402,0.24174933169393792,1790756001,310096714,0.12099999934434891,0.11867640258685926,-0.562925936333064,0.35870852537855236,-2.896411534724653
0.08097202405260395,-0.5502928369544686,0.2452978836429851,1790756001,360121391,0.11999999731779099,0.11471555223294959,-0.5636502528395221,0.35967862110819726,-2.9481449663695347
0.07171894177909194,-0.5513350276455804,0.24922251378682256,1790756001,410219049,0.11900000274181366,0.11095482176493644,-0.5643721437084898,0.3608091616397368,-2.9980173837730524
0.061245577200079566,-0.5522952543548538,0.25204480426418435,1790756001,460330337,0.11999999731779099,0.10697419416277114,-0.5651763453226565,0.3622399513552812,-3.0518014892469
0.052010131146032305,-0.5538179360103073,0.2593277877180256,1790756001,510252004,0.11699999868869781,0.10283832309430199,-0.566060081254784,0.3639969067371436,-3.109007674943248
0.0407123066013012,-0.5547516879449661,0.2617097666766665,1790756001,560438403,0.11999999731779099,0.09891600351694342,-0.5669494729398028,0.3659380884651403,-3.164791669311285
0.032860871854653154,-0.5563277925749723,0.2697095790543935,1790756001,610848923,0.11699999868869781,0.09520736557986645,-0.5678426572091151,0.36804229134173255,-3.219210315242517
0.024895523807840506,-0.5576856743960789,0.27611141120028415,1790756001,660456635,0.11599999666213989,0.09180330127853499,-0.5687135557687001,0.37022694855719396,-3.2708921623648464
0.016942490227446455,-0.5589582627196691,0.2819293109979073,1790756001,710259395,0.11599999666213989,0.08861760574308962,-0.5695794898937249,0.3725155493277595,-3.321068497736325
0.008611429281308994,-0.5604031719202233,0.288740862430142,1790756001,760704211,0.11599999666213989,0.08528067594905324,-0.5705480656812997,0.3751984067602554,-3.3759041532270215
0.0024429952631223745,-0.5622196261148439,0.29846076009857003,1790756001,810050386,0.11299999803304672,0.08196413352474365,-0.5715840579396305,0.37819591885331005,-3.4332277714211505
-0.004490092280586985,-0.5639035538146062,0.3070528470010945,1790756001,860998139,0.1120000034570694,0.07884045771807394,-0.5726408971812235,0.38137430448275356,-3.490440972555007
-0.008869919065612644,-0.5656699002163728,0.31669779570454865,1790756001,910321517,0.10899999737739563,0.07609249685280133,-0.5736506239846539,0.3845114769032056,-3.5440435661782392
-0.014118634989581672,-0.5672813131752894,0.32512083842633843,1790756001,960318009,0.1080000028014183,0.07357358450752689,-0.5746580602685553,0.3877280173046372,-3.596608361005269
-0.019573522543144053,-0.5688156041911068,0.3330179383741953,1790756002,10636964,0.1080000028014183,0.07129423362105988,-0.5756548673410115,0.39098582581504915,-3.6478147033276014
-0.0222555727704494,-0.5706445044406185,0.34311298917533456,1790756002,60253000,0.10499999672174454,0.06908304217269566,-0.5767228295756227,0.39454557316046424,-3.7018347228242576
-0.02552238855224312,-0.572548965952771,0.35341969988332855,1790756002,110515057,0.10300000011920929,0.06693267975778275,-0.5778887548088373,0.39850347771214634,-3.759957623997683
-0.030536406060176755,-0.5741711988485761,0.36183161804904745,1790756002,160281974,0.10400000214576721,0.06517308001346914,-0.5789694172817115,0.4022379519795846,-3.813288626115349
-0.032040849520805215,-0.575828411229847,0.3709224126354086,1790756002,210346289,0.10199999809265137,0.06372607251771781,-0.5799813027471948,0.40578571348620984,-3.8628381228308557
-0.03330124331788685,-0.5770419868086311,0.37751862793251184,1790756002,260190299,0.10100000351667404,0.06276837321198042,-0.58073972818323,0.408469495430839,-3.899720925869936
-0.03465968006442566,-0.5778445226394133,0.38181445593262187,1790756002,310180272,0.10100000351667404,0.06217627804581566,-0.5812575352967772,0.4103126887171372,-3.9247950355216927
-0.03631516314572503,-0.5782511437464963,0.38389869235582175,1790756002,360737728,0.10199999809265137,0.0618740869854493,-0.5815404077724045,0.4113222499613993,-3.9384491172070235
-0.037415732636852626,-0.5783089050860253,0.38411340066267285,1790756002,410035032,0.10300000011920929,0.061814582353597804,-0.5815980808403399,0.4115273740031124,-3.941216930875873
-0.03748359637954897,-0.5783535432313894,0.3843532633499448,1790756002,460518626,0.10300000011920929,0.061785302197421316,-0.5816266790862633,0.41162912046842676,-3.942589044570923
-0.03459227056112346,-0.5784488772417399,0.3851477054263339,1790756002,510388858,0.10000000149011612,0.061785302197421316,-0.5816266790862633,0.41162912046842676,-3.942589044570923
-0.03459227056112346,-0.5784488772417399,0.3851477054263339,1790756002,560280450,0.10000000149011612,0.061785302197421316,-0.5816266790862633,0.41162912046842676,-3.942589044570923
-0.03459227056112346,-0.5784488772417399,0.3851477054263339,1790756002,610267812,0.10000000149011612,0.061785302197421316,-0.5816266790862633,0.41162912046842676,-3.942589044570923
-0.03651981871317758,-0.5783853213137611,0.3846180780330809,1790756002,660504341,0.10199999809265137,0.061785302197421316,-0.5816266790862633,0.41162912046842676,-3.942589044570923
-0.035556048227494835,-0.5784170991593681,0.3848828907431978,1790756002,710498240,0.10100000351667404,0.061785302197421316,-0.5816266790862633,0.41162912046842676,-3.942589044570923
-0.03651981871317758,-0.5783853213137611,0.3846180780330809,1790756002,760698510,0.10199999809265137,0.061785302197421316,-0.5816266790862633,0.41162912046842676,-3.942589044570923
-0.03651981871317758,-0.5783853213137611,0.3846180780330809,1790756002,810942678,0.10199999809265137,0.061785302197421316,-0.5816266790862633,0.41162912046842676,-3.942589044570923
-0.03362849289475209,-0.5784806553241115,0.38541252010947,1790756002,860832298,0.0989999994635582,0.061785302197421316,-0.5816266790862633,0.41162912046842676,-3.942589044570923
-0.03651981871317758,-0.5783853213137611,0.3846180780330809,1790756002,910040510,0.10199999809265137,0.061785302197421316,-0.5816266790862633,0.41162912046842676,-3.942589044570923
-0.035556048227494835,-0.5784170991593681,0.3848828907431978,1790756002,960339206,0.10100000351667404,0.061785302197421316,-0.5816266790862633,0.41162912046842676,-3.942589044570923
-0.03459227056112346,-0.5784488772417399,0.3851477054263339,1790756003,10718735,0.10000000149011612,0.061785302197421316,-0.5816266790862633,0.41162912046842676,-3.942589044570923
-0.03459227056112346,-0.5784488772417399,0.3851477054263339,1790756003,60580337,0.10000000149011612,0.061785302197421316,-0.5816266790862633,0.41162912046842676,-3.942589044570923
-0.03459227056112346,-0.5784488772417399,0.3851477054263339,1790756003,111433942,0.10000000149011612,0.061785302197421316,-0.5816266790862633,0.41162912046842676,-3.942589044570923
-0.035556048227494835,-0.5784170991593681,0.3848828907431978,1790756003,162139426,0.10100000351667404,0.061785302197421316,-0.5816266790862633,0.41162912046842676,-3.942589044570923
-0.03651981871317758,-0.5783853213137611,0.3846180780330809,1790756003,210469246,0.10199999809265137,0.061785302197421316,-0.5816266790862633,0.41162912046842676,-3.942589044570923
-0.03362849289475209,-0.5784806553241115,0.38541252010947,1790756003,263333087,0.0989999994635582,0.061785302197421316,-0.5816266790862633,0.41162912046842676,-3.942589044570923
-0.035556048227494835,-0.5784170991593681,0.3848828907431978,1790756003,311001721,0.10100000351667404,0.061785302197421316,-0.5816266790862633,0.41162912046842676,-3.942589044570923
-0.03651981871317758,-0.5783853213137611,0.3846180780330809,1790756003,361069620,0.10199999809265137,0.061785302197421316,-0.5816266790862633,0.41162912046842676,-3.942589044570923
-0.03651981871317758,-0.5783853213137611,0.3846180780330809,1790756003,410556730,0.10199999809265137,0.061785302197421316,-0.5816266790862633,0.41162912046842676,-3.942589044570923
-0.03651981871317758,-0.5783853213137611,0.3846180780330809,1790756003,464326945,0.10199999809265137,0.061785302197421316,-0.5816266790862633,0.41162912046842676,-3.942589044570923
-0.035556048227494835,-0.5784170991593681,0.3848828907431978,1790756003,510655278,0.10100000351667404,0.061785302197421316,-0.5816266790862633,0.41162912046842676,-3.942589044570923
-0.03459227056112346,-0.5784488772417399,0.3851477054263339,1790756003,562492765,0.10000000149011612,0.061785302197421316,-0.5816266790862633,0.41162912046842676,-3.942589044570923
-0.035556048227494835,-0.5784170991593681,0.3848828907431978,1790756003,610531826,0.10100000351667404,0.061785302197421316,-0.5816266790862633,0.41162912046842676,-3.942589044570923
-0.03459227056112346,-0.5784488772417399,0.3851477054263339,1790756003,661850996,0.10000000149011612,0.061785302197421316,-0.5816266790862633,0.41162912046842676,-3.942589044570923
-0.03459227056112346,-0.5784488772417399,0.3851477054263339,1790756003,710261122,0.10000000149011612,0.061785302197421316,-0.5816266790862633,0.41162912046842676,-3.942589044570923
-0.035547300839581464,-0.5784134497744656,0.3848515044336157,1790756003,760321864,0.10100000351667404,0.06178910008285514,-0.5816250946194601,0.41161549335949293,-3.9424053700045074
-0.035530375280217796,-0.578406395886865,0.38479083776378303,1790756003,810272809,0.10100000351667404,0.06179644871492705,-0.5816220320072569,0.4115891534893562,-3.9420503141981027
-0.03453682722221711,-0.5784257907660312,0.38494915074966224,1790756003,860365671,0.10000000149011612,0.06180950985223349,-0.5816165990758273,0.4115424275821571,-3.941420377906862
-0.03353130786036188,-0.5784402575268018,0.3850650784604795,1790756003,910041106,0.0989999994635582,0.061827975512934806,-0.5816089406766258,0.4114765611036755,-3.9405322045679356
-0.03539606218155351,-0.5783507617394787,0.3843123518679856,1790756003,960489848,0.10100000351667404,0.06185476392468283,-0.5815978771258145,0.41138140751628216,-3.939248727074564
-0.03339292836426862,-0.5783832854183634,0.3845750784968079,1790756004,10263857,0.0989999994635582,0.061888737048231335,-0.5815839245949409,0.4112614053116076,-3.937629410891426
-0.03328908303246863,-0.5783409446454494,0.38421091005170055,1790756004,60683711,0.0989999994635582,0.061934334856950594,-0.5815653330373726,0.4111015013196439,-3.935470504860619
-0.03412413730891313,-0.5782571410456658,0.3834986202885218,1790756004,110325146,0.10000000149011612,0.061989698404416996,-0.5815429632830464,0.41090909738613085,-3.9328710678001313
-0.03396413633999816,-0.5781932019246574,0.3829486607779828,1790756004,160252267,0.10000000149011612,0.0620595579818075,-0.5815150462022771,0.41066897422157334,-3.929624205840669
-0.033772450226243915,-0.5781176089944797,0.38229844277107095,1790756004,210237333,0.10000000149011612,0.06214325191809613,-0.5814820408386738,0.41038507622093884,-3.92578146050028
-0.03353997270522935,-0.5780273466527421,0.3815220154323156,1790756004,260607844,0.10000000149011612,0.06224475618698272,-0.5814426305207813,0.4100460727378493,-3.921187121259916
-0.03327243132536469,-0.5779253066130577,0.38064423893809635,1790756004,310267065,0.10000000149011612,0.06236157002791482,-0.5813980778277719,0.4096628182154217,-3.915985419349561
-0.03200256615519814,-0.5778428377287875,0.37992621638271734,1790756004,360102510,0.0989999994635582,0.0624992360370724,-0.5813466175350575,0.40922012024114274,-3.9099666506431587
-0.03259088106402647,-0.5776736071527918,0.3784788744727055,1790756004,410405364,0.10000000149011612,0.0626591483085361,-0.5812881808812544,0.40871737740044156,-3.9031177382163973
-0.03502420247427887,-0.5774139903595945,0.3762710040758978,1790756004,460167428,0.10300000011920929,0.06284127464912521,-0.5812232699587508,0.4081588983447427,-3.8954918667455742
-0.03264752367321265,-0.5773227262590369,0.3754684742465541,1790756004,510113475,0.10100000351667404,0.0630481069510123,-0.5811515311977214,0.4075416287927096,-3.8870409618885424
-0.031159304702647966,-0.5771785379247485,0.37421906245766434,1790756004,560250282,0.10000000149011612,0.06328420277093291,-0.581072023896177,0.40685745949399543,-3.877645897629473
-0.030556668684881064,-0.5769819087557012,0.37252689320354226,1790756004,609969365,0.10000000149011612,0.06354732553704474,-0.5809861717244968,0.4061186250371306,-3.8674655648413836
-0.03174746450002018,-0.576683740247412,0.36997807090663626,1790756004,660251950,0.10199999809265137,0.06384578941441163,-0.5808920131584453,0.40530822595948185,-3.856256116223751
-0.030050555639347526,-0.5764937050308004,0.36833354919691574,1790756004,710272367,0.10100000351667404,0.06417564206955223,-0.5807915920160825,0.40444383226356095,-3.8442480259421528
-0.028311142093618624,-0.5762995251759204,0.36665311585918825,1790756004,760204840,0.10000000149011612,0.0645277667165483,-0.5806882296006148,0.4035540180491538,-3.831828282328906
-0.029291604313750427,-0.5759638256031121,0.363780527157505,1790756004,810544471,0.10199999809265137,0.06490611903256388,-0.580581186498133,0.40263240620649365,-3.818899389546256
-0.02824908323739478,-0.5756802555592453,0.3613387382362818,1790756004,860484777,0.10199999809265137,0.06535623259399058,-0.5804587537480872,0.40157815192568236,-3.804023799461187
-0.02885834132076763,-0.5752672090901084,0.3577994152838358,1790756004,910196351,0.10400000214576721,0.06587979270658668,-0.5803223920792839,0.40040377576818753,-3.7873397282407804
-0.02753203770276398,-0.5749371319167379,0.3549562378468505,1790756004,960506501,0.10400000214576721,0.06644612069104995,-0.5801814500372244,0.3991897468493923,-3.7699585339679196
-0.025229487642231638,-0.5746549221165149,0.35251583337349424,1790756005,10571900,0.10300000011920929,0.0670467616240965,-0.5800386284701223,0.39795930982274613,-3.752195205893079
-0.025423249979760337,-0.5741877682885602,0.3485088299548694,1790756005,61955673,0.10499999672174454,0.06772536711380962,-0.5798846408431853,0.3966324217599104,-3.7328622357883763
-0.020266464798633713,-0.5740566812658232,0.34734188644407377,1790756005,110466123,0.10100000351667404,0.06842363660858031,-0.5797335004863079,0.39532980519748706,-3.7136918785213284
-0.02107077127139341,-0.5735103707814447,0.34266063503672584,1790756005,160317188,0.10400000214576721,0.06920506362499569,-0.5795722269701281,0.39393955838372297,-3.693008439781862
-0.021649220092011937,-0.5729375957423365,0.33775045073851717,1790756005,210390763,0.10700000077486038,0.07005595084754204,-0.5794050815713896,0.3924983586055608,-3.671305243828329
-0.017771890965162948,-0.5726544306625576,0.3352889917074865,1790756005,260462950,0.10499999672174454,0.07097457442494942,-0.579233497456063,0.3910185177457954,-3.6487213715680213
-0.015455340456501057,-0.5722432806259387,0.3317420537568408,1790756005,310379163,0.10499999672174454,0.07195831506958646,-0.5790588994921707,0.389512283794492,-3.6253984875999627
-0.01386393252818495,-0.5717695404415891,0.3276639584941121,1790756005,360297219,0.10599999874830246,0.07298204178011129,-0.5788862331252956,0.3880222981525931,-3.6019655204233
-0.012956828192905251,-0.5712269504536297,0.32300065920376003,1790756005,410221692,0.1080000028014183,0.0740456137302201,-0.5787156443501363,0.38654981473114675,-3.578424328777513
-0.007658355167914799,-0.5709963549201761,0.32097868945793495,1790756005,460222822,0.10499999672174454,0.07526936367627084,-0.578529383087061,0.38494153996901653,-3.5522367244943904
-0.006713702452186152,-0.5703046132962453,0.3150352330758827,1790756005,510065545,0.1080000028014183,0.07665392767953949,-0.5783303013387195,0.383221941331752,-3.5236332285218457
-0.003234664635900719,-0.5698330765678797,0.3109606336491571,1790756005,560561769,0.1080000028014183,0.07810743402288312,-0.57813329812634,0.3815196154514161,-3.494637716457117
0.0010671866310722894,-0.5694563841061552,0.3076931624336981,1790756005,610635002,0.10700000077486038,0.07959807287271937,-0.5779427840067772,0.37987266844924467,-3.4658686681409616
0.00342092157893438,-0.5688373583391276,0.3023621666504682,1790756005,660759049,0.10899999737739563,0.08118613702058017,-0.5777514642459999,0.37821801290814133,-3.4361720556062414
0.006783987483433243,-0.5682934154059087,0.29766720598919294,1790756005,710956060,0.10999999940395355,0.08287109437314912,-0.5775604372947417,0.3765650788333617,-3.405615261054978
0.011013980318506617,-0.5678426547349381,0.29376475193000595,1790756005,760354142,0.10999999940395355,0.08461949141720417,-0.5773741228834816,0.3749520644837701,-3.374825893101101
0.014221251434050855,-0.5672147914101973,0.2883509534539552,1790756005,810349337,0.1120000034570694,0.08647849179887368,-0.5771882195873578,0.3733416748277546,-3.342998068340777
0.018784010452840852,-0.5667869943573276,0.2846428302738501,1790756005,860241477,0.1120000034570694,0.08834452777515434,-0.5770132630121992,0.37182516009838545,-3.3118883073962673
0.022180722512492757,-0.5661964100324499,0.2795473712726912,1790756005,910207088,0.11400000005960464,0.09022187401731564,-0.5768481565668957,0.3703930756909713,-3.2813455529255617
0.027442752255732117,-0.5657640539415993,0.2757944183280373,1790756005,960293654,0.11400000005960464,0.09235141607984375,-0.5766731821698697,0.36887425661462586,-3.2475177397652466
0.03279200083604109,-0.5652178936990392,0.2710642148549567,1790756006,10286970,0.11500000208616257,0.0947342386944949,-0.5764918257538627,0.36729860634223815,-3.2105813151740152
0.039250836094294604,-0.5649006981247994,0.2682896676912162,1790756006,60490211,0.11400000005960464,0.09713014452477199,-0.5763237822963387,0.36583708599231457,-3.1743015942043113
0.044647758060815904,-0.5644193069750609,0.26411485003084795,1790756006,110302934,0.11500000208616257,0.09950733570728752,-0.5761703168165246,0.3645008101446705,-3.1390566136437625
0.04946397195792265,-0.5637428039293352,0.2582705441590048,1790756006,160367028,0.11800000071525574,0.10198389978588694,-0.5760236594210891,0.36322214223229016,-3.103041341255705
0.05670950637931482,-0.5636078026698349,0.2570529593116846,1790756006,210121723,0.11599999666213989,0.10452932999763433,-0.5758862213700418,0.36202202203471595,-3.0666843816269465
0.06257535128063271,-0.56306920734506,0.25238345160220216,1790756006,260304937,0.11800000071525574,0.10718150538073304,-0.5757566326431335,0.3608883843218913,-3.0294281200271813
0.06939642686658246,-0.562770317463321,0.24976302562767724,1790756006,309939075,0.11800000071525574,0.10988551231667702,-0.5756381468848213,0.35984959653527915,-2.992018059589128
0.07648475199091856,-0.5624949417359748,0.24734218952830414,1790756006,360524883,0.11800000071525574,0.11269546216386996,-0.5755289825943289,0.35888993005438397,-2.953676431174297
0.08326421301426071,-0.5621436113241771,0.2442721180449398,1790756006,409966873,0.11900000274181366,0.11549032591781887,-0.575433982103638,0.3580519244440686,-2.916005184768668
0.0906761071501555,-0.5619271559433754,0.24235422786213623,1790756006,460914071,0.11900000274181366,0.11841359201205195,-0.5753486116620193,0.35729550466242327,-2.877025041093955
0.09774740303294946,-0.5616354202265825,0.23979314788700523,1790756006,510220042,0.11999999731779099,0.12127986881500585,-0.5752783903869135,0.3566695431757482,-2.8391562379241124
0.10527305831954901,-0.5614857433407141,0.23844734635183387,1790756006,560299821,0.11999999731779099,0.12423297409415679,-0.5752196564182436,0.35614144383199,-2.8004372798593544
0.11271231594658354,-0.561138499219358,0.2354069518174576,1790756006,610760128,0.12200000137090683,0.12724566784529207,-0.5751736827577422,0.3557223524947335,-2.7611824625498884
0.1204135851644971,-0.5609401450485695,0.23364202310165594,1790756006,660958509,0.12300000339746475,0.1302685138550426,-0.5751414800777572,0.355421345236694,-2.721980438226912
0.12825327317268537,-0.5607765742222727,0.2321744355461358,1790756006,711207826,0.12399999797344208,0.1333145942483177,-0.5751229749055075,0.35523768478740636,-2.682601331981134
0.13601476214740776,-0.5608802385140665,0.23300059577055177,1790756006,760286065,0.12300000339746475,0.1362988938834096,-0.5751183241857607,0.3551734119832365,-2.6440831066270762
0.14385865412775936,-0.5611349393659009,0.2351221080173831,1790756006,810548955,0.12099999934434891,0.13935956681832457,-0.5751273769669967,0.3552261035574731,-2.6045819769808345
0.15173038126422506,-0.5609621814284073,0.23357542548545396,1790756006,860127168,0.12300000339746475,0.1423735096485719,-0.5751499978802933,0.3553956030164037,-2.5656272294806532
0.15948992838168857,-0.5611721132586048,0.23531346930132008,1790756006,910359290,0.12200000137090683,0.14541742192453455,-0.5751867408430743,0.35568603723182185,-2.5261672834993183
0.1674284692460159,-0.560953566866834,0.23337333657300544,1790756006,960350124,0.125,0.14832319191655347,-0.5752349919361158,0.3560763490712926,-2.488329307815769
0.17449309596435672,-0.5612194005491392,0.23559674055388885,1790756007,10183133,0.12399999797344208,0.15109914165474927,-0.575293292725246,0.35655395595747263,-2.4519744884052046
0.18194386796211487,-0.561527883279612,0.23818295767539888,1790756007,60411116,0.12300000339746475,0.15405203922168445,-0.5753686606869041,0.35717656929405944,-2.4130203139204305
0.1901070838634531,-0.5616564807626598,0.23921978639007963,1790756007,110084144,0.12399999797344208,0.15710452167633837,-0.5754614005013677,0.35794743513925303,-2.372376442811213
0.1977572098476698,-0.5619271506061275,0.2414799084692485,1790756007,160474359,0.12399999797344208,0.16004687785370642,-0.5755655042883638,0.358816712870753,-2.3327629610240517
0.2053056376546382,-0.5621092321421057,0.24298069628533003,1790756007,210447619,0.125,0.16281939217170524,-0.5756772835846766,0.3597532398253922,-2.2949729900555926
0.21201467944158917,-0.562536681344855,0.2465938049462818,1790756007,260389777,0.12399999797344208,0.16553052006036487,-0.5757999391902322,0.36078359615093203,-2.2575138230790484
0.2196961875640181,-0.5626711337227678,0.24768480668974097,1790756007,310135749,0.12600000202655792,0.1681703802874346,-0.575932613220677,0.3619005011310721,-2.220486229752222
0.22698769281279335,-0.5629473009212157,0.24999502883949384,1790756007,360667418,0.12700000405311584,0.17077868895084072,-0.5760771600963864,0.36311954303680927,-2.1832873482578927
0.23261119075883094,-0.5635491392708382,0.2551134108020762,1790756007,410325048,0.125,0.17326966558195184,-0.5762283591524631,0.36439662439352966,-2.1471131169037525
0.23999593713434325,-0.5637716486032182,0.25696244060140144,1790756007,460675392,0.12700000405311584,0.17570846359602002,-0.5763895656909536,0.36576000465463687,-2.1109992796610615
0.24612419128991997,-0.5642106973582446,0.2606798253856696,1790756007,510358161,0.12700000405311584,0.17803090705638228,-0.5765559533576536,0.367168793481389,-2.075882395752169
0.2507091397280351,-0.5648419211413385,0.2660588392125427,1790756007,560166318,0.125,0.18019604111337573,-0.5767231275226546,0.36858561551358465,-2.0424239920968628
0.25662810725407814,-0.565190184394892,0.26899891431772216,1790756007,610617552,0.12600000202655792,0.182235361847514,-0.5768919568331853,0.3700176673459057,-2.010195354081516
0.2601536452535856,-0.5659380848561213,0.275387764992078,1790756007,660146746,0.12300000339746475,0.18428275063006952,-0.5770733520404595,0.37155747960919155,-1.9770556777567767
0.26691148244931967,-0.5662817372735672,0.2782814260912745,1790756007,710566711,0.125,0.18639693771041055,-0.5772741682646187,0.3732633956770499,-1.9419052488768227
0.27129086815331976,-0.5668807085680159,0.28338536390118724,1790756007,760415415,0.12399999797344208,0.1883290544095543,-0.5774707189082515,0.3749341958912903,-1.9088470041238463
0.27384982863813845,-0.5676322439895943,0.28981329740284434,1790756007,810162461,0.12099999934434891,0.19011178877212867,-0.5776641079997394,0.3765790868893289,-1.877447565257445
0.2789267533874048,-0.5680553528523319,0.2934024877493078,1790756007,860354870,0.12200000137090683,0.19181518570566738,-0.5778606810177515,0.3782519464989061,-1.846536015598163
0.2845315784381113,-0.5684066850173487,0.29637146162452577,1790756007,910371760,0.12399999797344208,0.19342163533953816,-0.5780576329331286,0.37992884891203804,-1.8164631297731744
0.2877274931878021,-0.5689958070858547,0.30140054708349845,1790756007,960681734,0.12300000339746475,0.1949409709726673,-0.5782552646029973,0.38161229545918757,-1.7870908464989428
0.2898453944086532,-0.5696461919430857,0.3069641219972158,1790756008,10512753,0.12099999934434891,0.19635690892985924,-0.5784504101000473,0.38327525268506757,-1.7587957392923073
0.29323856593280323,-0.5701409671683593,0.3111820191116456,1790756008,60364855,0.12099999934434891,0.19768169882401657,-0.5786435843070266,0.3849220387175514,-1.7314099795857352
0.2956209521478575,-0.5707001328565324,0.31596069494953216,1790756008,110411727,0.11999999731779099,0.19892645243358686,-0.5788354295684927,0.38655807470746034,-1.7047684017691136
0.29856739459455445,-0.5711796629944652,0.3200514233403582,1790756008,160397320,0.11999999731779099,0.20008265138406875,-0.5790235996251735,0.38816329726236953,-1.679126439452492
0.30129922432052825,-0.571648615030161,0.3240531346559377,1790756008,210187070,0.11999999731779099,0.2011546352151485,-0.5792076187809204,0.38973358906575817,-1.6544781885946234
0.3030336904525277,-0.5721765225911877,0.32856887862939455,1790756008,260827026,0.11900000274181366,0.20216785397793116,-0.579390982675363,0.39129873795113573,-1.6303035826148853
0.30625258016675627,-0.5725680424538362,0.33190217803008903,1790756008,310838620,0.11999999731779099,0.20309835715588842,-0.5795684067621991,0.3928135934695959,-1.6072496743650817
0.3066751625053983,-0.573114414206448,0.33658707179416786,1790756008,360381481,0.11800000071525574,0.20394741484726484,-0.5797387478805214,0.3942683359382706,-1.5854043040757415
0.31043580120703934,-0.5734280641112267,0.33924775619271924,1790756008,410499816,0.11999999731779099,0.2047398742952547,-0.5799058836196825,0.39569603557255856,-1.5642243147111925
0.3122789755606215,-0.573836427768752,0.3427368221322651,1790756008,460218269,0.11999999731779099,0.20546314525395135,-0.5800661275887355,0.39706516273198694,-1.5441375927569265
0.31219484473083003,-0.57433470626074,0.347013171074095,1790756008,510451039,0.11800000071525574,0.20613552416136152,-0.5802224953683046,0.39840144433335056,-1.524730113170899
0.3146392623796523,-0.5746617915142122,0.34979988883736757,1790756008,560247734,0.11900000274181366,0.2067451151066954,-0.5803711777839985,0.39967229147866334,-1.5064419635324733
0.3142219738965486,-0.5751144223721342,0.3536872615459156,1790756008,609965670,0.11699999868869781,0.20730138666638076,-0.5805132974817594,0.4008872601376743,-1.4891025458826208
0.31729686346872576,-0.5753553139534051,0.355729215225109,1790756008,660217717,0.11900000274181366,0.2077932783714756,-0.5806447044419502,0.402010829843234,-1.473185578939926
0.31838061928411787,-0.5756571979737964,0.35831079377952535,1790756008,710210903,0.11900000274181366,0.2082207138652209,-0.5807637681124533,0.40302900966601063,-1.458854283305238
0.32222583841464203,-0.5758384034687244,0.3598342995935565,1790756008,760291895,0.12200000137090683,0.20863563215454767,-0.5808841718379294,0.40405879052171556,-1.4444446416150936
0.31857259365055635,-0.5763485422368492,0.3642415603630333,1790756008,810118377,0.11699999868869781,0.20903492411218427,-0.5810050419041771,0.4050927005687346,-1.4300587237011158
0.3203870318995794,-0.5765858478138458,0.3662630340840542,1790756008,860335656,0.11800000071525574,0.20938306637750095,-0.5811148916328949,0.40603246416871475,-1.4170498443383028
0.32303202943366227,-0.5767594472043676,0.3677310722394898,1790756008,910430935,0.11999999731779099,0.20968269809687992,-0.5812131352309469,0.4068730331604258,-1.405465649659654
0.31992125722377956,-0.577134747718755,0.3709768746629274,1790756008,960444288,0.11599999666213989,0.20995005889854218,-0.5813039901523418,0.4076504643707505,-1.3947930263020165
0.3205150812910478,-0.5773434800628017,0.3727631310567321,1790756009,10270233,0.11599999666213989,0.21018789541537503,-0.581387590963415,0.4083658900705327,-1.3850053337705406
0.3239036651744675,-0.5774331226297437,0.37350467569798684,1790756009,60290752,0.11900000274181366,0.21039901437682193,-0.5814641964020996,0.4090215075400587,-1.3760631492184647
0.32437931153488697,-0.5776109270613345,0.3750265086253187,1790756009,110712421,0.11900000274181366,0.21058661026699063,-0.5815343228308834,0.4096217215361022,-1.3678986630043046
0.3247874973289876,-0.5777677435547597,0.3763687976103016,1790756009,160312615,0.11900000274181366,0.21074759957285016,-0.5815961715742466,0.41015112303678747,-1.3607143408932185
0.32322605434343366,-0.5779719798977113,0.3781340712892001,1790756009,210419107,0.11699999868869781,0.2108891308275026,-0.5816519129559256,0.4106282769391034,-1.3542521856472134
0.32160650452819256,-0.578156021970054,0.37972653501297327,1790756009,260357432,0.11500000208616257,0.2110102064533062,-0.5817006825337958,0.4110457737239659,-1.3486080147954114
0.3247522584790059,-0.5781706530212172,0.37982639833418314,1790756009,310283572,0.11800000071525574,0.2111135270356484,-0.5817431392191963,0.4114092453735189,-1.3437015580411447
0.3211150329765291,-0.57838163520947,0.3816665051411432,1790756009,360163878,0.11400000005960464,0.21120051137372264,-0.5817795140129798,0.41172066249171135,-1.3395031431766307
0.3222594332716583,-0.5784283468710056,0.3820579881880717,1790756009,410214027,0.11500000208616257,0.21127307386665795,-0.5818103198303934,0.41198441070636577,-1.3359511659499543
0.32434012249701627,-0.5784342490288314,0.3820916458460848,1790756009,460596261,0.11699999868869781,0.2113330397348792,-0.581836107598102,0.41220520254438053,-1.3329803451988738
0.3254253645139956,-0.5784570553139297,0.3822784830126824,1790756009,510412622,0.11800000071525574,0.21138035935033303,-0.581856674654511,0.41238129939852375,-1.3306126019597764
0.32455335957460907,-0.5785272843378347,0.38288822857318483,1790756009,560751374,0.11699999868869781,0.21141800566611246,-0.581873178222762,0.41252260697505644,-1.328713704182335
0.3246239537310736,-0.5785584407576485,0.38315500133147723,1790756009,610524235,0.11699999868869781,0.2114461344432995,-0.5818855927345968,0.41262890460439855,-1.3272859014005665
0.3237078140920111,-0.5786095862662725,0.383601354105131,1790756009,660469736,0.11599999666213989,0.2114666385489302,-0.581894687772002,0.4127067805136345,-1.3262401966497592
0.3247092430441439,-0.5785963259303847,0.3834793926515282,1790756009,710453117,0.11699999868869781,0.21148011861711707,-0.5819006883690792,0.41275816078678135,-1.3255504308142196
0.32666727314889765,-0.5785498738238058,0.383064806730716,1790756009,760355914,0.11900000274181366,0.2114889869723936,-0.5819046453401768,0.4127920426275824,-1.325095640888795
0.32571109045008484,-0.5785832948693671,0.3833593951588536,1790756009,810310322,0.11800000071525574,0.2114936266647366,-0.5819067184678646,0.4128097939817553,-1.3248573889889197
0.32378211338302976,-0.5786427168760725,0.38388503687650694,1790756009,860125795,0.11599999666213989,0.21149639666341738,-0.5819079571379133,0.4128204002302282,-1.3247150447120184
0.3247527290957549,-0.5786157462596775,0.38364568089095713,1790756009,911107104,0.11699999868869781,0.2114974459642768,-0.581908426546613,0.4128244195972832,-1.3246611024255894
0.32184995027792507,-0.5787007115073021,0.38439845648608845,1790756009,961134994,0.11400000005960464,0.21149793221362068,-0.5819086441073626,0.4128262824873633,-1.3246361017227173
0.3257219515444062,-0.5785881524503125,0.38340098874412015,1790756010,10560271,0.11800000071525574,0.21149793221362068,-0.5819086441073626,0.4128262824873633,-1.3246361017227173
0.32281795239758615,-0.5786725716906402,0.38414908908611434,1790756010,60400308,0.11500000208616257,0.21149793221362068,-0.5819086441073626,0.4128262824873633,-1.3246361017227173
0.32281795239758615,-0.5786725716906402,0.38414908908611434,1790756010,110410365,0.11500000208616257,0.21149793221362068,-0.5819086441073626,0.4128262824873633,-1.3246361017227173
0.32281795239758615,-0.5786725716906402,0.38414908908611434,1790756010,160581246,0.11500000208616257,0.21149793221362068,-0.5819086441073626,0.4128262824873633,-1.3246361017227173
0.3266899536640673,-0.5785600126336506,0.38315162134414604,1790756010,210073061,0.11900000274181366,0.21149793221362068,-0.5819086441073626,0.4128262824873633,-1.3246361017227173
0.3257219515444062,-0.5785881524503125,0.38340098874412015,1790756010,262114271,0.11800000071525574,0.21149793221362068,-0.5819086441073626,0.4128262824873633,-1.3246361017227173
0.32281795239758615,-0.5786725716906402,0.38414908908611434,1790756010,312543208,0.11500000208616257,0.21149793221362068,-0.5819086441073626,0.4128262824873633,-1.3246361017227173
0.3235580551879135,-0.5784883131087235,0.3830388729651461,1790756010,363786564,0.11599999666213989,0.21140716952978936,-0.581813296793274,0.41248581771689086,-1.3294005639101565
0.32318872298768964,-0.5782412945223683,0.3816775521003955,1790756010,410181065,0.11599999666213989,0.21126003447776362,-0.5816623812120459,0.4119474064100239,-1.3369469877235356
0.322936462200082,-0.5774446110558834,0.377189305247737,1790756010,460851493,0.11699999868869781,0.21077732476912522,-0.5811946405554225,0.4102840912819695,-1.3603584500879573
0.3208147424085248,-0.5762402911632317,0.37057499015879375,1790756010,510219039,0.11699999868869781,0.20993497222290589,-0.5804589016916618,0.40768131821680886,-1.3973178142596243
0.3196029595343209,-0.5746286986482404,0.3614902116855925,1790756010,560556374,0.11900000274181366,0.20871250413753828,-0.57952218000814,0.40438964518565335,-1.4447121550303539
0.3154416026011333,-0.5728415031340404,0.35174555443408545,1790756010,610288264,0.11900000274181366,0.20707343175881918,-0.5784302996029385,0.40059333386029805,-1.50045834872413
0.3097836142830085,-0.5711080729411658,0.3425579106033498,1790756010,660379690,0.11800000071525574,0.20519279504097368,-0.5773329077496984,0.39683508933149336,-1.5570535055604717
0.3036477738938849,-0.5694191415838294,0.3337507204716262,1790756010,710064635,0.11699999868869781,0.20310143693847263,-0.5762489501107749,0.3931879775877587,-1.6136030791642324
0.30028966349836095,-0.5674978922615773,0.322998507266134,1790756010,760362387,0.11999999731779099,0.2007724260649935,-0.575164867207989,0.38961334273896014,-1.670944205260076
0.29466279791863953,-0.5657304893949628,0.3135534974000025,1790756010,810365962,0.12099999934434891,0.19825209929519996,-0.5741017944884861,0.3861888764057177,-1.7280381695114715
0.2877087820851586,-0.5640700082077077,0.30503207499792595,1790756010,860626075,0.12099999934434891,0.19553745243161116,-0.5730558657267382,0.38290826003467004,-1.785162113834141
0.28113557619162854,-0.5624042657515883,0.29635954405290715,1790756010,910254251,0.12200000137090683,0.1926883987709145,-0.572045949060981,0.3798349001993255,-1.8413254333809075
0.27394568098928435,-0.5607581643416556,0.28792476629017244,1790756010,960579947,0.12300000339746475,0.1896294472082844,-0.5710427784905564,0.3768854332648098,-1.8982153533570898
0.2649829139068778,-0.5593358344315654,0.2814027990617692,1790756011,10825977,0.12200000137090683,0.18641432685715703,-0.5700631415023889,0.37411688831750195,-1.9549572053166047
0.25703576553601803,-0.5578131989474612,0.27392429945232344,1790756011,60473181,0.12300000339746475,0.18309396050165785,-0.5691188573606007,0.37156544032993927,-2.010897369999138
0.2485437380962452,-0.556324832711753,0.2667948574744036,1790756011,110741515,0.12399999797344208,0.1795969012600452,-0.5681872579867501,0.3691746213649849,-2.0674233978018433
0.23918126361450856,-0.5549984044464039,0.2610115728127859,1790756011,160616674,0.12399999797344208,0.17599633461302655,-0.5672861801323539,0.36699588680869333,-2.1235171035028024
0.23002680432534503,-0.5536378617914256,0.2548949555211766,1790756011,210201720,0.125,0.17229810946911622,-0.5664140443895808,0.3650274527616143,-2.1792931915143705
0.22076811194433435,-0.552212735746201,0.24829290744165106,1790756011,260368878,0.12700000405311584,0.1684396638633034,-0.5655548405377288,0.3632395158764117,-2.23584671798677
0.2096566227516874,-0.5512793982338232,0.24589217134628572,1790756011,310188120,0.125,0.1645028739994942,-0.5647255102896954,0.3616736078730655,-2.292125543265198
0.19936282796535584,-0.5500840885600123,0.2412763087951021,1790756011,360700215,0.12600000202655792,0.16044548827667723,-0.5639154886524675,0.36031467888530044,-2.348901672480696
0.18821879651306678,-0.5493090876744523,0.24015643491625802,1790756011,410435688,0.12399999797344208,0.15639728180271117,-0.5631480224531398,0.3592021176735235,-2.40454494522215
0.17774271153415575,-0.5482690894028615,0.23674836790344767,1790756011,460404411,0.125,0.15229008805189684,-0.5624071466581783,0.35831020111978146,-2.4601907596219537
0.16741381327124077,-0.5470723996652803,0.2319491777099798,1790756011,510247578,0.12800000607967377,0.14816471530656777,-0.5616979818500119,0.3576455027545117,-2.5154551321449867
0.15641243656598972,-0.5464083118903079,0.23165777510903293,1790756011,561051470,0.12700000405311584,0.14405279879350258,-0.5610232741929835,0.35720714093983164,-2.5700912342623377
0.1459718147736055,-0.5459640528015482,0.23296837425833164,1790756011,610665470,0.125,0.14013180431325323,-0.5604076101216469,0.3569936859078655,-2.6219247264620407
0.13504633350262385,-0.545659764904145,0.23580725239272737,1790756011,660211220,0.12200000137090683,0.13594252924134007,-0.5597777742089477,0.3569843087234069,-2.677177701827162
0.1235012445739201,-0.545038387756408,0.23630193549207815,1790756011,710272240,0.12200000137090683,0.13145798114646742,-0.5591332684099067,0.35722350105000494,-2.736352321288477
0.11213393906036694,-0.5442819777334615,0.2354391990923942,1790756011,760183851,0.12399999797344208,0.12713645796330963,-0.5585394893158954,0.35769977036317324,-2.7935876171921254
0.10118377405647389,-0.5438382324266859,0.23714330426660954,1790756011,810627715,0.12399999797344208,0.12292522458431988,-0.5579851273091448,0.3583999502351647,-2.8497423105525383
0.0909518187806192,-0.5436955392522532,0.24133920038860934,1790756011,860621762,0.12200000137090683,0.11881456049510938,-0.55746584630981,0.35931397142968186,-2.9050921667013596
0.08148924988246023,-0.5437295048013437,0.2469621469104808,1790756011,910160410,0.11900000274181366,0.11481258715420309,-0.556979925421961,0.3604301256489868,-2.9596624543238286
0.07072769045747426,-0.543164152896533,0.24732755291352887,1790756011,960367634,0.12200000137090683,0.11095864544173825,-0.5565294239218469,0.3617252807142824,-3.0130297351774282
0.061785049845922445,-0.5431072173139478,0.25180950456240425,1790756012,10133005,0.12099999934434891,0.10733874930336472,-0.5561212279160767,0.3631490565424672,-3.064059159517409
0.052711906402425505,-0.5430962323219004,0.25690269894461837,1790756012,60152598,0.11999999731779099,0.10363109775851104,-0.5557175386296122,0.36482831191484477,-3.117428331395331
0.04316289222076073,-0.5430340225091117,0.2617366369620714,1790756012,110101294,0.11999999731779099,0.0998843670261027,-0.5553236473204604,0.3667682454148275,-3.172722513808015
0.03515986719920226,-0.5433307873292059,0.2697980377450901,1790756012,160276823,0.11699999868869781,0.09613092499884818,-0.5549426835109591,0.3689781449794126,-3.229779706443118
0.025240722925404704,-0.5432880103771685,0.2751006261208487,1790756012,210557353,0.11800000071525574,0.09240574142048093,-0.5545772987279369,0.3714614710107189,-3.2884012177531794
0.01656300454621927,-0.5434011735798235,0.2814987504877758,1790756012,260395946,0.11800000071525574,0.08896604659268091,-0.5542505579897756,0.37404112202181283,-3.344676498783803
0.009106551697928678,-0.5436530622794441,0.28893546721754626,1790756012,310501540,0.11699999868869781,0.08575077904862305,-0.553953783566706,0.37673385699738515,-3.3995504127369065
0.0017061216780519806,-0.5438539492871833,0.2957161420033603,1790756012,360373189,0.11699999868869781,0.08280229148653305,-0.5536883890902242,0.3794758860891063,-3.4522182881427033
-0.0029682708347399944,-0.5443319938829324,0.30471270740048606,1790756012,410647080,0.11400000005960464,0.08006931980610069,-0.5534475995725222,0.3822863130087466,-3.5034838002329636
-0.007339302585058077,-0.5448357171780225,0.3141194848600237,1790756012,461174434,0.11100000143051147,0.07737420365558065,-0.5532144300828062,0.38535444360957327,-3.5568778158801604
-0.014316070257170396,-0.5450693829663145,0.32123582892463987,1790756012,510294238,0.1120000034570694,0.07483334785557873,-0.5529975312846324,0.3885672962247407,-3.6104244874479687
-0.018760507675865845,-0.5455674798772701,0.3308645844114735,1790756012,560261258,0.10999999940395355,0.07233875104253286,-0.5527863440113983,0.39209213483153393,-3.666865934972235
-0.023660419963202464,-0.5460378191642079,0.3404453794385697,1790756012,610413611,0.10899999737739563,0.06995879699013209,-0.5525848134424922,0.3958852433564839,-3.7253877992594338
-0.028661959286235744,-0.5464606653706516,0.34939176716957043,1790756012,660464427,0.10899999737739563,0.06788024184269476,-0.552406157742731,0.3996436721076613,-3.781518175306133
-0.031167462168389254,-0.5469927572969773,0.3590289217596158,1790756012,710269280,0.10700000077486038,0.06608312530862985,-0.5522473335022087,0.4033427213044325,-3.8352672972910713
-0.03472660125112695,-0.5474089171235069,0.36731086323511586,1790756012,760214151,0.10700000077486038,0.0645865169087782,-0.5521102486066358,0.4068558023482639,-3.8851909439385754
-0.034831582829078264,-0.5479301947256969,0.3761168642934067,1790756012,810313661,0.10400000214576721,0.06335040771509559,-0.5519914224163531,0.410172753780366,-3.9314861610044316
-0.036698357682058716,-0.5482201380330691,0.3817427530959125,1790756012,860455108,0.10400000214576721,0.06255109706777277,-0.5519096581511853,0.4125961746157173,-3.9648712133697477
-0.03874687163614065,-0.5483742557826724,0.38506164181018915,1790756012,910415164,0.10499999672174454,0.062084799657037,-0.5518592928901449,0.4141447622093224,-3.98603488139799
-0.040247492084950987,-0.5484414837762936,0.386676116317428,1790756012,960640545,0.10599999874830246,0.06185568235920495,-0.5518336375729396,0.41495039430443037,-3.9969974038482023
-0.038388343190942975,-0.548518110891872,0.3874508021127212,1790756013,10271721,0.10400000214576721,0.06182682176736337,-0.5518303109317257,0.41505425279547153,-3.9984084659753067
-0.03842097625408395,-0.548524256779316,0.38756818482143635,1790756013,62632960,0.10400000214576721,0.06181283183025032,-0.5518286942895467,0.4151047941982897,-3.9990949630737305
-0.037457187704604274,-0.5485560302806495,0.3878329604427175,1790756013,110328483,0.10300000011920929,0.06181283183025032,-0.5518286942895467,0.4151047941982897,-3.9990949630737305
-0.037457187704604274,-0.5485560302806495,0.3878329604427175,1790756013,160512299,0.10300000011920929,0.06181283183025032,-0.5518286942895467,0.4151047941982897,-3.9990949630737305
-0.037457187704604274,-0.5485560302806495,0.3878329604427175,1790756013,210068781,0.10300000011920929,0.06181283183025032,-0.5518286942895467,0.4151047941982897,-3.9990949630737305
-0.037457187704604274,-0.5485560302806495,0.3878329604427175,1790756013,260396357,0.10300000011920929,0.06181283183025032,-0.5518286942895467,0.4151047941982897,-3.9990949630737305
-0.03842097625408395,-0.548524256779316,0.38756818482143635,1790756013,310589840,0.10400000214576721,0.06181283183025032,-0.5518286942895467,0.4151047941982897,-3.9990949630737305
-0.03842097625408395,-0.548524256779316,0.38756818482143635,1790756013,362036660,0.10400000214576721,0.06181283183025032,-0.5518286942895467,0.4151047941982897,-3.9990949630737305
-0.03842097625408395,-0.548524256779316,0.38756818482143635,1790756013,412408403,0.10400000214576721,0.06181283183025032,-0.5518286942895467,0.4151047941982897,-3.9990949630737305
-0.04112216371907307,-0.5483048089436623,0.3861044308541895,1790756013,462668043,0.10700000077486038,0.061893078426348475,-0.5517500538914843,0.41482707590630463,-3.995360682342494
-0.03789140316150121,-0.5481809296869999,0.38572864233828297,1790756013,510214881,0.10400000214576721,0.06203994658843746,-0.5516088799341811,0.4143289035360041,-3.988652344858527
-0.0350186170503656,-0.5476589528392115,0.38314946830613766,1790756013,560365827,0.10199999809265137,0.06245212310626855,-0.5512293342747301,0.412994179740891,-3.970614673778298
-0.03529605443319764,-0.5466609779140532,0.37761735868719176,1790756013,610457189,0.10400000214576721,0.06315187426687963,-0.5506334051295947,0.4109073812615506,-3.942209485141355
-0.03479814640120392,-0.5453684033180222,0.3704834649742207,1790756013,660381912,0.10599999874830246,0.06416392379711591,-0.5498564511558921,0.40819773048884966,-3.90490702358763
-0.03150833934426525,-0.5438861897701371,0.3626087433739376,1790756013,710719979,0.10599999874830246,0.06555501179422578,-0.5489067330036926,0.4049112225689696,-3.8589252559023373
-0.02875939482413367,-0.5423773554072994,0.3544874157998574,1790756013,760381127,0.10700000077486038,0.06709536862731232,-0.5479693549880873,0.4017059929721518,-3.8131484087049983
-0.024687703927357488,-0.5409218888375945,0.3468639686003516,1790756013,810153202,0.10700000077486038,0.0688060168042167,-0.5470311824167882,0.3985418253820503,-3.7668898222677463
-0.021870776636431527,-0.5393422054322357,0.33826290328417913,1790756013,860572843,0.10899999737739563,0.07070312835373443,-0.5460875939813009,0.3954080804775882,-3.719813962288786
-0.016960329822768877,-0.5379107504037844,0.33088726953794967,1790756013,910552492,0.10899999737739563,0.07274395648914458,-0.5451601601637225,0.39238187502229294,-3.6729463488160783
-0.010949742693397685,-0.5365924529645746,0.3244198379971917,1790756013,960170798,0.1080000028014183,0.07491161266875337,-0.5442539029989152,0.389482349813537,-3.626501143793946
-0.008409509126431208,-0.5349190996887969,0.3149909110218746,1790756014,10553902,0.1120000034570694,0.07725134550603185,-0.5433490122732062,0.38665090915080846,-3.579419298125904
-0.0026394633329112765,-0.5336257183481203,0.3085591811796192,1790756014,60539135,0.1120000034570694,0.07961140396327801,-0.5424996347359528,0.38405785144175014,-3.5345167739136554
0.0017826976164445063,-0.532246586857919,0.3012151586760994,1790756014,110473256,0.11400000005960464,0.08199575487648211,-0.5416956948989289,0.3816675036749688,-3.491317927262047
0.008422868607225964,-0.530967823070246,0.2950539266881339,1790756014,160266831,0.11400000005960464,0.08468347913025705,-0.5408449950821183,0.3792130662351392,-3.4447895093784053
0.015961035919092634,-0.5296232204917833,0.28872855015636334,1790756014,210705870,0.11400000005960464,0.0877344890892265,-0.5399397477723846,0.37669525237085516,-3.3942740716220507
0.020827281322329902,-0.5280507867166502,0.2800467191578478,1790756014,260647353,0.11800000071525574,0.09066209998123251,-0.5391231354006765,0.3745162982100373,-3.3477192879650093
0.028531901221525255,-0.5270536547506222,0.2759592123518204,1790756014,310835864,0.11699999868869781,0.09349651154535009,-0.5383749520190604,0.37260509859013136,-3.3041534532912546
0.03520812457270954,-0.5257494323356409,0.26946535255989873,1790756014,360182687,0.11900000274181366,0.09656806179435751,-0.5376058589817536,0.3707342219319443,-3.2583653113684408
0.043380785602589074,-0.5244987542697678,0.26378173351939316,1790756014,410419726,0.11999999731779099,0.09997772457702127,-0.5367967553364713,0.3688795214350177,-3.2089998569337492
0.0525960320393435,-0.5235221661273675,0.2603535828573355,1790756014,461403137,0.11900000274181366,0.10342655032818578,-0.5360210844561136,0.36722283055586974,-3.160390997764009
0.06028163855795165,-0.5223361947885136,0.2548545819496104,1790756014,510938452,0.12099999934434891,0.10676106484998767,-0.5353077307278667,0.36581584558818697,-3.114458282225583
0.06929170289721709,-0.5215216881687482,0.25250268650093166,1790756014,560468044,0.11999999731779099,0.11014627277055992,-0.5346169111310007,0.3645714984527985,-3.068729976722282
0.07744607426779589,-0.5204292096756317,0.24774918925585115,1790756014,610041813,0.12200000137090683,0.11357882176037831,-0.5339476411871799,0.363488883840752,-3.023140030159994
0.08663640635799602,-0.5195842709438386,0.24521990515204134,1790756014,660675677,0.12200000137090683,0.11714932966552286,-0.533282149817811,0.3625456481076444,-2.976406974848711
0.09544025613425147,-0.5185723867051183,0.24120420110871502,1790756014,710636243,0.12399999797344208,0.12072809663637957,-0.5326439604008844,0.3617799674711031,-2.930137756991642
0.10471803740408078,-0.5178464711745876,0.2395702508480665,1790756014,760256123,0.12399999797344208,0.12429679733971016,-0.5320342589571886,0.3611900614655498,-2.8844500922301606
0.11420683605011629,-0.5172851166959584,0.2393532147787596,1790756014,810307004,0.12300000339746475,0.12790381839558826,-0.5314431516013127,0.3607655022871619,-2.8386153298669896
0.12312504567992509,-0.5163314875142447,0.23563381504888142,1790756014,860449348,0.12600000202655792,0.13142769512537442,-0.5308884893780164,0.36051439888646897,-2.7940692345426505
0.1321260942313233,-0.515906207034581,0.23629324535532797,1790756014,910454423,0.125,0.13484762668791095,-0.53037051747807,0.3604237290588974,-2.7509655034225573
0.14171658795099681,-0.5149208364390195,0.23239838592328488,1790756014,960290239,0.1289999932050705,0.1384800925381625,-0.5298411240703466,0.3604917439140465,-2.7052277852706768
0.1518668186321811,-0.514653286263239,0.23495693482582888,1790756015,10580231,0.12700000405311584,0.14234607247484446,-0.5292996100653364,0.3607497868532121,-2.65648426348662
0.16185186656212436,-0.5140019969752684,0.23400799056132088,1790756015,60103889,0.1289999932050705,0.14603749334460994,-0.5288026550985506,0.36117655729761433,-2.609770234820642
0.1711232786067783,-0.513870349571987,0.23743452492599693,1790756015,110106270,0.12700000405311584,0.14964434067123047,-0.5283351658899769,0.36176644095538635,-2.56385864103722
0.18065539528824265,-0.5135590898360531,0.239353115024162,1790756015,160635393,0.12700000405311584,0.15325709926948802,-0.5278839958393856,0.36253238062010484,-2.5174961657053005
0.18990876218119673,-0.5133053441161046,0.24166966058856548,1790756015,210233124,0.12700000405311584,0.15676418400570388,-0.5274616192557782,0.3634483033845416,-2.472018418528026
0.19943569046654636,-0.5129906248443599,0.24349328236045975,1790756015,260437135,0.12800000607967377,0.16025898315477044,-0.5270554356887165,0.36453611881316533,-2.426121953455069
0.2080725596735738,-0.5129483653418817,0.24758283859456803,1790756015,310004052,0.12700000405311584,0.1636484309823287,-0.5266749352959857,0.36576523617056167,-2.3809356182403865
0.21629627695043668,-0.5129522246482278,0.25197326398518427,1790756015,360446943,0.12600000202655792,0.16691378489518702,-0.5263203831331447,0.3671195289173476,-2.3366501704506053
0.22565793372878698,-0.512582973881204,0.2529620399647585,1790756015,410641205,0.1289999932050705,0.16998621917934922,-0.5259972130208683,0.36855493176325127,-2.294185232883241
0.2347451264474134,-0.512473143725239,0.2564888151568954,1790756015,460822947,0.12999999523162842,0.17321946119175816,-0.5256678112294997,0.37024509860763266,-2.2485204044113236
0.241535153545673,-0.5129120684027711,0.26496176208403494,1790756015,510294715,0.12600000202655792,0.17652658676535452,-0.5253415436015283,0.3721783415022618,-2.2005869399953015
0.25033687788141834,-0.5128965132768443,0.269401981070016,1790756015,560318180,0.12700000405311584,0.17966695496278035,-0.5250414399304227,0.3742221307586346,-2.1537191231506823
0.25809312328684775,-0.5130206608841136,0.2748833296555272,1790756015,610259051,0.12700000405311584,0.18260667603867559,-0.5247687732596906,0.3763366645782944,-2.1084375474270645
0.26810945573093464,-0.512829738930665,0.2776314068201905,1790756015,660220321,0.13099999725818634,0.18544638570781857,-0.5245126375787603,0.37858350444662203,-2.0631698804127145
0.272818685045356,-0.5133930459868788,0.2868995853974144,1790756015,710347711,0.12700000405311584,0.18818792835654574,-0.5242717400510879,0.38096493537937204,-2.0177833489972947
0.27838010852976136,-0.5138032745842167,0.29485346333922197,1790756015,760566000,0.125,0.19082677006517113,-0.5240454441684979,0.38347914181849646,-1.9722382230841111
0.28563981498203084,-0.5139984933863803,0.30089893846389837,1790756015,810251306,0.12600000202655792,0.19332503664602893,-0.5238357946321689,0.38608819668151073,-1.9271061326562282
0.2918969054538157,-0.5143114604201651,0.307966457131241,1790756015,860186261,0.12600000202655792,0.1957082418031409,-0.5236395552071674,0.3888164920318807,-1.881850992825709
0.2954403446588779,-0.5148671007740705,0.31712856273243784,1790756015,910213262,0.12300000339746475,0.19796342469284187,-0.5234566960619229,0.39165016874372993,-1.8366141127813236
0.29994169661379294,-0.5152850245306475,0.32494962481550865,1790756015,960285773,0.12200000137090683,0.2000201743692646,-0.5232917433085873,0.3944879752507072,-1.7928392203848325
0.30559878790977124,-0.5155866950225378,0.33162070148989525,1790756016,10432497,0.12300000339746475,0.201890507766792,-0.5231426483026841,0.3973207854745442,-1.7504445496638745
0.3103853481622935,-0.5160028373771464,0.33952675365871016,1790756016,60342164,0.12300000339746475,0.2037411036235371,-0.5229951288427395,0.4004128259790237,-1.705446046772512
0.3141575945565267,-0.5165221847191338,0.348573330211629,1790756016,110290165,0.12200000137090683,0.20554367347865873,-0.522850091506734,0.40377273309136474,-1.6578318467781699
0.3164779312577588,-0.5170952028806239,0.35799401920049556,1790756016,160744335,0.11999999731779099,0.2071526771256607,-0.5227185038357819,0.4071505716791808,-1.6110947676864826
0.3190799565496032,-0.5176064898738427,0.36666618233884124,1790756016,210256761,0.11900000274181366,0.20853754656670126,-0.5226020133145465,0.4104431282496407,-1.5664626143372116
0.3247450696744483,-0.5179262085713362,0.373242289715937,1790756016,260213725,0.12200000137090683,0.20965426623677513,-0.5225024944320706,0.4134562786537803,-1.5262944303237853
0.3260747477816719,-0.5183647853432722,0.38043781333871385,1790756016,310293523,0.12099999934434891,0.21053982879132432,-0.5224177870113869,0.4161625318499144,-1.4906897429154797
0.32846534951772766,-0.518617822486548,0.3849756505293953,1790756016,360218061,0.12200000137090683,0.2110959209242586,-0.5223612772457391,0.4180574296927011,-1.4659891493450588
0.32731776434219273,-0.5188457839985001,0.38833868267827965,1790756016,410372266,0.11999999731779099,0.21139953807621217,-0.5223289648599493,0.4191742405085706,-1.451510316262984
0.3276869074181228,-0.5189288192803355,0.3897403296200232,1790756016,462123827,0.11999999731779099,0.2115438181571571,-0.5223131608337565,0.4197291342884154,-1.444336736869456
0.32867151217259266,-0.518904460771864,0.3895549760621458,1790756016,510439083,0.12099999934434891,0.21155033104390855,-0.5223124389217659,0.4197545531665391,-1.444008252843702
0.3286798239098962,-0.5189063712816419,0.38958705448755426,1790756016,560448418,0.12099999934434891,0.2115535640757547,-0.5223120803109257,0.419767184450917,-1.4438450336456299
0.3306157990806723,-0.5188500784560286,0.3890882083505513,1790756016,610426419,0.12300000339746475,0.2115535640757547,-0.5223120803109257,0.419767184450917,-1.4438450336456299
0.3277118363245082,-0.5189345176944485,0.3898364775560557,1790756016,660373013,0.11999999731779099,0.2115535640757547,-0.5223120803109257,0.419767184450917,-1.4438450336456299
0.3315837794540054,-0.5188219322529288,0.3888387871403926,1790756016,710200338,0.12399999797344208,0.21155356407575468,-0.5223120803109259,0.41976718445091693,-1.4438450336456299
0.3296478114952842,-0.5188782248688354,0.38933763141905264,1790756016,762843652,0.12200000137090683,0.21155356407575468,-0.5223120803109259,0.41976718445091693,-1.4438450336456299
0.326743855951175,-0.5189626638975484,0.3900858987662143,1790756016,812640337,0.11900000274181366,0.2115535640757547,-0.5223120803109257,0.419767184450917,-1.4438450336456299
0.32946081001485666,-0.5187503567594581,0.3886302574896178,1790756016,864728169,0.12200000137090683,0.211481305862718,-0.5222351240630746,0.41949598818494405,-1.4476592411177185
0.3282088589149127,-0.5185873623405249,0.3878258705840961,1790756016,910310982,0.12099999934434891,0.2113706363392991,-0.5221194294088477,0.4190885334413878,-1.453396697436945
0.32929840226815843,-0.5179874904744368,0.3843149270687026,1790756016,960323271,0.12300000339746475,0.21104680625931826,-0.521794124088706,0.41794631743046295,-1.469528050982834
0.3250118322254536,-0.5172383070664154,0.3805143202575735,1790756017,10340272,0.11999999731779099,0.21049857476808476,-0.5212826004312053,0.4161563868917029,-1.4949531640550486
0.3221348697134335,-0.5162218036470207,0.375069554672927,1790756017,60411116,0.11900000274181366,0.2097423775258171,-0.5206417874100727,0.41392045036327885,-1.526985371266059
0.32144745210787146,-0.5148882450771197,0.3675303425318994,1790756017,110849961,0.12099999934434891,0.20873834348425907,-0.5198768069759954,0.4112655791813594,-1.5654693012925616
0.31840873834226635,-0.5135568330957256,0.360289677849884,1790756017,160372230,0.12099999934434891,0.20755321142238933,-0.5190653234991771,0.4084737885724442,-1.6065534329467943
0.31297113449859704,-0.5122239776468787,0.35342352408765243,1790756017,210624722,0.11900000274181366,0.20613178244474034,-0.5181883870316827,0.40548866910765774,-1.6512925284274145
0.3100552370895227,-0.5108150209281929,0.3457150255108054,1790756017,260497270,0.11999999731779099,0.20463562608975816,-0.517350561487789,0.4026710759578127,-1.6944277027012244
0.30778524556092496,-0.5094005485977732,0.33781080976603184,1790756017,310160863,0.12200000137090683,0.2030715095817285,-0.5165468759677483,0.4000037662555054,-1.7362047843348554
0.30258877948587815,-0.5081640014093776,0.33149549181521537,1790756017,360492948,0.12099999934434891,0.20137805764376676,-0.5157429986221681,0.39737377675630736,-1.778437548753246
0.3004960848873458,-0.5067142394186684,0.32323963254149013,1790756017,410024689,0.12399999797344208,0.19960829803805794,-0.5149626267663652,0.3948609845828238,-1.8199013375306528
0.294749719048978,-0.5055241834977109,0.3173072904990628,1790756017,460289941,0.12300000339746475,0.1977019149288092,-0.5141782371059604,0.39237946848382116,-1.8620854631370827
0.2895900607935069,-0.5043017511806024,0.31105195687625004,1790756017,510046507,0.12300000339746475,0.19570780890343334,-0.5134098895454378,0.3899960220829021,-1.9039428688083442
0.2843305681975042,-0.5031381632554766,0.3051774466736877,1790756017,560527537,0.12300000339746475,0.19367509185910256,-0.5126731118316659,0.38775874117361225,-1.9446241751193047
0.2812893211957471,-0.5018216828949341,0.2977349273506935,1790756017,610177121,0.12600000202655792,0.19167508560825716,-0.5119875439036569,0.3857232479433368,-1.982997754224801
0.27664568778692455,-0.500489717371981,0.29054452132586406,1790756017,660833429,0.12800000607967377,0.1893877905310451,-0.5112450167204189,0.38357346552499166,-2.025175520584537
0.27006007839609725,-0.4992997140324563,0.2847658823103024,1790756017,710416180,0.12800000607967377,0.18690442875103921,-0.5104824979905167,0.38143068889187187,-2.0692030959231493
0.26216950157497426,-0.49835355870882997,0.2809719487771354,1790756017,760388116,0.12600000202655792,0.1843944844941247,-0.5097522318173301,0.37944589193029504,-2.112112546453844
0.2567358376220423,-0.4971114797889613,0.274481867901092,1790756017,810447006,0.12800000607967377,0.1818799704614338,-0.5090565751940868,0.37762213842522974,-2.1537272499196085
0.25034186495388266,-0.4959753769746255,0.2689479383770521,1790756017,861024639,0.1289999932050705,0.1792611090787591,-0.5083660970081815,0.3758824718458028,-2.1958084147239094
0.24333767202885115,-0.49498962838861865,0.2646068492973356,1790756017,910400463,0.1289999932050705,0.17663267024217977,-0.5077044059799255,0.3742871821485446,-2.236921954054978
0.23676344140252314,-0.4939519491155223,0.25974272888177286,1790756017,960612566,0.12999999523162842,0.17398435999400128,-0.5070663827084864,0.37282145070538264,-2.277358471128801
0.2302011705116872,-0.4929719696797468,0.25523832806515573,1790756018,10768105,0.13099999725818634,0.17136590752829037,-0.5064613056323067,0.37150289242970463,-2.316488224813031
0.22281931742037328,-0.49210210361838214,0.2517847224388788,1790756018,60813903,0.13099999725818634,0.1686223910417117,-0.5058524907408333,0.3702525210456457,-2.35669512301296
0.21406495288197627,-0.4915754568185024,0.25133831030270737,1790756018,110290848,0.12800000607967377,0.16578919876636974,-0.5052485454779249,0.3690944131911674,-2.397472938724519
0.20633542655329726,-0.49061687152912004,0.2473922294843735,1790756018,160532914,0.1289999932050705,0.16274709047755864,-0.504625916040934,0.3679940614643344,-2.440532613235852
0.19734376902270445,-0.4900099885460545,0.24655327394436002,1790756018,210039970,0.12700000405311584,0.15959585182104044,-0.5040069012800947,0.36700318971993634,-2.484456879094944
0.1896163816807276,-0.4890218015730175,0.24232905802388197,1790756018,260366824,0.1289999932050705,0.1564728721322871,-0.5034175699591076,0.3661647066647104,-2.5274113069188315
0.1818275062433633,-0.48821685970197093,0.23946843250191532,1790756018,310111408,0.12999999523162842,0.1534680602595843,-0.5028716492226661,0.36548818384201537,-2.568288620009119
0.1737675543349605,-0.4874385237538021,0.23688997564400902,1790756018,360518864,0.13099999725818634,0.15039135868700004,-0.5023327259608119,0.3649240160367491,-2.6097665332879108
0.16546752714186574,-0.4868154354337345,0.23562037884320827,1790756018,410623181,0.13099999725818634,0.14730648345093678,-0.5018114690280199,0.3644857921632301,-2.651047011205748
0.15703363356420383,-0.48634787658916534,0.23567376685406918,1790756018,460691942,0.12999999523162842,0.144208563980983,-0.5013061774272117,0.36417188196260863,-2.6922659150097212
0.14860148930118644,-0.48603711783286846,0.23705973290477758,1790756018,510711832,0.12800000607967377,0.14110325709371074,-0.5008169102199478,0.36398229121162123,-2.733414656015889
0.14061228183233826,-0.4854339921592048,0.23580789906895722,1790756018,560735333,0.1289999932050705,0.13808314835627022,-0.5003567343159593,0.36391688976551795,-2.7733367367859993
0.13283380202451633,-0.4849981878373425,0.2358525893343826,1790756018,610458630,0.1289999932050705,0.13516408260950222,-0.49992593125291546,0.3639647687546949,-2.811890201435777
0.12451640608894311,-0.48457024878404525,0.23622275787309793,1790756018,660341946,0.1289999932050705,0.1320428774479309,-0.4994798445447939,0.36413700426513057,-2.8531410602487246
0.11600661990042105,-0.4845045371260203,0.23994455876794174,1790756018,710408003,0.12600000202655792,0.12873563681597444,-0.4990227150845824,0.36445638610904085,-2.896952452533274
0.10764313473969286,-0.4839292872353137,0.23900895167761363,1790756018,760466514,0.12800000607967377,0.1256579112094936,-0.4986110809318462,0.3648815631504519,-2.9378894379750156
0.10005013831027705,-0.4836416332469055,0.2402754471833772,1790756018,810508923,0.12800000607967377,0.122794597618765,-0.49823960784711013,0.36538975597630796,-2.9761804695152976
0.09205282375293007,-0.48337325810068166,0.241926350619575,1790756018,860237424,0.12800000607967377,0.11977892729890036,-0.4978599293896554,0.3660448467977026,-3.016789655423462
0.08384675928253829,-0.48323985156145344,0.24499582488622923,1790756018,910367342,0.12700000405311584,0.11658724565138172,-0.49747041929976005,0.366875078755247,-3.060158842258339
0.07512560099615699,-0.4828182390935926,0.245487830940692,1790756018,960368445,0.1289999932050705,0.1135079352405373,-0.49710623361617684,0.36781382113649425,-3.102466522237819
0.06759047477477037,-0.482773967555201,0.24908687389311757,1790756019,10045798,0.12800000607967377,0.11055429883682366,-0.4967672836164664,0.3688462095791967,-3.1435625740944526
0.06014332440734265,-0.4827623105352607,0.25300981594512884,1790756019,60761440,0.12700000405311584,0.10760510691183549,-0.49643860264033113,0.3700112657876178,-3.185188360013098
0.053463805663738484,-0.48289166974752273,0.25804974503091443,1790756019,110796580,0.125,0.10476292077976518,-0.4961307566478245,0.37126691407500817,-3.225955037768011
0.04530385110671801,-0.4826326560382429,0.2597472179437957,1790756019,160450387,0.12700000405311584,0.10198183736170452,-0.4958377716828772,0.3726287125493458,-3.2665623718745884
0.038057882583908985,-0.48261969078339334,0.26357086468532787,1790756019,210282739,0.12700000405311584,0.0992360410238299,-0.4955562175816795,0.3741099086190828,-3.3074551213546415
0.032218234932433934,-0.48283888991388096,0.2692495475367368,1790756019,260573112,0.125,0.09663259614990562,-0.4952961272414495,0.3756478901324263,-3.3470714738152783
0.025364516281013508,-0.48278477846728374,0.2723917071401144,1790756019,310184835,0.12600000202655792,0.09421892157106287,-0.4950607973969317,0.37719805590814065,-3.384638782725732
0.01983851945665785,-0.4830546810915961,0.27858647046990015,1790756019,360079539,0.12399999797344208,0.09167352829133552,-0.4948185232936508,0.3789724407036962,-3.425258120160459
0.01229507778484236,-0.4830781332767329,0.28297616497908157,1790756019,410517338,0.125,0.08900853677074656,-0.49457100001220206,0.3809963630232538,-3.469049895809188
0.0077789606308168585,-0.48349111566180203,0.290501975859613,1790756019,460483673,0.12200000137090683,0.08653918559696602,-0.49434704207310937,0.3830383263362507,-3.5109655647850544
0.001156569998901194,-0.48356704834777525,0.2950195792771529,1790756019,510451683,0.12300000339746475,0.0842291887849057,-0.49414200434932526,0.38510904119904915,-3.551532505629531
-0.0032256557738660624,-0.48392641402278935,0.30196466791773563,1790756019,560558046,0.12099999934434891,0.081991122905126,-0.4939471931338655,0.387279874410571,-3.5922919721402966
-0.007986192596998051,-0.4842193763104984,0.30832491598649353,1790756019,610400334,0.11999999731779099,0.07984693115343218,-0.493763805689863,0.38952987640353814,-3.6329114361279458
-0.010939201483658054,-0.48468304516650157,0.3161241580650611,1790756019,660315697,0.11699999868869781,0.07779557967139024,-0.493591072604898,0.3918591259047437,-3.6734631273600233
-0.017417823773787366,-0.48478654429042445,0.32085153960400026,1790756019,710319134,0.11900000274181366,0.07583885658173407,-0.49342841994676506,0.3942648231891942,-3.7139680219115414
-0.021192393863082346,-0.48512579283061175,0.3274617180880325,1790756019,760431403,0.11800000071525574,0.07403208298356917,-0.49327969208372907,0.39667019376155027,-3.7532539528585476
-0.02204556768495236,-0.48566433080789173,0.3356158374035184,1790756019,810228451,0.11400000005960464,0.07238067136820023,-0.49314460265738774,0.3990487226045273,-3.7910591145064885
-0.029611349319139516,-0.48572066310958756,0.33996455501210693,1790756019,860429814,0.11800000071525574,0.07069520610907443,-0.4930071066029657,0.40168572519013257,-3.8319093776356654
-0.032945920419930774,-0.4861368360421045,0.3475791839775194,1790756019,910391334,0.11699999868869781,0.06902807204366343,-0.4928706995415792,0.40454373116750914,-3.8750891372628726
-0.03402941708479974,-0.4866588888422174,0.355946740421004,1790756019,960467687,0.11400000005960464,0.06753148525921347,-0.49274675958270314,0.40736970181479004,-3.9168165314810555
-0.0354971674647144,-0.48710951335714014,0.3635485510807933,1790756020,10327596,0.1120000034570694,0.0662024780949524,-0.4926345165084794,0.41013886346007866,-3.9568917864556497
-0.040400034026499984,-0.48738741003387015,0.3697773282729927,1790756020,61682564,0.11400000005960464,0.06495252176768651,-0.49252667478077183,0.41302576129759994,-3.997943935896836
-0.04304677317266993,-0.4877557524314738,0.37653460541024164,1790756020,110296460,0.11400000005960464,0.06388007965376062,-0.49243119218306036,0.4157874832837684,-4.036612853170848
-0.045097271927177524,-0.48807789911560967,0.3823600668649463,1790756020,160480776,0.11400000005960464,0.06304865082670869,-0.49235327474679524,0.4181676159085851,-4.069527659427101
-0.04467055032617058,-0.4884065675480148,0.3875834573503644,1790756020,210298592,0.1120000034570694,0.06244567451445482,-0.4922935110208686,0.42006432588424114,-4.095517198125049
-0.04554053018380052,-0.48856930808433274,0.39050894622351423,1790756020,260376233,0.1120000034570694,0.06208874664286975,-0.4922566474208932,0.4212716358453368,-4.1119601206559935
-0.044950228737571866,-0.488674468321305,0.39208507625746775,1790756020,311563487,0.11100000143051147,0.061935801621490184,-0.4922404012924721,0.4218115115247575,-4.119289523593389
-0.04414987853131043,-0.4887387861432643,0.3929351762081368,1790756020,360433032,0.10999999940395355,0.061868347206303534,-0.4922331499727236,0.4220543297285513,-4.122581481933594
-0.046077486552476926,-0.4886752521263565,0.39240573597741224,1790756020,410318163,0.1120000034570694,0.0618683472063036,-0.4922331499727235,0.4220543297285514,-4.122581481933594
-0.04607748655247705,-0.4886752521263566,0.39240573597741213,1790756020,460399035,0.1120000034570694,0.061868347206303534,-0.4922331499727236,0.4220543297285513,-4.122581481933594
-0.04511368254189371,-0.48870701913481046,0.39267045609277446,1790756020,510196953,0.11100000143051147,0.061868347206303534,-0.4922331499727236,0.4220543297285513,-4.122581481933594
-0.04414987853131043,-0.4887387861432643,0.3929351762081367,1790756020,560308445,0.10999999940395355,0.061868347206303534,-0.4922331499727236,0.4220543297285513,-4.122581481933594
-0.04607748655247701,-0.4886752521263566,0.3924057359774122,1790756020,610571938,0.1120000034570694,0.061868347206303576,-0.4922331499727236,0.42205432972855134,-4.122581481933594
-0.04511368254189371,-0.48870701913481046,0.39267045609277446,1790756020,662917936,0.11100000143051147,0.061868347206303534,-0.4922331499727236,0.4220543297285513,-4.122581481933594
-0.04511368254189371,-0.48870701913481046,0.39267045609277446,1790756020,710838414,0.11100000143051147,0.061868347206303534,-0.4922331499727236,0.4220543297285513,-4.122581481933594
-0.04397348733584261,-0.48862511962986305,0.39231370464866266,1790756020,763866469,0.10999999940395355,0.06194164002929789,-0.49216220802862126,0.4218005605298043,-4.119158879917412
-0.045610783063688806,-0.48837873428014517,0.3907785870238624,1790756020,810453249,0.1120000034570694,0.06206020682639393,-0.4920493118413377,0.42139697318055813,-4.11370882341051
-0.044812507533369066,-0.4878928758042809,0.388116948117936,1790756020,860713502,0.1120000034570694,0.06238822129724251,-0.49174774331375865,0.42032167617227006,-4.09914617267679
-0.046370923114193024,-0.487044825149471,0.3831584885992443,1790756020,910429520,0.11500000208616257,0.06291900593579482,-0.4912894941342469,0.41869290393530556,-4.076963726034884
-0.04077797169788808,-0.48625190270917235,0.3792709336279716,1790756020,960040586,0.11100000143051147,0.06365796127720649,-0.4907021960054227,0.4166116769356838,-4.0483801802454735
-0.03836760482044245,-0.4851043846949591,0.37304047692370407,1790756021,10384885,0.11100000143051147,0.06465130299814813,-0.48998411379903567,0.41408061816748043,-4.013212499119394
-0.0366493996626223,-0.48392069997817044,0.36650164328319684,1790756021,60340951,0.1120000034570694,0.06573527020248975,-0.48927101434913983,0.41158771970516295,-3.9780783833401996
-0.03641731181518196,-0.4826151388206464,0.3590017900115929,1790756021,110978982,0.11500000208616257,0.06693389927332476,-0.4885484258056618,0.40908495836094716,-3.942238676526907
-0.03238719865356372,-0.48154159383146466,0.3533949702524389,1790756021,160559677,0.11400000005960464,0.0682018362614263,-0.48784392537706633,0.40666904167137674,-3.907022249781828
-0.03073092180251022,-0.4803008270842567,0.3464080029909665,1790756021,210499696,0.11599999666213989,0.06957223997542847,-0.48713790849128724,0.404274481031355,-3.871433906960206
-0.029634048044422642,-0.4790007562751288,0.3389053620749211,1790756021,260279475,0.11900000274181366,0.07102818724410356,-0.4864397504168228,0.40193532642068996,-3.8359090219189396
-0.024866826543932408,-0.4779514106249308,0.33354996695842687,1790756021,310393181,0.11800000071525574,0.0725828868559109,-0.48574295980727705,0.39963207715799476,-3.8000968600754925
-0.020057020286108687,-0.4769605235561,0.3285768920093292,1790756021,360709294,0.11699999868869781,0.07417051226559548,-0.4850749030615981,0.3974559791665613,-3.765398812246436
-0.016877528815995316,-0.4759006281449629,0.3228408632518055,1790756021,410171174,0.11800000071525574,0.07575037577563477,-0.48444724170341386,0.39544270108285995,-3.732449504412164
-0.012261493958882722,-0.4748227160254861,0.3172986946863598,1790756021,461043808,0.11800000071525574,0.07758057213714528,-0.48375994868054345,0.39327585705023504,-3.6959482108934405
-0.009524302989070449,-0.4735025264563372,0.3097821778142323,1790756021,509983195,0.12099999934434891,0.07954126167044955,-0.48306437265390584,0.3911264838872903,-3.6585293755903456
-0.003824267694338801,-0.47256354009602886,0.30533330190187125,1790756021,560179216,0.11999999731779099,0.08148931937104553,-0.48240950824959694,0.38914647586292506,-3.6228245582992686
0.002317326590501975,-0.47180900261223463,0.3021931859891126,1790756021,610270514,0.11800000071525574,0.08336052090631027,-0.4818104120732881,0.38737518310518665,-3.589721520565655
0.004489939593083678,-0.47036486653689236,0.29356794124518637,1790756021,662339057,0.12300000339746475,0.08552803565059507,-0.481148904798614,0.38546751873017604,-3.5526441941284697
0.009542029728933796,-0.4692984408161237,0.2880849921858691,1790756021,710395360,0.12399999797344208,0.08772479407964338,-0.4805099082956839,0.3836766123879026,-3.5162722329130163
0.015448182688845472,-0.4683419037668281,0.2835474280780804,1790756021,760308685,0.12399999797344208,0.08999661773792897,-0.4798788106886707,0.381962010878715,-3.479769151712765
0.021920684058311185,-0.467533035625493,0.28016438489186,1790756021,810482391,0.12300000339746475,0.09226629403820309,-0.47927545047124726,0.3803772168342988,-3.4442880367046893
0.027392849294048283,-0.46655974114323645,0.2753709287704113,1790756021,860155780,0.12399999797344208,0.09459116509639372,-0.47868281606569896,0.3788765658399268,-3.4088422812721015
0.03318622325403851,-0.46559220315813693,0.27068899105374433,1790756021,910328579,0.125,0.09701599510318214,-0.47808957084885123,0.3774343704689179,-3.3727249295554533
0.03961109735389995,-0.46475658259237695,0.267102741893795,1790756021,960465293,0.125,0.0994751287163749,-0.47751163166071,0.37609176185588583,-3.3368795516522995
0.04518780271806686,-0.46375097353316286,0.2620155608144248,1790756022,10293998,0.12700000405311584,0.10195175937990845,-0.4769516704206977,0.374854365554937,-3.301480983924817
0.05105775260562243,-0.4627608884157213,0.25708022545854836,1790756022,60354046,0.1289999932050705,0.1044904895184478,-0.47639888555998267,0.37369903143256844,-3.265838690367323
0.058649993627371916,-0.4622274349256553,0.2560229276986775,1790756022,109981325,0.12700000405311584,0.10705400629951738,-0.4758608345944266,0.3726427501998191,-3.230429874458075
0.0646207553665092,-0.4613138524057708,0.25161107626086854,1790756022,160168790,0.1289999932050705,0.10958112801950448,-0.4753488200075145,0.37170513449119913,-3.1960265210982737
0.07302956741544789,-0.4613333616012078,0.25502567773101614,1790756022,209978513,0.12300000339746475,0.11202332465753227,-0.474870233526957,0.37089301924875184,-3.1631953898889558
0.07860744637705733,-0.4601131104023145,0.2481288455423843,1790756022,260559405,0.12800000607967377,0.11472503167646096,-0.4743582224164764,0.37009850723020243,-3.127291633388553
0.0861784788485978,-0.4594456718464704,0.2461221058720356,1790756022,310129276,0.12800000607967377,0.11758055461332559,-0.47383559240936934,0.36937323722690907,-3.089750936749554
0.09377669860169584,-0.4588159715274333,0.24441343051392214,1790756022,361018539,0.12800000607967377,0.12044629710329796,-0.4733290371656791,0.36876014336930824,-3.0524299037219667
0.10049187321363989,-0.45790982566535104,0.24012872706276872,1790756022,410589901,0.13099999725818634,0.12317488580944616,-0.47286244024673285,0.36828058829936555,-3.0171680402791474
0.1079813792869214,-0.4573674704731125,0.2390070943939928,1790756022,460942264,0.13099999725818634,0.12595899721910853,-0.4724012469457918,0.3678938280018341,-2.981410196126092
0.11555117090099387,-0.45709799594941597,0.2401480783097934,1790756022,510299421,0.1289999932050705,0.12869716227205066,-0.47196153956553405,0.3676128037398201,-2.9464115124846275
0.12295395857172614,-0.4565047595902714,0.23857974165717125,1790756022,560443850,0.12999999523162842,0.13150035587685338,-0.47152494437678,0.36742597521603576,-2.9107063560511275
0.13039285394221678,-0.4558285365624215,0.23628519210517654,1790756022,610238424,0.13199999928474426,0.13430106578655315,-0.47110174820714756,0.36734035109332047,-2.875111667299439
0.13767800837158964,-0.45589253401760066,0.24021482646334646,1790756022,660241518,0.12800000607967377,0.1370040355900251,-0.4707050945376526,0.36735307943201845,-2.840789867181509
0.14470336920187796,-0.45518880154770675,0.23743207680515313,1790756022,710409474,0.13099999725818634,0.1396097150619905,-0.4703332058288937,0.3674540018336498,-2.8076925814701497
0.1522510202295445,-0.45472317726758477,0.236910220545701,1790756022,760293207,0.13199999928474426,0.14238773394542362,-0.46994762752508934,0.3676578075567305,-2.7723522631788784
0.16014480015456034,-0.454498453907676,0.23869625629473495,1790756022,810447783,0.13099999725818634,0.14534989619556324,-0.4695482992533784,0.3679851276393303,-2.734555772947881
0.16817529996466807,-0.4539727973851646,0.23779888824701745,1790756022,860669063,0.13300000131130219,0.1482235627693899,-0.469172107924623,0.3684124767086398,-2.697723811522169
0.17565345316275408,-0.45371982109272974,0.23910972943450323,1790756022,910388166,0.13300000131130219,0.15097704515334565,-0.4688216101523874,0.36892502592824156,-2.662229848538472
0.18295770807969625,-0.45360801088311387,0.24167873740777202,1790756022,960614251,0.13199999928474426,0.15374798643753151,-0.4684783255658189,0.36954454876482346,-2.626258705378126
0.19030850173782443,-0.4534161683475096,0.24352139017991706,1790756023,10175724,0.13199999928474426,0.1564674711553689,-0.46815027203928106,0.3702561156843735,-2.5906567930251834
0.1973584724006126,-0.4533641907632766,0.24659547004121726,1790756023,60539495,0.13099999725818634,0.1591834891323246,-0.467831052835142,0.3710718928525448,-2.55474995534774
0.20448446050598548,-0.4532329112112154,0.24893755440834459,1790756023,110563478,0.13099999725818634,0.16183244390721938,-0.46752752794384234,0.37197197517818736,-2.519334716384962
0.2122337282898974,-0.45291590213727,0.24967536436826238,1790756023,160474591,0.13300000131130219,0.1644459957242532,-0.4672353785692631,0.3729648025199323,-2.4839519899872067
0.21888180604453958,-0.45295218784076824,0.25347364756406043,1790756023,210621297,0.13199999928474426,0.16703844458568937,-0.4669525116107608,0.3740566340014301,-2.448358437796766
0.22570161909986255,-0.45291023803124036,0.25655620278860186,1790756023,260327464,0.13199999928474426,0.16956151551715964,-0.4666836290655503,0.3752262591647234,-2.4131760440940315
0.233344404231844,-0.4526912674503053,0.258122918389631,1790756023,310333799,0.1340000033378601,0.17205058056968936,-0.46642434595933757,0.3764887522695305,-2.377873578920171
0.23953009500942568,-0.45280941288640514,0.2625970426966735,1790756023,360178096,0.13300000131130219,0.17449661767564534,-0.4661751308421199,0.37784028439965295,-2.3425302003134267
0.2455882173962467,-0.4529512891609596,0.267311467477246,1790756023,410341395,0.13199999928474426,0.1769188104771365,-0.46593358500812065,0.379293485493921,-2.3068113394746272
0.2508610867802407,-0.4532116116212642,0.2730307292737911,1790756023,460227322,0.12999999523162842,0.1792770488516924,-0.4657032335489152,0.3808253657622741,-2.2712559081087256
0.25940506060179486,-0.4529274731642955,0.2740819967082702,1790756023,510538991,0.1340000033378601,0.1816009651821655,-0.4654806637520257,0.3824560758810496,-2.235364688864843
0.2648793831252517,-0.45314301219485004,0.2793902404886661,1790756023,560126195,0.13300000131130219,0.1838304732554044,-0.4652710489677999,0.38414225852053857,-2.2000279271126892
0.2683142445233314,-0.45364631227887314,0.28724176466456813,1790756023,610588337,0.1289999932050705,0.1860346303746196,-0.4650673500013069,0.38593636046286944,-2.1641030891162476
0.2739698552438443,-0.45380774681303404,0.2921138159419744,1790756023,660695348,0.1289999932050705,0.18815744195690828,-0.464874205709044,0.38779433360509763,-2.128443735558363
0.27937425624297424,-0.4539896629053538,0.2971162037448471,1790756023,710155886,0.1289999932050705,0.1901859512982126,-0.46469216975900635,0.3897007643099649,-2.0932553845957096
0.28519619067141005,-0.45410833465276323,0.3014924179391919,1790756023,760248646,0.12999999523162842,0.19210237198660915,-0.46452220874319666,0.39163170409863196,-2.05886589904637
0.2899561591275563,-0.4543210695880366,0.30655088130558616,1790756023,810151306,0.12999999523162842,0.1938803896503636,-0.46436601970078495,0.39354826205248644,-2.0258180166027717
0.29413882840711053,-0.45464495172648006,0.31282754462382023,1790756023,860229067,0.1289999932050705,0.19572781248080792,-0.46420495372938875,0.39568209521077125,-1.990137704128994
0.2960305935585399,-0.4552135167611796,0.3214717133743502,1790756023,910426754,0.125,0.1976199115703218,-0.4640408419044278,0.39803812899784136,-1.9519358477899889
0.30218974415842587,-0.4553617777024736,0.3263371454127125,1790756023,960511644,0.12700000405311584,0.199357553144458,-0.4638904065756827,0.400376351312704,-1.9151045568378302
0.30640460223575494,-0.4556598778300032,0.33238410191795575,1790756024,10561017,0.12700000405311584,0.20095507305977975,-0.46375181688800277,0.4026971046154527,-1.879481835258911
0.3095255580612429,-0.45603312911190097,0.3390632093707401,1790756024,60303703,0.12600000202655792,0.2024600838631588,-0.46362043446693857,0.40505879666929673,-1.8440718337400757
0.3141896638556616,-0.4563078841376833,0.34494833098624045,1790756024,110956669,0.12700000405311584,0.20390585073008646,-0.4634927932595327,0.40751716246714176,-1.8080082302484137
0.3150460891691541,-0.45681026577654005,0.35275126632306286,1790756024,160524707,0.12399999797344208,0.2052373527263586,-0.46337321725514513,0.4099786073947901,-1.7726187232902726
0.3174133715260983,-0.45720978509581006,0.35969960006970314,1790756024,210544977,0.12300000339746475,0.20649468621171022,-0.4632575909470005,0.41251503463470884,-1.7368167302480282
0.32316031787077315,-0.45743048029597905,0.36506566570616916,1790756024,260265626,0.12600000202655792,0.20765249100557817,-0.4631473771291157,0.4150782594618625,-1.7012465621602153
0.3241082998190283,-0.4578946486118266,0.37257573174717595,1790756024,310179915,0.12399999797344208,0.2087211754276128,-0.4630410945557395,0.4176903093938749,-1.6655546326210036
0.3255169196273067,-0.4582874784453563,0.3791946170621724,1790756024,360126287,0.12300000339746475,0.2096238197563186,-0.4629472248108222,0.42013453647927723,-1.6326011485289522
0.3265451970559823,-0.45865565111976025,0.3853623835612345,1790756024,410366178,0.12200000137090683,0.21038747279626632,-0.46286368241219983,0.422425517561841,-1.6020579549064224
0.328951563362775,-0.4588930304581615,0.3897964478858402,1790756024,460587670,0.12300000339746475,0.21094780569341398,-0.46279854670417087,0.4242763109154294,-1.5776011098175513
0.3319114336675676,-0.4590437991497459,0.3929121551753449,1790756024,510687663,0.125,0.21134469008103066,-0.46274972810406256,0.4256982258689155,-1.558931238776504
0.332442847066972,-0.45915997555471433,0.394898570765151,1790756024,560216062,0.125,0.21154716151736425,-0.46272377096469025,0.42646647499977186,-1.5488840434446574
0.33255494880931136,-0.4591850871886226,0.3953282683558398,1790756024,610771833,0.125,0.21158986184612877,-0.4627181389723359,0.42663266550836887,-1.5467143438297655
0.33163901749661795,-0.45922497820147407,0.3957785554509638,1790756024,661569689,0.12399999797344208,0.2116096863983314,-0.4627155114070452,0.4267103409062579,-1.5457006692886353
0.33163901749661795,-0.45922497820147407,0.3957785554509638,1790756024,710380484,0.12399999797344208,0.2116096863983314,-0.4627155114070452,0.4267103409062579,-1.5457006692886353
0.3306710442545363,-0.459253127510586,0.39602800398472277,1790756024,760769644,0.12300000339746475,0.21160968639833144,-0.46271551140704514,0.4267103409062579,-1.5457006692886353
0.33067104425453625,-0.45925312751058606,0.39602800398472277,1790756024,810537432,0.12300000339746475,0.2116096863983314,-0.4627155114070452,0.4267103409062579,-1.5457006692886353
0.33357497840478484,-0.45916867916379045,0.3952796546663529,1790756024,860322785,0.12600000202655792,0.2116096863983314,-0.4627155114070452,0.4267103409062579,-1.5457006692886353
0.33260699795070137,-0.45919682868263223,0.39552910505865835,1790756024,910818964,0.125,0.2116096863983314,-0.4627155114070452,0.4267103409062579,-1.5457006692886353
0.3267991296502043,-0.4593657253762235,0.397025803695398,1790756024,962410498,0.11900000274181366,0.2116096863983314,-0.4627155114070452,0.4267103409062579,-1.5457006692886353
0.33163901749661795,-0.45922497820147407,0.3957785554509638,1790756025,11692063,0.12399999797344208,0.2116096863983314,-0.4627155114070452,0.4267103409062579,-1.5457006692886353
0.3295371996645996,-0.4591709414989077,0.3956489437107699,1790756025,60503357,0.12200000137090683,0.21154554220195665,-0.462650329363668,0.4264687906248309,-1.5490254851375163
0.3321093002233344,-0.45887153377845136,0.39366737778359007,1790756025,110173830,0.125,0.21142004888921903,-0.462525218200963,0.4260055162976021,-1.5554105610024977
0.32937553274525777,-0.45842792155790796,0.3913259481035302,1790756025,160188434,0.12300000339746475,0.2111109874106218,-0.46222922718387854,0.42491237732883086,-1.5705220863311324
0.328999686933634,-0.4576185646595492,0.3866226140611916,1790756025,210344242,0.12399999797344208,0.21059834173911743,-0.461771214328448,0.4232269369516639,-1.593954547262187
0.3280545387017736,-0.4565778286004498,0.38059939536543325,1790756025,260741078,0.125,0.20987306412862505,-0.46117970401325437,0.4210587800666527,-1.6243572914382753
0.32462956141911803,-0.4554277670213042,0.3742106329860409,1790756025,310151365,0.12399999797344208,0.20892112521825645,-0.46047878239752255,0.41850560485683,-1.6605814553799292
0.3219401834206028,-0.4542650894329171,0.36766987744173696,1790756025,360415775,0.12399999797344208,0.2078879070271756,-0.4597899114549131,0.4160181358231532,-1.6963756120508635
0.3200431075028291,-0.45311087659872157,0.36106245075781096,1790756025,410089720,0.125,0.20681045480456364,-0.4591322919896342,0.4136657673795229,-1.7307448979004243
0.3150322734367006,-0.45204655731601073,0.35546334109615535,1790756025,461077030,0.12300000339746475,0.20557434260705623,-0.4584372802944875,0.4112048953809212,-1.7673050117228881
0.310732674273839,-0.4509574721864067,0.34964031393969863,1790756025,510383456,0.12200000137090683,0.20424997088679556,-0.45774884353012923,0.40879529250583335,-1.8037850203465657
0.30771302896427444,-0.44970122257392525,0.34259227549693444,1790756025,561040246,0.12300000339746475,0.20274568064229648,-0.4570233068100636,0.40628877229595617,-1.8425409858041806
0.3068966669857221,-0.4482644596557176,0.3339802036833429,1790756025,610242060,0.12700000405311584,0.201142869796952,-0.4563041508699973,0.4038407703488586,-1.8813039186983247
0.30248756350796685,-0.4471032828580739,0.327705785589477,1790756025,660228488,0.12700000405311584,0.1994721574527746,-0.45560325848484334,0.4014931663474334,-1.9194455045828251
0.29642077174087755,-0.44613988703781265,0.3230224697035403,1790756025,710078212,0.125,0.19777141011696633,-0.45493255759791895,0.3992851237067694,-1.9563092920535448
0.29325998641544027,-0.44490648123204957,0.31602548892870747,1790756025,760218445,0.12700000405311584,0.19597563133449034,-0.4542642154791,0.397125353883815,-1.9934304194027241
0.28757377548543805,-0.4439125799034786,0.3111009543563732,1790756025,810217012,0.12600000202655792,0.19410207385451136,-0.4536044264618778,0.39503610560541824,-2.0304878858270676
0.2844850236976014,-0.4426033741798248,0.3035279727954502,1790756025,861144729,0.1289999932050705,0.19210788040504817,-0.4529385627630377,0.39297430039454584,-2.0683343160462924
0.28051279612222724,-0.44141357316450414,0.2968784721525596,1790756025,910396849,0.13099999725818634,0.1900992737444658,-0.45230107973039896,0.3910477689199692,-2.1050245737394166
0.27483940716543864,-0.4403932206103361,0.2917473624754324,1790756025,960475268,0.13099999725818634,0.187990704758341,-0.4516633797160515,0.38917059217749106,-2.1422085725196216
0.2677245871618541,-0.43957763327434307,0.28837702327809717,1790756026,10552168,0.1289999932050705,0.18581832707264337,-0.45103634460517533,0.387377330044003,-2.1792781085179045
0.263842076616258,-0.4383816791283934,0.2815638118919137,1790756026,60101381,0.13199999928474426,0.18367762787178274,-0.4504449835550964,0.3857374057387978,-2.2147330433177244
0.25803277360283167,-0.4374959149386004,0.2773534084064211,1790756026,110167874,0.13199999928474426,0.1815288098697327,-0.44987521475278536,0.38420796507298394,-2.2493800696724207
0.2516569934638446,-0.4365735835201868,0.27307103434443425,1790756026,160245117,0.13199999928474426,0.17917053519415366,-0.44927474965253206,0.38265385032197424,-2.286447428739103
0.2447279803145873,-0.43562549461234157,0.2687900126149251,1790756026,210232230,0.13199999928474426,0.1766075552133627,-0.44864899499274574,0.38110205975610467,-2.325733192655125
0.23825512728430723,-0.4346251120629667,0.26398623747899147,1790756026,260672288,0.13300000131130219,0.17403468253388935,-0.4480463160697729,0.37967809591281815,-2.364252972554503
0.2314414890873266,-0.43379280589522434,0.26046245583119476,1790756026,310177279,0.13300000131130219,0.17152633349094762,-0.4474811744567831,0.3784107624947116,-2.4010310271037913
0.2252254101790081,-0.43276724341126394,0.25533401740816347,1790756026,360562162,0.13500000536441803,0.16893095680730227,-0.44691780622155397,0.3772179685261256,-2.438376803888319
0.21768112709896642,-0.4320928779465688,0.25319378524131353,1790756026,410502839,0.1340000033378601,0.16631952889984666,-0.44637122432772003,0.376133266082899,-2.475314092195069
0.21043363552069,-0.43134274163945174,0.2504093114027773,1790756026,460337859,0.1340000033378601,0.16366407596471394,-0.4458346757820724,0.37514340072198654,-2.5122985160860196
0.20273416153964247,-0.4307292979637823,0.24882283162387556,1790756026,510262000,0.13300000131130219,0.1609580728475125,-0.4453064911338286,0.3742471681845161,-2.5494652428968143
0.19607963020524197,-0.4298376187197671,0.24473425817273803,1790756026,560541428,0.13500000536441803,0.15830222152516313,-0.4448050459810853,0.3734737041983768,-2.585499306796274
0.18805327108131956,-0.4296700440170048,0.24672178531674488,1790756026,610449032,0.13099999725818634,0.15573507840679987,-0.4443352773968604,0.37282279496302734,-2.6199686739241455
0.1816661094574682,-0.42848271420747,0.24017752043287913,1790756026,660149857,0.13600000739097595,0.1529691019245712,-0.4438445100154181,0.3722248566368226,-2.656768233563376
0.17271520108522298,-0.4282991166619772,0.2425408824221332,1790756026,710395072,0.13199999928474426,0.1499703876418733,-0.44332951159661527,0.37169490094540064,-2.6963321392918145
0.16509725339567666,-0.42749071582078874,0.23940600676038323,1790756026,760374944,0.1340000033378601,0.1470529030984152,-0.4428444352481635,0.37129484486521186,-2.734556355635184
0.15740895440975056,-0.4268440168541058,0.23756153412580555,1790756026,810385011,0.13500000536441803,0.14420007500202914,-0.4423844529601054,0.3710119811045269,-2.7717357729611782
0.14953269544363185,-0.42634355375165506,0.23698866488781017,1790756026,860578541,0.13500000536441803,0.1413278235734881,-0.44193489175354483,0.37083406714466116,-2.809025871215014
0.14173881982995096,-0.4256481878986316,0.2347221364146276,1790756026,910462810,0.13699999451637268,0.13846817621466323,-0.44150014225527545,0.37076263380750984,-2.846061595430633
0.1338224295419816,-0.425332612356325,0.23572248930501796,1790756026,960307479,0.13600000739097595,0.13560346146544638,-0.4410767987870205,0.3707963599435268,-2.8831240390257027
0.12602199330876762,-0.42516544666901634,0.2380045166348313,1790756027,10148897,0.1340000033378601,0.13273576622925268,-0.44066466386401487,0.3709357033972346,-2.920236472143487
0.11806956729499733,-0.4246819502577779,0.23760323566212183,1790756027,60313927,0.13500000536441803,0.1298539921551467,-0.4402616071585011,0.3711824371493449,-2.957594649095902
0.11031691816234969,-0.4244626399829729,0.23947179387665488,1790756027,110467781,0.1340000033378601,0.12698142902472584,-0.43987044534372444,0.3715357727135408,-2.994949157478034
0.10305241602029513,-0.42428955367493276,0.2415574674530915,1790756027,160348819,0.13300000131130219,0.12426127485479938,-0.4395093640166546,0.3719704347105942,-3.030476797838177
0.09598342862417979,-0.42404052434056005,0.24286092591399291,1790756027,210441673,0.13300000131130219,0.12165890344119996,-0.4391720327402729,0.3724788559826233,-3.0646516181720287
0.08777036165999827,-0.4235714695614979,0.24264501144330333,1790756027,261337566,0.13500000536441803,0.1188046983366676,-0.4388107551292754,0.3731426572872639,-3.102395391127994
0.07943356155170359,-0.4232440641717145,0.2438009179937674,1790756027,310485557,0.13600000739097595,0.115862171271645,-0.4384475557340669,0.3739462684621233,-3.1416557800397378
0.07221917767486694,-0.4232907254982294,0.24806628510686773,1790756027,360189928,0.1340000033378601,0.11302253804077791,-0.4381055353549108,0.37484013133039484,-3.17994649653903
0.065073551442179,-0.42325948195876606,0.2515822501571004,1790756027,410538727,0.13300000131130219,0.11027985646486886,-0.43778272738374874,0.3758177751784389,-3.217372834196759
0.057734792537250536,-0.4231493916753514,0.25442247835604126,1790756027,460573997,0.13300000131130219,0.10757820063460981,-0.43747164963354856,0.3768949566727037,-3.2547346917259707
0.05134792549605068,-0.42328264595399356,0.25933482595409146,1790756027,510227045,0.13099999725818634,0.1049258123687829,-0.43717264329759437,0.37806762383947906,-3.2919657562889655
0.0438582425227192,-0.4231261019274578,0.2617907449740287,1790756027,560346056,0.13199999928474426,0.10230671724370714,-0.4368832200618638,0.37934293472223596,-3.329343780246124
0.037434652872582956,-0.4232077713737587,0.2662587914384413,1790756027,610330363,0.13099999725818634,0.09975469564714178,-0.4366065228665946,0.3807039093275641,-3.3664342779738687
0.03165354464297809,-0.4234144425104467,0.2718375887250811,1790756027,660716802,0.1289999932050705,0.09722820275286295,-0.4363374234166531,0.38217325397062973,-3.40389582367039
0.024637453178039836,-0.4233462319733152,0.27501055100149585,1790756027,710162978,0.12999999523162842,0.09479782254027828,-0.43608283852121504,0.3837087579086095,-3.4407248562877735
0.019552454828535723,-0.42359503341020543,0.28081507739297107,1790756027,760320804,0.12800000607967377,0.09247327935913822,-0.4358429727032025,0.3852973385153677,-3.4767772219225277
0.012553150703196708,-0.4234829642086108,0.28341673156109304,1790756027,810445232,0.12999999523162842,0.09028488172963697,-0.4356200997691562,0.38690811618919385,-3.5115566124567508
0.007096517205972666,-0.42368342632752554,0.2889262593208878,1790756027,860297206,0.1289999932050705,0.08801292932862151,-0.4353913671498626,0.3887083048892491,-3.548642149946211
0.00275421666158826,-0.42409031438927375,0.2964878376026073,1790756027,910807644,0.12600000202655792,0.08564284474707953,-0.4351553955380003,0.3907377173052881,-3.588543041805707
-0.003682106169810531,-0.4241600778684157,0.3010022391286526,1790756027,960349673,0.12700000405311584,0.08345318395964432,-0.4349392879167747,0.3927641640990919,-3.626678416839029
-0.007726552237947937,-0.42450230350202434,0.3077669707013271,1790756028,10193100,0.125,0.08138035977600341,-0.4347359169706865,0.3948314949733401,-3.6640832655067666
-0.012966393201513174,-0.42469829466098064,0.3133124027474853,1790756028,60469491,0.125,0.07937523316000493,-0.4345397524556817,0.3969853956985259,-3.701669080937613
-0.0171571984514252,-0.42498823519585727,0.3196037755494216,1790756028,110160251,0.12399999797344208,0.07747948527552165,-0.4343542870439466,0.39917873809015036,-3.7386840111983717
-0.021139736537500342,-0.42529446466574905,0.3260815426150376,1790756028,160238985,0.12300000339746475,0.07564536461201325,-0.43417419094632964,0.40146586122598427,-3.776103647823246
-0.026489440450661705,-0.42547696285299363,0.33152915559572105,1790756028,210343923,0.12399999797344208,0.07389068602401658,-0.4340006131895993,0.40382837475665334,-3.813653094482854
-0.028976278000628228,-0.42586882570834117,0.338586863115346,1790756028,260137757,0.12200000137090683,0.0722959004975104,-0.43384102048230117,0.4061471347787168,-3.8495499760968426
-0.03275239444203153,-0.42613086833574987,0.3444350349798486,1790756028,310280546,0.12200000137090683,0.070829220467848,-0.43369188617784643,0.4084481617301816,-3.8843454549246377
-0.036588977178641804,-0.42642909827389575,0.35087584599276905,1790756028,362005979,0.12200000137090683,0.06933913258082987,-0.4335370116342898,0.4109816981616529,-3.921815320363295
-0.04183619943216671,-0.42662307216318684,0.35630998273853803,1790756028,410194874,0.12399999797344208,0.06798909379501608,-0.43339273691416813,0.41348144506141626,-3.9580218667091542
-0.04441499018108214,-0.42701956264404206,0.36371008011746725,1790756028,460124385,0.12300000339746475,0.0666500179321918,-0.433244294874222,0.4161964356514277,-3.996590317108463
-0.046773803096135685,-0.4274322747806301,0.3713634390992948,1790756028,510108063,0.12200000137090683,0.06538270247281644,-0.43309703606867894,0.41903763623582035,-4.036214054894441
-0.04679977662186763,-0.42791672281966536,0.37939719188892934,1790756028,560419501,0.11900000274181366,0.0642838679847616,-0.4329629158103049,0.42177596593633393,-4.073784127376729
-0.05199108944977433,-0.4281326748833377,0.3848923914833963,1790756028,610122409,0.12200000137090683,0.06335370409858423,-0.4328427407595878,0.42435622575262566,-4.108700900733476
-0.050841023289896245,-0.42851456884496886,0.3909812959248698,1790756028,661049358,0.11900000274181366,0.06268716688017108,-0.43275083290882416,0.4263988728612156,-4.136048079188381
-0.04809249413433016,-0.42883631731159716,0.39568365354360374,1790756028,710331274,0.11500000208616257,0.06225616150068479,-0.43268784311360237,0.4278292664380372,-4.1550593402340565
-0.052523518898284764,-0.42881084457401897,0.3966252235686062,1790756028,760544925,0.11900000274181366,0.06202157594072228,-0.4326521957193001,0.4286512430254976,-4.16593627804736
-0.054612919579012695,-0.42877758753858053,0.39667299368929254,1790756028,810298491,0.12099999934434891,0.06195720597712194,-0.4326422114090879,0.4288827802688238,-4.1689939968611585
-0.05372813074765449,-0.4288245584299515,0.39722205834842567,1790756028,862472249,0.11999999731779099,0.06192624832917576,-0.43263737867725105,0.42899510287337594,-4.17047643661499
-0.05372813074765449,-0.42882455842995154,0.3972220583484256,1790756028,910245189,0.11999999731779099,0.06192624832917576,-0.43263737867725105,0.42899510287337594,-4.17047643661499
-0.05276434946140518,-0.42885633176038235,0.3974868322892374,1790756028,960127163,0.11900000274181366,0.06192624832917576,-0.43263737867725105,0.42899510287337594,-4.17047643661499
-0.05180056099438675,-0.4288881053275442,0.39775160820277955,1790756029,10474869,0.11800000071525574,0.06192624832917576,-0.43263737867725105,0.42899510287337594,-4.17047643661499
-0.050836772527368304,-0.42891987889470606,0.3980163841163216,1790756029,60115981,0.11699999868869781,0.06192624832917579,-0.43263737867725105,0.42899510287337594,-4.17047643661499
-0.05180056099438675,-0.42888810532754423,0.3977516082027795,1790756029,110467697,0.11800000071525574,0.06192624832917576,-0.43263737867725105,0.42899510287337594,-4.17047643661499
-0.049872984060349915,-0.42895165246186795,0.3982811600298637,1790756029,161943212,0.11599999666213989,0.06192624832917576,-0.43263737867725105,0.42899510287337594,-4.17047643661499
-0.05276434946140518,-0.42885633176038235,0.3974868322892374,1790756029,213857599,0.11900000274181366,0.06192624832917576,-0.43263737867725105,0.42899510287337594,-4.17047643661499
-0.052578809871490856,-0.4287418741001306,0.39683124892965654,1790756029,263332516,0.11900000274181366,0.06199974891595261,-0.4325694598791481,0.4287389925955488,-4.166954477918494
-0.05034351961004359,-0.42861787836846965,0.3962930068373877,1790756029,310664224,0.11699999868869781,0.06212363239524496,-0.4324569030844832,0.4283148946987312,-4.161114532307154
-0.05042388981516787,-0.4280703467314644,0.39308310313268674,1790756029,360273734,0.11800000071525574,0.0624742078588957,-0.43214990226465766,0.4271620840010981,-4.14518771326408
-0.0498506656440133,-0.4272048100922547,0.388056884730032,1790756029,410392283,0.11900000274181366,0.06307966689688374,-0.431655117537432,0.4253118898756158,-4.119457758124195
-0.051441531261010226,-0.42597373558541085,0.380609879161691,1790756029,460065876,0.12300000339746475,0.06393429100726437,-0.431018727031627,0.42294152846813143,-4.086162139852208
-0.043803899600675905,-0.4248724935206866,0.37494067775175266,1790756029,510313592,0.11800000071525574,0.0651049545249668,-0.4302346702129168,0.4200417722280637,-4.044850093337336
-0.04140046674662898,-0.4235094241878262,0.3671368604658795,1790756029,560598937,0.11900000274181366,0.06641848007546874,-0.4294430026665317,0.417145539764201,-4.0028486988283944
-0.041285721821895244,-0.42198251829023775,0.3579779040940398,1790756029,610514809,0.12300000339746475,0.06786464552459912,-0.42865200338826637,0.41428701625565056,-3.9605521392634615
-0.037228089291241676,-0.4206729172236327,0.3506580266918822,1790756029,660549070,0.12300000339746475,0.06943364155757523,-0.42786728667403207,0.41148990202317576,-3.9182247541760757
-0.032002996424328314,-0.41944263025494066,0.34402480452412265,1790756029,710807536,0.12200000137090683,0.0711267670524492,-0.4270877819949801,0.40875349889220775,-3.875773690176048
-0.028139366376623315,-0.41810183761478437,0.3364843401681568,1790756029,760914242,0.12300000339746475,0.07294718244234873,-0.42631194946795153,0.4060767574778351,-3.833091533641028
-0.023968039839292132,-0.4167856762189687,0.32913031142829263,1790756029,810260955,0.12399999797344208,0.07486785818971024,-0.4255503121830529,0.40349862399911385,-3.7907255925135606
-0.019397560352772847,-0.4154723766694053,0.32185113750581196,1790756029,860360865,0.125,0.07692237422027676,-0.42478898663298226,0.40097553944750136,-3.7478733455895283
-0.013028125158396492,-0.41433982466372166,0.3160981135730054,1790756029,910424746,0.12399999797344208,0.07907605661695837,-0.42404051744494725,0.3985524388474888,-3.705204403598561
-0.008116694225913407,-0.4131258929746127,0.30950400513556975,1790756029,960296896,0.125,0.08124026442221519,-0.4233317932444989,0.3963151423291221,-3.6642607340936673
-0.0030567661093167248,-0.41195905058780063,0.3032246644326725,1790756030,10723464,0.12600000202655792,0.08343976215421103,-0.4226498716316405,0.3942194854636407,-3.6243255224238164
0.0019388364406768,-0.4106709485926917,0.29610651342918115,1790756030,60020455,0.12800000607967377,0.08584190904224677,-0.4219434767807818,0.39211279485212197,-3.5823537861959616
0.00972870583528622,-0.40958478183823377,0.2910393290335268,1790756030,110229577,0.12700000405311584,0.08854594985671158,-0.42119025262458293,0.38994411214428304,-3.5368505120226437
0.015158942644588627,-0.40819560397658655,0.2832813574926952,1790756030,160499154,0.12999999523162842,0.09126974375225796,-0.42047082785175927,0.38795448486446427,-3.492603779742921
0.021346583280691667,-0.40695642673522625,0.27668047951871255,1790756030,210612545,0.13199999928474426,0.0939921224196054,-0.41978651991955085,0.3861428664983075,-3.449740588129065
0.029415117715607134,-0.4060437686646326,0.27286668314551626,1790756030,260506417,0.13099999725818634,0.0967869148283867,-0.4191161292193176,0.3844514205649663,-3.4069531607062764
0.03804105685538091,-0.40528016198633177,0.2703135876593121,1790756030,310016714,0.1289999932050705,0.09963845880768747,-0.4184622661836757,0.38288796506627176,-3.364390938172908
0.0450541050685657,-0.40413138170670454,0.264539770236486,1790756030,360299754,0.13099999725818634,0.1026004812103006,-0.4178121130520821,0.3814254043599932,-3.321189960565016
0.052366645031795465,-0.4030158278328357,0.25904539733102927,1790756030,410467701,0.13300000131130219,0.10561648364926378,-0.4171777286403867,0.3800945427288265,-3.2781120036852
0.06111112819693948,-0.40225375974958677,0.2565999365837252,1790756030,460938390,0.13199999928474426,0.10870352251847773,-0.41655465715197026,0.37888831766468567,-3.234835484147516
0.06846155779321568,-0.40111254704247784,0.2508387053964218,1790756030,510466649,0.13500000536441803,0.11177903260006673,-0.4159581653204043,0.37783557717953625,-3.1924225024543222
0.07759210915449628,-0.40069462549902646,0.251148375481579,1790756030,560326132,0.13199999928474426,0.11480084809115002,-0.4153937939912242,0.3769396470529977,-3.151329083333834
0.08506297188999601,-0.39978539502668975,0.24711801364168934,1790756030,610164819,0.1340000033378601,0.11774525428409352,-0.41486303690649046,0.37619370472023234,-3.111755654910393
0.09375315632323791,-0.3988319942164551,0.24316805905319935,1790756030,661731983,0.13600000739097595,0.12107723753034723,-0.4142835554784164,0.37549585602383084,-3.067434255899648
0.10294895925476562,-0.398028876650013,0.24055385982177452,1790756030,710341527,0.13699999451637268,0.12447259167448735,-0.41371472714233687,0.37494019037395276,-3.0226732965527536
0.11237189247084552,-0.3973895396929382,0.23933425107063686,1790756030,760362270,0.13699999451637268,0.1278773928303457,-0.4131646554566588,0.37453677944466135,-2.978100236338818
0.12147811566330907,-0.39669962880201126,0.23755867716808682,1790756030,810423763,0.1379999965429306,0.1311931888096696,-0.4126472334990802,0.3742893990415405,-2.9349049940764265
0.1308188697600376,-0.3963990226544982,0.2391491023836638,1790756030,860553589,0.13600000739097595,0.13453304181381417,-0.4121430913329454,0.3741836581008905,-2.8915257110609267
0.13998176970177637,-0.3957996275774187,0.23815808516733275,1790756030,910209988,0.13699999451637268,0.13785378213382654,-0.41165784298352115,0.3742205236672011,-2.8484418435452032
0.14923828493536836,-0.3953570861539634,0.23855572465172978,1790756030,960405981,0.13699999451637268,0.14119853679703487,-0.4111842366125556,0.3744007181395996,-2.8050147455803014
0.15825860037009973,-0.39507925143911676,0.24032629683218626,1790756031,10130288,0.13600000739097595,0.14449450605737968,-0.41073163836651627,0.3747195797802973,-2.7621099987540196
0.16755649472961484,-0.39461086399421386,0.24052362923420015,1790756031,60435819,0.13699999451637268,0.1478176547882309,-0.41028867381372053,0.37518462200685854,-2.718658658217721
0.17640091233626465,-0.3944192499055936,0.2430575838686145,1790756031,110097163,0.13600000739097595,0.15108075241218186,-0.40986612588760246,0.375783939707087,-2.675721344632446
0.1856469092835432,-0.39404098450055247,0.24404563612072863,1790756031,160404379,0.13699999451637268,0.15435442592716114,-0.40945389462219417,0.3765304321709128,-2.632289445719915
0.19396056948312707,-0.39404521821096894,0.24827654423540285,1790756031,210133065,0.13500000536441803,0.15755334466697662,-0.4090618298152176,0.37740445293645136,-2.5894174884748957
0.20307637039228688,-0.3937539086297056,0.25004438814329705,1790756031,260560309,0.13600000739097595,0.16076475341931806,-0.4086782958123824,0.37843049232400594,-2.54585372241927
0.2124574994622807,-0.3934011237777605,0.25127044358027867,1790756031,310638784,0.1379999965429306,0.1639149371992539,-0.4083113949426944,0.37958763848640636,-2.502509050298248
0.22068798715139104,-0.39341584949104386,0.25567205413308425,1790756031,360549609,0.13699999451637268,0.16701605572209482,-0.407958607057649,0.38087920439413775,-2.45914123373203
0.22869965765144007,-0.3934676222349186,0.26041238572930636,1790756031,410383796,0.13600000739097595,0.17006678486419324,-0.4076192482193362,0.38230545247658776,-2.4156844173894303
0.23695334376813804,-0.39345342729463045,0.2646074825928153,1790756031,460396937,0.13600000739097595,0.1730631833664365,-0.4072928163811397,0.3838656928925786,-2.37210775641218
0.24344626081734314,-0.3937763459588161,0.27169178924363996,1790756031,510133614,0.13300000131130219,0.17597286726007916,-0.40698190609579366,0.38554236979614137,-2.328806576519372
0.2523337854703059,-0.3936391279984705,0.27487390711964044,1790756031,560511136,0.13500000536441803,0.17884449677381561,-0.4066803775268282,0.38736502546244966,-2.2849653213707617
0.26050009999356427,-0.39364341608753606,0.279247024474999,1790756031,610462591,0.13600000739097595,0.18161156315817326,-0.40639433790998974,0.3892925366915103,-2.24151250694189
0.26707453042215235,-0.39386694376943404,0.2854013361548926,1790756031,660651853,0.13500000536441803,0.18422112710185745,-0.4061281084360917,0.39127852372452226,-2.1992697346881895
0.27244311973959956,-0.3941983000060399,0.29233260744623746,1790756031,710445002,0.13300000131130219,0.18664985849173937,-0.40588286382049177,0.39328798195264403,-2.1586750968764186
0.2812861358316379,-0.39413680395425565,0.29616393063481794,1790756031,760167550,0.13600000739097595,0.1891577599896955,-0.4056314736419082,0.39554318875160543,-2.115251174276497
0.2862059010821677,-0.3946296908982291,0.3050765443297564,1790756031,809947487,0.13300000131130219,0.19171755451318326,-0.4053762236429073,0.39805753564213925,-2.0690664197119646
0.29277768749212896,-0.3949004446678436,0.31203424150930015,1790756031,860671481,0.13300000131130219,0.19413735453782788,-0.405135126124709,0.40065893535332703,-2.0233464927671334
0.29948147050138363,-0.39511354639804647,0.31826465272160687,1790756031,910148010,0.1340000033378601,0.19632232849177067,-0.404916563888155,0.40322401455110535,-1.9799949078770438
0.30208785068522725,-0.39571558372783516,0.32798719220197653,1790756031,960747041,0.12999999523162842,0.1984462667663674,-0.40470216146360144,0.4059465551009406,-1.9355775014274406
0.30898527068927323,-0.3959140122651109,0.33412439775011404,1790756032,10178727,0.13199999928474426,0.20040828675660038,-0.40450117855741985,0.4086985148841762,-1.8921099886338513
0.3123881542185789,-0.39640516720670066,0.3429210304054581,1790756032,60874906,0.12999999523162842,0.20229404327023157,-0.4043037557342146,0.41160070566669843,-1.8476040873773545
0.31786121186863614,-0.39672429991704505,0.35013340453529024,1790756032,110522399,0.13099999725818634,0.20401392386125722,-0.40411833412939774,0.4145160307094088,-1.8040849780236625
0.31861339508479325,-0.39733496399107265,0.3599256896528268,1790756032,160467493,0.12700000405311584,0.20561658516879414,-0.40393854569005266,0.41752008770544907,-1.7603158444404994
0.3234033571504874,-0.3976906401631764,0.36750603087283473,1790756032,210381486,0.12800000607967377,0.20708748902391308,-0.403765044034444,0.4205882500800855,-1.7165840366563692
0.3269376967567255,-0.39811539092993525,0.3756709179451694,1790756032,260555109,0.12800000607967377,0.20841959746101626,-0.40359947673234636,0.423706181019714,-1.6730209915803476
0.3300857228137634,-0.39855248688964295,0.3839004134525832,1790756032,310663027,0.12800000607967377,0.20960522784223476,-0.4034419626874951,0.4268485788876073,-1.6298836236825311
0.32951125127586406,-0.39901828019051533,0.39155040702195565,1790756032,360167112,0.125,0.21046416962346354,-0.40331783288693973,0.4294226421904449,-1.5950457297635177
0.33403250288879555,-0.3992117214164702,0.39611436482056106,1790756032,410410716,0.12800000607967377,0.21108979398985683,-0.403219532516906,0.4315125192240122,-1.5670492836803938
0.33595060429436197,-0.39936816041384166,0.39926316443109466,1790756032,460365792,0.1289999932050705,0.21144779618936602,-0.403159483640145,0.43281424323748297,-1.5497278631397655
0.3363465842068837,-0.3994498150607847,0.4007502108990886,1790756032,510179803,0.1289999932050705,0.2115957667015603,-0.40313359172911983,0.4333793630198467,-1.5422338826937334
0.33653706279047096,-0.39949004407506333,0.40148189488349584,1790756032,560214398,0.1289999932050705,0.21166692888004351,-0.4031209097879221,0.4336574246891624,-1.5385520458221436
0.3336331145740129,-0.39957448256872763,0.40223016085764607,1790756032,610252326,0.12600000202655792,0.21166692888004351,-0.4031209097879221,0.4336574246891624,-1.5385520458221436
0.3326651270271571,-0.39960262887308634,0.40247958408792556,1790756032,660404569,0.125,0.21166692888004351,-0.4031209097879221,0.4336574246891624,-1.5385520458221436
0.3346011021208687,-0.3995463362643689,0.4019807376273666,1790756032,710385802,0.12700000405311584,0.21166692888004351,-0.4031209097879221,0.4336574246891624,-1.5385520458221436
0.3375050503373267,-0.3994618977707047,0.4012324716532163,1790756032,760249462,0.12999999523162842,0.21166692888004351,-0.4031209097879221,0.4336574246891624,-1.5385520458221436
0.33653706279047096,-0.39949004407506333,0.40148189488349584,1790756032,810387834,0.1289999932050705,0.21166692888004351,-0.4031209097879221,0.4336574246891624,-1.5385520458221436
0.3355690896677244,-0.39951818996001026,0.4017313143970871,1790756032,863186622,0.12800000607967377,0.21166692888004351,-0.4031209097879221,0.4336574246891624,-1.5385520458221436
0.3346011021208687,-0.3995463362643689,0.4019807376273666,1790756032,912180056,0.12700000405311584,0.21166692888004351,-0.4031209097879221,0.4336574246891624,-1.5385520458221436
0.33532929128419886,-0.3993622245582687,0.4008242235370632,1790756032,960849907,0.12800000607967377,0.21157691553907432,-0.4030312496113816,0.4333186739708474,-1.5431402981453395
0.33582745194437885,-0.3990371706784749,0.3988451041056574,1790756033,10674260,0.1289999932050705,0.2114018125241405,-0.4028613545032771,0.4326775459307338,-1.5518403715862559
0.3356021274756662,-0.3982971308699158,0.3944499166803228,1790756033,60690447,0.12999999523162842,0.2109591763818119,-0.402454956603686,0.43114931705697823,-1.5726689237566662
0.3298120221713159,-0.39735595127629475,0.3894188544756679,1790756033,110298587,0.12600000202655792,0.21021703594374289,-0.4018339606947507,0.4288268132095004,-1.604588324427921
0.33074217061274014,-0.3958306364594885,0.38018056972568337,1790756033,160393988,0.12999999523162842,0.20914890783178436,-0.40103907404736644,0.42587465451133183,-1.64568627174229
0.3250376640204013,-0.3942835189689814,0.3715753311351977,1790756033,210272305,0.12800000607967377,0.2077051698499966,-0.40009406918909546,0.4224017501934788,-1.6949137154843272
0.32157749428845195,-0.3926068788821039,0.36191111000062093,1790756033,260427381,0.1289999932050705,0.20606386300088506,-0.39914467894706707,0.4189624588363745,-1.7447778570701546
0.3167220354304724,-0.3909972063750016,0.35285463163104597,1790756033,310360068,0.1289999932050705,0.2042420786867007,-0.39820199763568886,0.41560292691241124,-1.7947626271742285
0.31058415106515747,-0.3894817651272257,0.3446123740191319,1790756033,360201477,0.12800000607967377,0.2022565304127621,-0.3972722154216343,0.4123503769746191,-1.8445709656023332
0.3064952753762423,-0.3878032458197585,0.33498367644961646,1790756033,410317813,0.12999999523162842,0.20009747037362288,-0.3963494724620453,0.40918925481827173,-1.894570890503614
0.3018533010744328,-0.3861368748293091,0.32548174859214346,1790756033,460190093,0.13199999928474426,0.19777506961377928,-0.3954371377041494,0.40613673391638727,-1.9446289166686366
0.296533233118416,-0.38445922962393647,0.3159933513751114,1790756033,510729772,0.1340000033378601,0.195248121578395,-0.3945199643858333,0.4031490092001934,-1.995655505777345
0.2900432550920425,-0.3829043397029227,0.3075117701266413,1790756033,560596107,0.13500000536441803,0.19260590273102524,-0.3936293336096728,0.4003338489601173,-2.045957266273075
0.28106377324144644,-0.3816392284156327,0.30152992732549444,1790756033,610303247,0.13300000131130219,0.189831722988975,-0.39275655060856685,0.3976658649492333,-2.0960573175113155
0.27375090099263144,-0.3801612029144689,0.2937547632453759,1790756033,660287870,0.1340000033378601,0.1869010856103874,-0.39189267527075317,0.3951228204378188,-2.1465159562343454
0.26411346607650393,-0.37898511507439875,0.2886405041163131,1790756033,710599817,0.13199999928474426,0.18381576813737524,-0.3910381505181394,0.39271261302855176,-2.1973797585340153
0.2586948868204262,-0.37726895616579686,0.278640861039791,1790756033,760311429,0.13699999451637268,0.18075933570284372,-0.3902394494425851,0.39056411453807716,-2.245868057081685
0.249621965112155,-0.3761817985672627,0.2739701568929404,1790756033,810576108,0.13600000739097595,0.1776726337892453,-0.38947491672916273,0.3886112871301526,-2.2932276248757786
0.24079388881111607,-0.37487605017477643,0.2677207113327586,1790756033,860223554,0.13699999451637268,0.17429229893346254,-0.3886801201504265,0.38669963674956453,-2.343532390845634
0.22996935017124837,-0.3737378941558913,0.2633203807357601,1790756033,910477427,0.13600000739097595,0.17053955449701538,-0.3878440849921551,0.3848321775974448,-2.3977734536165993
0.22059129485674656,-0.37239973068211724,0.2569799237437772,1790756033,960215113,0.1379999965429306,0.16685296037861005,-0.38706471998403996,0.38323810582374884,-2.4496901749314075
0.21068357795573758,-0.3712441755535226,0.25211325658477796,1790756034,10485431,0.13899999856948853,0.16316728667555971,-0.38632260098265725,0.3818662633008966,-2.5004713719830503
0.20021147461412242,-0.37025633921424145,0.2486949128952788,1790756034,60583239,0.13899999856948853,0.15941902246553669,-0.38560213389282644,0.3806853748071377,-2.5511641623894454
0.1888425158862319,-0.3696655362240194,0.2487018310217755,1790756034,110595825,0.13600000739097595,0.15561205453551352,-0.3849026009127716,0.37969637407008233,-2.6018497283579736
0.1788035505314937,-0.36846424053233584,0.24347265230663134,1790756034,160466475,0.13899999856948853,0.15175639645104072,-0.38422425052609455,0.3789018705110597,-2.652527743509196
0.1683834910159895,-0.3673202234210747,0.2387372705155554,1790756034,210085189,0.1420000046491623,0.14787150876168947,-0.38356900475215056,0.3783053077218451,-2.703075459960814
0.1571256744430765,-0.36656884665147504,0.23746826364830564,1790756034,260454775,0.1420000046491623,0.1438969902859391,-0.38292554462485345,0.37790138533703155,-2.7544052794393767
0.14588271894756805,-0.3661236108114531,0.23876899820635789,1790756034,310124314,0.14000000059604645,0.1399575534415084,-0.3823127153130733,0.3777035348632109,-2.8050377824091393
0.1346478249681812,-0.36538834553277966,0.23766129009185938,1790756034,360361039,0.14100000262260437,0.13595800286285956,-0.38171400398357824,0.3777068435721702,-2.856333524169733
0.1234573953300194,-0.3648383772024358,0.23811904856859561,1790756034,410156892,0.14100000262260437,0.13198924261083797,-0.3811417646785165,0.37791321110178583,-2.9072592992709625
0.11282816450206852,-0.36459611998892133,0.24108455931256023,1790756034,460588331,0.13899999856948853,0.12814134300870478,-0.3806064070206754,0.3783076509389427,-2.9567847044102527
0.10288853984418903,-0.3643190475610607,0.24348079840749812,1790756034,510091174,0.1379999965429306,0.1245274734292684,-0.3801199394356657,0.37885467851409926,-3.003546742044896
0.0917983387635721,-0.36383815217110516,0.24458135859993357,1790756034,560159436,0.13899999856948853,0.1206141623695685,-0.379609795484543,0.37964394845893046,-3.0545868811147354
0.07967200973746158,-0.3632914469617518,0.24551593814053316,1790756034,610365697,0.14100000262260437,0.11646047342385822,-0.37908645502671096,0.3807125630961769,-3.1093792130999147
0.06890666946491666,-0.3631632666970421,0.24982084619970082,1790756034,660088893,0.14000000059604645,0.11253188399433565,-0.3786074306882131,0.38195077703586294,-3.1619632938425277
0.05857987707568749,-0.36309891732634947,0.2546098893950541,1790756034,710665286,0.13899999856948853,0.1087239921714165,-0.3781568996285622,0.38337255670421766,-3.2138184988007557
0.04830354961074277,-0.3629876318230549,0.2589339141288338,1790756034,760407751,0.13899999856948853,0.10504578311343574,-0.3777336570171853,0.38496515343249915,-3.2649238422491265
0.03953545859501938,-0.3632459991419782,0.2664771148752776,1790756034,810510225,0.13600000739097595,0.10141880261220955,-0.37732706892776735,0.38676085117110165,-3.316496682373009
0.029878604781889903,-0.36324379104283544,0.2717657165003306,1790756034,860146282,0.13600000739097595,0.09791380427314131,-0.37694339060607085,0.3887252591308409,-3.367671139240969
0.020381393779702647,-0.3632982088127347,0.2776219144958897,1790756034,910373497,0.13600000739097595,0.09446671876646406,-0.3765741632477708,0.3908964291308697,-3.419532303388896
0.011227587524317087,-0.36330426904219226,0.28271224533736505,1790756034,960546713,0.13699999451637268,0.0913565101893315,-0.3762471580623394,0.39307906949137633,-3.467880275517814
0.0026803165013273983,-0.3635638494275549,0.2905121806886913,1790756035,19990008,0.13600000739097595,0.0880418673394143,-0.37590405040826147,0.39566505553582987,-3.52135292367868
-0.004728560702614168,-0.36406201172792424,0.30080777084202936,1790756035,76183694,0.13300000131130219,0.0846214699154837,-0.3755542651191414,0.3986520373543979,-3.5790935712320673
-0.011456520260966774,-0.36438095400750187,0.30861213153531797,1790756035,119974994,0.13199999928474426,0.08188414802348447,-0.37527702653359124,0.4013094619116062,-3.627578382910102
-0.018698707116761207,-0.36455092350074,0.3147634423803213,1790756035,160489157,0.13300000131130219,0.07947865758716248,-0.37503346710048224,0.4038719250757339,-3.672238210443521
-0.024732699355450624,-0.365052849463532,0.32480977142492995,1790756035,210284010,0.13099999725818634,0.0766874436503801,-0.3747503203833226,0.4071560702614987,-3.726990008859808
-0.02999381533849456,-0.36557169204221707,0.3348873735049428,1790756035,260411050,0.1289999932050705,0.0741321844746215,-0.3744884271930265,0.4105132040397376,-3.7805701776118346
-0.0370009779508199,-0.36590714117821094,0.3432782737996213,1790756035,310641534,0.12999999523162842,0.07181690909295542,-0.37424655473113655,0.41391197964282933,-3.8327852040100914
-0.04445678594790217,-0.36622912758613235,0.351578727021766,1790756035,360754110,0.13199999928474426,0.06967847571820264,-0.37401637376416585,0.41743083900418443,-3.8850564216635286
-0.04880191978934084,-0.3667610798702913,0.36161827789393763,1790756035,410251112,0.13099999725818634,0.06774224187841371,-0.3737991165770177,0.42102302267177416,-3.9368487106757777
-0.05164926461487421,-0.36735721833842444,0.37214969435948386,1790756035,460272132,0.1289999932050705,0.06600522809358121,-0.37359472916897485,0.42468075232582425,-3.9882269535422004
-0.05477375437374796,-0.36790637066461374,0.3821827096030702,1790756035,510293125,0.12800000607967377,0.06448147923023122,-0.3734036565029892,0.42835597744137766,-4.038697696793646
-0.0566275897148099,-0.3683500446806154,0.3901236077871671,1790756035,560229748,0.12700000405311584,0.06342389867254879,-0.3732606332818974,0.43126394425954284,-4.0779408407127695
-0.05561650481897221,-0.3687579179345666,0.396637266476818,1790756035,610310083,0.12399999797344208,0.06272018946092675,-0.37315835642621986,0.43342126334231035,-4.106714783027568
-0.059620813505396976,-0.3688551044848192,0.3995149463265041,1790756035,660476910,0.12700000405311584,0.06228620158407951,-0.37309142551181257,0.43486652741733867,-4.125847440548977
-0.06016124125224939,-0.36895706026494707,0.4013957650405343,1790756035,710263356,0.12700000405311584,0.06208061294538006,-0.3730582677961444,0.4355880186749906,-4.135358488871194
-0.06041790626685073,-0.3690069256631957,0.4023134388532783,1790756035,761172259,0.12700000405311584,0.06198294850270518,-0.3730422010334544,0.4359400404338678,-4.139989852905273
-0.05945411808641253,-0.36903869954838614,0.4025782157718112,1790756035,810309139,0.12600000202655792,0.061982948502705346,-0.37304220103345437,0.4359400404338678,-4.139989852905273
-0.05849032990597449,-0.36907047343357674,0.40284299269034407,1790756035,860936420,0.125,0.06198294850270534,-0.3730422010334544,0.4359400404338678,-4.139989852905273
-0.05752654172553661,-0.36910224731876734,0.4031077696088769,1790756035,911010274,0.12399999797344208,0.06198294850270517,-0.37304220103345453,0.4359400404338678,-4.139989852905273
-0.05945411808641271,-0.36903869954838614,0.4025782157718111,1790756035,960479349,0.12600000202655792,0.061982948502705165,-0.37304220103345437,0.4359400404338677,-4.139989852905273
-0.05849032990597455,-0.3690704734335769,0.40284299269034407,1790756036,10159184,0.125,0.061982948502705276,-0.3730422010334546,0.43594004043386786,-4.139989852905273
-0.05849032990597449,-0.36907047343357674,0.40284299269034407,1790756036,63268843,0.125,0.06198294850270534,-0.3730422010334544,0.4359400404338678,-4.139989852905273
-0.057526541725536444,-0.3691022473187673,0.4031077696088769,1790756036,111261728,0.12399999797344208,0.06198294850270534,-0.3730422010334544,0.4359400404338678,-4.139989852905273
-0.061163034485815754,-0.36884149888499496,0.40127656767082037,1790756036,162114733,0.12800000607967377,0.06206576877630905,-0.372964939354677,0.4356518617302759,-4.136015746978511
-0.059796579848798145,-0.3686316303392186,0.40014957024542336,1790756036,210609574,0.12700000405311584,0.062219403680118524,-0.3728244773260973,0.4351284328213735,-4.12878589264408
-0.058465770777333864,-0.3678746516597796,0.39579513655650506,1790756036,260215529,0.12700000405311584,0.06272561438639028,-0.3723845219506777,0.4334954052763509,-4.106127493398067
-0.055126349797941995,-0.36668032332342243,0.38905104446946315,1790756036,310252290,0.12600000202655792,0.06363661371150527,-0.3716655738980409,0.4308422670629046,-4.068958138503393
-0.05076846699195467,-0.36516949989412567,0.38055388436749465,1790756036,360039301,0.125,0.06494634537804553,-0.3707534777580565,0.42749961249467117,-4.021407670346755
-0.04782616436377071,-0.36320009203166354,0.369127818891485,1790756036,410224433,0.12700000405311584,0.06676515563488697,-0.36964916528463837,0.42349913361381303,-3.963231245125301
-0.042338526981647626,-0.361329240351838,0.3586080825736441,1790756036,460409112,0.12700000405311584,0.06884608735006414,-0.3685422186028598,0.4195585174379685,-3.904273434988722
-0.03787432875835514,-0.3593573895930437,0.34728279920379873,1790756036,510380318,0.1289999932050705,0.07117898469829523,-0.3674404250019831,0.4157155224406511,-3.8448354818032153
-0.031844616688795485,-0.35747021401093715,0.33669886350631045,1790756036,560287292,0.12999999523162842,0.0737471991874103,-0.36635141965904877,0.41200816815337793,-3.7852637324648755
-0.024315155399487462,-0.3556798137086596,0.32699219090995296,1790756036,610425582,0.12999999523162842,0.07655978658006013,-0.3652708418484684,0.4084308612089437,-3.725214843457212
-0.01622821714043711,-0.3539459682205234,0.31776824192216635,1790756036,660464455,0.12999999523162842,0.07958063568651676,-0.36421124973355745,0.4050338507017117,-3.665292350345832
-0.009043242251636704,-0.3521112342810391,0.3076642996451968,1790756036,710201771,0.13199999928474426,0.08278421918616104,-0.36317817784789513,0.4018409416385822,-3.605737330583315
-0.0007707269542507195,-0.3504476208571318,0.29888343830901226,1790756036,760385904,0.13300000131130219,0.08608640724360248,-0.36219248768277407,0.3989179158204704,-3.547736452968437
0.008899186769191506,-0.3490772095088557,0.29240712553289727,1790756036,810340905,0.13199999928474426,0.0894223645637282,-0.3612643618495159,0.3962892268153967,-3.4919418324261557
0.017335213067261837,-0.34728649766554964,0.28274617744335384,1790756036,860310815,0.13500000536441803,0.09316702421293527,-0.3602906045087931,0.39367602496857723,-3.4320263394993957
0.02768420345513621,-0.3455569723564356,0.2739636322000857,1790756036,910143826,0.13699999451637268,0.09731243860050193,-0.3592841523676808,0.3911492622788913,-3.368403060196502
0.039862501262314914,-0.34422967081877953,0.2685374100949839,1790756036,960728562,0.13600000739097595,0.1015490117001126,-0.3583217987867387,0.3889209154837524,-3.3057533988188905
0.05098880070406894,-0.3428354744838461,0.2623014148679921,1790756037,10589804,0.13699999451637268,0.10573325326360536,-0.35742813302528464,0.3870375272338013,-3.245777657943935
0.06251657101358864,-0.3413746094971066,0.25566347563318287,1790756037,61595772,0.13899999856948853,0.1101464080189775,-0.3565390776560057,0.38536481384761934,-3.1841704217214506
0.07405178994651843,-0.34003540565592705,0.24984719393752092,1790756037,110428808,0.14100000262260437,0.11448132489444922,-0.35571328221453413,0.38401372340773404,-3.124972359023659
0.08715495594694442,-0.33907547650639486,0.247486849810594,1790756037,160976210,0.14000000059604645,0.11904855232741646,-0.35488860321860016,0.3828853125064322,-3.0637126802864634
0.09965220780398079,-0.3380039061198608,0.24403317999358545,1790756037,210242738,0.14100000262260437,0.12356236843328576,-0.35411485389783487,0.3820539839325231,-3.004018912731976
0.11251780858608883,-0.33725368789209825,0.24329977601763125,1790756037,260772742,0.14000000059604645,0.12808657903560564,-0.35337666886196306,0.38149407053889084,-2.944797954222345
0.12465893989535541,-0.33639280490877016,0.2413698320427716,1790756037,310566744,0.14100000262260437,0.1324327130931321,-0.35269972238147435,0.381207786949093,-2.88827978199481
0.13797350396043376,-0.3359044892331407,0.24310945673618384,1790756037,360902525,0.13899999856948853,0.13716004133259663,-0.3519961670367864,0.38117247056079434,-2.8270037025846646
0.1520471635090635,-0.3347889374711177,0.23974662578558464,1790756037,410436285,0.14300000667572021,0.14209878749048843,-0.3512950529461604,0.3814420028300515,-2.7629605940561497
0.16592588616988393,-0.3342422288519068,0.2412301476046562,1790756037,461029761,0.14300000667572021,0.14697722920914483,-0.3506337670956114,0.38201817189168646,-2.699422301066271
0.17886132431142115,-0.33392703964536075,0.24442940572578656,1790756037,510634105,0.1420000046491623,0.1515915985713509,-0.3500347499205836,0.3828523266894512,-2.63883160818169
0.19154745592854028,-0.33369767823465046,0.24839060117627687,1790756037,560208652,0.14100000262260437,0.15615981792718459,-0.34946527989798926,0.38396382328907364,-2.5781369110944743
0.20526595167663791,-0.33311150617409235,0.24934794876141833,1790756037,610115145,0.14399999380111694,0.1606966792461611,-0.3489213962374079,0.385361277321253,-2.516903456667831
0.21628083394304679,-0.3334850077645563,0.25864342733019796,1790756037,660386370,0.13899999856948853,0.16519406452666563,-0.3484020485876138,0.38705146246039746,-2.454982350998283
0.2297432943954128,-0.3330833734869015,0.2612453923289128,1790756037,710183141,0.1420000046491623,0.1695584430982714,-0.3479155909018103,0.3890021546597576,-2.393416679337637
0.24157737050943381,-0.33319073727400955,0.2683996910931051,1790756037,761294341,0.14100000262260437,0.17390670800249577,-0.3474467031587997,0.39127543976686996,-2.330271625171728
0.2524167666264657,-0.3333718649515387,0.2759502094083128,1790756037,810361905,0.14000000059604645,0.17794043932462858,-0.3470246139542442,0.3937079237339218,-2.269691039997605
0.2642271219940481,-0.333440226675885,0.282725459627817,1790756037,860969557,0.14100000262260437,0.18194126443910713,-0.34661683435115387,0.3964638234115222,-2.207246874251667
0.2735413295260599,-0.33385644897341693,0.292394310381841,1790756037,910608290,0.13899999856948853,0.18569363183587503,-0.3462429259690652,0.39940065038320716,-2.146031936721342
0.2843013890270796,-0.33407544688408986,0.3004406917214162,1790756037,960613718,0.14000000059604645,0.1893029593750038,-0.3458895014068256,0.40259609611230707,-2.084134460287579
0.2924080051617555,-0.33461002424725567,0.3112182557175315,1790756038,10363711,0.1379999965429306,0.19270679689663234,-0.3455601353724049,0.4060009713500258,-2.022342038208482
0.3008074478919971,-0.3351287100968642,0.32208228163470876,1790756038,61648235,0.13699999451637268,0.19600310015652112,-0.3452426051722152,0.4097336154501868,-1.958454407444921
0.30645157667841194,-0.3358092701430293,0.33404622016834706,1790756038,110242650,0.1340000033378601,0.1989126256576196,-0.34496112534491075,0.41346673675101564,-1.8977546793978286
0.31827480879636066,-0.3360321272567449,0.34232267013335355,1790756038,160876830,0.13899999856948853,0.201709071192452,-0.34468591525889786,0.4175459402855366,-1.8343475441798058
0.3218294741415295,-0.336868157446495,0.3558991854892193,1790756038,211039416,0.13500000536441803,0.2042292541737306,-0.3444299850220675,0.4217627450319249,-1.771384818495117
0.3288080872955899,-0.3374410787513751,0.3670777811593925,1790756038,260561982,0.13600000739097595,0.20644610423044385,-0.34419532718120815,0.42605173506159005,-1.7095188638626335
0.33050553309471065,-0.3382855903846204,0.3806577796657508,1790756038,310508262,0.13199999928474426,0.2084046044618601,-0.34397453694001634,0.43048747889480377,-1.6473979463460275
0.3333008581138321,-0.3388697172657395,0.39079085750651144,1790756038,360237171,0.13099999725818634,0.20978565314787578,-0.34380448721594575,0.4341572208472525,-1.5971788156113347
0.3368455160404455,-0.3392765141190257,0.3983261275743502,1790756038,410736693,0.13199999928474426,0.21074594691078447,-0.34367439100449965,0.43710185652154776,-1.5575196463836163
0.33741440370255427,-0.33960308870268524,0.4037912265580528,1790756038,460263528,0.13099999725818634,0.21131069942364214,-0.3435912259137597,0.43904671989408706,-1.5315931552450295
0.339140391467113,-0.33973235993060585,0.40631583211826566,1790756038,510288891,0.13199999928474426,0.211592000983037,-0.3435470800675205,0.4400923891715115,-1.5177326243715248
0.33853012054386167,-0.3398386891601056,0.40792957260007007,1790756038,560318560,0.13099999725818634,0.21172377150588753,-0.34352572736978493,0.4406030308581834,-1.510982632637024
0.3404660993022194,-0.3397823983851616,0.4074307401549307,1790756038,610156441,0.13300000131130219,0.2117237715058875,-0.3435257273697851,0.4406030308581833,-1.510982632637024
0.33853012054386167,-0.3398386891601056,0.40792957260007007,1790756038,660276991,0.13099999725818634,0.21172377150588753,-0.34352572736978493,0.4406030308581834,-1.510982632637024
0.3404660993022194,-0.33978239838516167,0.4074307401549307,1790756038,710123020,0.13300000131130219,0.2117237715058875,-0.3435257273697851,0.4406030308581833,-1.510982632637024
0.3394981099230405,-0.33981054377263337,0.4076801563775002,1790756038,760177264,0.13199999928474426,0.21172377150588753,-0.34352572736978476,0.4406030308581832,-1.510982632637024
0.3375621311646828,-0.33986683454757777,0.4081789888226397,1790756038,810266183,0.12999999523162842,0.21172377150588753,-0.34352572736978493,0.4406030308581834,-1.510982632637024
0.3424020780605771,-0.33972610761021726,0.40693190770979154,1790756038,864595178,0.13500000536441803,0.21172377150588753,-0.34352572736978493,0.4406030308581834,-1.510982632637024
0.3375621311646828,-0.3398668345475779,0.40817898882263964,1790756038,910304002,0.12999999523162842,0.2117237715058876,-0.34352572736978504,0.4406030308581833,-1.510982632637024
0.34210245686126217,-0.33953138990904563,0.4058016547291793,1790756038,961827527,0.13500000536441803,0.21161495015600934,-0.343415290891154,0.4401953657153563,-1.5165353406175042
0.33866008391087,-0.3392740828787791,0.4045822527862351,1790756039,10460100,0.13199999928474426,0.21141498065796704,-0.3432184172633629,0.4394695819415766,-1.5264422004156166
0.3360582647192145,-0.3383365608169573,0.3992843502858309,1790756039,60475529,0.13099999725818634,0.21080814393085665,-0.342661480635845,0.43742490078928825,-1.5545084049184115
0.33215193265019066,-0.33683046415683504,0.39077988750475706,1790756039,110889634,0.12999999523162842,0.20970873363322326,-0.3417700976631255,0.4341764518334946,-1.5996292743047067
0.32610527514206766,-0.3350378796478986,0.3808709284039834,1790756039,160528293,0.12800000607967377,0.20814084744766734,-0.34067667828193954,0.4302328500146122,-1.6554434738411707
0.3266378903780227,-0.3324954611203052,0.36550080513851135,1790756039,210351887,0.13500000536441803,0.20598332058173807,-0.3393907008665224,0.4256666750691337,-1.721823298768684
0.3171238092645977,-0.3304305984407564,0.3544797062642169,1790756039,260855326,0.13199999928474426,0.20345645010317953,-0.33809074075540074,0.42115094063227887,-1.7897852000033232
0.3119519978208877,-0.32807992195691665,0.3409634793514864,1790756039,310742606,0.13500000536441803,0.2006285116589381,-0.3368141084103884,0.4168304475533271,-1.8575399909233983
0.30179904593265955,-0.32610282748153696,0.3307200740946971,1790756039,360400820,0.13300000131130219,0.197498199534444,-0.3355564691119788,0.412701550352114,-1.9254576906165648
0.29391570384011945,-0.3238906484431347,0.3185156595717606,1790756039,410219258,0.13500000536441803,0.19405152626229366,-0.33431132063661184,0.4087573188879183,-1.9940404467591186
0.2835786895351501,-0.32187062693957946,0.30808121942569855,1790756039,460744197,0.13500000536441803,0.1902820724248724,-0.3330770352109189,0.40500984831225195,-2.063552382658271
0.27405634770050924,-0.3197995517121209,0.297063672137399,1790756039,510203345,0.13699999451637268,0.1863426382878005,-0.3318986539255369,0.40160512517961733,-2.131558926714249
0.2641665512408892,-0.3176859151533508,0.2857528866291548,1790756039,560304487,0.14000000059604645,0.18213479294627197,-0.3307409247720162,0.39844874956051113,-2.2001724020022175
0.25234322791056807,-0.3158424883235678,0.2767536299100033,1790756039,610356888,0.14100000262260437,0.17773379872070103,-0.3296215969938041,0.39560046402766275,-2.268462244462069
0.23912583800382645,-0.31415897147723604,0.26928306788958856,1790756039,660799762,0.14100000262260437,0.17304623678271513,-0.32851514368377543,0.39301013591275613,-2.3381340793706173
0.22557753814715106,-0.3126012274198885,0.26282041934585826,1790756039,710055818,0.14100000262260437,0.16824122534037395,-0.32745878493420777,0.3907766656099877,-2.4069692034364696
0.21167803984639044,-0.3110169480836751,0.2562717105301008,1790756039,760265459,0.1420000046491623,0.16319059934573196,-0.32642120992122875,0.38884500403711636,-2.477119675709669
0.1978382424126098,-0.309322628996059,0.2487812532328828,1790756039,810446314,0.14499999582767487,0.15801365861960004,-0.3254249887497781,0.38727210248329746,-2.5472141133337383
0.18246283771748317,-0.3081874181819464,0.2461110847673195,1790756039,860382103,0.14399999380111694,0.15273064215864054,-0.3244700037489583,0.3860641918040173,-2.6173277457918247
0.16750339757807667,-0.30671714045909204,0.24059060376415697,1790756039,910222040,0.1469999998807907,0.14735310311394706,-0.32355476177563686,0.3852262152378254,-2.6876462439672233
0.151263787277026,-0.3061599786954019,0.24303187958939818,1790756039,960666729,0.14300000667572021,0.14183855112624566,-0.3226694520522958,0.3847626247445552,-2.759056950079898
0.1356516658695442,-0.30481994355835657,0.23868094479398216,1790756040,10403740,0.1469999998807907,0.13635850498718757,-0.32183797128331243,0.3846908317049954,-2.8296898052398127
0.12036776114503221,-0.3043210360088757,0.24135674062786217,1790756040,60544021,0.14499999582767487,0.13103196913777904,-0.32107178987603446,0.3849906005035719,-2.8983668286313575
0.1060693289103823,-0.30396422306875254,0.24496221171150948,1790756040,110269671,0.14300000667572021,0.12595518279676107,-0.3203768828582623,0.3856184569447,-2.964149642105221
0.09026677271390676,-0.3033341673381958,0.24683420626150762,1790756040,160514980,0.14399999380111694,0.12047548227341476,-0.3196624423173912,0.3866799052217359,-3.035860871974072
0.07366981538282118,-0.3028179055037135,0.25011177795817763,1790756040,210220110,0.14499999582767487,0.11476808883919275,-0.31895494015826137,0.3882259583361857,-3.1117541503773793
0.05754018127455315,-0.30245162395376607,0.2545610944430637,1790756040,260666623,0.1459999978542328,0.10927380911069659,-0.31830633519860196,0.39016441024208925,-3.1864635892338287
0.04479386048660546,-0.3028608053900616,0.2653706885090648,1790756040,310702506,0.14100000262260437,0.10412485037711475,-0.3177251625498347,0.39241353665256884,-3.258453143848211
0.02956341653016918,-0.30264334384615504,0.27094559542187313,1790756040,361225639,0.14300000667572021,0.09906813645392379,-0.3171774605415629,0.3950699494764289,-3.3315867940581883
0.01660853704967115,-0.3028497558574707,0.2799748605605261,1790756040,410317509,0.1420000046491623,0.09432293345572414,-0.31668255163855935,0.3980135308024586,-3.40303493346972
0.0034406312518863447,-0.3030706144974585,0.2893318299594706,1790756040,460608837,0.1420000046491623,0.08967424439077593,-0.3162136417200201,0.4013810429009342,-3.4764425418324514
-0.00757937190216651,-0.3035719396640601,0.3010207876259931,1790756040,510347579,0.14000000059604645,0.08531526998210004,-0.3157863223026684,0.40504671964702593,-3.5492401540942984
-0.017560622069667964,-0.30414903170434726,0.31332066432685896,1790756040,560025599,0.1379999965429306,0.08124897397106513,-0.3153961525908428,0.4089980652524723,-3.6216820557772995
-0.02887436399816745,-0.3045709152374719,0.32434256918306703,1790756040,610141407,0.13899999856948853,0.07745580930239479,-0.315036850653829,0.4132546495999083,-3.6945015551065676
-0.03781188110713418,-0.3052308237712232,0.33741773957027243,1790756040,660883236,0.1379999965429306,0.07396705374041025,-0.3147067436541812,0.41778984737247604,-3.767559988154888
-0.04467591465014635,-0.30600027087468284,0.3512396898459972,1790756040,710791488,0.13600000739097595,0.07088782400442806,-0.3144115367003126,0.42244555284711055,-3.8388126859629716
-0.05126226139445862,-0.3067455838812268,0.3647564814704431,1790756040,760503953,0.13500000536441803,0.06817605924380431,-0.3141444549596167,0.427244446057792,-3.909162504920037
-0.056877865302006905,-0.30753820971772466,0.3786976057417638,1790756040,810850651,0.1340000033378601,0.06579402906774867,-0.3138978141943233,0.4322434987419116,-3.979828327965466
-0.061313476327898964,-0.3081542713092617,0.38959867867879194,1790756040,860089243,0.1340000033378601,0.06416730440964138,-0.31371648371310923,0.4362852544069211,-4.035417873348532
-0.06250414655840902,-0.30873704926029466,0.3990494048592991,1790756040,910417432,0.13199999928474426,0.06303219165088964,-0.3135788301631416,0.43956094343612806,-4.079647652254333
-0.06708148056602495,-0.3089529665803927,0.40368332866272016,1790756040,960324638,0.13500000536441803,0.062401814498976436,-0.31349661194321077,0.4416100083792419,-4.106998605001612
-0.0648737816381561,-0.30918877838567715,0.4068412396075306,1790756041,10711179,0.13199999928474426,0.06215333963122497,-0.31346267228276326,0.4424761116311943,-4.118494151924788
-0.06325390831430361,-0.3093164677703239,0.4084691272424649,1790756041,61220285,0.12999999523162842,0.06203914296799526,-0.3134467276033882,0.4428870152413822,-4.123935222625732
-0.06229011362359857,-0.30934823906536063,0.40873388077332035,1790756041,110214312,0.1289999932050705,0.06203914296799526,-0.3134467276033882,0.4428870152413822,-4.123935222625732
-0.06229011362359857,-0.30934823906536063,0.40873388077332035,1790756041,161037909,0.1289999932050705,0.06203914296799526,-0.3134467276033882,0.4428870152413822,-4.123935222625732
-0.06325390831430361,-0.3093164677703239,0.4084691272424649,1790756041,210398623,0.12999999523162842,0.06203914296799526,-0.3134467276033882,0.4428870152413822,-4.123935222625732
-0.06421770300500865,-0.30928469647528717,0.4082043737116095,1790756041,260528728,0.13099999725818634,0.06203914296799526,-0.3134467276033882,0.4428870152413822,-4.123935222625732
-0.06229011362359857,-0.30934823906536063,0.40873388077332035,1790756041,310056303,0.1289999932050705,0.06203914296799526,-0.3134467276033882,0.4428870152413822,-4.123935222625732
-0.06325390831430361,-0.3093164677703239,0.4084691272424649,1790756041,366165821,0.12999999523162842,0.06203914296799526,-0.3134467276033882,0.4428870152413822,-4.123935222625732
-0.06421770300500865,-0.30928469647528717,0.4082043737116095,1790756041,412098322,0.13099999725818634,0.06203914296799526,-0.3134467276033882,0.4428870152413822,-4.123935222625732
-0.06586108681552869,-0.30904653954277556,0.4066733691435152,1790756041,465817751,0.13300000131130219,0.062144181449196374,-0.31334632375753557,0.442522546274778,-4.1189212439529435
-0.06443477327486352,-0.3088002631891384,0.40534836712612077,1790756041,510335360,0.13199999928474426,0.06231640050950892,-0.31318553559753526,0.44193947453434845,-4.110885062736104
-0.06381479875979901,-0.3078738353107952,0.3999646769590794,1790756041,561041994,0.13300000131130219,0.06290002743788844,-0.3126705738024734,0.4400813127893518,-4.085143844680415
-0.0629395311998169,-0.3063971500471738,0.391333354552844,1790756041,610597708,0.13500000536441803,0.06391655471376326,-0.31186355461110604,0.43718805263518545,-4.044627613880669
-0.057739423091233616,-0.3045693018408996,0.38105092784204736,1790756041,660489710,0.1340000033378601,0.06547995116501798,-0.31078306874450046,0.4333421871815587,-3.9898129419294457
-0.0517052218197076,-0.3023155336995925,0.36833052841415304,1790756041,710035795,0.1340000033378601,0.06769225568708528,-0.3094717669889524,0.4287377430881444,-3.9224179356133035
-0.04374522628358382,-0.3001089409534723,0.35619934750497695,1790756041,760124761,0.13300000131130219,0.07029574140500731,-0.3081408785720747,0.4241636470713447,-3.853047532534765
-0.03892617360832969,-0.29759921614627954,0.3416288050579541,1790756041,810273810,0.13699999451637268,0.0732765768914242,-0.3068070095979784,0.4196977349694559,-3.7823533854753077
-0.02981131399613661,-0.2954046675153566,0.32972419068207365,1790756041,860480266,0.13699999451637268,0.07657033017896969,-0.3054999394486584,0.41545650527044753,-3.711736288720277
-0.019172748488314448,-0.2933751722388945,0.319203230634446,1790756041,910619806,0.13600000739097595,0.08015067369474915,-0.3042251191858702,0.4114699010384344,-3.6413629587654084
-0.012023550256026735,-0.290943156844398,0.30520786191516047,1790756041,960558901,0.14100000262260437,0.08398213394532518,-0.3029896665635574,0.407769019007848,-3.57149831672424
4.368722045708373e-05,-0.2891055061252489,0.2962202590889033,1790756042,10280301,0.14000000059604645,0.0880397925785782,-0.3017951543446126,0.4043667266075618,-3.5021465451023226
0.011491730195957103,-0.28718470023292636,0.2865127561508097,1790756042,60169257,0.14100000262260437,0.09232373917438391,-0.3006363206810532,0.4012569977117939,-3.4329168696195556
0.023120272555187907,-0.28525701529357045,0.2767358014986708,1790756042,110236565,0.14300000667572021,0.09681429280417247,-0.299514273425943,0.3984523734161594,-3.3637772338300174
0.03660382367232354,-0.28376228719109825,0.2705113237840133,1790756042,160342281,0.1420000046491623,0.10139347301041168,-0.298451935848111,0.39601238705179287,-3.2961186898078503
0.0496884186921794,-0.28230768729843125,0.2644661318669953,1790756042,210247903,0.1420000046491623,0.10601373079996515,-0.29745149174910007,0.3939347602025213,-3.230155926283629
0.06174792771243941,-0.2802414506936642,0.2534656051584747,1790756042,260377416,0.14800000190734863,0.11097692643375814,-0.2964459462270535,0.39209431998329003,-3.1613301000150824
0.0774835900134369,-0.27912142654931194,0.2507394537565458,1790756042,310159677,0.1459999978542328,0.1162031709380009,-0.2954546750619107,0.3905608341655799,-3.090613570709025
0.0918265282087967,-0.2774700860362013,0.2433590496483684,1790756042,360606958,0.15000000596046448,0.12145105332404454,-0.2945208055725005,0.38941267768659926,-3.020964211239418
0.10735115696391133,-0.27689154437519153,0.244898496189874,1790756042,410392599,0.1459999978542328,0.1265608013688591,-0.2936642881956382,0.388654066516749,-2.9540801779421693
0.12247925608735667,-0.2761966497984903,0.24550081315299618,1790756042,460576241,0.14399999380111694,0.1317623550460449,-0.2928405968656372,0.3882341355219193,-2.8866004816437667
0.13741243796189054,-0.2750415926450849,0.242152245759646,1790756042,510698568,0.1469999998807907,0.13698464977472466,-0.29205809425620344,0.3881633947693644,-2.8191466409254025
0.15239622271493874,-0.27413237886488473,0.24078780070549083,1790756042,559976171,0.14900000393390656,0.14211004583977013,-0.2913298583111899,0.3884341431535543,-2.752935269947361
0.16719605611298435,-0.27390286060911945,0.24538697134009596,1790756042,610320702,0.1459999978542328,0.14731425696208295,-0.2906275451164504,0.3890567258609743,-2.6853931738096977
0.18153466134862112,-0.2736737657745549,0.2499345086123854,1790756042,660268093,0.14399999380111694,0.1524269453361679,-0.2899714036732875,0.3900170774144383,-2.6184255870895994
0.1962168359976016,-0.2732167400764142,0.2525231463011207,1790756042,710259512,0.14499999582767487,0.15747098454761058,-0.28935463276361184,0.3913155315571478,-2.5514373646693924
0.21064821115028504,-0.2728766664689651,0.25606162539700106,1790756042,760264756,0.1459999978542328,0.16238298426220282,-0.28878130261907287,0.39293203781623287,-2.4849881101293207
0.22482608852593963,-0.27264971443686015,0.2605449377435802,1790756042,810467962,0.1469999998807907,0.16716369081110027,-0.28824749504695685,0.394860823232853,-2.41879649761635
0.23645345880489665,-0.27294381074482227,0.26927827283832195,1790756042,860492604,0.14399999380111694,0.17164408653811294,-0.2877675684696319,0.39701237043181226,-2.355023445164674
0.24895899185911297,-0.2729093896232912,0.2749768409800385,1790756042,910502245,0.14499999582767487,0.1758435768592222,-0.2873344775774493,0.39935952352441156,-2.2933334629426123
0.2607996515917032,-0.27317116098986993,0.2836320677358227,1790756042,960563378,0.14399999380111694,0.18016354498050033,-0.28690476662963965,0.4021445337528613,-2.2274625246326423
0.2724996301137532,-0.2735292756068947,0.2933994616658004,1790756043,10003156,0.14300000667572021,0.18447303126520898,-0.28649062015320503,0.40534732163625864,-2.1586832648865646
0.28465832302192756,-0.2737968111881273,0.3023053735900647,1790756043,60477679,0.14399999380111694,0.18851222516674285,-0.28611422821770965,0.40879578310971265,-2.0906821841255736
0.29287301105720676,-0.27446068504308346,0.31432097534434794,1790756043,110068829,0.14100000262260437,0.19213677375833466,-0.2857847061284843,0.4123259638954272,-2.0259270052999554
0.30259061229019707,-0.27495053331365704,0.3249334385474148,1790756043,160703610,0.14100000262260437,0.19558399626362835,-0.28547686358132135,0.41614627337460885,-1.9600917321063314
0.3121629101690022,-0.275427049339162,0.3352591582952581,1790756043,210207353,0.1420000046491623,0.19869619212835693,-0.2852016009169989,0.42007521431591394,-1.8959819206297908
0.31868304539891623,-0.2761736707832912,0.3480112633170006,1790756043,260355328,0.14000000059604645,0.20158938352535696,-0.2849449018508968,0.42424865585827426,-1.8310445318536588
0.3251255421645146,-0.2768921666097904,0.36048823921685297,1790756043,310224441,0.13899999856948853,0.20419541421314735,-0.2847097563563623,0.428574868201831,-1.766474613768278
0.33156219377699603,-0.27759385327146774,0.3727443007281961,1790756043,360234259,0.13899999856948853,0.20649959823305786,-0.284496760510692,0.433016157093981,-1.7025117396933176
0.3353014046533419,-0.27842001744417244,0.38601506486384907,1790756043,410359381,0.13699999451637268,0.208500474450406,-0.2843032629229455,0.437550586786042,-1.6391553983622977
0.3401813655659808,-0.2790037106284918,0.3960709173221474,1790756043,460373310,0.1379999965429306,0.20992125902330147,-0.28415443599710927,0.44134534407186754,-1.5873599939715934
0.3429186886323796,-0.2795130680285125,0.4044462915995432,1790756043,510565267,0.1379999965429306,0.21090394680707547,-0.28404164417071914,0.4443912410271166,-1.5464516244922908
0.3434807152056423,-0.27986502480269765,0.4099649720070351,1790756043,560570464,0.13699999451637268,0.2114512580087842,-0.28397357813112534,0.4463014649492085,-1.5210544540860056
0.3431311269641839,-0.28003311440102274,0.41249864933767394,1790756043,610219633,0.13600000739097595,0.21167351816020435,-0.28394421555236427,0.44713392594504875,-1.51004252702447
0.3424552695020653,-0.28012928796669745,0.4138634703595429,1790756043,660317552,0.13500000536441803,0.21177921278732648,-0.28392990973800253,0.447543210917195,-1.5046401023864746
0.3434232422157299,-0.28010113515690144,0.4136139903041853,1790756043,710472036,0.13600000739097595,0.21177921278732648,-0.28392990973800253,0.447543210917195,-1.5046401023864746
0.3424552695020653,-0.28012928796669745,0.4138634703595429,1790756043,760461715,0.13500000536441803,0.21177921278732648,-0.28392990973800253,0.447543210917195,-1.5046401023864746
0.3414872967884006,-0.28015744077649346,0.4141129504149006,1790756043,810288254,0.1340000033378601,0.21177921278732648,-0.28392990973800253,0.447543210917195,-1.5046401023864746
0.3434232422157299,-0.28010113515690144,0.4136139903041853,1790756043,860575044,0.13600000739097595,0.21177921278732648,-0.28392990973800253,0.447543210917195,-1.5046401023864746
0.3434232422157299,-0.28010113515690144,0.4136139903041853,1790756043,910417472,0.13600000739097595,0.21177921278732648,-0.28392990973800253,0.447543210917195,-1.5046401023864746
0.3424552695020653,-0.28012928796669745,0.4138634703595429,1790756043,962527120,0.13500000536441803,0.21177921278732648,-0.28392990973800253,0.447543210917195,-1.5046401023864746
0.3443912005055063,-0.28007298276661413,0.41336451396636265,1790756044,11055341,0.13699999451637268,0.21177921278732648,-0.28392990973800253,0.447543210917195,-1.5046401023864746
0.34416944861079746,-0.2799270475715277,0.4125260777334027,1790756044,61295186,0.13699999451637268,0.21169943011176076,-0.283846844998489,0.4472439101035639,-1.508732446968063
0.342781020128208,-0.2796842325808255,0.4112234040673757,1790756044,110786660,0.13600000739097595,0.2115470345053035,-0.2836918100746588,0.4466858116351613,-1.5163753831696611
0.342373109521377,-0.2788222949689235,0.40619402638815355,1790756044,160206559,0.13699999451637268,0.21105270560956713,-0.2832170522834328,0.44498366575321874,-1.5397902091929456
0.3389009303373336,-0.2774863815073025,0.3986816610735857,1790756044,210326432,0.13600000739097595,0.21014254582291728,-0.28243265020639174,0.44218815315855653,-1.5786171629994061
0.3389619127982879,-0.2755896455463021,0.3874047271656701,1790756044,260229518,0.14000000059604645,0.20881698582624383,-0.28143820638088085,0.4386696516901297,-1.628246417038181
0.33287523612644176,-0.273547979589489,0.3759823829076475,1790756044,310364086,0.13899999856948853,0.20697215570833746,-0.28024588722514393,0.43450205461600905,-1.6883599849994113
0.32692952675208675,-0.2714760759248173,0.364379590939085,1790756044,360275199,0.13899999856948853,0.2048446699559163,-0.27905189697850075,0.4304015136522182,-1.7492415544048472
0.32187437407829117,-0.26929809210378036,0.3519479166905438,1790756044,410081720,0.14100000262260437,0.2024290133657215,-0.27785696514107944,0.42638280257176187,-1.8109783372512709
0.31509982815093573,-0.26719581931433084,0.3402309277858332,1790756044,460556057,0.1420000046491623,0.19973844390376388,-0.27667012060940194,0.4224865656467646,-1.8732615292347612
0.30536641550116,-0.2653858117016602,0.3309479237774905,1790756044,510479522,0.14000000059604645,0.19684956642572604,-0.2755212424597886,0.4188192312502923,-1.9346057552714488
0.30137408115679787,-0.26310474177220255,0.3173431756246241,1790756044,560616738,0.1459999978542328,0.19385289576956655,-0.27443513932593677,0.41545951553615434,-1.9936954615832072
0.29399808619827394,-0.2612374404107519,0.3070317440643953,1790756044,610325749,0.14800000190734863,0.19081207803115163,-0.2734203842406796,0.412427304515235,-2.0499969938582248
0.2831916038902581,-0.25953590470505117,0.2986398743158909,1790756044,660434271,0.1469999998807907,0.18732284734919008,-0.2723439281816038,0.4093382754734775,-2.1110282419144317
0.27303256409442206,-0.2575336137970234,0.288052754156279,1790756044,710497431,0.14900000393390656,0.18340092907288097,-0.2712261248366639,0.4062884776796657,-2.1760090685000772
0.2625380208864782,-0.2556630918421018,0.2783583935333699,1790756044,760364331,0.1509999930858612,0.17943384999835665,-0.27017777287585454,0.4035942459376093,-2.2386461813968968
0.251135987199944,-0.2539998096836469,0.27029710296750076,1790756044,810642881,0.15199999511241913,0.17539806246110307,-0.26918285161644945,0.4012063864736596,-2.2998166333402783
0.23970849555174356,-0.2523198919857258,0.2620562466645345,1790756044,860733930,0.15399999916553497,0.17123930617916827,-0.26822240440418404,0.3990784344606282,-2.360677276942866
0.2265381596744575,-0.2510377528041308,0.25722591050513455,1790756044,910791914,0.15299999713897705,0.16696100498512892,-0.26729397855529013,0.3972091126687447,-2.421423394641433
0.21497284585384152,-0.24946326884868159,0.2496444629123325,1790756044,960863742,0.15600000321865082,0.1627350646462544,-0.2664291766395544,0.3956560144812372,-2.479927472618473
0.20194033679029808,-0.24856235388146478,0.24761320226770636,1790756045,10636753,0.15399999916553497,0.1585966901887164,-0.2656271405602653,0.39439917263909097,-2.536060186445258
0.1880856910301476,-0.2476848227896219,0.2461539410241661,1790756045,60063050,0.15199999511241913,0.15410878446945647,-0.26480247825999037,0.3933156011328346,-2.5959137745220926
0.17381888975234866,-0.2463724047198402,0.2414484263324021,1790756045,110332970,0.15399999916553497,0.14918340715464434,-0.2639461677406704,0.3924459613899344,-2.6606725480753584
0.15953319296158225,-0.24543287282340098,0.2396842814247973,1790756045,160471316,0.15399999916553497,0.14440130989850863,-0.26315903868063056,0.39191045822088,-2.7228991698399314
0.14600933365876384,-0.24417261900829013,0.23485814047862139,1790756045,209965493,0.15800000727176666,0.13982184728242317,-0.26244261064461955,0.3916762667135352,-2.782129066736928
0.1317487999915688,-0.24379864722626216,0.237795196930367,1790756045,260798285,0.1550000011920929,0.13510796102689335,-0.2617403093914912,0.39171664821457347,-2.84295600651659
0.1181423508461229,-0.2433112949689614,0.23956101040184796,1790756045,310057017,0.15399999916553497,0.1305460206002327,-0.2610921397367479,0.3920273682614087,-2.9018960257567294
0.1041871726853297,-0.24267842884668667,0.24018345990364898,1790756045,360329974,0.1550000011920929,0.12592157830236445,-0.26046460583006953,0.392617930711071,-2.961932534451965
0.0907154344810676,-0.24237392246175896,0.24357568593797355,1790756045,410377579,0.15399999916553497,0.1213650552057061,-0.2598735084131299,0.39347687000251375,-3.0215893123268134
0.07668280644703057,-0.2418233861276931,0.24488600378354122,1790756045,460629832,0.15600000321865082,0.11684011026556064,-0.25931164964963843,0.39461092686995436,-3.081558331957807
0.06364964813847696,-0.24170615713250213,0.2498683315053093,1790756045,510561418,0.1550000011920929,0.11241033597877458,-0.2587844892266766,0.3960043170248621,-3.1412084066630235
0.05098377242928279,-0.2416765684695363,0.2555961037509392,1790756045,560533560,0.15399999916553497,0.10806526368373194,-0.2582882354208057,0.3976586097835062,-3.200886370440099
0.03964696470306134,-0.2419420751136633,0.26380919243785755,1790756045,610270886,0.1509999930858612,0.1038433950993995,-0.2578247424912315,0.39955733096384904,-3.260265903974924
0.02781684082574158,-0.24196790868603105,0.26982845150569335,1790756045,660857973,0.1509999930858612,0.09983133354880562,-0.2574004433947793,0.40164934371263133,-3.318270222815241
0.016810319241227556,-0.2420672835779315,0.2762352829623348,1790756045,711331885,0.1509999930858612,0.09609863797873033,-0.257019063138717,0.40387071970180766,-3.373924271188432
0.004031556483179488,-0.24195965495545296,0.2810968422503894,1790756045,760146921,0.15399999916553497,0.09234859270806689,-0.2566481601365634,0.40639787445276665,-3.431838623952438
-0.0058541835515875384,-0.2425259203853703,0.2922506373760948,1790756045,810427249,0.1509999930858612,0.08841254305917016,-0.25627109236668905,0.4094080204692092,-3.4952703259529323
-0.016514909317384155,-0.24287666788911438,0.3013396962964783,1790756045,860513353,0.1509999930858612,0.08479713528280436,-0.25593483910144876,0.41254379557096055,-3.5565089545993267
-0.025495272914683273,-0.24336574495270566,0.31135574993423065,1790756045,910075392,0.15000000596046448,0.08150972420597037,-0.2556364711520962,0.4157557578743064,-3.61529769411225
-0.033174117112626036,-0.24399249865827735,0.3225986873789401,1790756045,960443673,0.14800000190734863,0.07838073599008359,-0.25535787289179096,0.41919239101608335,-3.6747293174735933
-0.04236219757234329,-0.24443872825225446,0.3322223628141448,1790756046,10394417,0.14900000393390656,0.07549519056327703,-0.255104288984518,0.4227590020737303,-3.7333787168290984
-0.050207305416023834,-0.24502033393316494,0.3430126249356261,1790756046,60313604,0.14900000393390656,0.0728113156057641,-0.2548695404838553,0.42650162531605784,-3.7922419823886226
-0.05571935911305566,-0.24577807036975421,0.3553151353688063,1790756046,110252033,0.1469999998807907,0.07033885850547904,-0.2546521896183559,0.43041224412375245,-3.8513651286323594
-0.06052929632249364,-0.2465720048645238,0.3679946731075883,1790756046,160985435,0.14499999582767487,0.06806631753291408,-0.2544499652252173,0.43452364895820506,-3.9113884145232825
-0.0643631874393421,-0.24736598098401294,0.3804862486272969,1790756046,210305214,0.14300000667572021,0.06609534150430593,-0.25426960049426184,0.43864047609850565,-3.9697031357289116
-0.06864452342764474,-0.2479850626190786,0.39069540780829076,1790756046,260290865,0.14300000667572021,0.06458960269169733,-0.2541241735658948,0.4422704101180722,-4.0199108664699255
-0.07275591314524267,-0.2484791161654658,0.3990118822326089,1790756046,310121914,0.14399999380111694,0.06347565042891616,-0.25400915245415684,0.4453409012110786,-4.061642654431769
-0.07295406128121631,-0.24895431596698023,0.40606777539089756,1790756046,360294648,0.1420000046491623,0.06273618974885309,-0.25392773557438364,0.4476300442554285,-4.092379980367787
-0.07417492482674745,-0.24921010328695864,0.41015780105427463,1790756046,410309234,0.1420000046491623,0.06230404068430546,-0.2538773298008188,0.4490899251944146,-4.111834381028178
-0.07763803698338938,-0.24924171591445754,0.41138528667369473,1790756046,461198545,0.14499999582767487,0.0621015104696787,-0.2538528887830292,0.4498117717121889,-4.121414869552135
-0.07572121119411855,-0.24930773592426175,0.41195353729614537,1790756046,510407323,0.14300000667572021,0.062097777454604056,-0.2538524359678529,0.4498253471104793,-4.121594943198938
-0.07379886855795861,-0.2493724753262306,0.4125019682130546,1790756046,560452622,0.14100000262260437,0.06209593061141317,-0.2538522118693461,0.4498320667770128,-4.1216840744018555
-0.07379886855795861,-0.2493724753262306,0.4125019682130546,1790756046,610583255,0.14100000262260437,0.06209593061141317,-0.2538522118693461,0.4498320667770128,-4.1216840744018555
-0.07379886855795856,-0.24937247532623072,0.4125019682130546,1790756046,660526322,0.14100000262260437,0.06209593061141321,-0.2538522118693462,0.44983206677701276,-4.1216840744018555
-0.07669023870782338,-0.24927716206480197,0.411707713147084,1790756046,710281241,0.14399999380111694,0.06209593061141317,-0.2538522118693461,0.4498320667770128,-4.1216840744018555
-0.07379886855795856,-0.24937247532623072,0.4125019682130546,1790756046,763315539,0.14100000262260437,0.06209593061141321,-0.2538522118693462,0.44983206677701276,-4.1216840744018555
-0.07476266339512452,-0.24934070408127867,0.41223721520935797,1790756046,812642345,0.1420000046491623,0.06209593061141321,-0.2538522118693462,0.44983206677701276,-4.1216840744018555
-0.07256768437843852,-0.24924045016574287,0.41182365692108164,1790756046,862871052,0.14000000059604645,0.062191567556015646,-0.2537595883301875,0.44950019571128874,-4.11711606804781
-0.07594438438932313,-0.2488294876586744,0.4091154418950471,1790756046,910536049,0.14399999380111694,0.06235785904903407,-0.25360209398683414,0.4489364150558767,-4.109342486175943
-0.07169127765412475,-0.2481505878171476,0.40546838521053447,1790756046,961321378,0.14100000262260437,0.06284598391372884,-0.2531623509510274,0.4473683639657471,-4.087626991510355
-0.07131247767815815,-0.24689924783602823,0.39808292275712226,1790756047,10287128,0.14300000667572021,0.06365185820437672,-0.25249802990083503,0.4450114171761117,-4.05470297480819
-0.06689949982850023,-0.24534934426560429,0.3893067835240632,1790756047,60951679,0.1420000046491623,0.06487873688272182,-0.2515984775340212,0.44183721263935605,-4.00975044838271
-0.06496265066197743,-0.2433385993428536,0.37743940624531036,1790756047,110224642,0.14499999582767487,0.06652441010131557,-0.2505396814043,0.43813780868722096,-3.9563075181716783
-0.058895987039293066,-0.2415836504622137,0.36762065363513735,1790756047,160577933,0.14399999380111694,0.06833057797818028,-0.2495129926184844,0.43460218020437236,-3.9039433246545427
-0.056974988387456474,-0.23967196253832515,0.3561892655255049,1790756047,210073712,0.14800000190734863,0.07020573383687274,-0.24855524814375016,0.431356756476884,-3.8545473958922694
-0.0485303068531599,-0.23791759568889934,0.3467421365983266,1790756047,260359401,0.1459999978542328,0.072538637364117,-0.24747897456117207,0.4277784874145543,-3.798296472317894
-0.03972594731464457,-0.23599590974341542,0.33637140899862905,1790756047,310124163,0.14499999582767487,0.07531690061186454,-0.2463228359931037,0.424026965155768,-3.7368810746728087
-0.034779144520886957,-0.2339048801557362,0.32411284222061565,1790756047,360398064,0.14900000393390656,0.0780956574346582,-0.24527175216667974,0.4207103291262668,-3.6800185553093647
-0.024758008406746274,-0.23255614417490805,0.31764781560629796,1790756047,410353743,0.1459999978542328,0.08078284903055268,-0.24433479140019973,0.41783958300451207,-3.6283957687478594
-0.01799727957877617,-0.23065857707724455,0.3068855853213563,1790756047,460327005,0.14900000393390656,0.08383869601584162,-0.24334659040753615,0.41491081184149337,-3.5728839380247717
-0.007326954067074301,-0.22905139869019508,0.29893707002376646,1790756047,510268424,0.14800000190734863,0.0872713838460867,-0.24231739873948344,0.41198205342123917,-3.5137713230979246
0.0010783823875654963,-0.22719401150974988,0.28868630671057793,1790756047,560433511,0.1509999930858612,0.09077293503134391,-0.2413412119949001,0.4093334859415718,-3.45632380268983
0.011932531246590425,-0.22583687708911016,0.2824576154597883,1790756047,610011651,0.15000000596046448,0.09426849978470551,-0.24042950456210285,0.4069881149226282,-3.401308190203422
0.021769618249021072,-0.22422715216897549,0.2741665777221472,1790756047,660629230,0.15199999511241913,0.09796152440790008,-0.23952492290698724,0.40479877191829183,-3.345263511153594
0.03368375405158956,-0.22312516452726197,0.270068109811814,1790756047,710077296,0.15000000596046448,0.10167904550863124,-0.23866729507147624,0.40286526454774174,-3.2906260888281134
0.043174405098156066,-0.22133110263698758,0.2601821324645994,1790756047,760642133,0.1550000011920929,0.10559854796369823,-0.23781369869370025,0.4010954064464441,-3.234615378322855
0.05537675287305626,-0.22026092765124147,0.2563873477099797,1790756047,810264931,0.15399999916553497,0.10954913540347237,-0.23699995416818193,0.3995696011676907,-3.179521948202535
0.0673428670607468,-0.21903153474706524,0.2513207251439743,1790756047,860878111,0.1550000011920929,0.1136555144951708,-0.23619852883644565,0.39824054467523673,-3.123436469680795
0.07980064639118374,-0.21813046989878304,0.24891789586360752,1790756047,910279205,0.15399999916553497,0.11772635076584953,-0.2354442829892628,0.39716725527854113,-3.068790826853053
0.09186965010300899,-0.21721563936105043,0.2462806127400531,1790756047,960469283,0.15399999916553497,0.12176705879823235,-0.2347316555903267,0.3963317169404264,-3.0152893642280283
0.1031581551147002,-0.21606390717927668,0.24140427216418567,1790756048,10447600,0.15700000524520874,0.12569063872649375,-0.23407119595701834,0.395731931318839,-2.9638759499504235
0.11595061837816453,-0.2151558037276662,0.23899165885884036,1790756048,60620353,0.15800000727176666,0.1299482466788413,-0.23338694711539903,0.39531086468656434,-2.9085129240687198
0.12976038940158288,-0.21487391915582305,0.24222756833711898,1790756048,110316781,0.15399999916553497,0.1344531607733363,-0.23269678419783485,0.39512074386019935,-2.850222018785879
0.14287963441884122,-0.21423829367790917,0.24227338534606152,1790756048,160223738,0.15399999916553497,0.1388455041535894,-0.2320549866418203,0.3951860760810606,-2.793487570099072
0.15567602567217995,-0.21370114811816904,0.2430307519847547,1790756048,210465769,0.15399999916553497,0.14312975935021538,-0.2314565724355134,0.3954884046351683,-2.73806821680908
0.16838700677393909,-0.21324737453250275,0.24448637020295289,1790756048,260528207,0.15399999916553497,0.14738545805154912,-0.2308874464024402,0.3960243606827969,-2.6827683131633093
0.18076524698453666,-0.21298981455526647,0.24760282833156116,1790756048,310343617,0.15299999713897705,0.15159354279536924,-0.23034798649836957,0.3967896396320926,-2.6276688844705443
0.19288719795617004,-0.2128099152472518,0.25137519621474885,1790756048,360171341,0.15199999511241913,0.15575180712533948,-0.22983645257704013,0.3977823623254766,-2.572636740259085
0.20564151037217376,-0.21237415095672244,0.2529485873411127,1790756048,410136325,0.15399999916553497,0.1598584183678853,-0.22935114353176886,0.3990023101715098,-2.5175276508221405
0.21739648963467947,-0.2122428096774117,0.25699991817632484,1790756048,460736487,0.15399999916553497,0.1637940016379691,-0.22890364553010156,0.4004055999753282,-2.463812147819761
0.22829851784162847,-0.21218553371595636,0.26140141816602624,1790756048,510432841,0.15399999916553497,0.16744405398608894,-0.22850330722259188,0.40192353115763246,-2.4130209083066956
0.24032055844470807,-0.21209224414558314,0.2659095881837981,1790756048,560560464,0.1550000011920929,0.1713202059826788,-0.22809297122332722,0.40377883226183053,-2.3578376715860117
0.2512442457725195,-0.21238514932643093,0.27402856557608946,1790756048,610124040,0.15299999713897705,0.1752927534278405,-0.2276873109933003,0.40596117634182904,-2.2996592828470352
0.26416827644844376,-0.2122580567159171,0.2784501658033487,1790756048,660753443,0.15600000321865082,0.17908837998966215,-0.22731307551428057,0.4083376503111449,-2.2422048713550424
0.27232126909260396,-0.21286423349914607,0.28893717371922367,1790756048,710625232,0.15199999511241913,0.18257860480726065,-0.2269797800226818,0.41080186945792196,-2.1874128904058177
0.28226374190695713,-0.2131492799379563,0.29665562269178025,1790756048,760570318,0.15199999511241913,0.18593649934842263,-0.22666825870326646,0.4134558712719429,-2.1325432061349923
0.29039853079817934,-0.21366488622984742,0.3063499709542786,1790756048,810406163,0.15000000596046448,0.18913985070907494,-0.2263786752491251,0.4162819547602897,-2.0777962444930766
0.30266490923220774,-0.21364676038485675,0.31127625905813683,1790756048,860423184,0.1550000011920929,0.19210388582171473,-0.22611658476835023,0.4191917998843684,-2.0245772006904277
0.3070844434008791,-0.2144707136771317,0.32332293625206604,1790756048,910401743,0.15000000596046448,0.1948247329831917,-0.22588019828886102,0.4221540187411851,-1.973055113038618
0.3151472462492062,-0.21497439162875834,0.33294852743643377,1790756048,960360422,0.15000000596046448,0.1975719091654828,-0.2256446486857889,0.4254806165305695,-1.917802974685238
0.32397515141038086,-0.21550138950846334,0.3431265447941742,1790756049,10556388,0.1509999930858612,0.2003005784611352,-0.2254122396326237,0.4291926412989436,-1.8588089607568081
0.3283124787671079,-0.2162843896533219,0.35512371128937226,1790756049,60675771,0.14800000190734863,0.20263596977763962,-0.22521266716436705,0.43277486397547893,-1.8040586350697663
0.33668139469093733,-0.21669390330841098,0.36345429428415216,1790756049,110245467,0.1509999930858612,0.20461075661791156,-0.22504171650983631,0.4361774576206578,-1.7536963212359715
0.3433992809439854,-0.21733212792834614,0.3742337466766416,1790756049,160550563,0.15199999511241913,0.20658418203793194,-0.22486787029716737,0.44002766594318937,-1.6983109750871195
0.348889957939326,-0.21810462448405632,0.3864705835387223,1790756049,210126037,0.15199999511241913,0.20843813215971696,-0.22469828926267113,0.4442097100833545,-1.6397471974569924
0.352005595636513,-0.21881825130579335,0.39733244384858685,1790756049,259999151,0.1509999930858612,0.2098071646881179,-0.224563863003299,0.44780612108698636,-1.5904777289033647
0.3558889916184116,-0.2193501694160082,0.4057878348996828,1790756049,310340006,0.15199999511241913,0.21079902065852896,-0.22445789576907485,0.4508079412138404,-1.5499984130430369
0.3566958021014427,-0.21976941695777008,0.41200530058335816,1790756049,360500232,0.1509999930858612,0.21139506778937145,-0.22438939677250658,0.452838501618967,-1.5229005181882456
0.35855343442380294,-0.21995263665106088,0.41499318092900267,1790756049,410650606,0.15199999511241913,0.21169658110411604,-0.2243528137173956,0.45395087065773665,-1.5081424778609231
0.35993521046076704,-0.2200279118598796,0.4163167075481623,1790756049,463174171,0.15299999713897705,0.21183589080309753,-0.22433537452998467,0.45448785380823753,-1.5010385753286017
0.3541310757798256,-0.22019772733925222,0.417827740653202,1790756049,510180869,0.1469999998807907,0.21183716859786914,-0.22433519955708248,0.45449278214359046,-1.5009733781467252
0.3570369697207336,-0.22011376410436997,0.41708688724139437,1790756049,560597540,0.15000000596046448,0.21183783033660575,-0.22433510892927686,0.4544953349252692,-1.5009396076202393
0.35606897353494105,-0.2201419064591164,0.41733627738811285,1790756049,610474950,0.14900000393390656,0.21183783033660575,-0.22433510892927686,0.4544953349252692,-1.5009396076202393
0.3541329811633559,-0.22019819116860928,0.41783505768154994,1790756049,660796435,0.1469999998807907,0.21183783033660575,-0.22433510892927686,0.4544953349252692,-1.5009396076202393
0.3570369697207336,-0.22011376410436997,0.41708688724139437,1790756049,710297964,0.15000000596046448,0.21183783033660575,-0.22433510892927686,0.4544953349252692,-1.5009396076202393
